coach_id,coach,team,season,attributed,reason,games,wins,losses,ties,expected_wins,wins_above_expected,elo_change,season_coe2
250200058936,Al Golden,Temple,2006,1,,12,1,11,0,2.2009211519495953,-1.2009211519495953,-129.76231175784915,4.636261
250200058936,Al Golden,Temple,2007,1,,12,4,8,0,3.0387526531777493,0.9612473468222507,54.849514725500285,13.802608
250200058936,Al Golden,Temple,2008,1,,12,5,7,0,4.256169869377553,0.7438301306224471,11.656038504230992,17.288409
250200058936,Al Golden,Temple,2009,1,,12,9,3,0,6.701864635968275,2.298135364031725,94.51865794716718,24.763215
250200058936,Al Golden,Temple,2010,1,,11,7,4,0,6.228867162325098,0.7711328376749016,9.420631295321073,19.320586
250200058936,Al Golden,Miami (FL),2011,1,,11,5,6,0,5.550072173142304,-0.5500721731423042,-68.844815455878,15.04538
250200058936,Al Golden,Miami (FL),2012,1,,11,6,5,0,4.661198721475026,1.3388012785249739,-16.115075433502625,18.052587
250200058936,Al Golden,Miami (FL),2013,1,,12,8,4,0,6.32670805390884,1.67329194609116,9.937844720294152,22.444416
250200058936,Al Golden,Miami (FL),2014,1,,12,5,7,0,5.697362295413822,-0.6973622954138223,-8.439555300685925,14.114668
250200058936,Al Golden,Miami (FL),2015,1,,12,7,5,0,4.72065790569245,2.27934209430755,38.87461247208216,21.310266
533310261824,Al Groh,Wake Forest,1981,1,,10,3,7,0,3.761779059012861,-0.761779059012861,-179.30856554462616,
533310261824,Al Groh,Wake Forest,1982,1,,9,1,8,0,2.1287890791267827,-1.1287890791267827,-163.7177295672584,
533310261824,Al Groh,Wake Forest,1983,1,,8,2,6,0,1.936841617711773,0.0631583822882269,-25.249042854667323,
533310261824,Al Groh,Wake Forest,1984,1,,8,3,5,0,2.413147090105143,0.5868529098948572,48.20628659218323,
533310261824,Al Groh,Wake Forest,1985,1,,8,1,7,0,2.1572839431137263,-1.1572839431137263,-61.66368473835746,2.961773
533310261824,Al Groh,Wake Forest,1986,1,,9,3,6,0,3.301008823706244,-0.30100882370624404,46.65373288089381,10.855594
533310261824,Al Groh,Virginia,2001,1,,11,4,7,0,3.8008812963253487,0.19911870367465134,-79.15982388670409,12.835205
533310261824,Al Groh,Virginia,2002,1,,14,9,5,0,6.347163958135804,2.6528360418641963,216.16059713577556,26.516661
533310261824,Al Groh,Virginia,2003,1,,13,8,5,0,7.18236706364426,0.8176329363557402,-54.40839516346068,22.563992
533310261824,Al Groh,Virginia,2004,1,,12,8,4,0,7.700979899773429,0.29902010022657066,47.82732472661564,21.289041
533310261824,Al Groh,Virginia,2005,1,,12,7,5,0,6.403302270269672,0.5966977297303284,-21.84318514997949,18.766873
533310261824,Al Groh,Virginia,2006,1,,12,5,7,0,5.819195728085783,-0.8191957280857833,-33.22132872602242,14.080047
533310261824,Al Groh,Virginia,2007,1,,13,9,4,0,7.045639210513923,1.9543607894860768,90.85938242031307,25.379728
533310261824,Al Groh,Virginia,2008,1,,11,4,7,0,5.421076685942944,-1.4210766859429436,-116.1356403116763,12.591785
533310261824,Al Groh,Virginia,2009,1,,11,3,8,0,4.348955607475929,-1.3489556074759292,-77.14139820466244,8.61965
573846814054,Al Kincaid,Wyoming,1981,1,,10,7,3,0,5.570762853324046,1.4292371466759537,184.0829425746765,
573846814054,Al Kincaid,Wyoming,1982,1,,9,3,6,0,5.35541533779313,-2.35541533779313,-213.80475053920372,
573846814054,Al Kincaid,Wyoming,1983,1,,10,5,5,0,3.9458446908560374,1.0541553091439626,137.08212037779003,
573846814054,Al Kincaid,Wyoming,1984,1,,10,4,6,0,4.890908748216746,-0.8909087482167459,-169.11276344628322,
573846814054,Al Kincaid,Wyoming,1985,1,,10,2,8,0,3.2245127981546546,-1.2245127981546546,-142.30138770489089,5.862461
573846814054,Al Kincaid,Arkansas State,1990,1,,7,0,6,1,2.662756720753432,-2.162756720753432,-186.52125134397465,
573846814054,Al Kincaid,Arkansas State,1991,1,,7,0,7,0,2.0954622263722213,-2.0954622263722213,-173.6114863154528,0.0
192913363697,Al Luginbill,San Diego State,1989,1,,9,4,5,0,3.199620020045666,0.8003799799543341,61.39464394392576,11.808287
192913363697,Al Luginbill,San Diego State,1990,1,,10,5,5,0,4.52710892291442,0.4728910770855803,84.24846130202536,13.219261
192913363697,Al Luginbill,San Diego State,1991,1,,11,6,4,1,5.927061012937966,0.5729389870620336,28.9923900931733,17.51883
192913363697,Al Luginbill,San Diego State,1992,1,,11,5,5,1,5.926213062806781,-0.42621306280678084,-6.902930323950159,14.917117
192913363697,Al Luginbill,San Diego State,1993,1,,11,5,6,0,6.157464484728284,-1.1574644847282842,-71.14362292256624,13.973536
246106257543,Al Molde,Western Michigan,1987,1,,10,5,5,0,4.755715172983608,0.24428482701639176,-7.530697409684308,12.241399
246106257543,Al Molde,Western Michigan,1988,1,,11,8,3,0,6.952413817277897,1.0475861827221031,75.96527090962218,22.781739
246106257543,Al Molde,Western Michigan,1989,1,,11,5,6,0,6.736508420305532,-1.7365084203055323,-98.13380940329739,10.445246
246106257543,Al Molde,Western Michigan,1990,1,,11,7,4,0,5.9163664835413226,1.0836335164586774,53.35414454094007,19.307174
246106257543,Al Molde,Western Michigan,1991,1,,11,6,5,0,6.423312575023976,-0.4233125750239761,-118.48289331719911,15.92774
246106257543,Al Molde,Western Michigan,1992,1,,11,7,3,1,6.18235693142377,1.3176430685762304,75.65815962814895,20.011832
246106257543,Al Molde,Western Michigan,1993,1,,10,7,2,1,6.672882573924301,0.8271174260756986,75.1815719069707,19.460722
246106257543,Al Molde,Western Michigan,1994,1,,10,6,4,0,7.476713827713054,-1.4767138277130538,-93.94561822988067,14.225891
246106257543,Al Molde,Western Michigan,1995,1,,10,6,4,0,5.588405091888286,0.41159490811171384,51.916003660612205,16.086169
246106257543,Al Molde,Western Michigan,1996,1,,10,2,8,0,4.150343348089323,-2.150343348089323,-267.5503819389014,5.917207
107989926971,Alan Gooch,UCF,2003,0,"two head coaches this season, and the feed does not say which games",,,,,,,,
166196462535,Alex Golesh,South Florida,2023,1,,12,6,6,0,4.290222163285215,1.7097778367147853,180.80484445605134,18.513869
166196462535,Alex Golesh,South Florida,2024,1,,12,6,6,0,5.797671054074294,0.20232894592570627,-40.032149962705944,16.662578
166196462535,Alex Golesh,South Florida,2025,0,"two head coaches this season, and the feed does not say which games",,,,,,,,
166196462535,Alex Golesh,Auburn,2026,1,,5,3,2,0,2.700463748792494,0.29953625120750615,22.205550425738465,8.647937
1042131133735,Alex Miller,Massachusetts,2021,0,"two head coaches this season, and the feed does not say which games",,,,,,,,
77773627490,Alex Mortensen,UAB,2025,0,"two head coaches this season, and the feed does not say which games",,,,,,,,
77773627490,Alex Mortensen,UAB,2026,1,,4,2,2,0,1.6170491261286775,0.38295087387132254,-0.21902250578318672,5.930884
470769446615,Alex Wood,Buffalo,2014,0,"two head coaches this season, and the feed does not say which games",,,,,,,,
317335868789,Alonzo Carter,Sacramento State,2026,1,,4,0,4,0,2.205311523438906,-2.205311523438906,-112.6169010082906,
773528218489,Andy Avalos,Boise State,2021,1,,12,7,5,0,7.010385485373823,-0.010385485373823222,41.03799218578433,19.035364
773528218489,Andy Avalos,Boise State,2022,1,,13,9,4,0,9.186585950141096,-0.18658595014109558,-6.5281814445561395,22.710608
773528218489,Andy Avalos,Boise State,2023,0,"two head coaches this season, and the feed does not say which games",,,,,,,,
918900196893,Andy McCollum,Middle Tennessee,1999,1,,7,0,7,0,2.4050973631619375,-2.4050973631619375,-282.66292572019074,
918900196893,Andy McCollum,Middle Tennessee,2000,1,,10,5,5,0,3.681425053239029,1.3185749467609709,226.62222635637568,8.32528
918900196893,Andy McCollum,Middle Tennessee,2001,1,,11,8,3,0,7.959630860524831,0.04036913947516929,20.92731491766631,17.052022
918900196893,Andy McCollum,Middle Tennessee,2002,1,,11,4,7,0,5.77486203740686,-1.7748620374068604,-139.6843753192129,10.815476
918900196893,Andy McCollum,Middle Tennessee,2003,1,,11,4,7,0,5.206017127281725,-1.2060171272817248,-90.47374100621028,13.52928
918900196893,Andy McCollum,Middle Tennessee,2004,1,,11,5,6,0,5.44337635148392,-0.44337635148391996,-44.69228519429271,13.927488
918900196893,Andy McCollum,Middle Tennessee,2005,1,,11,4,7,0,4.481587774149766,-0.48158777414976583,-7.603073439252967,12.897992
220763324665,Art Baker,East Carolina,1985,1,,10,1,9,0,2.34915862193938,-1.34915862193938,-80.9279389911485,3.220618
220763324665,Art Baker,East Carolina,1986,1,,10,1,9,0,1.694085174278949,-0.6940851742789489,-50.71234410111151,3.429323
220763324665,Art Baker,East Carolina,1987,1,,10,4,6,0,2.9968324038899468,1.0031675961100532,127.06553336500951,13.164922
220763324665,Art Baker,East Carolina,1988,1,,10,2,8,0,2.6418933704992624,-0.6418933704992624,-20.151949251923725,6.083119
949929411986,Art Briles,Houston,2003,1,,13,7,6,0,6.401782887541057,0.5982171124589426,-7.831236211922942,20.64403
949929411986,Art Briles,Houston,2004,1,,11,3,8,0,3.781896336418298,-0.7818963364182978,-37.66150255425714,8.816061
949929411986,Art Briles,Houston,2005,1,,11,5,6,0,5.639387331735275,-0.639387331735275,42.99334627645089,15.849015
949929411986,Art Briles,Houston,2006,1,,13,9,4,0,7.89942004853446,1.1005799514655399,171.8727388040786,24.023555
949929411986,Art Briles,Houston,2007,1,,12,7,5,0,7.972248663944294,-0.9722486639442938,-64.41328670038365,16.929975
949929411986,Art Briles,Baylor,2008,1,,11,3,8,0,2.7422112251477837,0.2577887748522163,31.31562137172682,8.944068
949929411986,Art Briles,Baylor,2009,1,,11,3,8,0,3.2769025248340817,-0.27690252483408173,-18.083523424458008,9.79696
949929411986,Art Briles,Baylor,2010,1,,12,6,6,0,5.12038308545311,0.8796169145468902,103.80098120383332,18.153542
949929411986,Art Briles,Baylor,2011,1,,12,9,3,0,6.437752774981879,2.5622472250181207,175.32850499930464,26.284699
949929411986,Art Briles,Baylor,2012,1,,12,7,5,0,6.268632498479233,0.7313675015207668,99.73418653852673,19.656301
949929411986,Art Briles,Baylor,2013,1,,12,10,2,0,8.889090079320026,1.1109099206799744,73.66378024064625,24.760637
949929411986,Art Briles,Baylor,2014,1,,12,10,2,0,8.832018035422843,1.167981964577157,93.82028285284764,24.798893
949929411986,Art Briles,Baylor,2015,1,,12,9,3,0,9.068042725503915,-0.06804272550391488,7.517648555022106,22.623367
957053297602,Barry Alvarez,Wisconsin,1990,1,,11,1,10,0,2.461727710993116,-1.4617277109931162,-118.3709394925097,3.316552
957053297602,Barry Alvarez,Wisconsin,1991,1,,10,4,6,0,2.807246388985565,1.1927536110144348,65.58441546370341,12.458078
957053297602,Barry Alvarez,Wisconsin,1992,1,,11,5,6,0,5.039811490982214,-0.03981149098221426,72.37448095920331,14.769567
957053297602,Barry Alvarez,Wisconsin,1993,1,,12,10,1,1,6.765909044045151,3.7340909559548487,350.53418373454247,30.834944
957053297602,Barry Alvarez,Wisconsin,1994,1,,12,7,4,1,7.740206461472332,-0.24020646147233204,1.25073599987536,19.648959
957053297602,Barry Alvarez,Wisconsin,1995,1,,11,4,5,2,5.881797342670016,-0.8817973426700156,-127.77099262748288,13.591279
957053297602,Barry Alvarez,Wisconsin,1996,1,,13,8,5,0,7.259415987195125,0.7405840128048746,115.3209559891859,20.45158
957053297602,Barry Alvarez,Wisconsin,1997,1,,13,8,5,0,7.404975545690173,0.5950244543098266,-40.67765913841231,20.102421
957053297602,Barry Alvarez,Wisconsin,1998,1,,12,11,1,0,8.166799219568011,2.833200780431989,286.19601169847897,28.407281
957053297602,Barry Alvarez,Wisconsin,1999,1,,11,9,2,0,7.985026812915062,1.014973187084938,143.96868167465118,22.65195
957053297602,Barry Alvarez,Wisconsin,2000,1,,13,9,4,0,9.804737619824719,-0.8047376198247189,-67.97450511138345,21.512283
957053297602,Barry Alvarez,Wisconsin,2001,1,,11,4,7,0,5.640105576282489,-1.6401055762824894,-246.02000237043808,11.547624
957053297602,Barry Alvarez,Wisconsin,2002,1,,14,8,6,0,6.9484184729970915,1.0515815270029085,184.94141464646282,22.220614
957053297602,Barry Alvarez,Wisconsin,2003,1,,13,7,6,0,7.891481816680437,-0.8914818166804368,-52.49322658335814,18.86234
957053297602,Barry Alvarez,Wisconsin,2004,1,,12,9,3,0,7.184474548598749,1.8155254514012507,41.78632760974415,23.705751
957053297602,Barry Alvarez,Wisconsin,2005,1,,13,10,3,0,7.826951067686727,2.1730489323132733,79.76609960524138,26.951754
957053297602,Barry Alvarez,Wisconsin,2012,0,"two head coaches this season, and the feed does not say which games",,,,,,,,
957053297602,Barry Alvarez,Wisconsin,2014,0,"two head coaches this season, and the feed does not say which games",,,,,,,,
510142039861,Barry Lunney Jr.,Arkansas,2019,0,"two head coaches this season, and the feed does not say which games",,,,,,,,
913521218967,Barry Odom,Missouri,2016,1,,11,3,8,0,3.8321884624637343,-0.8321884624637343,-70.34577781810822,8.589962
913521218967,Barry Odom,Missouri,2017,1,,12,6,6,0,5.125338194240107,0.8746618057598932,172.46533174863612,17.31569
913521218967,Barry Odom,Missouri,2018,1,,12,7,5,0,6.849837284481722,0.1501627155182783,125.44699904281765,18.398554
913521218967,Barry Odom,Missouri,2019,1,,11,5,6,0,7.428003525065574,-2.4280035250655736,-122.80942293233534,12.093582
913521218967,Barry Odom,UNLV,2023,1,,13,8,5,0,6.1558153675700185,1.8441846324299815,140.06870995199665,22.655592
913521218967,Barry Odom,UNLV,2024,1,,13,10,3,0,8.227229222079648,1.7727707779203516,136.21326711526262,28.243257
913521218967,Barry Odom,Purdue,2025,1,,11,1,10,0,2.3778000802100414,-1.3778000802100414,-38.16726217974269,2.688402
913521218967,Barry Odom,Purdue,2026,1,,4,1,3,0,0.6923462439940906,0.3076537560059094,63.367834151487386,4.766169
591270941318,Barry Switzer,Oklahoma,1980,1,,12,10,2,0,6.773252676885248,3.2267473231147523,326.19278816725864,0.0
591270941318,Barry Switzer,Oklahoma,1981,1,,12,7,4,1,8.05646391855482,-0.5564639185548206,9.474049573631419,0.0
591270941318,Barry Switzer,Oklahoma,1982,1,,12,8,4,0,8.059612935534004,-0.0596129355340036,-9.07227699552709,0.0
591270941318,Barry Switzer,Oklahoma,1983,1,,12,8,4,0,7.614253408959695,0.38574659104030484,6.701747553838459,
591270941318,Barry Switzer,Oklahoma,1984,1,,12,9,2,1,8.086846278317545,1.4131537216824555,128.78088014600917,0.0
591270941318,Barry Switzer,Oklahoma,1985,1,,12,11,1,0,8.976160830245236,2.0238391697547637,228.15865091421074,27.223467
591270941318,Barry Switzer,Oklahoma,1986,1,,12,11,1,0,9.932107761625105,1.0678922383748954,123.20779693371105,25.353671
591270941318,Barry Switzer,Oklahoma,1987,1,,11,10,1,0,9.355961965984946,0.644038034015054,81.60010163312904,22.241822
591270941318,Barry Switzer,Oklahoma,1988,1,,12,9,3,0,9.550920165811831,-0.5509201658118315,-72.65976007316249,20.38396
317687691258,Barry Wilson,Duke,1990,1,,10,3,7,0,4.895554232635123,-1.8955542326351233,-180.30727331680646,7.584192
317687691258,Barry Wilson,Duke,1991,1,,10,3,6,1,4.233253183017968,-0.7332531830179683,-118.56501707093571,9.304843
317687691258,Barry Wilson,Duke,1992,1,,11,2,9,0,2.9959979033078885,-0.9959979033078885,-8.442197540755615,6.38398
317687691258,Barry Wilson,Duke,1993,1,,11,3,8,0,2.8942656708716186,0.10573432912838143,-28.66777473083016,9.887088
61438930627,Bear Bryant,Alabama,1980,1,,12,10,2,0,7.917033737377457,2.082966262622543,313.52181881739216,0.0
61438930627,Bear Bryant,Alabama,1981,1,,12,9,2,1,9.25485661778338,0.2451433822166198,96.68869214611891,0.0
61438930627,Bear Bryant,Alabama,1982,1,,10,6,4,0,7.266960754572702,-1.2669607545727022,-92.80084323788128,0.0
567070743977,Biff Poggi,Charlotte,2023,1,,11,2,9,0,4.0068762515320335,-2.0068762515320335,-175.69777083490567,7.548332
567070743977,Biff Poggi,Charlotte,2024,0,"two head coaches this season, and the feed does not say which games",,,,,,,,
567070743977,Biff Poggi,Michigan,2025,0,"two head coaches this season, and the feed does not say which games",,,,,,,,
530297166903,Bill Arnsparger,LSU,1984,1,,11,7,3,1,5.866257660216192,1.633742339783808,142.03966830484433,0.0
530297166903,Bill Arnsparger,LSU,1985,1,,12,9,2,1,7.973778544909163,1.5262214550908366,110.96747046968608,23.938226
530297166903,Bill Arnsparger,LSU,1986,1,,12,9,3,0,7.937020143994649,1.0629798560053514,115.99517285817524,24.808959
105941043704,Bill Belichick,North Carolina,2025,1,,11,3,8,0,4.087379251725335,-1.0873792517253351,0.7817436968823586,9.643877
105941043704,Bill Belichick,North Carolina,2026,1,,3,1,2,0,0.8237881848907632,0.17621181510923678,86.64533347230508,3.688221
608717279232,Bill Blankenship,Tulsa,2011,1,,13,8,5,0,7.840895295778662,0.15910470422133827,3.3523656658453547,19.626294
608717279232,Bill Blankenship,Tulsa,2012,1,,13,10,3,0,8.972242438953703,1.0277575610462968,85.40462711326973,25.087953
608717279232,Bill Blankenship,Tulsa,2013,1,,12,3,9,0,6.404003765096843,-3.404003765096843,-269.3785955442588,8.758676
608717279232,Bill Blankenship,Tulsa,2014,1,,12,2,10,0,4.245378976303476,-2.245378976303476,-91.63090444686964,6.634702
282479206244,Bill Callahan,Nebraska,2004,1,,10,4,6,0,5.1883632536529625,-1.1883632536529625,-91.14038920950156,10.330107
282479206244,Bill Callahan,Nebraska,2005,1,,11,7,4,0,5.337415690488579,1.6625843095114208,136.1604878100768,20.258783
282479206244,Bill Callahan,Nebraska,2006,1,,13,8,5,0,7.5418863869666595,0.4581136130333405,22.077408816047182,20.649279
282479206244,Bill Callahan,Nebraska,2007,1,,12,5,7,0,6.1242628656431695,-1.1242628656431695,-47.13098896665815,13.400128
233810889355,Bill Clark,UAB,2014,1,,11,5,6,0,4.259438365809407,0.740561634190593,229.72219295616628,15.763216
233810889355,Bill Clark,UAB,2017,1,,12,7,5,0,7.167480348318633,-0.1674803483186329,-38.64455933556292,18.019506
233810889355,Bill Clark,UAB,2018,1,,13,10,3,0,7.906740862279081,2.093259137720919,152.04148785674352,27.392007
233810889355,Bill Clark,UAB,2019,1,,13,8,5,0,8.920358907309355,-0.920358907309355,-80.10572303174763,19.225078
233810889355,Bill Clark,UAB,2020,1,,8,5,3,0,4.70152718320923,0.2984728167907704,112.39124464697215,14.816142
233810889355,Bill Clark,UAB,2021,1,,12,8,4,0,7.256424496490556,0.7435755035094438,31.263978549148078,21.688427
860104490203,Bill Cubit,Western Michigan,2005,1,,10,6,4,0,3.825489780022507,2.174510219977493,131.33886616502332,19.312637
860104490203,Bill Cubit,Western Michigan,2006,1,,13,8,5,0,6.969811415117778,1.0301885848822216,123.13660499803859,22.968652
860104490203,Bill Cubit,Western Michigan,2007,1,,11,4,7,0,5.822082244652582,-1.8220822446525817,-102.0407411031972,11.986501
860104490203,Bill Cubit,Western Michigan,2008,1,,12,8,4,0,6.959458335228954,1.0405416647710464,65.91646222696704,20.854717
860104490203,Bill Cubit,Western Michigan,2009,1,,11,4,7,0,5.926903635977217,-1.926903635977217,-86.00530811882322,10.762296
860104490203,Bill Cubit,Western Michigan,2010,1,,11,5,6,0,5.694065606589495,-0.6940656065894952,-7.2745883867153225,13.543444
860104490203,Bill Cubit,Western Michigan,2011,1,,12,6,6,0,6.620232587133199,-0.6202325871331986,39.85143011087803,16.177237
860104490203,Bill Cubit,Western Michigan,2012,1,,11,3,8,0,6.059239255477052,-3.0592392554770518,-67.57313174577848,6.877652
860104490203,Bill Cubit,Illinois,2015,1,,11,4,7,0,4.738732563754749,-0.7387325637547493,-40.65039532390938,11.13844
462438508580,Bill Curry,Georgia Tech,1980,1,,11,1,9,1,3.182023191496604,-1.682023191496604,-204.66443565594454,
462438508580,Bill Curry,Georgia Tech,1981,1,,11,1,10,0,2.253002256749222,-1.2530022567492218,-161.71647304561316,
462438508580,Bill Curry,Georgia Tech,1982,1,,10,5,5,0,2.9640074273843044,2.0359925726156956,179.84776242676298,
462438508580,Bill Curry,Georgia Tech,1983,1,,10,3,7,0,3.143033413509903,-0.14303341350990317,-19.675403450110707,
462438508580,Bill Curry,Georgia Tech,1984,1,,10,5,4,1,4.346800650859554,1.1531993491404462,195.7608196158908,
462438508580,Bill Curry,Georgia Tech,1985,1,,10,7,2,1,6.062386560750366,1.4376134392496338,122.34450148527003,20.289331
462438508580,Bill Curry,Georgia Tech,1986,1,,9,4,5,0,5.396549789560364,-1.396549789560364,-115.58536385699745,10.549618
462438508580,Bill Curry,Alabama,1987,1,,12,7,5,0,7.9460248962397335,-0.9460248962397335,-49.98181996552535,18.212859
462438508580,Bill Curry,Alabama,1988,1,,12,9,3,0,8.059273078831758,0.9407269211682419,102.98716602152967,22.681314
462438508580,Bill Curry,Alabama,1989,1,,12,10,2,0,8.775731963128127,1.224268036871873,110.523476388488,23.884979
462438508580,Bill Curry,Kentucky,1990,1,,11,4,7,0,4.361005331480113,-0.36100533148011316,-121.59619242619056,11.648625
462438508580,Bill Curry,Kentucky,1991,1,,11,3,8,0,3.811369553756441,-0.8113695537564412,-88.373268631251,8.057162
462438508580,Bill Curry,Kentucky,1992,1,,11,4,7,0,4.2805595390853135,-0.2805595390853135,-35.89505625280185,12.527578
462438508580,Bill Curry,Kentucky,1993,1,,12,6,6,0,5.113406405339407,0.8865935946605932,148.39248191805018,17.669851
462438508580,Bill Curry,Kentucky,1994,1,,11,1,10,0,3.3428777695969973,-2.3428777695969973,-255.53219814275258,3.240435
462438508580,Bill Curry,Kentucky,1995,1,,11,4,7,0,2.8915461236097606,1.1084538763902394,144.94587953876658,13.766457
462438508580,Bill Curry,Kentucky,1996,1,,11,4,7,0,3.318310401629537,0.681689598370463,-3.3567413530738577,12.518617
99217409076,Bill Doba,Washington State,2003,1,,13,10,3,0,8.98326818263882,1.0167318173611797,18.15114373557458,26.741951
99217409076,Bill Doba,Washington State,2004,1,,11,5,6,0,6.71967862354259,-1.71967862354259,-160.70069378913604,12.678869
99217409076,Bill Doba,Washington State,2005,1,,10,3,7,0,3.963673206338135,-0.963673206338135,-72.038910519497,8.845024
99217409076,Bill Doba,Washington State,2006,1,,12,6,6,0,5.87935221551477,0.12064778448522961,-47.357017001540726,17.380814
99217409076,Bill Doba,Washington State,2007,1,,12,5,7,0,4.562424209056621,0.43757579094337906,68.31184537075933,13.949347
491616989081,Bill Dooley,Virginia Tech,1980,1,,6,3,3,0,2.8375314935800846,0.1624685064199154,48.912048601746164,0.0
491616989081,Bill Dooley,Virginia Tech,1981,1,,8,5,3,0,4.8739604091370685,0.12603959086293148,30.277081378692856,
491616989081,Bill Dooley,Virginia Tech,1982,1,,7,3,4,0,3.786970039551261,-0.7869700395512611,-104.29221206524608,
491616989081,Bill Dooley,Virginia Tech,1983,1,,8,6,2,0,4.797446874579295,1.202553125420705,155.46630286161917,
491616989081,Bill Dooley,Virginia Tech,1984,1,,9,5,4,0,5.42392843445431,-0.42392843445430994,-41.99442301869317,0.0
491616989081,Bill Dooley,Virginia Tech,1985,1,,9,5,4,0,4.478293513284099,0.5217064867159014,72.96560380710548,13.946082
491616989081,Bill Dooley,Virginia Tech,1986,1,,10,7,2,1,6.846431614216283,0.6535683857837169,23.762677130535394,19.6434
491616989081,Bill Dooley,Wake Forest,1987,1,,9,5,4,0,4.088041109146204,0.9119588908537963,40.440570329655884,15.432183
491616989081,Bill Dooley,Wake Forest,1988,1,,8,4,4,0,3.450860555224838,0.5491394447751619,40.508880290310344,12.084443
491616989081,Bill Dooley,Wake Forest,1989,1,,10,2,7,1,3.7933422123974254,-1.2933422123974254,-147.88113951516266,6.654768
491616989081,Bill Dooley,Wake Forest,1990,1,,10,2,8,0,3.0926386225658526,-1.0926386225658526,-74.19678946980343,6.031591
491616989081,Bill Dooley,Wake Forest,1991,1,,9,2,7,0,2.327872703765099,-0.3278727037650988,-7.5087313518520205,6.224645
491616989081,Bill Dooley,Wake Forest,1992,1,,11,7,4,0,4.2699455983065135,2.7300544016934865,262.68541460579104,21.388235
633182187927,Bill Lewis,East Carolina,1989,1,,10,4,5,1,4.364417263332998,0.13558273666700238,2.358893510341204,10.497044
633182187927,Bill Lewis,East Carolina,1990,1,,11,5,6,0,4.864830020235809,0.13516997976419098,59.550489511669866,14.665743
633182187927,Bill Lewis,East Carolina,1991,1,,11,10,1,0,6.770820996152393,3.229179003847607,245.63198526894644,27.732034
633182187927,Bill Lewis,Georgia Tech,1992,1,,10,4,6,0,4.874241081159013,-0.8742410811590133,-144.19134166383355,10.951074
633182187927,Bill Lewis,Georgia Tech,1993,1,,10,4,6,0,4.303533174876801,-0.30353317487680087,-15.171221559720834,10.84797
813965712922,Bill Lynch,Ball State,1995,1,,10,6,4,0,5.084288375949944,0.915711624050056,55.461679326158674,16.904345
813965712922,Bill Lynch,Ball State,1996,1,,12,8,4,0,6.940892693914086,1.059107306085914,127.8854177669707,18.30758
813965712922,Bill Lynch,Ball State,1997,1,,10,4,6,0,5.0193928948250885,-1.0193928948250885,-89.5739181625886,11.443193
813965712922,Bill Lynch,Ball State,1998,1,,11,1,10,0,3.811440215169972,-2.811440215169972,-295.7733698258112,2.490493
813965712922,Bill Lynch,Ball State,1999,1,,11,0,11,0,2.2614546490886527,-2.2614546490886527,-227.55259496174347,0.0
813965712922,Bill Lynch,Ball State,2000,1,,10,5,5,0,2.731462750105327,2.268537249894673,207.1224283508293,12.66645
813965712922,Bill Lynch,Ball State,2001,1,,10,5,5,0,4.41546803656409,0.5845319634359099,20.280878940618095,15.237237
813965712922,Bill Lynch,Ball State,2002,1,,11,5,6,0,4.652557317086237,0.3474426829137629,1.5086363759871801,13.689983
813965712922,Bill Lynch,Indiana,2007,1,,12,6,6,0,5.3493722823065815,0.6506277176934185,-45.19526969586309,17.968426
813965712922,Bill Lynch,Indiana,2008,1,,11,2,9,0,3.6059786231053237,-1.6059786231053237,-145.55625964811725,3.411822
813965712922,Bill Lynch,Indiana,2009,1,,11,3,8,0,3.295807802923298,-0.295807802923298,-9.56650566433541,8.993444
813965712922,Bill Lynch,Indiana,2010,1,,11,4,7,0,3.8999955984550283,0.1000044015449717,68.86123758247732,10.86958
154717682465,Bill Mallory,Northern Illinois,1980,1,,7,4,3,0,3.9534464696108813,0.04655353038911869,16.181746734382386,
154717682465,Bill Mallory,Northern Illinois,1981,1,,9,2,7,0,3.84909908896202,-1.8490990889620198,-184.26478363433057,
154717682465,Bill Mallory,Northern Illinois,1982,1,,10,5,5,0,3.7476880074797863,1.2523119925202137,125.74451531177215,
154717682465,Bill Mallory,Northern Illinois,1983,1,,11,9,2,0,7.14875370682331,1.8512462931766898,142.76209243102835,0.0
154717682465,Bill Mallory,Indiana,1984,1,,11,0,11,0,2.4592339506934264,-2.4592339506934264,-206.6993078104972,
154717682465,Bill Mallory,Indiana,1985,1,,11,4,7,0,3.71488193838071,0.2851180616192899,15.907480676457908,11.966855
154717682465,Bill Mallory,Indiana,1986,1,,12,6,6,0,5.498969217593689,0.5010307824063114,146.34125778310477,17.874609
154717682465,Bill Mallory,Indiana,1987,1,,12,8,4,0,6.259391833643151,1.7406081663568491,151.55645742708634,23.127951
154717682465,Bill Mallory,Indiana,1988,1,,12,8,3,1,8.354351434015234,0.14564856598476617,95.29620778783078,21.403182
154717682465,Bill Mallory,Indiana,1989,1,,11,5,6,0,7.261924336572935,-2.2619243365729353,-139.05376274954256,12.045234
154717682465,Bill Mallory,Indiana,1990,1,,12,6,5,1,6.821263037272361,-0.3212630372723613,-10.303704486613697,16.192831
154717682465,Bill Mallory,Indiana,1991,1,,12,7,4,1,6.229033664146705,1.270966335853295,162.94706241502104,19.191438
154717682465,Bill Mallory,Indiana,1992,1,,11,5,6,0,6.671325756637737,-1.6713257566377369,-177.11614803208954,12.649414
154717682465,Bill Mallory,Indiana,1993,1,,12,8,4,0,7.028576473730897,0.9714235262691027,98.89899154674595,21.038205
154717682465,Bill Mallory,Indiana,1994,1,,11,6,5,0,6.09548783517014,-0.09548783517013959,-36.24109048991568,16.135899
154717682465,Bill Mallory,Indiana,1995,1,,11,2,9,0,3.618125606734089,-1.6181256067340888,-212.59802028861054,5.603826
154717682465,Bill Mallory,Indiana,1996,1,,11,3,8,0,2.81024772134952,0.18975227865047994,132.81325176367181,10.194824
753962844315,Bill McCartney,Colorado,1982,1,,11,2,8,1,2.9493199637892515,-0.44931996378925154,-29.610285569704047,
753962844315,Bill McCartney,Colorado,1983,1,,11,4,7,0,4.0012668233353486,-0.0012668233353485547,10.726286765024952,
753962844315,Bill McCartney,Colorado,1984,1,,11,1,10,0,2.879161585066689,-1.8791615850666892,-179.31197230198495,
753962844315,Bill McCartney,Colorado,1985,1,,12,7,5,0,4.328459542308601,2.671540457691399,246.72856346107596,21.412355
753962844315,Bill McCartney,Colorado,1986,1,,12,6,6,0,5.680539229911039,0.3194607700889609,77.65160939519092,16.745268
753962844315,Bill McCartney,Colorado,1987,1,,11,7,4,0,6.8787795357055765,0.12122046429442346,34.48632220254149,17.317084
753962844315,Bill McCartney,Colorado,1988,1,,12,8,4,0,7.957615635210165,0.04238436478983498,23.94894475354249,19.668143
753962844315,Bill McCartney,Colorado,1989,1,,12,11,1,0,8.719507080092363,2.280492919907637,253.82594458977246,28.187794
753962844315,Bill McCartney,Colorado,1990,1,,13,11,1,1,9.55584979696046,1.9441502030395394,172.3897574148109,28.796123
753962844315,Bill McCartney,Colorado,1991,1,,12,8,3,1,9.716362595329093,-1.2163625953290929,-44.5828624181479,19.154415
753962844315,Bill McCartney,Colorado,1992,1,,12,9,2,1,9.2096842650038,0.29031573499620045,20.608339086717706,21.431804
753962844315,Bill McCartney,Colorado,1993,1,,12,8,3,1,8.314932190541914,0.18506780945808643,101.25833862647823,19.730956
753962844315,Bill McCartney,Colorado,1994,1,,12,11,1,0,9.018580035861305,1.981419964138695,161.91581562381407,24.524849
764338367098,Bill Michael,UTEP,1980,1,,11,1,10,0,4.0856887672848226,-3.0856887672848226,-319.7181984101053,
764338367098,Bill Michael,UTEP,1981,0,"two head coaches this season, and the feed does not say which games",,,,,,,,
98465922365,Bill O'Brien,Penn State,2012,1,,12,8,4,0,7.0718066335507,0.9281933664492996,125.92189651277886,20.946846
98465922365,Bill O'Brien,Penn State,2013,1,,12,7,5,0,7.67199078310745,-0.6719907831074501,-29.197899444033283,19.184576
98465922365,Bill O'Brien,Boston College,2024,1,,12,6,6,0,5.534729181143767,0.4652708188562329,-12.688167962839316,17.830188
98465922365,Bill O'Brien,Boston College,2025,1,,11,1,10,0,3.5351498525257425,-2.5351498525257425,-118.72612160956146,4.208579
98465922365,Bill O'Brien,Boston College,2026,1,,4,1,3,0,1.4893801145411825,-0.48938011454118246,-31.023221570666237,2.733364
223996340261,Bill Snyder,Kansas State,1989,1,,9,0,9,0,1.2185861005733483,-1.2185861005733483,-108.52162094727373,0.0
223996340261,Bill Snyder,Kansas State,1990,1,,10,4,6,0,2.591925885068177,1.4080741149318232,201.35035765922953,12.654395
223996340261,Bill Snyder,Kansas State,1991,1,,9,5,4,0,3.4135530794711304,1.5864469205288696,178.47053047153508,14.278963
223996340261,Bill Snyder,Kansas State,1992,1,,10,4,6,0,5.141785202950039,-1.1417852029500386,-134.17151028834837,10.185241
223996340261,Bill Snyder,Kansas State,1993,1,,11,8,2,1,6.1369726617369,2.3630273382631,216.2216434724087,23.990185
223996340261,Bill Snyder,Kansas State,1994,1,,12,9,3,0,8.02937793416595,0.9706220658340499,122.38432254846134,22.363115
223996340261,Bill Snyder,Kansas State,1995,1,,12,10,2,0,9.055518758054504,0.9444812419454962,132.6409110184661,23.866851
223996340261,Bill Snyder,Kansas State,1996,1,,11,8,3,0,7.705902165219164,0.2940978347808363,17.582463374049667,19.660094
223996340261,Bill Snyder,Kansas State,1997,1,,12,11,1,0,9.058259887503652,1.9417401124963476,204.70465046878644,26.789676
223996340261,Bill Snyder,Kansas State,1998,1,,12,10,2,0,10.020967957834564,-0.020967957834564288,47.919012310460175,23.479446
223996340261,Bill Snyder,Kansas State,1999,1,,12,11,1,0,10.133016958870382,0.8669830411296182,68.02509611173059,24.959915
223996340261,Bill Snyder,Kansas State,2000,1,,14,11,3,0,10.472713499816297,0.5272865001837026,21.903925485064747,26.489687
223996340261,Bill Snyder,Kansas State,2001,1,,12,6,6,0,7.238841468503952,-1.238841468503952,-91.05805241669555,14.585319
223996340261,Bill Snyder,Kansas State,2002,1,,11,9,2,0,7.665166386196479,1.3348336138035206,199.36001458820374,22.190972
223996340261,Bill Snyder,Kansas State,2003,1,,13,9,4,0,8.979414568766968,0.020585431233032025,8.99202746152946,22.659971
223996340261,Bill Snyder,Kansas State,2004,1,,10,3,7,0,5.989622641498243,-2.9896226414982427,-187.6072868574763,7.8344
223996340261,Bill Snyder,Kansas State,2005,1,,11,5,6,0,5.420366548123493,-0.42036654812349283,-28.11324975193179,10.704316
223996340261,Bill Snyder,Kansas State,2009,1,,10,4,6,0,3.304577362441109,0.6954226375588912,26.36053294876615,12.507508
223996340261,Bill Snyder,Kansas State,2010,1,,12,6,6,0,5.771670540478426,0.22832945952157413,4.088111287024958,17.837171
223996340261,Bill Snyder,Kansas State,2011,1,,12,9,3,0,4.95450099429255,4.04549900570745,86.40814980263485,27.755875
223996340261,Bill Snyder,Kansas State,2012,1,,12,10,2,0,7.017994916968754,2.982005083031246,200.12944152759337,28.648166
223996340261,Bill Snyder,Kansas State,2013,1,,12,8,4,0,7.960576882670409,0.039423117329590696,12.492505315882227,19.787826
223996340261,Bill Snyder,Kansas State,2014,1,,12,8,4,0,7.217658997098983,0.7823410029010169,16.32261006051158,20.896706
223996340261,Bill Snyder,Kansas State,2015,1,,12,5,7,0,5.7654486170559816,-0.7654486170559816,-173.46787298102254,13.096948
223996340261,Bill Snyder,Kansas State,2016,1,,12,8,4,0,5.706425365315738,2.293574634684262,227.98859300550453,22.340856
223996340261,Bill Snyder,Kansas State,2017,1,,12,7,5,0,6.637771063911387,0.36222893608861284,-46.75177126582685,19.950261
223996340261,Bill Snyder,Kansas State,2018,1,,11,4,7,0,4.337865830679064,-0.33786583067906406,-77.10684245329253,11.457464
489492526798,Bill Stewart,West Virginia,2008,1,,12,8,4,0,7.370121810411369,0.6298781895886307,-2.3373102294517594,22.720285
489492526798,Bill Stewart,West Virginia,2009,1,,12,8,4,0,7.6039500674268545,0.39604993257314547,20.176364985896953,19.795758
489492526798,Bill Stewart,West Virginia,2010,1,,12,8,4,0,8.261755032179199,-0.2617550321791988,70.70246579428112,20.690327
1011464492016,Bill Walsh,Stanford,1992,1,,13,10,3,0,8.868700214970492,1.1312997850295083,128.99186714149414,25.781389
1011464492016,Bill Walsh,Stanford,1993,1,,11,4,7,0,6.435545222852712,-2.4355452228527117,-303.1853548446288,10.684676
1011464492016,Bill Walsh,Stanford,1994,1,,11,3,7,1,4.537359577510231,-1.0373595775102311,21.66917582359224,9.328004
355102120943,Bill Yeoman,Houston,1980,1,,12,7,5,0,5.812465605226753,1.1875343947732473,107.97901623162306,0.0
355102120943,Bill Yeoman,Houston,1981,1,,12,7,4,1,7.24465081812048,0.25534918187952016,44.65554397944743,0.0
355102120943,Bill Yeoman,Houston,1982,1,,10,4,5,1,4.837528700274458,-0.3375287002744578,-66.4631565571326,
355102120943,Bill Yeoman,Houston,1983,1,,10,3,7,0,4.392121998311522,-1.3921219983115218,-163.54377963386128,
355102120943,Bill Yeoman,Houston,1984,1,,12,7,5,0,5.701094413783944,1.2989055862160557,186.86204908156446,0.0
355102120943,Bill Yeoman,Houston,1985,1,,11,4,7,0,4.959792433883237,-0.9597924338832371,-141.95837452420665,10.745613
355102120943,Bill Yeoman,Houston,1986,1,,11,1,10,0,3.321393895799325,-2.321393895799325,-196.67958105043272,3.516845
494472311495,Bill Yung,UTEP,1982,1,,12,2,10,0,1.7051739450967045,0.2948260549032955,-9.360118396776897,
494472311495,Bill Yung,UTEP,1983,1,,10,1,9,0,2.1448866434880647,-1.1448866434880647,-119.4065503389686,
494472311495,Bill Yung,UTEP,1984,1,,10,1,9,0,1.4870317527923838,-0.48703175279238375,-32.091374387142196,
494472311495,Bill Yung,UTEP,1985,1,,11,1,10,0,2.793320273971456,-1.7933202739714562,-116.60102174994336,3.96646
750995870537,Billy Alton,UTEP,1981,0,"two head coaches this season, and the feed does not say which games",,,,,,,,
751966626691,Billy Brewer,Louisiana Tech,1980,1,,5,1,4,0,1.9713163190737504,-0.9713163190737504,-98.03778386307272,
751966626691,Billy Brewer,Louisiana Tech,1981,1,,5,1,3,1,1.75613841109681,-0.2561384110968099,-17.90770636848083,0.0
751966626691,Billy Brewer,Ole Miss,1983,1,,12,6,6,0,3.856144930428762,2.143855069571238,91.19381441180212,0.0
751966626691,Billy Brewer,Ole Miss,1984,1,,10,3,6,1,4.522317992713751,-1.0223179927137513,-41.805182884530495,
751966626691,Billy Brewer,Ole Miss,1985,1,,10,3,6,1,3.5595102553659763,-0.05951025536597632,9.607702050554735,9.627932
751966626691,Billy Brewer,Ole Miss,1986,1,,11,8,3,0,5.943047460051053,2.056952539948947,155.3977146743507,22.352445
751966626691,Billy Brewer,Ole Miss,1987,1,,10,2,8,0,4.43064503972506,-2.43064503972506,-244.2658991731164,5.254363
751966626691,Billy Brewer,Ole Miss,1988,1,,10,4,6,0,3.9221374498269688,0.07786255017303123,56.52780714053074,12.410426
751966626691,Billy Brewer,Ole Miss,1989,1,,11,7,4,0,5.16950411734704,1.8304958826529596,138.4603682444149,20.737228
751966626691,Billy Brewer,Ole Miss,1990,1,,12,9,3,0,7.449966701382266,1.550033298617734,106.30432345179292,21.245493
751966626691,Billy Brewer,Ole Miss,1991,1,,11,5,6,0,7.14031848019456,-2.1403184801945603,-178.3716215751881,12.225463
751966626691,Billy Brewer,Ole Miss,1992,1,,12,9,3,0,6.629358967225853,2.370641032774147,217.16559645292546,24.679912
751966626691,Billy Brewer,Ole Miss,1993,1,,10,4,6,0,6.310287230875669,-2.3102872308756686,-169.5253148372683,10.393549
741595351906,Billy Gonzales,Florida,2025,0,"two head coaches this season, and the feed does not say which games",,,,,,,,
169742131442,Billy Napier,Louisiana,2018,1,,13,6,7,0,4.612870771463349,1.3871292285366508,60.18137674812374,17.861701
169742131442,Billy Napier,Louisiana,2019,1,,13,10,3,0,7.830543831383461,2.169456168616539,212.3103011310625,26.391311
169742131442,Billy Napier,Louisiana,2020,1,,11,10,1,0,7.615008538495364,2.3849914615046357,52.191669606567984,26.240215
169742131442,Billy Napier,Louisiana,2021,0,"two head coaches this season, and the feed does not say which games",,,,,,,,
169742131442,Billy Napier,Florida,2022,1,,12,5,7,0,5.090885506155335,-0.09088550615533464,-18.310542863025375,14.339377
169742131442,Billy Napier,Florida,2023,1,,11,4,7,0,4.546710987978522,-0.5467109879785221,31.284050108785323,11.768337
169742131442,Billy Napier,Florida,2024,1,,12,7,5,0,4.807000000033932,2.1929999999660676,126.27916689001336,22.153899
169742131442,Billy Napier,Florida,2025,0,"two head coaches this season, and the feed does not say which games",,,,,,,,
169742131442,Billy Napier,James Madison,2026,1,,4,4,0,0,3.156230084208583,0.8437699157914169,53.38480510423665,9.493727
569287684256,Blake Anderson,Arkansas State,2014,1,,12,6,6,0,7.234645138559045,-1.2346451385590447,-116.98027715642093,15.231117
569287684256,Blake Anderson,Arkansas State,2015,1,,12,8,4,0,6.599620578101631,1.4003794218983687,135.93836067199754,20.786771
569287684256,Blake Anderson,Arkansas State,2016,1,,12,8,4,0,7.579314193209115,0.4206858067908854,37.50847868492497,20.426392
569287684256,Blake Anderson,Arkansas State,2017,1,,11,6,5,0,7.512924671763826,-1.5129246717638258,-31.98215739517309,12.534464
569287684256,Blake Anderson,Arkansas State,2018,1,,12,7,5,0,7.782017358548339,-0.7820173585483392,22.029802482673404,18.4246
569287684256,Blake Anderson,Arkansas State,2019,1,,12,7,5,0,6.946475208670742,0.05352479132925758,-108.01809330792071,20.057804
569287684256,Blake Anderson,Arkansas State,2020,1,,10,3,7,0,4.947651753440159,-1.9476517534401587,-95.81884300874117,8.5256
569287684256,Blake Anderson,Utah State,2021,1,,13,10,3,0,5.632310498173666,4.367689501826334,222.61408729300206,30.923551
569287684256,Blake Anderson,Utah State,2022,1,,12,6,6,0,6.713131211556842,-0.713131211556842,-107.24709618349357,15.556359
569287684256,Blake Anderson,Utah State,2023,1,,12,5,7,0,5.323446667534986,-0.3234466675349861,-74.7849521757862,13.619828
569287684256,Blake Anderson,Utah State,2024,0,"two head coaches this season, and the feed does not say which games",,,,,,,,
569287684256,Blake Anderson,Southern Miss,2025,0,"two head coaches this season, and the feed does not say which games",,,,,,,,
569287684256,Blake Anderson,Southern Miss,2026,1,,3,0,3,0,0.8594162845872338,-0.8594162845872338,-66.74352420166838,0.0
717162481157,Blake Harrell,East Carolina,2024,0,"two head coaches this season, and the feed does not say which games",,,,,,,,
717162481157,Blake Harrell,East Carolina,2025,1,,12,8,4,0,6.966767717535161,1.033232282464839,126.91992849529129,21.404553
717162481157,Blake Harrell,East Carolina,2026,1,,3,1,2,0,1.435647173295038,-0.435647173295038,-17.94761827930415,3.283935
834418668081,Bo Pelini,Nebraska,2003,0,"two head coaches this season, and the feed does not say which games",,,,,,,,
834418668081,Bo Pelini,Nebraska,2008,1,,13,9,4,0,7.692162109094949,1.3078378909050512,166.1994849222774,23.656988
834418668081,Bo Pelini,Nebraska,2009,1,,14,10,4,0,9.32487132461001,0.6751286753899901,93.90294779331634,25.633565
834418668081,Bo Pelini,Nebraska,2010,1,,13,9,4,0,9.391128214689092,-0.39112821468909154,-99.16941328883331,21.506395
834418668081,Bo Pelini,Nebraska,2011,1,,12,8,4,0,6.886522415695715,1.1134775843042846,39.80107253447636,21.626631
834418668081,Bo Pelini,Nebraska,2012,1,,13,9,4,0,8.367470592303295,0.6325294076967047,79.54198212067013,23.301778
834418668081,Bo Pelini,Nebraska,2013,1,,12,8,4,0,7.109990757830304,0.8900092421696959,-27.493409446272835,21.659056
834418668081,Bo Pelini,Nebraska,2014,1,,12,8,4,0,7.67369752571328,0.3263024742867202,60.23762793809078,19.788934
1032040244166,Bo Schembechler,Michigan,1980,1,,12,10,2,0,7.290764269818987,2.709235730181013,351.9226453054612,0.0
1032040244166,Bo Schembechler,Michigan,1981,1,,12,9,3,0,9.490348656401638,-0.49034865640163794,31.65855457962266,0.0
1032040244166,Bo Schembechler,Michigan,1982,1,,12,8,4,0,8.91981910439083,-0.9198191043908306,-57.837517249261964,0.0
1032040244166,Bo Schembechler,Michigan,1983,1,,12,9,3,0,8.128487058957246,0.871512941042754,110.84737879507043,0.0
1032040244166,Bo Schembechler,Michigan,1984,1,,12,6,6,0,7.188975275883943,-1.1889752758839434,-135.67674334130993,0.0
1032040244166,Bo Schembechler,Michigan,1985,1,,12,10,1,1,8.049489811386902,2.450510188613098,327.7476974767603,26.245514
1032040244166,Bo Schembechler,Michigan,1986,1,,13,11,2,0,10.52353243636415,0.4764675636358504,10.883317108462279,25.75105
1032040244166,Bo Schembechler,Michigan,1987,1,,11,7,4,0,7.579666495677995,-0.5796664956779951,-29.040733525375344,17.562343
1032040244166,Bo Schembechler,Michigan,1988,1,,12,9,2,1,8.177641721777015,1.3223582782229855,183.350323017346,22.447572
1032040244166,Bo Schembechler,Michigan,1989,1,,12,10,2,0,8.918017225154381,1.0819827748456188,79.4445947145557,23.97933
17349058058,Bob Chesney,James Madison,2024,1,,12,8,4,0,9.413450001250073,-1.413450001250073,-67.40871439384523,20.407793
17349058058,Bob Chesney,James Madison,2025,1,,13,11,2,0,9.348587341989553,1.6514126580104467,155.59791073075348,26.514978
17349058058,Bob Chesney,UCLA,2026,1,,4,4,0,0,2.440170946163467,1.5598290538365331,179.1475151694542,10.949436
473531899454,Bob Davie,Notre Dame,1997,1,,13,7,6,0,7.382487349466591,-0.382487349466591,-23.68424105132044,18.340603
473531899454,Bob Davie,Notre Dame,1998,1,,12,9,3,0,8.005211097753053,0.9947889022469472,68.03838975842496,23.129889
473531899454,Bob Davie,Notre Dame,1999,1,,12,5,7,0,6.521858365051654,-1.5218583650516537,-127.27405451313143,12.688155
473531899454,Bob Davie,Notre Dame,2000,1,,12,9,3,0,6.856287453901083,2.143712546098917,180.7888497383069,23.605808
473531899454,Bob Davie,Notre Dame,2001,1,,11,5,6,0,5.5922640701346875,-0.5922640701346875,-42.620988551951314,13.107905
473531899454,Bob Davie,New Mexico,2012,1,,12,3,9,0,3.6508850568172484,-0.6508850568172484,-43.0319487906811,6.307765
473531899454,Bob Davie,New Mexico,2013,1,,12,3,9,0,3.812749754213392,-0.8127497542133919,-37.396609602714534,8.94682
473531899454,Bob Davie,New Mexico,2014,1,,12,4,8,0,3.281307289217974,0.718692710782026,4.32315051204705,13.261463
473531899454,Bob Davie,New Mexico,2015,1,,12,6,6,0,3.9745763603721853,2.0254236396278147,82.79004436961532,20.012298
473531899454,Bob Davie,New Mexico,2016,1,,12,8,4,0,6.500577971054851,1.4994220289451494,47.50668316745555,22.826274
473531899454,Bob Davie,New Mexico,2017,1,,11,2,9,0,4.852878426628226,-2.8528784266282257,-229.2386534377281,6.807939
473531899454,Bob Davie,New Mexico,2018,1,,11,2,9,0,3.3586021806119546,-1.3586021806119546,-43.672329656473494,6.290057
473531899454,Bob Davie,New Mexico,2019,1,,11,1,10,0,3.1759095388548544,-2.1759095388548544,-86.86493336303465,2.641973
876778847523,Bob Diaco,UConn,2014,1,,11,1,10,0,3.767794912866185,-2.767794912866185,-263.6748497526851,3.693461
876778847523,Bob Diaco,UConn,2015,1,,12,5,7,0,3.7681013617193266,1.2318986382806734,204.3233033505487,16.241391
876778847523,Bob Diaco,UConn,2016,1,,11,2,9,0,4.314344363489969,-2.314344363489969,-249.56269419004002,6.098744
13768636116,Bob Gregory,Washington,2021,0,"two head coaches this season, and the feed does not say which games",,,,,,,,
270625758878,Bob LaPointe,Eastern Michigan,1982,0,"two head coaches this season, and the feed does not say which games",,,,,,,,
145896738225,Bob Pruett,Marshall,1997,1,,12,9,3,0,8.057358811495941,0.9426411885040586,144.24036865053722,0.0
145896738225,Bob Pruett,Marshall,1998,1,,11,10,1,0,8.643795178541431,1.3562048214585687,59.07883284547211,25.43846
145896738225,Bob Pruett,Marshall,1999,1,,12,12,0,0,9.953055735573573,2.0469442644264273,204.65124948035213,26.837005
145896738225,Bob Pruett,Marshall,2000,1,,12,7,5,0,7.82365304577882,-0.82365304577882,-143.51586898741198,18.11849
145896738225,Bob Pruett,Marshall,2001,1,,11,9,2,0,7.9983248086547185,1.0016751913452815,82.05495185731411,21.855135
145896738225,Bob Pruett,Marshall,2002,1,,12,10,2,0,8.671023799150056,1.3289762008499437,29.676465343073232,25.143786
145896738225,Bob Pruett,Marshall,2003,1,,11,7,4,0,7.232270231559541,-0.23227023155954107,-34.65512140314513,17.719956
145896738225,Bob Pruett,Marshall,2004,1,,12,6,6,0,7.522013620198449,-1.5220136201984493,-116.92589724226445,14.187873
526509989339,Bob Simmons,Oklahoma State,1995,1,,11,3,8,0,2.5211927395608313,0.47880726043916866,62.15840144904132,10.233666
526509989339,Bob Simmons,Oklahoma State,1996,1,,10,4,6,0,4.165038071548312,-0.16503807154831218,-25.941880435369285,11.362592
526509989339,Bob Simmons,Oklahoma State,1997,1,,12,8,4,0,7.191889317684431,0.8081106823155686,147.836779037287,22.645666
526509989339,Bob Simmons,Oklahoma State,1998,1,,11,5,6,0,5.084051817518961,-0.08405181751896063,8.578185722812577,13.432785
526509989339,Bob Simmons,Oklahoma State,1999,1,,11,5,6,0,5.299540175634116,-0.2995401756341156,-26.135652080366754,12.728322
526509989339,Bob Simmons,Oklahoma State,2000,1,,10,2,8,0,3.5703329734180356,-1.5703329734180356,-166.3347351609964,5.07311
1037032209845,Bob Stoops,Oklahoma,1999,1,,11,6,5,0,6.0476047314117425,-0.047604731411742485,137.40567811365509,17.015221
1037032209845,Bob Stoops,Oklahoma,2000,1,,13,13,0,0,9.185489455533524,3.8145105444664757,400.7787382674246,34.772936
1037032209845,Bob Stoops,Oklahoma,2001,1,,13,11,2,0,11.051839011434533,-0.05183901143453262,-1.2276757306608488,25.43183
1037032209845,Bob Stoops,Oklahoma,2002,1,,14,12,2,0,11.194347756121998,0.8056522438780025,82.08093407580486,29.105113
1037032209845,Bob Stoops,Oklahoma,2003,1,,14,12,2,0,11.10947281381571,0.8905271861842898,90.18199276645328,28.171927
1037032209845,Bob Stoops,Oklahoma,2004,1,,13,12,1,0,10.517063115419033,1.4829368845809672,30.048985270296726,27.43779
1037032209845,Bob Stoops,Oklahoma,2005,1,,12,8,4,0,8.029932537012005,-0.029932537012005156,-27.39900992803655,19.310466
1037032209845,Bob Stoops,Oklahoma,2006,1,,14,11,3,0,9.493175116204002,1.506824883795998,100.25228826780608,27.07703
1037032209845,Bob Stoops,Oklahoma,2007,1,,14,11,3,0,10.110531550318253,0.8894684496817469,9.87514778915579,26.944893
1037032209845,Bob Stoops,Oklahoma,2008,1,,13,11,2,0,8.897370986738872,2.1026290132611276,201.88373656707927,27.053254
1037032209845,Bob Stoops,Oklahoma,2009,1,,12,7,5,0,8.114409392060548,-1.1144093920605478,-79.863998238362,17.00718
1037032209845,Bob Stoops,Oklahoma,2010,1,,14,12,2,0,10.085490384694053,1.9145096153059473,171.27174005291477,29.769155
1037032209845,Bob Stoops,Oklahoma,2011,1,,13,10,3,0,10.271564158395822,-0.2715641583958224,32.97431191550845,22.948991
1037032209845,Bob Stoops,Oklahoma,2012,1,,12,9,3,0,8.913836769794669,0.08616323020533123,106.22860448320625,21.405675
1037032209845,Bob Stoops,Oklahoma,2013,1,,13,11,2,0,8.867299128288924,2.1327008717110765,9.130222669644581,28.046549
1037032209845,Bob Stoops,Oklahoma,2014,1,,13,8,5,0,9.606821253507595,-1.6068212535075954,-137.03437587368217,19.135365
1037032209845,Bob Stoops,Oklahoma,2015,1,,13,11,2,0,8.304139053190259,2.6958609468097414,238.56380372866192,28.767356
1037032209845,Bob Stoops,Oklahoma,2016,1,,13,11,2,0,9.50248249036199,1.4975175096380102,101.05645883464626,26.72653
1037032209845,Bob Stoops,Oklahoma,2021,0,"two head coaches this season, and the feed does not say which games",,,,,,,,
14328153872,Bob Stull,UTEP,1986,1,,11,3,8,0,2.1117366976225327,0.8882633023774673,91.98757349315133,10.107946
14328153872,Bob Stull,UTEP,1987,1,,10,6,4,0,5.2312308299236445,0.7687691700763555,68.50533395802427,16.476442
14328153872,Bob Stull,UTEP,1988,1,,11,8,3,0,6.715095133185199,1.2849048668148013,114.5511154660212,20.843134
14328153872,Bob Stull,Missouri,1989,1,,11,2,9,0,3.680600147474225,-1.680600147474225,-137.92618382161595,5.453423
14328153872,Bob Stull,Missouri,1990,1,,11,4,7,0,3.908139583203301,0.09186041679669898,90.31142044436683,12.088949
14328153872,Bob Stull,Missouri,1991,1,,11,3,7,1,4.098440909261821,-0.5984409092618206,-76.41683840934593,10.307077
14328153872,Bob Stull,Missouri,1992,1,,10,2,8,0,2.05489842304377,-0.054898423043769906,23.977838785406448,6.87028
14328153872,Bob Stull,Missouri,1993,1,,11,3,7,1,3.9019272521471744,-0.4019272521471744,-49.21446865392795,9.657253
188936649880,Bob Sutton,Army,1991,1,,8,2,6,0,3.6376788187670765,-1.6376788187670765,-158.7827300729607,6.326913
188936649880,Bob Sutton,Army,1992,1,,8,3,5,0,2.660986321093901,0.3390136789060989,22.34818261922078,8.445311
188936649880,Bob Sutton,Army,1993,1,,8,3,5,0,3.558357159394709,-0.558357159394709,-52.084929828225995,8.612318
188936649880,Bob Sutton,Army,1994,1,,8,2,6,0,2.4100540027061004,-0.4100540027061004,-80.25815690659783,6.680802
188936649880,Bob Sutton,Army,1995,1,,8,2,5,1,2.0823040566271374,0.41769594337286264,101.42134695999084,7.965696
188936649880,Bob Sutton,Army,1996,1,,10,8,2,0,6.324643572934729,1.675356427065271,197.65624857140824,21.403213
188936649880,Bob Sutton,Army,1997,1,,9,2,7,0,4.8839607610642695,-2.8839607610642695,-311.9061531772079,5.23185
188936649880,Bob Sutton,Army,1998,1,,11,3,8,0,3.186247058054225,-0.1862470580542248,-15.945351926939566,9.296647
188936649880,Bob Sutton,Army,1999,1,,11,3,8,0,3.706152112790902,-0.7061521127909018,-70.12273244557355,8.616138
124760081728,Bob Toledo,UCLA,1996,1,,11,5,6,0,5.338460922908867,-0.3384609229088671,20.088427980873803,14.143285
124760081728,Bob Toledo,UCLA,1997,1,,12,10,2,0,7.863351996154957,2.1366480038450426,322.4697155606482,26.41656
124760081728,Bob Toledo,UCLA,1998,1,,12,10,2,0,9.93094696742763,0.06905303257236994,33.41769706262562,23.773115
124760081728,Bob Toledo,UCLA,1999,1,,11,4,7,0,6.73573301317224,-2.73573301317224,-346.0998068776637,10.411133
124760081728,Bob Toledo,UCLA,2000,1,,12,6,6,0,5.11234667332626,0.8876533266737399,58.45155814885925,18.644863
124760081728,Bob Toledo,UCLA,2001,1,,11,7,4,0,6.154698799734365,0.8453012002656353,126.94214622030654,19.712148
124760081728,Bob Toledo,UCLA,2002,1,,13,8,5,0,7.62235883015132,0.3776411698486797,20.247446185449917,21.344171
124760081728,Bob Toledo,Tulane,2007,1,,11,3,8,0,3.52914294062882,-0.52914294062882,-46.82348752133157,11.092283
124760081728,Bob Toledo,Tulane,2008,1,,12,2,10,0,4.6585559532101275,-2.6585559532101275,-176.90353002968186,5.63198
124760081728,Bob Toledo,Tulane,2009,1,,11,2,9,0,2.550728547818408,-0.5507285478184079,1.6439229018126298,6.516175
124760081728,Bob Toledo,Tulane,2010,1,,11,3,8,0,3.436875773061676,-0.43687577306167613,-0.6099942289181399,9.836431
124760081728,Bob Toledo,Tulane,2011,1,,12,1,11,0,4.0170345438866955,-3.0170345438866955,-71.83596276595972,3.386717
450740852669,Bob Tyler,North Texas,1981,1,,10,2,8,0,3.119354347559998,-1.119354347559998,-156.86842976887715,
933892276032,Bob Valesente,Kansas,1986,1,,9,1,8,0,3.380267549138076,-2.380267549138076,-286.3030291821094,2.490301
933892276032,Bob Valesente,Kansas,1987,1,,9,0,8,1,1.7593758568695999,-1.2593758568695999,-129.56030809635286,0.868006
174225614581,Bob Wagner,Hawai'i,1987,1,,10,3,7,0,4.788029599005669,-1.788029599005669,-179.65440978348647,8.210331
174225614581,Bob Wagner,Hawai'i,1988,1,,11,8,3,0,5.867719229324528,2.1322807706754716,169.60595446548245,23.12317
174225614581,Bob Wagner,Hawai'i,1989,1,,11,7,3,1,7.253883885091778,0.24611611490822227,44.16225813600022,19.311752
174225614581,Bob Wagner,Hawai'i,1990,1,,9,4,5,0,4.582546125223812,-0.5825461252238124,66.77667176149998,12.143401
174225614581,Bob Wagner,Hawai'i,1991,1,,11,3,7,1,5.431641133331567,-1.931641133331567,-248.12312621572846,9.42509
174225614581,Bob Wagner,Hawai'i,1992,1,,13,11,2,0,7.567720210297385,3.4322797897026147,237.59241061052967,30.904323
174225614581,Bob Wagner,Hawai'i,1993,1,,11,5,6,0,6.20390914076069,-1.2039091407606897,-164.89577848982526,12.480421
174225614581,Bob Wagner,Hawai'i,1994,1,,11,2,8,1,4.752141342331246,-2.252141342331246,-177.07404715193297,7.765144
174225614581,Bob Wagner,Hawai'i,1995,1,,11,3,8,0,3.6778979106565446,-0.6778979106565446,-73.47680950397739,8.644275
1016366331555,Bob Weber,Louisville,1980,1,,9,4,5,0,3.8826304520780686,0.11736954792193144,-12.073180650851327,
1016366331555,Bob Weber,Louisville,1981,1,,9,4,5,0,3.960499606868364,0.039500393131636,-48.76815290417039,
1016366331555,Bob Weber,Louisville,1982,1,,7,2,5,0,2.3508418963569264,-0.3508418963569264,-82.96156407660874,
1016366331555,Bob Weber,Louisville,1983,1,,9,1,8,0,2.4121889376850847,-1.4121889376850847,-179.78741481830843,
1016366331555,Bob Weber,Louisville,1984,1,,7,1,6,0,1.1766093989956918,-0.17660939899569184,-60.92552918445517,
744291568853,Bobby Bowden,Florida State,1980,1,,12,10,2,0,8.015001647310104,1.984998352689896,300.6906308259429,0.0
744291568853,Bobby Bowden,Florida State,1981,1,,10,5,5,0,6.142488984852073,-1.142488984852073,-191.66043615871035,
744291568853,Bobby Bowden,Florida State,1982,1,,10,7,3,0,5.460575588137054,1.5394244118629459,203.47848115441184,0.0
744291568853,Bobby Bowden,Florida State,1983,1,,11,6,5,0,6.169213204027738,-0.16921320402773787,21.716624952022357,0.0
744291568853,Bobby Bowden,Florida State,1984,1,,11,6,3,2,7.481889782483181,-0.48188978248318115,65.22162654029285,0.0
744291568853,Bobby Bowden,Florida State,1985,1,,11,8,3,0,6.985780971528867,1.0142190284711328,59.35746797614115,20.422072
744291568853,Bobby Bowden,Florida State,1986,1,,11,6,4,1,7.118819096653817,-0.6188190966538167,-14.752946589350586,14.537111
744291568853,Bobby Bowden,Florida State,1987,1,,11,10,1,0,7.655996613883435,2.3440033861165652,307.3526291858857,25.714908
744291568853,Bobby Bowden,Florida State,1988,1,,10,9,1,0,7.709225337995115,1.2907746620048854,107.6513053326712,21.576316
744291568853,Bobby Bowden,Florida State,1989,1,,12,10,2,0,8.855903602999964,1.1440963970000357,157.4753797144333,25.333391
744291568853,Bobby Bowden,Florida State,1990,1,,11,9,2,0,8.757872311181352,0.24212768881864832,50.225239645646525,20.391712
744291568853,Bobby Bowden,Florida State,1991,1,,12,10,2,0,9.658256664051546,0.3417433359484541,107.23029816812686,23.10793
744291568853,Bobby Bowden,Florida State,1992,1,,12,11,1,0,9.81917365337301,1.18082634662699,121.33350175565784,24.91866
744291568853,Bobby Bowden,Florida State,1993,1,,13,12,1,0,10.74081394690158,1.2591860530984196,140.31790962073615,27.273668
744291568853,Bobby Bowden,Florida State,1994,1,,12,10,1,1,9.756776651924131,0.743223348075869,49.10517196847809,23.828234
744291568853,Bobby Bowden,Florida State,1995,1,,11,9,2,0,8.890008124759321,0.109991875240679,27.084973248506003,20.389369
744291568853,Bobby Bowden,Florida State,1996,1,,12,11,1,0,9.67686689616126,1.3231331038387406,103.72065656536756,25.463763
744291568853,Bobby Bowden,Florida State,1997,1,,12,11,1,0,9.72677775970652,1.2732222402934799,161.08005113083505,25.616537
744291568853,Bobby Bowden,Florida State,1998,1,,13,11,2,0,10.374356895360782,0.6256431046392184,60.39645901054928,25.9302
744291568853,Bobby Bowden,Florida State,1999,1,,12,12,0,0,9.972088461387676,2.027911538612324,194.13584173099662,27.867717
744291568853,Bobby Bowden,Florida State,2000,1,,13,11,2,0,11.259244755901596,-0.25924475590159624,17.300891365987354,24.09623
744291568853,Bobby Bowden,Florida State,2001,1,,12,8,4,0,8.333284246366777,-0.33328424636677667,-78.71855951673228,19.233101
744291568853,Bobby Bowden,Florida State,2002,1,,14,9,5,0,8.946113555498586,0.05388644450141378,64.58821989943294,23.406611
744291568853,Bobby Bowden,Florida State,2003,1,,13,10,3,0,9.204214295908661,0.7957857040913385,50.06437724549414,24.324279
744291568853,Bobby Bowden,Florida State,2004,1,,12,9,3,0,8.869152131608699,0.13084786839130125,26.428815901977487,22.306971
744291568853,Bobby Bowden,Florida State,2005,1,,12,7,5,0,7.697349133567328,-0.6973491335673279,-64.560014615731,18.824208
744291568853,Bobby Bowden,Florida State,2006,1,,13,7,6,0,7.579948880645726,-0.579948880645726,-52.80208291373697,18.057476
744291568853,Bobby Bowden,Florida State,2007,1,,13,7,6,0,6.979256559654141,0.020743440345858843,35.94311092645512,18.582637
744291568853,Bobby Bowden,Florida State,2008,1,,11,7,4,0,6.38877920347599,0.6112207965240097,124.04939511969906,18.941305
744291568853,Bobby Bowden,Florida State,2009,1,,12,6,6,0,6.630250808792031,-0.6302508087920309,63.17483106073655,16.489178
929494812576,Bobby Collins,Southern Miss,1980,1,,9,6,3,0,5.715052053171243,0.28494794682875657,16.555985812436347,
929494812576,Bobby Collins,Southern Miss,1981,1,,9,6,2,1,5.63709021384229,0.8629097861577097,158.81579029797285,0.0
929494812576,Bobby Collins,SMU,1982,1,,11,10,0,1,9.06314673721609,1.4368532627839095,127.90219586926423,0.0
929494812576,Bobby Collins,SMU,1983,1,,10,8,2,0,8.59060067025521,-0.5906006702552098,-70.02888001311067,0.0
929494812576,Bobby Collins,SMU,1984,1,,11,9,2,0,7.709307632838185,1.2906923671618147,99.72134973125821,0.0
929494812576,Bobby Collins,SMU,1985,1,,11,6,5,0,7.313869294507465,-1.313869294507465,-87.35719172748418,14.11735
929494812576,Bobby Collins,SMU,1986,1,,11,6,5,0,6.305343289533622,-0.30534328953362166,-70.96060852034202,15.763824
1092070191038,Bobby Hauck,UNLV,2010,1,,13,2,11,0,2.782043643940128,-0.7820436439401282,-131.01784559520343,6.066666
1092070191038,Bobby Hauck,UNLV,2011,1,,11,2,9,0,2.9688623437698736,-0.9688623437698736,-42.44543466018422,6.396347
1092070191038,Bobby Hauck,UNLV,2012,1,,12,2,10,0,3.712896842568953,-1.712896842568953,-70.63045180267159,7.481306
1092070191038,Bobby Hauck,UNLV,2013,1,,12,6,6,0,4.361906923493216,1.6380930765067836,189.07158480132557,18.917531
1092070191038,Bobby Hauck,UNLV,2014,1,,12,1,11,0,4.402753538506627,-3.4027535385066274,-271.0836196313069,3.328777
334282262547,Bobby Johnson,Vanderbilt,2002,1,,11,1,10,0,1.8439579640581547,-0.8439579640581547,-67.5236459133489,2.78444
334282262547,Bobby Johnson,Vanderbilt,2003,1,,11,1,10,0,1.910142553758922,-0.9101425537589221,-22.788215992201003,4.560361
334282262547,Bobby Johnson,Vanderbilt,2004,1,,10,1,9,0,2.414576821865133,-1.4145768218651331,-25.19867959458179,4.094335
334282262547,Bobby Johnson,Vanderbilt,2005,1,,10,4,6,0,3.552425246395474,0.4475747536045258,78.66437633485589,15.351414
334282262547,Bobby Johnson,Vanderbilt,2006,1,,11,3,8,0,3.999652189523645,-0.999652189523645,-51.07482773274228,9.065351
334282262547,Bobby Johnson,Vanderbilt,2007,1,,11,4,7,0,4.059459324309596,-0.05945932430959644,55.40498171676859,11.875192
334282262547,Bobby Johnson,Vanderbilt,2008,1,,13,7,6,0,5.347808482381316,1.652191517618684,-24.017849004162144,22.408787
334282262547,Bobby Johnson,Vanderbilt,2009,1,,11,1,10,0,3.337847492840787,-2.337847492840787,-102.63863599233923,4.512475
148626601524,Bobby Keasler,ULM,1999,1,,9,3,6,0,2.34915390538381,0.65084609461619,29.069224502978386,6.285478
148626601524,Bobby Keasler,ULM,2000,1,,8,0,8,0,2.3576844885915373,-2.3576844885915373,-254.1624644872477,0.0
148626601524,Bobby Keasler,ULM,2001,1,,10,2,8,0,2.421142297669769,-0.42114229766976896,-68.70847520603843,6.276245
148626601524,Bobby Keasler,ULM,2002,0,"two head coaches this season, and the feed does not say which games",,,,,,,,
245046312335,Bobby Petrino,Louisville,2003,1,,13,9,4,0,7.6072774208004805,1.3927225791995195,73.86168703617409,24.77123
245046312335,Bobby Petrino,Louisville,2004,1,,12,11,1,0,8.450181587604952,2.549818412395048,292.08273501380154,27.4936
245046312335,Bobby Petrino,Louisville,2005,1,,12,9,3,0,9.361825075869238,-0.3618250758692376,18.05730384674939,22.180942
245046312335,Bobby Petrino,Louisville,2006,1,,13,12,1,0,10.413962344872301,1.586037655127699,101.32065112406644,28.298109
245046312335,Bobby Petrino,Arkansas,2008,1,,11,4,7,0,5.162816887040663,-1.1628168870406634,-32.36859424934232,12.701571
245046312335,Bobby Petrino,Arkansas,2009,1,,12,7,5,0,5.710204309502081,1.289795690497919,39.767234873254665,20.337324
245046312335,Bobby Petrino,Arkansas,2010,1,,12,9,3,0,6.516681351116919,2.483318648883081,151.00227190238047,24.891512
245046312335,Bobby Petrino,Arkansas,2011,1,,12,10,2,0,7.671563840979457,2.3284361590205434,63.598414605789,25.164407
245046312335,Bobby Petrino,Western Kentucky,2013,1,,11,7,4,0,6.144782874856227,0.8552171251437732,163.21361014743275,17.152912
245046312335,Bobby Petrino,Louisville,2014,1,,12,8,4,0,8.280291490014939,-0.2802914900149389,-44.40841756182613,19.468636
245046312335,Bobby Petrino,Louisville,2015,1,,12,7,5,0,6.983936030301495,0.01606396969850543,12.528698896304377,18.305286
245046312335,Bobby Petrino,Louisville,2016,1,,13,9,4,0,9.582210604224773,-0.5822106042247732,72.48981665278734,21.443308
245046312335,Bobby Petrino,Louisville,2017,1,,12,7,5,0,7.207276630628407,-0.20727663062840662,-17.08901528921251,18.366481
245046312335,Bobby Petrino,Louisville,2018,0,"two head coaches this season, and the feed does not say which games",,,,,,,,
245046312335,Bobby Petrino,Arkansas,2025,0,"two head coaches this season, and the feed does not say which games",,,,,,,,
757819374987,Bobby Ross,Maryland,1982,1,,11,7,4,0,5.702426048726885,1.2975739512731153,188.4133760268346,0.0
757819374987,Bobby Ross,Maryland,1983,1,,12,8,4,0,7.5731703717108365,0.4268296282891635,-1.0580504328859206,0.0
757819374987,Bobby Ross,Maryland,1984,1,,12,9,3,0,6.476500438170915,2.5234995618290847,181.4589440932275,0.0
757819374987,Bobby Ross,Maryland,1985,1,,12,9,3,0,8.776947823714647,0.22305217628535345,60.658783804119366,22.100051
757819374987,Bobby Ross,Maryland,1986,1,,11,5,5,1,7.033817333559044,-1.5338173335590444,-138.73286237125512,14.264834
757819374987,Bobby Ross,Georgia Tech,1987,1,,9,0,9,0,2.9134645862901567,-2.9134645862901567,-320.5141524881665,0.0
757819374987,Bobby Ross,Georgia Tech,1988,1,,9,1,8,0,2.1280026258426323,-1.1280026258426323,24.443861600318314,3.807527
757819374987,Bobby Ross,Georgia Tech,1989,1,,10,6,4,0,3.8704918611656307,2.1295081388343693,236.18623354048827,18.104194
757819374987,Bobby Ross,Georgia Tech,1990,1,,11,10,0,1,7.512004872370002,2.987995127629998,286.7495643566285,27.766792
757819374987,Bobby Ross,Georgia Tech,1991,1,,12,7,5,0,7.9427867269996835,-0.9427867269996835,-93.11951230556474,17.824648
757819374987,Bobby Ross,Army,2004,1,,11,2,9,0,1.9358317959437654,0.06416820405623458,60.07385818080206,7.524577
757819374987,Bobby Ross,Army,2005,1,,10,3,7,0,2.425374263791908,0.574625736208092,63.958860709489045,10.200772
757819374987,Bobby Ross,Army,2006,1,,11,2,9,0,3.459000369992088,-1.4590003699920882,-126.07089881247066,6.158552
803879647993,Bobby Wallace,Temple,1998,1,,10,2,8,0,2.3973173960453233,-0.39731739604532335,-98.41753986760114,7.442026
803879647993,Bobby Wallace,Temple,1999,1,,11,2,9,0,2.2413451676098433,-0.24134516760984326,6.129341721899891,6.236092
803879647993,Bobby Wallace,Temple,2000,1,,11,4,7,0,4.231201692452704,-0.2312016924527036,9.436678010299829,11.500915
803879647993,Bobby Wallace,Temple,2001,1,,11,4,7,0,3.828773488199676,0.17122651180032422,-27.157758254590362,11.430201
803879647993,Bobby Wallace,Temple,2002,1,,11,3,8,0,2.6954230859811155,0.30457691401888454,-51.281119906883305,9.369783
803879647993,Bobby Wallace,Temple,2003,1,,11,1,10,0,2.21748439922324,-1.21748439922324,-100.32179189384192,5.176683
803879647993,Bobby Wallace,Temple,2004,1,,10,1,9,0,1.6277993602942598,-0.6277993602942598,18.2060366115536,3.60724
803879647993,Bobby Wallace,Temple,2005,1,,11,0,11,0,2.075345664029119,-2.075345664029119,-150.39460391322382,0.0
470892857168,Bobby Wilder,Old Dominion,2014,1,,11,5,6,0,5.257634630573733,-0.25763463057373315,-145.01876784157434,
470892857168,Bobby Wilder,Old Dominion,2015,1,,11,4,7,0,4.31953684971794,-0.31953684971793983,-128.19522007710952,8.7009
470892857168,Bobby Wilder,Old Dominion,2016,1,,12,9,3,0,6.375885693563113,2.624114306436887,148.90065518128063,24.446831
470892857168,Bobby Wilder,Old Dominion,2017,1,,11,4,7,0,4.794992128372749,-0.7949921283727486,-167.97409621183533,11.104064
470892857168,Bobby Wilder,Old Dominion,2018,1,,11,3,8,0,4.375300371497566,-1.3753003714975662,-41.20048480375681,10.487293
470892857168,Bobby Wilder,Old Dominion,2019,1,,11,0,11,0,3.10515036187934,-3.10515036187934,-199.5955421037902,0.0
502387579081,Bobby Williams,Michigan State,2000,1,,11,5,6,0,6.386667217412272,-1.3866672174122723,-182.37579163844953,13.543101
502387579081,Bobby Williams,Michigan State,2001,1,,12,7,5,0,6.448768609131303,0.551231390868697,55.94024315534625,20.39078
502387579081,Bobby Williams,Michigan State,2002,0,"two head coaches this season, and the feed does not say which games",,,,,,,,
387965652394,Brad Cornelsen,Sam Houston,2024,0,"two head coaches this season, and the feed does not say which games",,,,,,,,
479831042175,Brad Davis,LSU,2021,0,"two head coaches this season, and the feed does not say which games",,,,,,,,
328185544861,Brad Lambert,Charlotte,2015,1,,11,1,10,0,5.184674863796935,-4.184674863796935,-326.0794504586129,
328185544861,Brad Lambert,Charlotte,2016,1,,11,3,8,0,3.702732320952473,-0.7027323209524732,-109.5721669063746,10.774764
328185544861,Brad Lambert,Charlotte,2017,1,,11,1,10,0,2.1227872871198117,-1.1227872871198117,-123.94447311616113,3.644641
328185544861,Brad Lambert,Charlotte,2018,1,,11,4,7,0,2.699866574022302,1.3001334259776982,147.58391596111255,13.969697
463870117649,Brad Scott,South Carolina,1994,1,,12,7,5,0,5.393684563406447,1.6063154365935528,137.463309058199,21.407781
463870117649,Brad Scott,South Carolina,1995,1,,11,4,6,1,5.360861003986333,-0.8608610039863329,-93.46772733855232,11.973535
463870117649,Brad Scott,South Carolina,1996,1,,11,6,5,0,5.00563023639609,0.9943697636039097,92.78224829733449,14.619885
463870117649,Brad Scott,South Carolina,1997,1,,11,5,6,0,5.345165904105768,-0.34516590410576775,-53.225912015205495,14.082958
463870117649,Brad Scott,South Carolina,1998,1,,11,1,10,0,3.665403125674248,-2.665403125674248,-213.15670362662877,2.703308
902476370137,Brady Hoke,Ball State,2003,1,,11,3,8,0,4.244331334330827,-1.2443313343308269,-147.43702670408652,9.062788
902476370137,Brady Hoke,Ball State,2004,1,,11,2,9,0,3.617198770218139,-1.6171987702181392,-107.21437699703665,6.727089
902476370137,Brady Hoke,Ball State,2005,1,,11,4,7,0,3.111840215244715,0.8881597847552851,74.89815525970062,13.664545
902476370137,Brady Hoke,Ball State,2006,1,,11,5,6,0,4.776771815895496,0.22322818410450385,53.5826988997062,14.807314
902476370137,Brady Hoke,Ball State,2007,1,,12,6,6,0,5.863724062323984,0.1362759376760163,-10.252334794629633,17.323861
902476370137,Brady Hoke,Ball State,2008,0,"two head coaches this season, and the feed does not say which games",,,,,,,,
902476370137,Brady Hoke,San Diego State,2009,1,,11,3,8,0,4.137876062146281,-1.1378760621462813,27.0441402380402,8.544796
902476370137,Brady Hoke,San Diego State,2010,1,,12,8,4,0,6.195393620671071,1.8046063793289289,183.48097723524597,21.889943
902476370137,Brady Hoke,Michigan,2011,1,,13,11,2,0,7.851743488051803,3.1482565119481967,139.37363684055094,30.013874
902476370137,Brady Hoke,Michigan,2012,1,,13,8,5,0,7.48415680387915,0.5158431961208496,0.656732587757233,17.340296
902476370137,Brady Hoke,Michigan,2013,1,,13,7,6,0,7.439542474837087,-0.4395424748370873,-92.4180171429216,18.814174
902476370137,Brady Hoke,Michigan,2014,1,,12,5,7,0,5.436434260310232,-0.43643426031023225,-29.273533242298527,11.210259
902476370137,Brady Hoke,Tennessee,2017,0,"two head coaches this season, and the feed does not say which games",,,,,,,,
902476370137,Brady Hoke,San Diego State,2020,1,,8,4,4,0,4.740033538555544,-0.7400335385555437,-26.118393305443306,10.063621
902476370137,Brady Hoke,San Diego State,2021,1,,13,11,2,0,8.811960214520697,2.188039785479303,69.4864364423222,29.336937
902476370137,Brady Hoke,San Diego State,2022,1,,12,6,6,0,6.3042362650254935,-0.3042362650254935,-99.60324980118367,16.244049
902476370137,Brady Hoke,San Diego State,2023,1,,11,3,8,0,4.442037616867422,-1.442037616867422,-181.27625516514559,9.856705
105908031702,Brandon Hall,Troy,2021,0,"two head coaches this season, and the feed does not say which games",,,,,,,,
188356058252,Brent Brennan,San Jose State,2017,1,,12,1,11,0,2.8615764854160632,-1.8615764854160632,-146.11423088799756,3.733835
188356058252,Brent Brennan,San Jose State,2018,1,,11,1,10,0,2.0923880249156923,-1.0923880249156923,-57.88526789909065,3.875817
188356058252,Brent Brennan,San Jose State,2019,1,,11,4,7,0,3.271139037780789,0.728860962219211,39.043086232065434,13.388628
188356058252,Brent Brennan,San Jose State,2020,1,,8,7,1,0,3.7734566576931794,3.2265433423068206,236.85197135059843,21.889642
188356058252,Brent Brennan,San Jose State,2021,1,,11,4,7,0,5.979010239930041,-1.9790102399300409,-143.38830858657343,11.287204
188356058252,Brent Brennan,San Jose State,2022,1,,11,6,5,0,6.688059023016013,-0.6880590230160131,62.648652495735405,15.75725
188356058252,Brent Brennan,San Jose State,2023,1,,12,6,6,0,5.933412216922536,0.06658778307746438,80.54617124828997,16.457724
188356058252,Brent Brennan,Arizona,2024,1,,11,3,8,0,5.405064457497207,-2.4050644574972067,-277.5343573517621,8.356497
188356058252,Brent Brennan,Arizona,2025,1,,12,8,4,0,5.707287604892672,2.292712395107328,225.64658980911008,25.105101
188356058252,Brent Brennan,Arizona,2026,1,,4,3,1,0,2.535461997559551,0.46453800244044885,56.34159097719498,7.444425
451030831879,Brent Guy,Utah State,2005,1,,11,3,8,0,3.0895311475387954,-0.08953114753879543,-71.03683127247496,8.553904
451030831879,Brent Guy,Utah State,2006,1,,12,1,11,0,2.3392918311896507,-1.3392918311896507,-220.80475100280773,3.776888
451030831879,Brent Guy,Utah State,2007,1,,12,2,10,0,1.9853793257163066,0.014620674283693402,58.80405524671323,6.67919
451030831879,Brent Guy,Utah State,2008,1,,12,3,9,0,2.7589084801003363,0.2410915198996637,40.9673028648715,9.0238
135433826048,Brent Key,Georgia Tech,2022,0,"two head coaches this season, and the feed does not say which games",,,,,,,,
135433826048,Brent Key,Georgia Tech,2023,1,,12,6,6,0,4.365469045654166,1.6345309543458342,56.41121352019036,19.717206
135433826048,Brent Key,Georgia Tech,2024,1,,12,6,6,0,5.9293604166740685,0.07063958332593145,106.38982706039474,18.726425
135433826048,Brent Key,Georgia Tech,2025,1,,12,8,4,0,7.6533179491233225,0.34668205087667747,2.158857792504932,20.517485
135433826048,Brent Key,Georgia Tech,2026,1,,3,0,3,0,1.7541382834026131,-1.7541382834026131,-89.98427229642243,0.0
519813648649,Brent Pry,Virginia Tech,2022,1,,10,2,8,0,3.6003276252120666,-1.6003276252120666,-54.93084707803041,6.437493
519813648649,Brent Pry,Virginia Tech,2023,1,,13,7,6,0,5.695371914862969,1.3046280851370309,253.2243798082327,20.457203
519813648649,Brent Pry,Virginia Tech,2024,1,,13,6,7,0,7.2557711516069086,-1.2557711516069086,-77.4686407903514,18.414605
519813648649,Brent Pry,Virginia Tech,2025,0,"two head coaches this season, and the feed does not say which games",,,,,,,,
9657216147,Brent Venables,Oklahoma,2022,1,,13,6,7,0,8.008216961463924,-2.0082169614639245,-164.25160804332177,15.682035
9657216147,Brent Venables,Oklahoma,2023,1,,13,10,3,0,8.857282000994871,1.1427179990051286,181.11168649629462,24.878784
9657216147,Brent Venables,Oklahoma,2024,1,,12,5,7,0,6.882125116425379,-1.882125116425379,-27.736545895861582,12.808375
9657216147,Brent Venables,Oklahoma,2025,1,,12,9,3,0,7.583546326180591,1.416453673819409,135.29144869229367,24.451281
9657216147,Brent Venables,Oklahoma,2026,1,,4,2,2,0,2.5333220666097094,-0.5333220666097094,-4.717733079856998,4.449276
961154823773,Bret Bielema,Wisconsin,2006,1,,12,11,1,0,8.751605697007246,2.248394302992754,176.97615067923743,26.883036
961154823773,Bret Bielema,Wisconsin,2007,1,,12,8,4,0,8.449897228887464,-0.44989722888746364,7.000922978792005,18.841921
961154823773,Bret Bielema,Wisconsin,2008,1,,12,6,6,0,7.819549904314724,-1.8195499043147239,-85.75605780730098,14.488764
961154823773,Bret Bielema,Wisconsin,2009,1,,12,9,3,0,7.8147016297110445,1.1852983702889555,180.12289355247503,22.630817
961154823773,Bret Bielema,Wisconsin,2010,1,,12,10,2,0,8.72596004251047,1.2740399574895296,84.52902243887411,24.123772
961154823773,Bret Bielema,Wisconsin,2011,1,,13,10,3,0,9.933901315039172,0.06609868496082782,42.882721685539536,23.246011
961154823773,Bret Bielema,Wisconsin,2012,0,"two head coaches this season, and the feed does not say which games",,,,,,,,
961154823773,Bret Bielema,Arkansas,2013,1,,11,2,9,0,3.940622445784279,-1.9406224457842791,-146.87660920451185,5.870383
961154823773,Bret Bielema,Arkansas,2014,1,,12,6,6,0,4.314783297444903,1.6852167025550973,332.6421165764166,19.452621
961154823773,Bret Bielema,Arkansas,2015,1,,12,7,5,0,6.786825000125599,0.21317499987440058,29.486476765370753,21.17997
961154823773,Bret Bielema,Arkansas,2016,1,,12,6,6,0,6.294212026172039,-0.2942120261720387,-97.04508382806102,17.296169
961154823773,Bret Bielema,Arkansas,2017,1,,11,3,8,0,4.333593737892549,-1.3335937378925493,-144.17163725402634,6.822837
961154823773,Bret Bielema,Illinois,2021,1,,12,5,7,0,4.402277059527794,0.597722940472206,109.19858348404568,16.488773
961154823773,Bret Bielema,Illinois,2022,1,,12,7,5,0,7.541527539488868,-0.5415275394888681,115.23906996154824,19.091863
961154823773,Bret Bielema,Illinois,2023,1,,12,5,7,0,6.535492333652434,-1.5354923336524342,-105.82308056282113,14.432916
961154823773,Bret Bielema,Illinois,2024,1,,12,9,3,0,5.579314038406786,3.4206859615932137,144.63749702888867,26.584037
961154823773,Bret Bielema,Illinois,2025,1,,12,8,4,0,6.569690387399616,1.430309612600384,29.79655308820793,21.913543
961154823773,Bret Bielema,Illinois,2026,1,,4,1,3,0,2.4824382525976683,-1.4824382525976683,-111.27099979381092,2.222028
906277856995,Brian Bohannon,Kennesaw State,2024,0,"two head coaches this season, and the feed does not say which games",,,,,,,,
306590033583,Brian Brohm,Purdue,2022,0,"two head coaches this season, and the feed does not say which games",,,,,,,,
380859269416,Brian Burke,Ohio,1980,1,,11,6,5,0,6.270864409393867,-0.2708644093938668,27.92107193931747,
380859269416,Brian Burke,Ohio,1981,1,,11,5,6,0,5.74587544728709,-0.7458754472870899,-72.36083170208963,
380859269416,Brian Burke,Ohio,1982,1,,10,5,5,0,4.989074532391548,0.010925467608451811,-113.65856183316828,
380859269416,Brian Burke,Ohio,1983,1,,10,3,7,0,3.5559382420365004,-0.5559382420365004,-78.08318979943124,
380859269416,Brian Burke,Ohio,1984,1,,11,4,6,1,3.8030542171596027,0.6969457828403973,-15.095087741665338,
425636635806,Brian Hartline,South Florida,2026,1,,4,3,1,0,3.203698205439241,-0.2036982054392409,-30.585913294981083,7.271026
466977535510,Brian Kelly,Central Michigan,2004,1,,10,3,7,0,2.9329834447544187,0.06701655524558126,-66.86504784950512,10.262214
466977535510,Brian Kelly,Central Michigan,2005,1,,11,6,5,0,3.665520056152733,2.334479943847267,158.70968400363336,21.256331
466977535510,Brian Kelly,Cincinnati,2006,0,"two head coaches this season, and the feed does not say which games",,,,,,,,
466977535510,Brian Kelly,Central Michigan,2006,1,,14,10,4,0,6.136430104221149,3.863569895778851,88.80314124886468,30.427765
466977535510,Brian Kelly,Cincinnati,2007,1,,12,9,3,0,7.374511700657746,1.625488299342254,-33.539107779618234,24.867444
466977535510,Brian Kelly,Cincinnati,2008,1,,13,10,3,0,7.811099419704034,2.1889005802959662,140.80734392333966,26.982712
466977535510,Brian Kelly,Cincinnati,2009,1,,12,11,1,0,8.865321329710369,2.134678670289631,104.38423684825693,27.04831
466977535510,Brian Kelly,Notre Dame,2010,1,,13,8,5,0,7.101599786516886,0.8984002134831144,101.62143465540566,24.359563
466977535510,Brian Kelly,Notre Dame,2011,1,,13,8,5,0,8.705783115265838,-0.705783115265838,65.8443466933586,19.593959
466977535510,Brian Kelly,Notre Dame,2012,1,,13,12,1,0,8.861615028363582,3.138384971636418,138.31886140379902,31.229118
466977535510,Brian Kelly,Notre Dame,2013,1,,13,9,4,0,8.615803449016799,0.3841965509832015,-104.9519877530272,22.29848
466977535510,Brian Kelly,Notre Dame,2014,1,,13,8,5,0,7.576333617692995,0.4236663823070046,-32.82107156667507,22.227933
466977535510,Brian Kelly,Notre Dame,2015,1,,13,10,3,0,8.097015084831266,1.9029849151687337,189.2970001020633,25.218225
466977535510,Brian Kelly,Notre Dame,2016,1,,12,4,8,0,6.644073225755568,-2.6440732257555677,-130.2771025289046,10.972966
466977535510,Brian Kelly,Notre Dame,2017,1,,13,10,3,0,7.361912046852418,2.638087953147582,184.05413927762993,27.631333
466977535510,Brian Kelly,Notre Dame,2018,1,,13,12,1,0,9.441694793481801,2.558305206518199,146.77644599023756,29.530908
466977535510,Brian Kelly,Notre Dame,2019,1,,13,11,2,0,9.693255176517848,1.306744823482152,30.914231946462678,25.956959
466977535510,Brian Kelly,Notre Dame,2020,1,,12,10,2,0,8.607673080244327,1.3923269197556731,50.44801715233484,23.84117
466977535510,Brian Kelly,Notre Dame,2021,0,"two head coaches this season, and the feed does not say which games",,,,,,,,
466977535510,Brian Kelly,LSU,2022,1,,13,9,4,0,7.14655992688682,1.8534400731131804,299.9497847805278,24.999044
466977535510,Brian Kelly,LSU,2023,1,,12,9,3,0,8.951185182676564,0.04881481732343573,84.98437047562493,20.940124
466977535510,Brian Kelly,LSU,2024,1,,12,8,4,0,7.5257711698118435,0.47422883018815654,-60.253939106854205,20.555717
466977535510,Brian Kelly,LSU,2025,0,"two head coaches this season, and the feed does not say which games",,,,,,,,
259946330644,Brian Knorr,Ohio,2001,1,,11,1,10,0,4.58037463659747,-3.58037463659747,-361.86159501007137,2.751625
259946330644,Brian Knorr,Ohio,2002,1,,11,4,7,0,3.2206593969575597,0.7793406030424403,128.80516093015262,11.789997
259946330644,Brian Knorr,Ohio,2003,1,,11,1,10,0,3.832959651038825,-2.832959651038825,-167.93566328960924,4.144069
259946330644,Brian Knorr,Ohio,2004,1,,10,3,7,0,3.0142765984035904,-0.014276598403590413,-87.18516113498163,8.960974
1095234822474,Brian Newberry,Navy,2023,1,,11,4,7,0,4.828486205382217,-0.8284862053822168,-126.7494153274597,11.678421
1095234822474,Brian Newberry,Navy,2024,1,,12,9,3,0,6.072249368990568,2.927750631009432,173.9505043194372,26.707049
1095234822474,Brian Newberry,Navy,2025,1,,12,10,2,0,7.8510345638297965,2.1489654361702035,153.04584858013823,25.697622
1095234822474,Brian Newberry,Navy,2026,1,,3,0,3,0,2.127157718844518,-2.127157718844518,-163.3883719887558,0.0
461461386272,Brian Polian,Nevada,2013,1,,11,3,8,0,4.302262532344214,-1.3022625323442139,-113.75094699010447,9.270091
461461386272,Brian Polian,Nevada,2014,1,,12,6,6,0,4.87082253090002,1.1291774690999796,-16.352594833959074,19.65576
461461386272,Brian Polian,Nevada,2015,1,,12,6,6,0,5.711379191210204,0.2886208087897959,0.5593931364312539,17.053386
461461386272,Brian Polian,Nevada,2016,1,,11,4,7,0,4.615566722535969,-0.6155667225359691,-86.69352808445956,11.892062
247694984491,Brian Smith,Ohio,2025,0,"two head coaches this season, and the feed does not say which games",,,,,,,,
709507321437,Brian Wright,FAU,2013,0,"two head coaches this season, and the feed does not say which games",,,,,,,,
79872000344,Bronco Mendenhall,BYU,2005,1,,11,5,6,0,5.4121313091249705,-0.41213130912497054,25.912370989711235,16.131306
79872000344,Bronco Mendenhall,BYU,2006,1,,13,11,2,0,8.482300294615316,2.5176997053846843,247.49623440058053,29.643234
79872000344,Bronco Mendenhall,BYU,2007,1,,12,10,2,0,8.739379509407947,1.2606204905920535,39.315341421136736,25.247747
79872000344,Bronco Mendenhall,BYU,2008,1,,12,9,3,0,9.185131213982542,-0.18513121398254206,35.605743751643786,20.554132
79872000344,Bronco Mendenhall,BYU,2009,1,,13,11,2,0,9.484405738748071,1.5155942612519286,118.94679803123267,27.169346
79872000344,Bronco Mendenhall,BYU,2010,1,,13,7,6,0,8.392334589027367,-1.3923345890273673,-168.31401863249334,16.675289
79872000344,Bronco Mendenhall,BYU,2011,1,,12,9,3,0,7.7407792450187785,1.2592207549812215,125.84557216148823,22.67346
79872000344,Bronco Mendenhall,BYU,2012,1,,12,7,5,0,8.177044571730063,-1.1770445717300628,27.202616355393502,16.266869
79872000344,Bronco Mendenhall,BYU,2013,1,,12,7,5,0,7.201542375485044,-0.20154237548504383,-0.5739656346422635,19.242424
79872000344,Bronco Mendenhall,BYU,2014,1,,12,7,5,0,8.227740419746835,-1.2277404197468353,-37.86869613985118,19.935421
79872000344,Bronco Mendenhall,BYU,2015,1,,12,8,4,0,6.540906431337887,1.4590935686621131,19.555366158190736,22.470168
79872000344,Bronco Mendenhall,Virginia,2016,1,,11,2,9,0,4.121808403780037,-2.1218084037800367,-97.38357803216809,6.075895
79872000344,Bronco Mendenhall,Virginia,2017,1,,12,5,7,0,5.1125798129513,-0.11257981295130026,-14.26196786167975,15.512015
79872000344,Bronco Mendenhall,Virginia,2018,1,,12,7,5,0,5.873268850152429,1.1267311498475712,225.48934276453224,20.677686
79872000344,Bronco Mendenhall,Virginia,2019,1,,13,8,5,0,7.8618164171627525,0.13818358283724752,58.009393985628776,21.268689
79872000344,Bronco Mendenhall,Virginia,2020,1,,9,4,5,0,5.05668538500086,-1.0566853850008604,-61.571069663513526,10.9166
79872000344,Bronco Mendenhall,Virginia,2021,1,,11,5,6,0,5.8365408153728575,-0.8365408153728575,15.159307893292407,13.769369
79872000344,Bronco Mendenhall,New Mexico,2024,1,,11,5,6,0,4.67357290134825,0.3264270986517497,56.0191462419873,15.705028
79872000344,Bronco Mendenhall,Utah State,2025,1,,12,5,7,0,5.240885784587099,-0.24088578458709886,-17.96410371515026,15.403
79872000344,Bronco Mendenhall,Utah State,2026,1,,4,1,3,0,0.9096834774125468,0.09031652258745315,-1.9133510350561664,3.005294
334715515874,Bruce Arians,Temple,1983,1,,9,3,6,0,3.124310106472126,-0.12431010647212615,-19.450494867887073,
334715515874,Bruce Arians,Temple,1984,1,,9,5,4,0,3.8963604107315946,1.1036395892684054,161.6502385207948,
334715515874,Bruce Arians,Temple,1985,1,,9,3,6,0,4.694076003340444,-1.6940760033404443,-126.77566764001017,7.735377
334715515874,Bruce Arians,Temple,1986,1,,10,5,5,0,4.546255859549408,0.45374414045059197,92.42647962814203,14.844674
334715515874,Bruce Arians,Temple,1987,1,,11,3,8,0,5.013989922218507,-2.0139899222185074,-256.9637247304788,6.42384
334715515874,Bruce Arians,Temple,1988,1,,11,4,7,0,3.192103506032499,0.8078964939675011,66.61886698449143,13.205837
351240276456,Bruce Snyder,Utah State,1980,1,,6,2,4,0,2.072950499983155,-0.07295049998315495,3.1654668458018023,0.0
351240276456,Bruce Snyder,Utah State,1981,1,,6,1,4,1,2.414177496048315,-0.9141774960483149,-60.39374592172135,
351240276456,Bruce Snyder,Utah State,1982,1,,5,1,4,0,1.5429898785444942,-0.5429898785444942,-112.92857745348124,
351240276456,Bruce Snyder,California,1987,1,,10,2,6,2,2.1444799514080986,0.8555200485919014,119.05976633631326,10.007618
351240276456,Bruce Snyder,California,1988,1,,10,4,5,1,4.1446055360537954,0.35539446394620455,40.83023004504912,12.447045
351240276456,Bruce Snyder,California,1989,1,,11,4,7,0,3.934130478762586,0.06586952123741385,-69.44041338362354,12.719181
351240276456,Bruce Snyder,California,1990,1,,12,7,4,1,5.12632243943792,2.37367756056208,202.05877162108573,22.847994
351240276456,Bruce Snyder,California,1991,1,,11,9,2,0,7.092478935231759,1.9075210647682406,183.46365201827257,24.02356
351240276456,Bruce Snyder,Arizona State,1992,1,,10,5,5,0,4.4040288658509645,0.5959711341490355,63.423098979394126,14.806535
351240276456,Bruce Snyder,Arizona State,1993,1,,11,6,5,0,5.280165032188121,0.7198349678118792,56.71660669992889,18.677431
351240276456,Bruce Snyder,Arizona State,1994,1,,11,3,8,0,4.552067025485295,-1.5520670254852948,-161.61653870306645,8.813743
351240276456,Bruce Snyder,Arizona State,1995,1,,11,6,5,0,4.435168030426121,1.5648319695738788,194.1720797676628,18.010912
351240276456,Bruce Snyder,Arizona State,1996,1,,12,11,1,0,8.708109006008051,2.2918909939919487,275.5955584089845,26.371839
351240276456,Bruce Snyder,Arizona State,1997,1,,12,9,3,0,9.060286468129595,-0.06028646812959515,1.3795750893898457,22.656124
351240276456,Bruce Snyder,Arizona State,1998,1,,11,5,6,0,6.321269334526881,-1.321269334526881,-145.1801935967178,12.697138
351240276456,Bruce Snyder,Arizona State,1999,1,,12,6,6,0,6.027830220966631,-0.02783022096663057,-60.919279307177476,18.333506
351240276456,Bruce Snyder,Arizona State,2000,1,,12,6,6,0,6.097323931377975,-0.09732393137797501,-34.47952427549217,17.162594
573706036787,Bryan Harsin,Arkansas State,2013,1,,12,7,5,0,7.232070889670266,-0.23207088967026568,-84.14459852337723,16.377085
573706036787,Bryan Harsin,Boise State,2014,1,,14,12,2,0,9.719472115257869,2.2805278847421313,170.5655529183059,30.3927
573706036787,Bryan Harsin,Boise State,2015,1,,12,8,4,0,9.395368893158166,-1.3953688931581656,-34.71842229530739,18.738384
573706036787,Bryan Harsin,Boise State,2016,1,,13,10,3,0,10.133273251095941,-0.13327325109594135,-79.04923957679989,23.704754
573706036787,Bryan Harsin,Boise State,2017,1,,14,11,3,0,8.918882100068362,2.0811178999316375,138.86111625795547,30.278746
573706036787,Bryan Harsin,Boise State,2018,1,,13,10,3,0,9.509394741395914,0.4906052586040861,77.30873778429236,25.298418
573706036787,Bryan Harsin,Boise State,2019,1,,13,11,2,0,10.491319642096762,0.5086803579032377,59.69792172446955,25.846989
573706036787,Bryan Harsin,Boise State,2020,1,,7,5,2,0,5.104677303330532,-0.10467730333053193,-35.40463867897097,12.276952
573706036787,Bryan Harsin,Auburn,2021,1,,12,5,7,0,5.886919275547165,-0.8869192755471653,-35.58231953127279,14.280115
573706036787,Bryan Harsin,Auburn,2022,0,"two head coaches this season, and the feed does not say which games",,,,,,,,
23438996397,Bryan McClendon,Oregon,2021,0,"two head coaches this season, and the feed does not say which games",,,,,,,,
49741621593,Bryant Vincent,UAB,2022,1,,12,6,6,0,7.243135690868704,-1.2431356908687041,-72.22084283216259,16.127291
49741621593,Bryant Vincent,ULM,2024,1,,11,4,7,0,2.772975183680245,1.227024816319755,35.30671104997691,13.340167
49741621593,Bryant Vincent,ULM,2025,1,,11,2,9,0,3.666189883384886,-1.6661898833848858,-122.22184254412696,6.944233
49741621593,Bryant Vincent,ULM,2026,1,,4,0,4,0,0.9057105240005082,-0.9057105240005082,-78.44417869699487,0.0
565303236154,Buddy Teevens,Tulane,1992,1,,11,2,9,0,2.8430269485797957,-0.8430269485797957,-88.63333120101788,2.921171
565303236154,Buddy Teevens,Tulane,1993,1,,11,2,9,0,2.163239969859949,-0.16323996985994915,-111.20153133713143,6.799538
565303236154,Buddy Teevens,Tulane,1994,1,,11,1,10,0,2.161522475108898,-1.1615224751088982,-121.97513261833251,3.64767
565303236154,Buddy Teevens,Tulane,1995,1,,11,2,9,0,2.4367507760402045,-0.4367507760402045,-42.90898823131192,6.948264
565303236154,Buddy Teevens,Tulane,1996,1,,11,2,9,0,2.7222614236460547,-0.7222614236460547,50.59978596807855,7.025586
565303236154,Buddy Teevens,Stanford,2002,1,,11,2,9,0,4.281165834536825,-2.281165834536825,-267.2574031485906,5.154621
565303236154,Buddy Teevens,Stanford,2003,1,,11,4,7,0,3.3200039146626237,0.6799960853373763,-26.422707635219012,12.212688
565303236154,Buddy Teevens,Stanford,2004,1,,11,4,7,0,3.6859337222349438,0.31406627776505625,29.10893862688249,12.018459
651824997664,Butch Davis,Miami (FL),1995,1,,10,7,3,0,7.20850941283035,-0.20850941283034974,-64.90392431601595,16.56316
651824997664,Butch Davis,Miami (FL),1996,1,,11,8,3,0,6.971639060885243,1.0283609391147568,39.662265544541015,20.745524
651824997664,Butch Davis,Miami (FL),1997,1,,11,5,6,0,6.766518101362914,-1.766518101362914,-160.76302121692675,11.45456
651824997664,Butch Davis,Miami (FL),1998,1,,11,8,3,0,5.972338433795551,2.027661566204449,184.62488752627223,22.050743
651824997664,Butch Davis,Miami (FL),1999,1,,12,8,4,0,7.265114173810379,0.734885826189621,119.43192079673668,20.666748
651824997664,Butch Davis,Miami (FL),2000,1,,11,10,1,0,7.822271745340252,2.1777282546597476,250.10104516137608,25.864483
651824997664,Butch Davis,North Carolina,2007,1,,11,3,8,0,3.56061326121626,-0.5606132612162602,9.282570368701272,9.150798
651824997664,Butch Davis,North Carolina,2008,1,,12,7,5,0,4.893799964820367,2.106200035179633,6.349034353693469,23.717996
651824997664,Butch Davis,North Carolina,2009,1,,11,6,5,0,4.780570006276736,1.2194299937232644,100.64104239466315,19.449539
651824997664,Butch Davis,North Carolina,2010,1,,12,7,5,0,6.197538738718784,0.8024612612812163,111.48606064621526,20.077361
651824997664,Butch Davis,FIU,2017,1,,12,7,5,0,4.878355866983105,2.121644133016895,50.71037950162986,22.297451
651824997664,Butch Davis,FIU,2018,1,,12,8,4,0,6.0954499614894875,1.9045500385105125,50.57574401571674,23.023898
651824997664,Butch Davis,FIU,2019,1,,12,5,7,0,5.656275014467316,-0.6562750144673162,-94.82368024190623,14.678011
651824997664,Butch Davis,FIU,2020,1,,4,0,4,0,1.3906922325462587,-1.3906922325462587,-99.99699471816143,0.0
651824997664,Butch Davis,FIU,2021,1,,11,0,11,0,2.8939829964533104,-2.8939829964533104,-257.44801141561925,1.0
539852445317,Butch Jones,Central Michigan,2007,1,,13,8,5,0,7.529871646759183,0.4701283532408169,23.98619657017639,21.849186
539852445317,Butch Jones,Central Michigan,2008,1,,12,7,5,0,7.433943591373978,-0.4339435913739784,-76.54063324264212,17.915982
539852445317,Butch Jones,Central Michigan,2009,1,,13,11,2,0,8.108896705368727,2.8911032946312734,187.39048080005819,29.20716
539852445317,Butch Jones,Cincinnati,2010,1,,11,3,8,0,6.733856608537346,-3.733856608537346,-200.7291528457347,7.426941
539852445317,Butch Jones,Cincinnati,2011,1,,12,9,3,0,6.994184491021549,2.0058155089784506,44.87308420232648,24.511528
539852445317,Butch Jones,Cincinnati,2012,1,,11,8,3,0,6.297964957812452,1.702035042187548,42.36907120628939,22.55567
539852445317,Butch Jones,Tennessee,2013,1,,11,4,7,0,4.3524353202935915,-0.3524353202935915,-3.706818905891396,12.265295
539852445317,Butch Jones,Tennessee,2014,1,,12,6,6,0,5.150346058703047,0.8496539412969533,199.0386083401711,17.124915
539852445317,Butch Jones,Tennessee,2015,1,,12,8,4,0,7.536720089871152,0.46327991012884784,81.7581555732163,21.86683
539852445317,Butch Jones,Tennessee,2016,1,,12,8,4,0,7.52232504184295,0.4776749581570501,4.993381666515461,22.227686
539852445317,Butch Jones,Tennessee,2017,0,"two head coaches this season, and the feed does not say which games",,,,,,,,
539852445317,Butch Jones,Arkansas State,2021,1,,11,1,10,0,2.710203172209894,-1.7102031722098938,-99.92189885971356,3.172676
539852445317,Butch Jones,Arkansas State,2022,1,,11,2,9,0,3.5813756037869195,-1.5813756037869195,-109.08882984097295,5.330337
539852445317,Butch Jones,Arkansas State,2023,1,,12,5,7,0,4.110907313341048,0.8890926866589517,128.9333772432442,15.641722
539852445317,Butch Jones,Arkansas State,2024,1,,12,7,5,0,5.193017504282135,1.8069824957178646,18.932843257414106,20.29589
539852445317,Butch Jones,Arkansas State,2025,1,,12,6,6,0,5.6066454873745,0.3933545126254998,7.830596733432003,15.977438
539852445317,Butch Jones,Arkansas State,2026,1,,4,1,3,0,1.7941037193071503,-0.7941037193071503,-73.23826272660494,2.505479
399622223195,Cadillac Williams,Auburn,2022,0,"two head coaches this season, and the feed does not say which games",,,,,,,,
417643126385,Cam Cameron,Indiana,1997,1,,11,2,9,0,3.3827438102089054,-1.3827438102089054,-170.0634978476553,5.571855
417643126385,Cam Cameron,Indiana,1998,1,,11,4,7,0,3.7003727542882774,0.2996272457117226,21.238014945799932,12.251074
417643126385,Cam Cameron,Indiana,1999,1,,11,4,7,0,3.6904457228169156,0.30955427718308437,13.352773753030078,11.654317
417643126385,Cam Cameron,Indiana,2000,1,,11,3,8,0,3.7231850118709615,-0.7231850118709615,-5.712063467045255,9.032572
417643126385,Cam Cameron,Indiana,2001,1,,11,5,6,0,4.196850292190775,0.8031497078092249,172.0301478200363,16.267705
805856917178,Carl Franks,Duke,1999,1,,11,3,8,0,2.5882061752868193,0.4117938247131807,23.194974750174197,10.808665
805856917178,Carl Franks,Duke,2000,1,,11,0,11,0,2.1305247014182993,-2.1305247014182993,-226.33714058081318,0.0
805856917178,Carl Franks,Duke,2001,1,,11,0,11,0,1.364977482787003,-1.364977482787003,-123.53663849942336,0.0
805856917178,Carl Franks,Duke,2002,1,,12,2,10,0,2.2711692055625323,-0.2711692055625323,37.85420040397844,6.738325
805856917178,Carl Franks,Duke,2003,0,"two head coaches this season, and the feed does not say which games",,,,,,,,
573291523727,Carl Pelini,FAU,2012,1,,11,2,9,0,2.433813155369586,-0.43381315536958587,74.63039041650654,7.402998
573291523727,Carl Pelini,FAU,2013,0,"two head coaches this season, and the feed does not say which games",,,,,,,,
573291523727,Carl Pelini,Bowling Green,2018,0,"two head coaches this season, and the feed does not say which games",,,,,,,,
696765764998,Carl Torbush,North Carolina,1998,1,,12,7,5,0,7.751454252830692,-0.7514542528306922,-88.96048672982533,17.825643
696765764998,Carl Torbush,North Carolina,1999,1,,10,3,7,0,4.736589408251577,-1.736589408251577,-181.52964267225366,8.507665
696765764998,Carl Torbush,North Carolina,2000,1,,11,6,5,0,4.809985219701132,1.1900147802988679,61.58259997112009,17.354267
342747284113,Casey Woods,Missouri State,2026,1,,3,0,3,0,0.733334010346266,-0.733334010346266,-38.482010396164924,0.0
601482025573,Chad Lunsford,Georgia Southern,2017,0,"two head coaches this season, and the feed does not say which games",,,,,,,,
601482025573,Chad Lunsford,Georgia Southern,2018,1,,12,9,3,0,6.244752727126104,2.7552472728738957,75.51651050040346,25.505683
601482025573,Chad Lunsford,Georgia Southern,2019,1,,12,6,6,0,6.032467905556717,-0.03246790555671719,-44.8714187177477,16.962615
601482025573,Chad Lunsford,Georgia Southern,2020,1,,12,7,5,0,6.706680967174572,0.29331903282542804,84.60171283448017,18.388824
601482025573,Chad Lunsford,Georgia Southern,2021,0,"two head coaches this season, and the feed does not say which games",,,,,,,,
601482025573,Chad Lunsford,FAU,2024,0,"two head coaches this season, and the feed does not say which games",,,,,,,,
465181082935,Chad Morris,SMU,2015,1,,11,2,9,0,2.5745941247479767,-0.5745941247479767,-4.208795770470942,5.913093
465181082935,Chad Morris,SMU,2016,1,,11,4,7,0,3.4007152079737564,0.5992847920262436,55.60769539303715,13.836118
465181082935,Chad Morris,SMU,2017,1,,12,6,6,0,5.823931538287808,0.17606846171219193,-7.038767030752524,16.328508
465181082935,Chad Morris,Arkansas,2018,1,,11,1,10,0,3.0607789205476736,-2.0607789205476736,-109.61614655794642,2.717281
465181082935,Chad Morris,Arkansas,2019,0,"two head coaches this season, and the feed does not say which games",,,,,,,,
981377191562,Chad Scott,West Virginia,2024,0,"two head coaches this season, and the feed does not say which games",,,,,,,,
649276908200,Chad Staggs,Coastal Carolina,2022,0,"two head coaches this season, and the feed does not say which games",,,,,,,,
574802579855,Chan Gailey,Georgia Tech,2002,1,,13,7,6,0,7.8276344683871715,-0.8276344683871715,-57.76242379323003,18.513539
574802579855,Chan Gailey,Georgia Tech,2003,1,,13,7,6,0,6.802888578686267,0.19711142131373283,39.72353882655807,19.858112
574802579855,Chan Gailey,Georgia Tech,2004,1,,11,6,5,0,5.880069383395469,0.11993061660453108,138.65051813750915,17.216669
574802579855,Chan Gailey,Georgia Tech,2005,1,,12,7,5,0,7.367742255402905,-0.36774225540290484,-58.97868853946056,19.215082
574802579855,Chan Gailey,Georgia Tech,2006,1,,13,8,5,0,8.162663354724193,-0.16266335472419335,31.257419258705568,20.558211
574802579855,Chan Gailey,Georgia Tech,2007,0,"two head coaches this season, and the feed does not say which games",,,,,,,,
715986704493,Chandler Burks,Kennesaw State,2024,0,"two head coaches this season, and the feed does not say which games",,,,,,,,
374954076055,Charles Huff,Marshall,2021,1,,12,6,6,0,6.823752629953886,-0.8237526299538862,49.93021013415728,16.007126
374954076055,Charles Huff,Marshall,2022,1,,11,7,4,0,6.891861216366585,0.10813878363341534,128.35637152808386,17.363617
374954076055,Charles Huff,Marshall,2023,1,,12,5,7,0,6.762590888854257,-1.7625908888542572,-141.6822610638967,12.955359
374954076055,Charles Huff,Marshall,2024,1,,12,9,3,0,6.3656560324476406,2.6343439675523594,144.00394772213804,24.786647
374954076055,Charles Huff,Southern Miss,2025,0,"two head coaches this season, and the feed does not say which games",,,,,,,,
374954076055,Charles Huff,Memphis,2026,1,,4,3,1,0,2.343362599412917,0.656637400587083,53.666183859095554,8.081085
238750177089,Charles Kelly,Jacksonville State,2025,1,,13,8,5,0,7.789840359990019,0.210159640009981,-82.39817772874858,19.75293
238750177089,Charles Kelly,Jacksonville State,2026,1,,4,2,2,0,1.9782631715036052,0.0217368284963948,-15.067980730371346,6.518497
461208408688,Charley Molnar,Massachusetts,2012,1,,12,1,11,0,4.080017466796696,-3.080017466796696,-355.9187485513078,
461208408688,Charley Molnar,Massachusetts,2013,1,,11,1,10,0,2.682687898060218,-1.6826878980602178,-108.58627650288145,2.732763
646898214518,Charley Pell,Florida,1980,1,,12,8,4,0,6.735783122792734,1.2642168772072662,108.6173373514398,0.0
646898214518,Charley Pell,Florida,1981,1,,11,6,5,0,6.361089232091903,-0.3610892320919028,29.147513058773484,0.0
646898214518,Charley Pell,Florida,1982,1,,11,7,4,0,6.062101654518138,0.9378983454818623,41.60175728514673,0.0
646898214518,Charley Pell,Florida,1983,1,,11,8,2,1,6.573733549691939,1.926266450308061,256.98403464864623,0.0
646898214518,Charley Pell,Florida,1984,1,,11,9,1,1,8.006591954928815,1.4934080450711846,185.99097471219306,0.0
1091622149838,Charlie Bailey,Memphis,1986,1,,10,1,9,0,2.84761395728942,-1.8476139572894201,-256.36677914168945,3.445705
1091622149838,Charlie Bailey,Memphis,1987,1,,10,5,5,0,2.9752978486352393,2.0247021513647607,210.1039753879479,16.96694
1091622149838,Charlie Bailey,Memphis,1988,1,,10,5,5,0,4.3879116090609145,0.6120883909390855,91.1832483949654,15.54015
1091622149838,Charlie Bailey,UTEP,1993,0,"two head coaches this season, and the feed does not say which games",,,,,,,,
1091622149838,Charlie Bailey,UTEP,1994,1,,10,2,7,1,1.9083629762086964,0.5916370237913036,49.26379287666191,8.72386
1091622149838,Charlie Bailey,UTEP,1995,1,,11,1,10,0,2.061272453251594,-1.0612724532515938,-149.65038349091787,3.574228
1091622149838,Charlie Bailey,UTEP,1996,1,,11,2,9,0,3.261284770876087,-1.2612847708760868,-107.22115750523358,6.030771
1091622149838,Charlie Bailey,UTEP,1997,1,,11,4,7,0,3.151025288749943,0.8489747112500572,127.07576917448591,12.60345
1091622149838,Charlie Bailey,UTEP,1998,1,,11,3,8,0,3.383077976921229,-0.3830779769212289,-70.18576185914094,9.107581
1091622149838,Charlie Bailey,UTEP,1999,1,,12,5,7,0,4.600181540065697,0.39981845993430287,-51.90492776065503,15.052362
455442676609,Charlie Partridge,FAU,2014,1,,12,3,9,0,4.887357337295845,-1.8873573372958452,-186.22246639152013,9.256699
455442676609,Charlie Partridge,FAU,2015,1,,12,3,9,0,3.904642061736185,-0.904642061736185,26.071096488727335,8.293054
455442676609,Charlie Partridge,FAU,2016,1,,11,2,9,0,4.04509490497464,-2.04509490497464,-163.71319636555222,6.213375
306776002090,Charlie Sadler,Northern Illinois,1991,1,,10,1,9,0,3.433988392128406,-2.433988392128406,-270.062085450498,2.639059
306776002090,Charlie Sadler,Northern Illinois,1992,1,,8,3,5,0,3.144483807811019,-0.1444838078110191,42.177737430054094,9.144459
306776002090,Charlie Sadler,Northern Illinois,1993,1,,9,2,7,0,3.2810054126480503,-1.2810054126480503,-142.8818996955315,5.863707
306776002090,Charlie Sadler,Northern Illinois,1994,1,,9,3,6,0,2.9423847467513586,0.05761525324864136,47.19608869684316,8.721233
306776002090,Charlie Sadler,Northern Illinois,1995,1,,11,3,8,0,4.147699817276633,-1.1476998172766333,-231.9894658216433,8.696073
54513161351,Charlie Strong,Florida,2004,0,"two head coaches this season, and the feed does not say which games",,,,,,,,
54513161351,Charlie Strong,Louisville,2010,1,,12,6,6,0,5.22163609968343,0.7783639003165703,136.05840253973452,19.016732
54513161351,Charlie Strong,Louisville,2011,1,,12,6,6,0,6.2647743905456155,-0.26477439054561547,4.242764255731117,18.360541
54513161351,Charlie Strong,Louisville,2012,1,,12,10,2,0,7.305938642343864,2.6940613576561363,94.9020466993918,29.309437
54513161351,Charlie Strong,Louisville,2013,1,,12,11,1,0,9.487574404741316,1.5124255952586836,186.9183776052248,26.228535
54513161351,Charlie Strong,Texas,2014,1,,13,6,7,0,6.487723236427328,-0.4877232364273283,28.346546146491846,16.134827
54513161351,Charlie Strong,Texas,2015,1,,12,5,7,0,5.10633045783954,-0.10633045783954032,-149.8591548266736,15.33738
54513161351,Charlie Strong,Texas,2016,1,,12,5,7,0,5.898646944700564,-0.8986469447005643,77.79916423510485,15.67772
54513161351,Charlie Strong,South Florida,2017,1,,11,9,2,0,8.186346520221598,0.8136534797784023,55.26384672077302,21.963502
54513161351,Charlie Strong,South Florida,2018,1,,12,6,6,0,7.450384871287013,-1.4503848712870129,-183.45131523240343,14.309073
54513161351,Charlie Strong,South Florida,2019,1,,11,3,8,0,3.657746318459928,-0.6577463184599281,-86.18777694370033,8.568574
858396616695,Charlie Weatherbie,Utah State,1992,1,,9,3,6,0,3.4743204568091963,-0.4743204568091963,-1.13805673342722,8.62088
858396616695,Charlie Weatherbie,Utah State,1993,1,,11,6,5,0,5.055353162696618,0.9446468373033818,74.16461898580155,17.785211
858396616695,Charlie Weatherbie,Utah State,1994,1,,9,3,6,0,4.390320447007307,-1.3903204470073067,-115.09897650853009,8.23786
858396616695,Charlie Weatherbie,Navy,1995,1,,9,3,6,0,3.3540578989263423,-0.3540578989263423,41.39925920226051,9.497932
858396616695,Charlie Weatherbie,Navy,1996,1,,11,8,3,0,5.529204410030261,2.4707955899697387,200.35902490584067,23.338938
858396616695,Charlie Weatherbie,Navy,1997,1,,9,5,4,0,5.53895800026004,-0.53895800026004,2.9953010062563408,12.860348
858396616695,Charlie Weatherbie,Navy,1998,1,,10,2,8,0,4.538754591141777,-2.5387545911417773,-275.12374929073985,5.51201
858396616695,Charlie Weatherbie,Navy,1999,1,,12,5,7,0,4.580767422960145,0.41923257703985506,89.6523623180708,14.592765
858396616695,Charlie Weatherbie,Navy,2000,1,,11,1,10,0,3.3220976860822344,-2.3220976860822344,-277.299838492788,2.936725
858396616695,Charlie Weatherbie,Navy,2001,1,,10,0,10,0,1.843958206032732,-1.843958206032732,-167.10798776984666,0.0
858396616695,Charlie Weatherbie,ULM,2003,1,,10,1,9,0,3.0062266919027465,-2.0062266919027465,-211.25590434673381,2.982006
858396616695,Charlie Weatherbie,ULM,2004,1,,10,4,6,0,2.5184697667277423,1.4815302332722577,74.72362894174194,9.453579
858396616695,Charlie Weatherbie,ULM,2005,1,,10,5,5,0,4.373604724647787,0.6263952753522126,35.46059625688963,15.212642
858396616695,Charlie Weatherbie,ULM,2006,1,,11,3,8,0,3.7876606611030432,-0.7876606611030432,51.71261495534918,9.096287
858396616695,Charlie Weatherbie,ULM,2007,1,,11,5,6,0,4.657965356300457,0.3420346436995434,27.326061419197003,15.221616
858396616695,Charlie Weatherbie,ULM,2008,1,,11,3,8,0,4.213341883157798,-1.2133418831577982,-197.2193165358458,9.294382
858396616695,Charlie Weatherbie,ULM,2009,1,,11,5,6,0,4.110052490746052,0.8899475092539477,61.65071213741476,14.388469
522695817749,Charlie Weis,Notre Dame,2005,1,,12,9,3,0,7.385951027269803,1.6140489727301972,170.39351428849045,24.801357
522695817749,Charlie Weis,Notre Dame,2006,1,,13,10,3,0,8.49567047022668,1.5043295297733206,-3.0537793708763274,25.197249
522695817749,Charlie Weis,Notre Dame,2007,1,,12,3,9,0,4.622137899392671,-1.622137899392671,-277.50903667155285,9.927955
522695817749,Charlie Weis,Notre Dame,2008,1,,13,7,6,0,5.800366128284979,1.1996338717150206,152.2523014294943,21.886088
522695817749,Charlie Weis,Notre Dame,2009,1,,12,6,6,0,7.19340918315657,-1.1934091831565699,32.51208597135724,16.315853
522695817749,Charlie Weis,Kansas,2012,1,,11,0,11,0,1.742195403407218,-1.742195403407218,-90.4324905222013,1.0
522695817749,Charlie Weis,Kansas,2013,1,,11,2,9,0,1.663854224387634,0.336145775612366,-8.046210609564014,6.837047
522695817749,Charlie Weis,Kansas,2014,1,,11,2,9,0,2.0768744888662267,-0.07687448886622672,-0.2223839639320886,6.444219
597552903717,Chester Caddas,Colorado State,1981,0,"two head coaches this season, and the feed does not say which games",,,,,,,,
1058088265647,Chip Kelly,Oregon,2009,1,,13,10,3,0,9.065364429372236,0.9346355706277638,45.805898547259176,25.653932
1058088265647,Chip Kelly,Oregon,2010,1,,12,11,1,0,9.401450653481167,1.5985493465188334,65.68488484758632,25.908126
1058088265647,Chip Kelly,Oregon,2011,1,,13,11,2,0,9.307537350308618,1.6924626496913824,128.54903549949108,27.058019
1058088265647,Chip Kelly,Oregon,2012,1,,12,11,1,0,9.432807202337898,1.567192797662102,38.445132449612856,26.501906
1058088265647,Chip Kelly,UCLA,2018,1,,12,3,9,0,3.805627477186408,-0.805627477186408,-44.17004520504224,9.662695
1058088265647,Chip Kelly,UCLA,2019,1,,12,4,8,0,4.805653977620093,-0.8056539776200928,-3.4315106890221614,12.93717
1058088265647,Chip Kelly,UCLA,2020,1,,7,3,4,0,3.1992049304972086,-0.19920493049720855,12.710512219689917,9.583131
1058088265647,Chip Kelly,UCLA,2021,1,,12,8,4,0,6.5758539860091405,1.4241460139908595,144.77978460226996,23.391308
1058088265647,Chip Kelly,UCLA,2022,1,,12,8,4,0,7.989454440941202,0.010545559058797949,-33.676542579474244,20.095331
1058088265647,Chip Kelly,UCLA,2023,1,,12,7,5,0,6.7335718694562665,0.2664281305437335,90.76089028581396,19.968557
682505495398,Chip Lindsey,Troy,2019,1,,11,4,7,0,6.0955335573621925,-2.0955335573621925,-101.70362599671626,10.216212
682505495398,Chip Lindsey,Troy,2020,1,,10,4,6,0,5.057308054280641,-1.0573080542806412,-44.53460140542256,10.961148
682505495398,Chip Lindsey,Troy,2021,0,"two head coaches this season, and the feed does not say which games",,,,,,,,
1075812423621,Chris Ash,Rutgers,2016,1,,11,1,10,0,3.246730835152599,-2.246730835152599,-154.39076088629918,2.645351
1075812423621,Chris Ash,Rutgers,2017,1,,11,3,8,0,2.5036516596961516,0.49634834030384845,20.558292270636457,9.891828
1075812423621,Chris Ash,Rutgers,2018,1,,12,1,11,0,2.966121772970672,-1.9661217729706721,-161.48143590195696,2.525718
1075812423621,Chris Ash,Rutgers,2019,0,"two head coaches this season, and the feed does not say which games",,,,,,,,
745692189432,Chris Ault,Nevada,1992,1,,7,3,4,0,3.701277065982145,-0.7012770659821448,-118.49903576219322,0.0
745692189432,Chris Ault,Nevada,1994,1,,8,7,1,0,6.120372500740622,0.879627499259378,118.47209280565676,15.188356
745692189432,Chris Ault,Nevada,1995,1,,11,8,3,0,8.051847013211773,-0.05184701321177343,28.003452346492395,17.325907
745692189432,Chris Ault,Nevada,2004,1,,11,4,7,0,4.886284858415687,-0.8862848584156868,-116.79953872452415,11.000289
745692189432,Chris Ault,Nevada,2005,1,,12,9,3,0,6.369373003697004,2.630626996302996,245.876396539677,25.117884
745692189432,Chris Ault,Nevada,2006,1,,13,8,5,0,8.200018952105946,-0.2000189521059461,40.29644210973811,19.829981
745692189432,Chris Ault,Nevada,2007,1,,12,5,7,0,7.096449935335674,-2.0964499353356736,-137.41375614722278,12.928383
745692189432,Chris Ault,Nevada,2008,1,,12,6,6,0,6.599884969639745,-0.5998849696397448,103.66997771883416,15.819642
745692189432,Chris Ault,Nevada,2009,1,,13,8,5,0,8.568807842888212,-0.5688078428882122,23.69469676418521,19.180753
745692189432,Chris Ault,Nevada,2010,1,,13,12,1,0,9.414907632651826,2.5850923673481745,173.66595580416765,30.864216
745692189432,Chris Ault,Nevada,2011,1,,13,7,6,0,9.357554250921943,-2.357554250921943,-63.27201233691676,15.582971
745692189432,Chris Ault,Nevada,2012,1,,12,6,6,0,7.735590641308281,-1.7355906413082813,-97.35525302270162,13.625034
973492638126,Chris Creighton,Eastern Michigan,2014,1,,11,1,10,0,2.1300192747280904,-1.1300192747280904,-109.1426280625883,3.502588
973492638126,Chris Creighton,Eastern Michigan,2015,1,,12,1,11,0,3.1053290996594676,-2.1053290996594676,-132.47352077414507,3.53065
973492638126,Chris Creighton,Eastern Michigan,2016,1,,12,6,6,0,3.509543587567889,2.490456412432111,126.25396777576702,21.430979
973492638126,Chris Creighton,Eastern Michigan,2017,1,,12,5,7,0,4.717847953613612,0.282152046386388,40.334431696731826,17.423206
973492638126,Chris Creighton,Eastern Michigan,2018,1,,12,6,6,0,5.731286943571679,0.26871305642832066,29.312469228257214,19.055813
973492638126,Chris Creighton,Eastern Michigan,2019,1,,12,5,7,0,5.87689508784648,-0.8768950878464796,-96.60495390656638,15.773014
973492638126,Chris Creighton,Eastern Michigan,2020,1,,6,2,4,0,2.325862623038378,-0.3258626230383781,-88.97227846250553,6.574959
973492638126,Chris Creighton,Eastern Michigan,2021,1,,12,6,6,0,4.834056529564412,1.1659434704355878,-30.874649694840173,18.44006
973492638126,Chris Creighton,Eastern Michigan,2022,1,,12,8,4,0,6.074743554152543,1.9252564458474568,150.20741889837018,23.850849
973492638126,Chris Creighton,Eastern Michigan,2023,1,,12,5,7,0,5.980024507453321,-0.9800245074533214,-203.36838482832923,13.390017
973492638126,Chris Creighton,Eastern Michigan,2024,1,,11,4,7,0,5.003577912848845,-1.0035779128488453,-85.87010111688778,11.306913
973492638126,Chris Creighton,Eastern Michigan,2025,1,,11,4,7,0,4.18951251708212,-0.1895125170821199,56.24042147783598,12.596112
973492638126,Chris Creighton,Eastern Michigan,2026,1,,5,2,3,0,2.1825797761511225,-0.18257977615112253,-31.76410613937105,3.020621
1025383612164,Chris Klieman,Kansas State,2019,1,,12,7,5,0,5.959030176163366,1.040969823836634,78.89125069486272,21.306825
1025383612164,Chris Klieman,Kansas State,2020,1,,10,4,6,0,4.451712413871685,-0.45171241387168504,-165.22583173764724,12.299074
1025383612164,Chris Klieman,Kansas State,2021,1,,12,7,5,0,6.080260746870676,0.9197392531293236,231.94256072008216,19.90758
1025383612164,Chris Klieman,Kansas State,2022,1,,13,9,4,0,7.495496745206718,1.5045032547932822,130.1939152783234,25.962445
1025383612164,Chris Klieman,Kansas State,2023,1,,12,8,4,0,8.195267589927674,-0.19526758992767412,54.33519256919794,21.409097
1025383612164,Chris Klieman,Kansas State,2024,1,,12,8,4,0,8.726982470993946,-0.7269824709939456,-2.663994428408614,19.866642
1025383612164,Chris Klieman,Kansas State,2025,1,,11,5,6,0,6.096143519544521,-1.0961435195445208,-62.8379138578041,13.624568
232305014254,Chris Naeole,Hawai'i,2015,0,"two head coaches this season, and the feed does not say which games",,,,,,,,
71406003492,Chris Pella,Utah State,1983,1,,7,3,4,0,1.8566200032974223,1.1433799967025777,77.94669340400742,
71406003492,Chris Pella,Utah State,1984,1,,8,0,8,0,1.9964540596477123,-1.9964540596477123,-269.8421538534585,
71406003492,Chris Pella,Utah State,1985,1,,8,2,6,0,1.7282664537623567,0.27173354623764334,17.935452851439322,6.345582
717896894544,Chris Petersen,Boise State,2006,1,,12,12,0,0,9.565501375918743,2.4344986240812574,145.96834952764766,28.783239
717896894544,Chris Petersen,Boise State,2007,1,,12,9,3,0,10.270478632333678,-1.2704786323336776,-86.7570216636152,19.558609
717896894544,Chris Petersen,Boise State,2008,1,,12,11,1,0,9.079368174290096,1.9206318257099042,95.02497064338604,26.381205
717896894544,Chris Petersen,Boise State,2009,1,,13,13,0,0,10.571423005541131,2.4285769944588687,162.76973712399308,30.511962
717896894544,Chris Petersen,Boise State,2010,1,,13,12,1,0,11.254145322621024,0.7458546773789756,76.90032395102367,27.868372
717896894544,Chris Petersen,Boise State,2011,1,,13,12,1,0,11.221732839021069,0.7782671609789311,77.83825804298976,26.465874
717896894544,Chris Petersen,Boise State,2012,1,,13,11,2,0,10.63326329729668,0.3667367027033208,-84.33616957929985,24.903735
717896894544,Chris Petersen,Boise State,2013,1,,12,7,5,0,8.200446729665085,-1.2004467296650851,-90.02703546729322,17.364735
717896894544,Chris Petersen,Washington,2014,1,,13,7,6,0,7.492686544656865,-0.49268654465686534,-88.66047300369814,17.251132
717896894544,Chris Petersen,Washington,2015,1,,12,6,6,0,5.177387979393417,0.8226120206065826,111.46360908447218,17.731856
717896894544,Chris Petersen,Washington,2016,1,,13,11,2,0,9.009351993133535,1.990648006866465,308.72916798485244,28.410525
717896894544,Chris Petersen,Washington,2017,1,,12,9,3,0,9.734187597367141,-0.734187597367141,-78.63939414069887,20.858924
717896894544,Chris Petersen,Washington,2018,1,,13,9,4,0,8.580704290109535,0.4192957098904646,94.84391629510151,24.345254
717896894544,Chris Petersen,Washington,2019,1,,12,7,5,0,7.904698897514166,-0.9046988975141659,-79.57258838628627,18.876828
21770300324,Chris Scelfo,Tulane,1999,1,,11,3,8,0,6.7272293130053,-3.7272293130053002,-457.87577889242084,6.802236
21770300324,Chris Scelfo,Tulane,2000,1,,11,6,5,0,4.776911964531045,1.2230880354689546,142.579250431751,17.006241
21770300324,Chris Scelfo,Tulane,2001,1,,11,2,9,0,3.953181217761096,-1.953181217761096,-160.65926908384927,6.346897
21770300324,Chris Scelfo,Tulane,2002,1,,12,7,5,0,5.860228422450106,1.1397715775498938,139.7381604498887,20.318436
21770300324,Chris Scelfo,Tulane,2003,1,,11,4,7,0,5.102159922226899,-1.1021599222268987,-102.14393326303684,10.951166
21770300324,Chris Scelfo,Tulane,2004,1,,10,4,6,0,3.7955346998209887,0.20446530017901132,32.69040622220723,12.734554
21770300324,Chris Scelfo,Tulane,2005,1,,10,1,9,0,4.399845280809926,-3.3998452808099264,-237.93383737953513,2.772846
21770300324,Chris Scelfo,Tulane,2006,1,,12,4,8,0,4.01401473866776,-0.014014738667760263,30.836864166245277,12.050161
770475326777,Chris Tormey,Idaho,1996,1,,7,3,4,0,4.104723241187533,-1.104723241187533,-67.18072631668679,
770475326777,Chris Tormey,Idaho,1997,1,,7,2,5,0,3.755906406537933,-1.755906406537933,-203.91271821735722,5.406685
770475326777,Chris Tormey,Idaho,1998,1,,10,7,3,0,4.302194090416121,2.697805909583879,200.09022677011262,21.455286
770475326777,Chris Tormey,Idaho,1999,1,,9,5,4,0,5.797715248383058,-0.7977152483830583,-137.77259379334782,12.961939
770475326777,Chris Tormey,Nevada,2000,1,,12,2,10,0,2.5398859403952994,-0.5398859403952994,-107.29763997634223,7.21241
770475326777,Chris Tormey,Nevada,2001,1,,11,3,8,0,2.772671029049323,0.22732897095067717,48.17814185045472,9.400942
770475326777,Chris Tormey,Nevada,2002,1,,12,5,7,0,4.785979011229142,0.21402098877085773,56.448915847746775,14.563992
770475326777,Chris Tormey,Nevada,2003,1,,11,5,6,0,5.196591672363538,-0.19659167236353792,-10.502833825979906,15.312076
662137545044,Chris Woods,Texas State,2018,0,"two head coaches this season, and the feed does not say which games",,,,,,,,
827232837099,Chuck Amato,NC State,2000,1,,12,8,4,0,6.512504124591111,1.4874958754088894,143.65588576614505,22.046486
827232837099,Chuck Amato,NC State,2001,1,,12,7,5,0,7.200940113555494,-0.20094011355549402,-5.53943322287364,18.313613
827232837099,Chuck Amato,NC State,2002,1,,12,9,3,0,7.339618599238216,1.6603814007617839,183.28580727221674,25.032223
827232837099,Chuck Amato,NC State,2003,1,,12,7,5,0,7.718439580048093,-0.7184395800480932,11.059392119801032,19.341327
827232837099,Chuck Amato,NC State,2004,1,,10,4,6,0,6.283755306505197,-2.2837553065051974,-5.651834581642106,10.530432
827232837099,Chuck Amato,NC State,2005,1,,11,6,5,0,5.751607997618849,0.24839200238115122,-34.53238521123194,17.787833
827232837099,Chuck Amato,NC State,2006,1,,11,2,9,0,4.76930436049326,-2.76930436049326,-165.5884501970072,6.747006
154670121010,Chuck Banker,Iowa State,1986,0,"two head coaches this season, and the feed does not say which games",,,,,,,,
629787161463,Chuck Fairbanks,Colorado,1980,1,,10,1,9,0,3.065657518464173,-2.065657518464173,-265.31588499100303,
629787161463,Chuck Fairbanks,Colorado,1981,1,,11,3,8,0,2.385607619633223,0.6143923803667768,12.159041606246092,
476276569387,Chuck Long,San Diego State,2006,1,,11,3,8,0,4.069505023862797,-1.0695050238627974,-58.06672754892247,8.614081
476276569387,Chuck Long,San Diego State,2007,1,,11,3,8,0,2.8894264088196917,0.1105735911803083,-63.627931833975936,9.550343
476276569387,Chuck Long,San Diego State,2008,1,,11,2,9,0,3.2593237186967645,-1.2593237186967645,-87.84881296168419,5.46364
828066277084,Chuck Martin,Miami (OH),2014,1,,11,2,9,0,2.0913149089233167,-0.09131490892331673,-22.01505739368372,5.951481
828066277084,Chuck Martin,Miami (OH),2015,1,,11,2,9,0,2.3992661060201472,-0.3992661060201472,22.039176075517616,6.074171
828066277084,Chuck Martin,Miami (OH),2016,1,,12,6,6,0,4.094161287377849,1.9058387126221508,116.6052798894982,18.193669
828066277084,Chuck Martin,Miami (OH),2017,1,,11,4,7,0,5.768404050901003,-1.7684040509010028,-42.28091076754686,11.574384
828066277084,Chuck Martin,Miami (OH),2018,1,,12,6,6,0,4.792499612699455,1.207500387300545,42.18708461458732,19.197196
828066277084,Chuck Martin,Miami (OH),2019,1,,13,7,6,0,5.791872028811842,1.2081279711881576,-27.64189832585339,20.057664
828066277084,Chuck Martin,Miami (OH),2020,1,,3,2,1,0,1.7368133717244358,0.26318662827556416,-20.241965226228103,5.07083
828066277084,Chuck Martin,Miami (OH),2021,1,,12,6,6,0,5.761509544567804,0.2384904554321956,31.523471924589103,17.729658
828066277084,Chuck Martin,Miami (OH),2022,1,,12,5,7,0,5.424414067806565,-0.4244140678065653,-107.49295770579488,14.481191
828066277084,Chuck Martin,Miami (OH),2023,1,,13,10,3,0,6.206030300286078,3.793969699713922,69.45103579261308,29.629555
828066277084,Chuck Martin,Miami (OH),2024,1,,14,9,5,0,7.503432749515291,1.4965672504847092,3.628124042284071,24.551485
828066277084,Chuck Martin,Miami (OH),2025,1,,13,6,7,0,6.576900781493232,-0.5769007814932321,-84.86966809889145,16.110927
828066277084,Chuck Martin,Miami (OH),2026,1,,4,1,3,0,1.820521378002891,-0.820521378002891,-116.13061647444965,2.94013
176767522099,Chuck Reedy,Baylor,1993,1,,11,5,6,0,5.980862002547274,-0.9808620025472736,-210.5781149638376,13.571411
176767522099,Chuck Reedy,Baylor,1994,1,,12,7,5,0,6.587130408374474,0.41286959162552606,29.810751299730782,18.288787
176767522099,Chuck Reedy,Baylor,1995,1,,11,7,4,0,5.930281722177104,1.0697182778228962,92.36446943104102,18.925642
176767522099,Chuck Reedy,Baylor,1996,1,,11,4,7,0,5.919342454195641,-1.9193424541956414,-217.0572540652713,10.515648
140929448053,Chuck Shelton,Utah State,1986,1,,8,2,6,0,2.5825374465812154,-0.5825374465812154,-90.83840844902807,5.92713
140929448053,Chuck Shelton,Utah State,1987,1,,8,3,5,0,1.9876254624031235,1.0123745375968765,85.22624878302213,9.615585
140929448053,Chuck Shelton,Utah State,1988,1,,8,2,6,0,3.1801425370687975,-1.1801425370687975,-149.8658365200854,5.173711
140929448053,Chuck Shelton,Utah State,1989,1,,8,2,6,0,2.090989634060298,-0.09098963406029803,-47.46205804306851,5.956139
140929448053,Chuck Shelton,Utah State,1990,1,,8,2,5,1,2.52650211770412,-0.026502117704120032,-22.80181634259293,6.99015
140929448053,Chuck Shelton,Utah State,1991,1,,8,3,5,0,2.3764691976720047,0.6235308023279953,18.076854640809415,9.036603
1054211640175,Chuck Stobart,Toledo,1980,1,,10,4,6,0,4.4988456277547915,-0.49884562775479147,-71.71947998549217,
1054211640175,Chuck Stobart,Toledo,1981,1,,12,9,3,0,6.714379426423942,2.2856205735760584,222.8133746828239,0.0
1054211640175,Chuck Stobart,Utah,1982,1,,10,4,6,0,5.608128148350555,-1.6081281483505547,-78.11338940108749,
1054211640175,Chuck Stobart,Utah,1983,1,,10,4,6,0,4.883331198908342,-0.8833311989083423,-51.57427204108171,
1054211640175,Chuck Stobart,Utah,1984,1,,11,5,5,1,5.656328641126058,-0.15632864112605827,70.77372811532405,
1054211640175,Chuck Stobart,Memphis,1989,1,,10,2,8,0,4.143366125678803,-2.143366125678803,-250.4646720374451,5.525451
1054211640175,Chuck Stobart,Memphis,1990,1,,10,3,6,1,3.384045113109961,0.11595488689003908,46.53383222867865,9.073398
1054211640175,Chuck Stobart,Memphis,1991,1,,11,5,6,0,4.532745710769179,0.46725428923082113,79.96730085500894,15.530026
1054211640175,Chuck Stobart,Memphis,1992,1,,11,6,5,0,6.486803321565858,-0.4868033215658576,88.60223668874892,15.879709
1054211640175,Chuck Stobart,Memphis,1993,1,,11,6,5,0,6.578992027369782,-0.5789920273697824,1.2017452973136642,17.058212
1054211640175,Chuck Stobart,Memphis,1994,1,,11,6,5,0,6.333186506762177,-0.33318650676217665,-113.84762209345195,16.215013
428410175883,Clark Lea,Vanderbilt,2021,1,,11,2,9,0,2.2481161320636938,-0.24811613206369376,-73.04825913003651,5.991507
428410175883,Clark Lea,Vanderbilt,2022,1,,11,4,7,0,2.790082547248437,1.2099174527515628,228.1933553263841,14.101276
428410175883,Clark Lea,Vanderbilt,2023,1,,11,1,10,0,3.357076936558001,-2.357076936558001,-164.23094480937084,2.454799
428410175883,Clark Lea,Vanderbilt,2024,1,,12,6,6,0,3.466975752755195,2.533024247244805,101.97528816733302,21.501285
428410175883,Clark Lea,Vanderbilt,2025,1,,12,9,3,0,6.746838136983923,2.253161863016077,271.5490632693193,25.87067
428410175883,Clark Lea,Vanderbilt,2026,1,,4,2,2,0,2.5132048268098828,-0.5132048268098828,-51.162442180271,4.701589
403842671466,Claude Gilbert,San Diego State,1980,1,,12,4,8,0,4.257490837469176,-0.25749083746917556,-143.59610487599366,
403842671466,Claude Gilbert,San Jose State,1984,1,,8,4,4,0,4.343706121900334,-0.34370612190033434,-42.17995757673043,
403842671466,Claude Gilbert,San Jose State,1985,1,,8,1,6,1,2.8631066202981117,-1.3631066202981117,-161.50481835540472,4.291976
403842671466,Claude Gilbert,San Jose State,1986,1,,9,7,2,0,3.963120859665387,3.036879140334613,307.0184486018611,21.300872
403842671466,Claude Gilbert,San Jose State,1987,1,,8,6,2,0,6.046378840737336,-0.04637884073733556,26.882517089887187,15.10633
403842671466,Claude Gilbert,San Jose State,1988,1,,9,3,6,0,4.979881413780596,-1.9798814137805962,-181.49113470729094,7.567644
403842671466,Claude Gilbert,San Jose State,1989,1,,8,4,4,0,3.838188224490835,0.16181177550916503,48.923410091199685,10.509273
891749900403,Clay Helton,USC,2013,0,"two head coaches this season, and the feed does not say which games",,,,,,,,
891749900403,Clay Helton,USC,2015,1,,14,8,6,0,7.890840767315331,0.10915923268466887,3.887610669142987,21.25681
891749900403,Clay Helton,USC,2016,1,,13,10,3,0,7.768773042234163,2.231226957765837,252.98080513954847,25.644383
891749900403,Clay Helton,USC,2017,1,,14,11,3,0,10.493991648556168,0.5060083514438318,4.663433836686863,26.241167
891749900403,Clay Helton,USC,2018,1,,12,5,7,0,8.100435152836997,-3.1004351528369973,-195.19264694789558,11.790835
891749900403,Clay Helton,USC,2019,1,,13,8,5,0,6.944326559466226,1.0556734405337744,92.59700234875413,23.103012
891749900403,Clay Helton,USC,2020,1,,6,5,1,0,3.8734862436324935,1.1265137563675065,77.45583915442671,13.182776
891749900403,Clay Helton,USC,2021,0,"two head coaches this season, and the feed does not say which games",,,,,,,,
891749900403,Clay Helton,Georgia Southern,2022,1,,12,5,7,0,4.609587046414663,0.39041295358533734,86.4791579429409,12.632563
891749900403,Clay Helton,Georgia Southern,2023,1,,12,5,7,0,5.604149080067811,-0.6041490800678107,-60.18719037552296,13.925998
891749900403,Clay Helton,Georgia Southern,2024,1,,12,7,5,0,5.298224498991928,1.701775501008072,68.99578204774502,21.949443
891749900403,Clay Helton,Georgia Southern,2025,1,,12,6,6,0,5.2490379691466975,0.7509620308533025,-35.87712652568007,18.111968
891749900403,Clay Helton,Georgia Southern,2026,1,,4,1,3,0,1.7777089275188236,-0.7777089275188236,-40.97168451576499,2.758082
209206354580,Cleve Bryant,Ohio,1985,1,,10,2,8,0,3.21350166507775,-1.2135016650777501,-125.15150289724147,6.826763
209206354580,Cleve Bryant,Ohio,1986,1,,10,1,9,0,2.5038267794260975,-1.5038267794260975,-106.87859522907797,3.508325
209206354580,Cleve Bryant,Ohio,1987,1,,10,0,10,0,1.7713179341663305,-1.7713179341663305,-172.40872104538175,0.0
209206354580,Cleve Bryant,Ohio,1988,1,,10,4,5,1,2.5089466694654123,1.9910533305345877,133.8245556966258,15.149327
209206354580,Cleve Bryant,Ohio,1989,1,,11,1,9,1,3.5164379447360337,-2.0164379447360337,-166.6740717336752,3.55501
119041814569,Colin Johnson,Ball State,2024,0,"two head coaches this season, and the feed does not say which games",,,,,,,,
144573506812,Collin Klein,Kansas State,2026,1,,3,2,1,0,1.9098127020113314,0.09018729798866865,58.048967368307785,5.317195
591499215206,Corky Nelson,North Texas,1982,0,this database holds no games for that team that season,,,,,,,,
485655074899,Cory Hall,Oregon State,2017,0,"two head coaches this season, and the feed does not say which games",,,,,,,,
655900104655,Craig Bohl,Wyoming,2014,1,,11,3,8,0,3.5694215918831707,-0.5694215918831707,-24.572536143585467,10.305296
655900104655,Craig Bohl,Wyoming,2015,1,,11,2,9,0,3.38847298178722,-1.3884729817872201,-105.1713728599741,6.093193
655900104655,Craig Bohl,Wyoming,2016,1,,13,7,6,0,5.64478441643566,1.3552155835643402,88.77574874320567,23.670757
655900104655,Craig Bohl,Wyoming,2017,1,,12,7,5,0,5.673681195229993,1.3263188047700067,54.029384705453595,21.237336
655900104655,Craig Bohl,Wyoming,2018,1,,11,5,6,0,5.001065625871214,-0.0010656258712140598,22.188630466545646,14.15292
655900104655,Craig Bohl,Wyoming,2019,1,,12,7,5,0,6.457707339438631,0.5422926605613689,13.693161613195116,19.927388
655900104655,Craig Bohl,Wyoming,2020,1,,6,2,4,0,3.3949080692137024,-1.3949080692137024,-95.24158216386172,6.670569
655900104655,Craig Bohl,Wyoming,2021,1,,12,6,6,0,6.601616851922659,-0.6016168519226586,43.32012629251085,17.099741
655900104655,Craig Bohl,Wyoming,2022,1,,12,6,6,0,5.810782535608789,0.189217464391211,-20.018979408030873,18.469472
655900104655,Craig Bohl,Wyoming,2023,1,,12,8,4,0,5.833896124795784,2.1661038752042163,137.9497016857497,22.777928
295414347174,Craig Cirbus,Buffalo,1999,1,,9,0,9,0,3.3755027635090404,-3.3755027635090404,-419.3612481688706,
295414347174,Craig Cirbus,Buffalo,2000,1,,11,2,9,0,2.346685543762075,-0.34668554376207483,-85.21707384686852,6.412957
709934758420,Curley Hallman,Southern Miss,1988,1,,10,8,2,0,5.816977130658868,2.1830228693411318,211.68982166618866,21.22573
709934758420,Curley Hallman,Southern Miss,1989,1,,11,5,6,0,5.990628286697114,-0.9906282866971141,-37.09128747109139,14.363129
709934758420,Curley Hallman,LSU,1991,1,,11,5,6,0,4.6194696013013266,0.38053039869867344,-2.7543586013623553,13.409682
709934758420,Curley Hallman,LSU,1992,1,,11,2,9,0,4.4426573544449335,-2.4426573544449335,-151.52202313591192,5.571321
709934758420,Curley Hallman,LSU,1993,1,,11,5,6,0,3.3971232633328525,1.6028767366671475,54.860575351977104,15.897826
709934758420,Curley Hallman,LSU,1994,1,,11,4,7,0,4.1286628891885595,-0.1286628891885595,80.34398451372999,11.675335
402787283896,Curt Cignetti,James Madison,2022,1,,10,7,3,0,6.621048069369078,0.37895193063092236,148.2592316410835,
402787283896,Curt Cignetti,James Madison,2023,0,"two head coaches this season, and the feed does not say which games",,,,,,,,
402787283896,Curt Cignetti,Indiana,2024,1,,12,10,2,0,7.1373711797441475,2.8626288202558525,346.5106972619833,27.388457
402787283896,Curt Cignetti,Indiana,2025,1,,15,15,0,0,11.087439071414664,3.9125609285853358,313.6920783840899,38.777367
402787283896,Curt Cignetti,Indiana,2026,1,,4,4,0,0,3.728838142675137,0.27116185732486286,12.657771826266753,8.26243
136220766716,Curtis Johnson,Tulane,2012,0,"two head coaches this season, and the feed does not say which games",,,,,,,,
136220766716,Curtis Johnson,Tulane,2013,1,,12,6,6,0,4.934104884302107,1.0658951156978933,182.3233498248594,19.117535
136220766716,Curtis Johnson,Tulane,2014,1,,11,2,9,0,3.576256816507833,-1.5762568165078328,-142.60209365550736,7.51068
136220766716,Curtis Johnson,Tulane,2015,1,,11,2,9,0,3.0541041422024517,-1.0541041422024517,-123.31383279210763,6.53852
581635299251,D.J. Durkin,Florida,2014,0,"two head coaches this season, and the feed does not say which games",,,,,,,,
581635299251,D.J. Durkin,Maryland,2016,1,,12,5,7,0,4.669761517310803,0.33023848268919664,3.329778708783124,14.285235
581635299251,D.J. Durkin,Maryland,2017,1,,11,3,8,0,3.059788951715461,-0.059788951715460836,-30.07814052724075,10.385532
581635299251,D.J. Durkin,Auburn,2025,0,"two head coaches this season, and the feed does not say which games",,,,,,,,
506031536674,Dabo Swinney,Clemson,2008,0,"two head coaches this season, and the feed does not say which games",,,,,,,,
506031536674,Dabo Swinney,Clemson,2009,1,,13,8,5,0,7.158696910906588,0.8413030890934117,80.9236024551335,22.346296
506031536674,Dabo Swinney,Clemson,2010,1,,12,5,7,0,6.817254572251768,-1.817254572251768,-47.68675570737855,13.711273
506031536674,Dabo Swinney,Clemson,2011,1,,13,9,4,0,7.262518042920453,1.737481957079547,125.06035013152018,25.883188
506031536674,Dabo Swinney,Clemson,2012,1,,12,10,2,0,8.306067502278047,1.6939324977219528,156.0873184424977,25.063224
506031536674,Dabo Swinney,Clemson,2013,1,,11,9,2,0,7.754205048014851,1.2457949519851486,121.67624107834627,22.228964
506031536674,Dabo Swinney,Clemson,2014,1,,12,9,3,0,8.672889499857945,0.3271105001420551,25.538785768507523,22.452852
506031536674,Dabo Swinney,Clemson,2015,1,,14,13,1,0,10.740759844624025,2.2592401553759753,220.46052275988018,31.295988
506031536674,Dabo Swinney,Clemson,2016,1,,14,13,1,0,11.069108812721788,1.9308911872782115,183.39428030925637,31.609141
506031536674,Dabo Swinney,Clemson,2017,1,,13,11,2,0,10.72649927045895,0.2735007295410501,-25.6973685471537,24.494273
506031536674,Dabo Swinney,Clemson,2018,1,,14,14,0,0,11.412126501265375,2.5878734987346252,166.46698788316803,32.03404
506031536674,Dabo Swinney,Clemson,2019,1,,14,13,1,0,11.6475274059173,1.3524725940827,87.38707414889859,28.305983
506031536674,Dabo Swinney,Clemson,2020,1,,11,9,2,0,8.980402843126443,0.019597156873556898,88.4884537144394,20.276417
506031536674,Dabo Swinney,Clemson,2021,1,,12,9,3,0,9.156786523064685,-0.1567865230646852,-109.76333858454245,21.106965
506031536674,Dabo Swinney,Clemson,2022,1,,13,10,3,0,9.398209030334629,0.6017909696653714,-3.542461946557978,23.040976
506031536674,Dabo Swinney,Clemson,2023,1,,12,8,4,0,8.12979890200585,-0.12979890200585054,92.46738184652713,21.464701
506031536674,Dabo Swinney,Clemson,2024,1,,13,9,4,0,8.976106561259947,0.02389343874005334,37.83244257052229,21.153852
506031536674,Dabo Swinney,Clemson,2025,1,,12,6,6,0,7.237786602310513,-1.2377866023105133,-55.274635495584334,15.532701
506031536674,Dabo Swinney,Clemson,2026,1,,5,3,2,0,2.5494606419637598,0.45053935803624023,-68.28048661006164,7.962741
145415262510,Damian Wroblewski,James Madison,2023,0,"two head coaches this season, and the feed does not say which games",,,,,,,,
595582787069,Dan Devine,Notre Dame,1980,1,,12,9,2,1,7.764207270594977,1.7357927294050226,182.34681360157015,0.0
786491014790,Dan Enos,Central Michigan,2010,1,,11,2,9,0,5.850444336554443,-3.8504443365544434,-315.79421155387035,6.101268
786491014790,Dan Enos,Central Michigan,2011,1,,11,2,9,0,3.5246281848265912,-1.5246281848265912,-116.57739207471627,6.296945
786491014790,Dan Enos,Central Michigan,2012,1,,12,6,6,0,4.846575755225454,1.1534242447745457,128.99518877149308,15.120008
786491014790,Dan Enos,Central Michigan,2013,1,,11,5,6,0,5.044316218418743,-0.04431621841874289,-35.20355077617478,13.473595
786491014790,Dan Enos,Central Michigan,2014,1,,12,6,6,0,6.982629748421251,-0.9826297484212514,75.59582858423005,16.314959
606306643414,Dan Hawkins,Boise State,2001,1,,12,8,4,0,7.887500243999155,0.11249975600084472,-29.19222280701638,21.336946
606306643414,Dan Hawkins,Boise State,2002,1,,13,12,1,0,10.518347306801012,1.4816526931989884,180.43601746584864,28.553365
606306643414,Dan Hawkins,Boise State,2003,1,,13,12,1,0,10.649800465020677,1.350199534979323,45.66949689261105,28.505087
606306643414,Dan Hawkins,Boise State,2004,1,,12,11,1,0,10.168138514164689,0.8318614858353115,29.66688805750823,24.760974
606306643414,Dan Hawkins,Boise State,2005,1,,12,8,4,0,8.709656144498567,-0.7096561444985667,45.86187528224059,18.133156
606306643414,Dan Hawkins,Colorado,2006,1,,11,2,9,0,4.757072794080592,-2.7570727940805924,-71.22969999947395,6.946086
606306643414,Dan Hawkins,Colorado,2007,1,,13,6,7,0,6.403443306254878,-0.4034433062548777,-5.790071396921803,17.816538
606306643414,Dan Hawkins,Colorado,2008,1,,11,4,7,0,4.233388209286494,-0.23338820928649362,-83.2567775359721,11.189758
606306643414,Dan Hawkins,Colorado,2009,1,,12,3,9,0,4.290836300624994,-1.2908363006249939,-8.741428373122062,9.524992
606306643414,Dan Hawkins,Colorado,2010,1,,12,5,7,0,4.711438079955575,0.28856192004442516,14.831853935099389,15.005589
1012650379386,Dan Henning,Boston College,1994,1,,12,7,4,1,7.664102851433884,-0.16410285143388403,98.62792681559927,19.108628
1012650379386,Dan Henning,Boston College,1995,1,,12,4,8,0,6.05960540373826,-2.05960540373826,-330.8771485951786,10.877939
1012650379386,Dan Henning,Boston College,1996,1,,12,5,7,0,5.075948907408053,-0.07594890740805305,-61.966808053375644,13.247306
695673466276,Dan Lanning,Oregon,2022,1,,12,9,3,0,8.10049999516604,0.8995000048339605,97.68531325945196,22.399764
695673466276,Dan Lanning,Oregon,2023,1,,13,11,2,0,9.605207677076137,1.3947923229238626,239.9142891867084,26.169266
695673466276,Dan Lanning,Oregon,2024,1,,13,12,1,0,10.45163032238876,1.5483696776112392,64.56661223636752,28.115424
695673466276,Dan Lanning,Oregon,2025,1,,14,12,2,0,10.430825999687187,1.5691740003128132,80.65740275895769,28.507156
695673466276,Dan Lanning,Oregon,2026,1,,3,2,1,0,2.175827467346557,-0.17582746734655696,-127.11810648066148,5.236873
256621860833,Dan McCarney,Iowa State,1995,1,,11,3,8,0,3.0390932446393837,-0.039093244639383684,22.819251603895736,8.430065
256621860833,Dan McCarney,Iowa State,1996,1,,10,1,9,0,1.9070174277969252,-0.9070174277969252,-28.39622175139516,3.132341
256621860833,Dan McCarney,Iowa State,1997,1,,11,1,10,0,2.0015724664459102,-1.0015724664459102,-111.8556816789785,3.174227
256621860833,Dan McCarney,Iowa State,1998,1,,11,3,8,0,2.979297287497018,0.020702712502981946,55.39171065166761,10.006253
256621860833,Dan McCarney,Iowa State,1999,1,,10,3,7,0,3.3262527303191067,-0.32625273031910673,-13.670492384257841,9.349739
256621860833,Dan McCarney,Iowa State,2000,1,,12,9,3,0,6.189849725382773,2.810150274617227,247.57354816984184,25.653321
256621860833,Dan McCarney,Iowa State,2001,1,,11,6,5,0,6.169518348311598,-0.1695183483115983,-40.82070564899527,15.670084
256621860833,Dan McCarney,Iowa State,2002,1,,13,6,7,0,6.348493787368482,-0.3484937873684819,-81.31904403185672,16.761824
256621860833,Dan McCarney,Iowa State,2003,1,,11,1,10,0,2.920101703967413,-1.920101703967413,-218.31901290835208,2.569156
256621860833,Dan McCarney,Iowa State,2004,1,,11,6,5,0,3.1364460813610133,2.8635539186389867,190.62139553354496,21.298164
256621860833,Dan McCarney,Iowa State,2005,1,,11,6,5,0,5.406664012533637,0.5933359874663626,34.58721938511121,21.153929
256621860833,Dan McCarney,Iowa State,2006,1,,11,3,8,0,4.261561514753187,-1.2615615147531871,-121.6169166968416,8.744203
256621860833,Dan McCarney,North Texas,2011,1,,12,5,7,0,4.231345900061012,0.7686540999389884,55.60245033158776,14.997334
256621860833,Dan McCarney,North Texas,2012,1,,11,3,8,0,3.9890169626730962,-0.9890169626730962,-61.17071044553472,6.067016
256621860833,Dan McCarney,North Texas,2013,1,,13,9,4,0,7.064061834664424,1.9359381653355756,219.64730276759474,25.527397
256621860833,Dan McCarney,North Texas,2014,1,,11,3,8,0,5.003173871523175,-2.003173871523175,-289.64209149791645,8.730819
256621860833,Dan McCarney,North Texas,2015,1,,11,1,10,0,2.7842991903780647,-1.7842991903780647,-113.58745847254477,2.980467
288763478251,Dan Mullen,Mississippi State,2009,1,,11,4,7,0,3.4258575426861815,0.5741424573138185,164.4483519886685,13.390337
288763478251,Dan Mullen,Mississippi State,2010,1,,12,8,4,0,6.692969982410103,1.3070300175898968,124.11701692127303,23.383063
288763478251,Dan Mullen,Mississippi State,2011,1,,12,6,6,0,6.84055663612706,-0.8405566361270598,-135.0406514099409,14.436573
288763478251,Dan Mullen,Mississippi State,2012,1,,12,7,5,0,6.540289767471365,0.45971023252863485,-16.204272901647073,15.865882
288763478251,Dan Mullen,Mississippi State,2013,1,,12,6,6,0,4.836811870887724,1.1631881291122763,128.71559873891215,17.069265
288763478251,Dan Mullen,Mississippi State,2014,1,,12,9,3,0,8.141082615921317,0.8589173840786835,158.1548827329259,23.149208
288763478251,Dan Mullen,Mississippi State,2015,1,,12,8,4,0,7.548073500115401,0.4519264998845989,21.0205351970244,20.826258
288763478251,Dan Mullen,Mississippi State,2016,1,,12,5,7,0,6.455036091738749,-1.4550360917387488,-57.83923313862283,14.806577
288763478251,Dan Mullen,Mississippi State,2017,0,"two head coaches this season, and the feed does not say which games",,,,,,,,
288763478251,Dan Mullen,Florida,2018,1,,11,8,3,0,5.844870331281859,2.155129668718141,180.90945565362313,23.813677
288763478251,Dan Mullen,Florida,2019,1,,11,9,2,0,6.893354029996169,2.1066459700038314,82.30894286898956,23.505444
288763478251,Dan Mullen,Florida,2020,1,,12,8,4,0,8.275276119119287,-0.27527611911928673,24.67768328470993,19.434492
288763478251,Dan Mullen,Florida,2021,0,"two head coaches this season, and the feed does not say which games",,,,,,,,
288763478251,Dan Mullen,UNLV,2025,1,,13,9,4,0,9.028499372104156,-0.02849937210415554,-17.732704489066236,22.377176
288763478251,Dan Mullen,UNLV,2026,1,,5,3,2,0,2.8888341061320286,0.11116589386797138,-47.780151810567304,8.042368
313955751014,Dan Simrell,Toledo,1982,1,,10,5,5,0,7.0287163744883046,-2.0287163744883046,-139.52256807870003,
313955751014,Dan Simrell,Toledo,1983,1,,9,7,2,0,6.362240826448355,0.637759173551645,5.43579351420226,
313955751014,Dan Simrell,Toledo,1984,1,,11,7,3,1,7.101013619993001,0.39898638000699904,-13.633516619500824,0.0
313955751014,Dan Simrell,Toledo,1985,1,,10,3,7,0,4.57284706481986,-1.57284706481986,-174.25967939042675,8.964375
313955751014,Dan Simrell,Toledo,1986,1,,10,6,4,0,4.453906478189531,1.5460935218104694,137.36337295698718,17.386327
313955751014,Dan Simrell,Toledo,1987,1,,11,3,7,1,5.132050690135465,-1.6320506901354648,-157.78846429907958,9.242872
313955751014,Dan Simrell,Toledo,1988,1,,9,5,4,0,4.504345897203724,0.4956541027962764,71.19303979985648,14.769582
313955751014,Dan Simrell,Toledo,1989,1,,11,6,5,0,5.7421088705280905,0.2578911294719095,-0.6958827970488528,16.923258
654638145934,Dana Dimel,Wyoming,1997,1,,12,6,6,0,7.4405433800527785,-1.4405433800527785,-109.168468572135,14.617379
654638145934,Dana Dimel,Wyoming,1998,1,,10,7,3,0,6.144545514664342,0.8554544853356578,-14.01052724334545,18.942151
654638145934,Dana Dimel,Wyoming,1999,1,,10,6,4,0,5.2931039583462125,0.7068960416537875,62.64945652442702,17.911248
654638145934,Dana Dimel,Houston,2000,1,,11,3,8,0,4.456378371181589,-1.4563783711815894,-216.07872788683517,8.505806
654638145934,Dana Dimel,Houston,2001,1,,11,0,11,0,2.144134272598609,-2.144134272598609,-211.36880810245725,0.0
654638145934,Dana Dimel,Houston,2002,1,,12,5,7,0,3.8348977080352538,1.1651022919647462,147.6405432637889,16.636348
654638145934,Dana Dimel,UTEP,2018,1,,11,1,10,0,2.2228468384390947,-1.2228468384390947,-37.31783889677126,3.269826
654638145934,Dana Dimel,UTEP,2019,1,,11,0,11,0,2.341036449084313,-2.341036449084313,-93.47087104660977,0.0
654638145934,Dana Dimel,UTEP,2020,1,,6,1,5,0,1.6531406234113795,-0.6531406234113795,46.89642978267511,3.502036
654638145934,Dana Dimel,UTEP,2021,1,,12,6,6,0,5.104201285865571,0.895798714134429,94.26463400239777,17.086005
654638145934,Dana Dimel,UTEP,2022,1,,12,5,7,0,6.1264549660323375,-1.1264549660323375,-36.85981135690213,14.331924
654638145934,Dana Dimel,UTEP,2023,1,,11,2,9,0,3.951052480814968,-1.951052480814968,-133.88669033063957,3.349761
841230928707,Dana Holgorsen,West Virginia,2011,1,,12,9,3,0,7.68618665257754,1.3138133474224603,121.32326967227527,23.48417
841230928707,Dana Holgorsen,West Virginia,2012,1,,12,6,6,0,6.749793700357273,-0.749793700357273,-149.1865977640923,15.899174
841230928707,Dana Holgorsen,West Virginia,2013,1,,11,3,8,0,4.271880340796506,-1.271880340796506,-159.92421268391763,8.951462
841230928707,Dana Holgorsen,West Virginia,2014,1,,12,6,6,0,5.041201961304517,0.9587980386954831,159.46232069902862,18.324693
841230928707,Dana Holgorsen,West Virginia,2015,1,,12,7,5,0,7.069178945084835,-0.06917894508483524,114.23394969095739,18.562523
841230928707,Dana Holgorsen,West Virginia,2016,1,,12,9,3,0,7.982372740823191,1.017627259176809,5.325533911302728,23.502415
841230928707,Dana Holgorsen,West Virginia,2017,1,,12,6,6,0,6.757848252138112,-0.7578482521381122,-57.36575531095127,15.190588
841230928707,Dana Holgorsen,West Virginia,2018,1,,11,7,4,0,6.191881755626888,0.8081182443731123,23.146406102125866,19.31564
841230928707,Dana Holgorsen,Houston,2019,1,,11,3,8,0,3.3269205539893947,-0.3269205539893947,-4.157108908626469,8.727676
841230928707,Dana Holgorsen,Houston,2020,1,,8,3,5,0,3.5479202945787462,-0.5479202945787462,41.1312598961274,8.652181
841230928707,Dana Holgorsen,Houston,2021,1,,13,11,2,0,8.577545699263444,2.4224543007365558,208.59704196232792,28.418073
841230928707,Dana Holgorsen,Houston,2022,1,,13,8,5,0,9.03930114824679,-1.0393011482467909,-4.69332801152791,23.093788
841230928707,Dana Holgorsen,Houston,2023,1,,12,4,8,0,5.672030604193971,-1.6720306041939708,-233.65213876398525,10.087751
841230928707,Dana Holgorsen,Houston,2024,0,"two head coaches this season, and the feed does not say which games",,,,,,,,
888293181056,Daniel Da Prato,South Florida,2022,0,"two head coaches this season, and the feed does not say which games",,,,,,,,
147629807334,Danny Ford,Clemson,1980,1,,10,5,5,0,4.690596041718016,0.3094039582819841,-8.336024337210347,
147629807334,Danny Ford,Clemson,1981,1,,11,11,0,0,7.058962371690617,3.941037628309383,371.26439473759433,0.0
147629807334,Danny Ford,Clemson,1982,1,,10,8,1,1,7.972735946166045,0.5272640538339548,38.53944716125261,0.0
147629807334,Danny Ford,Clemson,1983,1,,10,8,1,1,7.342430843673348,1.1575691563266517,92.14355971864575,0.0
147629807334,Danny Ford,Clemson,1984,1,,10,6,4,0,7.567871286998655,-1.5678712869986553,-110.53723621882,
147629807334,Danny Ford,Clemson,1985,1,,12,6,6,0,7.2804774818186315,-1.2804774818186315,-108.42083000926027,15.548791
147629807334,Danny Ford,Clemson,1986,1,,11,7,2,2,6.490104033739178,1.5098959662608218,163.67452198527963,21.430396
147629807334,Danny Ford,Clemson,1987,1,,11,9,2,0,7.8483066097227026,1.1516933902772974,126.67722911685155,23.386054
147629807334,Danny Ford,Clemson,1988,1,,11,9,2,0,8.076955289593876,0.9230447104061241,115.15389467168256,22.350554
147629807334,Danny Ford,Clemson,1989,1,,11,9,2,0,8.348488431103885,0.6515115688961153,79.99810101038747,22.97044
147629807334,Danny Ford,Arkansas,1993,1,,11,5,5,1,3.825972493195818,1.6740275068041819,130.09717145631612,16.791484
147629807334,Danny Ford,Arkansas,1994,1,,11,4,7,0,5.439185602688061,-1.4391856026880614,-110.07183142249687,10.367753
147629807334,Danny Ford,Arkansas,1995,1,,13,8,5,0,6.428238046062031,1.571761953937969,82.48944224209959,23.473706
147629807334,Danny Ford,Arkansas,1996,1,,11,4,7,0,4.294959323991535,-0.29495932399153535,-71.65254118404891,11.166878
147629807334,Danny Ford,Arkansas,1997,1,,11,4,7,0,3.1959997497616155,0.8040002502383845,-5.968146516775505,12.660264
13439282793,Danny Gonzales,New Mexico,2020,1,,7,2,5,0,1.7091511031977353,0.29084889680226467,59.102623723156285,7.065872
13439282793,Danny Gonzales,New Mexico,2021,1,,11,2,9,0,3.2903482292414723,-1.2903482292414723,-203.19858580289178,6.117584
13439282793,Danny Gonzales,New Mexico,2022,1,,11,1,10,0,2.211103049624269,-1.2111030496242692,-106.34434622808408,3.303042
13439282793,Danny Gonzales,New Mexico,2023,1,,11,3,8,0,3.146399551035214,-0.14639955103521407,137.78126961752673,11.004152
436472280729,Danny Hope,Purdue,2009,1,,12,5,7,0,5.84602462888889,-0.8460246288888902,-10.456308801966998,14.499103
436472280729,Danny Hope,Purdue,2010,1,,11,3,8,0,4.406926529319308,-1.4069265293193078,-191.36122461893365,9.622238
436472280729,Danny Hope,Purdue,2011,1,,12,6,6,0,4.182143945301027,1.8178560546989733,130.4975019928288,18.745751
436472280729,Danny Hope,Purdue,2012,0,"two head coaches this season, and the feed does not say which games",,,,,,,,
620957102399,Darrell Dickey,North Texas,1998,1,,11,3,8,0,3.624138762076919,-0.6241387620769192,-94.51710738012002,9.091032
620957102399,Darrell Dickey,North Texas,1999,1,,11,2,9,0,3.6636759108887755,-1.6636759108887755,-195.67226505246504,7.025493
620957102399,Darrell Dickey,North Texas,2000,1,,10,2,8,0,2.4882123277648396,-0.4882123277648396,-43.54691920234245,6.691944
620957102399,Darrell Dickey,North Texas,2001,1,,12,5,7,0,3.6527411867037225,1.3472588132962775,140.261208997656,15.421926
620957102399,Darrell Dickey,North Texas,2002,1,,12,7,5,0,5.156681165014815,1.843318834985185,177.9499517460133,19.741441
620957102399,Darrell Dickey,North Texas,2003,1,,13,9,4,0,8.774563282869103,0.22543671713089708,31.583726172351362,21.65232
620957102399,Darrell Dickey,North Texas,2004,1,,12,7,5,0,7.271313598872905,-0.2713135988729052,-79.11400578722737,17.763849
620957102399,Darrell Dickey,North Texas,2005,1,,11,2,9,0,5.198742089024078,-3.198742089024078,-302.42409264820753,2.686597
620957102399,Darrell Dickey,North Texas,2006,1,,12,3,9,0,3.492857389667026,-0.4928573896670261,-66.8950756341128,9.798558
531766269643,Darrell Hazell,Kent State,2011,1,,11,4,7,0,4.417041516634042,-0.41704151663404243,-62.10962697893092,11.391237
531766269643,Darrell Hazell,Kent State,2012,1,,13,10,3,0,6.415256165247541,3.5847438347524587,107.6335940282238,30.438766
531766269643,Darrell Hazell,Purdue,2013,1,,11,0,11,0,2.4329798191674508,-2.4329798191674508,-255.02214721379983,0.0
531766269643,Darrell Hazell,Purdue,2014,1,,11,2,9,0,2.1698163974835465,-0.1698163974835465,18.38931072434775,6.500087
531766269643,Darrell Hazell,Purdue,2015,1,,11,1,10,0,1.854799348487636,-0.854799348487636,-64.04307255594813,3.674709
531766269643,Darrell Hazell,Purdue,2016,0,"two head coaches this season, and the feed does not say which games",,,,,,,,
265149163346,Darryl Rogers,Arizona State,1980,1,,10,6,4,0,5.064190630937111,0.9358093690628886,115.36913825146848,
265149163346,Darryl Rogers,Arizona State,1981,1,,10,8,2,0,7.227428530238845,0.7725714697611554,140.49066910432384,
265149163346,Darryl Rogers,Arizona State,1982,1,,12,10,2,0,9.290127793668136,0.7098722063318643,77.51034340335559,0.0
265149163346,Darryl Rogers,Arizona State,1983,1,,10,5,4,1,7.497512351611069,-1.9975123516110687,-114.53536384209019,
265149163346,Darryl Rogers,Arizona State,1984,1,,11,5,6,0,6.172918573563182,-1.172918573563182,-27.731718775383115,
605813949016,Dave Aranda,Baylor,2020,1,,9,2,7,0,4.326986718650677,-2.3269867186506774,-213.9765062148192,6.084704
605813949016,Dave Aranda,Baylor,2021,1,,13,11,2,0,6.830511719628655,4.169488280371345,391.9122142010226,32.650683
605813949016,Dave Aranda,Baylor,2022,1,,12,5,7,0,7.103108759172547,-2.103108759172547,-221.28958989047442,14.160315
605813949016,Dave Aranda,Baylor,2023,1,,11,2,9,0,3.758359066051652,-1.7583590660516522,-136.23541593531695,7.896498
605813949016,Dave Aranda,Baylor,2024,1,,12,7,5,0,5.579694127052984,1.420305872947016,278.0527941603807,21.812615
605813949016,Dave Aranda,Baylor,2025,1,,11,4,7,0,5.92196146337259,-1.9219614633725897,-108.84091471883221,11.272579
605813949016,Dave Aranda,Baylor,2026,1,,4,3,1,0,2.306216193426748,0.693783806573252,22.91722458450522,8.168506
613886518138,Dave Arslanian,Utah State,1998,1,,10,2,8,0,3.915944276553303,-1.915944276553303,-199.01146246605185,5.759786
613886518138,Dave Arslanian,Utah State,1999,1,,10,3,7,0,3.1938221218964706,-0.19382212189647063,-25.911147613746152,8.545778
658979209175,Dave Baldwin,San Jose State,1997,1,,11,4,7,0,2.9621468806961406,1.0378531193038594,17.481559719672987,12.842366
658979209175,Dave Baldwin,San Jose State,1998,1,,12,4,8,0,4.872061140346732,-0.872061140346732,-58.57952451241704,12.188851
658979209175,Dave Baldwin,San Jose State,1999,1,,9,2,7,0,2.7374414627226606,-0.7374414627226606,-126.74963014607988,6.778549
658979209175,Dave Baldwin,San Jose State,2000,1,,11,6,5,0,4.7341199623592685,1.2658800376407315,109.54111692558172,18.430289
904239330094,Dave Christensen,Wyoming,2009,1,,12,6,6,0,3.9995931755626666,2.0004068244373334,-13.255541762006487,18.504768
904239330094,Dave Christensen,Wyoming,2010,1,,11,2,9,0,3.4429923766949235,-1.4429923766949235,-67.77794041759375,6.176767
904239330094,Dave Christensen,Wyoming,2011,1,,11,6,5,0,4.424308533128225,1.575691466871775,24.117120048303605,17.821228
904239330094,Dave Christensen,Wyoming,2012,1,,11,4,7,0,4.376630545505556,-0.37663054550555586,-69.6856114552802,12.200516
904239330094,Dave Christensen,Wyoming,2013,1,,11,4,7,0,4.439533516469478,-0.4395335164694778,-66.3367079607151,10.875261
833019464383,Dave Clawson,Bowling Green,2009,1,,13,7,6,0,7.217370056531637,-0.217370056531637,-8.548975130638382,18.585756
833019464383,Dave Clawson,Bowling Green,2010,1,,12,2,10,0,4.126882404544574,-2.126882404544574,-305.7205446251885,6.509679
833019464383,Dave Clawson,Bowling Green,2011,1,,11,4,7,0,3.467094945587964,0.5329050544120362,100.28303120959595,13.532584
833019464383,Dave Clawson,Bowling Green,2012,1,,12,7,5,0,6.047292063313296,0.9527079366867044,128.03540861784018,16.222592
833019464383,Dave Clawson,Bowling Green,2013,1,,13,9,4,0,8.364423214197197,0.6355767858028027,99.91355621500247,24.156967
833019464383,Dave Clawson,Wake Forest,2014,1,,11,2,9,0,2.9052083793441876,-0.9052083793441876,-89.63743397998792,6.423244
833019464383,Dave Clawson,Wake Forest,2015,1,,11,2,9,0,2.5304553305896884,-0.5304553305896884,-77.82492073438243,7.442744
833019464383,Dave Clawson,Wake Forest,2016,1,,12,6,6,0,3.718932296892092,2.281067703107908,142.7608908216032,19.500223
833019464383,Dave Clawson,Wake Forest,2017,1,,12,7,5,0,5.243942475260966,1.7560575247390338,129.01435746566858,21.083797
833019464383,Dave Clawson,Wake Forest,2018,1,,12,6,6,0,5.729349893627926,0.27065010637207365,65.23708706541879,17.486221
833019464383,Dave Clawson,Wake Forest,2019,1,,12,7,5,0,7.571102674979243,-0.5711026749792429,-116.1846077044645,18.988434
833019464383,Dave Clawson,Wake Forest,2020,1,,8,3,5,0,2.8049947720585333,0.19500522794146669,-58.72489414722395,9.300936
833019464383,Dave Clawson,Wake Forest,2021,1,,13,10,3,0,6.875785183817703,3.124214816182297,152.08106776545583,28.344262
833019464383,Dave Clawson,Wake Forest,2022,1,,12,7,5,0,7.18084505557304,-0.1808450555730401,-7.665977528903795,19.378832
833019464383,Dave Clawson,Wake Forest,2023,1,,11,3,8,0,5.4193375264165855,-2.4193375264165855,-140.1798015899435,7.943481
833019464383,Dave Clawson,Wake Forest,2024,1,,11,3,8,0,3.622616551987753,-0.6226165519877531,-73.87258159992075,9.571314
870382453059,Dave Currey,Cincinnati,1984,1,,9,1,8,0,2.899883229775693,-1.8998832297756931,-229.21050504550885,
870382453059,Dave Currey,Cincinnati,1985,1,,9,3,6,0,2.4365648341385113,0.5634351658614887,69.60223908859848,9.465367
870382453059,Dave Currey,Cincinnati,1986,1,,9,3,6,0,3.40094716038542,-0.40094716038542,-110.72157944013293,9.303279
870382453059,Dave Currey,Cincinnati,1987,1,,8,2,6,0,2.7925305347876983,-0.7925305347876983,-55.894049743755886,6.103426
870382453059,Dave Currey,Cincinnati,1988,1,,9,1,8,0,2.2571778235467708,-1.2571778235467708,-165.041090377199,3.275381
612060419026,Dave Doeren,Northern Illinois,2011,1,,13,10,3,0,9.391640610540216,0.6083593894597836,45.044938979462586,24.787897
612060419026,Dave Doeren,Northern Illinois,2012,0,"two head coaches this season, and the feed does not say which games",,,,,,,,
612060419026,Dave Doeren,NC State,2013,1,,11,2,9,0,4.695231794795667,-2.695231794795667,-204.93699476392862,5.21133
612060419026,Dave Doeren,NC State,2014,1,,12,7,5,0,4.698905646962352,2.301094353037648,315.87425832881513,15.132121
612060419026,Dave Doeren,NC State,2015,1,,12,6,6,0,7.360680835772802,-1.3606808357728024,-94.96670068681556,14.420644
612060419026,Dave Doeren,NC State,2016,1,,12,6,6,0,5.731608289115748,0.2683917108842522,133.80989862141132,18.387708
612060419026,Dave Doeren,NC State,2017,1,,12,8,4,0,6.896626896312851,1.103373103687149,49.6310381904525,22.242877
612060419026,Dave Doeren,NC State,2018,1,,12,8,4,0,8.019278058385423,-0.019278058385422625,-17.962388548762192,20.078713
612060419026,Dave Doeren,NC State,2019,1,,11,3,8,0,6.0252103367580325,-3.0252103367580325,-222.38834023586492,7.264678
612060419026,Dave Doeren,NC State,2020,1,,12,8,4,0,5.519721088768065,2.4802789112319346,201.18954396382856,23.60243
612060419026,Dave Doeren,NC State,2021,1,,11,8,3,0,7.258541435239989,0.7414585647600109,104.26933619364104,21.110777
612060419026,Dave Doeren,NC State,2022,1,,12,7,5,0,7.627359192597947,-0.6273591925979467,-120.4046298725591,17.998714
612060419026,Dave Doeren,NC State,2023,1,,12,8,4,0,5.684246850309337,2.3157531496906634,109.90920578256032,23.506876
612060419026,Dave Doeren,NC State,2024,1,,12,5,7,0,6.798472206569891,-1.7984722065698913,-28.69409304156511,13.507888
612060419026,Dave Doeren,NC State,2025,1,,12,7,5,0,6.513326944018724,0.4866730559812762,39.222158925088024,19.151333
612060419026,Dave Doeren,NC State,2026,1,,4,2,2,0,1.8530705701556998,0.14692942984430024,-26.412311585329462,5.512098
546645223006,Dave Kragthorpe,Oregon State,1985,1,,9,2,7,0,1.7139317068825661,0.28606829311743387,-72.21930203810234,7.146021
546645223006,Dave Kragthorpe,Oregon State,1986,1,,10,2,8,0,1.3502619065109602,0.6497380934890398,-0.7948238603432856,7.384796
546645223006,Dave Kragthorpe,Oregon State,1987,1,,11,2,9,0,2.003366984136334,-0.0033669841363339614,-59.81005569450508,3.588152
546645223006,Dave Kragthorpe,Oregon State,1988,1,,11,4,6,1,2.684000960262767,1.8159990397372332,181.16467808315952,14.434049
546645223006,Dave Kragthorpe,Oregon State,1989,1,,11,3,7,1,3.172782803946206,0.3272171960537942,-58.00293324406357,10.986805
546645223006,Dave Kragthorpe,Oregon State,1990,1,,10,1,9,0,2.7201502438922818,-1.7201502438922818,-214.6170072837699,3.832641
1098839064181,Dave McClain,Wisconsin,1980,1,,11,4,7,0,4.560619304977443,-0.5606193049774433,-42.70133881975562,
1098839064181,Dave McClain,Wisconsin,1981,1,,12,7,5,0,6.45185870676364,0.5481412932363599,18.951579258490938,0.0
1098839064181,Dave McClain,Wisconsin,1982,1,,12,7,5,0,6.665192586409332,0.334807413590668,55.81469083858269,0.0
1098839064181,Dave McClain,Wisconsin,1983,1,,11,7,4,0,6.3898334201855285,0.6101665798144715,43.052415376594354,
1098839064181,Dave McClain,Wisconsin,1984,1,,12,7,4,1,6.606617793440035,0.8933822065599646,71.69865601546985,0.0
1098839064181,Dave McClain,Wisconsin,1985,1,,11,5,6,0,6.1919418668121455,-1.1919418668121455,-138.25084457922412,13.410433
585093506302,Dave Roberts,Baylor,1997,1,,11,2,9,0,2.45014104232401,-0.45014104232401,-95.95806296823685,6.62044
585093506302,Dave Roberts,Baylor,1998,1,,11,2,9,0,2.115065169527508,-0.115065169527508,-35.78738912546373,6.623475
332651832899,Dave Wannstedt,Pittsburgh,2005,1,,10,4,6,0,5.069061971178858,-1.0690619711788578,-19.73863260512985,12.056309
332651832899,Dave Wannstedt,Pittsburgh,2006,1,,11,5,6,0,5.481882372457073,-0.4818823724570729,-30.789699570735138,14.969064
332651832899,Dave Wannstedt,Pittsburgh,2007,1,,11,4,7,0,4.474972733039365,-0.4749727330393654,62.74614540515381,12.96628
332651832899,Dave Wannstedt,Pittsburgh,2008,1,,13,9,4,0,7.538941006007656,1.461058993992344,127.55770399928224,25.510667
332651832899,Dave Wannstedt,Pittsburgh,2009,1,,12,9,3,0,7.568265342298733,1.4317346577012673,27.254256848186515,23.909689
332651832899,Dave Wannstedt,Pittsburgh,2010,0,"two head coaches this season, and the feed does not say which games",,,,,,,,
444490805110,David Bailiff,Rice,2007,1,,11,3,8,0,5.093431044446433,-2.093431044446433,-147.81802197256843,8.836902
444490805110,David Bailiff,Rice,2008,1,,13,10,3,0,6.871122885789315,3.1288771142106846,266.8819486927764,27.474612
444490805110,David Bailiff,Rice,2009,1,,12,2,10,0,5.044328819151084,-3.044328819151084,-317.0086091889739,5.648339
444490805110,David Bailiff,Rice,2010,1,,12,4,8,0,3.331021478889246,0.6689785211107542,67.94067693331453,13.139465
444490805110,David Bailiff,Rice,2011,1,,12,4,8,0,4.833273069751299,-0.8332730697512991,-49.18458911107609,10.428595
444490805110,David Bailiff,Rice,2012,1,,13,7,6,0,5.658527364066848,1.341472635933152,147.27517103173273,18.762706
444490805110,David Bailiff,Rice,2013,1,,14,10,4,0,9.403830066344792,0.596169933655208,18.11197971813749,24.852416
444490805110,David Bailiff,Rice,2014,1,,13,8,5,0,7.222991994710182,0.7770080052898178,-25.472265115072105,20.796916
444490805110,David Bailiff,Rice,2015,1,,11,4,7,0,5.854181351508735,-1.8541813515087346,-197.51149363075228,7.764423
444490805110,David Bailiff,Rice,2016,1,,11,2,9,0,3.753524185787274,-1.753524185787274,-36.37503491222469,6.915674
444490805110,David Bailiff,Rice,2017,1,,12,1,11,0,3.3910565692348467,-2.3910565692348467,-187.3144570165996,2.817007
394247910201,David Beaty,Kansas,2015,1,,11,0,11,0,1.845038363381789,-1.845038363381789,-187.5339749080415,0.0
394247910201,David Beaty,Kansas,2016,1,,11,1,10,0,1.3265617567818597,-0.3265617567818597,-53.50278790460902,3.817193
394247910201,David Beaty,Kansas,2017,1,,11,0,11,0,1.5818551437843902,-1.5818551437843902,-98.89088182397086,0.0
394247910201,David Beaty,Kansas,2018,1,,11,3,8,0,2.306707014477349,0.6932929855226511,97.08230785461046,10.3733
76643779965,David Blackwell,East Carolina,2018,0,"two head coaches this season, and the feed does not say which games",,,,,,,,
1018786626771,David Braun,Northwestern,2023,1,,12,7,5,0,3.4225292361767434,3.5774707638232566,208.83209668601057,23.741509
1018786626771,David Braun,Northwestern,2024,1,,11,3,8,0,3.5918468055908295,-0.5918468055908295,-98.36800776330506,10.085234
1018786626771,David Braun,Northwestern,2025,1,,12,6,6,0,4.916680143636793,1.0833198563632074,51.71716926311592,17.363961
1018786626771,David Braun,Northwestern,2026,1,,3,2,1,0,1.1667753352509693,0.8332246647490307,90.19018748740314,5.935633
170064438405,David Cutcliffe,Ole Miss,1998,0,"two head coaches this season, and the feed does not say which games",,,,,,,,
170064438405,David Cutcliffe,Ole Miss,1999,1,,12,8,4,0,7.6540551714830825,0.34594482851691755,85.85059063885092,21.897681
170064438405,David Cutcliffe,Ole Miss,2000,1,,12,7,5,0,7.492258472941095,-0.4922584729410948,-71.38072419796276,18.139366
170064438405,David Cutcliffe,Ole Miss,2001,1,,10,6,4,0,6.252142905579837,-0.252142905579837,-4.189469650097408,17.129088
170064438405,David Cutcliffe,Ole Miss,2002,1,,13,7,6,0,6.466707584446268,0.5332924155537322,11.616852081038132,18.806202
170064438405,David Cutcliffe,Ole Miss,2003,1,,13,10,3,0,7.896810700293912,2.103189299706088,187.86857441321126,27.43732
170064438405,David Cutcliffe,Ole Miss,2004,1,,11,4,7,0,6.197415931500196,-2.1974159315001964,-93.72790600587427,10.017227
170064438405,David Cutcliffe,Duke,2008,1,,11,3,8,0,3.446512096020454,-0.44651209602045405,96.67177543493426,11.484067
170064438405,David Cutcliffe,Duke,2009,1,,10,4,6,0,3.5371779324155517,0.4628220675844483,24.27937261678926,12.798196
170064438405,David Cutcliffe,Duke,2010,1,,11,2,9,0,4.084298975495575,-2.0842989754955754,0.7773447476572528,6.439871
170064438405,David Cutcliffe,Duke,2011,1,,11,3,8,0,4.127152578435853,-1.1271525784358527,-105.49026911783153,8.791143
170064438405,David Cutcliffe,Duke,2012,1,,12,5,7,0,4.1174534894146255,0.8825465105853745,-3.7024426280809166,15.477408
170064438405,David Cutcliffe,Duke,2013,1,,13,9,4,0,5.6688942261957225,3.3311057738042775,151.19005261272332,27.464739
170064438405,David Cutcliffe,Duke,2014,1,,12,8,4,0,7.026955985151108,0.9730440148488917,-59.66468768485106,21.997295
170064438405,David Cutcliffe,Duke,2015,1,,12,7,5,0,6.488699270859428,0.5113007291405722,4.187666658727039,20.245263
170064438405,David Cutcliffe,Duke,2016,1,,11,3,8,0,4.1266413278572855,-1.1266413278572855,6.482620617489147,9.818644
170064438405,David Cutcliffe,Duke,2017,1,,12,6,6,0,5.335481136891711,0.664518863108289,164.5544479212963,18.467535
170064438405,David Cutcliffe,Duke,2018,1,,12,7,5,0,6.741546006145411,0.2584539938545891,7.036419050891254,20.033524
170064438405,David Cutcliffe,Duke,2019,1,,11,4,7,0,5.643620991602209,-1.6436209916022086,-137.18214923100618,11.366859
170064438405,David Cutcliffe,Duke,2020,1,,11,2,9,0,4.113811950701619,-2.113811950701619,-91.03080453613961,5.843603
170064438405,David Cutcliffe,Duke,2021,1,,11,2,9,0,4.020640700189852,-2.020640700189852,-125.66661569688358,5.616575
518952207745,David Elson,Western Kentucky,2007,0,this database holds no games for that team that season,,,,,,,,
518952207745,David Elson,Western Kentucky,2008,1,,10,0,10,0,3.2796766998384634,-3.2796766998384634,-366.58486654834905,
518952207745,David Elson,Western Kentucky,2009,1,,11,0,11,0,1.9664795646988598,-1.9664795646988598,-106.2390180899099,0.0
868897455169,David Gibbs,Houston,2014,0,"two head coaches this season, and the feed does not say which games",,,,,,,,
313091181894,David Lee,UTEP,1989,1,,11,2,9,0,4.9637388507835,-2.9637388507835,-301.2650966086526,4.715979
313091181894,David Lee,UTEP,1990,1,,10,2,8,0,2.563597019621035,-0.5635970196210351,-105.71129689945406,5.980891
313091181894,David Lee,UTEP,1991,1,,11,3,7,1,3.2211624075483454,0.2788375924516546,91.06984027193744,10.473258
313091181894,David Lee,UTEP,1992,1,,11,1,10,0,3.219989715476115,-2.219989715476115,-186.02669971748264,3.669411
313091181894,David Lee,UTEP,1993,0,"two head coaches this season, and the feed does not say which games",,,,,,,,
578469228483,David McWilliams,Texas,1987,1,,12,7,5,0,5.278186322261706,1.721813677738294,91.16460833659153,20.325185
578469228483,David McWilliams,Texas,1988,1,,10,3,7,0,4.667611354794473,-1.6676113547944729,-140.99410731198077,7.488468
578469228483,David McWilliams,Texas,1989,1,,11,5,6,0,4.60248466639908,0.3975153336009196,-17.21476491100816,15.206994
578469228483,David McWilliams,Texas,1990,1,,12,10,2,0,6.223921641250168,3.7760783587498317,322.0435605175305,28.89395
578469228483,David McWilliams,Texas,1991,1,,11,5,6,0,6.880897087710317,-1.8808970877103173,-131.22708250021378,12.82701
530526816736,David Rader,Tulsa,1988,1,,11,4,7,0,4.281766129408083,-0.28176612940808266,21.824314280439467,11.078649
530526816736,David Rader,Tulsa,1989,1,,12,6,6,0,6.177348048284704,-0.17734804828470363,18.562036670636644,16.977446
530526816736,David Rader,Tulsa,1990,1,,9,1,8,0,2.9973498347950214,-1.9973498347950214,-199.21246402835732,2.57331
530526816736,David Rader,Tulsa,1991,1,,11,9,2,0,5.179963843416485,3.820036156583515,291.1152736308593,26.608442
530526816736,David Rader,Tulsa,1992,1,,10,3,7,0,5.09233645912151,-2.09233645912151,-209.69910838900068,8.062646
530526816736,David Rader,Tulsa,1993,1,,10,3,6,1,4.055228309556718,-0.5552283095567176,-21.654730615272456,10.834375
530526816736,David Rader,Tulsa,1994,1,,10,2,8,0,3.8686926254156044,-1.8686926254156044,-184.0716693949039,6.318937
530526816736,David Rader,Tulsa,1995,1,,10,3,7,0,3.1277903928532544,-0.12779039285325444,4.193108409682964,9.24441
530526816736,David Rader,Tulsa,1996,1,,11,4,7,0,3.9823869620661734,0.017613037933826625,-11.797269979118255,13.237875
530526816736,David Rader,Tulsa,1997,1,,11,2,9,0,2.7071961447453097,-0.7071961447453097,-75.23692224476872,6.767235
530526816736,David Rader,Tulsa,1998,1,,10,3,7,0,3.1510538692694423,-0.1510538692694423,51.47866999544863,9.905313
530526816736,David Rader,Tulsa,1999,1,,10,1,9,0,3.067194014416596,-2.067194014416596,-174.49324855279042,3.564995
803812717355,David Shaw,Stanford,2011,1,,13,11,2,0,10.372795508188105,0.6272044918118951,89.88111123585827,26.565947
803812717355,David Shaw,Stanford,2012,1,,14,12,2,0,10.285474969161989,1.7145250308380113,75.21570388304463,30.42306
803812717355,David Shaw,Stanford,2013,1,,14,11,3,0,10.17433171971169,0.8256682802883102,-10.394663422165422,26.972579
803812717355,David Shaw,Stanford,2014,1,,12,7,5,0,8.01407380489566,-1.0140738048956592,52.782016624996004,18.080884
803812717355,David Shaw,Stanford,2015,1,,14,12,2,0,10.37275357061028,1.6272464293897198,141.86207698791804,29.394139
803812717355,David Shaw,Stanford,2016,1,,13,10,3,0,9.151718060828937,0.8482819391710628,-98.50092009206446,24.609942
803812717355,David Shaw,Stanford,2017,1,,14,9,5,0,7.437161416909785,1.5628385830902154,-37.32744271840966,23.928193
803812717355,David Shaw,Stanford,2018,1,,12,8,4,0,6.005661082771188,1.994338917228812,43.628267954615694,22.325705
803812717355,David Shaw,Stanford,2019,1,,12,4,8,0,5.655163608122121,-1.6551636081221206,-220.09548445561745,11.475167
803812717355,David Shaw,Stanford,2020,1,,6,4,2,0,1.9039327141570843,2.0960672858429157,176.1084402826475,12.746942
803812717355,David Shaw,Stanford,2021,1,,12,3,9,0,4.769086652305656,-1.7690866523056563,-274.2962402416056,9.500167
803812717355,David Shaw,Stanford,2022,1,,11,2,9,0,2.9869454775404,-0.9869454775404001,-8.180310135477384,6.953289
471255851981,DeWayne Walker,UCLA,2007,0,"two head coaches this season, and the feed does not say which games",,,,,,,,
471255851981,DeWayne Walker,New Mexico State,2009,1,,12,2,10,0,2.9844790417262734,-0.9844790417262734,-72.45211453585011,6.898671
471255851981,DeWayne Walker,New Mexico State,2010,1,,12,2,10,0,2.4759554253445706,-0.4759554253445706,-70.58825588817899,6.328762
471255851981,DeWayne Walker,New Mexico State,2011,1,,13,4,9,0,3.5723393528007676,0.42766064719923236,13.275960886686562,13.425255
471255851981,DeWayne Walker,New Mexico State,2012,1,,11,0,11,0,2.564601732720969,-2.564601732720969,-114.11006235035575,0.0
851931173946,Dean Pees,Kent State,1998,1,,10,0,10,0,1.7293777149430667,-1.7293777149430667,-202.04047659745083,0.0
851931173946,Dean Pees,Kent State,1999,1,,11,2,9,0,1.96335829616633,0.036641703833669936,25.44717763816243,3.547255
851931173946,Dean Pees,Kent State,2000,1,,10,1,9,0,2.1752663933365404,-1.1752663933365404,-134.55672297377737,3.431799
851931173946,Dean Pees,Kent State,2001,1,,10,5,5,0,2.387129156525776,2.612870843474224,264.93175404578824,16.340682
851931173946,Dean Pees,Kent State,2002,1,,10,1,9,0,3.5164097442655216,-2.5164097442655216,-349.83455264084273,2.907485
851931173946,Dean Pees,Kent State,2003,1,,11,4,7,0,2.730466114630371,1.2695338853696292,122.35354870306332,13.920843
579022567916,Deion Branch,Louisville,2022,0,"two head coaches this season, and the feed does not say which games",,,,,,,,
891773835361,Deion Sanders,Colorado,2023,1,,12,4,8,0,4.117320429380286,-0.1173204293802863,5.51936411610609,13.276874
891773835361,Deion Sanders,Colorado,2024,1,,12,8,4,0,5.8922805185467535,2.1077194814532465,263.22290915475674,23.990107
891773835361,Deion Sanders,Colorado,2025,1,,12,3,9,0,4.948988268781348,-1.9489882687813482,-229.33261242757862,5.945797
891773835361,Deion Sanders,Colorado,2026,1,,4,1,3,0,1.042635535850784,-0.042635535850783945,29.677796078898837,3.665441
91532121576,Dell McGee,Georgia State,2024,0,"two head coaches this season, and the feed does not say which games",,,,,,,,
91532121576,Dell McGee,Georgia State,2025,1,,11,0,11,0,2.082175550146156,-2.082175550146156,-96.73210740535524,0.0
91532121576,Dell McGee,Georgia State,2026,1,,4,3,1,0,1.6431239366317798,1.3568760633682202,219.4031700312155,9.469091
421336744570,Dennis Erickson,Wyoming,1986,1,,11,5,6,0,4.466393557628199,0.5336064423718012,84.14512739706038,15.053894
421336744570,Dennis Erickson,Washington State,1987,1,,11,3,7,1,3.7344901218170152,-0.23449012181701523,-30.707221788222114,10.812157
421336744570,Dennis Erickson,Washington State,1988,1,,12,9,3,0,5.888640601131993,3.1113593988680073,305.64137333926124,27.946921
421336744570,Dennis Erickson,Miami (FL),1989,1,,12,11,1,0,10.090512874645535,0.909487125354465,89.81481058425902,24.746827
421336744570,Dennis Erickson,Miami (FL),1990,1,,12,10,2,0,9.771266897515487,0.2287331024845134,45.61000305266202,22.823718
421336744570,Dennis Erickson,Miami (FL),1991,1,,11,11,0,0,9.150758353323951,1.8492416466760488,143.54577753413446,25.338154
421336744570,Dennis Erickson,Miami (FL),1992,1,,11,10,1,0,8.969008159442495,1.0309918405575047,36.1387476970599,22.948742
421336744570,Dennis Erickson,Miami (FL),1993,1,,11,8,3,0,8.610797542163501,-0.6107975421635015,-68.84519860964065,17.811589
421336744570,Dennis Erickson,Miami (FL),1994,1,,11,9,2,0,7.595667560122046,1.4043324398779538,177.98177153487313,22.575178
421336744570,Dennis Erickson,Oregon State,1999,1,,11,6,5,0,5.89202602933308,0.1079739706669196,60.75998263924521,17.290925
421336744570,Dennis Erickson,Oregon State,2000,1,,11,10,1,0,6.923830889131775,3.076169110868225,343.8177273379015,27.948878
421336744570,Dennis Erickson,Oregon State,2001,1,,10,4,6,0,5.767797085308434,-1.767797085308434,-173.43903959417753,10.796483
421336744570,Dennis Erickson,Oregon State,2002,1,,12,7,5,0,7.2919233281806575,-0.29192332818065747,26.866676753597403,18.757944
421336744570,Dennis Erickson,Idaho,2006,1,,11,3,8,0,3.090079526072297,-0.09007952607229708,6.555967604567513,9.190991
421336744570,Dennis Erickson,Arizona State,2007,1,,13,10,3,0,8.711869276231367,1.2881307237686332,60.71216481471561,24.965634
421336744570,Dennis Erickson,Arizona State,2008,1,,11,4,7,0,5.305824669875507,-1.3058246698755074,-131.37733473695357,11.23704
421336744570,Dennis Erickson,Arizona State,2009,1,,11,3,8,0,4.790716075993986,-1.790716075993986,-29.905573573353195,7.192821
421336744570,Dennis Erickson,Arizona State,2010,1,,10,4,6,0,3.4145317096608525,0.5854682903391475,48.76793416670648,12.07541
421336744570,Dennis Erickson,Arizona State,2011,1,,12,5,7,0,6.073409930752562,-1.073409930752562,-63.48183405264513,14.657338
487199813152,Dennis Franchione,New Mexico,1992,1,,11,3,8,0,3.8445222030042925,-0.8445222030042925,43.4507975257568,9.905835
487199813152,Dennis Franchione,New Mexico,1993,1,,10,5,5,0,4.363357952246767,0.6366420477532326,187.9071243223509,15.094828
487199813152,Dennis Franchione,New Mexico,1994,1,,12,5,7,0,5.835192149396175,-0.8351921493961747,-42.442086441881884,15.252395
487199813152,Dennis Franchione,New Mexico,1995,1,,10,3,7,0,4.677967466827788,-1.6779674668277877,-158.3844983125066,8.994446
487199813152,Dennis Franchione,New Mexico,1996,1,,10,5,5,0,4.966672917007133,0.033327082992866686,25.57637074295303,11.556031
487199813152,Dennis Franchione,New Mexico,1997,1,,12,8,4,0,6.960569114178506,1.0394308858214938,107.59548319018427,21.76458
487199813152,Dennis Franchione,TCU,1998,1,,12,7,5,0,4.530818476821268,2.469181523178732,254.38546433379747,21.960919
487199813152,Dennis Franchione,TCU,1999,1,,12,8,4,0,7.247709964620456,0.7522900353795441,129.15492268740923,20.748938
487199813152,Dennis Franchione,TCU,2000,0,"two head coaches this season, and the feed does not say which games",,,,,,,,
487199813152,Dennis Franchione,Alabama,2001,1,,12,7,5,0,6.087634772335603,0.912365227664397,152.49163972276483,19.56783
487199813152,Dennis Franchione,Alabama,2002,1,,13,10,3,0,8.675185380052014,1.3248146199479862,190.05429454378782,26.229784
487199813152,Dennis Franchione,Texas A&M,2003,1,,12,4,8,0,4.793445619228238,-0.7934456192282378,-101.35401156237435,9.928475
487199813152,Dennis Franchione,Texas A&M,2004,1,,12,7,5,0,5.13859153574038,1.86140846425962,129.12606981877025,22.280821
487199813152,Dennis Franchione,Texas A&M,2005,1,,10,4,6,0,4.391636497483952,-0.3916364974839519,-61.95355112565494,10.705781
487199813152,Dennis Franchione,Texas A&M,2006,1,,12,8,4,0,6.407924622279382,1.5920753777206178,119.57657687706933,22.564534
487199813152,Dennis Franchione,Texas A&M,2007,1,,12,6,6,0,5.797979987247033,0.20202001275296677,-48.25333848497962,16.522832
487199813152,Dennis Franchione,Texas State,2012,1,,11,3,8,0,5.052885531102298,-2.052885531102298,-179.93597666931169,
487199813152,Dennis Franchione,Texas State,2013,1,,11,5,6,0,5.155884466645452,-0.1558844666454524,-0.049000372752061594,11.375309
487199813152,Dennis Franchione,Texas State,2014,1,,11,6,5,0,5.363768266926934,0.6362317330730658,-0.598070627604784,17.275078
487199813152,Dennis Franchione,Texas State,2015,1,,11,2,9,0,4.374406489130657,-2.3744064891306573,-230.04641913607156,6.031435
879453815019,Dennis Green,Northwestern,1981,1,,11,0,11,0,1.1968905219631842,-1.1968905219631842,-127.19929073493586,
879453815019,Dennis Green,Northwestern,1982,1,,11,3,8,0,1.8867916994004674,1.1132083005995326,117.54370142535936,
879453815019,Dennis Green,Northwestern,1983,1,,11,2,9,0,2.4829210007561047,-0.48292100075610467,-121.95083145540957,
879453815019,Dennis Green,Northwestern,1984,1,,11,2,9,0,1.9280574334199059,0.07194256658009412,-51.306776829434284,
879453815019,Dennis Green,Northwestern,1985,1,,11,3,8,0,2.5956623600920046,0.4043376399079954,-21.529107354436974,10.555138
879453815019,Dennis Green,Stanford,1989,1,,11,3,8,0,3.648497738067659,-0.6484977380676589,-81.93687812489543,9.736328
879453815019,Dennis Green,Stanford,1990,1,,11,5,6,0,3.525221149912715,1.4747788500872852,170.6701146237167,16.049231
879453815019,Dennis Green,Stanford,1991,1,,11,7,4,0,5.64238079301903,1.3576192069809698,184.63016985107924,20.559746
1017993316641,Dennis Stolz,Bowling Green,1980,1,,9,4,5,0,4.997425835580615,-0.9974258355806151,-25.539702253176756,
1017993316641,Dennis Stolz,Bowling Green,1981,1,,11,5,5,1,5.356401227692169,0.1435987723078309,62.28343865269221,
1017993316641,Dennis Stolz,Bowling Green,1982,1,,11,7,4,0,7.131242815285305,-0.13124281528530535,5.507925045971433,0.0
1017993316641,Dennis Stolz,Bowling Green,1983,1,,11,8,3,0,6.923577232149498,1.0764227678505023,67.56062097237282,
1017993316641,Dennis Stolz,Bowling Green,1984,1,,10,7,3,0,6.644504929690769,0.3554950703092308,53.70139711388401,
1017993316641,Dennis Stolz,Bowling Green,1985,1,,11,10,1,0,8.90417071322598,1.0958292867740198,31.860564975723946,23.950616
1017993316641,Dennis Stolz,San Diego State,1986,1,,11,7,4,0,4.92655250566843,2.07344749433157,159.84526653343391,21.106298
1017993316641,Dennis Stolz,San Diego State,1987,1,,11,4,7,0,5.422755536963186,-1.4227555369631864,-153.48231671638723,10.618495
1017993316641,Dennis Stolz,San Diego State,1988,1,,11,3,8,0,3.9772794600637242,-0.9772794600637242,-107.7185921323262,9.662249
155110733510,Derek Dooley,Louisiana Tech,2007,1,,11,4,7,0,3.2319208845462604,0.7680791154537396,92.66288019790409,12.501554
155110733510,Derek Dooley,Louisiana Tech,2008,1,,12,7,5,0,5.649010940507205,1.350989059492795,102.92352791533449,19.641012
155110733510,Derek Dooley,Louisiana Tech,2009,1,,11,3,8,0,4.499702998962037,-1.4997029989620367,-82.48785127661245,7.957109
155110733510,Derek Dooley,Tennessee,2010,1,,12,5,7,0,4.778665590458795,0.2213344095412051,-37.697028575539434,14.442888
155110733510,Derek Dooley,Tennessee,2011,1,,11,4,7,0,5.149538774744235,-1.1495387747442347,-59.1540288643439,9.999426
155110733510,Derek Dooley,Tennessee,2012,0,"two head coaches this season, and the feed does not say which games",,,,,,,,
180237975523,Derek Mason,Vanderbilt,2014,1,,11,2,9,0,4.216920543435407,-2.216920543435407,-263.4448879431527,2.20395
180237975523,Derek Mason,Vanderbilt,2015,1,,11,3,8,0,3.072913536037899,-0.07291353603789918,32.53877133832134,9.429328
180237975523,Derek Mason,Vanderbilt,2016,1,,12,5,7,0,3.9560480749800178,1.0439519250199822,94.88872460581047,17.273743
180237975523,Derek Mason,Vanderbilt,2017,1,,11,4,7,0,4.350003913919677,-0.3500039139196769,23.970725916643005,12.151479
180237975523,Derek Mason,Vanderbilt,2018,1,,12,5,7,0,5.343389054483205,-0.3433890544832048,-31.306997047522373,13.790268
180237975523,Derek Mason,Vanderbilt,2019,1,,11,2,9,0,3.5663009057563926,-1.5663009057563926,-174.7120260344152,6.548829
180237975523,Derek Mason,Vanderbilt,2020,0,"two head coaches this season, and the feed does not say which games",,,,,,,,
180237975523,Derek Mason,Middle Tennessee,2024,1,,11,2,9,0,3.8359825308410884,-1.8359825308410884,-179.58506973381532,3.091572
180237975523,Derek Mason,Middle Tennessee,2025,1,,11,3,8,0,3.6592589433835574,-0.6592589433835574,47.85537649005005,9.449166
180237975523,Derek Mason,Middle Tennessee,2026,1,,4,1,3,0,1.2806664812757638,-0.28066648127576377,-50.366694213227674,3.113953
161289271971,Deshaun Foster,UCLA,2024,1,,12,5,7,0,4.8026348681732305,0.1973651318267695,-93.54893358144886,14.94339
161289271971,Deshaun Foster,UCLA,2025,0,"two head coaches this season, and the feed does not say which games",,,,,,,,
625853941040,Dick Anderson,Rutgers,1984,1,,9,6,3,0,3.5258570812937355,2.4741429187062645,227.82875200200442,
625853941040,Dick Anderson,Rutgers,1985,1,,9,0,8,1,2.5698468078965813,-2.0698468078965813,-202.52018134612217,1.782679
625853941040,Dick Anderson,Rutgers,1986,1,,11,5,5,1,5.094004782433721,0.40599521756627865,35.981991471303445,15.997865
625853941040,Dick Anderson,Rutgers,1987,1,,11,6,5,0,4.746753327814601,1.2532466721853988,12.520786465513766,18.27026
625853941040,Dick Anderson,Rutgers,1988,1,,10,4,6,0,4.383382559342106,-0.3833825593421061,-7.8550784174324235,12.939599
625853941040,Dick Anderson,Rutgers,1989,1,,11,2,7,2,4.674220786493362,-1.674220786493362,-153.9385824891549,7.054261
911456330782,Dick Bestwick,Virginia,1980,1,,11,4,7,0,4.296373066937516,-0.29637306693751597,-118.49242162877204,
911456330782,Dick Bestwick,Virginia,1981,1,,10,0,10,0,2.551029398336096,-2.551029398336096,-207.8800354416453,
617268263113,Dick Crum,North Carolina,1980,1,,11,10,1,0,7.626505732007635,2.373494267992365,211.7480498010773,0.0
617268263113,Dick Crum,North Carolina,1981,1,,12,10,2,0,9.15445685546047,0.8455431445395298,84.28316803020834,0.0
617268263113,Dick Crum,North Carolina,1982,1,,12,8,4,0,8.387082264515955,-0.3870822645159553,46.726937691025796,0.0
617268263113,Dick Crum,North Carolina,1983,1,,11,7,4,0,8.533744451575007,-1.5337444515750072,-114.06453235889535,0.0
617268263113,Dick Crum,North Carolina,1984,1,,11,5,5,1,5.3695466762373805,0.13045332376261953,-45.21441851166833,
617268263113,Dick Crum,North Carolina,1985,1,,10,4,6,0,4.760911476592159,-0.7609114765921587,-86.66087042973163,10.855678
617268263113,Dick Crum,North Carolina,1986,1,,11,6,4,1,5.267819225549473,1.2321807744505273,102.35581338905877,18.456804
617268263113,Dick Crum,North Carolina,1987,1,,11,5,6,0,5.851261534905984,-0.8512615349059844,-72.72346391236215,14.536277
617268263113,Dick Crum,Kent State,1988,1,,10,4,6,0,4.985824563517674,-0.9858245635176743,-78.33589337111107,11.498764
617268263113,Dick Crum,Kent State,1989,1,,11,0,11,0,3.616526168833873,-3.616526168833873,-362.9746443529282,0.0
617268263113,Dick Crum,Kent State,1990,1,,11,2,9,0,2.354854688931947,-0.35485468893194705,-33.78598337703011,6.343905
609698911464,Dick Flynn,Central Michigan,1994,1,,12,9,3,0,7.607836261490008,1.3921637385099919,45.622159993012474,24.302529
609698911464,Dick Flynn,Central Michigan,1995,1,,9,2,7,0,4.100788704414018,-2.1007887044140183,-170.5291902860713,5.392088
609698911464,Dick Flynn,Central Michigan,1996,1,,11,5,6,0,5.759241127744813,-0.7592411277448132,13.034362877399417,10.23096
609698911464,Dick Flynn,Central Michigan,1997,1,,11,2,9,0,4.5872129406657045,-2.5872129406657045,-290.13196304032795,4.792849
609698911464,Dick Flynn,Central Michigan,1998,1,,10,5,5,0,3.3996068218786704,1.6003931781213296,122.55211919920202,15.33504
609698911464,Dick Flynn,Central Michigan,1999,1,,10,3,7,0,3.661074804414509,-0.6610748044145089,-95.7269234694702,5.937209
227861518588,Dick MacPherson,Syracuse,1981,1,,10,3,6,1,3.782580856526635,-0.2825808565266348,-11.598723895590183,
227861518588,Dick MacPherson,Syracuse,1982,1,,10,1,9,0,3.292682841580394,-2.292682841580394,-195.70355186064808,
227861518588,Dick MacPherson,Syracuse,1983,1,,11,6,5,0,3.6554588353318245,2.3445411646681755,247.00462211524268,
227861518588,Dick MacPherson,Syracuse,1984,1,,11,6,5,0,5.720907239685326,0.2790927603146738,-7.226896441447025,
227861518588,Dick MacPherson,Syracuse,1985,1,,12,7,5,0,6.955539579111544,0.04446042088845559,35.65877958877013,18.89674
227861518588,Dick MacPherson,Syracuse,1986,1,,11,5,6,0,4.93365673664448,0.06634326335552032,-10.13986641559768,15.094838
227861518588,Dick MacPherson,Syracuse,1987,1,,11,10,0,1,7.54413148885473,2.95586851114527,317.00971758933747,27.515846
227861518588,Dick MacPherson,Syracuse,1988,1,,12,10,2,0,9.276099469013271,0.7239005309867288,53.19275657436356,24.267675
227861518588,Dick MacPherson,Syracuse,1989,1,,12,8,4,0,8.438330449148392,-0.4383304491483919,-108.91911694696432,19.661508
227861518588,Dick MacPherson,Syracuse,1990,1,,13,7,4,2,7.763669961141747,0.2363300388582532,95.09883005474398,19.973802
384248200386,Dick Scesniak,Kent State,1983,1,,10,1,9,0,2.1948887607528054,-1.1948887607528054,-68.39666543442445,
384248200386,Dick Scesniak,Kent State,1984,1,,10,3,7,0,2.6810363801353856,0.3189636198646144,87.8721585989449,
384248200386,Dick Scesniak,Kent State,1985,1,,10,3,7,0,4.3556308926534095,-1.3556308926534095,-126.27214814694344,8.215214
331770897235,Dick Sheridan,NC State,1986,1,,11,7,3,1,5.234554726669406,2.2654452733305943,239.79273826474946,22.801943
331770897235,Dick Sheridan,NC State,1987,1,,10,4,6,0,4.397285644307085,-0.39728564430708513,-80.03006638316742,13.072149
331770897235,Dick Sheridan,NC State,1988,1,,10,6,3,1,5.075062932313689,1.4249370676863107,149.98804293539774,19.323934
331770897235,Dick Sheridan,NC State,1989,1,,11,6,5,0,6.871160708213814,-0.8711607082138144,-64.3592997475373,15.296453
331770897235,Dick Sheridan,NC State,1990,1,,10,5,5,0,4.376949550555058,0.6230504494449418,72.04044713062171,14.304408
331770897235,Dick Sheridan,NC State,1991,1,,11,8,3,0,7.234447795412985,0.7655522045870153,37.12401259600733,20.709517
331770897235,Dick Sheridan,NC State,1992,1,,12,8,3,1,7.41528495531869,1.0847150446813103,150.68769749965463,22.109411
841655210174,Dick Tomey,Hawai'i,1980,1,,8,5,3,0,3.771652930400214,1.2283470695997858,52.22530354784931,
841655210174,Dick Tomey,Hawai'i,1981,1,,8,7,1,0,5.540823200555802,1.4591767994441982,155.90760178985715,
841655210174,Dick Tomey,Hawai'i,1982,1,,9,4,5,0,5.019767277492316,-1.019767277492316,-112.05707238767513,
841655210174,Dick Tomey,Hawai'i,1983,1,,9,4,4,1,5.405599554437758,-0.9055995544377584,-93.84649909084578,
841655210174,Dick Tomey,Hawai'i,1984,1,,10,7,3,0,5.529630789385635,1.4703692106143649,86.27857697011973,
841655210174,Dick Tomey,Hawai'i,1985,1,,10,4,4,2,5.611303977301358,-0.6113039773013584,-20.29396922124033,12.004317
841655210174,Dick Tomey,Hawai'i,1986,1,,11,6,5,0,5.642478441710453,0.35752155828954724,6.116757089780322,16.136769
841655210174,Dick Tomey,Arizona,1987,1,,11,4,4,3,7.16092381928755,-1.6609238192875502,-92.34543966271144,12.021292
841655210174,Dick Tomey,Arizona,1988,1,,11,7,4,0,5.914895647840565,1.0851043521594352,126.87284118295747,19.327654
841655210174,Dick Tomey,Arizona,1989,1,,11,7,4,0,6.2824170699285915,0.7175829300714085,78.66074404131427,20.659892
841655210174,Dick Tomey,Arizona,1990,1,,12,7,5,0,7.6138323488370805,-0.6138323488370805,-145.5488171583297,19.346047
841655210174,Dick Tomey,Arizona,1991,1,,10,3,7,0,3.8464194685003097,-0.8464194685003097,-98.42869794594662,8.518975
841655210174,Dick Tomey,Arizona,1992,1,,12,6,5,1,6.1920943493431135,0.30790565065688646,231.73501576674312,18.91294
841655210174,Dick Tomey,Arizona,1993,1,,11,9,2,0,7.185264169979326,1.8147358300206742,208.13746062573205,24.219644
841655210174,Dick Tomey,Arizona,1994,1,,12,8,4,0,9.150314820276023,-1.150314820276023,-77.23516014770667,18.835397
841655210174,Dick Tomey,Arizona,1995,1,,10,5,5,0,5.328307548893246,-0.3283075488932461,-41.40116477179163,13.65619
841655210174,Dick Tomey,Arizona,1996,1,,11,5,6,0,5.925050861709863,-0.9250508617098632,-22.220256533591282,13.01159
841655210174,Dick Tomey,Arizona,1997,1,,12,7,5,0,5.356637547773562,1.6433624522264383,157.69461406595565,19.436909
841655210174,Dick Tomey,Arizona,1998,1,,13,12,1,0,9.480686354168505,2.5193136458314953,213.74647524332522,30.652499
841655210174,Dick Tomey,Arizona,1999,1,,12,6,6,0,8.1525659544806,-2.1525659544806004,-272.23036816843546,12.980659
841655210174,Dick Tomey,Arizona,2000,1,,11,5,6,0,5.930063284203317,-0.9300632842033174,-25.142149927230548,14.497209
841655210174,Dick Tomey,San Jose State,2005,1,,10,2,8,0,2.2423027932356616,-0.24230279323566162,-7.905310100916267,6.082373
841655210174,Dick Tomey,San Jose State,2006,1,,12,8,4,0,5.339225137738799,2.660774862261201,241.8845266494693,23.278501
841655210174,Dick Tomey,San Jose State,2007,1,,11,4,7,0,4.761311245631343,-0.7613112456313429,-113.01615541803994,11.9623
841655210174,Dick Tomey,San Jose State,2008,1,,11,5,6,0,5.236228956632672,-0.2362289566326723,-72.30491166082038,13.776974
841655210174,Dick Tomey,San Jose State,2009,1,,11,1,10,0,2.7760338452369893,-1.7760338452369893,-198.75248778916375,3.762223
520334426399,Dino Babers,Bowling Green,2014,1,,13,7,6,0,7.574249812771384,-0.5742498127713844,-214.16888717431652,18.285607
520334426399,Dino Babers,Bowling Green,2015,1,,14,10,4,0,8.58354528903475,1.4164547109652492,163.4124583567775,26.828474
520334426399,Dino Babers,Syracuse,2016,1,,11,3,8,0,3.1066945304141322,-0.10669453041413224,-16.986113031962304,10.175003
520334426399,Dino Babers,Syracuse,2017,1,,11,3,8,0,3.1257098505252268,-0.12570985052522676,44.46448158099042,10.219711
520334426399,Dino Babers,Syracuse,2018,1,,12,9,3,0,6.1982208926468765,2.8017791073531235,268.89301976152115,26.757113
520334426399,Dino Babers,Syracuse,2019,1,,11,4,7,0,5.258497745788571,-1.2584977457885707,-220.17669938405106,11.518558
520334426399,Dino Babers,Syracuse,2020,1,,11,1,10,0,2.9380360012632365,-1.9380360012632365,-208.2137015872795,3.018163
520334426399,Dino Babers,Syracuse,2021,1,,11,4,7,0,3.550066171066666,0.4499338289333341,85.54453679445055,14.59438
520334426399,Dino Babers,Syracuse,2022,1,,12,6,6,0,4.966373385442171,1.0336266145578286,-5.285335999903282,17.927622
520334426399,Dino Babers,Syracuse,2023,0,"two head coaches this season, and the feed does not say which games",,,,,,,,
446518114893,Dirk Koetter,Boise State,1998,1,,8,3,5,0,3.0272321449486084,-0.027232144948608372,-27.050301324801694,9.71049
446518114893,Dirk Koetter,Boise State,1999,1,,11,8,3,0,5.735193464177704,2.264806535822296,232.8532560636288,23.825372
446518114893,Dirk Koetter,Boise State,2000,1,,10,8,2,0,7.119698950184819,0.8803010498151806,115.89700286106631,20.081843
446518114893,Dirk Koetter,Arizona State,2001,1,,11,4,7,0,5.0647365039578105,-1.0647365039578105,-87.99406064580353,10.292265
446518114893,Dirk Koetter,Arizona State,2002,1,,13,7,6,0,5.486601038011628,1.513398961988372,173.32134101104725,21.22023
446518114893,Dirk Koetter,Arizona State,2003,1,,11,4,7,0,5.126796990838246,-1.1267969908382458,-81.23759145328404,10.52268
446518114893,Dirk Koetter,Arizona State,2004,1,,12,9,3,0,6.220325040963907,2.779674959036093,172.71715896552564,26.484166
446518114893,Dirk Koetter,Arizona State,2005,1,,12,7,5,0,7.226931992754128,-0.22693199275412823,-7.325252367034636,18.263325
446518114893,Dirk Koetter,Arizona State,2006,1,,12,6,6,0,6.164180699664409,-0.16418069966440907,18.595256205521764,16.306791
913692340412,Doc Holliday,Marshall,2010,1,,12,5,7,0,4.795949545874553,0.2040504541254471,-31.691579550058123,15.144869
913692340412,Doc Holliday,Marshall,2011,1,,13,7,6,0,5.258784038295653,1.7412159617043468,48.50755459048787,20.598452
913692340412,Doc Holliday,Marshall,2012,1,,11,4,7,0,5.285458066485859,-1.2854580664858588,-53.04693843886753,12.274538
913692340412,Doc Holliday,Marshall,2013,1,,13,9,4,0,8.0608936624466,0.9391063375533992,126.84414614149182,24.500616
913692340412,Doc Holliday,Marshall,2014,1,,13,12,1,0,10.097878082835418,1.9021219171645818,147.1228477635109,27.600006
913692340412,Doc Holliday,Marshall,2015,1,,12,9,3,0,8.918953003062919,0.08104699693708106,-101.4448753253887,20.095328
913692340412,Doc Holliday,Marshall,2016,1,,11,2,9,0,5.11432565816648,-3.1143256581664804,-282.202819297798,5.51242
913692340412,Doc Holliday,Marshall,2017,1,,13,8,5,0,6.338955053922419,1.6610449460775811,115.57269606891896,23.389439
913692340412,Doc Holliday,Marshall,2018,1,,12,8,4,0,6.954499187759723,1.0455008122402774,135.25958141927345,22.03531
913692340412,Doc Holliday,Marshall,2019,1,,12,7,5,0,6.479036438950312,0.5209635610496877,-69.99633747371081,19.408904
913692340412,Doc Holliday,Marshall,2020,1,,9,6,3,0,5.49198364285178,0.5080163571482199,-57.09583807305148,16.477488
355527771138,Don Brown,Massachusetts,2022,1,,11,0,11,0,2.025680943587287,-2.025680943587287,-130.09799992323133,0.0
355527771138,Don Brown,Massachusetts,2023,1,,11,2,9,0,2.355403901136077,-0.3554039011360768,0.6003481880402433,8.428601
355527771138,Don Brown,Massachusetts,2024,0,"two head coaches this season, and the feed does not say which games",,,,,,,,
97398052988,Don Fambrough,Kansas,1980,1,,11,4,5,2,5.273555987390239,-0.2735559873902389,-0.6044078854097279,
97398052988,Don Fambrough,Kansas,1981,1,,12,8,4,0,6.520315716592436,1.4796842834075639,70.99101999409481,0.0
97398052988,Don Fambrough,Kansas,1982,1,,10,2,6,2,5.245011530709067,-2.245011530709067,-235.9285914969305,
79716987002,Don James,Washington,1980,1,,12,9,3,0,6.908166930050825,2.0918330699491747,187.06215157748443,0.0
79716987002,Don James,Washington,1981,1,,11,9,2,0,7.434725181402779,1.5652748185972207,115.9732140250253,0.0
79716987002,Don James,Washington,1982,1,,12,10,2,0,9.229854333527223,0.7701456664727768,9.104441451751654,0.0
79716987002,Don James,Washington,1983,1,,12,8,4,0,8.25518479669795,-0.25518479669795013,-48.728607105861556,0.0
79716987002,Don James,Washington,1984,1,,12,11,1,0,8.843909438531442,2.1560905614685577,221.03937824248146,0.0
79716987002,Don James,Washington,1985,1,,12,7,5,0,8.358256673247737,-1.3582566732477375,-88.90819930341263,17.403251
79716987002,Don James,Washington,1986,1,,12,8,3,1,8.097984675077864,0.4020153249221359,70.54405197984465,20.488494
79716987002,Don James,Washington,1987,1,,11,6,4,1,6.686329889554516,-0.18632988955451601,-25.8748985505747,15.805055
79716987002,Don James,Washington,1988,1,,11,6,5,0,6.294177537670604,-0.2941775376706044,25.63450810226209,15.290662
79716987002,Don James,Washington,1989,1,,12,8,4,0,6.803637040952325,1.1963629590476748,155.4685519109787,22.009915
79716987002,Don James,Washington,1990,1,,12,10,2,0,9.167517799122617,0.8324822008773829,163.932983947092,24.672744
79716987002,Don James,Washington,1991,1,,12,12,0,0,10.020181117694811,1.9798188823051888,220.17773479265406,28.183368
79716987002,Don James,Washington,1992,1,,11,8,3,0,9.226419551742907,-1.2264195517429073,-163.9065703483002,17.608312
937278982173,Don Morton,Tulsa,1985,1,,7,2,5,0,2.4877207998061497,-0.4877207998061497,-81.8401938940658,5.999092
937278982173,Don Morton,Tulsa,1986,1,,7,4,3,0,2.582182729632967,1.417817270367033,159.36438210698475,12.370936
937278982173,Don Morton,Wisconsin,1987,1,,11,3,8,0,4.243636735756281,-1.2436367357562812,-78.32489725691335,9.357463
937278982173,Don Morton,Wisconsin,1988,1,,11,1,10,0,2.3808942024260733,-1.3808942024260733,-124.16289967567559,3.397605
937278982173,Don Morton,Wisconsin,1989,1,,11,2,9,0,2.4110057956620343,-0.4110057956620343,-22.575955825760957,5.978067
857345227041,Don Nehlen,West Virginia,1980,1,,11,5,6,0,5.779482212243448,-0.7794822122434484,-6.791611066475525,
857345227041,Don Nehlen,West Virginia,1981,1,,12,9,3,0,7.2742857888581804,1.7257142111418196,212.6777268283654,0.0
857345227041,Don Nehlen,West Virginia,1982,1,,11,8,3,0,7.433185196199227,0.5668148038007734,15.868159387453034,0.0
857345227041,Don Nehlen,West Virginia,1983,1,,11,8,3,0,7.373919855056901,0.6260801449430993,21.01421251854481,0.0
857345227041,Don Nehlen,West Virginia,1984,1,,12,8,4,0,8.245859334215657,-0.2458593342156572,-19.566552001868786,0.0
857345227041,Don Nehlen,West Virginia,1985,1,,11,7,3,1,6.435860678873568,1.064139321126432,41.39030600346837,19.152392
857345227041,Don Nehlen,West Virginia,1986,1,,11,4,7,0,5.250443477579263,-1.250443477579263,-150.77710870736018,10.213886
857345227041,Don Nehlen,West Virginia,1987,1,,12,6,6,0,5.826206903285809,0.1737930967141912,134.58257778708526,15.309791
857345227041,Don Nehlen,West Virginia,1988,1,,11,10,1,0,7.982420762343334,2.0175792376566664,253.91831531687308,25.12519
857345227041,Don Nehlen,West Virginia,1989,1,,12,8,3,1,9.227126760872434,-0.7271267608724337,-50.30676105987186,19.819569
857345227041,Don Nehlen,West Virginia,1990,1,,11,4,7,0,6.938229944002768,-2.938229944002768,-235.06378324472303,10.057955
857345227041,Don Nehlen,West Virginia,1991,1,,11,6,5,0,4.79189549706625,1.2081045029337503,86.13557036123643,17.431251
857345227041,Don Nehlen,West Virginia,1992,1,,11,5,4,2,5.849789853398141,0.15021014660185905,76.68023995184467,15.235887
857345227041,Don Nehlen,West Virginia,1993,1,,12,11,1,0,8.104307540526195,2.895692459473805,200.37049038264945,29.074858
857345227041,Don Nehlen,West Virginia,1994,1,,13,7,6,0,7.657533078277368,-0.6575330782773676,-118.32917727659833,18.831054
857345227041,Don Nehlen,West Virginia,1995,1,,11,5,6,0,6.152933622275084,-1.152933622275084,-51.313974522948456,12.885147
857345227041,Don Nehlen,West Virginia,1996,1,,12,8,4,0,7.529500459152777,0.47049954084722323,62.670261999742024,20.50346
857345227041,Don Nehlen,West Virginia,1997,1,,12,7,5,0,7.609746578666584,-0.6097465786665843,-18.65221405064449,16.315456
857345227041,Don Nehlen,West Virginia,1998,1,,12,8,4,0,7.561425083107542,0.438574916892458,105.80425425244539,20.477104
857345227041,Don Nehlen,West Virginia,1999,1,,11,4,7,0,5.552057971106397,-1.5520579711063966,-117.62516100200537,11.203175
857345227041,Don Nehlen,West Virginia,2000,1,,12,7,5,0,6.087584611671742,0.9124153883282577,90.00788848726279,19.694318
686698232824,Don Strock,FIU,2004,0,this database holds no games for that team that season,,,,,,,,
686698232824,Don Strock,FIU,2005,1,,9,3,6,0,3.982914635148473,-0.982914635148473,-145.8219185646135,
686698232824,Don Strock,FIU,2006,1,,12,0,12,0,3.9235134291495704,-3.9235134291495704,-333.3175566232064,1.0
571427592265,Don Treadwell,Miami (OH),2011,1,,12,4,8,0,6.135212678250971,-2.135212678250971,-141.4314324495756,10.638636
571427592265,Don Treadwell,Miami (OH),2012,1,,11,3,8,0,4.189782196829188,-1.1897821968291877,-171.91349346665243,6.006262
571427592265,Don Treadwell,Miami (OH),2013,0,"two head coaches this season, and the feed does not say which games",,,,,,,,
246686431507,Donnie Duncan,Iowa State,1980,1,,11,6,5,0,6.194337269551166,-0.19433726955116626,-69.16016963544985,
246686431507,Donnie Duncan,Iowa State,1981,1,,10,4,5,1,4.912125019880783,-0.4121250198807829,-27.313798193540833,
246686431507,Donnie Duncan,Iowa State,1982,1,,10,3,6,1,4.501292128988521,-1.0012921289885206,-56.6334794233685,
615114094000,Donte Williams,USC,2021,0,"two head coaches this season, and the feed does not say which games",,,,,,,,
882759376528,Doug Barfield,Auburn,1980,1,,10,4,6,0,3.90665051166142,0.09334948833858014,-6.574170738681687,
542469294886,Doug Graber,Rutgers,1990,1,,10,2,8,0,2.938053815556346,-0.938053815556346,-86.26629383880322,6.249102
542469294886,Doug Graber,Rutgers,1991,1,,10,5,5,0,3.6027786719732475,1.3972213280267525,117.39860485990607,15.013815
542469294886,Doug Graber,Rutgers,1992,1,,10,6,4,0,5.106114813135474,0.8938851868645257,81.71889325671259,16.60407
542469294886,Doug Graber,Rutgers,1993,1,,10,3,7,0,4.353213831113814,-1.3532138311138144,-160.9661758655684,7.820002
542469294886,Doug Graber,Rutgers,1994,1,,11,5,5,1,4.887937600682068,0.6120623993179324,17.638892645763235,14.856588
542469294886,Doug Graber,Rutgers,1995,1,,11,4,7,0,4.442419777025869,-0.44241977702586865,-55.19940568652237,11.136201
714469906407,Doug Marrone,Syracuse,2009,1,,11,3,8,0,3.126985798958536,-0.12698579895853612,133.87045362090907,10.600883
714469906407,Doug Marrone,Syracuse,2010,1,,11,6,5,0,6.103110153962934,-0.10311015396293399,53.01280550690535,18.73047
714469906407,Doug Marrone,Syracuse,2011,1,,11,4,7,0,5.801083089780149,-1.8010830897801489,-131.7765943693214,12.092101
714469906407,Doug Marrone,Syracuse,2012,1,,12,7,5,0,4.890946471142021,2.109053528857979,200.05221208474677,21.844662
24134132377,Doug Martin,Kent State,2004,1,,10,4,6,0,4.294333828809703,-0.2943338288097026,76.01399181186889,10.947072
24134132377,Doug Martin,Kent State,2005,1,,10,0,10,0,3.8729360568800817,-3.8729360568800817,-242.51071175417792,0.0
24134132377,Doug Martin,Kent State,2006,1,,12,6,6,0,5.094960464289126,0.9050395357108743,59.34858325359755,19.88279
24134132377,Doug Martin,Kent State,2007,1,,11,2,9,0,4.636118483039194,-2.636118483039194,-148.03439356664194,7.684093
24134132377,Doug Martin,Kent State,2008,1,,11,3,8,0,3.6848445975784405,-0.6848445975784405,98.1457366772861,10.746537
24134132377,Doug Martin,Kent State,2009,1,,11,4,7,0,5.187085044492465,-1.1870850444924654,-58.500775094742266,12.215622
24134132377,Doug Martin,Kent State,2010,1,,11,4,7,0,5.041776904052217,-1.0417769040522167,-3.06266301420942,11.194257
24134132377,Doug Martin,New Mexico State,2013,1,,11,1,10,0,2.3413439541244796,-1.3413439541244796,-80.11480816842618,3.010778
24134132377,Doug Martin,New Mexico State,2014,1,,11,1,10,0,2.6647391152659456,-1.6647391152659456,-185.8565989386152,3.264396
24134132377,Doug Martin,New Mexico State,2015,1,,12,3,9,0,2.3252236757055376,0.6747763242944624,19.162095375690797,12.065262
24134132377,Doug Martin,New Mexico State,2016,1,,12,3,9,0,3.328459407254101,-0.32845940725410117,-4.732546192767359,9.245289
24134132377,Doug Martin,New Mexico State,2017,1,,13,7,6,0,5.365407996560471,1.6345920034395292,118.52605069982155,20.827637
24134132377,Doug Martin,New Mexico State,2018,1,,11,2,9,0,4.377636683989731,-2.3776366839897314,-206.1725419255115,2.716588
24134132377,Doug Martin,New Mexico State,2019,1,,11,1,10,0,2.5810059152266884,-1.5810059152266884,-95.33404405819715,2.679579
24134132377,Doug Martin,New Mexico State,2020,0,this database holds no games for that team that season,,,,,,,,
24134132377,Doug Martin,New Mexico State,2021,1,,11,1,10,0,2.340618569264694,-1.3406185692646941,-103.72273805639247,2.885486
595077156202,Doug Meacham,Oklahoma State,2025,0,"two head coaches this season, and the feed does not say which games",,,,,,,,
1019462935737,Doug Scovil,San Diego State,1981,1,,11,6,5,0,5.490786297177749,0.509213702822251,75.86526462926327,
1019462935737,Doug Scovil,San Diego State,1982,1,,11,6,5,0,4.158768100274402,1.8412318997255976,99.31924720749407,
1019462935737,Doug Scovil,San Diego State,1983,1,,11,2,8,1,5.3528630626756515,-2.8528630626756515,-253.5023955505808,
1019462935737,Doug Scovil,San Diego State,1984,1,,11,4,6,1,3.90752425736036,0.5924757426396399,93.75851883059318,
1019462935737,Doug Scovil,San Diego State,1985,1,,11,4,6,1,4.9802869731980435,-0.4802869731980435,-7.952143668103645,12.288997
633827675963,Dowell Loggains,Appalachian State,2025,1,,12,4,8,0,5.2097579545713675,-1.2097579545713675,-140.8157594717086,11.711702
633827675963,Dowell Loggains,Appalachian State,2026,1,,3,2,1,0,1.2187086897434194,0.7812913102565806,12.594699977549453,6.001399
747361512005,Drew Svoboda,North Texas,2025,0,"two head coaches this season, and the feed does not say which games",,,,,,,,
652563265045,Dwight Wallace,Ball State,1980,1,,9,5,4,0,4.635364802469478,0.3646351975305224,57.40856828099345,
652563265045,Dwight Wallace,Ball State,1981,1,,8,2,6,0,4.045632147665245,-2.045632147665245,-198.80420712504952,
652563265045,Dwight Wallace,Ball State,1982,1,,8,4,4,0,3.573815804486564,0.4261841955134358,8.028134187661635,
652563265045,Dwight Wallace,Ball State,1983,1,,8,4,4,0,4.004698845981243,-0.004698845981242705,-52.905732162897266,
652563265045,Dwight Wallace,Ball State,1984,1,,9,3,6,0,3.302391330078498,-0.30239133007849794,-121.67798395709724,
1059354820066,Earle Bruce,Ohio State,1980,1,,12,9,3,0,7.944515535633066,1.055484464366934,148.55890135436243,0.0
1059354820066,Earle Bruce,Ohio State,1981,1,,12,9,3,0,8.06529593669586,0.9347040633041406,101.5113242095465,0.0
1059354820066,Earle Bruce,Ohio State,1982,1,,12,9,3,0,7.987612779721603,1.0123872202783968,143.53192414644172,0.0
1059354820066,Earle Bruce,Ohio State,1983,1,,12,9,3,0,8.900606963633825,0.09939303636617502,48.56813504982256,0.0
1059354820066,Earle Bruce,Ohio State,1984,1,,12,9,3,0,9.911990896084724,-0.9119908960847241,-9.767397812321633,0.0
1059354820066,Earle Bruce,Ohio State,1985,1,,12,9,3,0,8.366953520399814,0.6330464796001856,55.213803805979296,22.573948
1059354820066,Earle Bruce,Ohio State,1986,1,,13,10,3,0,8.741300078822803,1.2586999211771968,163.39138789875892,24.577678
1059354820066,Earle Bruce,Ohio State,1987,1,,11,6,4,1,7.930167054461097,-1.430167054461097,-134.78724847971353,15.616684
1059354820066,Earle Bruce,Colorado State,1989,1,,10,4,5,1,2.587062618584643,1.912937381415357,242.83550072292337,14.496775
1059354820066,Earle Bruce,Colorado State,1990,1,,12,8,4,0,6.1001292224009545,1.8998707775990455,127.77222072575955,22.577229
1059354820066,Earle Bruce,Colorado State,1991,1,,11,3,8,0,5.711738246191768,-2.711738246191768,-231.64858864109465,8.055708
1059354820066,Earle Bruce,Colorado State,1992,1,,11,5,6,0,4.288078639476182,0.7119213605238182,1.3788152794227244,15.263082
99129490712,Ed Cavanaugh,Army,1980,1,,8,2,6,0,3.1411864502255633,-1.1411864502255633,-136.04409756742848,
99129490712,Ed Cavanaugh,Army,1981,1,,6,0,5,1,1.5023415066308157,-1.0023415066308157,-134.91929076950169,
99129490712,Ed Cavanaugh,Army,1982,1,,7,0,7,0,1.0792804732241497,-1.0792804732241497,-115.49220520686981,
22750466769,Ed Chlebek,Boston College,1980,1,,7,4,3,0,3.350467505958276,0.6495324940417242,79.45118498135457,
22750466769,Ed Chlebek,Kent State,1981,1,,10,3,7,0,4.115205867861701,-1.1152058678617012,-72.60267731319777,
22750466769,Ed Chlebek,Kent State,1982,1,,10,0,10,0,2.8080592614661173,-2.8080592614661173,-244.8028038773898,
725238390610,Ed Emory,East Carolina,1980,1,,7,1,6,0,2.5607936953173827,-1.5607936953173827,-162.99178144534426,
725238390610,Ed Emory,East Carolina,1981,1,,7,2,5,0,1.8855740477604233,0.11442595223957674,-37.97981092648456,
725238390610,Ed Emory,East Carolina,1982,1,,6,2,4,0,1.364669228153225,0.6353307718467751,96.2251836772416,
725238390610,Ed Emory,East Carolina,1983,1,,8,5,3,0,3.1849169162199873,1.8150830837800127,148.959865550705,
725238390610,Ed Emory,East Carolina,1984,1,,9,0,9,0,3.3365213546678127,-3.3365213546678127,-324.5817919179153,
902298581490,Ed Foley,Temple,2018,0,"two head coaches this season, and the feed does not say which games",,,,,,,,
848110545634,Ed Orgeron,Ole Miss,2005,1,,10,2,8,0,4.074388940564292,-2.074388940564292,-253.84463551672752,5.405871
848110545634,Ed Orgeron,Ole Miss,2006,1,,11,3,8,0,2.684284486880887,0.31571551311911294,-42.385247161743564,11.202989
848110545634,Ed Orgeron,Ole Miss,2007,1,,11,2,9,0,2.7402986226866557,-0.7402986226866557,-52.41868000725458,5.7459
848110545634,Ed Orgeron,USC,2013,0,"two head coaches this season, and the feed does not say which games",,,,,,,,
848110545634,Ed Orgeron,LSU,2016,0,"two head coaches this season, and the feed does not say which games",,,,,,,,
848110545634,Ed Orgeron,LSU,2017,1,,12,8,4,0,8.171416958066573,-0.17141695806657253,-1.00064090230876,20.178802
848110545634,Ed Orgeron,LSU,2018,1,,12,9,3,0,7.1251506288739375,1.8748493711260625,73.46512528239941,25.262934
848110545634,Ed Orgeron,LSU,2019,1,,14,14,0,0,10.396831583107664,3.603168416892336,404.2708621774084,35.773158
848110545634,Ed Orgeron,LSU,2020,1,,10,5,5,0,6.275118477739056,-1.2751184777390563,-354.98151861458314,12.781903
848110545634,Ed Orgeron,LSU,2021,0,"two head coaches this season, and the feed does not say which games",,,,,,,,
315204559439,Ed Zaunbrecher,ULM,1994,1,,7,1,6,0,1.981539643723636,-0.9815396437236359,-128.2735211708989,
315204559439,Ed Zaunbrecher,ULM,1995,1,,7,1,6,0,1.5110060938923806,-0.5110060938923806,-102.3557720217475,3.673355
315204559439,Ed Zaunbrecher,ULM,1996,1,,7,1,6,0,1.6004183617613483,-0.6004183617613483,-147.7838986418717,0.0
315204559439,Ed Zaunbrecher,ULM,1997,1,,10,3,7,0,2.364169707353205,0.6358302926467951,24.581847794140685,9.571014
315204559439,Ed Zaunbrecher,ULM,1998,1,,8,2,6,0,2.69890247832694,-0.6989024783269402,-73.65954464573838,5.553328
917470344911,Eddie George,Bowling Green,2025,1,,11,3,8,0,5.392529651882229,-2.3925296518822288,-234.9647564064337,8.57309
917470344911,Eddie George,Bowling Green,2026,1,,4,1,3,0,0.5774067171420059,0.42259328285799413,66.30026660804174,3.580469
195509434176,Eli Drinkwitz,Appalachian State,2019,0,"two head coaches this season, and the feed does not say which games",,,,,,,,
195509434176,Eli Drinkwitz,Missouri,2020,1,,10,5,5,0,4.934957708208365,0.06504229179163534,-8.080669202963918,14.021404
195509434176,Eli Drinkwitz,Missouri,2021,1,,12,5,7,0,5.057935700066696,-0.057935700066695794,-57.13989608583756,15.233405
195509434176,Eli Drinkwitz,Missouri,2022,1,,12,5,7,0,5.211419091292257,-0.21141909129225667,87.20013118996212,14.71864
195509434176,Eli Drinkwitz,Missouri,2023,1,,12,10,2,0,6.493024622554568,3.506975377445432,302.0475371701659,28.146761
195509434176,Eli Drinkwitz,Missouri,2024,1,,12,9,3,0,8.471458186392084,0.5285418136079159,-113.43167833586381,21.622358
195509434176,Eli Drinkwitz,Missouri,2025,1,,12,7,5,0,7.515643196914875,-0.5156431969148754,29.16950858474752,17.340113
195509434176,Eli Drinkwitz,Missouri,2026,1,,4,3,1,0,2.4132066351808876,0.5867933648191124,65.08434632529679,7.951131
120027078552,Elijah Robinson,Texas A&M,2023,0,"two head coaches this season, and the feed does not say which games",,,,,,,,
467316418898,Elliot Uzelac,Western Michigan,1980,1,,10,6,4,0,5.917255859378378,0.08274414062162183,-11.707304263543847,
467316418898,Elliot Uzelac,Western Michigan,1981,1,,11,6,5,0,6.879253338271764,-0.8792533382717638,-71.52680408700007,
467316418898,Elliot Uzelac,Navy,1987,1,,7,0,7,0,1.0801200635333836,-1.0801200635333836,-108.56746843731844,0.0
467316418898,Elliot Uzelac,Navy,1988,1,,7,0,7,0,1.0088121720888292,-1.0088121720888292,-80.68860237737977,0.0
467316418898,Elliot Uzelac,Navy,1989,1,,8,3,5,0,1.549819378157078,1.450180621842922,54.96678662563431,10.228727
475432943906,Ellis Johnson,Southern Miss,2012,1,,12,0,12,0,5.168912147560018,-5.168912147560018,-447.72568651624624,1.0
305886439875,Emory Bellard,Mississippi State,1980,1,,12,9,3,0,6.795245434139928,2.204754565860072,159.08352025678255,0.0
305886439875,Emory Bellard,Mississippi State,1981,1,,12,8,4,0,7.915254187726032,0.08474581227396794,45.31244359884158,0.0
305886439875,Emory Bellard,Mississippi State,1982,1,,10,4,6,0,4.680057357541109,-0.6800573575411093,-83.36771160495982,
305886439875,Emory Bellard,Mississippi State,1983,1,,11,3,8,0,4.135880052802329,-1.135880052802329,-105.04283893251295,
305886439875,Emory Bellard,Mississippi State,1984,1,,11,4,7,0,4.422934667095137,-0.42293466709513705,-57.288221260226464,
305886439875,Emory Bellard,Mississippi State,1985,1,,10,4,6,0,3.8074210846603345,0.19257891533966554,1.5134928274296726,10.969929
601454533949,Eric Kiesau,Fresno State,2016,0,"two head coaches this season, and the feed does not say which games",,,,,,,,
814669325066,Eric Morris,North Texas,2023,1,,11,4,7,0,4.26363490492982,-0.26363490492981967,-120.95938480340351,12.267727
814669325066,Eric Morris,North Texas,2024,1,,12,5,7,0,5.089480483482065,-0.08948048348206505,-11.96382570466244,14.540896
814669325066,Eric Morris,North Texas,2025,0,"two head coaches this season, and the feed does not say which games",,,,,,,,
814669325066,Eric Morris,Oklahoma State,2026,1,,3,2,1,0,0.6947698629129325,1.3052301370870674,233.90702742325993,7.238101
634946162995,Everett Withers,North Carolina,2011,1,,12,6,6,0,6.9601453907822695,-0.9601453907822695,-106.11715123403997,14.883769
634946162995,Everett Withers,Texas State,2016,1,,11,1,10,0,2.610895140417232,-1.6108951404172318,-150.4428981602589,3.675222
634946162995,Everett Withers,Texas State,2017,1,,11,1,10,0,2.148282301570798,-1.1482823015707981,33.296468254933416,0.0
634946162995,Everett Withers,Texas State,2018,0,"two head coaches this season, and the feed does not say which games",,,,,,,,
634946162995,Everett Withers,Temple,2024,0,"two head coaches this season, and the feed does not say which games",,,,,,,,
910528209041,F. Dry,TCU,1980,1,,11,1,10,0,3.540856899285262,-2.540856899285262,-200.81240721629752,
910528209041,F. Dry,TCU,1981,1,,10,1,7,2,2.5436634342449453,-0.5436634342449453,-73.59910797481189,
910528209041,F. Dry,TCU,1982,1,,11,3,8,0,3.588875647979104,-0.588875647979104,4.792308998440831,
706243890359,Fisher DeBerry,Air Force,1984,1,,11,7,4,0,7.440965589251785,-0.4409655892517854,-21.610134088763743,0.0
706243890359,Fisher DeBerry,Air Force,1985,1,,13,12,1,0,10.263675977725692,1.7363240222743084,189.86913574797063,28.555181
706243890359,Fisher DeBerry,Air Force,1986,1,,11,6,5,0,8.50510026392566,-2.5051002639256605,-279.8713871681257,14.179103
706243890359,Fisher DeBerry,Air Force,1987,1,,13,9,4,0,8.335232478562167,0.6647675214378328,98.71326811326139,22.680191
706243890359,Fisher DeBerry,Air Force,1988,1,,12,5,7,0,7.017540514407427,-2.017540514407427,-155.11832049186341,11.603091
706243890359,Fisher DeBerry,Air Force,1989,1,,13,8,4,1,7.899156237396553,0.6008437626034473,85.97022686319224,21.742016
706243890359,Fisher DeBerry,Air Force,1990,1,,11,6,5,0,5.5099399465603,0.4900600534397004,63.68491454023865,16.583034
706243890359,Fisher DeBerry,Air Force,1991,1,,12,9,3,0,7.897562197734116,1.102437802265884,110.44767166459133,23.881799
706243890359,Fisher DeBerry,Air Force,1992,1,,12,7,5,0,8.56803793778476,-1.5680379377847604,-156.49025154125752,17.333337
706243890359,Fisher DeBerry,Air Force,1993,1,,10,2,8,0,4.286030714210161,-2.2860307142101606,-180.1218395332478,5.263098
706243890359,Fisher DeBerry,Air Force,1994,1,,12,8,4,0,5.63819254202536,2.36180745797464,261.7152720921292,23.436357
706243890359,Fisher DeBerry,Air Force,1995,1,,13,8,5,0,8.183070441039884,-0.18307044103988446,-23.011912265561477,20.942227
706243890359,Fisher DeBerry,Air Force,1996,1,,11,6,5,0,6.9594659869609155,-0.9594659869609155,-16.386148626497743,15.743129
706243890359,Fisher DeBerry,Air Force,1997,1,,12,9,3,0,8.758069565802272,0.24193043419772842,67.13079423815748,23.568259
706243890359,Fisher DeBerry,Air Force,1998,1,,13,12,1,0,9.930301776973183,2.0696982230268173,255.2134601271996,30.585155
706243890359,Fisher DeBerry,Air Force,1999,1,,10,5,5,0,7.629519197053208,-2.6295191970532077,-235.3267859059515,11.921878
706243890359,Fisher DeBerry,Air Force,2000,1,,11,8,3,0,6.649549540363845,1.3504504596361553,67.05879833120389,22.142815
706243890359,Fisher DeBerry,Air Force,2001,1,,11,5,6,0,6.031344028200542,-1.0313440282005422,-212.3828752429838,12.938108
706243890359,Fisher DeBerry,Air Force,2002,1,,13,8,5,0,7.399206764429339,0.6007932355706611,65.45122144741663,22.345305
706243890359,Fisher DeBerry,Air Force,2003,1,,11,6,5,0,6.718850371022283,-0.7188503710222829,-46.00051065633943,16.897375
706243890359,Fisher DeBerry,Air Force,2004,1,,10,4,6,0,4.457094879042947,-0.45709487904294743,-6.3659643125301955,12.34923
706243890359,Fisher DeBerry,Air Force,2005,1,,11,4,7,0,5.256003784347928,-1.2560037843479277,-38.29829970308651,11.822142
706243890359,Fisher DeBerry,Air Force,2006,1,,12,4,8,0,4.842369594666087,-0.8423695946660867,-134.94264656554424,11.728779
700068498267,Fitz Hill,San Jose State,2001,1,,12,3,9,0,3.9828804907271924,-0.9828804907271924,-96.68555226452327,8.790963
700068498267,Fitz Hill,San Jose State,2002,1,,13,6,7,0,5.383533081496169,0.6164669185038312,21.198661309317686,16.694522
700068498267,Fitz Hill,San Jose State,2003,1,,10,2,8,0,3.705092434921759,-1.705092434921759,-121.58158890117124,5.28251
700068498267,Fitz Hill,San Jose State,2004,1,,10,1,9,0,2.5557968634761177,-1.5557968634761177,-175.56076890066515,4.528662
1041534879735,Foge Fazio,Pittsburgh,1982,1,,12,9,3,0,8.890329859968954,0.1096701400310458,-21.53594107259505,0.0
1041534879735,Foge Fazio,Pittsburgh,1983,1,,12,8,3,1,8.035979411912784,0.4640205880872159,37.38727190547684,0.0
1041534879735,Foge Fazio,Pittsburgh,1984,1,,11,3,7,1,5.039437926183952,-1.5394379261839521,-107.80505880878832,
1041534879735,Foge Fazio,Pittsburgh,1985,1,,11,5,5,1,5.950981182572238,-0.45098118257223785,-67.70102866549291,14.24339
540856323448,Forrest Gregg,SMU,1989,1,,9,0,9,0,2.196565619796629,-2.196565619796629,-313.3558962993234,0.0
540856323448,Forrest Gregg,SMU,1990,1,,10,1,9,0,2.1818874033404447,-1.1818874033404447,-121.26316113851931,2.843375
235719121739,Fran Brown,Syracuse,2024,1,,12,9,3,0,4.80917842145324,4.19082157854676,320.8947108679763,29.481958
235719121739,Fran Brown,Syracuse,2025,1,,11,2,9,0,4.5584276131353985,-2.5584276131353985,-297.6711033580523,5.830922
235719121739,Fran Brown,Syracuse,2026,1,,3,1,2,0,1.0449498848286676,-0.044949884828667575,16.13174500130276,3.282575
624054250786,Fran Curci,Kentucky,1980,1,,11,3,8,0,4.377379989573713,-1.377379989573713,-164.78756044878605,
624054250786,Fran Curci,Kentucky,1981,1,,11,3,8,0,2.8386677290038813,0.1613322709961187,35.114635950010324,
777776436637,Francis Peay,Northwestern,1986,1,,10,3,7,0,2.3870107597980437,0.6129892402019563,49.2787784350312,11.088007
777776436637,Francis Peay,Northwestern,1987,1,,11,2,8,1,2.585013686926007,-0.08501368692600719,-42.542581772781205,8.389442
777776436637,Francis Peay,Northwestern,1988,1,,11,2,8,1,2.915757585466549,-0.4157575854665492,-35.06996454721866,7.352182
777776436637,Francis Peay,Northwestern,1989,1,,11,0,11,0,2.5028985124022505,-2.5028985124022505,-230.98674955976776,0.0
777776436637,Francis Peay,Northwestern,1990,1,,11,2,9,0,2.387408669129167,-0.38740866912916694,-31.61872855611682,6.415471
777776436637,Francis Peay,Northwestern,1991,1,,11,3,8,0,2.6606392945419364,0.3393607054580636,34.39911697682237,10.572563
316584663499,Frank Beamer,Virginia Tech,1987,1,,11,2,9,0,4.790067506634418,-2.7900675066344176,-281.6700704688328,5.232104
316584663499,Frank Beamer,Virginia Tech,1988,1,,10,2,8,0,2.3452079272464577,-0.34520792724645766,-0.9990429927315745,6.143105
316584663499,Frank Beamer,Virginia Tech,1989,1,,11,6,4,1,4.523651419936782,1.9763485800632177,147.40150110338868,18.751521
316584663499,Frank Beamer,Virginia Tech,1990,1,,11,6,5,0,4.604954512715199,1.3950454872848006,118.63661855924715,18.518357
316584663499,Frank Beamer,Virginia Tech,1991,1,,10,4,6,0,4.866792804539097,-0.8667928045390969,-68.54179600832094,10.228043
316584663499,Frank Beamer,Virginia Tech,1992,1,,10,1,8,1,3.766892138883679,-2.266892138883679,-125.94904267256356,4.273774
316584663499,Frank Beamer,Virginia Tech,1993,1,,12,9,3,0,6.552245586238567,2.447754413761433,300.4456232947184,24.984033
316584663499,Frank Beamer,Virginia Tech,1994,1,,12,8,4,0,8.29101602082763,-0.29101602082763023,-71.35695117321438,19.507088
316584663499,Frank Beamer,Virginia Tech,1995,1,,12,10,2,0,7.269075942308709,2.7309240576912908,282.40223201783465,28.245461
316584663499,Frank Beamer,Virginia Tech,1996,1,,12,10,2,0,9.435093372196105,0.5649066278038948,30.09515061273646,23.924286
316584663499,Frank Beamer,Virginia Tech,1997,1,,12,7,5,0,8.982920373018596,-1.9829203730185956,-209.7412888812662,16.131052
316584663499,Frank Beamer,Virginia Tech,1998,1,,12,9,3,0,8.194339956094577,0.8056600439054229,193.75924246657337,23.594734
316584663499,Frank Beamer,Virginia Tech,1999,1,,11,10,1,0,8.489422663250048,1.510577336749952,193.02391970456893,23.938477
316584663499,Frank Beamer,Virginia Tech,2000,1,,12,11,1,0,9.931935124740413,1.0680648752595872,97.39191127587469,25.29925
316584663499,Frank Beamer,Virginia Tech,2001,1,,12,8,4,0,9.313934271918097,-1.3139342719180966,-162.9712529089029,18.038206
316584663499,Frank Beamer,Virginia Tech,2002,1,,14,10,4,0,9.483083099331072,0.516916900668928,101.5776300564587,26.625417
316584663499,Frank Beamer,Virginia Tech,2003,1,,12,7,5,0,8.327317261410847,-1.3273172614108475,-7.1344334908587825,17.580556
316584663499,Frank Beamer,Virginia Tech,2004,1,,12,9,3,0,6.634921660495644,2.3650783395043558,92.42290900665989,24.875993
316584663499,Frank Beamer,Virginia Tech,2005,1,,13,11,2,0,9.233883562940024,1.766116437059976,123.46556948863486,28.164842
316584663499,Frank Beamer,Virginia Tech,2006,1,,12,9,3,0,8.76192185013668,0.23807814986331977,31.080350713268672,22.01009
316584663499,Frank Beamer,Virginia Tech,2007,1,,13,10,3,0,8.74221682157551,1.2577831784244893,67.89838968274648,25.003269
316584663499,Frank Beamer,Virginia Tech,2008,1,,13,9,4,0,8.110557227942996,0.889442772057004,-48.198773821177156,21.304618
316584663499,Frank Beamer,Virginia Tech,2009,1,,13,10,3,0,8.85463641586608,1.1453635841339196,70.85893923595836,24.904402
316584663499,Frank Beamer,Virginia Tech,2010,1,,13,11,2,0,9.232563165760187,1.7674368342398132,84.04055445958625,26.434436
316584663499,Frank Beamer,Virginia Tech,2011,1,,13,10,3,0,9.926302049630499,0.07369795036950144,-71.04740838831162,24.10654
316584663499,Frank Beamer,Virginia Tech,2012,1,,12,6,6,0,6.842997505457301,-0.8429975054573013,-24.59482985312843,14.947674
316584663499,Frank Beamer,Virginia Tech,2013,1,,12,7,5,0,7.117601292588484,-0.11760129258848373,68.07231896312715,20.070218
316584663499,Frank Beamer,Virginia Tech,2014,1,,12,6,6,0,7.121319467777125,-1.1213194677771252,-3.8058177696996154,18.295404
316584663499,Frank Beamer,Virginia Tech,2015,1,,12,6,6,0,6.526203242335056,-0.5262032423350558,21.082506782915516,18.37873
1090357438869,Frank Burns,Rutgers,1980,1,,7,4,3,0,4.0265473822140825,-0.026547382214082482,13.761634651282748,
1090357438869,Frank Burns,Rutgers,1981,1,,9,3,6,0,3.9229578658723603,-0.9229578658723603,-130.04725120056946,
1090357438869,Frank Burns,Rutgers,1982,1,,8,2,6,0,1.9933883245760238,0.0066116754239762265,-29.627467743077204,
1090357438869,Frank Burns,Rutgers,1983,1,,7,0,7,0,1.8858065397940034,-1.8858065397940034,-139.95957142990528,
280730128634,Frank Maile,Utah State,2018,0,"two head coaches this season, and the feed does not say which games",,,,,,,,
280730128634,Frank Maile,Utah State,2020,0,"two head coaches this season, and the feed does not say which games",,,,,,,,
260026352506,Frank Maloney,Syracuse,1980,1,,11,5,6,0,4.996486114432,0.0035138855680001413,15.07076623613716,
888008520844,Frank Reich,Stanford,2025,1,,12,4,8,0,2.9388783704703343,1.0611216295296657,54.823938225152915,13.08369
963636258459,Frank Solich,Nebraska,1998,1,,13,9,4,0,10.8549761798931,-1.8549761798931002,-138.50749664807586,19.359574
963636258459,Frank Solich,Nebraska,1999,1,,13,12,1,0,9.907515869714029,2.092484130285971,254.68451552626652,28.869813
963636258459,Frank Solich,Nebraska,2000,1,,12,10,2,0,10.423803834715855,-0.42380383471585503,-8.542191043279217,21.42667
963636258459,Frank Solich,Nebraska,2001,1,,13,11,2,0,10.47424645045743,0.5257535495425696,16.64299724142097,22.52721
963636258459,Frank Solich,Nebraska,2002,1,,13,6,7,0,8.27985679861428,-2.2798567986142793,-236.25830088998077,14.124866
963636258459,Frank Solich,Nebraska,2003,0,"two head coaches this season, and the feed does not say which games",,,,,,,,
963636258459,Frank Solich,Ohio,2005,1,,11,4,7,0,3.5948922110699884,0.40510778893001165,-4.198735170876489,12.372871
963636258459,Frank Solich,Ohio,2006,1,,13,8,5,0,6.232353606431312,1.767646393568688,138.2402991220863,23.582624
963636258459,Frank Solich,Ohio,2007,1,,11,5,6,0,5.550665310471606,-0.5506653104716062,-132.15371698631952,14.769087
963636258459,Frank Solich,Ohio,2008,1,,11,3,8,0,4.399644943081416,-1.399644943081416,43.7724536890064,8.789049
963636258459,Frank Solich,Ohio,2009,1,,13,8,5,0,6.536970027642195,1.4630299723578046,-29.51167380038828,23.492091
963636258459,Frank Solich,Ohio,2010,1,,12,7,5,0,6.7807320917612754,0.21926790823872455,-48.38884887153313,18.860581
963636258459,Frank Solich,Ohio,2011,1,,13,9,4,0,7.894903425789923,1.1050965742100773,125.10961396169341,24.488951
963636258459,Frank Solich,Ohio,2012,1,,12,8,4,0,7.791449685237955,0.20855031476204466,-47.079550103310794,18.007951
963636258459,Frank Solich,Ohio,2013,1,,12,6,6,0,6.946454993269882,-0.9464549932698816,-190.66400075784372,14.968405
963636258459,Frank Solich,Ohio,2014,1,,11,5,6,0,4.59768805194345,0.4023119480565498,37.61185709664733,14.44207
963636258459,Frank Solich,Ohio,2015,1,,12,7,5,0,6.252342950728577,0.7476570492714227,78.51255938743316,19.797488
963636258459,Frank Solich,Ohio,2016,1,,13,7,6,0,7.186483593495447,-0.1864835934954474,-49.56526274215048,20.316856
963636258459,Frank Solich,Ohio,2017,1,,12,8,4,0,7.794362034529082,0.20563796547091773,91.05620762992953,22.093822
963636258459,Frank Solich,Ohio,2018,1,,12,8,4,0,8.015835813921463,-0.015835813921462716,83.62015253681284,20.186135
963636258459,Frank Solich,Ohio,2019,1,,12,6,6,0,7.747412165146077,-1.747412165146077,-48.248813489828535,16.985792
963636258459,Frank Solich,Ohio,2020,1,,3,2,1,0,2.3954496581568034,-0.39544965815680344,-34.80636070968171,4.322072
786040823734,Frank Spaziani,Boston College,2009,1,,12,7,5,0,6.21218017842098,0.7878198215790198,-43.12482096232179,18.757584
786040823734,Frank Spaziani,Boston College,2010,1,,12,6,6,0,4.946959142066297,1.053040857933703,-48.96381275932049,17.390608
786040823734,Frank Spaziani,Boston College,2011,1,,11,3,8,0,3.215514934582276,-0.21551493458227622,23.77302931910981,9.88999
786040823734,Frank Spaziani,Boston College,2012,1,,11,1,10,0,3.6650273896452212,-2.6650273896452212,-184.4874944016624,3.984886
515512696980,Frank Waters,Michigan State,1980,1,,11,3,8,0,4.7049557071761665,-1.7049557071761665,-128.37447806056252,
515512696980,Frank Waters,Michigan State,1981,1,,11,5,6,0,4.1514216354227464,0.8485783645772536,100.16891631768272,
515512696980,Frank Waters,Michigan State,1982,1,,11,2,9,0,4.022732695559877,-2.022732695559877,-108.49662457440627,
699389955449,Frank Wilson,UTSA,2016,1,,12,5,7,0,4.83570803774529,0.1642919622547101,66.90549830963141,16.48017
699389955449,Frank Wilson,UTSA,2017,1,,10,5,5,0,5.944321398330972,-0.9443213983309722,30.297647413463437,13.654077
699389955449,Frank Wilson,UTSA,2018,1,,12,3,9,0,4.9118975796819395,-1.9118975796819395,-225.23130571388788,7.561869
699389955449,Frank Wilson,UTSA,2019,1,,11,3,8,0,2.855884381284598,0.1441156187154018,-30.44525990990701,8.628628
699389955449,Frank Wilson,LSU,2025,0,"two head coaches this season, and the feed does not say which games",,,,,,,,
538477301825,Fred Akers,Texas,1980,1,,12,7,5,0,7.231309167484569,-0.23130916748456887,-47.828252445728594,0.0
538477301825,Fred Akers,Texas,1981,1,,12,10,1,1,6.82062771109034,3.6793722889096596,296.54871454463455,0.0
538477301825,Fred Akers,Texas,1982,1,,12,9,3,0,8.941924995596763,0.05807500440323743,21.614898885165985,0.0
538477301825,Fred Akers,Texas,1983,1,,11,10,1,0,8.240262252599472,1.7597377474005285,203.57831864245827,0.0
538477301825,Fred Akers,Texas,1984,1,,12,7,4,1,9.272526130075487,-1.7725261300754873,-285.6043008098525,0.0
538477301825,Fred Akers,Texas,1985,1,,12,8,4,0,6.426379963766269,1.5736200362337307,66.64630456339182,20.953851
538477301825,Fred Akers,Texas,1986,1,,11,5,6,0,5.375995421737619,-0.3759954217376187,-53.62104458092631,13.066085
538477301825,Fred Akers,Purdue,1987,1,,11,3,7,1,3.4227649303438055,0.07723506965619453,19.955149069294066,9.160331
538477301825,Fred Akers,Purdue,1988,1,,11,4,7,0,4.358810728270848,-0.35881072827084814,-131.04763642063767,11.556305
538477301825,Fred Akers,Purdue,1989,1,,11,3,8,0,2.880977487423943,0.1190225125760569,-43.443811021518286,8.84385
538477301825,Fred Akers,Purdue,1990,1,,10,1,9,0,1.6631841857374625,-0.6631841857374625,-55.57198555737409,3.168929
983422844845,Fred Goldsmith,Rice,1989,1,,11,2,8,1,2.428586425356104,0.0714135746438962,57.04828713937172,8.777467
983422844845,Fred Goldsmith,Rice,1990,1,,11,5,6,0,4.20069711566905,0.7993028843309498,127.26668516775726,15.05693
983422844845,Fred Goldsmith,Rice,1991,1,,11,4,7,0,5.158375755702393,-1.1583757557023926,-110.93244476073664,11.742903
983422844845,Fred Goldsmith,Rice,1992,1,,10,5,5,0,4.50271278299716,0.49728721700283973,64.79622492196177,14.45571
983422844845,Fred Goldsmith,Rice,1993,1,,10,5,5,0,5.224916055172684,-0.22491605517268365,-50.6882775600493,13.267691
983422844845,Fred Goldsmith,Duke,1994,1,,12,8,4,0,6.747422259694235,1.2525777403057647,186.56880568441852,21.979875
983422844845,Fred Goldsmith,Duke,1995,1,,11,3,8,0,4.890459493844007,-1.8904594938440074,-226.71786346840258,7.857239
983422844845,Fred Goldsmith,Duke,1996,1,,11,0,11,0,2.3274797227037776,-2.3274797227037776,-200.04454995785136,0.0
983422844845,Fred Goldsmith,Duke,1997,1,,11,2,9,0,1.963013408091241,0.03698659190875908,-2.830740688312517,7.113807
983422844845,Fred Goldsmith,Duke,1998,1,,10,3,7,0,3.182085878052583,-0.18208587805258292,-0.7254490748118769,10.162556
749340782489,Fred Vonappen,Hawai'i,1996,1,,12,2,10,0,3.5475501229467548,-1.5475501229467548,-190.61199119981188,2.596586
749340782489,Fred Vonappen,Hawai'i,1997,1,,11,2,9,0,2.7925572398143585,-0.7925572398143585,-41.251738463453194,6.688699
749340782489,Fred Vonappen,Hawai'i,1998,1,,12,0,12,0,2.0527203343914993,-2.0527203343914993,-233.40928805577016,0.0
302555394641,Fred Zechman,New Mexico State,1983,1,,4,1,3,0,1.007743262466858,-0.007743262466858081,-7.177940845656622,
302555394641,Fred Zechman,New Mexico State,1984,1,,5,1,4,0,1.4408039478757853,-0.44080394787578525,-49.02078899487515,
302555394641,Fred Zechman,New Mexico State,1985,1,,7,1,6,0,2.299553307397513,-1.2995533073975132,-171.2665184817954,3.093262
331074053697,Freddie Kitchens,North Carolina,2024,0,"two head coaches this season, and the feed does not say which games",,,,,,,,
1036559832730,G.J. Kinne,Texas State,2023,1,,12,7,5,0,5.572975902516411,1.4270240974835886,190.8191043680913,20.939406
1036559832730,G.J. Kinne,Texas State,2024,1,,12,7,5,0,7.669435689033564,-0.6694356890335644,35.91948947151559,19.410368
1036559832730,G.J. Kinne,Texas State,2025,1,,12,6,6,0,6.720915651069377,-0.7209156510693768,25.31794067213127,18.083022
1036559832730,G.J. Kinne,Texas State,2026,1,,4,1,3,0,1.8588001886802723,-0.8588001886802723,8.652050962841031,3.185678
1070225503175,Galen Hall,Florida,1985,1,,11,9,1,1,8.959194593361719,0.540805406638281,30.20802827826492,21.466402
1070225503175,Galen Hall,Florida,1986,1,,10,5,5,0,5.8444301508182726,-0.8444301508182726,-132.24570948046357,14.361462
1070225503175,Galen Hall,Florida,1987,1,,11,5,6,0,5.399291100995879,-0.39929110099587906,-2.32622828001945,12.822287
1070225503175,Galen Hall,Florida,1988,1,,10,5,5,0,5.013029252930377,-0.0130292529303766,-45.26414253906296,14.085868
1070225503175,Galen Hall,Florida,1989,0,"two head coaches this season, and the feed does not say which games",,,,,,,,
381588020373,Garrick McGee,UAB,2012,1,,11,2,9,0,3.683932359300069,-1.6839323593000688,-82.49177573646648,6.73195
381588020373,Garrick McGee,UAB,2013,1,,11,1,10,0,3.446211852190134,-2.446211852190134,-185.54782264380515,5.404861
461344011596,Gary Andersen,Utah State,2009,1,,11,3,8,0,3.363348091200889,-0.36334809120088885,10.954883165989258,9.120753
461344011596,Gary Andersen,Utah State,2010,1,,11,3,8,0,3.9425058177882986,-0.9425058177882986,-76.6188459550931,8.919152
461344011596,Gary Andersen,Utah State,2011,1,,12,6,6,0,5.002988703046887,0.9970112969531133,58.03088175692892,19.287608
461344011596,Gary Andersen,Utah State,2012,1,,12,10,2,0,6.946930385079075,3.0530696149209247,186.97260665680778,21.873302
461344011596,Gary Andersen,Wisconsin,2013,1,,12,8,4,0,8.050672653462112,-0.05067265346211158,71.71594952802388,19.449364
461344011596,Gary Andersen,Wisconsin,2014,0,"two head coaches this season, and the feed does not say which games",,,,,,,,
461344011596,Gary Andersen,Oregon State,2015,1,,11,1,10,0,3.0010009700962286,-2.0010009700962286,-233.4720169134971,2.597323
461344011596,Gary Andersen,Oregon State,2016,1,,11,3,8,0,2.1826628524538805,0.8173371475461195,173.07340281753318,10.092874
461344011596,Gary Andersen,Oregon State,2017,0,"two head coaches this season, and the feed does not say which games",,,,,,,,
461344011596,Gary Andersen,Utah State,2019,1,,12,6,6,0,6.6865480071071,-0.6865480071071,-179.13082712788855,16.008925
461344011596,Gary Andersen,Utah State,2020,0,"two head coaches this season, and the feed does not say which games",,,,,,,,
441205284170,Gary Barnett,Northwestern,1992,1,,11,3,8,0,2.1997174620258817,0.8002825379741183,19.09705361178976,10.370106
441205284170,Gary Barnett,Northwestern,1993,1,,11,2,9,0,2.892678209966959,-0.892678209966959,-88.2159663228233,6.422479
441205284170,Gary Barnett,Northwestern,1994,1,,11,3,7,1,2.883364273395128,0.6166357266048719,9.71202038262004,11.604947
441205284170,Gary Barnett,Northwestern,1995,1,,12,10,2,0,6.219127125379565,3.780872874620435,400.41588594614905,30.744906
441205284170,Gary Barnett,Northwestern,1996,1,,12,9,3,0,8.46263013162506,0.5373698683749399,44.197208828330076,23.093379
441205284170,Gary Barnett,Northwestern,1997,1,,12,5,7,0,5.98733518088081,-0.9873351808808097,-151.13387474928436,13.499798
441205284170,Gary Barnett,Northwestern,1998,1,,12,3,9,0,4.861509969300458,-1.8615099693004584,-203.0786220717414,7.919269
441205284170,Gary Barnett,Colorado,1999,1,,12,7,5,0,6.433199635778312,0.5668003642216881,47.62003829650848,18.395169
441205284170,Gary Barnett,Colorado,2000,1,,11,3,8,0,4.932574579933293,-1.9325745799332932,-144.12702771919749,8.550255
441205284170,Gary Barnett,Colorado,2001,1,,13,10,3,0,7.204159370955323,2.795840629044677,315.6367893453637,28.630448
441205284170,Gary Barnett,Colorado,2002,1,,14,9,5,0,9.37814716886017,-0.3781471688601705,-98.26898463276643,24.483196
441205284170,Gary Barnett,Colorado,2003,1,,12,5,7,0,5.7197187801165414,-0.7197187801165414,-31.82720972275729,13.836673
441205284170,Gary Barnett,Colorado,2004,1,,13,8,5,0,6.443941560475365,1.5560584395246346,39.047963656535785,23.612123
441205284170,Gary Barnett,Colorado,2005,1,,13,7,6,0,7.637843969373273,-0.6378439693732734,-26.90466837354984,17.569453
753411688701,Gary Blackney,Bowling Green,1991,1,,12,11,1,0,7.227691942619114,3.7723080573808856,291.52792792249784,30.786762
753411688701,Gary Blackney,Bowling Green,1992,1,,12,10,2,0,8.335171955731937,1.664828044268063,77.65270514636177,23.614476
753411688701,Gary Blackney,Bowling Green,1993,1,,11,6,3,2,8.26932547483324,-1.2693254748332397,-96.63911398061168,16.110828
753411688701,Gary Blackney,Bowling Green,1994,1,,11,9,2,0,8.688156627798916,0.3118433722010838,98.15764093483403,21.374519
753411688701,Gary Blackney,Bowling Green,1995,1,,11,5,6,0,7.328735638818092,-2.3287356388180918,-278.1848190769615,12.454381
753411688701,Gary Blackney,Bowling Green,1996,1,,11,4,7,0,5.327782777357383,-1.327782777357383,-152.40928485374525,11.312219
753411688701,Gary Blackney,Bowling Green,1997,1,,11,3,8,0,3.5049834321648192,-0.5049834321648192,-77.30509778188775,8.872038
753411688701,Gary Blackney,Bowling Green,1998,1,,11,5,6,0,3.9194080257991506,1.0805919742008494,176.0848756126245,14.437073
753411688701,Gary Blackney,Bowling Green,1999,1,,10,4,6,0,4.261232646667612,-0.2612326466676116,-63.64447651304431,12.076881
753411688701,Gary Blackney,Bowling Green,2000,1,,11,2,9,0,4.008359451393613,-2.0083594513936127,-166.63194385435804,5.555065
153107473718,Gary Crowton,Louisiana Tech,1996,1,,10,5,5,0,4.094610107832057,0.9053898921679426,74.8080178870166,12.783095
153107473718,Gary Crowton,Louisiana Tech,1997,1,,11,9,2,0,6.7001848738590954,2.2998151261409046,201.8798703835746,24.378252
153107473718,Gary Crowton,Louisiana Tech,1998,1,,11,5,6,0,5.819543550792374,-0.8195435507923738,-88.73204041974009,12.546938
153107473718,Gary Crowton,BYU,2001,1,,14,12,2,0,10.817382027644765,1.182617972355235,65.63246397946023,29.286872
153107473718,Gary Crowton,BYU,2002,1,,12,5,7,0,6.929006243865561,-1.9290062438655609,-190.24141442855807,13.528742
153107473718,Gary Crowton,BYU,2003,1,,12,4,8,0,4.278604252067507,-0.27860425206750694,-55.45043715419479,12.885547
153107473718,Gary Crowton,BYU,2004,1,,11,5,6,0,4.447221341867158,0.5527786581328424,121.16744941834759,15.11937
331055153841,Gary Darnell,Florida,1989,0,"two head coaches this season, and the feed does not say which games",,,,,,,,
331055153841,Gary Darnell,Western Michigan,1997,1,,11,8,3,0,5.880736693019328,2.119263306980672,187.4634857065298,22.098453
331055153841,Gary Darnell,Western Michigan,1998,1,,11,7,4,0,7.109153317124132,-0.10915331712413234,12.045957912096128,18.662751
331055153841,Gary Darnell,Western Michigan,1999,1,,11,6,5,0,5.987087315082421,0.012912684917578687,-30.163210095976183,12.806723
331055153841,Gary Darnell,Western Michigan,2000,1,,11,8,3,0,7.267337595430377,0.7326624045696226,120.19010961266054,21.182073
331055153841,Gary Darnell,Western Michigan,2001,1,,10,4,6,0,5.681135408930847,-1.6811354089308468,-152.47470355683322,9.855155
331055153841,Gary Darnell,Western Michigan,2002,1,,11,3,8,0,4.393511435039726,-1.3935114350397262,-86.6593181068813,8.977488
331055153841,Gary Darnell,Western Michigan,2003,1,,11,4,7,0,4.391171717424025,-0.391171717424025,-6.78465196383695,11.15905
331055153841,Gary Darnell,Western Michigan,2004,1,,10,0,10,0,2.925552747548529,-2.925552747548529,-235.41650741040576,1.0
806008184110,Gary Gibbs,Oklahoma,1989,1,,11,7,4,0,8.364142068246716,-1.364142068246716,-94.60845922284398,15.413258
806008184110,Gary Gibbs,Oklahoma,1990,1,,11,8,3,0,7.844484423182007,0.15551557681799277,177.10501919684293,19.978152
806008184110,Gary Gibbs,Oklahoma,1991,1,,11,8,3,0,7.962365346823257,0.03763465317674264,72.24163800063707,18.963895
806008184110,Gary Gibbs,Oklahoma,1992,1,,11,5,4,2,7.678832267555003,-1.678832267555003,-185.89056920871462,13.299967
806008184110,Gary Gibbs,Oklahoma,1993,1,,12,9,3,0,7.863292530671377,1.1367074693286234,161.44967487142753,23.359305
806008184110,Gary Gibbs,Oklahoma,1994,1,,12,6,6,0,6.480727062364695,-0.48072706236469465,-130.7748582754782,15.541734
812865349468,Gary Moeller,Michigan,1990,1,,12,9,3,0,9.195926129362189,-0.19592612936218856,101.83224975925577,21.126883
812865349468,Gary Moeller,Michigan,1991,1,,12,10,2,0,9.229845726473714,0.7701542735262858,68.84729745243271,23.598521
812865349468,Gary Moeller,Michigan,1992,1,,12,9,0,3,9.958422618433591,0.5415773815664089,97.10043721993657,22.086742
812865349468,Gary Moeller,Michigan,1993,1,,12,8,4,0,8.758700532537821,-0.7587005325378211,33.42553506985723,19.668874
812865349468,Gary Moeller,Michigan,1994,1,,12,8,4,0,8.053302245084414,-0.05330224508441361,-23.22934210334506,20.48498
384144975197,Gary Nord,UTEP,2000,1,,12,8,4,0,6.073421364752962,1.9265786352470382,234.63274158276727,22.310736
384144975197,Gary Nord,UTEP,2001,1,,10,1,9,0,4.430309121257443,-3.4303091212574426,-446.9108056686691,2.750215
384144975197,Gary Nord,UTEP,2002,1,,11,1,10,0,2.1181030588036824,-1.1181030588036824,-158.36895695813234,3.452179
384144975197,Gary Nord,UTEP,2003,1,,11,1,10,0,1.6702406818451445,-0.6702406818451445,-105.66703139565743,3.418596
712358860003,Gary Patterson,TCU,2000,0,"two head coaches this season, and the feed does not say which games",,,,,,,,
712358860003,Gary Patterson,TCU,2001,1,,11,6,5,0,6.615631296718488,-0.6156312967184876,-129.2140750109179,15.864662
712358860003,Gary Patterson,TCU,2002,1,,12,10,2,0,8.59664906809219,1.4033509319078092,209.09065442979795,25.689139
712358860003,Gary Patterson,TCU,2003,1,,13,11,2,0,10.355429014157666,0.6445709858423339,53.994509087757706,25.572732
712358860003,Gary Patterson,TCU,2004,1,,11,5,6,0,7.202696553287457,-2.202696553287457,-201.5229487139086,13.015606
712358860003,Gary Patterson,TCU,2005,1,,12,11,1,0,7.6715776336850805,3.3284223663149195,223.48306371473404,30.200342
712358860003,Gary Patterson,TCU,2006,1,,12,10,2,0,9.434822206304732,0.565177793695268,104.23735419664945,23.459545
712358860003,Gary Patterson,TCU,2007,1,,13,8,5,0,9.272792092553455,-1.2727920925534555,-26.762032786770305,19.790371
712358860003,Gary Patterson,TCU,2008,1,,12,10,2,0,8.469248607001296,1.5307513929987042,186.65430637434497,24.299728
712358860003,Gary Patterson,TCU,2009,1,,12,11,1,0,9.895592785407029,1.104407214592971,101.70020895544258,25.217326
712358860003,Gary Patterson,TCU,2010,1,,12,12,0,0,10.357129662743002,1.6428703372569977,173.24984604017095,27.066576
712358860003,Gary Patterson,TCU,2011,1,,12,10,2,0,9.765035752703263,0.23496424729673748,-44.12588790220434,24.523458
712358860003,Gary Patterson,TCU,2012,1,,12,6,6,0,7.57155838970544,-1.57155838970544,-82.30588212370299,16.252982
712358860003,Gary Patterson,TCU,2013,1,,11,3,8,0,5.682369445383163,-2.682369445383163,-34.388870285969006,8.011474
712358860003,Gary Patterson,TCU,2014,1,,12,11,1,0,7.859275472024149,3.140724527975851,302.9362001992208,29.107723
712358860003,Gary Patterson,TCU,2015,1,,12,10,2,0,9.36445012908495,0.6355498709150496,42.59545658846878,23.920203
712358860003,Gary Patterson,TCU,2016,1,,12,5,7,0,8.07492187042599,-3.0749218704259906,-152.48956957939413,14.738608
712358860003,Gary Patterson,TCU,2017,1,,13,10,3,0,8.674257091736374,1.325742908263626,205.86412433797773,25.591724
712358860003,Gary Patterson,TCU,2018,1,,12,6,6,0,7.257157018076686,-1.2571570180766862,-104.7102009538678,15.505057
712358860003,Gary Patterson,TCU,2019,1,,11,4,7,0,6.057392441095011,-2.0573924410950113,-34.24049290954099,11.913113
712358860003,Gary Patterson,TCU,2020,1,,10,6,4,0,6.05873767267207,-0.05873767267206986,129.15371411111983,16.215142
712358860003,Gary Patterson,TCU,2021,0,"two head coaches this season, and the feed does not say which games",,,,,,,,
536665739128,Gary Pinkel,Toledo,1991,1,,11,5,5,1,6.6836120266287224,-1.1836120266287224,-78.62438960547729,14.875121
536665739128,Gary Pinkel,Toledo,1992,1,,11,8,3,0,6.914446728956811,1.0855532710431888,92.3588436565858,21.335879
536665739128,Gary Pinkel,Toledo,1993,1,,10,3,7,0,5.940280743454575,-2.940280743454575,-261.64817907826114,7.343384
536665739128,Gary Pinkel,Toledo,1994,1,,9,4,4,1,4.177378490421507,0.322621509578493,18.48407539988557,12.505306
536665739128,Gary Pinkel,Toledo,1995,1,,11,10,0,1,7.459296420727936,3.040703579272064,294.30290036865813,27.514346
536665739128,Gary Pinkel,Toledo,1996,1,,10,6,4,0,6.48338624985557,-0.4833862498555703,-245.59732635999512,16.243973
536665739128,Gary Pinkel,Toledo,1997,1,,12,9,3,0,8.177145161209728,0.8228548387902723,13.888079724691579,23.391582
536665739128,Gary Pinkel,Toledo,1998,1,,12,7,5,0,7.2361177244268955,-0.2361177244268955,12.698119803833833,17.796647
536665739128,Gary Pinkel,Toledo,1999,1,,10,5,5,0,5.09140442958181,-0.09140442958180994,34.22466135747982,13.816488
536665739128,Gary Pinkel,Toledo,2000,1,,9,8,1,0,6.5654078215328795,1.4345921784671205,207.14675667681104,20.375591
536665739128,Gary Pinkel,Missouri,2001,1,,10,3,7,0,2.9615463025986557,0.0384536974013443,-40.4371907346308,9.082875
536665739128,Gary Pinkel,Missouri,2002,1,,12,5,7,0,4.261759237607915,0.7382407623920848,117.92643079248887,15.965207
536665739128,Gary Pinkel,Missouri,2003,1,,12,7,5,0,5.873526873465472,1.1264731265345276,73.19114015887158,20.272336
536665739128,Gary Pinkel,Missouri,2004,1,,11,5,6,0,6.500367678815276,-1.5003676788152758,-61.194488847733055,13.478532
536665739128,Gary Pinkel,Missouri,2005,1,,12,7,5,0,6.067721688402059,0.9322783115979414,-17.043286117047273,19.939395
536665739128,Gary Pinkel,Missouri,2006,1,,12,7,5,0,6.497709128924282,0.5022908710757177,58.83114486665272,19.652468
536665739128,Gary Pinkel,Missouri,2007,1,,13,11,2,0,8.027706923791113,2.972293076208887,246.356025498686,29.980609
536665739128,Gary Pinkel,Missouri,2008,1,,13,9,4,0,9.354111297780554,-0.3541112977805536,-18.94579875171121,20.997914
536665739128,Gary Pinkel,Missouri,2009,1,,12,7,5,0,7.655529908125721,-0.6555299081257209,-85.01358279941178,17.885719
536665739128,Gary Pinkel,Missouri,2010,1,,12,9,3,0,7.751179016539444,1.248820983460556,79.23484108772846,22.974434
536665739128,Gary Pinkel,Missouri,2011,1,,12,7,5,0,6.346308977963065,0.6536910220369352,94.4884163830875,19.852978
536665739128,Gary Pinkel,Missouri,2012,1,,11,4,7,0,5.395634422280721,-1.3956344222807209,-125.05951760806988,10.300063
536665739128,Gary Pinkel,Missouri,2013,1,,13,11,2,0,6.598115267085472,4.401884732914528,152.08446147786958,33.470187
536665739128,Gary Pinkel,Missouri,2014,1,,13,10,3,0,7.601091856722826,2.3989081432771737,92.91351503926239,27.429591
536665739128,Gary Pinkel,Missouri,2015,1,,11,4,7,0,5.852035132931096,-1.8520351329310962,-238.345354328369,10.317073
559133996174,Gary Tranquill,Navy,1982,1,,9,4,5,0,4.707306547352563,-0.7073065473525633,-74.4745342753422,
559133996174,Gary Tranquill,Navy,1983,1,,9,1,8,0,2.7215554012782865,-1.7215554012782865,-166.54765287913324,
559133996174,Gary Tranquill,Navy,1984,1,,9,2,6,1,2.2268126844606533,0.2731873155393467,24.31946684720924,
559133996174,Gary Tranquill,Navy,1985,1,,9,3,6,0,2.8408953844911538,0.15910461550884625,86.18929661973766,10.606297
559133996174,Gary Tranquill,Navy,1986,1,,7,1,6,0,2.3000866737777526,-1.3000866737777526,-172.08351999749675,3.095972
212384953287,Gene Chizik,Iowa State,2007,1,,11,3,8,0,2.5959831595726115,0.4040168404273885,-80.94134492182161,10.666123
212384953287,Gene Chizik,Iowa State,2008,1,,11,1,10,0,3.1657671702439285,-2.1657671702439285,-136.54817131393816,3.491769
212384953287,Gene Chizik,Auburn,2009,1,,12,7,5,0,5.817798125778977,1.1822018742210227,84.68630608343688,19.597678
212384953287,Gene Chizik,Auburn,2010,1,,13,13,0,0,7.744719776536794,5.255280223463206,332.4936385972037,36.228016
212384953287,Gene Chizik,Auburn,2011,1,,12,7,5,0,7.48480907327815,-0.48480907327815004,-193.66068407397984,17.063604
212384953287,Gene Chizik,Auburn,2012,1,,11,2,9,0,4.610848233243385,-2.6108482332433853,-208.0789619006623,4.698863
230573223803,Gene McDowell,UCF,1996,1,,8,2,6,0,3.4335273561174193,-1.4335273561174193,-87.65574115898562,
230573223803,Gene McDowell,UCF,1997,1,,10,4,6,0,4.362183473594299,-0.3621834735942988,69.35250963753401,11.282902
21016069246,Gene Stallings,Alabama,1990,1,,12,7,5,0,8.266463112535915,-1.2664631125359147,-82.53530588720673,17.884309
21016069246,Gene Stallings,Alabama,1991,1,,11,10,1,0,7.498834440678454,2.501165559321546,183.09731695439768,25.402377
21016069246,Gene Stallings,Alabama,1992,1,,13,13,0,0,10.404746337925056,2.595253662074944,265.03299745983213,31.332718
21016069246,Gene Stallings,Alabama,1993,1,,13,9,3,1,10.604249323574406,-1.1042493235744058,-96.41882493304342,20.66707
21016069246,Gene Stallings,Alabama,1994,1,,12,11,1,0,8.973507463275707,2.0264925367242927,161.73736164369348,26.629018
21016069246,Gene Stallings,Alabama,1995,1,,11,8,3,0,8.996789018459689,-0.9967890184596886,-56.90541905297687,15.92738
21016069246,Gene Stallings,Alabama,1996,1,,13,10,3,0,9.41162812352594,0.58837187647406,93.68443773962144,24.037844
760496422532,Geoff Collins,Temple,2017,1,,12,6,6,0,6.621108484086717,-0.6211084840867169,-62.61098867221085,17.39911
760496422532,Geoff Collins,Temple,2018,0,"two head coaches this season, and the feed does not say which games",,,,,,,,
760496422532,Geoff Collins,Georgia Tech,2019,1,,11,3,8,0,3.77866819116345,-0.7786681911634501,-141.90587641880347,8.977608
760496422532,Geoff Collins,Georgia Tech,2020,1,,10,3,7,0,3.605829599058657,-0.6058295990586569,48.56599744903997,9.342521
760496422532,Geoff Collins,Georgia Tech,2021,1,,11,2,9,0,3.307533557418241,-1.3075335574182412,-129.6546509491725,6.798443
760496422532,Geoff Collins,Georgia Tech,2022,0,"two head coaches this season, and the feed does not say which games",,,,,,,,
438190532461,George Barlow,New Mexico,2011,0,"two head coaches this season, and the feed does not say which games",,,,,,,,
15738672535,George Chaump,Navy,1990,1,,7,2,5,0,1.9218419975817556,0.07815800241824444,-36.920343215777166,6.964557
15738672535,George Chaump,Navy,1991,1,,9,1,8,0,2.6561667955922736,-1.6561667955922736,-156.85825016121635,3.354178
15738672535,George Chaump,Navy,1992,1,,10,1,9,0,1.827673843181326,-0.827673843181326,-98.84358748383738,3.030988
15738672535,George Chaump,Navy,1993,1,,9,2,7,0,2.5395310462805396,-0.5395310462805396,-59.024311794303685,6.7712
15738672535,George Chaump,Navy,1994,1,,10,2,8,0,1.935592464175628,0.06440753582437209,-8.58081281796899,6.758717
648048412078,George Henshaw,Tulsa,1987,1,,10,3,7,0,4.402576343178481,-1.402576343178481,-216.2177205826997,8.509207
957957713450,George MacIntyre,Vanderbilt,1980,1,,10,1,9,0,3.2595807184192074,-2.2595807184192074,-288.78852844998573,
957957713450,George MacIntyre,Vanderbilt,1981,1,,10,3,7,0,2.7791685314132994,0.22083146858670055,23.381453580518837,
957957713450,George MacIntyre,Vanderbilt,1982,1,,11,7,4,0,4.356943958115043,2.6430560418849574,212.9170292949609,0.0
957957713450,George MacIntyre,Vanderbilt,1983,1,,11,2,9,0,4.263935537306396,-2.263935537306396,-236.9707144288086,
957957713450,George MacIntyre,Vanderbilt,1984,1,,11,5,6,0,4.81632922353448,0.18367077646551966,58.01370011439167,
957957713450,George MacIntyre,Vanderbilt,1985,1,,10,2,7,1,2.672650977850793,-0.1726509778507932,-62.47347236024143,8.383489
459062076216,George O'Leary,Georgia Tech,1994,1,,10,0,10,0,2.654706275907161,-2.654706275907161,-256.59198936807957,0.0
459062076216,George O'Leary,Georgia Tech,1995,1,,10,5,5,0,3.4920867492669165,1.5079132507330835,173.48138127665834,15.027115
459062076216,George O'Leary,Georgia Tech,1996,1,,11,5,6,0,5.845531854253414,-0.845531854253414,-41.17282693108359,11.263164
459062076216,George O'Leary,Georgia Tech,1997,1,,12,7,5,0,5.4373828632029415,1.5626171367970585,136.15244951386126,19.742697
459062076216,George O'Leary,Georgia Tech,1998,1,,12,10,2,0,7.427003868131559,2.5729961318684413,230.4280627270632,28.082893
459062076216,George O'Leary,Georgia Tech,1999,1,,12,8,4,0,8.713556732878457,-0.7135567328784571,-62.469550535838835,19.394622
459062076216,George O'Leary,Georgia Tech,2000,1,,12,9,3,0,7.778582380156937,1.2214176198430629,107.42560290829579,23.511764
459062076216,George O'Leary,Georgia Tech,2001,1,,12,7,5,0,7.833884994457429,-0.8338849944574287,0.2562261925506846,20.550911
459062076216,George O'Leary,UCF,2004,1,,11,0,11,0,2.540900149250277,-2.540900149250277,-203.27657482146265,1.0
459062076216,George O'Leary,UCF,2005,1,,13,8,5,0,4.926818686550498,3.073181313449502,263.3794450647174,26.455726
459062076216,George O'Leary,UCF,2006,1,,11,3,8,0,5.059592861805563,-2.0595928618055632,-109.96474858930856,8.690543
459062076216,George O'Leary,UCF,2007,1,,14,10,4,0,7.657110557489886,2.3428894425101143,183.59185623990538,27.864056
459062076216,George O'Leary,UCF,2008,1,,11,3,8,0,5.39758301341214,-2.39758301341214,-194.73639615634693,10.864276
459062076216,George O'Leary,UCF,2009,1,,12,7,5,0,5.344668989447101,1.6553310105528993,150.52766235575496,20.101205
459062076216,George O'Leary,UCF,2010,1,,13,10,3,0,8.567146444738327,1.4328535552616728,97.56224465174569,26.51314
459062076216,George O'Leary,UCF,2011,1,,11,4,7,0,6.687577895265997,-2.6875778952659974,-92.45475020387289,9.772269
459062076216,George O'Leary,UCF,2012,1,,14,10,4,0,8.423124940674747,1.5768750593252534,132.72572317727736,27.098323
459062076216,George O'Leary,UCF,2013,1,,13,12,1,0,9.22841635639531,2.7715836436046892,169.65749602677806,30.707807
459062076216,George O'Leary,UCF,2014,1,,12,8,4,0,8.209641099123553,-0.20964109912355333,-146.88406175571004,20.204335
459062076216,George O'Leary,UCF,2015,1,,11,0,11,0,4.197393956517754,-4.197393956517754,-365.6018420048167,0.0
166775751024,George Perles,Michigan State,1983,1,,11,4,6,1,4.626391084610656,-0.12639108461065618,-40.582931880845535,
166775751024,George Perles,Michigan State,1984,1,,12,6,6,0,5.374134591886839,0.6258654081131612,56.0051155099336,0.0
166775751024,George Perles,Michigan State,1985,1,,12,7,5,0,5.516251835765032,1.4837481642349681,151.8734793689132,20.041902
166775751024,George Perles,Michigan State,1986,1,,11,6,5,0,6.8143015295705105,-0.8143015295705105,16.377569509876594,15.795047
166775751024,George Perles,Michigan State,1987,1,,12,9,2,1,6.8871203963843906,2.6128796036156094,216.13853430771132,26.205631
166775751024,George Perles,Michigan State,1988,1,,12,6,5,1,7.132993678198402,-0.6329936781984022,-29.446151166671598,16.691404
166775751024,George Perles,Michigan State,1989,1,,12,8,4,0,7.6001849657606435,0.3998150342393565,95.1583978365602,19.516444
166775751024,George Perles,Michigan State,1990,1,,12,8,3,1,7.886505478640379,0.6134945213596206,40.75525828404761,21.249458
166775751024,George Perles,Michigan State,1991,1,,11,3,8,0,5.262584798816064,-2.2625847988160643,-272.3348920420681,8.899496
166775751024,George Perles,Michigan State,1992,1,,11,5,6,0,4.340250589473952,0.6597494105260484,77.80177763875417,14.059266
166775751024,George Perles,Michigan State,1993,1,,12,6,6,0,6.0568135021259515,-0.05681350212595149,20.064696542151978,15.712884
166775751024,George Perles,Michigan State,1994,1,,11,5,6,0,4.78048118773453,0.21951881226546988,68.31038113178352,14.091064
168399042974,George Welsh,Navy,1980,1,,10,6,4,0,5.927592809634028,0.07240719036597199,39.77925193837427,0.0
168399042974,George Welsh,Navy,1981,1,,8,4,3,1,4.7124957411587935,-0.21249574115879355,2.0312404418923506,0.0
168399042974,George Welsh,Virginia,1982,1,,9,1,8,0,1.654381571966775,-0.6543815719667749,-49.87178476870076,
168399042974,George Welsh,Virginia,1983,1,,9,4,5,0,2.986439726187287,1.013560273812713,92.91793982664717,
168399042974,George Welsh,Virginia,1984,1,,11,7,2,2,5.60529343672893,2.39470656327107,257.7224053033269,0.0
168399042974,George Welsh,Virginia,1985,1,,10,5,5,0,6.303644822012694,-1.3036448220126937,-69.4109195029971,14.062656
168399042974,George Welsh,Virginia,1986,1,,10,3,7,0,4.084107418588767,-1.0841074185887667,-182.10511125082917,9.04944
168399042974,George Welsh,Virginia,1987,1,,11,7,4,0,3.9233775890965,3.0766224109035,217.61036069236798,21.77614
168399042974,George Welsh,Virginia,1988,1,,10,6,4,0,5.706304850388301,0.2936951496116986,26.34014906908692,16.140168
168399042974,George Welsh,Virginia,1989,1,,12,9,3,0,7.597782959844627,1.4022170401553726,120.0531813280652,23.111882
168399042974,George Welsh,Virginia,1990,1,,11,7,4,0,8.087911103040708,-1.0879111030407085,-46.96128902913165,17.129014
168399042974,George Welsh,Virginia,1991,1,,11,7,3,1,6.726058270178806,0.7739417298211944,95.30107520640445,19.120621
168399042974,George Welsh,Virginia,1992,1,,10,6,4,0,6.804948365833249,-0.8049483658332486,-58.61686240297104,14.570952
168399042974,George Welsh,Virginia,1993,1,,12,7,5,0,7.450913347063372,-0.4509133470633717,-2.305183271915439,17.564726
168399042974,George Welsh,Virginia,1994,1,,11,8,3,0,6.879143893477526,1.1208561065224742,192.2342602756196,21.329687
168399042974,George Welsh,Virginia,1995,1,,12,8,4,0,8.04518926840671,-0.04518926840671078,43.52455171805377,20.88322
168399042974,George Welsh,Virginia,1996,1,,12,7,5,0,7.820859536017872,-0.8208595360178723,-69.74144098629517,17.339048
168399042974,George Welsh,Virginia,1997,1,,10,6,4,0,5.656996910650371,0.3430030893496294,30.521698004648897,15.79433
168399042974,George Welsh,Virginia,1998,1,,12,9,3,0,7.699276385973311,1.3007236140266887,175.5294613917324,23.402267
168399042974,George Welsh,Virginia,1999,1,,12,7,5,0,7.158309707255482,-0.15830970725548177,-132.66520909015298,17.481356
168399042974,George Welsh,Virginia,2000,1,,11,5,6,0,5.214152760108922,-0.21415276010892192,-32.6890118331612,13.214999
698599158468,Gerad Parker,Purdue,2016,0,"two head coaches this season, and the feed does not say which games",,,,,,,,
698599158468,Gerad Parker,Troy,2024,1,,11,3,8,0,5.105727014266427,-2.105727014266427,-135.139545815254,8.786978
698599158468,Gerad Parker,Troy,2025,1,,13,7,6,0,6.496205524628227,0.5037944753717731,-9.566397288405142,19.139717
698599158468,Gerad Parker,Troy,2026,1,,3,1,2,0,1.5058543371757076,-0.5058543371757076,-20.625574121054342,2.29135
430716697241,Gerry DiNardo,Vanderbilt,1991,1,,11,5,6,0,2.2455196753270665,2.7544803246729335,229.69979531117974,16.596845
430716697241,Gerry DiNardo,Vanderbilt,1992,1,,11,4,7,0,4.14077898283768,-0.14077898283767976,-22.166397670277775,11.934748
430716697241,Gerry DiNardo,Vanderbilt,1993,1,,11,4,7,0,3.5840023237328036,0.4159976762671964,21.554960327116987,12.127976
430716697241,Gerry DiNardo,Vanderbilt,1994,1,,11,5,6,0,4.977718626535121,0.022281373464879017,25.923094196286684,14.513259
430716697241,Gerry DiNardo,LSU,1995,1,,12,7,4,1,6.1045054351229435,1.3954945648770565,221.019262214714,18.23067
430716697241,Gerry DiNardo,LSU,1996,1,,12,10,2,0,8.805750388860849,1.194249611139151,61.01128640320462,24.352548
430716697241,Gerry DiNardo,LSU,1997,1,,12,9,3,0,8.34174368624295,0.6582563137570503,59.61976657539503,24.519127
430716697241,Gerry DiNardo,LSU,1998,1,,11,4,7,0,6.463801311353316,-2.4638013113533157,-127.24084040200637,10.099364
430716697241,Gerry DiNardo,LSU,1999,1,,11,3,8,0,4.154568291171336,-1.1545682911713362,-92.92681464714701,8.049836
430716697241,Gerry DiNardo,Indiana,2002,1,,11,2,9,0,4.432090156282372,-2.4320901562823716,-311.28458020297126,5.788904
430716697241,Gerry DiNardo,Indiana,2003,1,,11,1,10,0,2.1133950051602706,-1.1133950051602706,-68.15795383915042,4.222373
430716697241,Gerry DiNardo,Indiana,2004,1,,11,3,8,0,3.0553263956512944,-0.05532639565129438,15.97490007239503,10.936785
218936981937,Gerry Faust,Notre Dame,1981,1,,11,5,6,0,6.093812808721739,-1.0938128087217391,-24.350521894562235,
218936981937,Gerry Faust,Notre Dame,1982,1,,11,6,4,1,6.490184195288922,0.009815804711077902,33.102306107621644,
218936981937,Gerry Faust,Notre Dame,1983,1,,12,7,5,0,7.325420186582212,-0.32542018658221217,52.68671689441021,0.0
218936981937,Gerry Faust,Notre Dame,1984,1,,12,7,5,0,6.601315141157154,0.398684858842846,72.00706677624021,0.0
218936981937,Gerry Faust,Notre Dame,1985,1,,11,5,6,0,5.802593140231273,-0.8025931402312727,-48.74768418459348,12.894129
218936981937,Gerry Faust,Akron,1987,1,,7,2,5,0,3.4968740563028007,-1.4968740563028007,-191.94197908170077,
218936981937,Gerry Faust,Akron,1988,1,,7,2,5,0,3.0767306097484393,-1.0767306097484393,-115.37441331014725,5.52068
218936981937,Gerry Faust,Akron,1989,1,,7,5,2,0,3.0039551097433166,1.9960448902566834,163.5331328581999,11.967107
218936981937,Gerry Faust,Akron,1990,1,,8,1,6,1,3.752568342126236,-2.252568342126236,-152.21546047928882,3.581664
218936981937,Gerry Faust,Akron,1991,1,,8,3,5,0,2.9123908952026314,0.08760910479736861,-33.69671677073711,8.779297
218936981937,Gerry Faust,Akron,1992,1,,10,7,3,0,5.605439854913996,1.394560145086004,105.72220475786958,20.367082
218936981937,Gerry Faust,Akron,1993,1,,10,5,5,0,6.15098183632483,-1.1509818363248296,-156.6331071703505,13.31276
218936981937,Gerry Faust,Akron,1994,1,,10,1,9,0,3.1032784490652308,-2.1032784490652308,-275.7268273151685,2.833015
926137536230,Gil Krueger,New Mexico State,1980,1,,5,1,4,0,2.3745657975608996,-1.3745657975608996,-124.81594457549636,
926137536230,Gil Krueger,New Mexico State,1981,1,,4,1,3,0,2.0430632894248677,-1.0430632894248677,-116.22285318089462,
926137536230,Gil Krueger,New Mexico State,1982,1,,5,0,5,0,1.4581461092323236,-1.4581461092323236,-120.37969582412529,
934100458032,Glen Mason,Kent State,1986,1,,10,5,5,0,3.2533002388166867,1.7466997611833133,5.293032757790343,16.436324
934100458032,Glen Mason,Kent State,1987,1,,11,7,4,0,5.821342256716872,1.1786577432831278,126.53670907169908,16.685599
934100458032,Glen Mason,Kansas,1988,1,,11,1,10,0,1.9979237998954362,-0.9979237998954362,-113.14861831461826,2.976961
934100458032,Glen Mason,Kansas,1989,1,,10,3,7,0,2.089575922823929,0.9104240771760712,42.72355637043324,9.47303
934100458032,Glen Mason,Kansas,1990,1,,11,3,7,1,2.821701090093735,0.6782989099062648,19.982962196419294,10.72719
934100458032,Glen Mason,Kansas,1991,1,,11,6,5,0,5.068064880805553,0.9319351191944474,165.00334515456052,16.645704
934100458032,Glen Mason,Kansas,1992,1,,12,8,4,0,7.26188025364006,0.7381197463599403,125.13346698559144,22.256565
934100458032,Glen Mason,Kansas,1993,1,,11,4,7,0,4.837828195912962,-0.8378281959129623,-75.57349062791491,10.778648
934100458032,Glen Mason,Kansas,1994,1,,10,5,5,0,4.997087098335523,0.0029129016644766637,25.885188979539635,13.444273
934100458032,Glen Mason,Kansas,1995,1,,12,10,2,0,7.761622849829343,2.238377150170657,236.48030758061736,23.691552
934100458032,Glen Mason,Kansas,1996,1,,11,4,7,0,6.299885357465638,-2.299885357465638,-239.37835892476755,9.664582
934100458032,Glen Mason,Minnesota,1997,1,,12,3,9,0,3.614325788303625,-0.614325788303625,-41.227163568611104,8.958567
934100458032,Glen Mason,Minnesota,1998,1,,11,5,6,0,4.0997375234534985,0.9002624765465015,87.86839791649254,14.332821
934100458032,Glen Mason,Minnesota,1999,1,,11,7,4,0,5.880410281500538,1.119589718499462,141.21586943143188,19.514442
934100458032,Glen Mason,Minnesota,2000,1,,12,6,6,0,7.123613115146923,-1.1236131151469229,-56.137122164591574,17.096056
934100458032,Glen Mason,Minnesota,2001,1,,10,3,7,0,3.5630980920436244,-0.5630980920436244,-30.05858517653428,9.813941
934100458032,Glen Mason,Minnesota,2002,1,,12,7,5,0,6.2793629067485695,0.7206370932514305,16.17106367307065,19.412573
934100458032,Glen Mason,Minnesota,2003,1,,13,10,3,0,8.642053169634993,1.357946830365007,152.92508640667438,26.09641
934100458032,Glen Mason,Minnesota,2004,1,,11,6,5,0,6.337031018033301,-0.3370310180333007,-113.08950350469127,15.896304
934100458032,Glen Mason,Minnesota,2005,1,,12,7,5,0,6.691157244248958,0.3088427557510416,84.66316927084745,19.129153
934100458032,Glen Mason,Minnesota,2006,1,,12,5,7,0,5.53222673232851,-0.5322267323285104,-37.43697956637084,15.098211
792469106226,Gordon Sammis,UConn,2025,0,"two head coaches this season, and the feed does not say which games",,,,,,,,
166344647673,Grant Teaff,Baylor,1980,1,,10,8,2,0,6.3936148791448675,1.6063851208551325,145.26986718876356,0.0
166344647673,Grant Teaff,Baylor,1981,1,,10,5,5,0,6.166383903401603,-1.166383903401603,-109.79295117671927,
166344647673,Grant Teaff,Baylor,1982,1,,10,3,6,1,4.066108532468105,-0.566108532468105,-71.08704672313411,
166344647673,Grant Teaff,Baylor,1983,1,,12,7,4,1,6.123877268978461,1.376122731021539,96.47183708173134,0.0
166344647673,Grant Teaff,Baylor,1984,1,,11,5,6,0,4.888402905803904,0.11159709419609598,32.07903444561293,
166344647673,Grant Teaff,Baylor,1985,1,,12,9,3,0,7.3056845418739895,1.6943154581260105,185.3404794016251,24.396824
166344647673,Grant Teaff,Baylor,1986,1,,11,8,3,0,7.827211541517851,0.17278845848214885,72.98886726288015,19.892228
166344647673,Grant Teaff,Baylor,1987,1,,9,4,5,0,6.132610989507042,-2.132610989507042,-265.8239304880319,9.358275
166344647673,Grant Teaff,Baylor,1988,1,,10,5,5,0,5.013976574475335,-0.01397657447533529,-5.452263708826422,13.247843
166344647673,Grant Teaff,Baylor,1989,1,,11,5,6,0,4.71257828476749,0.2874217152325098,141.49194284594978,14.273246
166344647673,Grant Teaff,Baylor,1990,1,,10,5,4,1,4.742353413135623,0.7576465868643769,20.948393412651512,15.200688
166344647673,Grant Teaff,Baylor,1991,1,,12,8,4,0,7.560286778680231,0.439713221319769,8.352172210840763,22.740255
166344647673,Grant Teaff,Baylor,1992,1,,12,7,5,0,6.273506560317663,0.7264934396823373,76.18606894800973,19.668008
671013599465,Greg Davis,Tulane,1988,1,,10,4,6,0,4.4434055472709195,-0.4434055472709195,-103.75116810292866,11.334779
671013599465,Greg Davis,Tulane,1989,1,,12,4,8,0,4.706437838903337,-0.7064378389033372,-51.16204130695451,11.564091
671013599465,Greg Davis,Tulane,1990,1,,11,4,7,0,4.005965779558632,-0.005965779558631645,-18.42695165774876,12.236755
671013599465,Greg Davis,Tulane,1991,1,,11,1,10,0,2.624800768316712,-1.624800768316712,-172.24458403867357,2.885681
359147979791,Greg Gasparato,Troy,2023,0,"two head coaches this season, and the feed does not say which games",,,,,,,,
90791713050,Greg Knox,Mississippi State,2017,0,"two head coaches this season, and the feed does not say which games",,,,,,,,
90791713050,Greg Knox,Florida,2021,0,"two head coaches this season, and the feed does not say which games",,,,,,,,
90791713050,Greg Knox,Mississippi State,2023,0,"two head coaches this season, and the feed does not say which games",,,,,,,,
586677651019,Greg McMackin,Hawai'i,2008,1,,13,6,7,0,8.529564292703062,-2.5295642927030624,-189.21223121557136,14.533231
586677651019,Greg McMackin,Hawai'i,2009,1,,12,5,7,0,5.736813589372805,-0.7368135893728054,-74.84146110921733,13.4931
586677651019,Greg McMackin,Hawai'i,2010,1,,13,9,4,0,7.502275480472768,1.4977245195272317,182.4608436146359,23.487279
586677651019,Greg McMackin,Hawai'i,2011,1,,12,5,7,0,7.452899517166343,-2.452899517166343,-196.25783646443915,12.487272
45101587068,Greg Robinson,Syracuse,2005,1,,11,1,10,0,3.6521306930278774,-2.6521306930278774,-192.53749806376436,2.286029
45101587068,Greg Robinson,Syracuse,2006,1,,12,4,8,0,3.4515449791866897,0.5484550208133103,25.25645987182702,12.944176
45101587068,Greg Robinson,Syracuse,2007,1,,12,2,10,0,2.686014028370791,-0.6860140283707912,-178.12711404787365,7.157679
45101587068,Greg Robinson,Syracuse,2008,1,,11,2,9,0,1.4476815376560879,0.5523184623439121,21.259052121289415,7.699361
911363346893,Greg Schiano,Rutgers,2001,1,,11,2,9,0,3.5146257130565863,-1.5146257130565863,-125.11002693800333,5.572146
911363346893,Greg Schiano,Rutgers,2002,1,,11,1,10,0,1.8837364007448323,-0.8837364007448323,-65.63044510724103,3.145579
911363346893,Greg Schiano,Rutgers,2003,1,,12,5,7,0,3.5206394682407165,1.4793605317592835,219.07040284551113,15.218509
911363346893,Greg Schiano,Rutgers,2004,1,,10,4,6,0,4.838301477383156,-0.8383014773831556,-87.92827924269636,10.877381
911363346893,Greg Schiano,Rutgers,2005,1,,11,6,5,0,4.714179470128607,1.2858205298713932,141.36212914697694,19.555355
911363346893,Greg Schiano,Rutgers,2006,1,,12,10,2,0,7.4645731238407045,2.5354268761592955,175.67648284242955,28.952274
911363346893,Greg Schiano,Rutgers,2007,1,,12,7,5,0,8.443829348921417,-1.4438293489214171,-11.254349581361566,16.867708
911363346893,Greg Schiano,Rutgers,2008,1,,12,7,5,0,6.993513641143869,0.006486358856131247,23.771276775310298,19.601934
911363346893,Greg Schiano,Rutgers,2009,1,,11,7,4,0,5.864456224128439,1.135543775871561,-72.17396230126155,20.092881
911363346893,Greg Schiano,Rutgers,2010,1,,11,3,8,0,4.951369022916622,-1.951369022916622,-196.2109879348725,8.262315
911363346893,Greg Schiano,Rutgers,2011,1,,12,8,4,0,5.215566432635379,2.784433567364621,154.9616716331368,24.280734
911363346893,Greg Schiano,Rutgers,2020,1,,9,3,6,0,2.3622016783992317,0.6377983216007683,13.313163100216116,11.921384
911363346893,Greg Schiano,Rutgers,2021,1,,12,4,8,0,4.165664857294412,-0.16566485729441194,58.183844577353966,12.710241
911363346893,Greg Schiano,Rutgers,2022,1,,11,3,8,0,3.9259090172501474,-0.9259090172501474,-83.33218810504718,8.25319
911363346893,Greg Schiano,Rutgers,2023,1,,12,6,6,0,4.3782114875230675,1.6217885124769325,79.3551725808361,17.723823
911363346893,Greg Schiano,Rutgers,2024,1,,12,6,6,0,5.079492449766262,0.9205075502337383,91.53678149235316,19.338642
911363346893,Greg Schiano,Rutgers,2025,1,,11,4,7,0,4.5707254489524916,-0.5707254489524916,-33.22290462012597,11.12983
911363346893,Greg Schiano,Rutgers,2026,1,,4,0,4,0,1.5046259405179687,-1.5046259405179687,-171.43138768252584,0.0
936125704114,Gregg Brandon,Bowling Green,2003,1,,12,9,3,0,7.279924346601083,1.7200756533989168,140.59988759612884,23.852957
936125704114,Gregg Brandon,Bowling Green,2004,1,,11,8,3,0,7.763548545268922,0.23645145473107831,25.526814394610028,19.272205
936125704114,Gregg Brandon,Bowling Green,2005,1,,11,6,5,0,7.505362612035356,-1.5053626120353556,-43.347674717556174,16.136813
936125704114,Gregg Brandon,Bowling Green,2006,1,,12,4,8,0,7.292399320198266,-3.2923993201982658,-209.0761519879302,10.029442
936125704114,Gregg Brandon,Bowling Green,2007,1,,12,7,5,0,5.950698212210424,1.0493017877895756,25.89095863080138,19.770882
936125704114,Gregg Brandon,Bowling Green,2008,1,,12,6,6,0,6.072832814658337,-0.07283281465833724,1.6392251792174193,19.508815
486579710971,Gus Malzahn,Arkansas State,2012,1,,12,9,3,0,7.281891857037541,1.7181081429624587,70.00415793838374,20.807758
486579710971,Gus Malzahn,Auburn,2013,1,,13,11,2,0,5.682691734082555,5.317308265917445,365.9846352033903,33.103411
486579710971,Gus Malzahn,Auburn,2014,1,,12,7,5,0,7.410558982262365,-0.41055898226236476,10.490312891331541,18.533732
486579710971,Gus Malzahn,Auburn,2015,1,,12,6,6,0,6.4327574556308385,-0.43275745563083845,11.171607606955376,16.624044
486579710971,Gus Malzahn,Auburn,2016,1,,12,7,5,0,6.600826612510721,0.3991733874892791,53.00101517030134,18.765147
486579710971,Gus Malzahn,Auburn,2017,1,,13,9,4,0,8.194214476812121,0.805785523187879,151.282836355369,23.343534
486579710971,Gus Malzahn,Auburn,2018,1,,12,7,5,0,7.559018294426384,-0.5590182944263837,-27.97685521676658,15.280382
486579710971,Gus Malzahn,Auburn,2019,1,,12,8,4,0,7.400947296886555,0.5990527031134452,33.54661999900554,20.937443
486579710971,Gus Malzahn,Auburn,2020,0,"two head coaches this season, and the feed does not say which games",,,,,,,,
486579710971,Gus Malzahn,UCF,2021,1,,12,8,4,0,7.541769197471073,0.45823080252892723,-15.964140971275356,20.714335
486579710971,Gus Malzahn,UCF,2022,1,,13,8,5,0,8.723917719466227,-0.7239177194662272,22.463549327138935,20.808981
486579710971,Gus Malzahn,UCF,2023,1,,12,5,7,0,5.8407410157057305,-0.8407410157057305,-81.35897031466038,14.65618
486579710971,Gus Malzahn,UCF,2024,1,,11,3,8,0,5.409414200477979,-2.409414200477979,22.397648509301007,8.760932
482086474684,Guy Morriss,Kentucky,2001,1,,11,2,9,0,2.4905521178398558,-0.49055211783985575,-7.628618754604531,5.976547
482086474684,Guy Morriss,Kentucky,2002,1,,12,7,5,0,5.553027418360098,1.4469725816399022,184.13322442384242,20.303109
482086474684,Guy Morriss,Baylor,2003,1,,11,2,9,0,2.1700287371213336,-0.1700287371213336,37.8204999405541,6.626478
482086474684,Guy Morriss,Baylor,2004,1,,10,2,8,0,2.3331236727277105,-0.3331236727277105,20.485015494812387,6.903941
482086474684,Guy Morriss,Baylor,2005,1,,10,4,6,0,3.4318477507303795,0.5681522492696205,45.87581792303854,14.164473
482086474684,Guy Morriss,Baylor,2006,1,,11,3,8,0,3.7883870733978453,-0.7883870733978453,-27.284297098038905,10.552848
482086474684,Guy Morriss,Baylor,2007,1,,11,2,9,0,3.0546760741246377,-1.0546760741246377,-107.6972154048583,5.600234
1027918297995,Hal Mumme,Kentucky,1997,1,,11,5,6,0,4.614493275268787,0.38550672473121317,53.16349370661169,14.707362
1027918297995,Hal Mumme,Kentucky,1998,1,,11,6,5,0,4.967868785079828,1.032131214920172,61.895978297834745,16.725072
1027918297995,Hal Mumme,Kentucky,1999,1,,11,5,6,0,5.03948733525473,-0.03948733525473003,-24.331880670892815,14.056251
1027918297995,Hal Mumme,Kentucky,2000,1,,11,2,9,0,4.223833477675619,-2.223833477675619,-181.23669498763047,2.500578
1027918297995,Hal Mumme,New Mexico State,2005,1,,12,0,12,0,3.269240065467085,-3.269240065467085,-271.3565201152237,1.0
1027918297995,Hal Mumme,New Mexico State,2006,1,,10,2,8,0,1.9479570591053723,0.05204294089462769,80.80408040008547,6.312369
1027918297995,Hal Mumme,New Mexico State,2007,1,,11,2,9,0,3.8126412463580537,-1.8126412463580537,-139.89475331557855,5.456588
1027918297995,Hal Mumme,New Mexico State,2008,1,,11,2,9,0,2.6524417552187245,-0.6524417552187245,-98.00089139645479,6.971432
111874965811,Harlon Barnett,Michigan State,2023,0,"two head coaches this season, and the feed does not say which games",,,,,,,,
1005955989704,Harvey Hyde,UNLV,1982,1,,8,2,6,0,2.626348550592036,-0.6263485505920361,-68.73196243926645,
1005955989704,Harvey Hyde,UNLV,1983,1,,7,4,3,0,2.9240271907032254,1.0759728092967746,135.53804107852034,0.0
1005955989704,Harvey Hyde,UNLV,1984,1,,8,6,2,0,5.121158285947952,0.8788417140520481,114.61795787376582,0.0
1005955989704,Harvey Hyde,UNLV,1985,1,,6,2,3,1,4.02461468268356,-1.52461468268356,-141.14884504358406,5.077961
1019213885245,Hayden Fry,Iowa,1980,1,,11,4,7,0,4.629060349768975,-0.6290603497689746,-6.910621452414944,
1019213885245,Hayden Fry,Iowa,1981,1,,12,8,4,0,6.578871357600931,1.4211286423990694,121.97897929831174,0.0
1019213885245,Hayden Fry,Iowa,1982,1,,12,8,4,0,6.6640011631427605,1.3359988368572395,9.306220145416319,0.0
1019213885245,Hayden Fry,Iowa,1983,1,,12,9,3,0,7.68632053151014,1.3136794684898598,132.8018826169989,0.0
1019213885245,Hayden Fry,Iowa,1984,1,,13,8,4,1,9.03395581207953,-0.5339558120795296,64.11937413518012,0.0
1019213885245,Hayden Fry,Iowa,1985,1,,11,9,2,0,8.137920718100876,0.8620792818991241,57.21779616928848,21.675082
1019213885245,Hayden Fry,Iowa,1986,1,,12,9,3,0,8.748829702562878,0.25117029743712216,-22.65548981202528,21.11913
1019213885245,Hayden Fry,Iowa,1987,1,,13,10,3,0,8.457012928187442,1.5429870718125578,91.60417491988187,25.38408
1019213885245,Hayden Fry,Iowa,1988,1,,13,6,4,3,9.118646113201775,-1.618646113201775,-83.96260537046896,16.585966
1019213885245,Hayden Fry,Iowa,1989,1,,11,5,6,0,6.068683907413285,-1.068683907413285,-189.27440814881538,13.022637
1019213885245,Hayden Fry,Iowa,1990,1,,12,8,4,0,6.217605983331181,1.7823940166688192,203.9014719989009,22.641872
1019213885245,Hayden Fry,Iowa,1991,1,,12,10,1,1,8.461682719491627,2.038317280508373,194.89551111342598,26.070179
1019213885245,Hayden Fry,Iowa,1992,1,,12,5,7,0,6.7073895654419085,-1.7073895654419085,-235.5833898644621,13.291156
1019213885245,Hayden Fry,Iowa,1993,1,,12,6,6,0,5.505396045565849,0.49460395443415095,-45.91841530488682,16.216151
1019213885245,Hayden Fry,Iowa,1994,1,,11,5,5,1,4.7732497307851895,0.7267502692148105,57.150673950568034,14.855277
1019213885245,Hayden Fry,Iowa,1995,1,,11,7,4,0,5.389796353103713,1.610203646896287,196.47545814281875,19.71454
1019213885245,Hayden Fry,Iowa,1996,1,,12,9,3,0,7.291636646301371,1.708363353698629,103.7805919831901,25.121866
1019213885245,Hayden Fry,Iowa,1997,1,,11,6,5,0,7.434933439012468,-1.4349334390124682,-40.40693479008905,13.737984
1019213885245,Hayden Fry,Iowa,1998,1,,11,3,8,0,5.254516798403794,-2.2545167984037944,-300.1220393050046,7.222037
559276591123,Herb Deromedi,Central Michigan,1980,1,,9,7,2,0,5.215837537083954,1.7841624629160462,115.58261474235223,0.0
559276591123,Herb Deromedi,Central Michigan,1981,1,,10,7,3,0,6.647418767650806,0.3525812323491939,40.942622333960344,
559276591123,Herb Deromedi,Central Michigan,1982,1,,10,5,4,1,6.304076667245113,-0.8040766672451127,-100.749793198328,
559276591123,Herb Deromedi,Central Michigan,1983,1,,10,7,3,0,6.070548356935623,0.9294516430643771,166.23277337084824,
559276591123,Herb Deromedi,Central Michigan,1984,1,,10,7,2,1,8.36492165436766,-0.8649216543676594,-7.311728701866741,
559276591123,Herb Deromedi,Central Michigan,1985,1,,9,6,3,0,6.867238296245148,-0.8672382962451479,-52.1264859819039,14.184994
559276591123,Herb Deromedi,Central Michigan,1986,1,,9,4,5,0,5.504498848165153,-1.5044988481651531,-165.8646433987626,10.641827
559276591123,Herb Deromedi,Central Michigan,1987,1,,10,4,5,1,4.9010155772814,-0.4010155772813997,17.240791897197596,12.480943
559276591123,Herb Deromedi,Central Michigan,1988,1,,10,6,4,0,6.079705598005742,-0.0797055980057424,27.36491687980879,16.203669
559276591123,Herb Deromedi,Central Michigan,1989,1,,10,5,4,1,6.745721794760129,-1.2457217947601293,0.1763234697396001,14.168963
559276591123,Herb Deromedi,Central Michigan,1990,1,,12,8,3,1,8.358034200102292,0.14196579989770797,-25.38112887096895,20.890007
559276591123,Herb Deromedi,Central Michigan,1991,1,,11,6,1,4,7.629822064216313,0.37017793578368696,90.0458553747003,18.656496
559276591123,Herb Deromedi,Central Michigan,1992,1,,11,5,6,0,7.399352608075152,-2.3993526080751524,-103.87227054060259,12.778235
559276591123,Herb Deromedi,Central Michigan,1993,1,,11,5,6,0,5.703757117512411,-0.7037571175124109,-49.24153005419248,15.184236
372581395023,Herm Edwards,Arizona State,2018,1,,13,7,6,0,6.502625585260448,0.4973744147395518,25.5623725730552,20.337015
372581395023,Herm Edwards,Arizona State,2019,1,,12,7,5,0,6.275781721426113,0.7242182785738871,-22.444337128167717,20.76142
372581395023,Herm Edwards,Arizona State,2020,1,,4,2,2,0,2.0239798076219184,-0.023979807621918425,4.0232694701796845,5.471354
372581395023,Herm Edwards,Arizona State,2021,1,,12,7,5,0,7.171648088451202,-0.17164808845120216,87.80299833356162,18.26029
372581395023,Herm Edwards,Arizona State,2022,0,"two head coaches this season, and the feed does not say which games",,,,,,,,
355564358189,Houston Nutt,Boise State,1997,1,,9,3,6,0,2.376401467216532,0.6235985327834679,60.48569131418162,9.29092
355564358189,Houston Nutt,Arkansas,1998,1,,12,9,3,0,7.194768131843644,1.8052318681563557,250.72029080067568,24.379474
355564358189,Houston Nutt,Arkansas,1999,1,,12,8,4,0,7.619116403976301,0.3808835960236987,-0.8580250162253833,19.815575
355564358189,Houston Nutt,Arkansas,2000,1,,11,5,6,0,5.413929688522985,-0.41392968852298484,-106.68777351880453,14.705658
355564358189,Houston Nutt,Arkansas,2001,1,,11,6,5,0,4.436484616804827,1.5635153831951731,101.99401608462972,17.945656
355564358189,Houston Nutt,Arkansas,2002,1,,14,9,5,0,8.934279643090486,0.06572035690951417,49.83487979529923,24.67701
355564358189,Houston Nutt,Arkansas,2003,1,,13,9,4,0,8.46959810619422,0.5304018938057808,80.89895817556294,23.147562
355564358189,Houston Nutt,Arkansas,2004,1,,11,5,6,0,6.259763268157507,-1.2597632681575073,-83.66412940161217,12.281325
355564358189,Houston Nutt,Arkansas,2005,1,,10,3,7,0,4.251174300007209,-1.251174300007209,5.795178912121628,7.564429
355564358189,Houston Nutt,Arkansas,2006,1,,13,9,4,0,7.553798967610974,1.446201032389026,168.60957444292717,23.800035
355564358189,Houston Nutt,Arkansas,2007,1,,12,7,5,0,7.246603107055137,-0.24660310705513666,-39.54423661176497,18.334406
355564358189,Houston Nutt,Ole Miss,2008,1,,12,8,4,0,4.1398489359215125,3.8601510640784875,349.6182538175726,25.863865
355564358189,Houston Nutt,Ole Miss,2009,1,,11,7,4,0,6.829415537728918,0.1705844622710817,55.27969579832643,19.112275
355564358189,Houston Nutt,Ole Miss,2010,1,,11,4,7,0,6.013712654833229,-2.0137126548332294,-149.72894538979494,9.735674
355564358189,Houston Nutt,Ole Miss,2011,1,,11,1,10,0,3.2457545904450815,-2.2457545904450815,-174.71474662324613,3.363684
539515483200,Howard Schnellenberger,Miami (FL),1980,1,,11,8,3,0,5.800860138841138,2.199139861158862,217.66353164894304,0.0
539515483200,Howard Schnellenberger,Miami (FL),1981,1,,11,9,2,0,7.205617365354343,1.7943826346456566,140.24320964213484,0.0
539515483200,Howard Schnellenberger,Miami (FL),1982,1,,10,6,4,0,7.090563236559142,-1.0905632365591416,-36.18783928774428,
539515483200,Howard Schnellenberger,Miami (FL),1983,1,,11,10,1,0,7.46185884582268,2.5381411541773202,187.54508131053035,0.0
539515483200,Howard Schnellenberger,Louisville,1985,1,,8,0,8,0,1.4775850036082736,-1.4775850036082736,-170.70643578661247,0.0
539515483200,Howard Schnellenberger,Louisville,1986,1,,10,2,8,0,1.9349288809370866,0.06507111906291341,28.658395363831914,6.920524
539515483200,Howard Schnellenberger,Louisville,1987,1,,9,2,6,1,2.692496169714201,-0.19249616971420114,-74.48186936657567,4.453357
539515483200,Howard Schnellenberger,Louisville,1988,1,,10,7,3,0,3.8648995579256575,3.1351004420743425,230.8874876366583,21.563813
539515483200,Howard Schnellenberger,Louisville,1989,1,,10,5,5,0,5.084766245346648,-0.084766245346648,35.12877486600746,13.909291
539515483200,Howard Schnellenberger,Louisville,1990,1,,10,8,1,1,6.063026486358789,2.4369735136412114,215.60131987892964,23.278301
539515483200,Howard Schnellenberger,Louisville,1991,1,,10,1,9,0,4.266919902501087,-3.266919902501087,-457.80006584359467,2.885515
539515483200,Howard Schnellenberger,Louisville,1992,1,,11,5,6,0,2.914740421079324,2.085259578920676,159.19127455327953,15.818662
539515483200,Howard Schnellenberger,Louisville,1993,1,,12,9,3,0,7.149163169215504,1.8508368307844956,240.28915711463515,24.11493
539515483200,Howard Schnellenberger,Louisville,1994,1,,11,6,5,0,6.919457849465128,-0.919457849465128,-63.96433225413625,15.726128
539515483200,Howard Schnellenberger,Oklahoma,1995,1,,11,5,5,1,5.847490448927452,-0.3474904489274522,-79.71831358589907,11.203858
539515483200,Howard Schnellenberger,FAU,2004,1,,6,3,3,0,3.9027557483392328,-0.9027557483392328,-142.00911623207685,
539515483200,Howard Schnellenberger,FAU,2005,1,,11,2,9,0,4.129831923945421,-2.129831923945421,-258.7282050089775,7.216517
539515483200,Howard Schnellenberger,FAU,2006,1,,11,4,7,0,2.9226739016621486,1.0773260983378514,91.07999390392251,12.685304
539515483200,Howard Schnellenberger,FAU,2007,1,,13,8,5,0,5.771445022513244,2.2285549774867563,127.54331860788238,24.517706
539515483200,Howard Schnellenberger,FAU,2008,1,,13,7,6,0,6.645848245829498,0.35415175417050193,-13.03050447135979,16.005517
539515483200,Howard Schnellenberger,FAU,2009,1,,12,5,7,0,5.836512335268153,-0.8365123352681527,-91.11912963964141,14.321565
539515483200,Howard Schnellenberger,FAU,2010,1,,12,4,8,0,5.154340800674864,-1.1543408006748637,-139.16832459092643,11.435028
539515483200,Howard Schnellenberger,FAU,2011,1,,12,1,11,0,2.919978324823231,-1.919978324823231,-156.87041361410252,3.506962
813434983244,Hugh Freeze,Arkansas State,2011,1,,12,9,3,0,7.305979864122261,1.6940201358777394,171.79764782289294,22.796203
813434983244,Hugh Freeze,Ole Miss,2012,1,,12,6,6,0,4.291495588843703,1.708504411156297,247.31192752342304,18.562887
813434983244,Hugh Freeze,Ole Miss,2013,1,,12,7,5,0,6.452209846370275,0.5477901536297249,16.751760492502854,20.708608
813434983244,Hugh Freeze,Ole Miss,2014,1,,12,8,4,0,6.597921811400117,1.4020781885998828,55.39769753397809,22.468809
813434983244,Hugh Freeze,Ole Miss,2015,1,,12,9,3,0,7.56065494776725,1.43934505223275,232.75291698130923,25.851323
813434983244,Hugh Freeze,Ole Miss,2016,1,,11,4,7,0,6.509345771672855,-2.509345771672855,-180.2537523470612,10.419714
813434983244,Hugh Freeze,Liberty,2019,1,,11,6,5,0,5.494744164327933,0.5052558356720667,63.43222471365789,16.684088
813434983244,Hugh Freeze,Liberty,2020,1,,9,8,1,0,5.626221068964013,2.3737789310359867,171.9491098548524,22.158309
813434983244,Hugh Freeze,Liberty,2021,1,,12,7,5,0,8.199276940683648,-1.1992769406836477,-123.64358207249029,17.570967
813434983244,Hugh Freeze,Liberty,2022,0,"two head coaches this season, and the feed does not say which games",,,,,,,,
813434983244,Hugh Freeze,Auburn,2023,1,,12,5,7,0,5.486102059770161,-0.4861020597701611,-4.286074506145042,13.502102
813434983244,Hugh Freeze,Auburn,2024,1,,11,4,7,0,5.0568373848844805,-1.0568373848844805,83.19189249400802,11.217846
813434983244,Hugh Freeze,Auburn,2025,0,"two head coaches this season, and the feed does not say which games",,,,,,,,
117728683807,J.C. Price,Virginia Tech,2021,0,"two head coaches this season, and the feed does not say which games",,,,,,,,
348781198557,J.D. Brookhart,Akron,2004,1,,11,6,5,0,5.355890179515496,0.6441098204845037,16.268884975383344,16.726904
348781198557,J.D. Brookhart,Akron,2005,1,,13,7,6,0,6.804542361052802,0.1954576389471976,-22.95978052911687,20.767028
348781198557,J.D. Brookhart,Akron,2006,1,,12,5,7,0,6.214799771854612,-1.2147997718546124,-75.50891647512276,13.977675
348781198557,J.D. Brookhart,Akron,2007,1,,12,4,8,0,5.076760266802637,-1.076760266802637,-110.52952188836775,11.951104
348781198557,J.D. Brookhart,Akron,2008,1,,12,5,7,0,6.2498448964790905,-1.2498448964790905,-78.53758781132092,14.829702
348781198557,J.D. Brookhart,Akron,2009,1,,11,2,9,0,3.1612617211454648,-1.1612617211454648,-41.85774039001967,6.074106
1007945991527,JaMarcus Shephard,Oregon State,2026,1,,4,2,2,0,1.2120279790626851,0.7879720209373149,149.10120863326438,5.875286
487773720224,Jack Bicknell,Boston College,1981,1,,9,3,6,0,3.745969290162712,-0.7459692901627122,-114.30020398668148,
487773720224,Jack Bicknell,Boston College,1982,1,,10,6,3,1,5.443237871397384,1.0567621286026156,124.04327571215276,0.0
487773720224,Jack Bicknell,Boston College,1983,1,,9,6,3,0,5.278208388490233,0.7217916115097669,99.0718791363663,0.0
487773720224,Jack Bicknell,Boston College,1984,1,,10,8,2,0,6.417248516358443,1.582751483641557,158.31968887468315,0.0
487773720224,Jack Bicknell,Boston College,1985,1,,11,3,8,0,5.393429732940275,-2.393429732940275,-310.2799072128107,8.247361
487773720224,Jack Bicknell,Boston College,1986,1,,11,8,3,0,5.292860417266059,2.707139582733941,263.53671437775324,23.546799
487773720224,Jack Bicknell,Boston College,1987,1,,11,5,6,0,5.727646742173777,-0.7276467421737767,-155.22925872603832,13.661255
487773720224,Jack Bicknell,Boston College,1988,1,,11,3,8,0,3.9404810333453577,-0.9404810333453577,-105.5334899671816,8.943693
487773720224,Jack Bicknell,Boston College,1989,1,,11,2,9,0,3.551108234947363,-1.551108234947363,-79.36525871857498,6.061742
487773720224,Jack Bicknell,Boston College,1990,1,,11,4,7,0,3.7492340508484343,0.2507659491515657,7.300233626666113,11.985829
487773720224,Jack Bicknell,Louisiana Tech,1999,1,,10,7,3,0,5.497058541579511,1.502941458420489,81.72612176766256,16.668658
487773720224,Jack Bicknell,Louisiana Tech,2000,1,,10,2,8,0,4.388196373045965,-2.3881963730459654,-277.0809177892809,5.158787
487773720224,Jack Bicknell,Louisiana Tech,2001,1,,12,7,5,0,5.55978697357334,1.44021302642666,106.2817796151287,19.605092
487773720224,Jack Bicknell,Louisiana Tech,2002,1,,12,4,8,0,5.4180155163651005,-1.4180155163651005,-188.76460276391936,10.641281
487773720224,Jack Bicknell,Louisiana Tech,2003,1,,12,5,7,0,5.136497797649864,-0.1364977976498638,-28.65037894512966,14.483144
487773720224,Jack Bicknell,Louisiana Tech,2004,1,,12,6,6,0,4.910805852062434,1.0891941479375662,122.67233877117587,17.072903
487773720224,Jack Bicknell,Louisiana Tech,2005,1,,11,7,4,0,6.262872764903087,0.7371272350969127,90.73636106924164,18.41901
487773720224,Jack Bicknell,Louisiana Tech,2006,1,,12,2,10,0,4.735844969144106,-2.7358449691441056,-348.2017641760651,5.071025
136118654380,Jack Crowe,Arkansas,1990,1,,11,3,8,0,6.195327069983107,-3.195327069983107,-335.99124375334213,7.117303
136118654380,Jack Crowe,Arkansas,1991,1,,12,6,6,0,4.5313264770342965,1.4686735229657035,49.773034137648665,17.28556
136118654380,Jack Crowe,Arkansas,1992,0,"two head coaches this season, and the feed does not say which games",,,,,,,,
709579631457,Jack Elway,San Jose State,1980,1,,6,3,3,0,2.715564012598844,0.28443598740115617,13.713416137593867,
709579631457,Jack Elway,San Jose State,1981,1,,8,5,3,0,4.4329324222287,0.5670675777712999,84.68722126021612,0.0
709579631457,Jack Elway,San Jose State,1982,1,,7,5,2,0,4.8609010579831065,0.13909894201689355,-20.388087920436647,
709579631457,Jack Elway,San Jose State,1983,1,,8,4,4,0,5.080163942354163,-1.0801639423541634,-86.39535992952256,
709579631457,Jack Elway,Stanford,1984,1,,11,5,6,0,3.3043021107042216,1.6956978892957784,132.11028379456502,
709579631457,Jack Elway,Stanford,1985,1,,11,4,7,0,3.922483269674631,0.07751673032536921,11.630044283989946,11.597294
709579631457,Jack Elway,Stanford,1986,1,,12,8,4,0,6.723438867041156,1.276561132958844,137.27913437388474,23.429896
709579631457,Jack Elway,Stanford,1987,1,,11,5,6,0,5.036999252483853,-0.03699925248385316,12.318721931349728,14.15284
709579631457,Jack Elway,Stanford,1988,1,,11,3,6,2,5.284377747828375,-1.2843777478283753,-20.824686593616207,9.321136
156617764897,Jack Harbaugh,Western Michigan,1982,1,,9,5,2,2,5.296459754289597,0.7035402457104034,106.70888708196458,
156617764897,Jack Harbaugh,Western Michigan,1983,1,,9,4,5,0,4.92762325772572,-0.9276232577257204,-137.80544240235827,
156617764897,Jack Harbaugh,Western Michigan,1984,1,,9,3,6,0,4.298295306891293,-1.2982953068912932,-117.77905651264496,
156617764897,Jack Harbaugh,Western Michigan,1985,1,,11,4,6,1,4.036126382015901,0.463873617984099,78.89112727440374,13.046289
156617764897,Jack Harbaugh,Western Michigan,1986,1,,10,3,7,0,3.8413252987632984,-0.8413252987632984,-73.4872118807466,9.184274
396428333628,Jack Pardee,Houston,1987,1,,10,3,6,1,2.255094988221865,1.244905011778135,188.4469319521029,10.879606
396428333628,Jack Pardee,Houston,1988,1,,11,8,3,0,6.390664654345436,1.6093353456545643,234.75823011350212,22.308145
396428333628,Jack Pardee,Houston,1989,1,,11,9,2,0,8.431082895924135,0.5689171040758652,134.99023455985707,21.741134
956386869166,Jackie Sherrill,Pittsburgh,1980,1,,12,11,1,0,7.976122585625415,3.023877414374585,339.43416928241527,0.0
956386869166,Jackie Sherrill,Pittsburgh,1981,1,,12,11,1,0,9.822595803931346,1.1774041960686539,69.2453253924516,0.0
956386869166,Jackie Sherrill,Texas A&M,1982,1,,9,3,6,0,3.968054415642798,-0.9680544156427979,-125.27870358680548,
956386869166,Jackie Sherrill,Texas A&M,1983,1,,10,4,5,1,4.509295534029687,-0.00929553402968697,50.44365636996872,
956386869166,Jackie Sherrill,Texas A&M,1984,1,,10,5,5,0,5.005409455576186,-0.005409455576185884,65.11533043371423,
956386869166,Jackie Sherrill,Texas A&M,1985,1,,11,9,2,0,6.1649000709295905,2.8350999290704095,268.6688259113928,25.3042
956386869166,Jackie Sherrill,Texas A&M,1986,1,,11,8,3,0,8.020546421840107,-0.020546421840107243,-36.47211952547332,19.547339
956386869166,Jackie Sherrill,Texas A&M,1987,1,,11,9,2,0,7.388765388813515,1.611234611186485,209.26063294928144,24.032369
956386869166,Jackie Sherrill,Texas A&M,1988,1,,11,6,5,0,7.167494924493359,-1.1674949244933588,-149.43854828373333,14.447799
956386869166,Jackie Sherrill,Mississippi State,1991,1,,11,6,5,0,5.3424808681824905,0.6575191318175095,73.08375707676191,17.681573
956386869166,Jackie Sherrill,Mississippi State,1992,1,,12,7,5,0,6.863341398453073,0.13665860154692666,-20.047285315646377,19.707429
956386869166,Jackie Sherrill,Mississippi State,1993,1,,11,3,6,2,5.267906246521992,-1.2679062465219921,-37.057647434790624,9.891544
956386869166,Jackie Sherrill,Mississippi State,1994,1,,12,8,4,0,6.480412116743675,1.5195878832563254,118.76686163623822,22.514406
956386869166,Jackie Sherrill,Mississippi State,1995,1,,11,3,8,0,5.0081839532711,-2.0081839532711,-187.44395275951,8.518887
956386869166,Jackie Sherrill,Mississippi State,1996,1,,11,5,6,0,4.329765963028578,0.6702340369714221,40.44587089061929,15.97522
956386869166,Jackie Sherrill,Mississippi State,1997,1,,11,7,4,0,5.9896620306323225,1.0103379693676775,136.01212529928807,20.253869
956386869166,Jackie Sherrill,Mississippi State,1998,1,,12,7,5,0,6.347377082535433,0.6526229174645666,47.36794255077098,19.991655
956386869166,Jackie Sherrill,Mississippi State,1999,1,,12,10,2,0,8.297389075733891,1.702610924266109,126.51066241876879,22.834254
956386869166,Jackie Sherrill,Mississippi State,2000,1,,12,8,4,0,8.301730945188332,-0.3017309451883321,-38.61777288824965,21.784363
956386869166,Jackie Sherrill,Mississippi State,2001,1,,11,3,8,0,4.734426922499733,-1.7344269224997326,-148.39239719409306,8.102489
956386869166,Jackie Sherrill,Mississippi State,2002,1,,11,2,9,0,2.95375468223953,-0.9537546822395302,-138.82295804314322,5.676438
956386869166,Jackie Sherrill,Mississippi State,2003,1,,12,2,10,0,3.185283168368402,-1.185283168368402,-86.06253333928157,5.175756
35422412942,Jake Dickert,Washington State,2021,0,"two head coaches this season, and the feed does not say which games",,,,,,,,
35422412942,Jake Dickert,Washington State,2022,1,,12,6,6,0,6.052546568453566,-0.05254656845356642,-55.16913572214821,16.700059
35422412942,Jake Dickert,Washington State,2023,1,,11,4,7,0,5.2572045074248885,-1.2572045074248885,7.399483149276421,12.061619
35422412942,Jake Dickert,Washington State,2024,0,"two head coaches this season, and the feed does not say which games",,,,,,,,
35422412942,Jake Dickert,Wake Forest,2025,1,,12,8,4,0,5.735758712932065,2.264241287067935,179.82830274320736,21.875053
35422412942,Jake Dickert,Wake Forest,2026,1,,5,4,1,0,2.8177395157153144,1.1822604842846856,97.46120407115609,10.693517
259320939518,Jake Spavital,Texas State,2019,1,,11,2,9,0,3.2147623282305093,-1.2147623282305093,-104.7680646733661,5.498454
259320939518,Jake Spavital,Texas State,2020,1,,12,2,10,0,2.6702166264025036,-0.6702166264025036,18.01850922673566,7.963058
259320939518,Jake Spavital,Texas State,2021,1,,11,4,7,0,4.162676819365122,-0.1626768193651218,-38.45742117455666,12.225389
259320939518,Jake Spavital,Texas State,2022,1,,11,3,8,0,4.100724497141037,-1.1007244971410373,-54.56701798086169,8.714954
357270002375,James Franklin,Vanderbilt,2011,1,,12,5,7,0,4.0058538209351,0.9941461790649004,154.06222563574056,16.629876
357270002375,James Franklin,Vanderbilt,2012,1,,12,8,4,0,5.744913930269195,2.2550860697308046,107.6886633950744,20.572628
357270002375,James Franklin,Vanderbilt,2013,1,,12,8,4,0,6.799939321856716,1.2000606781432843,55.68410148201724,21.56808
357270002375,James Franklin,Penn State,2014,1,,13,7,6,0,7.719883771387894,-0.7198837713878943,-51.78912881169208,19.604531
357270002375,James Franklin,Penn State,2015,1,,13,7,6,0,6.836211601075196,0.16378839892480368,33.54584753888548,18.062328
357270002375,James Franklin,Penn State,2016,1,,14,11,3,0,7.987766811940315,3.0122331880596853,168.27245252433272,29.889589
357270002375,James Franklin,Penn State,2017,1,,13,11,2,0,9.336288487687,1.6637115123130002,153.573008719344,27.394932
357270002375,James Franklin,Penn State,2018,1,,13,9,4,0,9.241168752018075,-0.24116875201807453,-38.15608207960804,21.732932
357270002375,James Franklin,Penn State,2019,1,,12,10,2,0,8.154654794544896,1.8453452054551036,114.32060909350776,25.018139
357270002375,James Franklin,Penn State,2020,1,,9,4,5,0,5.8558441850751874,-1.8558441850751874,-67.83160957053383,11.183329
357270002375,James Franklin,Penn State,2021,1,,12,6,6,0,6.290949771779058,-0.2909497717790579,-78.54212446890801,17.509063
357270002375,James Franklin,Penn State,2022,1,,13,11,2,0,7.675389218027453,3.324610781972547,221.12866613054985,29.082576
357270002375,James Franklin,Penn State,2023,1,,12,9,3,0,8.813266009692757,0.1867339903072427,45.83401371306036,20.782764
357270002375,James Franklin,Penn State,2024,1,,16,13,3,0,11.421161859352825,1.578838140647175,140.3581710923088,31.362134
357270002375,James Franklin,Penn State,2025,0,"two head coaches this season, and the feed does not say which games",,,,,,,,
357270002375,James Franklin,Virginia Tech,2026,1,,4,3,1,0,1.790134290273004,1.209865709726996,112.22242750804003,9.366134
402702155599,Jamey Chadwell,Coastal Carolina,2017,1,,11,3,8,0,5.2289356466278125,-2.2289356466278125,-249.9396653715446,
402702155599,Jamey Chadwell,Coastal Carolina,2019,1,,11,4,7,0,4.253530155706378,-0.25353015570637805,39.360785425950326,13.245673
402702155599,Jamey Chadwell,Coastal Carolina,2020,1,,11,10,1,0,6.234915096299193,3.7650849037008074,307.94509201366554,30.335119
402702155599,Jamey Chadwell,Coastal Carolina,2021,1,,12,10,2,0,9.658983278066696,0.341016721933304,1.9807564465688756,23.253234
402702155599,Jamey Chadwell,Coastal Carolina,2022,0,"two head coaches this season, and the feed does not say which games",,,,,,,,
402702155599,Jamey Chadwell,Liberty,2023,1,,14,13,1,0,9.86384821320965,3.13615178679035,198.53472525400525,26.769294
402702155599,Jamey Chadwell,Liberty,2024,1,,11,7,4,0,8.750421071442977,-1.750421071442977,-105.63223516640437,16.225656
402702155599,Jamey Chadwell,Liberty,2025,1,,11,3,8,0,6.084389420825968,-3.0843894208259677,-121.04726295756927,8.061204
402702155599,Jamey Chadwell,Liberty,2026,1,,4,3,1,0,2.0567556750805345,0.9432443249194655,142.78432660671774,8.000145
14376675993,Jan Quarless,Eastern Michigan,1992,0,"two head coaches this season, and the feed does not say which games",,,,,,,,
358637355508,Jason Candle,Toledo,2015,0,"two head coaches this season, and the feed does not say which games",,,,,,,,
358637355508,Jason Candle,Toledo,2016,1,,12,8,4,0,8.656836118792812,-0.6568361187928122,37.36560184621203,19.225511
358637355508,Jason Candle,Toledo,2017,1,,13,10,3,0,9.406522873741903,0.5934771262580973,-119.79580950804575,24.607488
358637355508,Jason Candle,Toledo,2018,1,,12,6,6,0,6.720082529279049,-0.7200825292790487,-57.320952244465616,15.458265
358637355508,Jason Candle,Toledo,2019,1,,11,5,6,0,5.375480762237053,-0.3754807622370526,-163.96264270109236,14.211315
358637355508,Jason Candle,Toledo,2020,1,,6,4,2,0,3.2514138455874484,0.7485861544125516,119.63715133423011,11.150049
358637355508,Jason Candle,Toledo,2021,1,,12,6,6,0,6.857509753610097,-0.8575097536100973,-4.019912014962301,17.712159
358637355508,Jason Candle,Toledo,2022,1,,13,8,5,0,7.67358749295514,0.3264125070448598,114.48305263706789,21.544299
358637355508,Jason Candle,Toledo,2023,1,,13,10,3,0,9.69397597784207,0.30602402215792956,-30.293028394292378,23.907106
358637355508,Jason Candle,Toledo,2024,1,,12,7,5,0,7.544248026927585,-0.5442480269275851,-90.65425285920401,20.184172
358637355508,Jason Candle,Toledo,2025,0,"two head coaches this season, and the feed does not say which games",,,,,,,,
358637355508,Jason Candle,UConn,2026,1,,4,1,3,0,2.259664218385831,-1.259664218385831,-123.74814199582102,4.071741
7141829533,Jason Eck,New Mexico,2025,1,,12,8,4,0,6.60773310992573,1.3922668900742696,89.92018325184472,22.992665
7141829533,Jason Eck,New Mexico,2026,1,,4,3,1,0,2.6964672693421883,0.3035327306578117,52.36297861537582,7.020468
226211114635,Jay Hopson,Southern Miss,2016,1,,12,6,6,0,7.442901844175195,-1.4429018441751946,-27.051274474934644,16.49595
226211114635,Jay Hopson,Southern Miss,2017,1,,12,7,5,0,7.443238551124619,-0.44323855112461885,-68.95687683921346,18.830008
226211114635,Jay Hopson,Southern Miss,2018,1,,10,5,5,0,5.357741359595364,-0.357741359595364,16.964823623398843,14.476586
226211114635,Jay Hopson,Southern Miss,2019,1,,12,6,6,0,6.245046148126656,-0.24504614812665615,4.1675211299520925,15.7648
226211114635,Jay Hopson,Southern Miss,2020,0,"two head coaches this season, and the feed does not say which games",,,,,,,,
160045075968,Jay Norvell,Nevada,2017,1,,11,3,8,0,3.35095516416284,-0.3509551641628401,-88.06376806191884,8.696644
160045075968,Jay Norvell,Nevada,2018,1,,12,7,5,0,5.154943513536592,1.8450564864634078,121.06742644313204,21.109169
160045075968,Jay Norvell,Nevada,2019,1,,12,6,6,0,5.707691252947864,0.29230874705213594,-81.32105131417984,18.528442
160045075968,Jay Norvell,Nevada,2020,1,,9,7,2,0,5.0012800143779215,1.9987199856220785,153.96910783992985,20.138878
160045075968,Jay Norvell,Nevada,2021,0,"two head coaches this season, and the feed does not say which games",,,,,,,,
160045075968,Jay Norvell,Colorado State,2022,1,,11,3,8,0,3.439265430512812,-0.43926543051281186,-80.12430905597012,8.774366
160045075968,Jay Norvell,Colorado State,2023,1,,11,4,7,0,4.083305572769376,-0.08330557276937611,-57.272661022836246,13.436455
160045075968,Jay Norvell,Colorado State,2024,1,,12,7,5,0,5.439336009621998,1.5606639903780017,80.36645886180418,21.777457
160045075968,Jay Norvell,Colorado State,2025,0,"two head coaches this season, and the feed does not say which games",,,,,,,,
131988734592,Jay Sawvel,Wyoming,2024,1,,11,3,8,0,4.309798248607075,-1.3097982486070752,-191.7075207150799,10.278008
131988734592,Jay Sawvel,Wyoming,2025,1,,11,3,8,0,4.328572145263845,-1.3285721452638448,-101.95354559634984,8.519026
131988734592,Jay Sawvel,Wyoming,2026,1,,4,1,3,0,1.456190896561416,-0.4561908965614161,-7.576929694096862,3.199367
222791679046,Jedd Fisch,UCLA,2017,0,"two head coaches this season, and the feed does not say which games",,,,,,,,
222791679046,Jedd Fisch,Arizona,2021,1,,11,1,10,0,2.3410150032330708,-1.3410150032330708,-25.764354766762608,3.45032
222791679046,Jedd Fisch,Arizona,2022,1,,11,4,7,0,3.7464361855328288,0.25356381446717124,81.83350283547543,12.876545
222791679046,Jedd Fisch,Arizona,2023,1,,12,9,3,0,5.757476073876132,3.2425239261238676,276.8230059720172,28.213859
222791679046,Jedd Fisch,Washington,2024,1,,12,5,7,0,7.168737452717225,-2.1687374527172247,-166.60405784434533,12.550182
222791679046,Jedd Fisch,Washington,2025,1,,12,8,4,0,7.561938544811388,0.4380614551886124,131.0829063726335,19.834134
222791679046,Jedd Fisch,Washington,2026,1,,4,2,2,0,2.921580896722032,-0.9215808967220318,-78.43935163779338,4.501685
33053010205,Jeff Banks,Texas A&M,2017,0,"two head coaches this season, and the feed does not say which games",,,,,,,,
685046586080,Jeff Bower,Southern Miss,1990,1,,11,7,4,0,6.725335518623433,0.2746644813765666,30.59381872974086,20.074217
685046586080,Jeff Bower,Southern Miss,1991,1,,10,3,7,0,4.919838742671379,-1.919838742671379,-222.94428941505203,8.665306
685046586080,Jeff Bower,Southern Miss,1992,1,,11,7,4,0,4.817002968358958,2.182997031641042,146.68157629478947,20.578193
685046586080,Jeff Bower,Southern Miss,1993,1,,10,1,8,1,4.296563678100199,-2.796563678100199,-213.20807045631705,3.845758
685046586080,Jeff Bower,Southern Miss,1994,1,,10,5,5,0,3.6414873067507414,1.3585126932492586,128.3803117974719,14.647179
685046586080,Jeff Bower,Southern Miss,1995,1,,11,6,5,0,5.9878809830753,0.012119016924700077,57.28493165370651,16.070121
685046586080,Jeff Bower,Southern Miss,1996,1,,11,8,3,0,6.612288950470442,1.3877110495295577,135.47092953360539,21.712586
685046586080,Jeff Bower,Southern Miss,1997,1,,12,9,3,0,7.589792614970602,1.4102073850293984,142.25413302860147,22.80033
685046586080,Jeff Bower,Southern Miss,1998,1,,12,7,5,0,8.204128897198379,-1.2041288971983786,-115.25074809689431,17.612825
685046586080,Jeff Bower,Southern Miss,1999,1,,11,8,3,0,6.466718953360153,1.5332810466398472,163.0722396165902,21.180695
685046586080,Jeff Bower,Southern Miss,2000,1,,12,8,4,0,8.390259285642045,-0.3902592856420455,-15.219882949479825,18.441135
685046586080,Jeff Bower,Southern Miss,2001,1,,11,6,5,0,7.312367162764747,-1.3123671627647466,-99.49067375077561,14.767541
685046586080,Jeff Bower,Southern Miss,2002,1,,12,6,6,0,6.804338978986653,-0.8043389789866531,-59.9182097367534,16.830159
685046586080,Jeff Bower,Southern Miss,2003,1,,13,9,4,0,7.45502853673472,1.5449714632652798,148.92370115295853,24.215744
685046586080,Jeff Bower,Southern Miss,2004,1,,12,7,5,0,7.214307529288583,-0.21430752928858343,-70.88985757583237,18.786354
685046586080,Jeff Bower,Southern Miss,2005,1,,11,6,5,0,6.342668632720018,-0.34266863272001835,-98.95243679670762,16.276618
685046586080,Jeff Bower,Southern Miss,2006,1,,13,8,5,0,6.526421441767658,1.473578558232342,103.08395964659667,23.156091
685046586080,Jeff Bower,Southern Miss,2007,1,,12,6,6,0,7.385199824962276,-1.3851998249622763,-51.49446865707819,15.275622
590001459497,Jeff Brohm,Western Kentucky,2014,1,,13,8,5,0,7.2312142217717845,0.7687857782282155,26.218919892125086,21.897331
590001459497,Jeff Brohm,Western Kentucky,2015,1,,14,12,2,0,9.890341537987783,2.1096584620122165,171.6114167296132,30.118654
590001459497,Jeff Brohm,Western Kentucky,2016,1,,13,10,3,0,10.116118328056068,-0.11611832805606781,65.34942696882126,24.016761
590001459497,Jeff Brohm,Purdue,2017,1,,13,7,6,0,5.742195985177767,1.2578040148222334,281.27966891091364,21.152303
590001459497,Jeff Brohm,Purdue,2018,1,,13,6,7,0,6.549678646837496,-0.5496786468374957,-106.55112209371146,19.347409
590001459497,Jeff Brohm,Purdue,2019,1,,12,4,8,0,4.831075833998201,-0.8310758339982014,-30.260025667214222,13.10903
590001459497,Jeff Brohm,Purdue,2020,1,,6,2,4,0,3.2089499579194127,-1.2089499579194127,-79.15205609510781,6.403853
590001459497,Jeff Brohm,Purdue,2021,1,,13,9,4,0,6.337140155109057,2.662859844890943,246.99973948823094,25.7108
590001459497,Jeff Brohm,Purdue,2022,0,"two head coaches this season, and the feed does not say which games",,,,,,,,
590001459497,Jeff Brohm,Louisville,2023,1,,13,9,4,0,9.33996835789676,-0.33996835789676005,115.80624366144457,22.914498
590001459497,Jeff Brohm,Louisville,2024,1,,12,8,4,0,7.581351941101212,0.4186480588987882,35.698994473093535,21.65461
590001459497,Jeff Brohm,Louisville,2025,1,,12,8,4,0,8.385562342105278,-0.3855623421052776,13.319240171856563,22.461925
590001459497,Jeff Brohm,Louisville,2026,1,,4,1,3,0,2.074561650959502,-1.074561650959502,-31.23009071840761,2.944674
687111047552,Jeff Choate,Nevada,2024,1,,12,2,10,0,3.3772197553019483,-1.3772197553019483,30.530479103155585,7.47181
687111047552,Jeff Choate,Nevada,2025,1,,11,2,9,0,2.4207583096173173,-0.4207583096173173,8.099900247242203,6.9659
687111047552,Jeff Choate,Nevada,2026,1,,3,1,2,0,1.4761004579799732,-0.47610045797997325,8.440994590111814,4.311649
166215370234,Jeff Genyk,Eastern Michigan,2004,1,,10,4,6,0,3.812049310503306,0.1879506894966938,-34.87667538881624,11.928226
166215370234,Jeff Genyk,Eastern Michigan,2005,1,,11,4,7,0,3.726043509061361,0.27395649093863916,-45.12817846115081,11.698814
166215370234,Jeff Genyk,Eastern Michigan,2006,1,,12,1,11,0,2.9144460596689497,-1.9144460596689497,-124.90777679312396,4.468406
166215370234,Jeff Genyk,Eastern Michigan,2007,1,,11,3,8,0,2.741104781547346,0.25889521845265406,47.804966322419205,10.886473
166215370234,Jeff Genyk,Eastern Michigan,2008,1,,11,2,9,0,3.500414149676553,-1.500414149676553,-16.11588275455938,7.43094
412232421598,Jeff Hafley,Boston College,2020,1,,11,6,5,0,4.831694597742228,1.1683054022577721,13.501801657019769,16.86836
412232421598,Jeff Hafley,Boston College,2021,1,,11,5,6,0,5.7092489393239045,-0.7092489393239045,-103.65728583355485,13.457785
412232421598,Jeff Hafley,Boston College,2022,1,,11,2,9,0,3.364085732902526,-1.364085732902526,-55.16723307656389,7.149547
412232421598,Jeff Hafley,Boston College,2023,1,,12,6,6,0,4.594121003714002,1.405878996285998,121.61622068728548,20.054079
694822175198,Jeff Horton,Nevada,1993,1,,7,4,3,0,4.178696779297162,-0.17869677929716232,7.220841618585382,11.532006
694822175198,Jeff Horton,UNLV,1994,1,,11,7,4,0,4.668467785822639,2.3315322141773613,187.08795765190735,21.50329
694822175198,Jeff Horton,UNLV,1995,1,,11,2,9,0,4.67296660627389,-2.6729666062738904,-414.1713995036562,2.41025
694822175198,Jeff Horton,UNLV,1996,1,,12,1,11,0,1.5019843355844267,-0.5019843355844267,-79.54128560533582,3.839802
694822175198,Jeff Horton,UNLV,1997,1,,10,2,8,0,2.116291393119277,-0.11629139311927705,-21.978411902462312,6.194407
694822175198,Jeff Horton,UNLV,1998,1,,11,0,11,0,1.5657934294501792,-1.5657934294501792,-139.32870390568928,0.0
694822175198,Jeff Horton,Minnesota,2010,0,"two head coaches this season, and the feed does not say which games",,,,,,,,
50114644019,Jeff Jagodzinski,Boston College,2007,1,,13,10,3,0,9.024910351351378,0.9750896486486216,41.409403758791086,25.893057
50114644019,Jeff Jagodzinski,Boston College,2008,1,,13,8,5,0,8.753887789781231,-0.7538877897812313,-78.45786655715665,21.207199
256876627118,Jeff Lebby,Mississippi State,2024,1,,11,1,10,0,2.671502112524528,-1.6715021125245282,-158.68187596722987,2.432545
256876627118,Jeff Lebby,Mississippi State,2025,1,,12,4,8,0,3.368547018415261,0.6314529815847392,99.60007494699312,14.57014
256876627118,Jeff Lebby,Mississippi State,2026,1,,5,4,1,0,2.539531974508218,1.4604680254917821,149.2021311372348,11.751649
46549327438,Jeff Monken,Army,2014,1,,10,3,7,0,3.602547306606072,-0.602547306606072,-37.86287928433603,9.79691
46549327438,Jeff Monken,Army,2015,1,,10,1,9,0,2.9719293200349877,-1.9719293200349877,-105.84680257416721,3.13768
46549327438,Jeff Monken,Army,2016,1,,11,6,5,0,5.208895405606119,0.7911045943938806,206.7628817755642,19.947394
46549327438,Jeff Monken,Army,2017,1,,12,9,3,0,7.408122904443392,1.5918770955566082,147.8127472649412,24.274986
46549327438,Jeff Monken,Army,2018,1,,11,9,2,0,7.470914320295795,1.5290856797042052,77.32921914927692,20.539462
46549327438,Jeff Monken,Army,2019,1,,11,3,8,0,6.296182038624378,-3.2961820386243783,-278.0699776575361,7.574382
46549327438,Jeff Monken,Army,2020,1,,9,6,3,0,4.425206678648808,1.5747933213511924,135.30918699383415,17.105468
46549327438,Jeff Monken,Army,2021,1,,12,8,4,0,7.534034624957977,0.46596537504202296,-6.181297768506283,21.634409
46549327438,Jeff Monken,Army,2022,1,,10,4,6,0,4.347476662225547,-0.34747666222554674,-101.1201852633908,11.999973
46549327438,Jeff Monken,Army,2023,1,,10,4,6,0,3.8588303565723243,0.14116964342767568,-22.312763427930122,13.992366
46549327438,Jeff Monken,Army,2024,1,,13,11,2,0,8.516943957093812,2.4830560429061883,136.91730700708945,28.531538
46549327438,Jeff Monken,Army,2025,1,,12,7,5,0,6.109106367269853,0.8908936327301467,-42.32577669285297,21.883056
46549327438,Jeff Monken,Army,2026,1,,3,1,2,0,1.5953856839978593,-0.5953856839978593,-31.742875885682224,2.628399
330753814057,Jeff Quinn,Buffalo,2010,1,,11,1,10,0,4.446646833426072,-3.4466468334260716,-255.87179800843114,3.294461
330753814057,Jeff Quinn,Buffalo,2011,1,,11,2,9,0,2.671243280793815,-0.6712432807938149,1.8127477384825852,6.123081
330753814057,Jeff Quinn,Buffalo,2012,1,,11,3,8,0,2.6700866490616173,0.3299133509383827,66.15373100094644,6.670465
330753814057,Jeff Quinn,Buffalo,2013,1,,12,7,5,0,6.324829554911622,0.6751704450883782,106.60268453587696,18.704441
330753814057,Jeff Quinn,Buffalo,2014,0,"two head coaches this season, and the feed does not say which games",,,,,,,,
517937835466,Jeff Scott,South Florida,2020,1,,8,0,8,0,1.7060991166372688,-1.7060991166372688,-116.8633661171632,0.0
517937835466,Jeff Scott,South Florida,2021,1,,11,1,10,0,2.0577942107864176,-1.0577942107864176,-37.64109785622895,2.948858
517937835466,Jeff Scott,South Florida,2022,0,"two head coaches this season, and the feed does not say which games",,,,,,,,
893827426965,Jeff Tedford,California,2002,1,,12,7,5,0,5.566815912999329,1.4331840870006713,244.55882398752237,22.109305
893827426965,Jeff Tedford,California,2003,1,,14,8,6,0,7.116518650534637,0.883481349465363,128.48796657307253,24.835813
893827426965,Jeff Tedford,California,2004,1,,12,10,2,0,8.624366085202054,1.3756339147979464,176.91670600714178,24.974506
893827426965,Jeff Tedford,California,2005,1,,11,7,4,0,7.612255670368007,-0.6122556703680067,-32.00526768725831,17.5777
893827426965,Jeff Tedford,California,2006,1,,12,9,3,0,7.533196678554784,1.4668033214452159,91.46298526376086,24.103126
893827426965,Jeff Tedford,California,2007,1,,13,7,6,0,8.429830122993586,-1.429830122993586,-93.59551855994278,17.554645
893827426965,Jeff Tedford,California,2008,1,,13,9,4,0,7.597839872293188,1.4021601277068116,24.774708288112606,23.42269
893827426965,Jeff Tedford,California,2009,1,,12,7,5,0,6.407914348520257,0.592085651479743,-71.53396882232232,19.156634
893827426965,Jeff Tedford,California,2010,1,,11,4,7,0,4.857554185930253,-0.8575541859302529,-66.39479753526189,10.842611
893827426965,Jeff Tedford,California,2011,1,,12,6,6,0,5.555543788118552,0.4444562118814481,159.6837966245912,16.555466
893827426965,Jeff Tedford,California,2012,1,,11,2,9,0,4.51938015090239,-2.51938015090239,-138.15589633336003,5.578257
893827426965,Jeff Tedford,Fresno State,2017,1,,13,9,4,0,5.133259488406966,3.866740511593034,435.29534280002827,28.29389
893827426965,Jeff Tedford,Fresno State,2018,1,,13,11,2,0,9.25112727031964,1.7488727296803592,166.56931731048894,27.801891
893827426965,Jeff Tedford,Fresno State,2019,1,,11,3,8,0,7.144784066514916,-4.144784066514916,-349.27090861329316,8.872914
893827426965,Jeff Tedford,Fresno State,2022,1,,13,9,4,0,8.339354422192551,0.6606455778074487,68.82554011941897,23.758754
893827426965,Jeff Tedford,Fresno State,2023,1,,12,8,4,0,8.557015053042717,-0.5570150530427167,-188.25605304341252,20.68104
382519068969,Jeff Tisdel,Nevada,1996,1,,11,8,3,0,7.380719728687683,0.6192802713123173,79.31279303537235,17.751336
382519068969,Jeff Tisdel,Nevada,1997,1,,11,5,6,0,6.583995225185283,-1.5839952251852827,-156.54343890818927,12.175
382519068969,Jeff Tisdel,Nevada,1998,1,,10,5,5,0,5.193073438140237,-0.19307343814023703,-11.695341653704872,14.644574
382519068969,Jeff Tisdel,Nevada,1999,1,,11,3,8,0,5.4326640089829805,-2.4326640089829805,-275.70826669693247,8.330089
514135851127,Jeff Traylor,UTSA,2020,1,,11,6,5,0,4.1195259761735095,1.8804740238264905,149.9794840869156,17.780022
514135851127,Jeff Traylor,UTSA,2021,1,,13,11,2,0,8.455875317501333,2.5441246824986674,61.847883142628916,29.718742
514135851127,Jeff Traylor,UTSA,2022,1,,13,10,3,0,9.17045262583925,0.8295473741607502,180.08189983789202,25.621697
514135851127,Jeff Traylor,UTSA,2023,1,,13,9,4,0,9.27793681638643,-0.27793681638643086,5.769899305881836,21.450734
514135851127,Jeff Traylor,UTSA,2024,1,,12,6,6,0,7.323823500543988,-1.3238235005439876,-104.77265919937372,13.358269
514135851127,Jeff Traylor,UTSA,2025,1,,12,6,6,0,6.697896468391453,-0.6978964683914528,29.55106977889227,16.747589
514135851127,Jeff Traylor,UTSA,2026,1,,4,3,1,0,2.1525140241629614,0.8474859758370386,25.155353427400996,7.825701
497451609881,Jeff Woodruff,Eastern Michigan,2000,1,,11,3,8,0,3.356694758215135,-0.3566947582151352,-73.54724022093069,6.487441
497451609881,Jeff Woodruff,Eastern Michigan,2001,1,,9,1,8,0,2.6479481147025945,-1.6479481147025945,-190.0541676571106,2.736173
497451609881,Jeff Woodruff,Eastern Michigan,2002,1,,10,1,9,0,1.9260413007875807,-0.9260413007875807,-124.13774352290216,3.100312
497451609881,Jeff Woodruff,Eastern Michigan,2003,1,,10,2,8,0,1.5775383158957206,0.4224616841042794,59.456082895447025,7.129413
723159469231,Jeremiah Johnson,Coastal Carolina,2025,0,"two head coaches this season, and the feed does not say which games",,,,,,,,
216361585619,Jeremy Pruitt,Tennessee,2018,1,,11,4,7,0,3.443566655595933,0.5564333444040672,-29.989659242675998,11.983115
216361585619,Jeremy Pruitt,Tennessee,2019,1,,12,7,5,0,4.270043124540733,2.7299568754592674,211.75247789089644,22.606809
216361585619,Jeremy Pruitt,Tennessee,2020,1,,10,3,7,0,4.028397891224155,-1.028397891224155,-90.0175595757039,7.921427
1039567179453,Jerry Baldwin,Louisiana,1999,1,,10,1,9,0,2.1150610252437,-1.1150610252436999,-108.3368618670554,0.0
1039567179453,Jerry Baldwin,Louisiana,2000,1,,8,1,7,0,1.6195259017252204,-0.6195259017252204,-90.31240569072588,3.510398
1039567179453,Jerry Baldwin,Louisiana,2001,1,,10,2,8,0,2.331257018041708,-0.33125701804170804,-11.808816743370699,6.177217
295159877397,Jerry Berndt,Rice,1986,1,,9,3,6,0,1.7384389733523884,1.2615610266476116,57.4227299229085,10.261965
295159877397,Jerry Berndt,Rice,1987,1,,9,0,9,0,1.6340844067243063,-1.6340844067243063,-176.06330781844122,0.0
295159877397,Jerry Berndt,Rice,1988,1,,10,0,10,0,1.1282490516997155,-1.1282490516997155,-97.33933499165141,0.0
295159877397,Jerry Berndt,Temple,1989,1,,11,1,10,0,2.5373841350880544,-1.5373841350880544,-182.9167892082794,3.21939
295159877397,Jerry Berndt,Temple,1990,1,,10,6,4,0,2.9989608822714553,3.0010391177285447,243.65795675270283,18.888
295159877397,Jerry Berndt,Temple,1991,1,,10,1,9,0,3.574350779492721,-2.574350779492721,-268.6031562230762,2.445762
295159877397,Jerry Berndt,Temple,1992,1,,10,0,10,0,1.4407050073017662,-1.4407050073017662,-148.75244587851012,0.0
1043019226841,Jerry Claiborne,Maryland,1980,1,,11,7,4,0,5.721906220371279,1.2780937796287208,55.50619648740758,0.0
1043019226841,Jerry Claiborne,Maryland,1981,1,,11,4,6,1,5.761132784971919,-1.2611327849719194,-46.46254500076952,
1043019226841,Jerry Claiborne,Kentucky,1982,1,,11,0,10,1,2.2174975472507015,-1.7174975472507015,-210.6219146773151,
1043019226841,Jerry Claiborne,Kentucky,1983,1,,11,6,5,0,4.126451025098493,1.8735489749015066,214.70231530207525,0.0
1043019226841,Jerry Claiborne,Kentucky,1984,1,,11,8,3,0,5.692885640064743,2.307114359935257,136.7944665376226,0.0
1043019226841,Jerry Claiborne,Kentucky,1985,1,,10,4,6,0,5.374680192284678,-1.3746801922846776,-117.66493127168474,10.089288
1043019226841,Jerry Claiborne,Kentucky,1986,1,,11,5,5,1,5.355656946690202,0.14434305330979758,27.91819482134565,14.734515
1043019226841,Jerry Claiborne,Kentucky,1987,1,,11,5,6,0,6.2927047333458015,-1.2927047333458015,-41.6512132741841,12.051173
1043019226841,Jerry Claiborne,Kentucky,1988,1,,10,4,6,0,4.013681270904282,-0.013681270904282172,20.416771148156613,11.544053
1043019226841,Jerry Claiborne,Kentucky,1989,1,,11,6,5,0,5.410593699339495,0.5894063006605048,7.3044788963682095,16.097952
813907529915,Jerry Kill,Northern Illinois,2008,1,,12,5,7,0,4.751776608450416,0.24822339154958417,-14.025431874063315,15.578376
813907529915,Jerry Kill,Northern Illinois,2009,1,,12,6,6,0,6.457152074306397,-0.45715207430639726,22.17613909256511,16.230738
813907529915,Jerry Kill,Northern Illinois,2010,1,,13,10,3,0,8.067669357559867,1.9323306424401334,245.3108885894726,26.838599
813907529915,Jerry Kill,Minnesota,2011,1,,11,3,8,0,3.641924693623229,-0.641924693623229,-32.779567407156264,10.086292
813907529915,Jerry Kill,Minnesota,2012,1,,12,5,7,0,5.251699628008376,-0.2516996280083763,-52.352840979682696,13.709863
813907529915,Jerry Kill,Minnesota,2013,1,,12,7,5,0,4.992832869387543,2.0071671306124568,33.78900038388656,21.341327
813907529915,Jerry Kill,Minnesota,2014,1,,12,7,5,0,5.697577866009506,1.3024221339904942,168.36135249058225,20.509416
813907529915,Jerry Kill,Minnesota,2015,0,"two head coaches this season, and the feed does not say which games",,,,,,,,
813907529915,Jerry Kill,TCU,2021,0,"two head coaches this season, and the feed does not say which games",,,,,,,,
813907529915,Jerry Kill,New Mexico State,2022,1,,11,5,6,0,3.4652867987808667,1.5347132012191333,73.53558495625316,16.178949
813907529915,Jerry Kill,New Mexico State,2023,1,,14,9,5,0,7.5337038499299,1.4662961500701002,119.06171174266728,20.874515
594427242455,Jerry Mack,Kennesaw State,2025,1,,13,9,4,0,5.6213047812785595,3.3786952187214405,175.027956704791,24.309824
594427242455,Jerry Mack,Kennesaw State,2026,1,,3,0,3,0,1.1932642460127059,-1.1932642460127059,-116.5458534575489,0.0
921879073371,Jerry Moore,North Texas,1980,1,,10,5,5,0,4.747424502713465,0.25257549728653483,28.633845309477238,
921879073371,Jerry Moore,Texas Tech,1981,1,,11,1,9,1,3.2786141642123026,-1.7786141642123026,-161.36023847462434,
921879073371,Jerry Moore,Texas Tech,1982,1,,11,4,7,0,3.082799460090646,0.9172005399093539,15.733441957726654,
921879073371,Jerry Moore,Texas Tech,1983,1,,11,3,7,1,4.297860937679009,-0.7978609376790091,-57.93167526794127,
921879073371,Jerry Moore,Texas Tech,1984,1,,10,3,7,0,3.1033562526373273,-0.10335625263732728,8.486477953147187,
921879073371,Jerry Moore,Texas Tech,1985,1,,10,3,7,0,3.8559111651424436,-0.8559111651424436,-11.798905095955888,8.819833
637848374218,Jerry Pettibone,Northern Illinois,1985,1,,11,4,7,0,3.966088199868394,0.03391180013160611,-38.68868963357022,11.784926
637848374218,Jerry Pettibone,Northern Illinois,1986,1,,10,2,8,0,3.0137079723852995,-1.0137079723852995,-82.5695325870222,6.787708
637848374218,Jerry Pettibone,Northern Illinois,1987,1,,7,3,3,1,3.7102731289532573,-0.21027312895325734,22.59186686617113,10.125558
637848374218,Jerry Pettibone,Northern Illinois,1988,1,,7,3,4,0,2.7701195366331386,0.2298804633668614,-24.015812544902474,9.253733
637848374218,Jerry Pettibone,Northern Illinois,1989,1,,8,6,2,0,4.477390367563175,1.5226096324368248,113.08547454723225,16.369974
637848374218,Jerry Pettibone,Northern Illinois,1990,1,,9,4,5,0,5.000839009801409,-1.0008390098014086,-26.819048850740955,8.535608
637848374218,Jerry Pettibone,Oregon State,1991,1,,11,1,10,0,1.6791213345714715,-0.6791213345714715,-58.424622551765424,3.741499
637848374218,Jerry Pettibone,Oregon State,1992,1,,11,1,9,1,1.9396429562043678,-0.4396429562043678,-69.5667408328959,5.038057
637848374218,Jerry Pettibone,Oregon State,1993,1,,10,3,7,0,1.7779459011592573,1.2220540988407427,127.97695444759529,10.661937
637848374218,Jerry Pettibone,Oregon State,1994,1,,10,3,7,0,2.8417522703553963,0.15824772964460365,77.93728599266205,10.07483
637848374218,Jerry Pettibone,Oregon State,1995,1,,9,0,9,0,2.6716906620169434,-2.6716906620169434,-187.31320559701226,0.0
637848374218,Jerry Pettibone,Oregon State,1996,1,,10,2,8,0,2.321245502161082,-0.32124550216108183,-30.70745306633512,5.733085
282773487685,Jerry Stovall,LSU,1980,1,,11,7,4,0,5.782250194074315,1.2177498059256848,113.94278385234838,
282773487685,Jerry Stovall,LSU,1981,1,,11,3,7,1,5.4561841514077205,-1.9561841514077205,-219.1411217783209,
282773487685,Jerry Stovall,LSU,1982,1,,12,8,3,1,6.964137724506207,1.535862275493793,295.2296907052546,0.0
282773487685,Jerry Stovall,LSU,1983,1,,11,4,7,0,6.438693889185384,-2.4386938891853838,-201.5498587695381,
530062909886,Jess Simpson,Miami (FL),2021,0,"two head coaches this season, and the feed does not say which games",,,,,,,,
1005925938016,Jesse Bobbit,Washington State,2025,0,"two head coaches this season, and the feed does not say which games",,,,,,,,
800783728482,Jim Caldwell,Wake Forest,1993,1,,10,1,9,0,3.8242990529553436,-2.8242990529553436,-276.55652608657647,3.591896
800783728482,Jim Caldwell,Wake Forest,1994,1,,10,2,8,0,2.3902644418581573,-0.39026444185815734,-85.33584927524475,6.143543
800783728482,Jim Caldwell,Wake Forest,1995,1,,10,1,9,0,2.7636390311409262,-1.7636390311409262,-157.8867697238852,3.390402
800783728482,Jim Caldwell,Wake Forest,1996,1,,10,2,8,0,1.714858985085253,0.2851410149147471,-82.99148023679095,6.707425
800783728482,Jim Caldwell,Wake Forest,1997,1,,11,5,6,0,3.3114748772614004,1.6885251227385996,169.9383832258336,15.736142
800783728482,Jim Caldwell,Wake Forest,1998,1,,10,3,7,0,3.3917817259026166,-0.3917817259026166,-9.87457854690797,9.222291
800783728482,Jim Caldwell,Wake Forest,1999,1,,12,7,5,0,5.777089677633549,1.2229103223664506,167.56315174928932,21.068818
800783728482,Jim Caldwell,Wake Forest,2000,1,,10,2,8,0,3.961578502303704,-1.9615785023037038,-248.16978130699817,5.40347
498538777397,Jim Carlen,South Carolina,1980,1,,9,5,4,0,4.809049151265979,0.1909508487340208,-19.750651675166864,0.0
498538777397,Jim Carlen,South Carolina,1981,1,,11,6,5,0,5.443651049394365,0.5563489506056349,88.26176197426093,
245904683237,Jim Carmody,Southern Miss,1982,1,,9,6,3,0,5.628989286946364,0.37101071305363575,73.9865161286973,
245904683237,Jim Carmody,Southern Miss,1983,1,,9,5,4,0,6.324661880185835,-1.3246618801858352,-109.25932877380728,
245904683237,Jim Carmody,Southern Miss,1984,1,,9,3,6,0,3.7719047015119265,-0.7719047015119265,-128.32849193964648,
245904683237,Jim Carmody,Southern Miss,1985,1,,9,5,4,0,4.647803566122132,0.35219643387786803,45.8971501284293,13.17257
245904683237,Jim Carmody,Southern Miss,1986,1,,10,5,5,0,4.812989648701301,0.18701035129869936,-37.51079979763358,13.369647
245904683237,Jim Carmody,Southern Miss,1987,1,,9,5,4,0,4.4272261728121585,0.5727738271878415,13.051418178025187,13.664196
653636232109,Jim Chaney,Tennessee,2012,0,"two head coaches this season, and the feed does not say which games",,,,,,,,
86702427585,Jim Colletto,Purdue,1991,1,,11,4,7,0,3.4445122971114754,0.5554877028885246,72.88753687640406,11.543546
86702427585,Jim Colletto,Purdue,1992,1,,11,4,7,0,4.198654773950889,-0.1986547739508886,35.16292543623854,13.204208
86702427585,Jim Colletto,Purdue,1993,1,,11,1,10,0,3.110324180179498,-2.110324180179498,-181.3106467905891,2.86915
86702427585,Jim Colletto,Purdue,1994,1,,11,4,5,2,4.330556235115395,0.6694437648846048,93.9817373690712,14.226455
86702427585,Jim Colletto,Purdue,1995,1,,11,4,6,1,3.5186097889436825,0.9813902110563175,124.83645686627597,14.026538
86702427585,Jim Colletto,Purdue,1996,1,,11,3,8,0,3.6609099057576375,-0.6609099057576375,-118.2722382722468,9.376343
79313435040,Jim Corrigall,Kent State,1994,1,,10,2,8,0,2.462789802040309,-0.4627898020403092,-43.97664700371274,6.105398
79313435040,Jim Corrigall,Kent State,1995,1,,10,0,9,1,2.1985292468747564,-1.6985292468747564,-180.04550131497467,0.739439
79313435040,Jim Corrigall,Kent State,1996,1,,10,1,9,0,1.7144427889516567,-0.7144427889516567,-65.63411829288043,3.240855
79313435040,Jim Corrigall,Kent State,1997,1,,10,3,7,0,2.23483108409106,0.7651689159089399,54.23019757978,9.743599
776697583868,Jim Criner,Iowa State,1983,1,,11,4,7,0,4.123297365325683,-0.12329736532568258,-40.510796429831544,
776697583868,Jim Criner,Iowa State,1984,1,,9,0,7,2,2.0529867265183395,-1.0529867265183395,-111.37469751249205,
776697583868,Jim Criner,Iowa State,1985,1,,10,5,5,0,3.387518768213583,1.612481231786417,80.5712374782363,16.083013
776697583868,Jim Criner,Iowa State,1986,0,"two head coaches this season, and the feed does not say which games",,,,,,,,
498476397460,Jim Dickey,Kansas State,1980,1,,10,2,8,0,3.880694556783904,-1.880694556783904,-166.47251422951354,
498476397460,Jim Dickey,Kansas State,1981,1,,9,1,8,0,1.7826464523657615,-0.7826464523657615,-79.86279551426696,
498476397460,Jim Dickey,Kansas State,1982,1,,10,4,5,1,3.509998794301478,0.9900012056985221,104.67365512802007,0.0
498476397460,Jim Dickey,Kansas State,1983,1,,10,3,7,0,3.7076805942812907,-0.7076805942812907,-213.50094510718282,
498476397460,Jim Dickey,Kansas State,1984,1,,10,2,7,1,2.4206211640603716,0.07937883593962836,26.519910010334343,
498476397460,Jim Dickey,Kansas State,1985,0,"two head coaches this season, and the feed does not say which games",,,,,,,,
415133615431,Jim Donnan,Georgia,1996,1,,11,5,6,0,5.174792887571905,-0.17479288757190492,5.736713703605574,14.898236
415133615431,Jim Donnan,Georgia,1997,1,,12,10,2,0,7.573732185793723,2.426267814206277,273.94612734673433,27.099387
415133615431,Jim Donnan,Georgia,1998,1,,12,9,3,0,7.858629892521094,1.141370107478906,36.77341798402517,23.359459
415133615431,Jim Donnan,Georgia,1999,1,,12,8,4,0,7.4823452654363996,0.5176547345636004,-35.11223042765937,20.247028
415133615431,Jim Donnan,Georgia,2000,1,,11,7,4,0,6.877115745921019,0.12288425407898096,65.83381194287972,18.573567
554086546161,Jim Fassel,Utah,1985,1,,11,7,4,0,6.804163594263893,0.19583640573610683,-1.1725715373161165,17.636496
554086546161,Jim Fassel,Utah,1986,1,,11,2,9,0,4.203286374337337,-2.2032863743373374,-209.90709041501623,6.448716
554086546161,Jim Fassel,Utah,1987,1,,10,3,7,0,3.613156608272046,-0.6131566082720461,-113.72780889647902,9.16224
554086546161,Jim Fassel,Utah,1988,1,,10,5,5,0,3.4572994885466732,1.5427005114533268,220.80685749731924,15.263403
554086546161,Jim Fassel,Utah,1989,1,,12,4,8,0,5.177147321953283,-1.1771473219532833,-236.29729023397658,11.564523
738232023031,Jim Grobe,Ohio,1995,1,,10,1,8,1,1.6224785293688924,-0.12247852936889236,-25.976397807628473,4.67348
738232023031,Jim Grobe,Ohio,1996,1,,12,6,6,0,4.694656074388869,1.3053439256111314,228.38157969327312,17.985493
738232023031,Jim Grobe,Ohio,1997,1,,10,7,3,0,6.247259540936054,0.7527404590639462,64.84754003586431,17.910754
738232023031,Jim Grobe,Ohio,1998,1,,11,5,6,0,5.299510574350977,-0.29951057435097717,-61.83869838820624,13.563184
738232023031,Jim Grobe,Ohio,1999,1,,10,5,5,0,5.015487225785471,-0.01548722578547057,39.171160202993406,10.559096
738232023031,Jim Grobe,Ohio,2000,1,,10,6,4,0,5.9144467822740925,0.08555321772590752,51.19990773119048,16.668544
738232023031,Jim Grobe,Wake Forest,2001,1,,10,5,5,0,2.987517586698069,2.012482413301931,84.7110708492371,16.319743
738232023031,Jim Grobe,Wake Forest,2002,1,,13,7,6,0,5.868026625150588,1.1319733748494123,83.06312888383104,21.823706
738232023031,Jim Grobe,Wake Forest,2003,1,,12,5,7,0,5.713560539515476,-0.713560539515476,-89.43889806602442,14.825623
738232023031,Jim Grobe,Wake Forest,2004,1,,10,3,7,0,3.902943883655632,-0.9029438836556318,9.302757206894512,10.352244
738232023031,Jim Grobe,Wake Forest,2005,1,,11,4,7,0,4.2024204757032955,-0.20242047570329547,14.579555121991689,11.612812
738232023031,Jim Grobe,Wake Forest,2006,1,,13,10,3,0,6.356910621268886,3.643089378731114,169.30907305006076,29.726911
738232023031,Jim Grobe,Wake Forest,2007,1,,13,9,4,0,8.14107075493284,0.8589292450671593,37.77448276923178,23.059045
738232023031,Jim Grobe,Wake Forest,2008,1,,13,8,5,0,8.239471511522176,-0.23947151152217572,-107.32385290391198,21.406098
738232023031,Jim Grobe,Wake Forest,2009,1,,11,4,7,0,4.672350786954707,-0.6723507869547074,-57.569149196515355,13.642532
738232023031,Jim Grobe,Wake Forest,2010,1,,11,2,9,0,3.5929308917199063,-1.5929308917199063,-152.6823086379709,5.753373
738232023031,Jim Grobe,Wake Forest,2011,1,,12,5,7,0,3.847179320155204,1.1528206798447962,14.728194905872215,16.852293
738232023031,Jim Grobe,Wake Forest,2012,1,,11,4,7,0,4.153722819697743,-0.1537228196977427,-37.626662655875634,11.949881
738232023031,Jim Grobe,Wake Forest,2013,1,,11,3,8,0,3.56662152573187,-0.5666215257318701,9.215290414959782,9.591484
738232023031,Jim Grobe,Baylor,2016,1,,12,6,6,0,7.69419331277232,-1.6941933127723203,-112.8220357712471,14.521893
9695118910,Jim Harbaugh,Stanford,2007,1,,12,4,8,0,3.5738374883312853,0.42616251166871466,35.59795090220223,13.941058
9695118910,Jim Harbaugh,Stanford,2008,1,,12,5,7,0,4.262383797381718,0.7376162026182822,87.99464244773367,15.282957
9695118910,Jim Harbaugh,Stanford,2009,1,,13,8,5,0,6.5277923067636,1.4722076932363999,92.9162809828922,23.831563
9695118910,Jim Harbaugh,Stanford,2010,1,,12,11,1,0,7.784250287737791,3.215749712262209,263.5453723428484,29.620483
9695118910,Jim Harbaugh,Michigan,2015,1,,13,10,3,0,8.175949716474143,1.8240502835258567,272.8193775714037,26.001966
9695118910,Jim Harbaugh,Michigan,2016,1,,13,10,3,0,10.017300329364483,-0.01730032936448289,60.63491206069625,24.051151
9695118910,Jim Harbaugh,Michigan,2017,1,,13,8,5,0,8.924396428134889,-0.9243964281348891,-29.24471650923556,19.09693
9695118910,Jim Harbaugh,Michigan,2018,1,,13,10,3,0,9.127993270250359,0.872006729749641,138.21811967133544,24.724565
9695118910,Jim Harbaugh,Michigan,2019,1,,13,9,4,0,8.285314992744654,0.7146850072553459,54.15085072505144,22.178316
9695118910,Jim Harbaugh,Michigan,2020,1,,6,2,4,0,3.8573805671578594,-1.8573805671578594,-149.62725075775825,5.322387
9695118910,Jim Harbaugh,Michigan,2021,1,,14,12,2,0,8.903496297656268,3.096503702343732,269.59375670257964,32.023586
9695118910,Jim Harbaugh,Michigan,2022,1,,14,13,1,0,11.339228329739319,1.6607716702606812,56.23422436744204,30.345447
9695118910,Jim Harbaugh,Michigan,2023,1,,15,15,0,0,11.75618936691879,3.2438106330812104,210.8780095003965,36.235874
1080933994792,Jim Harkema,Eastern Michigan,1983,1,,9,0,9,0,1.5923138588744825,-1.5923138588744825,-164.52878312847952,
1080933994792,Jim Harkema,Eastern Michigan,1984,1,,9,2,5,2,1.5815221056216493,1.4184778943783507,76.01229245783702,
1080933994792,Jim Harkema,Eastern Michigan,1985,1,,9,3,6,0,3.1071895089642094,-0.10718950896420942,-21.99424532489661,9.395456
1080933994792,Jim Harkema,Eastern Michigan,1986,1,,9,4,5,0,3.794730303064274,0.20526969693572594,47.99396470886609,12.482846
1080933994792,Jim Harkema,Eastern Michigan,1987,1,,11,9,2,0,6.44297936130885,2.5570206386911503,239.23895530157756,25.815858
1080933994792,Jim Harkema,Eastern Michigan,1988,1,,9,5,3,1,5.826124857405939,-0.3261248574059392,-96.79241365258736,14.228461
1080933994792,Jim Harkema,Eastern Michigan,1989,1,,9,6,2,1,6.408769439921,0.09123056007900043,-4.197096485069096,15.617825
1080933994792,Jim Harkema,Eastern Michigan,1990,1,,10,2,8,0,4.818075702013072,-2.818075702013072,-271.4796022822436,5.130997
1080933994792,Jim Harkema,Eastern Michigan,1991,1,,11,3,7,1,3.290442467011964,0.20955753298803614,-12.680830718546304,11.209476
1080933994792,Jim Harkema,Eastern Michigan,1992,0,"two head coaches this season, and the feed does not say which games",,,,,,,,
784918435613,Jim Hess,New Mexico State,1990,1,,8,0,8,0,1.5389175280285168,-1.5389175280285168,-163.6940748802018,0.0
784918435613,Jim Hess,New Mexico State,1991,1,,8,0,8,0,1.1606421937163711,-1.1606421937163711,-90.31065807783409,0.0
784918435613,Jim Hess,New Mexico State,1992,1,,8,4,4,0,1.6549680880944542,2.345031911905546,220.03042325913043,13.970651
784918435613,Jim Hess,New Mexico State,1993,1,,10,4,6,0,4.394643494125025,-0.39464349412502475,-119.92742381581888,11.820942
784918435613,Jim Hess,New Mexico State,1994,1,,10,3,7,0,3.4258482488597197,-0.4258482488597197,-117.79591309677971,8.908069
784918435613,Jim Hess,New Mexico State,1995,1,,10,3,7,0,3.4892171791812787,-0.4892171791812787,43.618911864532265,9.123563
784918435613,Jim Hess,New Mexico State,1996,1,,9,0,9,0,2.4447863375188064,-2.4447863375188064,-231.24915245328998,0.0
157709302984,Jim Hilles,Wisconsin,1986,1,,12,3,9,0,4.494002784535163,-1.494002784535163,-132.6021631912256,8.226931
269036019348,Jim Hofher,Buffalo,2001,1,,11,3,8,0,3.3435946104788807,-0.34359461047888074,19.528434989754487,10.289027
269036019348,Jim Hofher,Buffalo,2002,1,,11,1,10,0,3.160468573537594,-2.160468573537594,-192.8108719884201,3.099202
269036019348,Jim Hofher,Buffalo,2003,1,,11,1,10,0,1.4218935350939308,-0.4218935350939308,-41.13471040564514,3.610175
269036019348,Jim Hofher,Buffalo,2004,1,,11,2,9,0,2.5772549640712237,-0.5772549640712237,-8.230464915900711,6.368046
269036019348,Jim Hofher,Buffalo,2005,1,,11,1,10,0,2.680612597042588,-1.6806125970425878,-57.79595697645868,3.417502
225193889645,Jim Lambright,Washington,1993,1,,11,7,4,0,7.272498987576728,-0.27249898757672764,-44.602400401382965,17.274652
225193889645,Jim Lambright,Washington,1994,1,,11,7,4,0,7.234275040627487,-0.23427504062748739,-32.957936992625264,17.96807
225193889645,Jim Lambright,Washington,1995,1,,12,7,4,1,6.64043734064329,0.8595626593567101,100.50120295211468,20.045894
225193889645,Jim Lambright,Washington,1996,1,,12,9,3,0,7.767832453083714,1.232167546916286,141.68993030335287,22.967711
225193889645,Jim Lambright,Washington,1997,1,,12,8,4,0,8.104685346851038,-0.10468534685103847,72.62896926662643,20.943595
225193889645,Jim Lambright,Washington,1998,1,,12,6,6,0,6.7858162159978,-0.7858162159977997,-105.95395141705922,14.979125
575589155261,Jim Leavitt,South Florida,2000,1,,5,1,4,0,1.9446234377222378,-0.9446234377222378,-135.43779540814626,
575589155261,Jim Leavitt,South Florida,2001,1,,8,5,3,0,4.477983209435261,0.5220167905647388,84.32622705262156,13.799948
575589155261,Jim Leavitt,South Florida,2002,1,,9,7,2,0,5.043714202861966,1.956285797138034,180.46335586844884,19.294593
575589155261,Jim Leavitt,South Florida,2003,1,,9,5,4,0,5.476797855173749,-0.47679785517374906,-64.60159087705188,13.69273
575589155261,Jim Leavitt,South Florida,2004,1,,10,3,7,0,4.5651355262134325,-1.5651355262134325,-149.31997477200593,9.436182
575589155261,Jim Leavitt,South Florida,2005,1,,11,5,6,0,4.590191620728665,0.4098083792713352,75.26221309591392,14.88467
575589155261,Jim Leavitt,South Florida,2006,1,,12,8,4,0,6.340217848906476,1.6597821510935242,150.7339074624856,22.632999
575589155261,Jim Leavitt,South Florida,2007,1,,12,8,4,0,7.859897737244113,0.140102262755887,17.84063215411402,21.176478
575589155261,Jim Leavitt,South Florida,2008,1,,12,7,5,0,7.930658361760924,-0.9306583617609236,27.56326409976964,17.970573
575589155261,Jim Leavitt,South Florida,2009,1,,11,6,5,0,5.8198887292526065,0.18011127074739353,-89.85762064748587,16.310863
575589155261,Jim Leavitt,SMU,2021,0,"two head coaches this season, and the feed does not say which games",,,,,,,,
689879533526,Jim Leonhard,Wisconsin,2022,0,"two head coaches this season, and the feed does not say which games",,,,,,,,
60152904305,Jim McElwain,Colorado State,2012,1,,11,4,7,0,3.6854690109412953,0.3145309890587047,73.41906797033971,12.348387
60152904305,Jim McElwain,Colorado State,2013,1,,13,7,6,0,5.7992184448977095,1.2007815551022905,183.90069669514014,19.835739
60152904305,Jim McElwain,Colorado State,2014,1,,12,9,3,0,8.02456976222848,0.9754302377715192,-55.50031566696998,23.354984
60152904305,Jim McElwain,Florida,2015,1,,14,10,4,0,8.28143625901632,1.7185637409836794,85.18929577641279,26.462621
60152904305,Jim McElwain,Florida,2016,1,,13,9,4,0,7.678344194181026,1.321655805818974,114.18783802703797,23.283114
60152904305,Jim McElwain,Florida,2017,0,"two head coaches this season, and the feed does not say which games",,,,,,,,
60152904305,Jim McElwain,Central Michigan,2019,1,,13,7,6,0,5.971585380862075,1.0284146191379246,188.55796392800585,19.992465
60152904305,Jim McElwain,Central Michigan,2020,1,,6,3,3,0,3.3286464406154406,-0.32864644061544057,-53.79250747247738,8.491493
60152904305,Jim McElwain,Central Michigan,2021,1,,12,8,4,0,5.419197071984558,2.5808029280154416,151.51925155095273,24.181766
60152904305,Jim McElwain,Central Michigan,2022,1,,11,3,8,0,5.520571976301784,-2.5205719763017838,-218.76929102044164,8.878794
60152904305,Jim McElwain,Central Michigan,2023,1,,11,4,7,0,4.057603305855155,-0.05760330585515483,-50.888868683329065,11.956779
60152904305,Jim McElwain,Central Michigan,2024,1,,11,3,8,0,4.194656970433132,-1.1946569704331322,-34.57268568393647,8.830191
496388746743,Jim Mora,UCLA,2012,1,,14,9,5,0,7.359143049725643,1.6408569502743573,154.0538554689922,25.754675
496388746743,Jim Mora,UCLA,2013,1,,13,10,3,0,7.468358046189139,2.531641953810861,90.3849893875481,27.360613
496388746743,Jim Mora,UCLA,2014,1,,13,10,3,0,8.567300146092345,1.4326998539076552,99.10417091736258,26.651805
496388746743,Jim Mora,UCLA,2015,1,,13,8,5,0,8.52453264345637,-0.5245326434563697,-75.73936923598171,20.069693
496388746743,Jim Mora,UCLA,2016,1,,12,4,8,0,5.726831154617794,-1.726831154617794,-123.74891310340877,11.092878
496388746743,Jim Mora,UCLA,2017,0,"two head coaches this season, and the feed does not say which games",,,,,,,,
496388746743,Jim Mora,UConn,2022,1,,12,5,7,0,2.811907831039554,2.188092168960446,111.6618514082893,16.557941
496388746743,Jim Mora,UConn,2023,1,,11,2,9,0,2.9774338839753685,-0.9774338839753685,-80.73931596487205,6.699573
496388746743,Jim Mora,UConn,2024,1,,12,8,4,0,5.983115404732654,2.0168845952673458,175.80374337754324,22.643215
496388746743,Jim Mora,UConn,2025,0,"two head coaches this season, and the feed does not say which games",,,,,,,,
496388746743,Jim Mora,Colorado State,2026,1,,4,1,3,0,1.3397077696961874,-0.33970776969618743,-59.84181881263112,2.993848
416627873338,Jim Strong,UNLV,1990,1,,6,2,4,0,2.1987336735922733,-0.19873367359227334,-34.485740597722724,6.020516
416627873338,Jim Strong,UNLV,1991,1,,7,3,4,0,3.1666204233908486,-0.1666204233908486,-71.29021308243682,8.278694
416627873338,Jim Strong,UNLV,1992,1,,7,2,5,0,1.9724272913965182,0.02757270860348182,-83.16497706765108,6.920079
416627873338,Jim Strong,UNLV,1993,1,,10,3,7,0,2.8709310555256655,0.12906894447433448,18.514480388789025,10.663277
833368828656,Jim Sweeney,Fresno State,1980,1,,5,1,4,0,2.180230062765571,-1.1802300627655709,-174.7055835536703,
833368828656,Jim Sweeney,Fresno State,1981,1,,6,3,3,0,2.2268348073637547,0.7731651926362453,82.18194952887711,
833368828656,Jim Sweeney,Fresno State,1982,1,,5,5,0,0,3.046658899213134,1.953341100786866,149.47404204555824,0.0
833368828656,Jim Sweeney,Fresno State,1983,1,,4,0,4,0,2.262844069325852,-2.262844069325852,-226.3412260637574,
833368828656,Jim Sweeney,Fresno State,1984,1,,6,3,3,0,2.988368054111349,0.011631945888650908,28.440081394129038,
833368828656,Jim Sweeney,Fresno State,1985,1,,7,6,0,1,4.3773951112036915,2.1226048887963085,280.9193945564764,17.407164
833368828656,Jim Sweeney,Fresno State,1986,1,,6,4,2,0,4.93046654812018,-0.9304665481201804,-70.32531439502327,9.04688
833368828656,Jim Sweeney,Fresno State,1987,1,,6,2,4,0,3.4749068122360662,-1.4749068122360662,-117.02396939321898,4.872313
833368828656,Jim Sweeney,Fresno State,1988,1,,8,6,2,0,4.9737100845867745,1.0262899154132255,73.79345657948011,15.954221
833368828656,Jim Sweeney,Fresno State,1989,1,,8,7,1,0,6.280739584567672,0.7192604154323279,27.41889730177968,17.641965
833368828656,Jim Sweeney,Fresno State,1990,1,,8,5,2,1,5.930687456418516,-0.43068745641851613,-82.64833887591772,12.802333
833368828656,Jim Sweeney,Fresno State,1991,1,,9,7,2,0,6.831604079156235,0.1683959208437651,72.39653012256235,17.528399
833368828656,Jim Sweeney,Fresno State,1992,1,,12,8,4,0,7.149203442229063,0.8507965577709369,159.40331971145224,22.715993
833368828656,Jim Sweeney,Fresno State,1993,1,,12,8,4,0,8.698419694955987,-0.6984196949559873,-0.027338672386122198,19.581801
833368828656,Jim Sweeney,Fresno State,1994,1,,13,5,7,1,7.395606230071145,-1.8956062300711451,-220.43447466767316,14.449273
833368828656,Jim Sweeney,Fresno State,1995,1,,11,4,7,0,5.010423016450126,-1.010423016450126,-126.575198137695,10.856575
833368828656,Jim Sweeney,Fresno State,1996,1,,11,4,7,0,4.317985819866051,-0.3179858198660508,-14.403937000257883,7.612463
634553701257,Jim Tressel,Ohio State,2001,1,,12,7,5,0,6.949873741894191,0.050126258105809285,91.98746662913982,19.104443
634553701257,Jim Tressel,Ohio State,2002,1,,14,14,0,0,10.405175531058077,3.5948244689419226,264.7809715156002,35.351479
634553701257,Jim Tressel,Ohio State,2003,1,,13,11,2,0,9.907136768149256,1.0928632318507443,19.182490441776963,26.148417
634553701257,Jim Tressel,Ohio State,2004,1,,12,8,4,0,7.732297257586191,0.2677027424138094,-110.26324525073392,21.79692
634553701257,Jim Tressel,Ohio State,2005,1,,12,10,2,0,8.05755090951875,1.9424490904812508,244.60379092754056,24.701678
634553701257,Jim Tressel,Ohio State,2006,1,,13,12,1,0,10.183849384437483,1.816150615562517,10.296331371237784,28.331272
634553701257,Jim Tressel,Ohio State,2007,1,,12,10,2,0,9.280893845373702,0.7191061546262976,73.17279382212018,23.442092
634553701257,Jim Tressel,Ohio State,2008,1,,12,9,3,0,7.818989779639459,1.181010220360541,-49.54925756294597,21.955569
634553701257,Jim Tressel,Ohio State,2009,1,,13,11,2,0,8.695405631437042,2.3045943685629577,105.59837302766459,28.145985
634553701257,Jim Tressel,Ohio State,2010,1,,13,12,1,0,10.230508814289053,1.7694911857109474,92.67708394193778,27.809206
1052577874959,Jim Wacker,TCU,1983,1,,11,1,8,2,3.5284250829886,-1.5284250829886,-149.3152093910055,
1052577874959,Jim Wacker,TCU,1984,1,,11,7,4,0,5.181199517065451,1.8188004829345488,159.01072839089238,0.0
1052577874959,Jim Wacker,TCU,1985,1,,10,2,8,0,3.72246877880445,-1.72246877880445,-217.89879161115255,5.541609
1052577874959,Jim Wacker,TCU,1986,1,,10,3,7,0,3.210702425849598,-0.2107024258495982,6.07452985652003,9.264003
1052577874959,Jim Wacker,TCU,1987,1,,10,4,6,0,3.664842268048413,0.33515773195158705,163.9435336155766,12.441802
1052577874959,Jim Wacker,TCU,1988,1,,11,4,7,0,5.1313742177477,-1.1313742177477,-132.88836678041253,10.584372
1052577874959,Jim Wacker,TCU,1989,1,,11,4,7,0,3.7153426553663054,0.28465734463369463,-2.144730659635343,12.469901
1052577874959,Jim Wacker,TCU,1990,1,,11,5,6,0,4.919364810985086,0.08063518901491395,10.551728138573935,14.797943
1052577874959,Jim Wacker,TCU,1991,1,,11,7,4,0,5.98329362104562,1.01670637895438,92.90258655377329,19.54085
1052577874959,Jim Wacker,Minnesota,1992,1,,11,2,9,0,2.4328229907237744,-0.4328229907237744,-25.596139420115378,7.168364
1052577874959,Jim Wacker,Minnesota,1993,1,,10,3,7,0,2.721072753413346,0.27892724658665413,-21.263793269594544,10.023116
1052577874959,Jim Wacker,Minnesota,1994,1,,10,2,8,0,2.6068018275119824,-0.6068018275119824,-45.88197054488887,6.998235
1052577874959,Jim Wacker,Minnesota,1995,1,,11,3,8,0,3.286951995485976,-0.28695199548597605,-36.308422994700095,8.177814
1052577874959,Jim Wacker,Minnesota,1996,1,,11,4,7,0,3.469796786479525,0.5302032135204748,7.8728724649088235,12.071951
131585453632,Jim Walden,Washington State,1980,1,,10,4,6,0,4.6348457006052755,-0.6348457006052755,-2.970491326638694,
131585453632,Jim Walden,Washington State,1981,1,,10,6,3,1,5.344169216936975,1.155830783063025,86.87909480426038,0.0
131585453632,Jim Walden,Washington State,1982,1,,10,2,7,1,3.965949524181163,-1.465949524181163,-174.67904664460207,
131585453632,Jim Walden,Washington State,1983,1,,10,6,4,0,3.851024243576825,2.148975756423175,242.35754930298685,
131585453632,Jim Walden,Washington State,1984,1,,11,6,5,0,6.519216763002147,-0.5192167630021469,-32.67981059306521,
131585453632,Jim Walden,Washington State,1985,1,,10,3,7,0,4.2414279907003785,-1.2414279907003785,-117.99972611045177,8.8164
131585453632,Jim Walden,Washington State,1986,1,,11,3,7,1,4.456784482322441,-0.9567844823224414,-97.1494667532495,10.479219
131585453632,Jim Walden,Iowa State,1987,1,,10,2,8,0,3.1314448602858014,-1.1314448602858014,-158.32794645167814,5.521017
131585453632,Jim Walden,Iowa State,1988,1,,10,4,6,0,3.416981752989763,0.5830182470102372,75.99643035423105,11.314864
131585453632,Jim Walden,Iowa State,1989,1,,11,6,5,0,4.820636921975721,1.179363078024279,77.09544178610122,17.486642
131585453632,Jim Walden,Iowa State,1990,1,,10,3,6,1,4.498734497886314,-0.9987344978863142,-142.70139397530875,10.147508
131585453632,Jim Walden,Iowa State,1991,1,,10,2,7,1,2.7064230196497747,-0.20642301964977472,-118.73150672823886,8.12499
131585453632,Jim Walden,Iowa State,1992,1,,10,4,6,0,3.398663297562371,0.6013367024376288,119.62813194584874,11.923499
131585453632,Jim Walden,Iowa State,1993,1,,11,3,8,0,3.6306912235303255,-0.6306912235303255,-70.10641721097068,8.989331
131585453632,Jim Walden,Iowa State,1994,1,,10,0,9,1,2.4465552461300923,-1.9465552461300923,-194.6016239003211,0.995923
452127045658,Jim Young,Purdue,1980,1,,12,9,3,0,7.0567089061202815,1.9432910938797185,166.72544355542368,0.0
452127045658,Jim Young,Purdue,1981,1,,11,5,6,0,6.934730707059823,-1.9347307070598232,-188.73108410218833,
452127045658,Jim Young,Army,1983,1,,7,1,6,0,1.4310753099844828,-0.43107530998448285,-72.2285360345943,
452127045658,Jim Young,Army,1984,1,,8,4,3,1,1.9627653014327153,2.5372346985672847,220.8512616448968,0.0
452127045658,Jim Young,Army,1985,1,,8,5,3,0,4.168246276170989,0.8317537238290109,60.96866805834475,14.59211
452127045658,Jim Young,Army,1986,1,,8,4,4,0,3.8676692355282474,0.13233076447175263,-51.47985675978498,12.949126
452127045658,Jim Young,Army,1987,1,,7,3,4,0,3.591960488266582,-0.5919604882665821,-32.23196657864173,8.045893
452127045658,Jim Young,Army,1988,1,,8,5,3,0,4.338324992736434,0.6616750072635664,58.95201062600654,13.690486
452127045658,Jim Young,Army,1989,1,,7,2,5,0,3.8582133721839518,-1.8582133721839518,-145.7687821291688,5.3416
452127045658,Jim Young,Army,1990,1,,8,3,5,0,3.0785178381575373,-0.07851783815753732,-50.03214522732469,9.082361
365175933618,Jimbo Fisher,Florida State,2010,1,,13,9,4,0,7.915726825633136,1.0842731743668637,41.46604614713988,24.290032
365175933618,Jimbo Fisher,Florida State,2011,1,,12,8,4,0,8.386580009930896,-0.3865800099308956,78.7931719870528,19.613715
365175933618,Jimbo Fisher,Florida State,2012,1,,12,10,2,0,9.198437903649326,0.8015620963506738,92.94904659119197,23.739252
365175933618,Jimbo Fisher,Florida State,2013,1,,13,13,0,0,10.698095582505761,2.3019044174942387,213.37932024275506,30.223677
365175933618,Jimbo Fisher,Florida State,2014,1,,13,12,1,0,10.294697492967845,1.7053025070321546,36.176181607728495,27.955706
365175933618,Jimbo Fisher,Florida State,2015,1,,12,9,3,0,9.439239953923467,-0.43923995392346704,-73.17681024601961,20.288598
365175933618,Jimbo Fisher,Florida State,2016,1,,12,9,3,0,7.439574730656027,1.5604252693439733,123.94165390870376,23.41498
365175933618,Jimbo Fisher,Florida State,2017,0,"two head coaches this season, and the feed does not say which games",,,,,,,,
365175933618,Jimbo Fisher,Texas A&M,2018,1,,12,8,4,0,6.216568027936583,1.7834319720634166,213.9484001078772,21.656942
365175933618,Jimbo Fisher,Texas A&M,2019,1,,12,7,5,0,7.169607878198834,-0.16960787819883372,13.167278459761064,16.561039
365175933618,Jimbo Fisher,Texas A&M,2020,1,,10,9,1,0,6.726554695651568,2.2734453043484324,195.42353226158184,23.033712
365175933618,Jimbo Fisher,Texas A&M,2021,1,,11,7,4,0,8.128374806368262,-1.128374806368262,-92.13246354012472,17.402881
365175933618,Jimbo Fisher,Texas A&M,2022,1,,11,4,7,0,5.90111853938428,-1.9011185393842798,-99.15828955643815,11.320366
365175933618,Jimbo Fisher,Texas A&M,2023,0,"two head coaches this season, and the feed does not say which games",,,,,,,,
960091978429,Jimmy Johnson,Oklahoma State,1980,1,,10,3,6,1,4.328524879536781,-0.828524879536781,-58.58072727235458,
960091978429,Jimmy Johnson,Oklahoma State,1981,1,,12,7,5,0,6.441197517428315,0.5588024825716849,37.81294551812334,0.0
960091978429,Jimmy Johnson,Oklahoma State,1982,1,,10,3,5,2,3.921402448307906,0.07859755169209404,-2.052755543515559,
960091978429,Jimmy Johnson,Oklahoma State,1983,1,,10,6,4,0,5.55260396629646,0.44739603370353986,167.66601498183536,0.0
960091978429,Jimmy Johnson,Miami (FL),1984,1,,13,8,5,0,9.280207863702227,-1.280207863702227,-76.36121240554007,0.0
960091978429,Jimmy Johnson,Miami (FL),1985,1,,12,10,2,0,8.389612773464709,1.6103872265352912,161.05811500758978,24.751712
960091978429,Jimmy Johnson,Miami (FL),1986,1,,12,11,1,0,9.59566070476578,1.4043392952342195,165.54205331886897,25.746681
960091978429,Jimmy Johnson,Miami (FL),1987,1,,12,12,0,0,9.893290874261663,2.1067091257383375,198.5631677383949,28.028434
960091978429,Jimmy Johnson,Miami (FL),1988,1,,12,11,1,0,10.10369579434732,0.8963042056526795,142.23947515838427,25.04899
112914342690,Jimmy Lake,Washington,2020,1,,4,3,1,0,3.1503479154913157,-0.15034791549131565,-56.94378914230242,7.195559
112914342690,Jimmy Lake,Washington,2021,0,"two head coaches this season, and the feed does not say which games",,,,,,,,
566477331995,Jimmy Rogers,Washington State,2025,0,"two head coaches this season, and the feed does not say which games",,,,,,,,
566477331995,Jimmy Rogers,Iowa State,2026,1,,4,2,2,0,2.223027859943103,-0.22302785994310304,-24.955442277309203,4.62182
792125310644,Joe Avezzano,Oregon State,1980,1,,10,0,10,0,2.4068276023605524,-2.4068276023605524,-290.82806778553686,
792125310644,Joe Avezzano,Oregon State,1981,1,,11,1,10,0,2.131905913500875,-1.131905913500875,-180.9369647210915,
792125310644,Joe Avezzano,Oregon State,1982,1,,10,0,9,1,1.1558271654482086,-0.6558271654482086,-62.860865729448506,
792125310644,Joe Avezzano,Oregon State,1983,1,,10,1,8,1,1.4101121324247554,0.08988786757524458,0.09279036587963674,
792125310644,Joe Avezzano,Oregon State,1984,1,,10,2,8,0,2.450327832289931,-0.4503278322899309,-29.826102941499585,
564154498591,Joe Glenn,Wyoming,2003,1,,11,3,8,0,2.987518685840689,0.012481314159311196,43.96128634132924,10.20842
564154498591,Joe Glenn,Wyoming,2004,1,,11,6,5,0,4.260340793678211,1.7396592063217886,130.11051797105802,18.633919
564154498591,Joe Glenn,Wyoming,2005,1,,11,4,7,0,5.169658660792513,-1.1696586607925132,-64.8830836000102,11.47286
564154498591,Joe Glenn,Wyoming,2006,1,,12,6,6,0,5.312557714808172,0.6874422851918283,73.00236861532653,19.536267
564154498591,Joe Glenn,Wyoming,2007,1,,12,5,7,0,6.533980115010026,-1.533980115010026,-83.54781607313294,13.659955
564154498591,Joe Glenn,Wyoming,2008,1,,11,3,8,0,4.101603917773389,-1.1016039177733887,-65.85480879382999,8.960149
108118725948,Joe Harasymiak,Massachusetts,2025,1,,11,0,11,0,2.4228860579591984,-2.4228860579591984,-233.00883865390244,0.0
108118725948,Joe Harasymiak,Massachusetts,2026,1,,3,2,1,0,0.8263473515986983,1.1736526484013017,140.72345014897974,3.914622
848532488562,Joe Hollis,Arkansas State,1997,1,,8,0,8,0,2.4201355809767127,-2.4201355809767127,-230.23142628067535,0.0
848532488562,Joe Hollis,Arkansas State,1998,1,,11,3,8,0,3.5383436050978143,-0.5383436050978143,-94.08129733598321,9.307133
848532488562,Joe Hollis,Arkansas State,1999,1,,10,3,7,0,2.381027472785747,0.618972527214253,49.64002687663583,9.56723
848532488562,Joe Hollis,Arkansas State,2000,1,,10,1,9,0,2.1993484671050734,-1.1993484671050734,-88.7912661873695,2.79328
848532488562,Joe Hollis,Arkansas State,2001,1,,9,2,7,0,3.188536727361442,-1.1885367273614418,-179.8079246584325,5.678052
413915036848,Joe Kapp,California,1982,1,,11,7,4,0,5.180588471163912,1.8194115288360884,185.90090770915322,
413915036848,Joe Kapp,California,1983,1,,11,5,5,1,5.612825490148316,-0.11282549014831567,-61.20677955444012,
413915036848,Joe Kapp,California,1984,1,,10,1,9,0,3.3127333898345857,-2.3127333898345857,-226.75220911739507,
413915036848,Joe Kapp,California,1985,1,,11,4,7,0,3.4259465271783585,0.5740534728216415,109.93134698788367,13.111762
413915036848,Joe Kapp,California,1986,1,,11,2,9,0,3.2722038003930143,-1.2722038003930143,-118.58190821954304,6.769595
802973920668,Joe Kines,Arkansas,1992,0,"two head coaches this season, and the feed does not say which games",,,,,,,,
412632518920,Joe Krivak,Maryland,1987,1,,11,4,7,0,5.1139616990049745,-1.1139616990049745,-171.3598266937313,10.740018
412632518920,Joe Krivak,Maryland,1988,1,,11,5,6,0,4.746988480218853,0.2530115197811469,28.590321132026475,13.765452
412632518920,Joe Krivak,Maryland,1989,1,,11,3,7,1,3.9357216422092542,-0.43572164220925425,-11.141641507965232,10.103081
412632518920,Joe Krivak,Maryland,1990,1,,12,6,5,1,4.788624351162036,1.7113756488379641,65.95268048481466,19.576338
412632518920,Joe Krivak,Maryland,1991,1,,11,2,9,0,3.6991672522562413,-1.6991672522562413,-205.66669371801572,5.740649
753540891233,Joe Lee Dunn,New Mexico,1983,1,,11,6,5,0,6.8122761985017,-0.8122761985017002,-59.41715549597029,
753540891233,Joe Lee Dunn,New Mexico,1984,1,,11,3,8,0,5.509207730397032,-2.5092077303970317,-293.6767714159355,
753540891233,Joe Lee Dunn,New Mexico,1985,1,,11,3,8,0,3.3704041848938115,-0.37040418489381155,-60.9776622719819,9.20127
753540891233,Joe Lee Dunn,New Mexico,1986,1,,12,4,8,0,3.841193646663184,0.15880635333681603,5.370884192627273,11.185614
753540891233,Joe Lee Dunn,Ole Miss,1994,1,,10,3,7,0,3.775956174431619,-0.7759561744316188,-16.29771471429399,8.430148
918485966598,Joe Moglia,Coastal Carolina,2018,1,,11,4,7,0,4.3081865856399375,-0.3081865856399375,-71.78625088375361,12.789731
612851263858,Joe Moorhead,Mississippi State,2018,1,,12,7,5,0,7.68914689847421,-0.6891468984742097,48.496521204986266,18.154088
612851263858,Joe Moorhead,Mississippi State,2019,1,,12,5,7,0,6.836410617553543,-1.8364106175535433,-189.1786028747822,12.555403
612851263858,Joe Moorhead,Akron,2022,1,,11,1,10,0,2.176938639262253,-1.1769386392622532,87.60876842130165,3.646037
612851263858,Joe Moorhead,Akron,2023,1,,11,1,10,0,3.262485891288627,-2.262485891288627,-133.68406032108055,6.198741
612851263858,Joe Moorhead,Akron,2024,1,,11,3,8,0,2.81237282760531,0.18762717239469007,26.504627127033245,9.617878
612851263858,Joe Moorhead,Akron,2025,1,,11,4,7,0,4.471109126841011,-0.4711091268410108,-43.57364030207441,13.270109
612851263858,Joe Moorhead,Akron,2026,1,,4,0,4,0,1.0340328640948717,-1.0340328640948717,-75.66003801984994,0.0
775736036442,Joe Morrison,New Mexico,1980,1,,11,4,7,0,5.101113363383534,-1.1011133633835337,-185.71055077815163,
775736036442,Joe Morrison,New Mexico,1981,1,,12,4,7,1,4.10800785780111,0.3919921421988901,62.023029467796505,
775736036442,Joe Morrison,New Mexico,1982,1,,10,9,1,0,6.893998890435699,2.1060011095643008,223.556126052649,
775736036442,Joe Morrison,South Carolina,1983,1,,11,5,6,0,4.464529237989845,0.5354707620101546,68.99541699259089,
775736036442,Joe Morrison,South Carolina,1984,1,,11,9,2,0,6.787616044079006,2.212383955920994,137.45922222044055,0.0
775736036442,Joe Morrison,South Carolina,1985,1,,9,3,6,0,4.587410594648827,-1.5874105946488273,-170.81844646545824,8.080503
775736036442,Joe Morrison,South Carolina,1986,1,,10,2,6,2,3.1140716065987295,-0.1140716065987295,7.828113539074138,8.148682
775736036442,Joe Morrison,South Carolina,1987,1,,10,6,4,0,4.504952534056746,1.4950474659432542,225.21514945446302,16.659108
775736036442,Joe Morrison,South Carolina,1988,1,,10,6,4,0,6.2142510113129,-0.21425101131289992,-115.04386486831095,15.580421
64983423981,Joe Novak,Northern Illinois,1996,1,,10,1,9,0,2.251679717564013,-1.2516797175640129,-186.92418104709793,3.2878
64983423981,Joe Novak,Northern Illinois,1997,1,,11,0,11,0,1.2938682600841829,-1.2938682600841829,-124.44737745465102,0.0
64983423981,Joe Novak,Northern Illinois,1998,1,,10,2,8,0,1.5627906051402305,0.4372093948597695,67.02673965963959,6.869567
64983423981,Joe Novak,Northern Illinois,1999,1,,10,5,5,0,4.049426181874535,0.9505738181254646,114.062627872559,10.990848
64983423981,Joe Novak,Northern Illinois,2000,1,,10,5,5,0,5.032097561065778,-0.0320975610657781,36.52500985051006,13.796871
64983423981,Joe Novak,Northern Illinois,2001,1,,10,5,5,0,4.934119287343632,0.06588071265636763,-7.6555639765640535,14.106161
64983423981,Joe Novak,Northern Illinois,2002,1,,11,8,3,0,5.999656054472712,2.0003439455272876,167.4156303447562,22.718392
64983423981,Joe Novak,Northern Illinois,2003,1,,11,9,2,0,7.981971285771534,1.0180287142284659,30.686654051215328,23.015583
64983423981,Joe Novak,Northern Illinois,2004,1,,11,8,3,0,8.006640199507611,-0.0066401995076113,4.3504547334518975,19.605685
64983423981,Joe Novak,Northern Illinois,2005,1,,11,6,5,0,6.766397033407086,-0.7663970334070864,-153.5071855947856,17.244897
64983423981,Joe Novak,Northern Illinois,2006,1,,12,6,6,0,5.725936486097931,0.2740635139020693,-25.704795499520515,16.529686
64983423981,Joe Novak,Northern Illinois,2007,1,,11,2,9,0,5.056343913739465,-3.0563439137394646,-146.7223408151292,5.746146
605823771645,Joe Paterno,Penn State,1980,1,,11,9,2,0,6.577445129936541,2.4225548700634594,255.38039243675007,0.0
605823771645,Joe Paterno,Penn State,1981,1,,12,10,2,0,8.375430113121713,1.6245698868782874,212.87778124897818,0.0
605823771645,Joe Paterno,Penn State,1982,1,,12,11,1,0,9.073565809806269,1.9264341901937314,165.16275189128805,0.0
605823771645,Joe Paterno,Penn State,1983,1,,11,7,3,1,7.821051275228774,-0.32105127522877375,-91.07997036525398,0.0
605823771645,Joe Paterno,Penn State,1984,1,,10,5,5,0,6.328630264936618,-1.328630264936618,-215.30546700195464,
605823771645,Joe Paterno,Penn State,1985,1,,12,11,1,0,7.385929269872341,3.6140707301276587,260.9910660987264,28.744611
605823771645,Joe Paterno,Penn State,1986,1,,12,12,0,0,9.492116119917105,2.507883880082895,240.16922187019986,28.542764
605823771645,Joe Paterno,Penn State,1987,1,,12,8,4,0,8.836189503107873,-0.8361895031078728,-196.01097503451706,18.907244
605823771645,Joe Paterno,Penn State,1988,1,,11,5,6,0,6.281127789188974,-1.2811277891889743,-91.87836263773465,12.301118
605823771645,Joe Paterno,Penn State,1989,1,,12,8,3,1,6.477262418987154,2.022737581012846,243.98075400936432,22.725319
605823771645,Joe Paterno,Penn State,1990,1,,12,9,3,0,7.912240344316689,1.0877596556833113,105.63498645147934,23.110058
605823771645,Joe Paterno,Penn State,1991,1,,13,11,2,0,9.625272604994976,1.3747273950050243,174.0278989989372,26.790045
605823771645,Joe Paterno,Penn State,1992,1,,12,7,5,0,9.055746603639005,-2.0557466036390046,-154.15678047910933,15.294365
605823771645,Joe Paterno,Penn State,1993,1,,12,10,2,0,7.9430369382841866,2.0569630617158134,190.37298720965373,25.782698
605823771645,Joe Paterno,Penn State,1994,1,,12,12,0,0,9.872372137967563,2.127627862032437,220.06177990526066,28.473146
605823771645,Joe Paterno,Penn State,1995,1,,12,9,3,0,9.038752139897415,-0.038752139897415105,-0.8023819098962122,21.504704
605823771645,Joe Paterno,Penn State,1996,1,,13,11,2,0,9.85623046875209,1.1437695312479104,157.50064430405928,26.423278
605823771645,Joe Paterno,Penn State,1997,1,,12,9,3,0,9.47048030629868,-0.4704803062986809,-133.18895022311222,20.472484
605823771645,Joe Paterno,Penn State,1998,1,,12,9,3,0,8.147306083393245,0.8526939166067553,81.01572383622101,21.355062
605823771645,Joe Paterno,Penn State,1999,1,,13,10,3,0,9.629387915505394,0.37061208449460636,132.95934790889578,24.708874
605823771645,Joe Paterno,Penn State,2000,1,,12,5,7,0,6.186209178976096,-1.186209178976096,-168.5295294466464,14.426007
605823771645,Joe Paterno,Penn State,2001,1,,11,5,6,0,4.536019002246595,0.4639809977534046,4.464231455636309,15.021865
605823771645,Joe Paterno,Penn State,2002,1,,13,9,4,0,8.312243935344435,0.6877560646555647,139.986791422715,25.214251
605823771645,Joe Paterno,Penn State,2003,1,,12,3,9,0,6.205100395528051,-3.205100395528051,-218.705653955981,6.769135
605823771645,Joe Paterno,Penn State,2004,1,,11,4,7,0,4.29226905202228,-0.29226905202227993,63.360557412019716,11.015642
605823771645,Joe Paterno,Penn State,2005,1,,12,11,1,0,7.936766873212545,3.0632331267874546,276.8668259390761,29.676408
605823771645,Joe Paterno,Penn State,2006,1,,12,8,4,0,8.020760700486424,-0.020760700486423644,15.620993552084656,19.316553
605823771645,Joe Paterno,Penn State,2007,1,,13,9,4,0,9.45909980900795,-0.45909980900795055,-38.56070096382541,21.757107
605823771645,Joe Paterno,Penn State,2008,1,,12,10,2,0,8.376463439045612,1.6235365609543884,176.86143114278593,25.579629
605823771645,Joe Paterno,Penn State,2009,1,,12,10,2,0,9.336849725928895,0.6631502740711053,21.53448231791799,23.745621
605823771645,Joe Paterno,Penn State,2010,1,,12,6,6,0,6.7896127755408475,-0.7896127755408475,-167.5132625553872,15.149272
605823771645,Joe Paterno,Penn State,2011,1,,12,8,4,0,6.607011657894773,1.3929883421052267,10.208599947407492,21.050922
74147465804,Joe Peace,Louisiana Tech,1988,0,this database holds no games for that team that season,,,,,,,,
74147465804,Joe Peace,Louisiana Tech,1989,1,,8,3,4,1,3.6876094547229985,-0.1876094547229985,0.7172476187120083,
74147465804,Joe Peace,Louisiana Tech,1990,1,,9,5,3,1,4.830829542797282,0.6691704572027177,82.52640130153577,11.95193
74147465804,Joe Peace,Louisiana Tech,1991,1,,8,5,1,2,5.687074528274959,0.31292547172504115,55.501039121022814,13.84904
74147465804,Joe Peace,Louisiana Tech,1992,1,,10,4,6,0,5.497899303042464,-1.4978993030424643,-151.16030294554434,10.087755
74147465804,Joe Peace,Louisiana Tech,1993,1,,10,2,8,0,4.165613807378661,-2.1656138073786613,-216.85623615721715,5.063332
74147465804,Joe Peace,Louisiana Tech,1994,1,,10,2,8,0,3.5227464198803387,-1.5227464198803387,-148.7744140084783,6.062436
74147465804,Joe Peace,Louisiana Tech,1995,1,,10,5,5,0,4.233869234538524,0.766130765461476,40.97804834299541,14.806729
64058697279,Joe Salem,Minnesota,1980,1,,11,5,6,0,5.644711015134398,-0.6447110151343978,-114.83074686793248,
64058697279,Joe Salem,Minnesota,1981,1,,11,6,5,0,5.149538118153178,0.8504618818468224,31.03362855011892,
64058697279,Joe Salem,Minnesota,1982,1,,11,3,8,0,5.1726062915475595,-2.1726062915475595,-218.4721462052364,
64058697279,Joe Salem,Minnesota,1983,1,,11,1,10,0,2.2667302516300394,-1.2667302516300394,-150.29147898186307,
494965143736,Joe Tiller,Wyoming,1991,1,,11,4,6,1,4.915801187299945,-0.4158011872999454,-50.305660453754626,11.707644
494965143736,Joe Tiller,Wyoming,1992,1,,12,5,7,0,5.597667080511125,-0.5976670805111253,-51.32886046258773,11.451333
494965143736,Joe Tiller,Wyoming,1993,1,,11,7,4,0,6.185565516042681,0.814434483957319,39.58766178455653,20.653584
494965143736,Joe Tiller,Wyoming,1994,1,,12,6,6,0,5.5599688746231966,0.44003112537680344,15.036999617238735,13.732251
494965143736,Joe Tiller,Wyoming,1995,1,,11,6,5,0,5.625177075555199,0.3748229244448007,5.349021744987567,16.750096
494965143736,Joe Tiller,Wyoming,1996,1,,12,10,2,0,8.24307609756458,1.7569239024354193,111.85712485410772,22.705413
494965143736,Joe Tiller,Purdue,1997,1,,12,9,3,0,6.515791189848536,2.484208810151464,250.29832656719032,25.806697
494965143736,Joe Tiller,Purdue,1998,1,,13,9,4,0,7.745603047761669,1.2543969522383307,103.86949262953567,24.182208
494965143736,Joe Tiller,Purdue,1999,1,,12,7,5,0,7.43038052258122,-0.4303805225812196,18.833631779267535,17.818168
494965143736,Joe Tiller,Purdue,2000,1,,12,8,4,0,7.728350015782155,0.27164998421784503,9.267124543097452,21.485097
494965143736,Joe Tiller,Purdue,2001,1,,12,6,6,0,6.961673389262694,-0.9616733892626943,-131.2082121107028,15.347443
494965143736,Joe Tiller,Purdue,2002,1,,12,6,6,0,5.4226629630160765,0.5773370369839235,104.53795115554271,17.981536
494965143736,Joe Tiller,Purdue,2003,1,,13,9,4,0,7.87966207615788,1.1203379238421203,158.53682726096918,25.863017
494965143736,Joe Tiller,Purdue,2004,1,,12,7,5,0,8.720356018491941,-1.720356018491941,-26.2615721951679,16.871644
494965143736,Joe Tiller,Purdue,2005,1,,11,5,6,0,6.067976788704639,-1.0679767887046392,-85.89871552063983,13.417521
494965143736,Joe Tiller,Purdue,2006,1,,13,7,6,0,6.590937731129098,0.409062268870902,19.451299853598357,18.750377
494965143736,Joe Tiller,Purdue,2007,1,,12,7,5,0,6.931704339401876,0.06829566059812375,49.100117866280016,18.459096
494965143736,Joe Tiller,Purdue,2008,1,,11,3,8,0,4.753326246324278,-1.7533262463242778,-55.08978201317268,9.120436
894100695572,Joey Jones,South Alabama,2012,1,,12,1,11,0,5.485126673411468,-4.485126673411468,-218.55084498999463,
894100695572,Joey Jones,South Alabama,2013,1,,11,6,5,0,4.655020160982197,1.3449798390178032,150.7006965518549,15.685112
894100695572,Joey Jones,South Alabama,2014,1,,13,6,7,0,7.165129476898703,-1.165129476898703,-128.4017488551874,12.651589
894100695572,Joey Jones,South Alabama,2015,1,,11,4,7,0,4.530729448828902,-0.530729448828902,-75.42466705064317,12.268988
894100695572,Joey Jones,South Alabama,2016,1,,11,4,7,0,4.402328586052008,-0.4023285860520076,-1.5424991646666513,13.798395
894100695572,Joey Jones,South Alabama,2017,1,,11,3,8,0,4.0665483482995635,-1.0665483482995635,-150.757804739201,10.869772
288475966476,Joey McGuire,Texas Tech,2022,1,,12,7,5,0,5.381212640953628,1.6187873590463724,99.93333509942408,20.492858
288475966476,Joey McGuire,Texas Tech,2023,1,,12,6,6,0,6.106081207801906,-0.106081207801906,25.74870586869747,18.366502
288475966476,Joey McGuire,Texas Tech,2024,1,,12,7,5,0,6.844908053493235,0.15509194650676505,25.81120418809087,20.095348
288475966476,Joey McGuire,Texas Tech,2025,1,,13,11,2,0,8.688827503810748,2.3111724961892524,180.0374193778323,28.17701
288475966476,Joey McGuire,Texas Tech,2026,1,,4,4,0,0,3.4592825616340512,0.5407174383659488,11.33882513157323,8.820075
206394405939,John Blake,Oklahoma,1996,1,,11,3,8,0,2.907039506477064,0.092960493522936,-41.9784813300746,10.13209
206394405939,John Blake,Oklahoma,1997,1,,12,4,8,0,3.510748952884996,0.4892510471150038,43.209864662936525,12.713289
206394405939,John Blake,Oklahoma,1998,1,,11,5,6,0,4.703472339531085,0.2965276604689153,17.20216463346378,14.129563
1015159218896,John Bobo,Arkansas State,1993,1,,8,1,6,1,1.7338368372120465,-0.2338368372120465,-72.34645248058973,5.33507
1015159218896,John Bobo,Arkansas State,1994,1,,9,0,9,0,1.9259757590295261,-1.9259757590295261,-187.01215439273892,0.0
1015159218896,John Bobo,Arkansas State,1995,1,,8,3,5,0,1.8947311850761521,1.1052688149238479,96.25330898286529,9.978058
1015159218896,John Bobo,Arkansas State,1996,1,,8,1,7,0,1.7100487821933132,-0.7100487821933132,-11.109522129475181,3.493395
531842783915,John Bonamego,Central Michigan,2015,1,,12,6,6,0,6.663991317893531,-0.6639913178935313,7.2105751714602775,16.570565
531842783915,John Bonamego,Central Michigan,2016,1,,12,5,7,0,6.129050908669629,-1.1290509086696288,-131.59610510802577,14.605123
531842783915,John Bonamego,Central Michigan,2017,1,,12,7,5,0,5.419783027210084,1.5802169727899162,11.825192274684468,21.430356
531842783915,John Bonamego,Central Michigan,2018,1,,11,0,11,0,3.9850309192735014,-3.9850309192735014,-267.59330670799886,0.0
512090084837,John Bunting,North Carolina,2001,1,,13,8,5,0,7.140389136172379,0.859610863827621,202.574068320042,22.185759
512090084837,John Bunting,North Carolina,2002,1,,12,3,9,0,5.01109576355176,-2.0110957635517597,-295.6033992725331,9.185256
512090084837,John Bunting,North Carolina,2003,1,,12,2,10,0,3.08149813695514,-1.08149813695514,-143.14069173027337,7.305551
512090084837,John Bunting,North Carolina,2004,1,,11,5,6,0,2.596396675346457,2.403603324653543,183.05701613937367,17.395975
512090084837,John Bunting,North Carolina,2005,1,,11,5,6,0,3.8367642168760594,1.1632357831239406,12.64170631726347,16.470807
512090084837,John Bunting,North Carolina,2006,1,,11,2,9,0,3.745392522353328,-1.745392522353328,-115.19194746243147,5.672432
598465192130,John Cooper,Tulsa,1980,1,,7,5,2,0,3.9033203889246106,1.0966796110753894,49.41554044017653,0.0
598465192130,John Cooper,Tulsa,1981,1,,6,2,4,0,3.530353136038169,-1.530353136038169,-106.01134961958132,0.0
598465192130,John Cooper,Tulsa,1982,1,,5,4,1,0,2.5855533099544186,1.4144466900455814,118.33249959696491,0.0
598465192130,John Cooper,Tulsa,1983,1,,6,3,3,0,3.1388096950240656,-0.1388096950240656,40.20624650873151,0.0
598465192130,John Cooper,Tulsa,1984,1,,6,1,5,0,2.6811838565214132,-1.6811838565214132,-111.2223017635556,0.0
598465192130,John Cooper,Arizona State,1985,1,,11,7,4,0,6.340707866799674,0.6592921332003261,148.1360862828119,19.208547
598465192130,John Cooper,Arizona State,1986,1,,11,9,1,1,7.526677616645162,1.9733223833548381,181.87948898403647,24.748489
598465192130,John Cooper,Arizona State,1987,1,,11,6,4,1,7.468412555859489,-0.9684125558594889,-132.81629000035468,15.572775
598465192130,John Cooper,Ohio State,1988,1,,11,4,6,1,5.171030901179847,-0.6710309011798472,-140.85064855295673,12.870199
598465192130,John Cooper,Ohio State,1989,1,,12,8,4,0,6.460851849746329,1.5391481502536708,130.58356315591936,20.772039
598465192130,John Cooper,Ohio State,1990,1,,12,7,4,1,7.356538479560358,0.1434615204396419,-4.422158441490183,18.963008
598465192130,John Cooper,Ohio State,1991,1,,12,8,4,0,7.490435444157784,0.5095645558422159,76.66649054348363,19.954785
598465192130,John Cooper,Ohio State,1992,1,,12,8,3,1,8.110723698139797,0.38927630186020323,128.4305929283346,22.353271
598465192130,John Cooper,Ohio State,1993,1,,12,10,1,1,9.414798506773991,1.085201493226009,93.17487639023284,24.893669
598465192130,John Cooper,Ohio State,1994,1,,13,9,4,0,8.570196116520425,0.42980388347957543,53.999334998492714,23.021743
598465192130,John Cooper,Ohio State,1995,1,,13,11,2,0,9.87746777497067,1.12253222502933,131.63137943995707,27.097461
598465192130,John Cooper,Ohio State,1996,1,,12,11,1,0,9.638152022928603,1.3618479770713972,155.87795345368886,26.580975
598465192130,John Cooper,Ohio State,1997,1,,13,10,3,0,10.171605623504092,-0.17160562350409236,9.106309051110657,22.118311
598465192130,John Cooper,Ohio State,1998,1,,12,11,1,0,9.72461169973088,1.2753883002691193,167.71546201478418,26.233663
598465192130,John Cooper,Ohio State,1999,1,,12,6,6,0,7.818982292977721,-1.8189822929777213,-293.29948505163793,14.460592
598465192130,John Cooper,Ohio State,2000,1,,12,8,4,0,7.422072963477103,0.5779270365228966,64.16854686559827,21.007897
191898748635,John David Crow,ULM,1980,1,,5,3,2,0,2.4578774555490237,0.5421225444509763,76.05399661913907,
351300217255,John Gutekunst,Minnesota,1986,1,,11,6,5,0,5.416047155548071,0.5839528444519289,25.75086842137489,17.061305
351300217255,John Gutekunst,Minnesota,1987,1,,10,5,5,0,5.970874848628997,-0.9708748486289966,-88.25043053029367,11.99788
351300217255,John Gutekunst,Minnesota,1988,1,,11,2,7,2,4.955068666541473,-1.9550686665414734,-168.42169765685367,7.594835
351300217255,John Gutekunst,Minnesota,1989,1,,10,5,5,0,3.5484265430167143,1.4515734569832857,168.6591502118622,14.809135
351300217255,John Gutekunst,Minnesota,1990,1,,11,6,5,0,5.171749305954655,0.8282506940453453,55.28386099906538,17.088654
351300217255,John Gutekunst,Minnesota,1991,1,,11,2,9,0,4.347002246470463,-2.3470022464704634,-214.64306071845272,5.420143
557446572836,John Hauser,Ohio,2025,0,"two head coaches this season, and the feed does not say which games",,,,,,,,
557446572836,John Hauser,Ohio,2026,1,,4,2,2,0,2.503045138703012,-0.5030451387030119,-57.27658333842351,5.057355
612339096016,John Jenkins,Houston,1990,1,,10,9,1,0,8.361568003482477,0.6384319965175234,35.87693550015183,21.386613
612339096016,John Jenkins,Houston,1991,1,,11,4,7,0,5.922293927084969,-1.9222939270849686,-193.9364067494737,10.672679
612339096016,John Jenkins,Houston,1992,1,,11,4,7,0,5.047516764780486,-1.047516764780486,-69.25518948783542,10.932945
784250420065,John Mackovic,Wake Forest,1980,1,,9,3,6,0,4.117504025244203,-1.1175040252442026,-0.9357672823839494,
784250420065,John Mackovic,Illinois,1988,1,,12,6,5,1,5.594890526930765,0.9051094730692348,96.34449565463319,18.043729
784250420065,John Mackovic,Illinois,1989,1,,12,10,2,0,6.668203282959451,3.3317967170405494,272.7764970106007,28.250544
784250420065,John Mackovic,Illinois,1990,1,,11,7,4,0,6.747490252389685,0.25250974761031486,-74.07126624149578,18.161802
784250420065,John Mackovic,Illinois,1991,1,,12,6,6,0,7.608928899456048,-1.608928899456048,-48.44183558613054,15.604047
784250420065,John Mackovic,Texas,1992,1,,10,5,5,0,5.068888239487794,-0.06888823948779432,-20.804569652606688,14.063378
784250420065,John Mackovic,Texas,1993,1,,11,5,5,1,5.014014321964199,0.48598567803580117,42.483807028151205,14.965451
784250420065,John Mackovic,Texas,1994,1,,12,8,4,0,7.035143612806917,0.9648563871930831,114.5751648753303,21.724141
784250420065,John Mackovic,Texas,1995,1,,13,10,2,1,8.873022915576927,1.626977084423073,127.10958866829856,26.443464
784250420065,John Mackovic,Texas,1996,1,,13,8,5,0,7.436762429592789,0.5632375704072112,112.65256238118764,22.022459
784250420065,John Mackovic,Texas,1997,1,,11,4,7,0,6.274375930507011,-2.274375930507011,-299.28547598071714,10.526753
784250420065,John Mackovic,Arizona,2001,1,,11,5,6,0,4.913372247492711,0.08662775250728938,-2.746474425254064,13.756237
784250420065,John Mackovic,Arizona,2002,1,,11,3,8,0,3.6255697028949667,-0.6255697028949667,-71.84445843968047,9.186776
784250420065,John Mackovic,Arizona,2003,1,,12,2,10,0,2.7236419682320396,-0.7236419682320396,-154.06181875116727,6.845214
623295023895,John Mumford,Army,2003,0,"two head coaches this season, and the feed does not say which games",,,,,,,,
137344046230,John Ralston,San Jose State,1993,1,,10,2,8,0,4.016270956304625,-2.0162709563046253,-137.33831848425916,6.008141
137344046230,John Ralston,San Jose State,1994,1,,10,2,8,0,2.7652614838797236,-0.7652614838797236,-96.15091219586088,6.520778
137344046230,John Ralston,San Jose State,1995,1,,10,3,7,0,3.4175261931695116,-0.41752619316951156,-88.06231402333833,8.979905
137344046230,John Ralston,San Jose State,1996,1,,12,3,9,0,2.837013029330401,0.162986970669599,-25.312848487314113,8.886337
454573689732,John Robinson,USC,1980,1,,11,8,2,1,6.5533741851195915,1.9466258148804085,230.16581233868146,
454573689732,John Robinson,USC,1981,1,,12,9,3,0,8.566109991663973,0.43389000833602687,22.458168974912724,0.0
454573689732,John Robinson,USC,1982,1,,11,8,3,0,7.28755745877722,0.7124425412227797,118.61411021805657,
454573689732,John Robinson,USC,1993,1,,13,8,5,0,6.905689037717671,1.0943109622823286,154.67814404320757,21.480334
454573689732,John Robinson,USC,1994,1,,12,8,3,1,7.378100486659089,1.121899513340911,89.0512190473637,22.928573
454573689732,John Robinson,USC,1995,1,,12,9,2,1,8.985541541154339,0.5144584588456613,52.20491447184327,22.624763
454573689732,John Robinson,USC,1996,1,,12,6,6,0,7.100257930241828,-1.1002579302418276,-79.62196793487692,15.989959
454573689732,John Robinson,USC,1997,1,,11,6,5,0,5.403961036460396,0.5960389635396037,36.6578741352464,16.197345
454573689732,John Robinson,UNLV,1999,1,,11,3,8,0,2.5149473713824575,0.4850526286175425,-13.309200698072345,10.526507
454573689732,John Robinson,UNLV,2000,1,,13,8,5,0,5.1444646912556395,2.8555353087443605,335.1347974548455,24.259301
454573689732,John Robinson,UNLV,2001,1,,11,4,7,0,5.450698130700408,-1.4506981307004079,-60.887035614371825,11.278886
454573689732,John Robinson,UNLV,2002,1,,12,5,7,0,5.48925163175657,-0.48925163175657005,-98.747534188273,15.313161
454573689732,John Robinson,UNLV,2003,1,,12,6,6,0,5.239560749291287,0.7604392507087132,1.481225451638693,20.941649
454573689732,John Robinson,UNLV,2004,1,,11,2,9,0,4.050408928203708,-2.0504089282037077,-169.12544917342052,7.42618
319833718598,John Smith,Utah State,1995,1,,9,3,6,0,4.028438070223767,-1.0284380702237668,9.02764470038187,8.738418
319833718598,John Smith,Utah State,1996,1,,10,5,5,0,4.537295779983842,0.46270422001615774,4.715549554265863,8.607511
319833718598,John Smith,Utah State,1997,1,,11,5,6,0,5.736949125235215,-0.7369491252352152,17.715050191204,14.333974
319833718598,John Smith,Louisville,1998,1,,11,6,5,0,4.336842442236942,1.663157557763058,208.13696009529667,17.418207
319833718598,John Smith,Louisville,1999,1,,11,6,5,0,6.111738659978573,-0.11173865997857302,19.3028184112909,17.368243
319833718598,John Smith,Louisville,2000,1,,11,8,3,0,6.7744278843915655,1.2255721156084345,194.004796708733,18.585414
319833718598,John Smith,Louisville,2001,1,,12,10,2,0,8.802352737890219,1.197647262109781,73.50817077215834,25.900636
319833718598,John Smith,Louisville,2002,1,,13,7,6,0,8.79419912531093,-1.7941991253109304,-235.55257828258914,18.69733
319833718598,John Smith,Michigan State,2003,1,,13,8,5,0,6.145364293255056,1.8546357067449444,77.62337729872638,23.231162
319833718598,John Smith,Michigan State,2004,1,,12,5,7,0,6.190809069595272,-1.1908090695952724,27.068528045002267,14.66484
319833718598,John Smith,Michigan State,2005,1,,11,5,6,0,5.435225204514288,-0.43522520451428814,-29.864570331882533,14.71403
319833718598,John Smith,Michigan State,2006,1,,12,4,8,0,5.607357937730731,-1.6073579377307308,-59.274262593838785,10.900423
319833718598,John Smith,Arkansas,2012,1,,11,3,8,0,5.5410914895192835,-2.5410914895192835,-152.23795459263488,9.36853
59807285565,John Thompson,East Carolina,2003,1,,12,1,11,0,3.219808497541368,-2.219808497541368,-152.73730034802384,3.57238
59807285565,John Thompson,East Carolina,2004,1,,11,2,9,0,2.4500844994942144,-0.45008449949421436,-44.53648421916546,6.028544
741006804594,Johnny Majors,Tennessee,1980,1,,11,5,6,0,6.199670359819739,-1.1996703598197387,7.082598979322711,
741006804594,Johnny Majors,Tennessee,1981,1,,11,7,4,0,6.159192653507023,0.8408073464929773,38.0764686283012,0.0
741006804594,Johnny Majors,Tennessee,1982,1,,12,6,5,1,7.082539422508711,-0.5825394225087113,-21.089705887608034,0.0
741006804594,Johnny Majors,Tennessee,1983,1,,11,8,3,0,6.248951899109798,1.751048100890202,209.68127833063227,0.0
741006804594,Johnny Majors,Tennessee,1984,1,,12,7,4,1,7.708426748165207,-0.20842674816520734,-0.35593528314370815,0.0
741006804594,Johnny Majors,Tennessee,1985,1,,12,9,1,2,7.514909646739917,2.485090353260083,262.323228222004,25.405678
741006804594,Johnny Majors,Tennessee,1986,1,,12,7,5,0,8.427097625072228,-1.4270976250722285,-94.16683650905975,16.816481
741006804594,Johnny Majors,Tennessee,1987,1,,13,10,2,1,9.596247640791878,0.9037523592081218,68.48982405069933,25.193585
741006804594,Johnny Majors,Tennessee,1988,1,,11,5,6,0,5.435986608575713,-0.43598660857571314,-94.69137689118224,13.902403
741006804594,Johnny Majors,Tennessee,1989,1,,12,11,1,0,8.119823385414907,2.8801766145850927,264.771493178554,28.763418
741006804594,Johnny Majors,Tennessee,1990,1,,12,8,2,2,8.958727877233262,0.041272122766738306,46.25492044653083,20.292998
741006804594,Johnny Majors,Tennessee,1991,1,,12,9,3,0,8.262174342035806,0.7378256579641942,10.262703493988056,22.641496
741006804594,Johnny Majors,Tennessee,1992,0,"two head coaches this season, and the feed does not say which games",,,,,,,,
741006804594,Johnny Majors,Pittsburgh,1993,1,,11,3,8,0,2.1273872815848036,0.8726127184151964,53.11950910131259,9.680078
741006804594,Johnny Majors,Pittsburgh,1994,1,,11,3,8,0,3.1970843514998863,-0.19708435149988635,28.86337115471133,8.263457
741006804594,Johnny Majors,Pittsburgh,1995,1,,11,2,9,0,3.878270337509604,-1.878270337509604,-159.6345218519466,6.079369
741006804594,Johnny Majors,Pittsburgh,1996,1,,11,4,7,0,3.389221517528103,0.6107784824718969,24.22229087085043,11.485868
749984704589,Joker Phillips,Kentucky,2010,1,,12,5,7,0,5.816995176195414,-0.8169951761954142,-13.612360488167496,12.959731
749984704589,Joker Phillips,Kentucky,2011,1,,11,4,7,0,4.262388401576889,-0.2623884015768887,-86.16654527188552,10.945574
749984704589,Joker Phillips,Kentucky,2012,1,,11,1,10,0,2.923913302940205,-1.9239133029402051,-117.12801241146576,3.622183
147706820295,Jon Embree,Colorado,2011,1,,13,3,10,0,3.923498755250173,-0.923498755250173,-50.01637937416672,10.642603
147706820295,Jon Embree,Colorado,2012,1,,11,1,10,0,2.905334321934105,-1.905334321934105,-175.87532442453607,3.246395
517727368953,Jon Sumrall,Troy,2022,1,,13,11,2,0,7.227370806276692,3.772629193723308,158.15868954867187,30.342972
517727368953,Jon Sumrall,Troy,2023,0,"two head coaches this season, and the feed does not say which games",,,,,,,,
517727368953,Jon Sumrall,Tulane,2024,1,,13,8,5,0,8.492393561593019,-0.49239356159301906,51.81675798594051,19.695467
517727368953,Jon Sumrall,Tulane,2025,1,,14,11,3,0,8.784148594551551,2.215851405448449,41.85952245947897,28.303286
517727368953,Jon Sumrall,Florida,2026,1,,4,3,1,0,1.8293581919794175,1.1706418080205825,66.00830952435535,9.225189
404124809442,Jon Tenuta,Georgia Tech,2007,0,"two head coaches this season, and the feed does not say which games",,,,,,,,
147094024072,Jonathan Smith,Oregon State,2018,1,,11,1,10,0,2.246909258150963,-1.2469092581509629,-115.16011807528207,3.793037
147094024072,Jonathan Smith,Oregon State,2019,1,,11,4,7,0,2.976693606946107,1.0233063930538928,152.76146467988497,13.53546
147094024072,Jonathan Smith,Oregon State,2020,1,,7,2,5,0,2.8041380338942017,-0.8041380338942017,-24.43458248321963,6.610607
147094024072,Jonathan Smith,Oregon State,2021,1,,12,6,6,0,6.465217057405228,-0.4652170574052281,142.3095557931665,19.518195
147094024072,Jonathan Smith,Oregon State,2022,1,,12,9,3,0,7.387772752297831,1.6122272477021689,192.18661719685906,24.626498
147094024072,Jonathan Smith,Oregon State,2023,0,"two head coaches this season, and the feed does not say which games",,,,,,,,
147094024072,Jonathan Smith,Michigan State,2024,1,,11,4,7,0,4.291157775661084,-0.2911577756610839,-5.256498811186248,11.896019
147094024072,Jonathan Smith,Michigan State,2025,1,,11,3,8,0,3.868352785951613,-0.8683527859516129,-45.26638022669408,9.401058
538065036532,Josh Aldridge,Liberty,2022,0,"two head coaches this season, and the feed does not say which games",,,,,,,,
202870674222,Josh Heupel,UCF,2018,1,,12,11,1,0,9.891508115092812,1.1084918849071883,7.090966564878045,25.348585
202870674222,Josh Heupel,UCF,2019,1,,12,9,3,0,8.843660705209311,0.15633929479068875,-6.320591977933873,22.144605
202870674222,Josh Heupel,UCF,2020,1,,10,6,4,0,6.143519004590931,-0.1435190045909307,-44.52142001058246,15.075015
202870674222,Josh Heupel,Tennessee,2021,1,,12,6,6,0,6.023044031525355,-0.02304403152535528,134.45494332904332,16.591995
202870674222,Josh Heupel,Tennessee,2022,1,,12,10,2,0,7.896380115149867,2.103619884850133,164.85598509588,27.249304
202870674222,Josh Heupel,Tennessee,2023,1,,12,8,4,0,7.752446669676383,0.24755333032361726,33.47553796633656,19.792306
202870674222,Josh Heupel,Tennessee,2024,1,,12,9,3,0,8.059139297140065,0.9408607028599345,34.57172192480016,22.599112
202870674222,Josh Heupel,Tennessee,2025,1,,12,7,5,0,7.799988387134254,-0.7999883871342544,-44.50177744278517,18.061085
202870674222,Josh Heupel,Tennessee,2026,1,,4,3,1,0,2.3955116023429914,0.6044883976570086,25.674662168716395,7.573156
808144440820,June Jones,Hawai'i,1999,1,,12,8,4,0,4.677820731035867,3.322179268964133,381.4836397647807,25.837244
808144440820,June Jones,Hawai'i,2000,1,,11,3,8,0,4.633562687011822,-1.633562687011822,-162.77692057048785,8.304528
808144440820,June Jones,Hawai'i,2001,1,,11,8,3,0,5.653047240677182,2.346952759322818,287.0743905441011,24.072333
808144440820,June Jones,Hawai'i,2002,1,,13,9,4,0,9.19381857540932,-0.19381857540932046,10.384635322232725,21.934159
808144440820,June Jones,Hawai'i,2003,1,,13,8,5,0,8.335495864034131,-0.33549586403413123,-42.585722553338655,20.815553
808144440820,June Jones,Hawai'i,2004,1,,13,8,5,0,7.162815960837044,0.8371840391629561,-38.3157202458076,21.77932
808144440820,June Jones,Hawai'i,2005,1,,12,5,7,0,6.017868421906554,-1.0178684219065541,-41.67621827197058,12.281091
808144440820,June Jones,Hawai'i,2006,1,,13,10,3,0,8.313413752409947,1.6865862475900535,269.807012198188,25.145524
808144440820,June Jones,Hawai'i,2007,1,,11,10,1,0,8.94200196016885,1.0579980398311495,37.03778126052316,23.327234
808144440820,June Jones,SMU,2008,1,,11,0,11,0,2.101876447915099,-2.101876447915099,-124.1647748319956,0.0
808144440820,June Jones,SMU,2009,1,,12,7,5,0,4.259552190729436,2.740447809270564,253.77515375388634,24.093574
808144440820,June Jones,SMU,2010,1,,14,7,7,0,7.733446492475086,-0.7334464924750863,-31.329072169029814,18.987286
808144440820,June Jones,SMU,2011,1,,12,7,5,0,6.094125279003764,0.9058747209962359,80.11333692490894,20.102846
808144440820,June Jones,SMU,2012,1,,12,6,6,0,6.397595866239795,-0.39759586623979537,0.9246488801468331,16.890576
808144440820,June Jones,SMU,2013,1,,11,4,7,0,4.959634322477247,-0.959634322477247,-77.95112631795541,11.621348
808144440820,June Jones,SMU,2014,1,,12,1,11,0,3.5445844705889065,-2.5445844705889065,-236.1138369470716,3.165098
629904959865,Justin Fuente,Memphis,2012,1,,11,4,7,0,3.05612917334921,0.94387082665079,129.39660737659278,12.666749
629904959865,Justin Fuente,Memphis,2013,1,,11,2,9,0,3.815463524504671,-1.815463524504671,-77.46893386966644,6.773397
629904959865,Justin Fuente,Memphis,2014,1,,12,9,3,0,6.320306704240869,2.6796932957591313,243.7826466331444,25.471702
629904959865,Justin Fuente,Memphis,2015,1,,12,8,4,0,7.59519130863888,0.4048086913611204,-67.1390447694514,20.862698
629904959865,Justin Fuente,Virginia Tech,2016,1,,13,9,4,0,7.8709408061494575,1.1290591938505425,155.16118990145287,24.624835
629904959865,Justin Fuente,Virginia Tech,2017,1,,12,8,4,0,8.148950280577786,-0.14895028057778603,32.827055102716486,19.049711
629904959865,Justin Fuente,Virginia Tech,2018,1,,12,5,7,0,6.264743322984431,-1.2647433229844314,-133.41351541240738,14.895036
629904959865,Justin Fuente,Virginia Tech,2019,1,,11,6,5,0,5.453103060631081,0.5468969393689189,151.22323620350994,17.350416
629904959865,Justin Fuente,Virginia Tech,2020,1,,11,5,6,0,6.301554714441651,-1.301554714441651,-75.84832980559008,13.231188
629904959865,Justin Fuente,Virginia Tech,2021,0,"two head coaches this season, and the feed does not say which games",,,,,,,,
1065898485476,Justin Wilcox,California,2017,1,,11,4,7,0,4.482501031746585,-0.482501031746585,-42.39345739493592,13.423969
1065898485476,Justin Wilcox,California,2018,1,,12,6,6,0,5.8989827884800485,0.10101721151995147,24.09960973350894,19.122333
1065898485476,Justin Wilcox,California,2019,1,,12,7,5,0,5.391576914765081,1.6084230852349188,34.239863520736435,21.695626
1065898485476,Justin Wilcox,California,2020,1,,4,1,3,0,1.7818269357104881,-0.7818269357104881,-139.67599675404836,3.689589
1065898485476,Justin Wilcox,California,2021,1,,11,4,7,0,4.204266131137914,-0.20426613113791436,12.84699750761456,13.430808
1065898485476,Justin Wilcox,California,2022,1,,11,3,8,0,3.829807330703594,-0.829807330703594,-148.84794010518362,9.518224
1065898485476,Justin Wilcox,California,2023,1,,12,5,7,0,3.5127518788708563,1.4872481211291437,122.37775308714413,15.745078
1065898485476,Justin Wilcox,California,2024,1,,12,5,7,0,5.92726392538178,-0.92726392538178,35.48658209455948,14.021792
1065898485476,Justin Wilcox,California,2025,0,"two head coaches this season, and the feed does not say which games",,,,,,,,
1070087753346,K.C. Keeler,Sam Houston,2023,1,,11,2,9,0,4.704873345912597,-2.7048733459125973,-208.87606101503297,
1070087753346,K.C. Keeler,Sam Houston,2024,0,"two head coaches this season, and the feed does not say which games",,,,,,,,
1070087753346,K.C. Keeler,Temple,2025,1,,11,4,7,0,3.4480917054588716,0.5519082945411284,65.46004794196415,12.052513
1070087753346,K.C. Keeler,Temple,2026,1,,4,1,3,0,0.913439232880149,0.08656076711985095,23.74331890146027,4.811381
102021708058,Kalani Sitake,BYU,2016,1,,12,8,4,0,6.981624689921865,1.0183753100781354,90.9026805114479,21.496944
102021708058,Kalani Sitake,BYU,2017,1,,12,3,9,0,5.774002578702345,-2.774002578702345,-241.25456748743,8.133707
102021708058,Kalani Sitake,BYU,2018,1,,12,6,6,0,5.121533884545042,0.878466115454958,117.40268803085428,17.933202
102021708058,Kalani Sitake,BYU,2019,1,,12,6,6,0,5.975362732390877,0.02463726760912266,-12.370572360066262,17.766844
102021708058,Kalani Sitake,BYU,2020,1,,11,10,1,0,7.816190375539292,2.183809624460708,291.3234847731678,25.676931
102021708058,Kalani Sitake,BYU,2021,1,,12,9,3,0,9.219873619757038,-0.21987361975703834,-96.03355533495005,21.798086
102021708058,Kalani Sitake,BYU,2022,1,,12,7,5,0,6.175447020008178,0.8245529799918216,-88.51262822958392,20.304153
102021708058,Kalani Sitake,BYU,2023,1,,11,4,7,0,3.7803850436497193,0.21961495635028072,-128.38590378348817,10.654621
102021708058,Kalani Sitake,BYU,2024,1,,12,10,2,0,6.423343622879963,3.5766563771200373,271.88826255558706,29.241492
102021708058,Kalani Sitake,BYU,2025,1,,13,11,2,0,8.642752176289454,2.357247823710546,113.92687001607169,28.42483
102021708058,Kalani Sitake,BYU,2026,1,,3,3,0,0,2.2979913581715876,0.7020086418284124,40.79720075232149,7.244025
59604742650,Kalen DeBoer,Fresno State,2020,1,,6,3,3,0,2.9973812533033506,0.00261874669664941,80.85516937493776,8.796865
59604742650,Kalen DeBoer,Fresno State,2021,0,"two head coaches this season, and the feed does not say which games",,,,,,,,
59604742650,Kalen DeBoer,Washington,2022,1,,12,10,2,0,6.1619417776279874,3.8380582223720126,327.8372907751823,29.136623
59604742650,Kalen DeBoer,Washington,2023,1,,15,14,1,0,10.866567408040591,3.1334325919594086,199.43570307793902,34.976075
59604742650,Kalen DeBoer,Alabama,2024,1,,12,8,4,0,8.847196723704503,-0.8471967237045028,-57.394427143053235,18.848845
59604742650,Kalen DeBoer,Alabama,2025,1,,14,10,4,0,8.414363763339876,1.5856362366601235,40.00908398390379,25.564772
59604742650,Kalen DeBoer,Alabama,2026,1,,5,5,0,0,3.8419334895185875,1.1580665104814125,120.99159732817611,11.526901
515645916060,Kane Wommack,South Alabama,2021,0,"two head coaches this season, and the feed does not say which games",,,,,,,,
515645916060,Kane Wommack,South Alabama,2022,1,,12,9,3,0,7.038012282053543,1.9619877179464567,134.32383986127797,24.642596
515645916060,Kane Wommack,South Alabama,2023,1,,12,6,6,0,6.763613316250709,-0.7636133162507086,74.02860059337877,16.442928
368004885281,Karl Dorrell,UCLA,2003,1,,13,6,7,0,6.4292891164906765,-0.42928911649067647,-124.23200374786347,16.143428
368004885281,Karl Dorrell,UCLA,2004,1,,12,6,6,0,5.656918232816008,0.34308176718399164,84.20844412124916,17.415049
368004885281,Karl Dorrell,UCLA,2005,1,,12,10,2,0,6.291508536075529,3.708491463924471,-1.3707945026694688,29.051004
368004885281,Karl Dorrell,UCLA,2006,1,,13,7,6,0,6.262327339803738,0.737672660196262,60.149485146476536,20.221537
368004885281,Karl Dorrell,UCLA,2007,0,"two head coaches this season, and the feed does not say which games",,,,,,,,
368004885281,Karl Dorrell,Colorado,2020,1,,6,4,2,0,3.641533200468033,0.3584667995319668,9.528347021427408,10.803984
368004885281,Karl Dorrell,Colorado,2021,1,,11,3,8,0,3.507541784172689,-0.5075417841726888,-170.5527036977694,9.526043
368004885281,Karl Dorrell,Colorado,2022,0,"two head coaches this season, and the feed does not say which games",,,,,,,,
577967064470,Kefense Hynson,Oregon State,2023,0,"two head coaches this season, and the feed does not say which games",,,,,,,,
359973491344,Keith Burns,Tulsa,2000,1,,12,5,7,0,4.2550961492302335,0.7449038507697665,80.17631562451311,16.071831
359973491344,Keith Burns,Tulsa,2001,1,,10,0,10,0,2.6741365325408237,-2.6741365325408237,-302.3523826314138,0.0
359973491344,Keith Burns,Tulsa,2002,1,,12,1,11,0,2.7045519175353556,-1.7045519175353556,-114.1101654017682,3.109816
356340814068,Keith Gilbertson,California,1992,1,,11,4,7,0,6.191733140852409,-2.191733140852409,-264.5144008961968,10.159969
356340814068,Keith Gilbertson,California,1993,1,,13,9,4,0,6.6932825007553545,2.3067174992446455,200.75087443750635,25.723746
356340814068,Keith Gilbertson,California,1994,1,,11,4,7,0,5.434708558957102,-1.4347085589571016,-166.8646628304159,10.894179
356340814068,Keith Gilbertson,California,1995,1,,11,3,8,0,3.7659928312675843,-0.7659928312675843,-61.93289079569308,8.562866
356340814068,Keith Gilbertson,Washington,2003,1,,12,6,6,0,6.636888273262935,-0.6368882732629348,14.093568225109038,16.339822
356340814068,Keith Gilbertson,Washington,2004,1,,11,1,10,0,4.703595670502391,-3.7035956705023914,-227.79920685909565,2.31764
512174758500,Ken Hatfield,Air Force,1980,1,,11,2,8,1,3.575247605624309,-1.075247605624309,-153.73936157346907,
512174758500,Ken Hatfield,Air Force,1981,1,,11,4,7,0,3.9972183134052344,0.002781686594765631,-12.503806947401017,
512174758500,Ken Hatfield,Air Force,1982,1,,13,8,5,0,5.808444374523119,2.191555625476881,174.81649386569575,0.0
512174758500,Ken Hatfield,Air Force,1983,1,,12,10,2,0,8.128593591727334,1.8714064082726658,153.17027744688608,0.0
512174758500,Ken Hatfield,Arkansas,1984,1,,12,7,4,1,7.02158697856219,0.4784130214378104,125.40788286692555,0.0
512174758500,Ken Hatfield,Arkansas,1985,1,,12,10,2,0,8.706059483157285,1.2939405168427154,145.8286147859933,25.243647
512174758500,Ken Hatfield,Arkansas,1986,1,,12,9,3,0,8.493353366305776,0.5066466336942241,20.022302125671104,22.301342
512174758500,Ken Hatfield,Arkansas,1987,1,,13,9,4,0,9.537630496642661,-0.5376304966426613,-4.015279549722436,21.037036
512174758500,Ken Hatfield,Arkansas,1988,1,,11,9,2,0,7.627172385865594,1.3728276141344056,114.89429505233966,22.18703
512174758500,Ken Hatfield,Arkansas,1989,1,,12,10,2,0,9.131227774932663,0.8687722250673371,89.58226159591322,24.537175
512174758500,Ken Hatfield,Clemson,1990,1,,10,8,2,0,7.433296905283822,0.5667030947161784,63.999893077858815,19.301958
512174758500,Ken Hatfield,Clemson,1991,1,,11,8,2,1,8.43852813877425,0.061471861225749436,-53.592408728518194,19.669326
512174758500,Ken Hatfield,Clemson,1992,1,,10,4,6,0,5.716967037373746,-1.7169670373737462,-193.99827278297494,10.871446
512174758500,Ken Hatfield,Clemson,1993,0,"two head coaches this season, and the feed does not say which games",,,,,,,,
512174758500,Ken Hatfield,Rice,1994,1,,11,5,6,0,5.4629294464828275,-0.4629294464828275,-37.970530094772585,14.878304
512174758500,Ken Hatfield,Rice,1995,1,,11,2,8,1,4.727173238644613,-2.227173238644613,-83.62897780501612,6.083068
512174758500,Ken Hatfield,Rice,1996,1,,11,7,4,0,4.789233057204337,2.2107669427956633,261.33834817772527,19.994173
512174758500,Ken Hatfield,Rice,1997,1,,11,7,4,0,6.950580856031134,0.0494191439688656,-65.19431138762229,19.758255
512174758500,Ken Hatfield,Rice,1998,1,,11,5,6,0,5.2901731811436825,-0.2901731811436825,-31.4728464434952,14.071024
512174758500,Ken Hatfield,Rice,1999,1,,11,5,6,0,5.932223979634207,-0.9322239796342071,-95.55154128683102,13.561331
512174758500,Ken Hatfield,Rice,2000,1,,11,3,8,0,4.3935399354435,-1.3935399354435,-117.2577552450175,8.630544
512174758500,Ken Hatfield,Rice,2001,1,,12,8,4,0,7.320425410871164,0.6795745891288361,48.38074502182417,20.765395
512174758500,Ken Hatfield,Rice,2002,1,,11,4,7,0,5.094382741266802,-1.0943827412668021,-72.50615277082125,10.969295
512174758500,Ken Hatfield,Rice,2003,1,,12,5,7,0,4.960610375280057,0.03938962471994323,36.7883995076802,15.682024
512174758500,Ken Hatfield,Rice,2004,1,,11,3,8,0,4.964880178466163,-1.9648801784661627,-233.56185165938746,9.22155
512174758500,Ken Hatfield,Rice,2005,1,,11,1,10,0,2.4123002093674755,-1.4123002093674755,-90.6612044463543,3.169182
354585402859,Ken Niumatalolo,Navy,2007,0,"two head coaches this season, and the feed does not say which games",,,,,,,,
354585402859,Ken Niumatalolo,Navy,2008,1,,12,7,5,0,6.381341295551301,0.6186587044486993,-104.11001169973588,20.527248
354585402859,Ken Niumatalolo,Navy,2009,1,,13,9,4,0,7.122867956584308,1.877132043415692,95.42495731507188,25.115454
354585402859,Ken Niumatalolo,Navy,2010,1,,12,8,4,0,6.642229390998349,1.3577706090016513,-24.78629861154127,22.784085
354585402859,Ken Niumatalolo,Navy,2011,1,,11,4,7,0,4.969032163472345,-0.9690321634723453,-119.73914805392678,12.510458
354585402859,Ken Niumatalolo,Navy,2012,1,,12,7,5,0,5.5033096130506065,1.4966903869493935,2.8949000681693633,17.67694
354585402859,Ken Niumatalolo,Navy,2013,1,,12,8,4,0,6.190447304836861,1.8095526951631387,85.97329535167137,22.916536
354585402859,Ken Niumatalolo,Navy,2014,1,,12,7,5,0,6.198570295903817,0.8014297040961829,76.05384738895805,16.594684
354585402859,Ken Niumatalolo,Navy,2015,1,,12,10,2,0,8.163241344943472,1.8367586550565278,102.16205729421631,25.540298
354585402859,Ken Niumatalolo,Navy,2016,1,,13,8,5,0,8.75625292780601,-0.7562529278060097,-136.95546800898774,21.127054
354585402859,Ken Niumatalolo,Navy,2017,1,,13,7,6,0,7.226478270882581,-0.22647827088258143,12.84777557410689,18.547447
354585402859,Ken Niumatalolo,Navy,2018,1,,12,2,10,0,4.070937449617794,-2.0709374496177944,-211.4763292568391,6.927228
354585402859,Ken Niumatalolo,Navy,2019,1,,12,10,2,0,6.163970456327101,3.8360295436728986,297.65143949430694,28.255059
354585402859,Ken Niumatalolo,Navy,2020,1,,10,3,7,0,4.129169302123325,-1.1291693021233247,-216.85651632387066,8.828112
354585402859,Ken Niumatalolo,Navy,2021,1,,12,4,8,0,3.2730388265160943,0.7269611734839057,122.76895305874382,13.41881
354585402859,Ken Niumatalolo,Navy,2022,1,,11,4,7,0,4.855025344687505,-0.8550253446875047,-42.48682406364446,13.221805
354585402859,Ken Niumatalolo,San Jose State,2024,1,,12,6,6,0,7.21243536631604,-1.2124353663160399,-102.52900291219794,15.416062
354585402859,Ken Niumatalolo,San Jose State,2025,1,,11,2,9,0,4.844380261187344,-2.844380261187344,-236.0329688646118,6.156016
354585402859,Ken Niumatalolo,San Jose State,2026,1,,4,2,2,0,1.166984964610335,0.833015035389665,66.30202596580102,6.695299
60003941281,Ken Wilson,Nevada,2022,1,,11,2,9,0,4.642751843462488,-2.642751843462488,-229.35613816608497,4.920091
60003941281,Ken Wilson,Nevada,2023,1,,11,2,9,0,3.217435051588267,-1.217435051588267,-118.99201381286252,6.251885
954623845328,Kenni Burns,Kent State,2023,1,,11,0,11,0,3.2130221537308206,-3.2130221537308206,-247.45843346677293,0.0
954623845328,Kenni Burns,Kent State,2024,1,,11,0,11,0,1.9641178925118081,-1.9641178925118081,-190.23045084572823,0.0
670952651245,Kenny Dillingham,Arizona State,2023,1,,11,2,9,0,2.598691904255893,-0.5986919042558929,-26.429791286946056,7.119355
670952651245,Kenny Dillingham,Arizona State,2024,1,,14,11,3,0,7.862188714824925,3.137811285175075,319.81684286749396,32.336059
670952651245,Kenny Dillingham,Arizona State,2025,1,,12,7,5,0,7.14025624613281,-0.14025624613281007,-148.03550324277512,20.103306
670952651245,Kenny Dillingham,Arizona State,2026,1,,3,1,2,0,1.2650094269930239,-0.2650094269930239,-31.316508869254903,2.922081
768883542659,Kerry Coombs,Cincinnati,2022,0,"two head coaches this season, and the feed does not say which games",,,,,,,,
936600635007,Kevin Patrick,South Florida,2025,0,"two head coaches this season, and the feed does not say which games",,,,,,,,
360565666073,Kevin Steele,Baylor,1999,1,,11,1,10,0,2.5910046144455965,-1.5910046144455965,-131.0630256601512,2.828843
360565666073,Kevin Steele,Baylor,2000,1,,11,2,9,0,2.722704630665466,-0.7227046306654659,-95.0817288826554,2.880588
360565666073,Kevin Steele,Baylor,2001,1,,10,2,8,0,2.151277724572206,-0.15127772457220612,-50.83599205937503,6.097142
360565666073,Kevin Steele,Baylor,2002,1,,11,2,9,0,2.0592498503629124,-0.059249850362912415,-59.422046237701124,5.815343
360565666073,Kevin Steele,Auburn,2020,0,"two head coaches this season, and the feed does not say which games",,,,,,,,
111622654978,Kevin Sumlin,Houston,2008,1,,12,7,5,0,7.181555954713221,-0.18155595471322084,54.65046202602048,18.814011
111622654978,Kevin Sumlin,Houston,2009,1,,13,9,4,0,9.134324068512415,-0.13432406851241474,27.366348107202384,23.383119
111622654978,Kevin Sumlin,Houston,2010,1,,11,4,7,0,5.827292657958541,-1.827292657958541,-152.07680457436254,10.421691
111622654978,Kevin Sumlin,Houston,2011,1,,13,12,1,0,8.651023378188839,3.348976621811161,242.60032565926622,31.84273
111622654978,Kevin Sumlin,Texas A&M,2012,1,,11,9,2,0,6.088454550907051,2.911545449092949,236.90911279848478,26.058434
111622654978,Kevin Sumlin,Texas A&M,2013,1,,12,8,4,0,8.976480808271257,-0.9764808082712566,-76.13500135542631,18.620675
111622654978,Kevin Sumlin,Texas A&M,2014,1,,12,7,5,0,6.798911326066961,0.20108867393303864,-72.74265254365196,19.108546
111622654978,Kevin Sumlin,Texas A&M,2015,1,,12,7,5,0,6.771311880795938,0.22868811920406173,1.3666058149942728,18.463422
111622654978,Kevin Sumlin,Texas A&M,2016,1,,12,7,5,0,6.111187012811395,0.8888129871886052,-29.819303580091855,19.157501
111622654978,Kevin Sumlin,Texas A&M,2017,0,"two head coaches this season, and the feed does not say which games",,,,,,,,
111622654978,Kevin Sumlin,Arizona,2018,1,,11,4,7,0,4.7540939866180345,-0.7540939866180345,1.9743297373890982,11.790257
111622654978,Kevin Sumlin,Arizona,2019,1,,11,3,8,0,4.070123450610494,-1.0701234506104944,-194.76522336829998,8.954407
111622654978,Kevin Sumlin,Arizona,2020,1,,5,0,5,0,1.0524607503569157,-1.0524607503569157,-46.53983313123217,0.0
817934576851,Kevin Whitley,Georgia Southern,2021,0,"two head coaches this season, and the feed does not say which games",,,,,,,,
1068479157247,Kevin Wilson,Indiana,2011,1,,11,0,11,0,2.825866483247972,-2.825866483247972,-247.15723728019043,0.0
1068479157247,Kevin Wilson,Indiana,2012,1,,11,3,8,0,3.1353052919404534,-0.13530529194045338,77.34727898625965,6.707803
1068479157247,Kevin Wilson,Indiana,2013,1,,11,4,7,0,3.9342821357459608,0.06571786425403925,75.00771755988353,12.284702
1068479157247,Kevin Wilson,Indiana,2014,1,,11,3,8,0,4.066709521386677,-1.0667095213866773,-75.07496856577245,9.145199
1068479157247,Kevin Wilson,Indiana,2015,1,,12,5,7,0,5.276058541391725,-0.27605854139172514,101.14307096945868,16.257787
1068479157247,Kevin Wilson,Indiana,2016,0,"two head coaches this season, and the feed does not say which games",,,,,,,,
1068479157247,Kevin Wilson,Tulsa,2023,1,,11,3,8,0,5.053707713679102,-2.0537077136791018,-193.76756477777303,9.388674
1068479157247,Kevin Wilson,Tulsa,2024,0,"two head coaches this season, and the feed does not say which games",,,,,,,,
860372668314,Kim Helton,Houston,1993,1,,11,1,9,1,3.5662107348318473,-2.0662107348318473,-230.1475158147805,4.329616
860372668314,Kim Helton,Houston,1994,1,,11,1,10,0,2.201286308958256,-1.201286308958256,-164.5827834786087,3.431007
860372668314,Kim Helton,Houston,1995,1,,11,2,9,0,1.547697307164019,0.452302692835981,5.987537573476402,6.473988
860372668314,Kim Helton,Houston,1996,1,,11,6,5,0,3.2985069572691588,2.7014930427308412,260.6654690980663,19.232444
860372668314,Kim Helton,Houston,1997,1,,11,3,8,0,4.150391702511294,-1.1503917025112944,-216.2958346141313,9.52886
860372668314,Kim Helton,Houston,1998,1,,11,3,8,0,3.6918716046309763,-0.6918716046309763,12.92595524886383,9.618341
860372668314,Kim Helton,Houston,1999,1,,11,7,4,0,5.383570639064034,1.6164293609359657,136.3727809207071,20.879337
364274333389,Kirby Moore,Washington State,2026,1,,4,0,4,0,1.4838774376678099,-1.4838774376678099,-160.41109049479292,0.0
1079834452855,Kirby Smart,Georgia,2016,1,,12,7,5,0,7.437843326150496,-0.4378433261504959,-93.55701636712342,18.8851
1079834452855,Kirby Smart,Georgia,2017,1,,14,12,2,0,8.70439957982078,3.2956004201792197,289.3918014653475,32.936746
1079834452855,Kirby Smart,Georgia,2018,1,,13,10,3,0,9.767425485135055,0.23257451486494496,57.104437826810454,23.310057
1079834452855,Kirby Smart,Georgia,2019,1,,13,11,2,0,9.609822412328922,1.3901775876710776,67.45123395837027,27.528722
1079834452855,Kirby Smart,Georgia,2020,1,,10,8,2,0,6.927359424563269,1.072640575436731,36.221380965396065,19.234356
1079834452855,Kirby Smart,Georgia,2021,1,,14,13,1,0,10.502090869810807,2.4979091301891927,250.92089621573746,31.50135
1079834452855,Kirby Smart,Georgia,2022,1,,14,14,0,0,11.951483647323691,2.048516352676309,142.84056335295963,30.698748
1079834452855,Kirby Smart,Georgia,2023,1,,13,12,1,0,11.342883670955665,0.6571163290443351,71.01786927602143,25.392981
1079834452855,Kirby Smart,Georgia,2024,1,,13,10,3,0,9.92996313664118,0.07003686335882087,3.114878844843588,22.430347
1079834452855,Kirby Smart,Georgia,2025,1,,13,11,2,0,9.963484856318852,1.0365151436811484,5.479758307159045,25.338028
1079834452855,Kirby Smart,Georgia,2026,1,,4,4,0,0,3.13388104832325,0.86611895167675,84.07964229279855,8.954975
539979360998,Kirk Ferentz,Iowa,1999,1,,11,1,10,0,2.7692117616430036,-1.7692117616430036,-133.24341663686732,2.485874
539979360998,Kirk Ferentz,Iowa,2000,1,,12,3,9,0,1.7359471666772381,1.2640528333227619,121.8269331810884,11.298307
539979360998,Kirk Ferentz,Iowa,2001,1,,12,7,5,0,5.833027371520261,1.1669726284797388,182.2527235065486,19.68644
539979360998,Kirk Ferentz,Iowa,2002,1,,13,11,2,0,8.628679257014133,2.3713207429858674,242.92063305880788,29.863242
539979360998,Kirk Ferentz,Iowa,2003,1,,13,10,3,0,9.162736641605848,0.8372633583941518,6.513544725095244,25.722085
539979360998,Kirk Ferentz,Iowa,2004,1,,12,10,2,0,7.820752686167277,2.1792473138327226,75.65905307505363,26.602699
539979360998,Kirk Ferentz,Iowa,2005,1,,11,6,5,0,7.10218660953477,-1.1021866095347699,-7.070344079608958,16.102149
539979360998,Kirk Ferentz,Iowa,2006,1,,12,5,7,0,7.176629789094408,-2.1766297890944077,-137.817060273273,11.605646
539979360998,Kirk Ferentz,Iowa,2007,1,,12,6,6,0,6.365715067603946,-0.36571506760394623,-32.330411075449774,16.407469
539979360998,Kirk Ferentz,Iowa,2008,1,,12,8,4,0,6.243699244215994,1.7563007557840056,201.52939234491487,22.206196
539979360998,Kirk Ferentz,Iowa,2009,1,,12,10,2,0,8.476722773245754,1.5232772267542458,65.59581079520149,26.565438
539979360998,Kirk Ferentz,Iowa,2010,1,,12,7,5,0,7.580924225617258,-0.5809242256172578,-91.2807770399088,18.500128
539979360998,Kirk Ferentz,Iowa,2011,1,,12,6,6,0,6.348304925327354,-0.348304925327354,-34.06482062750206,17.193913
539979360998,Kirk Ferentz,Iowa,2012,1,,11,3,8,0,5.0004006107315275,-2.0004006107315275,-203.07504162195232,9.50638
539979360998,Kirk Ferentz,Iowa,2013,1,,12,7,5,0,4.849697954378031,2.1503020456219692,253.40175541547114,20.636725
539979360998,Kirk Ferentz,Iowa,2014,1,,12,6,6,0,6.5169022202098486,-0.5169022202098486,-124.71263515301166,17.460466
539979360998,Kirk Ferentz,Iowa,2015,1,,13,11,2,0,7.649548239508707,3.3504517604912927,155.46913409658623,29.774195
539979360998,Kirk Ferentz,Iowa,2016,1,,12,8,4,0,7.18732198113217,0.81267801886783,37.98900683985721,21.484519
539979360998,Kirk Ferentz,Iowa,2017,1,,13,8,5,0,6.882612788345232,1.1173872116547683,-17.53824839922686,23.239015
539979360998,Kirk Ferentz,Iowa,2018,1,,12,8,4,0,6.262779321262675,1.7372206787373248,48.28077384259427,22.133274
539979360998,Kirk Ferentz,Iowa,2019,1,,13,10,3,0,7.820926688059805,2.1790733119401953,113.19904217260773,26.222129
539979360998,Kirk Ferentz,Iowa,2020,1,,8,6,2,0,5.396116981727229,0.6038830182727706,112.66266308136665,15.916352
539979360998,Kirk Ferentz,Iowa,2021,1,,14,10,4,0,9.251816484700413,0.748183515299587,-76.3700831895867,25.233966
539979360998,Kirk Ferentz,Iowa,2022,1,,12,7,5,0,6.2091150610544075,0.7908849389455925,25.236969617343675,19.712218
539979360998,Kirk Ferentz,Iowa,2023,1,,14,10,4,0,8.234881647074204,1.7651183529257963,-27.72526501160246,26.053735
539979360998,Kirk Ferentz,Iowa,2024,1,,12,7,5,0,6.5886323233993025,0.4113676766006975,21.320827254374308,19.702386
539979360998,Kirk Ferentz,Iowa,2025,1,,12,8,4,0,6.592931865704044,1.4070681342959563,204.62255300029074,21.643468
539979360998,Kirk Ferentz,Iowa,2026,1,,4,3,1,0,2.698932212464375,0.3010677875356249,-25.13264528428067,7.608249
164825049457,Kliff Kingsbury,Texas Tech,2013,1,,12,7,5,0,6.908871399029907,0.09112860097009268,1.6386371656790288,18.178802
164825049457,Kliff Kingsbury,Texas Tech,2014,1,,11,3,8,0,4.56626378633042,-1.5662637863304196,-210.0570964799483,7.699672
164825049457,Kliff Kingsbury,Texas Tech,2015,1,,12,6,6,0,5.124379722763986,0.8756202772360142,114.16780519626582,16.929629
164825049457,Kliff Kingsbury,Texas Tech,2016,1,,11,4,7,0,4.759359386707487,-0.7593593867074873,-135.22660130399368,12.120412
164825049457,Kliff Kingsbury,Texas Tech,2017,1,,12,5,7,0,4.401097381996064,0.5989026180039358,56.99643586382035,16.41928
164825049457,Kliff Kingsbury,Texas Tech,2018,1,,11,4,7,0,5.210918960355164,-1.2109189603551638,1.7325734765711331,12.586126
349117798422,Kurt Roper,Colorado,2018,0,"two head coaches this season, and the feed does not say which games",,,,,,,,
1085783988543,Kyle Flood,Rutgers,2012,1,,12,8,4,0,7.145612012266099,0.8543879877339009,-52.7259565126933,23.237047
1085783988543,Kyle Flood,Rutgers,2013,1,,12,5,7,0,5.765731628053622,-0.7657316280536222,-51.11354588606855,14.529437
1085783988543,Kyle Flood,Rutgers,2014,1,,12,7,5,0,5.146742921030496,1.853257078969504,141.1581368486818,19.863729
1085783988543,Kyle Flood,Rutgers,2015,1,,11,3,8,0,4.7101985180948205,-1.7101985180948205,-140.90215461779758,8.087879
864788489306,Kyle Whittingham,Utah,2004,0,"two head coaches this season, and the feed does not say which games",,,,,,,,
864788489306,Kyle Whittingham,Utah,2005,1,,12,7,5,0,8.85376844214958,-1.8537684421495797,-48.24764753481554,18.612148
864788489306,Kyle Whittingham,Utah,2006,1,,12,7,5,0,7.591911636430131,-0.5919116364301313,-42.502337012159614,17.840026
864788489306,Kyle Whittingham,Utah,2007,1,,13,9,4,0,7.969362321999535,1.0306376780004651,136.426587356475,24.351867
864788489306,Kyle Whittingham,Utah,2008,1,,12,12,0,0,9.121784912901264,2.878215087098736,173.98831718755264,29.391118
864788489306,Kyle Whittingham,Utah,2009,1,,13,10,3,0,10.228896540518598,-0.22889654051859765,-41.65163578191323,22.813016
864788489306,Kyle Whittingham,Utah,2010,1,,13,10,3,0,9.358893989758961,0.6411060102410389,-69.45515103956222,23.416098
864788489306,Kyle Whittingham,Utah,2011,1,,12,7,5,0,6.1584411601094615,0.8415588398905385,-63.26021770908028,21.174713
864788489306,Kyle Whittingham,Utah,2012,1,,11,4,7,0,4.427112647626068,-0.4271126476260676,-103.05849500939212,12.446037
864788489306,Kyle Whittingham,Utah,2013,1,,11,4,7,0,4.090351656149976,-0.0903516561499762,66.38271592492083,13.767786
864788489306,Kyle Whittingham,Utah,2014,1,,12,8,4,0,5.564942768240731,2.435057231759269,131.32182680445294,25.954621
864788489306,Kyle Whittingham,Utah,2015,1,,13,10,3,0,8.972919059501313,1.0270809404986867,75.90735247520638,27.171551
864788489306,Kyle Whittingham,Utah,2016,1,,12,8,4,0,7.5785363634289515,0.42146363657104846,17.8050797265837,20.830151
864788489306,Kyle Whittingham,Utah,2017,1,,12,6,6,0,6.905112404948197,-0.9051124049481967,48.9006973043995,15.758564
864788489306,Kyle Whittingham,Utah,2018,1,,13,8,5,0,8.24078105134931,-0.24078105134931072,60.77190486111908,20.954678
864788489306,Kyle Whittingham,Utah,2019,1,,13,10,3,0,9.565916164762188,0.43408383523781247,6.244848628135742,24.388918
864788489306,Kyle Whittingham,Utah,2020,1,,5,3,2,0,2.8358826241451873,0.16411737585481267,41.20729382484092,7.930514
864788489306,Kyle Whittingham,Utah,2021,1,,13,9,4,0,8.070673982003653,0.9293260179963472,131.66367053093882,24.554715
864788489306,Kyle Whittingham,Utah,2022,1,,13,9,4,0,9.39830645861911,-0.3983064586191105,73.11936416412254,21.433178
864788489306,Kyle Whittingham,Utah,2023,1,,12,7,5,0,7.850594177179809,-0.8505941771798087,-146.73379862276533,16.874882
864788489306,Kyle Whittingham,Utah,2024,1,,11,4,7,0,5.5591117016317355,-1.5591117016317355,-116.34593626039964,11.701506
864788489306,Kyle Whittingham,Utah,2025,0,"two head coaches this season, and the feed does not say which games",,,,,,,,
864788489306,Kyle Whittingham,Michigan,2026,1,,5,3,2,0,3.131081110829464,-0.13108111082946383,2.7019819774661755,7.389673
594421507593,LaVell Edwards,BYU,1980,1,,12,11,1,0,8.266767885021594,2.7332321149784065,361.6348094941852,0.0
594421507593,LaVell Edwards,BYU,1981,1,,12,10,2,0,9.786692995818571,0.2133070041814289,30.60724356151968,0.0
594421507593,LaVell Edwards,BYU,1982,1,,12,8,4,0,9.38472045206764,-1.38472045206764,-43.02671707150762,0.0
594421507593,LaVell Edwards,BYU,1983,1,,12,11,1,0,9.375287149884814,1.624712850115186,187.70583685069505,0.0
594421507593,LaVell Edwards,BYU,1984,1,,13,13,0,0,11.376309519068228,1.6236904809317725,139.10964588409638,0.0
594421507593,LaVell Edwards,BYU,1985,1,,14,11,3,0,11.648272606712078,-0.6482726067120783,-37.16001797155309,25.298473
594421507593,LaVell Edwards,BYU,1986,1,,13,8,5,0,9.430168839050506,-1.4301688390505056,-117.53629131295088,19.09362
594421507593,LaVell Edwards,BYU,1987,1,,13,9,4,0,8.7808323859826,0.21916761401739926,-6.106916528288821,23.08434
594421507593,LaVell Edwards,BYU,1988,1,,13,9,4,0,8.432084206894848,0.5679157931051524,-18.50019559232578,22.825824
594421507593,LaVell Edwards,BYU,1989,1,,13,10,3,0,8.889379060037333,1.1106209399626668,88.54396424007223,24.864928
594421507593,LaVell Edwards,BYU,1990,1,,13,10,3,0,9.497715200320336,0.5022847996796642,1.824922946142351,24.825824
594421507593,LaVell Edwards,BYU,1991,1,,13,8,3,2,8.08247694022706,0.9175230597729396,122.59741716880762,21.181675
594421507593,LaVell Edwards,BYU,1992,1,,13,8,5,0,8.185843291140916,-0.18584329114091602,40.46782966471051,21.00979
594421507593,LaVell Edwards,BYU,1993,1,,12,6,6,0,7.40744755656922,-1.4074475565692204,-154.43932077642808,14.804309
594421507593,LaVell Edwards,BYU,1994,1,,13,10,3,0,7.8532704215264,2.1467295784736002,136.50197315579317,25.14248
594421507593,LaVell Edwards,BYU,1995,1,,11,7,4,0,6.8779218150370545,0.12207818496294554,-25.547342013806656,18.222458
594421507593,LaVell Edwards,BYU,1996,1,,15,14,1,0,11.054317334845154,2.9456826651548464,272.6988492871483,35.008449
594421507593,LaVell Edwards,BYU,1997,1,,11,6,5,0,8.174343300733444,-2.174343300733444,-298.1660548943821,14.579676
594421507593,LaVell Edwards,BYU,1998,1,,13,8,5,0,7.142632362272781,0.8573676377272186,90.20338516812376,21.023882
594421507593,LaVell Edwards,BYU,1999,1,,12,8,4,0,7.97074183322742,0.029258166772580196,27.06859923739171,20.57614
594421507593,LaVell Edwards,BYU,2000,1,,12,6,6,0,6.215404160804609,-0.2154041608046091,-16.518182730200124,15.884187
860143856784,Lance Guidry,Miami (OH),2010,0,"two head coaches this season, and the feed does not say which games",,,,,,,,
205446007732,Lance Leipold,Buffalo,2015,1,,11,4,7,0,5.424999166703401,-1.424999166703401,-95.72050702730485,11.608589
205446007732,Lance Leipold,Buffalo,2016,1,,11,2,9,0,3.3322429903220585,-1.3322429903220585,-93.50487597406118,6.913559
205446007732,Lance Leipold,Buffalo,2017,1,,11,5,6,0,3.8087566256179004,1.1912433743820996,31.413732373918492,16.454227
205446007732,Lance Leipold,Buffalo,2018,1,,13,9,4,0,7.518145903113925,1.4818540968860754,143.95170518162126,24.816079
205446007732,Lance Leipold,Buffalo,2019,1,,12,7,5,0,7.576388074440292,-0.5763880744402918,24.707193086371944,19.592816
205446007732,Lance Leipold,Buffalo,2020,1,,7,6,1,0,5.243904201272126,0.7560957987278742,54.401788533194804,14.721866
205446007732,Lance Leipold,Kansas,2021,1,,11,1,10,0,1.2528655128825847,-0.25286551288258474,-77.91223917047773,3.893184
205446007732,Lance Leipold,Kansas,2022,1,,12,5,7,0,3.2033621615535957,1.7966378384464043,180.70649305060556,18.683595
205446007732,Lance Leipold,Kansas,2023,1,,12,8,4,0,5.747792347428774,2.252207652571226,170.7316810231098,24.29386
205446007732,Lance Leipold,Kansas,2024,1,,11,4,7,0,4.805104761355096,-0.8051047613550963,37.42978358403593,12.555768
205446007732,Lance Leipold,Kansas,2025,1,,11,4,7,0,6.197270994361762,-2.1972709943617623,-52.41407039808428,10.162437
205446007732,Lance Leipold,Kansas,2026,1,,3,1,2,0,1.698322394323441,-0.6983223943234409,10.04639150585217,2.371164
185632841488,Lance Taylor,Western Michigan,2023,1,,11,3,8,0,3.976640727151183,-0.976640727151183,-107.48509475888841,8.779548
185632841488,Lance Taylor,Western Michigan,2024,1,,12,5,7,0,4.84544088153944,0.15455911846056036,16.095052871287635,14.114611
185632841488,Lance Taylor,Western Michigan,2025,1,,13,9,4,0,6.680414334354871,2.3195856656451292,263.8514496722314,26.09691
185632841488,Lance Taylor,Western Michigan,2026,1,,4,2,2,0,2.3721466182478697,-0.37214661824786965,-66.99258401679208,4.894772
247685182996,Lane Kiffin,Tennessee,2009,1,,13,7,6,0,6.726636714548191,0.27336328545180866,38.625800649347866,18.371303
247685182996,Lane Kiffin,USC,2010,1,,13,8,5,0,8.588841547812832,-0.5888415478128319,-28.674004036111683,19.853214
247685182996,Lane Kiffin,USC,2011,1,,12,10,2,0,7.353376612367527,2.6466233876324727,186.26480978048812,27.014955
247685182996,Lane Kiffin,USC,2012,1,,13,7,6,0,8.24672042760628,-1.2467204276062809,-197.62797830863383,16.303696
247685182996,Lane Kiffin,USC,2013,0,"two head coaches this season, and the feed does not say which games",,,,,,,,
247685182996,Lane Kiffin,FAU,2017,1,,13,10,3,0,6.375653253893166,3.624346746106834,317.0649193913291,28.750014
247685182996,Lane Kiffin,FAU,2018,1,,11,4,7,0,6.141525818946309,-2.1415258189463087,-96.77202290608284,10.498018
247685182996,Lane Kiffin,FAU,2019,1,,13,10,3,0,7.558355384531319,2.4416446154686806,167.90124790335653,27.015969
247685182996,Lane Kiffin,Ole Miss,2020,1,,10,5,5,0,3.7928609059662786,1.2071390940337214,93.54516535111952,15.46005
247685182996,Lane Kiffin,Ole Miss,2021,1,,12,9,3,0,6.0369658596815325,2.9630341403184675,115.86337668932379,25.869234
247685182996,Lane Kiffin,Ole Miss,2022,1,,12,7,5,0,7.2115983504485905,-0.21159835044859054,-61.86692444645064,18.172116
247685182996,Lane Kiffin,Ole Miss,2023,1,,12,10,2,0,6.5883605559824705,3.4116394440175295,181.91464967494312,27.714144
247685182996,Lane Kiffin,Ole Miss,2024,1,,12,9,3,0,8.516762323284158,0.4832376767158415,97.85410946101501,23.654476
247685182996,Lane Kiffin,Ole Miss,2025,0,"two head coaches this season, and the feed does not say which games",,,,,,,,
247685182996,Lane Kiffin,LSU,2026,1,,4,3,1,0,2.2696514320393297,0.7303485679606703,158.9605561018102,7.90843
540878494194,Larry Blakeney,Troy,2001,1,,7,3,4,0,2.6160954384071355,0.38390456159286446,10.978126606726846,
540878494194,Larry Blakeney,Troy,2002,1,,8,0,8,0,2.5798861691276453,-2.5798861691276453,-200.86765782833936,1.0
540878494194,Larry Blakeney,Troy,2003,1,,10,4,6,0,3.5354634349701213,0.4645365650298787,39.56848296669591,12.148263
540878494194,Larry Blakeney,Troy,2004,1,,12,7,5,0,6.184559522100007,0.8154404778999931,94.94592691007165,17.128526
540878494194,Larry Blakeney,Troy,2005,1,,10,3,7,0,5.475364502899107,-2.475364502899107,-257.23600210891254,6.724109
540878494194,Larry Blakeney,Troy,2006,1,,12,7,5,0,4.988824316993581,2.011175683006419,147.73423946031676,20.552429
540878494194,Larry Blakeney,Troy,2007,1,,11,7,4,0,6.280737468653641,0.7192625313463594,33.80708150164878,18.28144
540878494194,Larry Blakeney,Troy,2008,1,,12,7,5,0,7.432760967689481,-0.4327609676894806,48.58102945484711,15.943207
540878494194,Larry Blakeney,Troy,2009,1,,13,9,4,0,8.579626699368125,0.4203733006318746,45.094007625994436,22.962157
540878494194,Larry Blakeney,Troy,2010,1,,13,8,5,0,8.60347090152838,-0.6034709015283806,35.5828957363226,20.257276
540878494194,Larry Blakeney,Troy,2011,1,,12,3,9,0,6.501091784511495,-3.5010917845114946,-290.2794346444314,7.945104
540878494194,Larry Blakeney,Troy,2012,1,,12,5,7,0,5.388212822161542,-0.38821282216154174,102.61780887146506,12.015209
540878494194,Larry Blakeney,Troy,2013,1,,11,5,6,0,5.195858954663209,-0.19585895466320924,12.165725251194544,10.928286
540878494194,Larry Blakeney,Troy,2014,1,,11,3,8,0,4.577903796716044,-1.5779037967160443,-216.98527239833425,7.908739
605428709460,Larry Coker,Miami (FL),2001,1,,12,12,0,0,10.319145389678667,1.680854610321333,189.00475710331716,26.105246
605428709460,Larry Coker,Miami (FL),2002,1,,12,11,1,0,10.478547889126805,0.5214521108731951,114.36926948581004,26.102079
605428709460,Larry Coker,Miami (FL),2003,1,,13,11,2,0,11.07426440200059,-0.07426440200059048,-21.100948328680033,25.236884
605428709460,Larry Coker,Miami (FL),2004,1,,12,9,3,0,8.882170407447582,0.1178295925524182,-125.12908831738969,23.414116
605428709460,Larry Coker,Miami (FL),2005,1,,12,9,3,0,8.290269437826575,0.7097305621734247,23.423531274893094,21.951655
605428709460,Larry Coker,Miami (FL),2006,1,,12,6,6,0,7.182875323061706,-1.1828753230617064,-6.2858610444582155,14.585497
605428709460,Larry Coker,UTSA,2012,1,,8,4,4,0,4.253192897448336,-0.2531928974483364,-103.73300395881597,
605428709460,Larry Coker,UTSA,2013,1,,12,7,5,0,5.654215057526261,1.3457849424737391,66.32923016953237,20.717431
605428709460,Larry Coker,UTSA,2014,1,,12,4,8,0,6.288277961904741,-2.2882779619047406,-146.52196149418228,11.309957
605428709460,Larry Coker,UTSA,2015,1,,12,3,9,0,4.337987164256069,-1.3379871642560692,-117.8510977010726,6.329285
257508112400,Larry Fedora,Southern Miss,2008,1,,13,7,6,0,6.967621525564468,0.03237847443553221,7.131731628236821,20.83189
257508112400,Larry Fedora,Southern Miss,2009,1,,12,6,6,0,6.607065006162498,-0.6070650061624976,-52.376534214722824,15.580481
257508112400,Larry Fedora,Southern Miss,2010,1,,12,7,5,0,7.285921989036241,-0.28592198903624144,142.85591280435142,19.906616
257508112400,Larry Fedora,Southern Miss,2011,1,,13,11,2,0,8.888765550365328,2.111234449634672,53.28764869436009,29.240194
257508112400,Larry Fedora,North Carolina,2012,1,,11,7,4,0,6.68308295214132,0.3169170478586798,133.67668821581333,19.152839
257508112400,Larry Fedora,North Carolina,2013,1,,12,6,6,0,6.314245027811659,-0.3142450278116593,-26.130080765482262,16.495092
257508112400,Larry Fedora,North Carolina,2014,1,,12,5,7,0,5.300740716525286,-0.30074071652528556,-141.31266189696316,14.720215
257508112400,Larry Fedora,North Carolina,2015,1,,12,9,3,0,5.706500321245432,3.293499678754568,213.43700683726047,26.37403
257508112400,Larry Fedora,North Carolina,2016,1,,11,6,5,0,6.379821409437337,-0.3798214094373371,-102.16201364314065,16.91724
257508112400,Larry Fedora,North Carolina,2017,1,,11,2,9,0,3.782790434057696,-1.7827904340576959,-93.50165031381925,6.387851
257508112400,Larry Fedora,North Carolina,2018,1,,10,1,9,0,2.8273532844257283,-1.8273532844257283,-43.61422497497938,5.350194
791843786616,Larry Lacewell,Arkansas State,1980,1,,6,0,6,0,2.2131369284976548,-2.2131369284976548,-264.07072243187963,
791843786616,Larry Lacewell,Arkansas State,1981,1,,6,4,2,0,2.2586334410225795,1.7413665589774205,186.4465622733842,
962544470830,Larry Marmie,Arizona State,1988,1,,10,5,5,0,4.640940724084593,0.3590592759154072,-71.00161821529673,13.536826
962544470830,Larry Marmie,Arizona State,1989,1,,11,6,4,1,5.703969094497948,0.796030905502052,-5.274307742694646,17.149398
962544470830,Larry Marmie,Arizona State,1990,1,,11,4,7,0,4.6241077272385365,-0.6241077272385365,-40.70942309858333,11.000176
962544470830,Larry Marmie,Arizona State,1991,1,,11,6,5,0,5.378978014663075,0.6210219853369248,51.19885948372985,16.900156
1068819681379,Larry Porter,Memphis,2010,1,,12,1,11,0,3.038915301431314,-2.038915301431314,-133.19551701029764,3.528104
1068819681379,Larry Porter,Memphis,2011,1,,11,1,10,0,2.3468452335652215,-1.3468452335652215,-130.67801849776833,3.506524
830105761165,Larry Smith,Arizona,1980,1,,10,4,6,0,4.398494074372721,-0.3984940743727208,-98.68758707303641,
830105761165,Larry Smith,Arizona,1981,1,,10,5,5,0,4.912310435238823,0.08768956476117662,0.771187207074945,
830105761165,Larry Smith,Arizona,1982,1,,10,5,4,1,4.181102126672075,1.3188978733279253,147.53767320985867,
830105761165,Larry Smith,Arizona,1983,1,,10,6,3,1,6.371592073098399,0.12840792690160097,1.1686773450135206,
830105761165,Larry Smith,Arizona,1984,1,,10,6,4,0,6.154435756424797,-0.1544357564247969,51.42045960564474,
830105761165,Larry Smith,Arizona,1985,1,,12,8,3,1,7.831192372381896,0.6688076276181043,92.98502956414154,22.672639
830105761165,Larry Smith,Arizona,1986,1,,12,9,3,0,8.552588853967455,0.44741114603254495,102.66221541416962,22.641239
830105761165,Larry Smith,USC,1987,1,,12,8,4,0,6.584304017228711,1.4156959827712887,137.84772454084555,21.926536
830105761165,Larry Smith,USC,1988,1,,12,10,2,0,8.416029055145819,1.5839709448541814,155.5287264742874,25.942583
830105761165,Larry Smith,USC,1989,1,,12,9,2,1,8.66334036334946,0.8366596366505394,146.23390473529912,22.754434
830105761165,Larry Smith,USC,1990,1,,13,8,4,1,9.455429768764045,-0.955429768764045,-93.9771361522146,19.783327
830105761165,Larry Smith,USC,1991,1,,11,3,8,0,5.328475242272766,-2.3284752422727664,-208.33476711669368,8.823756
830105761165,Larry Smith,USC,1992,1,,12,6,5,1,5.54588226791305,0.9541177320869503,123.2427874560176,18.410909
830105761165,Larry Smith,Missouri,1994,1,,12,3,8,1,4.295891206740284,-0.7958912067402837,-59.28331578229381,9.793638
830105761165,Larry Smith,Missouri,1995,1,,11,3,8,0,3.5057466426387855,-0.5057466426387855,-1.5927869120907872,5.627606
830105761165,Larry Smith,Missouri,1996,1,,11,5,6,0,3.6498477014758888,1.3501522985241112,121.80064828419495,15.937771
830105761165,Larry Smith,Missouri,1997,1,,12,7,5,0,5.509258163732931,1.4907418362670688,113.26382950404422,19.900216
830105761165,Larry Smith,Missouri,1998,1,,11,7,4,0,5.636497329269743,1.3635026707302567,113.52875585671086,18.870924
830105761165,Larry Smith,Missouri,1999,1,,11,4,7,0,6.191113203871754,-2.191113203871754,-233.0899517821847,10.064217
830105761165,Larry Smith,Missouri,2000,1,,10,2,8,0,2.8385584546465092,-0.8385584546465092,-87.04528937517694,5.975839
914664897906,Lee Corso,Indiana,1980,1,,11,6,5,0,6.200498494905075,-0.20049849490507476,-40.60900203754636,
914664897906,Lee Corso,Indiana,1981,1,,11,3,8,0,3.4757361407531233,-0.4757361407531233,-158.29130449750005,
914664897906,Lee Corso,Indiana,1982,1,,11,5,6,0,4.061791192525184,0.9382088074748163,63.78507180573661,
914664897906,Lee Corso,Northern Illinois,1984,1,,10,3,6,1,6.071686793778839,-2.571686793778839,-251.50534045582162,
752663665032,Lee Marks,Fresno State,2021,0,"two head coaches this season, and the feed does not say which games",,,,,,,,
333282319023,Lee Moon,Kansas State,1985,0,"two head coaches this season, and the feed does not say which games",,,,,,,,
178248191227,Lee Owens,Akron,1995,1,,10,2,8,0,2.183960069377455,-0.1839600693774548,-42.762104325768405,6.368807
178248191227,Lee Owens,Akron,1996,1,,11,4,7,0,3.281705267363627,0.7182947326363731,52.949124156913285,13.265976
178248191227,Lee Owens,Akron,1997,1,,11,2,9,0,2.940562557457672,-0.9405625574576719,-77.85611374843484,5.914379
178248191227,Lee Owens,Akron,1998,1,,11,4,7,0,4.428027313317502,-0.4280273133175019,-19.032578887409272,11.437244
178248191227,Lee Owens,Akron,1999,1,,11,7,4,0,5.679110051306203,1.3208899486937966,106.38889583308264,16.351456
178248191227,Lee Owens,Akron,2000,1,,11,6,5,0,6.13088748570211,-0.13088748570211006,-4.631515000538002,16.845616
178248191227,Lee Owens,Akron,2001,1,,11,4,7,0,4.61426503926046,-0.6142650392604603,-67.77578134146802,10.715075
178248191227,Lee Owens,Akron,2002,1,,11,3,8,0,4.048213695621021,-1.0482136956210208,-59.16207682852314,9.063968
178248191227,Lee Owens,Akron,2003,1,,10,5,5,0,5.035925927612473,-0.03592592761247282,43.66440476923685,13.109681
222044857006,Leon Burtnett,Purdue,1982,1,,11,3,8,0,3.600100206609571,-0.6001002066095711,-86.67055053473223,
222044857006,Leon Burtnett,Purdue,1983,1,,11,3,7,1,3.187582728573405,0.3124172714265949,-6.779062085212217,
222044857006,Leon Burtnett,Purdue,1984,1,,12,7,5,0,5.296954894940526,1.7030451050594744,73.59603015012294,0.0
222044857006,Leon Burtnett,Purdue,1985,1,,11,5,6,0,5.216795614393905,-0.21679561439390493,2.0535838051400788,13.833225
222044857006,Leon Burtnett,Purdue,1986,1,,11,3,8,0,3.57397185840112,-0.5739718584011202,-155.23071129217988,8.540605
630695421932,Leon Fuller,Colorado State,1982,1,,11,4,7,0,3.3885130719651744,0.6114869280348256,73.08737411800871,
630695421932,Leon Fuller,Colorado State,1983,1,,11,4,7,0,2.84738486956213,1.1526151304378698,-15.532455877970278,
630695421932,Leon Fuller,Colorado State,1984,1,,10,3,7,0,3.171524458915174,-0.1715244589151741,-36.89271430809822,
630695421932,Leon Fuller,Colorado State,1985,1,,12,5,7,0,3.7274711200342816,1.2725288799657184,113.68411420760367,15.489603
630695421932,Leon Fuller,Colorado State,1986,1,,10,5,5,0,5.7055484318167045,-0.7055484318167045,-4.6699983570420045,14.669836
630695421932,Leon Fuller,Colorado State,1987,1,,12,1,11,0,3.906557110862737,-2.906557110862737,-245.16418528019472,2.685961
630695421932,Leon Fuller,Colorado State,1988,1,,11,1,10,0,2.5512090670610315,-1.5512090670610315,-116.85210111946458,3.209481
11226768951,Les Miles,Oklahoma State,2001,1,,10,3,7,0,2.585799127119103,0.414200872880897,55.48606410424668,10.732986
11226768951,Les Miles,Oklahoma State,2002,1,,12,7,5,0,4.975315780691282,2.0246842193087176,173.85520261968782,20.737428
11226768951,Les Miles,Oklahoma State,2003,1,,12,8,4,0,7.077511169051674,0.9224888309483257,-8.291303947951747,20.963478
11226768951,Les Miles,Oklahoma State,2004,1,,12,7,5,0,6.211386991790642,0.7886130082093583,-51.645984832482554,18.870082
11226768951,Les Miles,LSU,2005,1,,12,10,2,0,8.486138240213355,1.5138617597866446,107.65168089972417,26.329372
11226768951,Les Miles,LSU,2006,1,,13,11,2,0,10.268839907725525,0.7311600922744752,128.85728410125307,25.069487
11226768951,Les Miles,LSU,2007,1,,14,12,2,0,11.271283480384884,0.7287165196151157,21.68934770045962,30.358406
11226768951,Les Miles,LSU,2008,1,,12,7,5,0,8.49078617020435,-1.4907861702043501,-89.57170244244503,17.97146
11226768951,Les Miles,LSU,2009,1,,13,9,4,0,8.633852110666261,0.3661478893337389,5.029122083031098,21.310752
11226768951,Les Miles,LSU,2010,1,,12,10,2,0,7.298763096434605,2.7012369035653947,99.44600356361889,26.717135
11226768951,Les Miles,LSU,2011,1,,13,12,1,0,8.967935219712182,3.0320647802878185,173.36043798533024,30.761773
11226768951,Les Miles,LSU,2012,1,,12,9,3,0,8.627043481190626,0.3729565188093744,-43.87872655783576,21.100263
11226768951,Les Miles,LSU,2013,1,,12,9,3,0,7.613041591691068,1.3869584083089324,102.53351604632167,22.525583
11226768951,Les Miles,LSU,2014,1,,12,7,5,0,7.446328612368962,-0.44632861236896204,-33.616924511192565,19.005585
11226768951,Les Miles,LSU,2015,1,,12,9,3,0,7.56261168207282,1.43738831792718,77.42924952342742,22.991931
11226768951,Les Miles,LSU,2016,0,"two head coaches this season, and the feed does not say which games",,,,,,,,
11226768951,Les Miles,Kansas,2019,1,,11,2,9,0,2.58809585184414,-0.5880958518441401,-26.229670094920266,7.074331
11226768951,Les Miles,Kansas,2020,1,,9,0,9,0,1.6022026933680273,-1.6022026933680273,-149.22648708062366,0.0
1096853933468,Lincoln Riley,Oklahoma,2017,1,,14,12,2,0,10.764776795684798,1.2352232043152025,113.72164757311475,30.113446
1096853933468,Lincoln Riley,Oklahoma,2018,1,,14,12,2,0,11.285618091453982,0.7143819085460184,63.779574325255226,26.9026
1096853933468,Lincoln Riley,Oklahoma,2019,1,,13,11,2,0,10.082308046181984,0.9176919538180162,32.524498134961505,25.544322
1096853933468,Lincoln Riley,Oklahoma,2020,1,,10,8,2,0,7.286488735100699,0.7135112648993012,129.80775311048546,19.719115
1096853933468,Lincoln Riley,Oklahoma,2021,0,"two head coaches this season, and the feed does not say which games",,,,,,,,
1096853933468,Lincoln Riley,USC,2022,1,,14,11,3,0,7.999440790119829,3.000559209880171,172.90225218181558,30.13133
1096853933468,Lincoln Riley,USC,2023,1,,13,8,5,0,7.852583534560816,0.14741646543918385,-6.42154175394171,20.050545
1096853933468,Lincoln Riley,USC,2024,1,,13,7,6,0,6.946732003466415,0.05326799653358538,79.07360239144623,20.200091
1096853933468,Lincoln Riley,USC,2025,1,,13,9,4,0,8.394669685768289,0.6053303142317112,23.09024884813175,21.166999
1096853933468,Lincoln Riley,USC,2026,1,,6,5,1,0,4.572373503549076,0.427626496450924,53.90999456706504,11.833934
790787553226,Lloyd Carr,Michigan,1995,1,,13,9,4,0,8.847398948145198,0.152601051854802,56.66741774367301,22.75456
790787553226,Lloyd Carr,Michigan,1996,1,,12,8,4,0,7.872885577574633,0.1271144224253673,53.54992538374722,20.822751
790787553226,Lloyd Carr,Michigan,1997,1,,12,12,0,0,9.011391583177877,2.9886084168221227,319.0588678569459,30.139937
790787553226,Lloyd Carr,Michigan,1998,1,,13,10,3,0,10.024752559320264,-0.02475255932026421,-37.55449789754584,23.803638
790787553226,Lloyd Carr,Michigan,1999,1,,12,10,2,0,8.593608788514835,1.4063912114851647,64.51058488957688,25.723433
790787553226,Lloyd Carr,Michigan,2000,1,,12,9,3,0,8.842366238114543,0.15763376188545664,77.0083551347841,22.027789
790787553226,Lloyd Carr,Michigan,2001,1,,12,8,4,0,9.138388299950211,-1.1383882999502113,-73.57117278039118,18.510306
790787553226,Lloyd Carr,Michigan,2002,1,,13,10,3,0,8.3304578552857,1.6695421447143008,72.62285819962585,25.517375
790787553226,Lloyd Carr,Michigan,2003,1,,13,10,3,0,8.97801535056484,1.0219846494351597,116.01537800243841,24.583351
790787553226,Lloyd Carr,Michigan,2004,1,,12,9,3,0,8.59216073438806,0.4078392656119405,36.78219420681671,21.856961
790787553226,Lloyd Carr,Michigan,2005,1,,12,7,5,0,7.079024955023134,-0.07902495502313389,-89.70180495699515,18.721834
790787553226,Lloyd Carr,Michigan,2006,1,,13,11,2,0,8.771789715268064,2.2282102847319365,169.68680301812833,27.414009
790787553226,Lloyd Carr,Michigan,2007,1,,12,9,3,0,7.814014183607382,1.185985816392618,-8.903723544699687,23.016506
91646607871,Lorenzo Ward,Louisville,2018,0,"two head coaches this season, and the feed does not say which games",,,,,,,,
297853530552,Lou Holtz,Arkansas,1980,1,,11,6,5,0,5.773191271513118,0.2268087284868816,58.60832260627399,0.0
297853530552,Lou Holtz,Arkansas,1981,1,,12,8,4,0,7.618023417143572,0.3819765828564279,85.40320306656145,0.0
297853530552,Lou Holtz,Arkansas,1982,1,,12,9,2,1,8.464542078976866,1.0354579210231343,81.26074886863785,0.0
297853530552,Lou Holtz,Arkansas,1983,1,,11,6,5,0,7.456413591615001,-1.456413591615001,-136.44468676493761,
297853530552,Lou Holtz,Minnesota,1984,1,,11,4,7,0,2.7095215577421268,1.2904784422578732,113.80713143786556,
297853530552,Lou Holtz,Minnesota,1985,1,,10,5,5,0,3.6351916743588673,1.3648083256411327,186.5206689928657,15.431592
297853530552,Lou Holtz,Notre Dame,1986,1,,11,5,6,0,4.985795871532617,0.014204128467382837,115.228411450865,14.082749
297853530552,Lou Holtz,Notre Dame,1987,1,,12,8,4,0,7.7439528862261975,0.2560471137738025,99.49498037890066,21.113966
297853530552,Lou Holtz,Notre Dame,1988,1,,12,12,0,0,8.621561204572453,3.378438795427547,299.1165727514135,31.02826
297853530552,Lou Holtz,Notre Dame,1989,1,,13,12,1,0,10.654657235248159,1.345342764751841,104.22735580118865,27.847665
297853530552,Lou Holtz,Notre Dame,1990,1,,12,9,3,0,9.02106558356318,-0.021065583563180112,2.6164586984095877,22.243977
297853530552,Lou Holtz,Notre Dame,1991,1,,13,10,3,0,9.78840906835231,0.21159093164768983,68.5296582094918,23.354474
297853530552,Lou Holtz,Notre Dame,1992,1,,12,10,1,1,9.075983081932339,1.424016918067661,134.13259364783562,24.361009
297853530552,Lou Holtz,Notre Dame,1993,1,,12,11,1,0,9.693727941815917,1.3062720581840832,140.1477547051079,25.829292
297853530552,Lou Holtz,Notre Dame,1994,1,,12,6,5,1,8.669904335211964,-2.169904335211964,-200.41410078899185,13.781246
297853530552,Lou Holtz,Notre Dame,1995,1,,12,9,3,0,8.119750512341273,0.8802494876587268,169.27185713604604,22.449353
297853530552,Lou Holtz,Notre Dame,1996,1,,11,8,3,0,8.661401181528888,-0.6614011815288876,-34.03752779130241,18.833793
297853530552,Lou Holtz,South Carolina,1999,1,,11,0,11,0,1.5299472094290025,-1.5299472094290025,-131.58672461355127,0.0
297853530552,Lou Holtz,South Carolina,2000,1,,12,8,4,0,4.678798308838078,3.3212016911619218,398.58320222718044,25.298898
297853530552,Lou Holtz,South Carolina,2001,1,,11,8,3,0,6.760022640253578,1.2399773597464216,67.72619395153674,22.014856
297853530552,Lou Holtz,South Carolina,2002,1,,12,5,7,0,6.552398011262003,-1.552398011262003,-180.27166512553708,12.502332
297853530552,Lou Holtz,South Carolina,2003,1,,12,5,7,0,5.676942359542134,-0.6769423595421342,-48.26477618343847,13.659669
297853530552,Lou Holtz,South Carolina,2004,1,,11,6,5,0,4.731662571917667,1.268337428082333,5.704927807923923,17.522559
275696329406,Lou Spanos,UConn,2021,0,"two head coaches this season, and the feed does not say which games",,,,,,,,
700741376386,Lou Tepper,Illinois,1992,1,,12,6,5,1,6.390313757850265,0.10968624214973488,-39.159584924885166,18.654493
700741376386,Lou Tepper,Illinois,1993,1,,11,5,6,0,4.743225607777267,0.2567743922227326,22.045308561897855,14.635268
700741376386,Lou Tepper,Illinois,1994,1,,12,7,5,0,6.764449267792926,0.23555073220707357,159.93464431471557,18.705098
700741376386,Lou Tepper,Illinois,1995,1,,11,5,5,1,5.593475794405814,-0.09347579440581377,1.593847457971151,14.557036
700741376386,Lou Tepper,Illinois,1996,1,,11,2,9,0,4.253453806754147,-2.2534538067541474,-261.3656763651218,4.956683
719744867478,Lovie Smith,Illinois,2016,1,,11,2,9,0,2.941662076912221,-0.941662076912221,-121.37326391632473,7.751212
719744867478,Lovie Smith,Illinois,2017,1,,12,2,10,0,3.5222114358455006,-1.5222114358455006,-88.74031890727883,6.46697
719744867478,Lovie Smith,Illinois,2018,1,,11,3,8,0,3.189882945819512,-0.18988294581951193,1.4818453552054507,8.984032
719744867478,Lovie Smith,Illinois,2019,1,,13,6,7,0,5.1854488960134,0.8145511039865996,53.245465866828454,18.492611
719744867478,Lovie Smith,Illinois,2020,0,"two head coaches this season, and the feed does not say which games",,,,,,,,
808732735406,Luke Fickell,Ohio State,2011,1,,13,6,7,0,8.225579470266535,-2.225579470266535,-253.8905022106353,15.69968
808732735406,Luke Fickell,Cincinnati,2017,1,,11,3,8,0,4.116237283150571,-1.1162372831505714,-60.70438537488826,9.861455
808732735406,Luke Fickell,Cincinnati,2018,1,,12,10,2,0,7.0313663599156175,2.9686336400843825,253.1337954090502,28.367632
808732735406,Luke Fickell,Cincinnati,2019,1,,14,11,3,0,9.371143637846528,1.6288563621534724,145.69058921116243,27.478505
808732735406,Luke Fickell,Cincinnati,2020,1,,9,8,1,0,6.7107815854726365,1.2892184145273635,128.57003509080528,19.524655
808732735406,Luke Fickell,Cincinnati,2021,1,,13,12,1,0,10.411860665984674,1.5881393340153256,95.66659543431638,27.940075
808732735406,Luke Fickell,Cincinnati,2022,0,"two head coaches this season, and the feed does not say which games",,,,,,,,
808732735406,Luke Fickell,Wisconsin,2022,0,"two head coaches this season, and the feed does not say which games",,,,,,,,
808732735406,Luke Fickell,Wisconsin,2023,1,,13,7,6,0,8.010917542902932,-1.0109175429029325,-79.60711874896992,18.1702
808732735406,Luke Fickell,Wisconsin,2024,1,,11,4,7,0,5.268850004381514,-1.2688500043815143,-121.3601171702785,10.264765
808732735406,Luke Fickell,Wisconsin,2025,1,,12,4,8,0,3.6253552367336166,0.3746447632663834,21.66333292499712,12.317745
808732735406,Luke Fickell,Wisconsin,2026,1,,4,3,1,0,1.7544655455970806,1.2455344544029194,144.7345554182716,8.677372
145226548088,Mack Brown,Tulane,1985,1,,11,1,10,0,2.543474766618275,-1.5434747666182749,-145.87190216322756,3.325902
145226548088,Mack Brown,Tulane,1986,1,,10,4,6,0,3.682285381025748,0.3177146189742519,9.17558839392882,12.519198
145226548088,Mack Brown,Tulane,1987,1,,12,6,6,0,5.424813629415531,0.5751863705844693,113.20706957762627,17.647932
145226548088,Mack Brown,North Carolina,1988,1,,11,1,10,0,3.068627236535932,-2.068627236535932,-204.36657581851705,3.148997
145226548088,Mack Brown,North Carolina,1989,1,,10,0,10,0,1.8420702532579376,-1.8420702532579376,-140.84159697493487,0.0
145226548088,Mack Brown,North Carolina,1990,1,,10,5,4,1,2.8955922269887258,2.6044077730112742,223.07199330776552,17.513465
145226548088,Mack Brown,North Carolina,1991,1,,10,6,4,0,5.297797833126702,0.7022021668732981,65.84320628431169,15.770887
145226548088,Mack Brown,North Carolina,1992,1,,11,8,3,0,6.558739773358309,1.441260226641691,120.20068721846678,21.590814
145226548088,Mack Brown,North Carolina,1993,1,,13,10,3,0,9.352635354599135,0.6473646454008648,104.7465307761986,24.69758
145226548088,Mack Brown,North Carolina,1994,1,,12,8,4,0,8.251046440126936,-0.25104644012693633,-74.56733209137883,19.6885
145226548088,Mack Brown,North Carolina,1995,1,,12,7,5,0,6.543945477139212,0.4560545228607884,27.695803526466307,19.213439
145226548088,Mack Brown,North Carolina,1996,1,,12,10,2,0,8.735786011785097,1.2642139882149035,189.88476329152604,24.62249
145226548088,Mack Brown,North Carolina,1997,1,,12,11,1,0,9.68882707723214,1.3111729227678595,117.53016852898963,25.885302
145226548088,Mack Brown,Texas,1998,1,,12,9,3,0,5.992314098475947,3.007685901524053,287.57151541300414,25.138501
145226548088,Mack Brown,Texas,1999,1,,14,9,5,0,9.598757974931583,-0.5987579749315834,-64.51764349575751,22.263285
145226548088,Mack Brown,Texas,2000,1,,12,9,3,0,8.049293271597042,0.9507067284029578,160.14022993997241,22.574967
145226548088,Mack Brown,Texas,2001,1,,13,11,2,0,10.08257413026946,0.9174258697305397,144.17402309645422,26.054091
145226548088,Mack Brown,Texas,2002,1,,13,11,2,0,10.185220084266158,0.8147799157338422,62.46278860121174,26.409902
145226548088,Mack Brown,Texas,2003,1,,13,10,3,0,9.990461798712943,0.00953820128705729,12.031599966624754,23.827018
145226548088,Mack Brown,Texas,2004,1,,12,11,1,0,8.741708756574535,2.2582912434254645,166.19170210503648,26.864347
145226548088,Mack Brown,Texas,2005,1,,13,13,0,0,10.543528187516054,2.4564718124839455,159.10179405695476,30.698748
145226548088,Mack Brown,Texas,2006,1,,12,9,3,0,10.110911266558945,-1.1109112665589453,-97.83223798546146,20.162414
145226548088,Mack Brown,Texas,2007,1,,13,10,3,0,9.257412169358588,0.742587830641412,-10.846951199919886,24.465246
145226548088,Mack Brown,Texas,2008,1,,13,12,1,0,9.743137735183675,2.2568622648163252,172.26057497833608,28.704197
145226548088,Mack Brown,Texas,2009,1,,14,13,1,0,11.154340767883516,1.8456592321164838,105.81575936681224,29.584034
145226548088,Mack Brown,Texas,2010,1,,12,5,7,0,8.195090573227425,-3.195090573227425,-209.45154382380883,12.118751
145226548088,Mack Brown,Texas,2011,1,,13,8,5,0,7.290376158939957,0.7096238410600426,70.47030767130263,21.19906
145226548088,Mack Brown,Texas,2012,1,,13,9,4,0,7.373021745708847,1.6269782542911528,57.891032458084965,23.818012
145226548088,Mack Brown,Texas,2013,1,,13,8,5,0,7.535096496929817,0.46490350307018335,-7.42969719396342,21.249258
145226548088,Mack Brown,North Carolina,2019,1,,12,6,6,0,4.480942925249829,1.5190570747501706,245.35675997837166,20.705404
145226548088,Mack Brown,North Carolina,2020,1,,11,7,4,0,6.799037233182357,0.2009627668176428,97.73663911071299,18.858226
145226548088,Mack Brown,North Carolina,2021,1,,12,5,7,0,7.108774254534716,-2.1087742545347163,-221.09480315616975,14.186568
145226548088,Mack Brown,North Carolina,2022,1,,13,8,5,0,6.301501443833585,1.698498556166415,-3.205470555488546,25.258124
145226548088,Mack Brown,North Carolina,2023,1,,12,7,5,0,6.648288386885778,0.3517116131142224,63.42706146232649,19.745364
145226548088,Mack Brown,North Carolina,2024,0,"two head coaches this season, and the feed does not say which games",,,,,,,,
736964594467,Major Applewhite,Houston,2016,0,"two head coaches this season, and the feed does not say which games",,,,,,,,
736964594467,Major Applewhite,Houston,2017,1,,12,7,5,0,7.751483328084848,-0.7514833280848476,-68.05195074139647,19.063995
736964594467,Major Applewhite,Houston,2018,1,,12,7,5,0,6.692470346866002,0.30752965313399816,-105.71076422857891,18.856543
736964594467,Major Applewhite,South Alabama,2024,1,,12,6,6,0,7.75095225618708,-1.7509522561870803,-11.71463302486518,15.933086
736964594467,Major Applewhite,South Alabama,2025,1,,11,3,8,0,5.5905198456420155,-2.5905198456420155,-163.1556284074411,9.590622
736964594467,Major Applewhite,South Alabama,2026,1,,4,2,2,0,1.6330346026372762,0.3669653973627238,-11.433470557042938,5.555807
171824733205,Manny Diaz,Miami (FL),2019,1,,12,5,7,0,6.602685921855464,-1.602685921855464,-19.81445909173931,15.912201
171824733205,Manny Diaz,Miami (FL),2020,1,,11,8,3,0,5.759860669668722,2.240139330331278,84.17922014744181,22.476204
171824733205,Manny Diaz,Miami (FL),2021,0,"two head coaches this season, and the feed does not say which games",,,,,,,,
171824733205,Manny Diaz,Duke,2024,1,,12,8,4,0,6.1508907977656175,1.8491092022343825,31.08979936487617,23.289115
171824733205,Manny Diaz,Duke,2025,1,,13,8,5,0,6.681070834479115,1.3189291655208848,99.58513841686931,24.192868
171824733205,Manny Diaz,Duke,2026,1,,3,3,0,0,1.7912122540564317,1.2087877459435683,47.17328253454161,8.362974
569799409123,Marcus Arroyo,UNLV,2020,1,,6,0,6,0,1.6478602366613626,-1.6478602366613626,-124.04946853747242,0.0
569799409123,Marcus Arroyo,UNLV,2021,1,,11,2,9,0,2.2962915130592,-0.2962915130592001,35.51570862531571,6.492297
569799409123,Marcus Arroyo,UNLV,2022,1,,11,4,7,0,4.242998601865283,-0.242998601865283,-67.06012895214326,11.705179
455732056374,Marcus Freeman,Notre Dame,2021,0,"two head coaches this season, and the feed does not say which games",,,,,,,,
455732056374,Marcus Freeman,Notre Dame,2022,1,,13,9,4,0,8.907049001799628,0.09295099820037223,58.77692112447335,22.638563
455732056374,Marcus Freeman,Notre Dame,2023,1,,12,9,3,0,8.546726029485193,0.45327397051480744,103.89816640001686,21.168479
455732056374,Marcus Freeman,Notre Dame,2024,1,,16,14,2,0,11.63557942540983,2.36442057459017,168.46895454373885,34.458594
455732056374,Marcus Freeman,Notre Dame,2025,1,,12,10,2,0,9.555674697648762,0.44432530235123835,54.16883744167126,22.475132
455732056374,Marcus Freeman,Notre Dame,2026,1,,5,5,0,0,4.474440917644853,0.525559082355147,42.934192970765935,10.576876
161349405303,Mario Cristobal,FIU,2007,1,,12,1,11,0,1.6143550818748662,-0.6143550818748662,-74.05323513178337,3.382099
161349405303,Mario Cristobal,FIU,2008,1,,12,5,7,0,3.5843643034878845,1.4156356965121155,154.93561212309146,14.253674
161349405303,Mario Cristobal,FIU,2009,1,,12,3,9,0,3.8628564936742698,-0.8628564936742698,-75.901555617962,9.090769
161349405303,Mario Cristobal,FIU,2010,1,,13,7,6,0,6.030462412447195,0.9695375875528054,147.5844311577473,20.264482
161349405303,Mario Cristobal,FIU,2011,1,,13,8,5,0,8.087124684947346,-0.08712468494734615,-22.110944835053488,21.683803
161349405303,Mario Cristobal,FIU,2012,1,,12,3,9,0,5.607826947931257,-2.6078269479312572,-71.19910142255435,6.322903
161349405303,Mario Cristobal,Oregon,2018,1,,12,8,4,0,6.514897947672822,1.4851020523271776,0.842668285746413,22.891327
161349405303,Mario Cristobal,Oregon,2019,1,,13,11,2,0,7.864912403914785,3.1350875960852154,241.03423951168202,30.133212
161349405303,Mario Cristobal,Oregon,2020,1,,7,4,3,0,4.933725406886497,-0.9337254068864969,-52.536640812531004,10.252333
161349405303,Mario Cristobal,Oregon,2021,0,"two head coaches this season, and the feed does not say which games",,,,,,,,
161349405303,Mario Cristobal,Miami (FL),2022,1,,11,4,7,0,6.084094975170555,-2.0840949751705553,-162.0343760397077,10.554984
161349405303,Mario Cristobal,Miami (FL),2023,1,,12,6,6,0,6.348699579362916,-0.34869957936291573,66.16689168229709,16.922811
161349405303,Mario Cristobal,Miami (FL),2024,1,,12,9,3,0,8.381456306519746,0.6185436934802535,177.0595331669822,23.127655
161349405303,Mario Cristobal,Miami (FL),2025,1,,15,12,3,0,9.28123660294604,2.7187633970539604,252.7912526715652,34.125315
161349405303,Mario Cristobal,Miami (FL),2026,1,,4,4,0,0,3.3708378273600954,0.6291621726399046,39.18844484818055,8.858596
162706578420,Mark Carney,Kent State,2025,1,,11,4,7,0,2.7685173829290877,1.2314826170709123,113.51745176410759,12.882004
162706578420,Mark Carney,Kent State,2026,1,,4,1,3,0,1.1023793224395206,-0.10237932243952064,-24.816103954043683,2.715767
817041386975,Mark Dantonio,Cincinnati,2004,1,,12,7,5,0,5.569335937014336,1.430664062985664,213.62116450219742,21.607495
817041386975,Mark Dantonio,Cincinnati,2005,1,,10,3,7,0,4.844554770972832,-1.8445547709728318,-209.27427474187607,8.346691
817041386975,Mark Dantonio,Cincinnati,2006,0,"two head coaches this season, and the feed does not say which games",,,,,,,,
817041386975,Mark Dantonio,Michigan State,2007,1,,13,7,6,0,6.12048858673778,0.8795114132622199,183.1556820062774,22.751517
817041386975,Mark Dantonio,Michigan State,2008,1,,13,9,4,0,7.9834517637367775,1.0165482362632225,40.948952601872406,23.315037
817041386975,Mark Dantonio,Michigan State,2009,1,,12,5,7,0,6.489515338048484,-1.4895153380484842,-75.48481220410463,13.657079
817041386975,Mark Dantonio,Michigan State,2010,1,,12,10,2,0,6.906174182290285,3.093825817709715,79.61091133638797,27.584757
817041386975,Mark Dantonio,Michigan State,2011,1,,13,10,3,0,7.903651010635675,2.0963489893643246,181.47531606107054,26.858621
817041386975,Mark Dantonio,Michigan State,2012,1,,13,7,6,0,8.19372753432042,-1.19372753432042,-30.967645655086926,19.843044
817041386975,Mark Dantonio,Michigan State,2013,1,,13,12,1,0,8.965092306792096,3.034907693207904,218.46204193862036,30.489787
817041386975,Mark Dantonio,Michigan State,2014,1,,12,10,2,0,9.445566774415855,0.5544332255841447,61.02156695156964,23.009335
817041386975,Mark Dantonio,Michigan State,2015,1,,14,12,2,0,10.18032717671556,1.8196728232844404,59.47901342194814,29.518199
817041386975,Mark Dantonio,Michigan State,2016,1,,11,2,9,0,5.727680436326022,-3.727680436326022,-243.1339730626189,6.192312
817041386975,Mark Dantonio,Michigan State,2017,1,,13,10,3,0,7.232648584318691,2.7673514156813086,206.30704051874113,28.420754
817041386975,Mark Dantonio,Michigan State,2018,1,,13,7,6,0,8.101592691429364,-1.1015926914293637,-97.72789074412503,17.890047
817041386975,Mark Dantonio,Michigan State,2019,1,,13,7,6,0,7.388136638798445,-0.3881366387984446,61.28605058303174,17.565513
104936794693,Mark Duffner,Maryland,1992,1,,11,3,8,0,2.2739828819348675,0.7260171180651325,131.26756386603574,10.184272
104936794693,Mark Duffner,Maryland,1993,1,,11,2,9,0,2.8468516732578197,-0.8468516732578197,-156.95239823305883,6.216406
104936794693,Mark Duffner,Maryland,1994,1,,11,4,7,0,3.9166728851792145,0.08332711482078548,46.35726477166986,11.589597
104936794693,Mark Duffner,Maryland,1995,1,,11,6,5,0,5.3625771590795654,0.6374228409204346,14.814314404239894,17.583222
104936794693,Mark Duffner,Maryland,1996,1,,11,5,6,0,4.779049628512497,0.22095037148750318,-44.81066454574193,10.941163
811945269499,Mark Helfrich,Oregon,2013,1,,12,10,2,0,9.41091885408684,0.5890811459131609,35.1613911664499,23.036697
811945269499,Mark Helfrich,Oregon,2014,1,,14,12,2,0,9.730413973670428,2.2695860263295717,138.51482761999614,29.814105
811945269499,Mark Helfrich,Oregon,2015,1,,12,8,4,0,7.185285024581276,0.814714975418724,-84.15235081644778,23.19144
811945269499,Mark Helfrich,Oregon,2016,1,,11,3,8,0,4.956113344967957,-1.9561133449679566,-222.6551398601316,9.53222
932183830412,Mark Hudspeth,Louisiana,2011,1,,12,8,4,0,4.9527814554969805,3.0472185445030195,216.38143988151046,24.739976
932183830412,Mark Hudspeth,Louisiana,2012,1,,12,8,4,0,6.494801187553301,1.5051988124466993,54.856433096106,19.489491
932183830412,Mark Hudspeth,Louisiana,2013,1,,12,8,4,0,7.638654379679943,0.3613456203200567,-62.389567080483175,18.426747
932183830412,Mark Hudspeth,Louisiana,2014,1,,12,8,4,0,7.157152140194747,0.8428478598052527,75.30473694834336,20.930326
932183830412,Mark Hudspeth,Louisiana,2015,1,,11,3,8,0,6.710549182355926,-3.7105491823559262,-276.3107649307715,7.471592
932183830412,Mark Hudspeth,Louisiana,2016,1,,12,5,7,0,4.604147777935031,0.39585222206496873,117.44136135827353,17.719908
932183830412,Mark Hudspeth,Louisiana,2017,1,,11,4,7,0,4.9299417946645026,-0.9299417946645026,-145.13969961747216,12.371585
178898630068,Mark Hutson,Tulane,2012,0,"two head coaches this season, and the feed does not say which games",,,,,,,,
415642372372,Mark Ivey,Appalachian State,2018,0,"two head coaches this season, and the feed does not say which games",,,,,,,,
1012134464405,Mark Mangino,Kansas,2002,1,,11,1,10,0,2.6612780031823715,-1.6612780031823715,-169.4067892208309,2.700333
1012134464405,Mark Mangino,Kansas,2003,1,,12,5,7,0,3.880953325924453,1.119046674075547,135.7313752379348,16.499657
1012134464405,Mark Mangino,Kansas,2004,1,,11,4,7,0,3.892167037229642,0.10783296277035781,134.70754693400136,12.808097
1012134464405,Mark Mangino,Kansas,2005,1,,11,6,5,0,4.87121988861968,1.12878011138032,72.04321042032575,16.86125
1012134464405,Mark Mangino,Kansas,2006,1,,11,5,6,0,5.809303735268783,-0.8093037352687826,-103.7714233048855,16.412743
1012134464405,Mark Mangino,Kansas,2007,1,,12,11,1,0,7.855013585460982,3.1449864145390176,261.89934576423025,29.888344
1012134464405,Mark Mangino,Kansas,2008,1,,12,7,5,0,7.758211721600468,-0.7582117216004676,-34.47129429428287,17.024627
1012134464405,Mark Mangino,Kansas,2009,1,,11,4,7,0,6.527728090886678,-2.5277280908866784,-69.31518541511991,9.261122
482191875538,Mark Richt,Georgia,2001,1,,12,8,4,0,7.78260079756784,0.21739920243216027,50.92886431413149,20.944543
482191875538,Mark Richt,Georgia,2002,1,,13,12,1,0,8.92579851618392,3.074201483816079,232.3095067935476,31.735442
482191875538,Mark Richt,Georgia,2003,1,,14,11,3,0,10.775529926088211,0.22447007391178886,14.118845563970353,26.312403
482191875538,Mark Richt,Georgia,2004,1,,11,9,2,0,8.011770814435344,0.9882291855646557,36.68397413136108,22.048014
482191875538,Mark Richt,Georgia,2005,1,,13,10,3,0,9.085111367294365,0.9148886327056349,40.485418109290094,25.145113
482191875538,Mark Richt,Georgia,2006,1,,12,8,4,0,8.018884087012955,-0.018884087012954964,-58.18230883179467,20.991347
482191875538,Mark Richt,Georgia,2007,1,,12,10,2,0,6.344007972515835,3.6559920274841646,161.71092035163133,27.955824
482191875538,Mark Richt,Georgia,2008,1,,12,9,3,0,8.104939114888644,0.8950608851113557,32.5220778964906,22.962453
482191875538,Mark Richt,Georgia,2009,1,,12,7,5,0,6.869411291168602,0.1305887088313984,-38.19572849943279,18.672104
482191875538,Mark Richt,Georgia,2010,1,,12,5,7,0,7.054014996582017,-2.0540149965820174,-6.23395832350684,13.439609
482191875538,Mark Richt,Georgia,2011,1,,13,9,4,0,7.666539055634215,1.3334609443657852,103.85141143502506,24.581526
482191875538,Mark Richt,Georgia,2012,1,,13,11,2,0,8.81260068226352,2.18739931773648,85.84649759607646,27.274829
482191875538,Mark Richt,Georgia,2013,1,,12,7,5,0,7.816036100360239,-0.8160361003602388,-25.832406750669634,18.392021
482191875538,Mark Richt,Georgia,2014,1,,12,9,3,0,7.763348013017106,1.2366519869828938,109.94008583939899,25.069733
482191875538,Mark Richt,Georgia,2015,1,,12,9,3,0,8.205809396405781,0.7941906035942186,53.30675121552281,22.421499
482191875538,Mark Richt,Miami (FL),2016,1,,12,8,4,0,6.049645135254697,1.9503548647453028,137.6071568536488,23.248624
482191875538,Mark Richt,Miami (FL),2017,1,,12,9,3,0,7.36200050940723,1.6379994905927697,58.0829811686674,24.218447
482191875538,Mark Richt,Miami (FL),2018,1,,12,6,6,0,7.022703426128224,-1.0227034261282242,-107.88506696410764,15.856566
303314435985,Mark Snyder,Marshall,2005,1,,10,3,7,0,5.126580149986121,-2.126580149986121,-148.0019943181867,9.21618
303314435985,Mark Snyder,Marshall,2006,1,,11,4,7,0,4.035133909210002,-0.03513390921000159,46.06168664478196,11.632369
303314435985,Mark Snyder,Marshall,2007,1,,11,3,8,0,4.133802418371631,-1.1338024183716309,-6.768360890557005,8.437512
303314435985,Mark Snyder,Marshall,2008,1,,11,3,8,0,4.154647766330199,-1.154647766330199,-128.7466566512901,10.404691
303314435985,Mark Snyder,Marshall,2009,1,,12,6,6,0,5.08482014074404,0.9151798592559599,70.42644101659789,18.120572
1083239603941,Mark Stoops,Kentucky,2013,1,,11,1,10,0,2.416305750151408,-1.416305750151408,-29.181659488569267,2.658601
1083239603941,Mark Stoops,Kentucky,2014,1,,11,4,7,0,3.3278147107352023,0.6721852892647977,68.47717116328613,13.399316
1083239603941,Mark Stoops,Kentucky,2015,1,,11,4,7,0,3.721912549839217,0.27808745016078307,-21.415811852897832,10.468521
1083239603941,Mark Stoops,Kentucky,2016,1,,12,6,6,0,4.275764445789993,1.724235554210007,31.438087431203712,18.968953
1083239603941,Mark Stoops,Kentucky,2017,1,,12,6,6,0,5.087241295217047,0.9127587047829531,-11.85532487733417,17.709558
1083239603941,Mark Stoops,Kentucky,2018,1,,12,9,3,0,6.344093612020677,2.655906387979323,199.95067172786662,27.843909
1083239603941,Mark Stoops,Kentucky,2019,1,,12,7,5,0,6.478768416027672,0.5212315839723276,0.8143923049517525,19.430932
1083239603941,Mark Stoops,Kentucky,2020,1,,11,5,6,0,5.149391643190159,-0.1493916431901594,-3.247286401565134,14.585088
1083239603941,Mark Stoops,Kentucky,2021,1,,12,9,3,0,7.2542085874816165,1.7457914125183835,112.67293135657405,23.634465
1083239603941,Mark Stoops,Kentucky,2022,1,,12,6,6,0,6.948835460894797,-0.9488354608947969,-75.43663750187375,15.899338
1083239603941,Mark Stoops,Kentucky,2023,1,,12,6,6,0,5.498467816920181,0.501532183079819,-7.779017584884059,16.52181
1083239603941,Mark Stoops,Kentucky,2024,1,,11,3,8,0,4.6712361860785165,-1.6712361860785165,-130.17086743650952,8.54046
1083239603941,Mark Stoops,Kentucky,2025,1,,11,4,7,0,3.6669616239075036,0.3330383760924964,61.55602314293196,13.054958
354041547168,Mark Whipple,Massachusetts,2014,1,,12,3,9,0,3.5848853421107214,-0.5848853421107214,42.47563158588264,9.753939
354041547168,Mark Whipple,Massachusetts,2015,1,,12,3,9,0,4.0498035410159,-1.0498035410159003,-49.602348847296525,9.682565
354041547168,Mark Whipple,Massachusetts,2016,1,,11,1,10,0,2.6253618531856624,-1.6253618531856624,-98.01598671794022,2.880057
354041547168,Mark Whipple,Massachusetts,2017,1,,11,3,8,0,2.9571567114200294,0.04284328857997055,160.6313754396151,10.083016
354041547168,Mark Whipple,Massachusetts,2018,1,,11,3,8,0,4.179514140637693,-1.1795141406376928,-152.18447088237326,5.476362
609471093144,Marques Tuiasosopo,Washington,2013,0,"two head coaches this season, and the feed does not say which games",,,,,,,,
333492961246,Matt Campbell,Toledo,2011,1,,12,8,4,0,5.703200385261814,2.2967996147381857,153.44012118204182,23.518821
333492961246,Matt Campbell,Toledo,2012,1,,12,8,4,0,7.72276662698857,0.2772333730114296,-55.88885413272351,21.302502
333492961246,Matt Campbell,Toledo,2013,1,,11,6,5,0,6.054910525642864,-0.05491052564286392,5.614679055322995,16.021098
333492961246,Matt Campbell,Toledo,2014,1,,12,8,4,0,7.348856396685054,0.6511436033149458,79.43580182442383,20.316873
333492961246,Matt Campbell,Toledo,2015,0,"two head coaches this season, and the feed does not say which games",,,,,,,,
333492961246,Matt Campbell,Iowa State,2016,1,,11,3,8,0,3.3414785485039395,-0.34147854850393955,54.4624789548875,8.554174
333492961246,Matt Campbell,Iowa State,2017,1,,12,7,5,0,5.190794867642679,1.809205132357321,133.05961572727733,22.640198
333492961246,Matt Campbell,Iowa State,2018,1,,12,7,5,0,6.297628642976865,0.7023713570231349,61.467736474113735,19.222315
333492961246,Matt Campbell,Iowa State,2019,1,,12,6,6,0,6.976175047697058,-0.9761750476970583,-4.522704820683657,16.077892
333492961246,Matt Campbell,Iowa State,2020,1,,12,9,3,0,7.390642306691153,1.609357693308847,181.5120781293324,24.430269
333492961246,Matt Campbell,Iowa State,2021,1,,12,6,6,0,7.5012693572187334,-1.5012693572187334,-74.93548498054315,15.216542
333492961246,Matt Campbell,Iowa State,2022,1,,11,3,8,0,5.210867125397559,-2.2108671253975594,-137.47989876375232,8.101888
333492961246,Matt Campbell,Iowa State,2023,1,,12,6,6,0,4.893863397741468,1.1061366022585322,21.919099614750394,18.997602
333492961246,Matt Campbell,Iowa State,2024,1,,13,10,3,0,6.805390758571352,3.1946092414286484,91.37052745836104,28.986504
333492961246,Matt Campbell,Iowa State,2025,1,,11,7,4,0,6.424281310228292,0.5757186897717084,42.40875771907599,19.189803
333492961246,Matt Campbell,Penn State,2026,1,,5,3,2,0,3.9096089948569013,-0.9096089948569013,-137.41784638759827,6.556153
937070590853,Matt Canada,Maryland,2018,1,,12,5,7,0,4.590239369108977,0.4097606308910233,21.50432604719981,15.573483
871633949094,Matt Drinkall,Central Michigan,2025,1,,12,6,6,0,5.475844111637979,0.5241558883620208,40.65417375621564,17.62913
871633949094,Matt Drinkall,Central Michigan,2026,1,,4,2,2,0,1.6747631623075814,0.3252368376924186,-4.88686520753663,5.282386
630935616825,Matt Entz,Fresno State,2025,1,,12,8,4,0,6.794840432025564,1.2051595679744356,52.053940926408586,22.74228
630935616825,Matt Entz,Fresno State,2026,1,,5,4,1,0,2.60937406391528,1.39062593608472,65.48236739831214,8.18528
24249929995,Matt Luke,Ole Miss,2017,1,,11,5,6,0,5.279657827249161,-0.279657827249161,-16.31950638391504,13.805339
24249929995,Matt Luke,Ole Miss,2018,1,,11,4,7,0,5.601233601316107,-1.6012336013161068,-56.84115828914992,10.706707
24249929995,Matt Luke,Ole Miss,2019,1,,11,3,8,0,4.062046679869358,-1.0620466798693577,-18.041833453700065,7.465138
1058966962540,Matt Rhule,Temple,2013,1,,11,2,9,0,3.778159345736762,-1.778159345736762,-49.47897758038266,6.207101
1058966962540,Matt Rhule,Temple,2014,1,,11,5,6,0,4.511329695692128,0.48867030430787217,17.718066857106578,15.643861
1058966962540,Matt Rhule,Temple,2015,1,,14,10,4,0,8.398401732786708,1.6015982672132925,112.41678077017718,24.644608
1058966962540,Matt Rhule,Temple,2016,1,,13,9,4,0,8.22708502014438,0.7729149798556207,39.449477338947645,24.286821
1058966962540,Matt Rhule,Baylor,2017,1,,11,1,10,0,3.7014343541714876,-2.7014343541714876,-202.91546358246228,2.444769
1058966962540,Matt Rhule,Baylor,2018,1,,12,6,6,0,4.081234870475885,1.9187651295241146,164.37719748591144,18.16417
1058966962540,Matt Rhule,Baylor,2019,1,,13,10,3,0,7.629551311150893,2.370448688849107,113.09644679747566,27.809172
1058966962540,Matt Rhule,Nebraska,2023,1,,12,5,7,0,5.715377968288798,-0.7153779682887977,-30.536246571378797,14.97775
1058966962540,Matt Rhule,Nebraska,2024,1,,12,6,6,0,5.578987653209523,0.4210123467904774,107.79779894866329,18.422779
1058966962540,Matt Rhule,Nebraska,2025,1,,12,6,6,0,6.331115268951963,-0.3311152689519634,-32.242569125605996,16.358668
1058966962540,Matt Rhule,Nebraska,2026,1,,4,4,0,0,2.7268227067694752,1.2731772932305248,109.47667667676842,10.485365
547409836032,Matt Simon,North Texas,1995,1,,9,1,8,0,2.9592966787142165,-1.9592966787142165,-272.14204970566357,
547409836032,Matt Simon,North Texas,1996,1,,10,4,6,0,3.1911281607506585,0.8088718392493415,18.332046995376004,5.712443
547409836032,Matt Simon,North Texas,1997,1,,10,3,7,0,3.1378545657590062,-0.13785456575900623,-69.28417807699111,10.371143
752679889390,Matt Viator,ULM,2016,1,,11,3,8,0,2.7566029651232147,0.24339703487678532,-15.39001118230749,9.453019
752679889390,Matt Viator,ULM,2017,1,,12,4,8,0,3.912439141401859,0.08756085859814089,46.83712783663532,9.513634
752679889390,Matt Viator,ULM,2018,1,,11,5,6,0,4.855542114132201,0.14445788586779873,57.20620080158187,14.818461
752679889390,Matt Viator,ULM,2019,1,,11,4,7,0,4.715881065712481,-0.7158810657124812,-35.36653125309408,11.955843
752679889390,Matt Viator,ULM,2020,1,,10,0,10,0,2.8728317620112658,-2.8728317620112658,-305.3026826670059,0.0
86949021863,Matt Wells,Utah State,2013,1,,13,8,5,0,7.992017846203989,0.00798215379601075,-20.594753107125825,21.444379
86949021863,Matt Wells,Utah State,2014,1,,13,9,4,0,7.950634023376476,1.0493659766235242,34.041890679726066,24.430678
86949021863,Matt Wells,Utah State,2015,1,,12,5,7,0,6.915109125359872,-1.915109125359872,-74.9815461443834,13.557627
86949021863,Matt Wells,Utah State,2016,1,,11,2,9,0,4.714586511515918,-2.7145865115159182,-182.9151047078933,5.116276
86949021863,Matt Wells,Utah State,2017,1,,12,5,7,0,4.934588519007289,0.06541148099271066,57.037413058902985,15.740578
86949021863,Matt Wells,Utah State,2018,0,"two head coaches this season, and the feed does not say which games",,,,,,,,
86949021863,Matt Wells,Texas Tech,2019,1,,11,3,8,0,4.710680019403882,-1.710680019403882,-29.574139686955277,9.86122
86949021863,Matt Wells,Texas Tech,2020,1,,9,3,6,0,3.1402985989527243,-0.14029859895272434,-3.072766082352473,9.721412
86949021863,Matt Wells,Texas Tech,2021,0,"two head coaches this season, and the feed does not say which games",,,,,,,,
371933814400,Maurice Linguist,Buffalo,2021,1,,11,3,8,0,6.325842705734011,-3.3258427057340114,-225.31474063721635,8.524261
371933814400,Maurice Linguist,Buffalo,2022,1,,12,7,5,0,6.360282715271947,0.6397172847280528,87.51089125408384,20.46239
371933814400,Maurice Linguist,Buffalo,2023,1,,11,3,8,0,5.2716681008761315,-2.2716681008761315,-126.69901450302109,8.417749
371933814400,Maurice Linguist,Buffalo,2024,0,"two head coaches this season, and the feed does not say which games",,,,,,,,
588981192875,Mel Tucker,Colorado,2019,1,,12,5,7,0,4.137400517415242,0.8625994825847583,94.7987848463049,17.270789
588981192875,Mel Tucker,Michigan State,2020,1,,7,2,5,0,2.666234555356497,-0.666234555356497,-93.6417428132529,6.91736
588981192875,Mel Tucker,Michigan State,2021,1,,12,10,2,0,6.1442058941454585,3.8557941058545415,122.06373994415935,29.078747
588981192875,Mel Tucker,Michigan State,2022,1,,12,5,7,0,5.589267571893669,-0.5892675718936689,-88.39924071645441,14.952085
588981192875,Mel Tucker,Michigan State,2023,0,"two head coaches this season, and the feed does not say which games",,,,,,,,
343500006594,Michael Desormeaux,Louisiana,2021,0,"two head coaches this season, and the feed does not say which games",,,,,,,,
343500006594,Michael Desormeaux,Louisiana,2022,1,,12,5,7,0,6.665377722173414,-1.6653777221734138,-232.59834098433862,13.591847
343500006594,Michael Desormeaux,Louisiana,2023,1,,12,5,7,0,6.047737798332862,-1.0477377983328617,-116.07596210777524,15.226286
343500006594,Michael Desormeaux,Louisiana,2024,1,,13,9,4,0,7.159353061079593,1.8406469389204068,0.7765622038448328,21.63548
343500006594,Michael Desormeaux,Louisiana,2025,1,,12,5,7,0,4.413056956566033,0.5869430434339673,-49.61850436397367,15.627844
343500006594,Michael Desormeaux,Louisiana,2026,1,,4,3,1,0,1.9753805020156037,1.0246194979843963,77.55510939002556,8.181893
916283042754,Michael Haywood,Miami (OH),2009,1,,12,1,11,0,2.6410294340308758,-1.6410294340308758,-96.34262179286452,3.277166
916283042754,Michael Haywood,Miami (OH),2010,0,"two head coaches this season, and the feed does not say which games",,,,,,,,
131776402285,Mick Dennehy,Utah State,2000,1,,9,4,5,0,3.3173509261416143,0.6826490738583857,40.600332273286085,11.674974
131776402285,Mick Dennehy,Utah State,2001,1,,9,2,7,0,2.8353827795019595,-0.8353827795019595,-62.83593389791372,5.968007
131776402285,Mick Dennehy,Utah State,2002,1,,10,3,7,0,2.9924668230698517,0.007533176930148322,-79.24400690713287,10.641778
131776402285,Mick Dennehy,Utah State,2003,1,,12,3,9,0,4.8230424723113,-1.8230424723113003,-128.56992352513134,8.632177
131776402285,Mick Dennehy,Utah State,2004,1,,11,3,8,0,3.4536839049523134,-0.45368390495231337,-44.15257667293736,9.897429
590457415300,Mickey Joseph,Nebraska,2022,0,"two head coaches this season, and the feed does not say which games",,,,,,,,
760883699154,Mike Archer,LSU,1987,1,,11,9,1,1,7.704878801574469,1.795121198425531,134.88569082284675,23.939177
760883699154,Mike Archer,LSU,1988,1,,12,8,4,0,8.048013399663457,-0.04801339966345708,-61.49473487276714,20.431552
760883699154,Mike Archer,LSU,1989,1,,11,4,7,0,5.095870323502321,-1.0958703235023206,-61.247013322946714,10.368802
760883699154,Mike Archer,LSU,1990,1,,11,5,6,0,5.922675913661551,-0.9226759136615508,-105.64792798961707,12.974862
625011007226,Mike Bath,Miami (OH),2013,0,"two head coaches this season, and the feed does not say which games",,,,,,,,
190077258846,Mike Bellotti,Oregon,1995,1,,11,8,3,0,7.199875701171872,0.8001242988281279,-15.528130475299804,22.084641
190077258846,Mike Bellotti,Oregon,1996,1,,11,6,5,0,6.34931090463136,-0.34931090463136005,-28.16922785963743,16.030288
190077258846,Mike Bellotti,Oregon,1997,1,,12,7,5,0,6.069767744998314,0.9302322550016857,89.49952202613281,19.570487
190077258846,Mike Bellotti,Oregon,1998,1,,12,8,4,0,8.131016608073482,-0.13101660807348203,20.26270936094511,20.661938
190077258846,Mike Bellotti,Oregon,1999,1,,12,9,3,0,7.209592913310949,1.7904070866890507,110.21069767402241,24.030161
190077258846,Mike Bellotti,Oregon,2000,1,,12,10,2,0,8.206997950821464,1.7930020491785363,132.1842147462305,25.29512
190077258846,Mike Bellotti,Oregon,2001,1,,12,11,1,0,8.999489972197665,2.000510027802335,151.51610461114933,27.756858
190077258846,Mike Bellotti,Oregon,2002,1,,12,6,6,0,8.808638568444081,-2.8086385684440813,-294.17960808243424,13.898442
190077258846,Mike Bellotti,Oregon,2003,1,,13,8,5,0,6.959378518880984,1.0406214811190164,150.69652523596847,22.536945
190077258846,Mike Bellotti,Oregon,2004,1,,11,5,6,0,6.885259015754945,-1.8852590157549454,-23.63577064024753,12.398011
190077258846,Mike Bellotti,Oregon,2005,1,,11,9,2,0,6.916353060409908,2.083646939590092,156.95921575895045,23.419689
190077258846,Mike Bellotti,Oregon,2006,1,,12,6,6,0,7.951840572298129,-1.9518405722981287,-68.10128754931907,15.200506
190077258846,Mike Bellotti,Oregon,2007,1,,13,9,4,0,8.567137446173252,0.4328625538267481,94.49964768636778,25.401323
190077258846,Mike Bellotti,Oregon,2008,1,,13,10,3,0,8.4574263991,1.5425736009000008,120.45305715666677,25.659492
401278523138,Mike Bloomgren,Rice,2018,1,,12,1,11,0,2.288882847390737,-1.2888828473907372,-154.77282137490033,3.565139
401278523138,Mike Bloomgren,Rice,2019,1,,12,3,9,0,2.1730971852441083,0.8269028147558917,126.25025938142267,10.788621
401278523138,Mike Bloomgren,Rice,2020,1,,5,2,3,0,1.9967279465037124,0.0032720534962875636,100.06545854670094,8.140585
401278523138,Mike Bloomgren,Rice,2021,1,,11,3,8,0,4.20118749359654,-1.2011874935965396,-194.60542252959226,11.563589
401278523138,Mike Bloomgren,Rice,2022,1,,12,4,8,0,4.28924625502684,-0.28924625502684,-25.055129017226363,13.32627
401278523138,Mike Bloomgren,Rice,2023,1,,12,5,7,0,4.867769462112433,0.13223053788756722,102.06497896602536,15.877476
401278523138,Mike Bloomgren,Rice,2024,0,"two head coaches this season, and the feed does not say which games",,,,,,,,
484475287633,Mike Bobo,Colorado State,2015,1,,12,6,6,0,6.52153451274604,-0.5215345127460402,28.29298897505896,18.315608
484475287633,Mike Bobo,Colorado State,2016,1,,12,6,6,0,5.852140119778693,0.14785988022130692,31.713359933190077,17.608506
484475287633,Mike Bobo,Colorado State,2017,1,,12,6,6,0,7.351745160739807,-1.3517451607398074,-65.01383469601524,16.022049
484475287633,Mike Bobo,Colorado State,2018,1,,11,3,8,0,4.117948972511173,-1.117948972511173,-195.16409551373886,9.07587
484475287633,Mike Bobo,Colorado State,2019,1,,11,3,8,0,3.568552929247056,-0.5685529292470561,85.19482740727085,9.501408
484475287633,Mike Bobo,South Carolina,2020,0,"two head coaches this season, and the feed does not say which games",,,,,,,,
1066346004744,Mike Canales,North Texas,2010,0,"two head coaches this season, and the feed does not say which games",,,,,,,,
261010494005,Mike Cavan,SMU,1997,1,,11,6,5,0,5.093438521868923,0.9065614781310769,79.68514078467433,18.357208
261010494005,Mike Cavan,SMU,1998,1,,12,5,7,0,5.552035460298082,-0.5520354602980824,-55.10782937635054,13.509332
261010494005,Mike Cavan,SMU,1999,1,,9,3,6,0,3.309472205014603,-0.30947220501460304,-37.4732381405895,9.887276
261010494005,Mike Cavan,SMU,2000,1,,12,3,9,0,4.684739008951123,-1.684739008951123,-215.0693621568007,8.71714
261010494005,Mike Cavan,SMU,2001,1,,11,4,7,0,3.4595033073239794,0.5404966926760206,60.30479854410942,12.611596
582886171367,Mike Collins,ULM,2002,0,"two head coaches this season, and the feed does not say which games",,,,,,,,
780348788533,Mike DeBord,Central Michigan,2000,1,,11,2,9,0,3.2474621568993323,-1.2474621568993323,-129.06793409287502,7.08577
780348788533,Mike DeBord,Central Michigan,2001,1,,10,2,8,0,2.370675070309184,-0.3706750703091841,-47.1673482940696,5.827597
780348788533,Mike DeBord,Central Michigan,2002,1,,11,3,8,0,3.542589431062156,-0.5425894310621562,-77.09467958301934,8.855872
780348788533,Mike DeBord,Central Michigan,2003,1,,10,1,9,0,2.2523671283463216,-1.2523671283463216,-115.28257216043585,2.628435
532975576911,Mike DuBose,Alabama,1997,1,,11,4,7,0,6.906683568166823,-2.906683568166823,-214.58700911936262,9.818413
532975576911,Mike DuBose,Alabama,1998,1,,12,7,5,0,5.445881921042501,1.554118078957499,47.391083915068975,19.93812
532975576911,Mike DuBose,Alabama,1999,1,,13,10,3,0,7.141743444423621,2.8582565555763786,334.3266788027038,28.699586
532975576911,Mike DuBose,Alabama,2000,1,,11,3,8,0,6.405184971237576,-3.405184971237576,-279.66342270090695,7.529023
260871254832,Mike Elko,Duke,2022,1,,12,8,4,0,5.489117543419635,2.510882456580365,177.24874639414998,25.587025
260871254832,Mike Elko,Duke,2023,0,"two head coaches this season, and the feed does not say which games",,,,,,,,
260871254832,Mike Elko,Texas A&M,2024,1,,12,7,5,0,7.2916232269709145,-0.2916232269709145,91.57119555844406,19.418202
260871254832,Mike Elko,Texas A&M,2025,1,,12,10,2,0,8.156819798197496,1.8431802018025039,197.09521462313273,25.996976
260871254832,Mike Elko,Texas A&M,2026,1,,5,3,2,0,3.752799741834517,-0.7527997418345169,-147.31279390972895,6.84533
65541540000,Mike Gottfried,Cincinnati,1981,1,,9,5,4,0,3.9134935339434707,1.0865064660565293,111.7150380284429,
65541540000,Mike Gottfried,Cincinnati,1982,0,this database holds no games for that team that season,,,,,,,,
65541540000,Mike Gottfried,Kansas,1983,1,,10,3,6,1,3.571240077618943,-0.0712400776189428,49.98266465531674,
65541540000,Mike Gottfried,Kansas,1984,1,,10,4,6,0,3.1993517482988127,0.8006482517011873,81.9652043177889,
65541540000,Mike Gottfried,Kansas,1985,1,,10,4,6,0,5.003214549625495,-1.0032145496254952,-50.153765931201406,10.46558
65541540000,Mike Gottfried,Pittsburgh,1986,1,,11,5,5,1,5.29022329462849,0.20977670537151027,71.32934865962147,14.842579
65541540000,Mike Gottfried,Pittsburgh,1987,1,,12,8,4,0,7.274991467827302,0.7250085321726978,125.56309707807395,22.508974
65541540000,Mike Gottfried,Pittsburgh,1988,1,,10,5,5,0,5.901764302226735,-0.9017643022267352,-67.738684343351,13.434506
65541540000,Mike Gottfried,Pittsburgh,1989,1,,11,7,3,1,6.0031057166874895,1.4968942833125105,121.7923095343283,19.829195
4705675358,Mike Gundy,Oklahoma State,2005,1,,10,3,7,0,4.238610378558109,-1.2386103785581088,-49.62510200296856,8.445487
4705675358,Mike Gundy,Oklahoma State,2006,1,,12,6,6,0,5.225181315857985,0.7748186841420148,153.80135253603362,18.401439
4705675358,Mike Gundy,Oklahoma State,2007,1,,12,6,6,0,6.679064923596645,-0.6790649235966448,44.19803842856345,16.330853
4705675358,Mike Gundy,Oklahoma State,2008,1,,12,8,4,0,7.004621031971876,0.995378968028124,75.99390632665404,20.317006
4705675358,Mike Gundy,Oklahoma State,2009,1,,12,8,4,0,7.33807879553044,0.6619212044695599,-75.49778046415486,21.37823
4705675358,Mike Gundy,Oklahoma State,2010,1,,13,11,2,0,8.55349587041045,2.4465041295895507,200.16559711662353,28.909029
4705675358,Mike Gundy,Oklahoma State,2011,1,,13,12,1,0,9.286172376814093,2.7138276231859066,122.85734423264671,32.041377
4705675358,Mike Gundy,Oklahoma State,2012,1,,12,7,5,0,8.152913303329552,-1.1529133033295516,-50.17289327137951,17.438965
4705675358,Mike Gundy,Oklahoma State,2013,1,,12,9,3,0,7.768717717127525,1.231282282872475,107.1468111658562,23.747951
4705675358,Mike Gundy,Oklahoma State,2014,1,,12,6,6,0,6.6623865648757885,-0.6623865648757885,-71.67160965990206,15.34237
4705675358,Mike Gundy,Oklahoma State,2015,1,,12,9,3,0,7.253166408718689,1.7468335912813107,29.696421184619794,23.259463
4705675358,Mike Gundy,Oklahoma State,2016,1,,12,9,3,0,6.539357973594578,2.460642026405422,173.66528478132614,24.839037
4705675358,Mike Gundy,Oklahoma State,2017,1,,13,10,3,0,9.721755817886079,0.2782441821139212,1.6630741814706198,24.558199
4705675358,Mike Gundy,Oklahoma State,2018,1,,12,6,6,0,6.751415357342169,-0.7514153573421689,-46.51972860764181,17.032673
4705675358,Mike Gundy,Oklahoma State,2019,1,,12,7,5,0,6.450573542984243,0.5494264570157572,-26.12148286994261,19.050629
4705675358,Mike Gundy,Oklahoma State,2020,1,,11,8,3,0,6.538429297297669,1.461570702702331,73.32204540350676,22.074844
4705675358,Mike Gundy,Oklahoma State,2021,1,,13,11,2,0,8.172902717361088,2.8270972826389116,202.0718291559317,29.443189
4705675358,Mike Gundy,Oklahoma State,2022,1,,12,6,6,0,7.907990731387976,-1.9079907313879758,-235.064958594254,16.017022
4705675358,Mike Gundy,Oklahoma State,2023,1,,13,9,4,0,6.917400937193207,2.0825990628067927,160.34679646763084,25.606409
4705675358,Mike Gundy,Oklahoma State,2024,1,,11,2,9,0,5.019552800219045,-3.019552800219045,-220.88285808727915,4.56104
4705675358,Mike Gundy,Oklahoma State,2025,0,"two head coaches this season, and the feed does not say which games",,,,,,,,
750999654079,Mike Houston,East Carolina,2019,1,,10,2,8,0,2.792538790736,-0.7925387907360002,-99.83830558614886,6.102219
750999654079,Mike Houston,East Carolina,2020,1,,9,3,6,0,1.9971277895928063,1.0028722104071937,166.68869322040632,10.381267
750999654079,Mike Houston,East Carolina,2021,1,,11,6,5,0,4.861043742549696,1.138956257450304,85.16533285549099,18.572485
750999654079,Mike Houston,East Carolina,2022,1,,12,7,5,0,6.363705171420363,0.6362948285796373,-65.49048242068739,21.160062
750999654079,Mike Houston,East Carolina,2023,1,,11,1,10,0,4.235146517018777,-3.2351465170187774,-161.4499145600587,3.407337
750999654079,Mike Houston,East Carolina,2024,0,"two head coaches this season, and the feed does not say which games",,,,,,,,
246314962838,Mike Jacobs,Toledo,2026,1,,4,3,1,0,2.839840335651405,0.16015966434859497,6.606936829554115,7.345541
288008363558,Mike Jinks,Bowling Green,2016,1,,11,3,8,0,5.017486072713883,-2.017486072713883,-146.13479400177675,8.621009
288008363558,Mike Jinks,Bowling Green,2017,1,,11,2,9,0,3.8483006726400606,-1.8483006726400606,-152.7248252123536,6.554495
288008363558,Mike Jinks,Bowling Green,2018,0,"two head coaches this season, and the feed does not say which games",,,,,,,,
211269888702,Mike Knoll,New Mexico State,1986,1,,7,0,7,0,1.3990957589075022,-1.3990957589075022,-161.1980902161306,0.0
211269888702,Mike Knoll,New Mexico State,1987,1,,6,1,5,0,1.3548151314489365,-0.3548151314489365,-83.56510600496313,3.415377
211269888702,Mike Knoll,New Mexico State,1988,1,,8,1,7,0,1.7653612031009247,-0.7653612031009247,-49.9528874295961,3.339798
211269888702,Mike Knoll,New Mexico State,1989,1,,8,0,8,0,1.4854469498330092,-1.4854469498330092,-161.27963553979112,0.0
1035496632733,Mike Kruczek,UCF,1998,1,,9,7,2,0,6.253285391817502,0.746714608182498,105.46697479985187,17.866945
1035496632733,Mike Kruczek,UCF,1999,1,,9,2,7,0,3.842532072382006,-1.842532072382006,-155.04567303519025,2.669918
1035496632733,Mike Kruczek,UCF,2000,1,,8,4,4,0,3.4682596688919425,0.5317403311080575,11.576576038064559,12.101155
1035496632733,Mike Kruczek,UCF,2001,1,,10,5,5,0,5.159196986025277,-0.1591969860252771,34.367278835770094,13.037327
1035496632733,Mike Kruczek,UCF,2002,1,,11,6,5,0,5.796856943631427,0.20314305636857277,61.76679144396098,16.459163
1035496632733,Mike Kruczek,UCF,2003,0,"two head coaches this season, and the feed does not say which games",,,,,,,,
335129572414,Mike Leach,Texas Tech,2000,1,,13,7,6,0,7.336289470733948,-0.33628947073394766,-36.88371985359208,16.656619
335129572414,Mike Leach,Texas Tech,2001,1,,11,6,5,0,5.744139681016338,0.2558603189836619,110.67005984971638,17.524398
335129572414,Mike Leach,Texas Tech,2002,1,,14,9,5,0,7.437279651227268,1.5627203487727321,135.0023393663182,25.936355
335129572414,Mike Leach,Texas Tech,2003,1,,13,8,5,0,8.719421015077703,-0.7194210150777032,35.65907033755343,19.397283
335129572414,Mike Leach,Texas Tech,2004,1,,12,8,4,0,7.705742953306127,0.29425704669387276,84.60285122923824,21.966737
335129572414,Mike Leach,Texas Tech,2005,1,,10,7,3,0,6.843347943484733,0.15665205651526737,2.2787728456553396,15.269878
335129572414,Mike Leach,Texas Tech,2006,1,,12,7,5,0,6.956683028674869,0.04331697132513135,-35.070265101321866,18.261922
335129572414,Mike Leach,Texas Tech,2007,1,,12,8,4,0,7.731063167260317,0.2689368327396826,117.80567038008485,20.327764
335129572414,Mike Leach,Texas Tech,2008,1,,11,9,2,0,7.88527833351118,1.11472166648882,69.8368364628127,22.503076
335129572414,Mike Leach,Texas Tech,2009,1,,12,8,4,0,7.442617364910478,0.5573826350895219,34.39347579754485,20.936216
335129572414,Mike Leach,Washington State,2012,1,,11,2,9,0,2.174155557564241,-0.17415555756424084,-5.0216981065323125,6.746188
335129572414,Mike Leach,Washington State,2013,1,,12,5,7,0,3.951757076117372,1.0482429238826279,95.14593920964444,16.160128
335129572414,Mike Leach,Washington State,2014,1,,11,2,9,0,3.595072004541846,-1.595072004541846,-39.956296028836505,7.016384
335129572414,Mike Leach,Washington State,2015,1,,12,9,3,0,6.309515742432184,2.6904842575678156,249.41075094457983,26.476431
335129572414,Mike Leach,Washington State,2016,1,,12,8,4,0,8.094483910495152,-0.09448391049515159,-39.77482881382252,20.50895
335129572414,Mike Leach,Washington State,2017,1,,12,8,4,0,7.147641701907778,0.8523582980922217,38.778049684724465,22.589579
335129572414,Mike Leach,Washington State,2018,1,,12,10,2,0,7.837038388052246,2.162961611947754,88.27171256655538,26.212279
335129572414,Mike Leach,Washington State,2019,1,,12,5,7,0,7.218924090573676,-2.218924090573676,-118.16944652712755,12.168083
335129572414,Mike Leach,Mississippi State,2020,1,,11,4,7,0,4.068543051477776,-0.06854305147777584,33.058869290780194,12.583374
335129572414,Mike Leach,Mississippi State,2021,1,,12,6,6,0,6.7175095017418505,-0.7175095017418505,115.15168685493768,17.138286
335129572414,Mike Leach,Mississippi State,2022,0,"two head coaches this season, and the feed does not say which games",,,,,,,,
361582993901,Mike Locksley,New Mexico,2009,1,,12,1,11,0,3.7709744328842696,-2.7709744328842696,-192.71016341141853,3.138751
361582993901,Mike Locksley,New Mexico,2010,1,,12,1,11,0,2.8319129599582737,-1.8319129599582737,-124.79584583472274,3.256492
361582993901,Mike Locksley,New Mexico,2011,0,"two head coaches this season, and the feed does not say which games",,,,,,,,
361582993901,Mike Locksley,Maryland,2019,1,,11,2,9,0,3.410571088688914,-1.410571088688914,-121.18319134204421,6.147017
361582993901,Mike Locksley,Maryland,2020,1,,5,2,3,0,1.5126894697330249,0.48731053026697513,43.89097459512732,8.509469
361582993901,Mike Locksley,Maryland,2021,1,,12,6,6,0,4.80782234671679,1.1921776532832098,196.30327284719874,18.134546
361582993901,Mike Locksley,Maryland,2022,1,,13,8,5,0,7.678480458841843,0.32151954115815684,32.19876218491913,20.248663
361582993901,Mike Locksley,Maryland,2023,1,,12,7,5,0,6.8127725763115015,0.18722742368849854,25.043916198893612,18.435333
361582993901,Mike Locksley,Maryland,2024,1,,11,3,8,0,5.190215268539499,-2.1902152685394993,-182.1062362128814,8.163647
361582993901,Mike Locksley,Maryland,2025,1,,11,3,8,0,4.3367031990685465,-1.3367031990685465,-93.65352959622896,8.495334
361582993901,Mike Locksley,Maryland,2026,1,,4,1,3,0,1.453377169970857,-0.4533771699708571,10.744260677729926,3.308204
7758109173,Mike London,Virginia,2010,1,,10,2,8,0,3.209681151688794,-1.2096811516887942,-29.735920140597273,6.076899
7758109173,Mike London,Virginia,2011,1,,12,7,5,0,5.534838191977751,1.4651618080222493,163.11645335454477,21.104765
7758109173,Mike London,Virginia,2012,1,,11,3,8,0,5.746940606136368,-2.746940606136368,-119.81555430461208,8.880801
7758109173,Mike London,Virginia,2013,1,,11,1,10,0,3.4081464924619054,-2.4081464924619054,-74.61884579502112,3.420234
7758109173,Mike London,Virginia,2014,1,,11,4,7,0,3.704600599655751,0.29539940034424905,97.00111590728648,12.783219
7758109173,Mike London,Virginia,2015,1,,11,3,8,0,3.8874557618094836,-0.8874557618094836,-5.883319921287011,9.16734
458013942883,Mike MacIntyre,San Jose State,2010,1,,11,0,11,0,1.957095748622745,-1.957095748622745,-69.75606849833912,1.0
458013942883,Mike MacIntyre,San Jose State,2011,1,,12,5,7,0,3.4572096813061166,1.5427903186938834,128.4303532332749,16.777783
458013942883,Mike MacIntyre,San Jose State,2012,1,,12,10,2,0,6.590606687763463,3.4093933122365367,232.5051914305277,22.80832
458013942883,Mike MacIntyre,Colorado,2013,1,,10,2,8,0,1.9608716562179995,0.039128343782000474,20.5033580122265,6.298407
458013942883,Mike MacIntyre,Colorado,2014,1,,12,2,10,0,3.4625645401579135,-1.4625645401579135,-24.0305690271166,7.1801
458013942883,Mike MacIntyre,Colorado,2015,1,,12,3,9,0,3.2255224057167964,-0.22552240571679638,22.29299834272274,9.180724
458013942883,Mike MacIntyre,Colorado,2016,1,,13,9,4,0,6.742410410314083,2.2575895896859173,252.92205949740605,26.567247
458013942883,Mike MacIntyre,Colorado,2017,1,,11,4,7,0,5.480774497284504,-1.4807744972845036,-147.47019656289103,10.88482
458013942883,Mike MacIntyre,Colorado,2018,0,"two head coaches this season, and the feed does not say which games",,,,,,,,
458013942883,Mike MacIntyre,FIU,2022,1,,11,3,8,0,3.1689825121454223,-0.16898251214542226,-1.8456027334154896,9.853858
458013942883,Mike MacIntyre,FIU,2023,1,,11,3,8,0,3.7142449471853762,-0.7142449471853762,-12.624815799582848,6.403958
458013942883,Mike MacIntyre,FIU,2024,1,,11,4,7,0,3.813705402187723,0.1862945978122772,9.272058094473323,13.577712
100621171840,Mike Neu,Ball State,2016,1,,11,3,8,0,4.3207656774865395,-1.3207656774865395,26.445631070929494,9.11343
100621171840,Mike Neu,Ball State,2017,1,,11,1,10,0,3.6835672268946316,-2.6835672268946316,-158.02141862566577,3.17955
100621171840,Mike Neu,Ball State,2018,1,,11,3,8,0,3.0081719851987683,-0.008171985198768272,-44.07472186018663,9.438854
100621171840,Mike Neu,Ball State,2019,1,,11,4,7,0,4.070171459361509,-0.07017145936150904,131.80335960107345,13.204026
100621171840,Mike Neu,Ball State,2020,1,,8,7,1,0,4.079487486219398,2.9205125137806016,168.21995420065423,20.888361
100621171840,Mike Neu,Ball State,2021,1,,12,5,7,0,5.886378112481815,-0.8863781124818146,-233.48764951391468,15.078147
100621171840,Mike Neu,Ball State,2022,1,,11,4,7,0,4.492138172304037,-0.49213817230403656,-44.63099850733283,11.902156
100621171840,Mike Neu,Ball State,2023,1,,11,3,8,0,3.7344936126274986,-0.7344936126274986,-9.42115902503906,9.040796
100621171840,Mike Neu,Ball State,2024,0,"two head coaches this season, and the feed does not say which games",,,,,,,,
1091267840752,Mike Norvell,Memphis,2016,1,,12,7,5,0,6.263006241709164,0.7369937582908364,60.37438256153155,19.475753
1091267840752,Mike Norvell,Memphis,2017,1,,12,9,3,0,7.953245474213093,1.0467545257869073,31.792085208287972,24.295555
1091267840752,Mike Norvell,Memphis,2018,1,,13,7,6,0,7.397245962061146,-0.39724596206114615,-8.459635329665616,17.747587
1091267840752,Mike Norvell,Memphis,2019,1,,13,11,2,0,8.498893120570322,2.5011068794296776,203.25386549777454,28.862778
1091267840752,Mike Norvell,Florida State,2020,1,,8,2,6,0,2.9240777232959254,-0.9240777232959254,-100.21779389899712,6.582071
1091267840752,Mike Norvell,Florida State,2021,1,,11,5,6,0,4.704269390190888,0.29573060980911237,95.48645496800304,15.781384
1091267840752,Mike Norvell,Florida State,2022,1,,12,9,3,0,7.0742056070557595,1.9257943929442405,188.03832479578205,24.456086
1091267840752,Mike Norvell,Florida State,2023,1,,13,12,1,0,9.168820342815936,2.831179657184064,86.27860028021928,30.635098
1091267840752,Mike Norvell,Florida State,2024,1,,11,1,10,0,4.3681901762531075,-3.3681901762531075,-328.7584215536349,2.876891
1091267840752,Mike Norvell,Florida State,2025,1,,11,4,7,0,4.9297615254408775,-0.9297615254408775,54.142582587063316,12.656597
1091267840752,Mike Norvell,Florida State,2026,1,,4,2,2,0,1.5559524592756753,0.44404754072432473,64.21035248376234,5.683787
111213029199,Mike O'Cain,NC State,1993,1,,11,6,5,0,6.834033284094398,-0.8340332840943976,-84.94379674368611,15.419744
111213029199,Mike O'Cain,NC State,1994,1,,11,8,3,0,5.8437456885464165,2.1562543114535835,87.53762408118428,22.510426
111213029199,Mike O'Cain,NC State,1995,1,,10,2,8,0,4.49819720054581,-2.4981972005458104,-265.7557716271433,5.618737
111213029199,Mike O'Cain,NC State,1996,1,,11,3,8,0,3.3390347660433664,-0.33903476604336635,-5.044221728959201,8.246138
111213029199,Mike O'Cain,NC State,1997,1,,11,6,5,0,4.873061783470487,1.1269382165295134,134.71049097961145,17.362857
111213029199,Mike O'Cain,NC State,1998,1,,12,7,5,0,7.014332478280223,-0.014332478280222993,32.6988551035397,19.730616
111213029199,Mike O'Cain,NC State,1999,1,,11,5,6,0,5.307790851239568,-0.3077908512395684,-111.483979960851,14.344279
449754832426,Mike Price,Washington State,1989,1,,10,5,5,0,6.577079857812079,-1.5770798578120786,-91.54344137406679,13.208222
449754832426,Mike Price,Washington State,1990,1,,11,3,8,0,4.744319613743312,-1.7443196137433121,-203.4042172397476,8.303376
449754832426,Mike Price,Washington State,1991,1,,11,4,7,0,3.4806481837300676,0.5193518162699324,93.66955038671472,11.765533
449754832426,Mike Price,Washington State,1992,1,,11,8,3,0,5.679469651175601,2.3205303488243993,160.83041114280059,23.285398
449754832426,Mike Price,Washington State,1993,1,,9,3,6,0,4.091939517192986,-1.0919395171929862,-114.27314983930091,7.852249
449754832426,Mike Price,Washington State,1994,1,,12,8,4,0,6.5491459919046475,1.4508540080953525,150.50587683422873,23.705048
449754832426,Mike Price,Washington State,1995,1,,10,2,8,0,4.231440522032319,-2.231440522032319,-208.72279571155218,5.543435
449754832426,Mike Price,Washington State,1996,1,,11,5,6,0,4.633698486147719,0.3663015138522807,20.60735300767419,14.041934
449754832426,Mike Price,Washington State,1997,1,,12,10,2,0,6.688127170205083,3.3118728297949174,276.9165000624232,27.666222
449754832426,Mike Price,Washington State,1998,1,,11,3,8,0,5.822163986820882,-2.8221639868208817,-309.23723824504737,6.625489
449754832426,Mike Price,Washington State,1999,1,,12,3,9,0,3.538969069655094,-0.538969069655094,-14.959931230005395,9.057025
449754832426,Mike Price,Washington State,2000,1,,11,4,7,0,3.592453458425173,0.40754654157482717,61.38743638092683,12.963187
449754832426,Mike Price,Washington State,2001,1,,11,9,2,0,6.600134483300484,2.399865516699516,258.6087201779619,25.477444
449754832426,Mike Price,Washington State,2002,1,,12,9,3,0,8.022776481469164,0.9772235185308364,141.94192317721968,24.712205
449754832426,Mike Price,UTEP,2004,1,,11,7,4,0,4.572421622790218,2.427578377209782,367.67408181711676,21.371708
449754832426,Mike Price,UTEP,2005,1,,11,7,4,0,6.92626247804328,0.07373752195672001,-65.56267994206405,18.802273
449754832426,Mike Price,UTEP,2006,1,,12,5,7,0,6.048449303498991,-1.048449303498991,-213.1011641620089,14.749752
449754832426,Mike Price,UTEP,2007,1,,11,3,8,0,3.069622145299843,-0.06962214529984312,-80.28500816089195,11.340154
449754832426,Mike Price,UTEP,2008,1,,12,5,7,0,3.192878741074902,1.8071212589250978,57.16907671323611,16.778068
449754832426,Mike Price,UTEP,2009,1,,12,4,8,0,4.585926031271872,-0.5859260312718719,-44.957099724659884,14.246175
449754832426,Mike Price,UTEP,2010,1,,12,5,7,0,5.089572093426716,-0.08957209342671568,-25.382395868911544,14.228236
449754832426,Mike Price,UTEP,2011,1,,11,4,7,0,3.9416159131568644,0.05838408684313556,-42.201958416023444,11.955003
449754832426,Mike Price,UTEP,2012,1,,12,3,9,0,3.967888718810439,-0.967888718810439,-74.32359830911241,8.243209
449754832426,Mike Price,UTEP,2017,0,"two head coaches this season, and the feed does not say which games",,,,,,,,
777903034785,Mike Riley,Oregon State,1997,1,,11,3,8,0,3.4663413028362116,-0.46634130283621156,-41.19776164899645,8.035046
777903034785,Mike Riley,Oregon State,1998,1,,11,5,6,0,3.548760367394322,1.4512396326056778,153.34292840849275,15.502746
777903034785,Mike Riley,Oregon State,2003,1,,12,7,5,0,6.979021887518041,0.020978112481959243,157.10585098582192,18.496176
777903034785,Mike Riley,Oregon State,2004,1,,12,7,5,0,6.937908385058449,0.06209161494155069,47.41302036398724,19.392305
777903034785,Mike Riley,Oregon State,2005,1,,10,4,6,0,5.926944411116749,-1.9269444111167493,-110.5028553440709,11.074557
777903034785,Mike Riley,Oregon State,2006,1,,13,9,4,0,7.019925837370154,1.9800741626298457,117.52294788212293,25.716148
777903034785,Mike Riley,Oregon State,2007,1,,12,8,4,0,6.72626128299605,1.2737387170039502,117.38538529942457,21.944281
777903034785,Mike Riley,Oregon State,2008,1,,13,9,4,0,8.783365813609255,0.2166341863907455,56.92954788119823,22.965018
777903034785,Mike Riley,Oregon State,2009,1,,12,7,5,0,7.694651137985206,-0.6946511379852058,-39.362513171739465,16.922619
777903034785,Mike Riley,Oregon State,2010,1,,12,5,7,0,5.723191536270648,-0.7231915362706482,-125.4604034869667,15.443808
777903034785,Mike Riley,Oregon State,2011,1,,11,3,8,0,3.8593545792612733,-0.8593545792612733,-29.1034955243922,9.082752
777903034785,Mike Riley,Oregon State,2012,1,,12,8,4,0,6.2372842362089855,1.7627157637910145,142.2929995788677,22.578417
777903034785,Mike Riley,Oregon State,2013,1,,12,7,5,0,6.837180600039714,0.16281939996028605,-36.44717583006445,18.325043
777903034785,Mike Riley,Oregon State,2014,1,,11,4,7,0,5.516515310059703,-1.5165153100597033,-67.62686897251729,12.184748
777903034785,Mike Riley,Nebraska,2015,1,,13,6,7,0,7.268521301632474,-1.2685213016324743,46.75688292357768,18.420075
777903034785,Mike Riley,Nebraska,2016,1,,13,9,4,0,8.424636219283643,0.5753637807163567,-41.81956775460799,23.153208
777903034785,Mike Riley,Nebraska,2017,1,,12,4,8,0,5.1536139868944755,-1.1536139868944755,-227.61738077612836,12.190238
964880265286,Mike Sanford Jr.,Western Kentucky,2017,1,,12,5,7,0,8.945433084729082,-3.945433084729082,-272.06419560665495,11.452585
964880265286,Mike Sanford Jr.,Western Kentucky,2018,1,,11,3,8,0,4.421513363776183,-1.4215133637761834,-144.71131261673236,8.771402
964880265286,Mike Sanford Jr.,Colorado,2022,0,"two head coaches this season, and the feed does not say which games",,,,,,,,
1088791300678,Mike Sanford Sr.,UNLV,2005,1,,11,2,9,0,3.144101258355761,-1.1441012583557608,-49.67022303215413,6.028445
1088791300678,Mike Sanford Sr.,UNLV,2006,1,,11,1,10,0,2.207745132099309,-1.207745132099309,-24.024388205112928,4.26582
1088791300678,Mike Sanford Sr.,UNLV,2007,1,,12,2,10,0,3.396538420421524,-1.3965384204215239,-80.39832579105928,6.032576
1088791300678,Mike Sanford Sr.,UNLV,2008,1,,12,5,7,0,3.982700497933088,1.017299502066912,-26.311321068806592,16.09665
1088791300678,Mike Sanford Sr.,UNLV,2009,1,,11,4,7,0,3.1814960470962306,0.8185039529037694,6.754932463889418,12.493572
201876077760,Mike Sheppard,New Mexico,1987,1,,11,0,11,0,2.6479043371034225,-2.6479043371034225,-237.54191324193198,0.0
201876077760,Mike Sheppard,New Mexico,1988,1,,12,2,10,0,2.6174700374401523,-0.6174700374401523,-113.32279224755234,6.238431
201876077760,Mike Sheppard,New Mexico,1989,1,,12,2,10,0,2.122419540080055,-0.12241954008005518,90.90018866318269,6.732972
201876077760,Mike Sheppard,New Mexico,1990,1,,12,2,10,0,3.4400198413722567,-1.4400198413722567,-114.78942094846684,5.659901
201876077760,Mike Sheppard,New Mexico,1991,1,,12,3,9,0,2.655458144695025,0.34454185530497483,-45.66935141508952,10.035502
591386966829,Mike Sherman,Texas A&M,2008,1,,12,4,8,0,4.963286676552741,-0.963286676552741,-217.46957738725564,11.461442
591386966829,Mike Sherman,Texas A&M,2009,1,,13,6,7,0,5.581443732177294,0.41855626782270594,153.63245383042954,17.176572
591386966829,Mike Sherman,Texas A&M,2010,1,,12,8,4,0,5.7534077278669296,2.2465922721330704,196.57680372477876,23.953331
591386966829,Mike Sherman,Texas A&M,2011,0,"two head coaches this season, and the feed does not say which games",,,,,,,,
340701901573,Mike Shula,Alabama,2003,1,,13,4,9,0,6.946754657749001,-2.9467546577490014,-273.27173499615105,11.845892
340701901573,Mike Shula,Alabama,2004,1,,11,5,6,0,5.546443661870866,-0.5464436618708657,73.27101371412482,13.421891
340701901573,Mike Shula,Alabama,2005,1,,12,10,2,0,8.092947002256535,1.907052997743465,213.34664481636742,26.853279
340701901573,Mike Shula,Alabama,2006,1,,13,6,7,0,9.055740591956727,-3.0557405919567273,-155.79599034319972,13.92148
924199984891,Mike Stock,Eastern Michigan,1980,1,,8,1,7,0,2.849343941359548,-1.8493439413595478,-304.73825310118923,
924199984891,Mike Stock,Eastern Michigan,1981,1,,9,0,9,0,1.6175569984120544,-1.6175569984120544,-175.1082851916351,
924199984891,Mike Stock,Eastern Michigan,1982,0,"two head coaches this season, and the feed does not say which games",,,,,,,,
1072956280931,Mike Stoops,Arizona,2004,1,,10,2,8,0,1.435521223975189,0.5644787760248109,18.634610352442223,7.215108
1072956280931,Mike Stoops,Arizona,2005,1,,10,2,8,0,2.1818919491375857,-0.18189194913758566,99.18104102647362,7.469462
1072956280931,Mike Stoops,Arizona,2006,1,,11,5,6,0,3.7011674176789477,1.2988325823210523,60.34252399432535,16.970623
1072956280931,Mike Stoops,Arizona,2007,1,,11,4,7,0,3.94104596844417,0.0589540315558299,-16.627193239522512,13.001524
1072956280931,Mike Stoops,Arizona,2008,1,,13,8,5,0,6.756703058404492,1.2432969415955082,102.57708121415453,22.346789
1072956280931,Mike Stoops,Arizona,2009,1,,12,7,5,0,6.7823920950508025,0.21760790494919746,-5.024413663307314,20.697274
1072956280931,Mike Stoops,Arizona,2010,1,,12,6,6,0,7.159914929588662,-1.1599149295886617,37.35105048605146,16.450349
1072956280931,Mike Stoops,Arizona,2011,0,"two head coaches this season, and the feed does not say which games",,,,,,,,
571131641216,Mike Uremovich,Ball State,2025,1,,11,3,8,0,3.3655696955296137,-0.3655696955296137,-166.52562839023176,9.382413
571131641216,Mike Uremovich,Ball State,2026,1,,4,0,4,0,0.7139349346078904,-0.7139349346078904,-37.85559534762865,0.0
833677020320,Mike White,Illinois,1980,1,,11,3,7,1,4.84961641731505,-1.3496164173150502,-133.86611747249367,
833677020320,Mike White,Illinois,1981,1,,11,7,4,0,4.978216748589323,2.0217832514106773,158.13921032300073,
833677020320,Mike White,Illinois,1982,1,,12,7,5,0,7.157537652192158,-0.15753765219215765,55.6270512461424,0.0
833677020320,Mike White,Illinois,1983,1,,12,10,2,0,8.140116450854759,1.8598835491452412,160.65006370738683,0.0
833677020320,Mike White,Illinois,1984,1,,11,7,4,0,7.667937777280348,-0.6679377772803479,-66.40489208384861,
833677020320,Mike White,Illinois,1985,1,,11,5,5,1,5.543880966408802,-0.04388096640880157,-14.42813998984343,15.225511
833677020320,Mike White,Illinois,1986,1,,11,4,7,0,4.9363827440760035,-0.9363827440760035,-122.25828049652796,11.483897
833677020320,Mike White,Illinois,1987,1,,11,3,7,1,4.133702268857459,-0.6337022688574594,-99.09148831035418,10.013573
144206047817,Mike Working,Appalachian State,1980,1,,3,1,2,0,1.583019174393756,-0.5830191743937561,-21.424477359977573,0.0
144206047817,Mike Working,Appalachian State,1981,1,,3,0,3,0,1.6519758125539452,-1.6519758125539452,-127.82590058278583,
564046265419,Moe Ankney,Bowling Green,1986,1,,11,5,6,0,6.545360446325872,-1.5453604463258719,-209.223447512848,12.410429
564046265419,Moe Ankney,Bowling Green,1987,1,,10,5,5,0,4.657699590642029,0.34230040935797135,19.72720318053871,14.122503
564046265419,Moe Ankney,Bowling Green,1988,1,,10,1,8,1,3.674446830295956,-2.174446830295956,-253.53842784892936,3.554025
564046265419,Moe Ankney,Bowling Green,1989,1,,11,5,6,0,4.046481798347177,0.9535182016528232,-16.659244870055772,15.654672
564046265419,Moe Ankney,Bowling Green,1990,1,,10,3,5,2,4.010114275529299,-0.010114275529298666,5.080950502431506,10.949495
402791834916,Monte Kiffin,NC State,1980,1,,10,5,5,0,4.3892721406171,0.6107278593828998,-2.553073707696967,
402791834916,Monte Kiffin,NC State,1981,1,,10,3,7,0,3.8905380063297335,-0.8905380063297335,-117.92533480970815,
402791834916,Monte Kiffin,NC State,1982,1,,10,5,5,0,3.9907485645268252,1.0092514354731748,76.63158556681674,
862741823647,Morgan Scalley,Utah,2025,0,"two head coaches this season, and the feed does not say which games",,,,,,,,
862741823647,Morgan Scalley,Utah,2026,1,,3,3,0,0,2.387067974086634,0.6129320259133659,64.96291498882124,7.084842
956985504730,Morris Watts,Michigan State,2002,0,"two head coaches this season, and the feed does not say which games",,,,,,,,
703927782061,Nate Dreiling,Utah State,2024,0,"two head coaches this season, and the feed does not say which games",,,,,,,,
1019969226491,Neal Brown,Troy,2015,1,,11,3,8,0,3.704165016076911,-0.7041650160769111,39.82386956935875,9.900091
1019969226491,Neal Brown,Troy,2016,1,,12,9,3,0,7.175562550062268,1.824437449937732,110.75398231217218,24.556725
1019969226491,Neal Brown,Troy,2017,1,,12,10,2,0,7.845689506994729,2.154310493005271,123.52631624284868,24.407374
1019969226491,Neal Brown,Troy,2018,1,,12,9,3,0,8.212949875895056,0.7870501241049439,1.9023754438919696,22.706087
1019969226491,Neal Brown,West Virginia,2019,1,,11,4,7,0,3.8620390208551134,0.1379609791448866,-67.30876002892842,12.82412
1019969226491,Neal Brown,West Virginia,2020,1,,9,5,4,0,4.31350819298439,0.6864918070156101,66.57523996318855,14.359116
1019969226491,Neal Brown,West Virginia,2021,1,,12,5,7,0,5.120654490154665,-0.12065449015466534,1.1345639251485409,15.249715
1019969226491,Neal Brown,West Virginia,2022,1,,11,4,7,0,4.0028254955121785,-0.0028254955121784775,-13.640085278250353,14.824635
1019969226491,Neal Brown,West Virginia,2023,1,,12,8,4,0,5.862718506650134,2.1372814933498656,109.22436115647338,23.535256
1019969226491,Neal Brown,West Virginia,2024,0,"two head coaches this season, and the feed does not say which games",,,,,,,,
1019969226491,Neal Brown,North Texas,2026,1,,4,2,2,0,2.077738035171077,-0.0777380351710768,-32.982682379407606,5.138204
635244533152,Neil Callaway,UAB,2007,1,,11,1,10,0,2.351537862790456,-1.351537862790456,-143.289254634195,2.86141
635244533152,Neil Callaway,UAB,2008,1,,11,3,8,0,2.2871406150499487,0.7128593849500513,125.24612383694421,10.071129
635244533152,Neil Callaway,UAB,2009,1,,12,5,7,0,4.743070477381774,0.25692952261822644,41.16665452514849,16.163282
635244533152,Neil Callaway,UAB,2010,1,,12,4,8,0,5.478536821937835,-1.4785368219378352,-31.17323945619205,13.175561
635244533152,Neil Callaway,UAB,2011,1,,12,3,9,0,3.634347187835464,-0.6343471878354641,-87.60451326010593,10.356002
117744269487,Nelson Stokley,Louisiana,1986,1,,7,3,4,0,3.4210397800524843,-0.4210397800524843,7.677867369929118,8.694064
117744269487,Nelson Stokley,Louisiana,1987,1,,9,4,5,0,3.518951531595501,0.4810484684044991,21.082414374706786,11.788368
117744269487,Nelson Stokley,Louisiana,1988,1,,7,4,3,0,4.1510441781176555,-0.15104417811765547,-17.29448241943055,10.510115
117744269487,Nelson Stokley,Louisiana,1989,1,,8,4,4,0,3.2469262878296634,0.7530737121703366,35.231202228147595,12.698636
117744269487,Nelson Stokley,Louisiana,1990,1,,10,4,6,0,4.195618700505395,-0.19561870050539465,-59.28524750910583,8.938192
117744269487,Nelson Stokley,Louisiana,1991,1,,10,2,7,1,3.3996140222434947,-0.8996140222434947,-141.36143737371094,7.723393
117744269487,Nelson Stokley,Louisiana,1992,1,,8,0,8,0,2.1545898835781245,-2.1545898835781245,-222.70317276345486,0.0
117744269487,Nelson Stokley,Louisiana,1993,1,,11,8,3,0,4.586516893457676,3.4134831065423237,303.96456218643993,23.951676
117744269487,Nelson Stokley,Louisiana,1994,1,,10,6,4,0,5.8200661917909144,0.17993380820908556,-56.89652213374143,16.145238
117744269487,Nelson Stokley,Louisiana,1995,1,,9,4,5,0,4.835575894297139,-0.835575894297139,-40.3998937114568,10.415046
117744269487,Nelson Stokley,Louisiana,1996,1,,11,5,6,0,4.959024888060265,0.04097511193973524,-33.87379421641708,14.003661
117744269487,Nelson Stokley,Louisiana,1997,1,,10,1,9,0,2.9175322142097366,-1.9175322142097366,-291.3247412222852,3.380074
117744269487,Nelson Stokley,Louisiana,1998,1,,9,1,8,0,1.5053051423884947,-0.5053051423884947,-86.38210502419543,2.9551
242138662799,Nick Holt,Idaho,2004,1,,12,3,9,0,4.057069170140451,-1.0570691701404513,-89.16515218362042,8.907191
242138662799,Nick Holt,Idaho,2005,1,,11,2,9,0,2.9047557954718757,-0.9047557954718757,-101.57499872079757,6.323821
403441736626,Nick Petrino,Missouri State,2025,0,"two head coaches this season, and the feed does not say which games",,,,,,,,
660685641916,Nick Rolovich,Hawai'i,2016,1,,13,6,7,0,4.758075280997768,1.241924719002232,144.75408863686744,18.083883
660685641916,Nick Rolovich,Hawai'i,2017,1,,11,2,9,0,4.889301053969541,-2.8893010539695414,-169.28575401767785,6.206457
660685641916,Nick Rolovich,Hawai'i,2018,1,,13,7,6,0,5.46708550981854,1.5329144901814598,41.09418250290696,21.289171
660685641916,Nick Rolovich,Hawai'i,2019,1,,14,9,5,0,7.215145944266923,1.784854055733077,180.18197460870488,25.256316
660685641916,Nick Rolovich,Washington State,2020,1,,4,1,3,0,1.268018162457379,-0.268018162457379,-27.29407031834944,2.830296
660685641916,Nick Rolovich,Washington State,2021,0,"two head coaches this season, and the feed does not say which games",,,,,,,,
660685641916,Nick Rolovich,California,2025,0,"two head coaches this season, and the feed does not say which games",,,,,,,,
463585907280,Nick Saban,Toledo,1990,1,,11,9,2,0,8.296128371922366,0.7038716280776338,118.62275973377245,20.37773
463585907280,Nick Saban,Michigan State,1995,1,,12,6,5,1,5.9478601262143,0.5521398737857002,2.477110400167703,18.269337
463585907280,Nick Saban,Michigan State,1996,1,,12,6,6,0,6.216649960490307,-0.21664996049030716,8.596170786851872,15.837128
463585907280,Nick Saban,Michigan State,1997,1,,12,7,5,0,6.981497992911955,0.018502007088044614,114.28114527267326,18.72621
463585907280,Nick Saban,Michigan State,1998,1,,12,6,6,0,6.762735820273789,-0.7627358202737886,4.1033220259423615,16.285734
463585907280,Nick Saban,Michigan State,1999,1,,12,10,2,0,6.991948807925443,3.008051192074557,225.07834790805668,28.402985
463585907280,Nick Saban,LSU,2000,1,,11,7,4,0,4.651587528731267,2.348412471268733,252.8202183198382,22.008078
463585907280,Nick Saban,LSU,2001,1,,13,10,3,0,8.108773362855535,1.8912266371444648,185.0434095307562,26.678307
463585907280,Nick Saban,LSU,2002,1,,12,7,5,0,7.883381872034441,-0.8833818720344411,-102.81061092507684,17.645151
463585907280,Nick Saban,LSU,2003,1,,13,12,1,0,8.858985020430152,3.1410149795698477,320.44151604873423,32.229157
463585907280,Nick Saban,LSU,2004,1,,12,9,3,0,9.598491419625786,-0.5984914196257858,-41.855293626772436,20.500125
463585907280,Nick Saban,Alabama,2007,1,,12,6,6,0,5.946764811511862,0.05323518848813791,-18.50991240182657,18.596306
463585907280,Nick Saban,Alabama,2008,1,,14,12,2,0,8.961847696816452,3.038152303183548,275.9889850070799,29.717317
463585907280,Nick Saban,Alabama,2009,1,,13,13,0,0,9.582486258457141,3.4175137415428587,236.4524154438975,32.922054
463585907280,Nick Saban,Alabama,2010,1,,12,9,3,0,9.530084873690996,-0.5300848736909956,27.754680623596187,20.718493
463585907280,Nick Saban,Alabama,2011,1,,12,11,1,0,9.658486374478446,1.3415136255215536,162.56244934372376,26.643582
463585907280,Nick Saban,Alabama,2012,1,,13,12,1,0,10.94644530348036,1.0535546965196403,84.51923841984012,26.735646
463585907280,Nick Saban,Alabama,2013,1,,12,10,2,0,10.118961501482726,-0.1189615014827261,10.90494453257611,19.776129
463585907280,Nick Saban,Alabama,2014,1,,13,11,2,0,9.85179450310362,1.1482054968963809,157.31056277599123,25.422179
463585907280,Nick Saban,Alabama,2015,1,,14,13,1,0,10.927608651797874,2.0723913482021263,188.0720902351677,30.991554
463585907280,Nick Saban,Alabama,2016,1,,14,13,1,0,11.857907715995951,1.1420922840040486,46.60298494986978,28.558314
463585907280,Nick Saban,Alabama,2017,1,,13,12,1,0,10.380462608704622,1.6195373912953777,97.03951937579654,27.215135
463585907280,Nick Saban,Alabama,2018,1,,14,13,1,0,11.737976139794519,1.2620238602054812,174.0729758374996,28.359893
463585907280,Nick Saban,Alabama,2019,1,,12,10,2,0,10.393689654511197,-0.3936896545111974,-30.931880025025066,21.139146
463585907280,Nick Saban,Alabama,2020,1,,13,13,0,0,10.411634582529246,2.5883654174707544,270.3546616881349,29.326358
463585907280,Nick Saban,Alabama,2021,1,,14,12,2,0,11.43448016048477,0.5655198395152308,-15.038207147831145,26.1497
463585907280,Nick Saban,Alabama,2022,1,,12,10,2,0,9.39424077330483,0.6057592266951701,4.4051165002952075,22.853323
463585907280,Nick Saban,Alabama,2023,1,,13,11,2,0,9.20759835262996,1.7924016473700402,93.61744142444672,27.091964
615313186590,Norm Chow,Hawai'i,2012,1,,11,2,9,0,3.435096532175646,-1.435096532175646,-98.35141306651644,2.946919
615313186590,Norm Chow,Hawai'i,2013,1,,12,1,11,0,3.2534602291817354,-2.2534602291817354,-92.78629806424783,5.056491
615313186590,Norm Chow,Hawai'i,2014,1,,12,3,9,0,3.38556154787087,-0.38556154787087005,-26.590144430049577,9.458323
615313186590,Norm Chow,Hawai'i,2015,0,"two head coaches this season, and the feed does not say which games",,,,,,,,
989237757389,Nunzio Campanile,Rutgers,2019,0,"two head coaches this season, and the feed does not say which games",,,,,,,,
989237757389,Nunzio Campanile,Syracuse,2023,0,"two head coaches this season, and the feed does not say which games",,,,,,,,
409183919723,Odell Haggins,Florida State,2017,0,"two head coaches this season, and the feed does not say which games",,,,,,,,
409183919723,Odell Haggins,Florida State,2019,0,"two head coaches this season, and the feed does not say which games",,,,,,,,
1073270262718,Oscar Rodriguez,Akron,2021,0,"two head coaches this season, and the feed does not say which games",,,,,,,,
584605570859,P.J. Fleck,Western Michigan,2013,1,,11,1,10,0,3.4989529679102453,-2.4989529679102453,-212.9550690369183,4.063051
584605570859,P.J. Fleck,Western Michigan,2014,1,,12,7,5,0,5.54223729878147,1.4577627012185301,191.33605833483557,21.62569
584605570859,P.J. Fleck,Western Michigan,2015,1,,12,7,5,0,5.869549395079724,1.1304506049202763,148.91883728717585,19.516128
584605570859,P.J. Fleck,Western Michigan,2016,1,,13,12,1,0,9.56396992511425,2.4360300748857497,163.93904924696199,30.196901
584605570859,P.J. Fleck,Minnesota,2017,1,,12,5,7,0,6.4016342201276375,-1.4016342201276375,-124.53934820532822,12.558484
584605570859,P.J. Fleck,Minnesota,2018,1,,13,7,6,0,5.896303622788648,1.1036963772113522,151.4646162340764,21.48654
584605570859,P.J. Fleck,Minnesota,2019,1,,12,10,2,0,8.039163428305962,1.9608365716940384,141.15606574465278,26.263147
584605570859,P.J. Fleck,Minnesota,2020,1,,7,3,4,0,3.7078754241815646,-0.7078754241815646,-185.52313667855037,10.431102
584605570859,P.J. Fleck,Minnesota,2021,1,,13,9,4,0,7.394704883849755,1.605295116150245,163.39938780996567,25.562578
584605570859,P.J. Fleck,Minnesota,2022,1,,12,8,4,0,8.094048974643453,-0.09404897464345296,46.422191841163794,19.839729
584605570859,P.J. Fleck,Minnesota,2023,1,,13,6,7,0,7.155029566438854,-1.155029566438854,-119.72571855151182,17.087239
584605570859,P.J. Fleck,Minnesota,2024,1,,12,7,5,0,5.921599917440053,1.0784000825599467,154.76813607137774,20.196959
584605570859,P.J. Fleck,Minnesota,2025,1,,12,7,5,0,6.50037120008837,0.4996287999116298,-91.49736576465534,18.386492
584605570859,P.J. Fleck,Minnesota,2026,1,,4,3,1,0,1.8974942940343575,1.1025057059656425,29.114394039174385,9.667373
433716228332,Pat Collins,ULM,1981,1,,5,3,2,0,3.2968714412171143,-0.2968714412171143,-19.85967041643562,
1046819802378,Pat Dye,Wyoming,1980,1,,10,5,5,0,5.779786472707347,-0.7797864727073467,-46.90265486461908,
1046819802378,Pat Dye,Auburn,1981,1,,11,5,6,0,4.947195784737396,0.05280421526260426,38.52520177411657,
1046819802378,Pat Dye,Auburn,1982,1,,12,9,3,0,7.124513727948585,1.8754862720514147,159.13230976680097,0.0
1046819802378,Pat Dye,Auburn,1983,1,,12,11,1,0,7.8093011624371025,3.1906988375628975,279.42458249510537,0.0
1046819802378,Pat Dye,Auburn,1984,1,,13,9,4,0,9.062605070859359,-0.06260507085935885,-3.7478556500261675,0.0
1046819802378,Pat Dye,Auburn,1985,1,,12,8,4,0,8.350654293195134,-0.3506542931951344,-1.603351640321307,19.63777
1046819802378,Pat Dye,Auburn,1986,1,,10,8,2,0,7.58770944262697,0.41229055737303,120.98394450332626,19.559846
1046819802378,Pat Dye,Auburn,1987,1,,12,9,1,2,8.826754997420824,1.1732450025791756,108.19086089532607,23.101036
1046819802378,Pat Dye,Auburn,1988,1,,12,10,2,0,9.768974484108528,0.23102551589147247,72.58561255270911,22.468312
1046819802378,Pat Dye,Auburn,1989,1,,11,9,2,0,7.696719914562846,1.3032800854371542,126.80123638414739,20.211818
1046819802378,Pat Dye,Auburn,1990,1,,11,7,3,1,8.188550269989063,-0.6885502699890633,-95.68790398902411,17.468203
1046819802378,Pat Dye,Auburn,1991,1,,10,4,6,0,5.775361009920447,-1.7753610099204469,-128.4227792075185,9.926765
1046819802378,Pat Dye,Auburn,1992,1,,10,4,5,1,4.6762005168202565,-0.1762005168202565,-45.20399774770817,11.366713
500925570042,Pat Fitzgerald,Northwestern,2006,1,,11,4,7,0,4.620144922699604,-0.6201449226996036,-65.2104609699361,11.274382
500925570042,Pat Fitzgerald,Northwestern,2007,1,,11,5,6,0,5.108299219962401,-0.10829921996240088,6.129683154110808,14.233192
500925570042,Pat Fitzgerald,Northwestern,2008,1,,12,8,4,0,6.936196793648889,1.0638032063511114,89.3502872867839,22.938704
500925570042,Pat Fitzgerald,Northwestern,2009,1,,12,7,5,0,6.594341914767975,0.40565808523202485,15.585061974575865,20.879415
500925570042,Pat Fitzgerald,Northwestern,2010,1,,12,6,6,0,6.955207665013414,-0.9552076650134138,-38.69385255363227,16.3388
500925570042,Pat Fitzgerald,Northwestern,2011,1,,12,5,7,0,6.029163986108447,-1.029163986108447,35.196912388204964,14.116693
500925570042,Pat Fitzgerald,Northwestern,2012,1,,12,9,3,0,6.852359993444069,2.147640006555931,5.895073909450957,25.715316
500925570042,Pat Fitzgerald,Northwestern,2013,1,,11,4,7,0,5.537735926752132,-1.5377359267521324,-60.43885436593928,12.961307
500925570042,Pat Fitzgerald,Northwestern,2014,1,,11,4,7,0,5.103452907592752,-1.103452907592752,10.489770262308411,13.286651
500925570042,Pat Fitzgerald,Northwestern,2015,1,,12,9,3,0,5.504082803079718,3.4959171969202822,85.18155909815005,27.525292
500925570042,Pat Fitzgerald,Northwestern,2016,1,,12,7,5,0,6.237656903325937,0.762343096674063,83.01415814176084,19.663329
500925570042,Pat Fitzgerald,Northwestern,2017,1,,13,10,3,0,8.314546458969863,1.685453541030137,95.60973457265322,25.365925
500925570042,Pat Fitzgerald,Northwestern,2018,1,,14,9,5,0,8.067329789971255,0.9326702100287445,-10.565819208352195,24.820967
500925570042,Pat Fitzgerald,Northwestern,2019,1,,12,3,9,0,5.242792396789689,-2.242792396789689,-169.0131629385703,7.603095
500925570042,Pat Fitzgerald,Northwestern,2020,1,,9,7,2,0,4.271326873334512,2.7286731266654876,178.60227106185926,20.67955
500925570042,Pat Fitzgerald,Northwestern,2021,1,,11,2,9,0,4.328168522642702,-2.3281685226427022,-268.75799669681237,5.097261
500925570042,Pat Fitzgerald,Northwestern,2022,1,,11,1,10,0,2.5157781760675366,-1.5157781760675366,-100.6306407118168,3.239435
500925570042,Pat Fitzgerald,Michigan State,2026,1,,5,2,3,0,1.957079848680149,0.04292015131985094,56.6979106167928,5.649043
697689176514,Pat Hill,Fresno State,1997,1,,11,5,6,0,4.398833903861139,0.6011660961388614,137.49715538224405,15.705631
697689176514,Pat Hill,Fresno State,1998,1,,11,5,6,0,5.8378581413965485,-0.8378581413965485,-46.26108094377423,13.572119
697689176514,Pat Hill,Fresno State,1999,1,,12,7,5,0,7.0251645473332145,-0.025164547333214493,48.58605617416424,19.007491
697689176514,Pat Hill,Fresno State,2000,1,,12,7,5,0,6.93466604171039,0.0653339582896102,40.817371969062606,17.967387
697689176514,Pat Hill,Fresno State,2001,1,,14,11,3,0,10.38702748573741,0.6129725142625908,101.6091515356436,28.652893
697689176514,Pat Hill,Fresno State,2002,1,,14,9,5,0,8.293737947846436,0.7062620521535639,-2.925669475171617,23.526436
697689176514,Pat Hill,Fresno State,2003,1,,13,8,5,0,7.401997689030507,0.598002310969493,-10.273028209823451,20.864494
697689176514,Pat Hill,Fresno State,2004,1,,11,8,3,0,7.438249400780183,0.5617505992198168,143.0960081496662,21.193207
697689176514,Pat Hill,Fresno State,2005,1,,12,7,5,0,8.226078586996369,-1.226078586996369,-66.21129047647196,16.850395
697689176514,Pat Hill,Fresno State,2006,1,,12,4,8,0,6.599310972648995,-2.599310972648995,-138.9668886901602,10.022152
697689176514,Pat Hill,Fresno State,2007,1,,12,8,4,0,5.963493100634415,2.036506899365585,162.40406470686275,22.388122
697689176514,Pat Hill,Fresno State,2008,1,,13,7,6,0,7.926043474192516,-0.9260434741925163,-102.97933330343449,18.976299
697689176514,Pat Hill,Fresno State,2009,1,,12,7,5,0,6.767107270392948,0.23289272960705176,39.280343207957685,19.658636
697689176514,Pat Hill,Fresno State,2010,1,,12,7,5,0,6.412284720765447,0.587715279234553,-6.735455805452602,19.039473
697689176514,Pat Hill,Fresno State,2011,1,,12,3,9,0,6.0933008779188675,-3.0933008779188675,-133.38647353849478,8.318568
62492583815,Pat Jones,Oklahoma State,1984,1,,12,10,2,0,8.815850274195395,1.1841497258046054,140.07309116363263,0.0
62492583815,Pat Jones,Oklahoma State,1985,1,,11,7,4,0,7.9193351798694005,-0.9193351798694005,-90.11982894175776,16.985894
62492583815,Pat Jones,Oklahoma State,1986,1,,10,5,5,0,5.6158204281443,-0.6158204281442998,-94.51325405150192,12.662012
62492583815,Pat Jones,Oklahoma State,1987,1,,12,10,2,0,7.8476384718484535,2.1523615281515465,182.44674753915433,25.203811
62492583815,Pat Jones,Oklahoma State,1988,1,,12,10,2,0,8.76667878887147,1.2333212111285299,185.4879181427243,24.269818
62492583815,Pat Jones,Oklahoma State,1989,1,,11,4,7,0,6.4048316965716925,-2.4048316965716925,-314.6058722838761,9.814902
62492583815,Pat Jones,Oklahoma State,1990,1,,10,3,7,0,3.756253794702797,-0.756253794702797,-26.564608966597234,8.903477
62492583815,Pat Jones,Oklahoma State,1991,1,,11,0,10,1,2.9374825404126788,-2.4374825404126788,-243.00819959072442,0.8818
62492583815,Pat Jones,Oklahoma State,1992,1,,10,3,6,1,2.4880105745238583,1.0119894254761417,49.758893939469544,10.889077
62492583815,Pat Jones,Oklahoma State,1993,1,,10,2,8,0,3.0313606886179842,-1.0313606886179842,-88.33142945242867,5.963888
62492583815,Pat Jones,Oklahoma State,1994,1,,10,2,7,1,3.046875112326647,-0.5468751123266471,-39.25657298340616,6.824261
577127231885,Pat Narduzzi,Pittsburgh,2015,1,,12,7,5,0,7.104831823222223,-0.10483182322222273,48.283964312590115,19.588712
577127231885,Pat Narduzzi,Pittsburgh,2016,1,,12,7,5,0,7.023603882145549,-0.023603882145549093,6.917245138281032,19.391151
577127231885,Pat Narduzzi,Pittsburgh,2017,1,,11,4,7,0,4.8846992813918,-0.8846992813918,54.48131075555875,11.845868
577127231885,Pat Narduzzi,Pittsburgh,2018,1,,13,6,7,0,5.7894332469176,0.21056675308240003,21.721918857316496,17.464428
577127231885,Pat Narduzzi,Pittsburgh,2019,1,,12,7,5,0,7.179577572209472,-0.1795775722094719,64.11226408715083,19.251444
577127231885,Pat Narduzzi,Pittsburgh,2020,1,,10,5,5,0,5.405380588311509,-0.4053805883115089,-25.73761220789993,14.574789
577127231885,Pat Narduzzi,Pittsburgh,2021,1,,13,10,3,0,8.605673226285512,1.3943267737144875,100.61367153351966,27.230778
577127231885,Pat Narduzzi,Pittsburgh,2022,1,,12,8,4,0,8.49415244657632,-0.4941524465763205,65.96922453486309,21.349244
577127231885,Pat Narduzzi,Pittsburgh,2023,1,,11,2,9,0,5.232548685850562,-3.2325486858505617,-225.53731607336135,6.216543
577127231885,Pat Narduzzi,Pittsburgh,2024,1,,12,6,6,0,6.105686158756328,-0.10568615875632759,4.665450791304465,17.479629
577127231885,Pat Narduzzi,Pittsburgh,2025,1,,12,7,5,0,6.097379885783995,0.9026201142160053,104.92791697757093,20.747311
577127231885,Pat Narduzzi,Pittsburgh,2026,1,,4,4,0,0,2.920552174049103,1.079447825950897,47.5619018601717,9.939837
347105816469,Pat Sullivan,TCU,1992,1,,11,2,8,1,4.222778868650462,-1.7227788686504617,-198.98743239792043,7.466869
347105816469,Pat Sullivan,TCU,1993,1,,11,4,7,0,3.9533657655969026,0.04663423440309744,12.482380996135134,12.176777
347105816469,Pat Sullivan,TCU,1994,1,,12,7,5,0,5.176875130931602,1.8231248690683977,137.40062892507217,20.631952
347105816469,Pat Sullivan,TCU,1995,1,,11,6,5,0,6.406008922468579,-0.4060089224685788,-46.430389103141806,14.647249
347105816469,Pat Sullivan,TCU,1996,1,,11,4,7,0,5.009289692001863,-1.0092896920018628,-138.62215585904573,11.107766
347105816469,Pat Sullivan,TCU,1997,1,,11,1,10,0,2.8352839045485516,-1.8352839045485516,-188.66442211484787,3.683289
345336474073,Patrick Higgins,Purdue,2012,0,"two head coaches this season, and the feed does not say which games",,,,,,,,
371657788157,Paul Chryst,Pittsburgh,2012,1,,11,5,6,0,5.262791414159201,-0.26279141415920115,55.26050204891749,15.503565
371657788157,Paul Chryst,Pittsburgh,2013,1,,12,6,6,0,6.163118319286694,-0.16311831928669385,105.56667812776482,16.998171
371657788157,Paul Chryst,Pittsburgh,2014,1,,12,5,7,0,7.545547589059974,-2.545547589059974,-11.654465028459299,14.86289
371657788157,Paul Chryst,Wisconsin,2015,1,,13,10,3,0,9.911993307345037,0.08800669265496275,31.819565324349696,23.697446
371657788157,Paul Chryst,Wisconsin,2016,1,,14,11,3,0,9.079007248889589,1.9209927511104112,103.1555745327828,29.447604
371657788157,Paul Chryst,Wisconsin,2017,1,,14,13,1,0,11.076187791014103,1.9238122089858969,128.23502682340768,30.365225
371657788157,Paul Chryst,Wisconsin,2018,1,,13,8,5,0,9.605136790470738,-1.6051367904707377,-67.93417613643192,18.663334
371657788157,Paul Chryst,Wisconsin,2019,1,,14,10,4,0,9.867385488276998,0.13261451172300198,131.91814209972222,24.112035
371657788157,Paul Chryst,Wisconsin,2020,1,,7,4,3,0,5.007117641864181,-1.0071176418641814,-14.124221740246867,9.637382
371657788157,Paul Chryst,Wisconsin,2021,1,,13,9,4,0,9.348626037937091,-0.3486260379370911,67.6322102064969,21.575829
371657788157,Paul Chryst,Wisconsin,2022,0,"two head coaches this season, and the feed does not say which games",,,,,,,,
525886547641,Paul Hackett,Pittsburgh,1990,1,,11,3,7,1,5.715224962906376,-2.215224962906376,-232.41005569662389,7.777134
525886547641,Paul Hackett,Pittsburgh,1991,1,,11,6,5,0,5.361098686072617,0.6389013139273834,71.31751037022991,16.687773
525886547641,Paul Hackett,Pittsburgh,1992,0,"two head coaches this season, and the feed does not say which games",,,,,,,,
525886547641,Paul Hackett,USC,1998,1,,13,8,5,0,7.9063791211718675,0.09362087882813253,85.00040493585152,21.160863
525886547641,Paul Hackett,USC,1999,1,,12,6,6,0,7.153149490200091,-1.1531494902000912,-44.05740177160078,15.547579
525886547641,Paul Hackett,USC,2000,1,,12,5,7,0,6.172296972879747,-1.1722969728797468,-120.48837197590387,15.09266
293333247619,Paul Haynes,Kent State,2013,1,,11,3,8,0,4.455801185589861,-1.455801185589861,-155.93401153999002,8.701798
293333247619,Paul Haynes,Kent State,2014,1,,11,2,9,0,3.583037004679522,-1.5830370046795221,-121.37704492649323,6.605177
293333247619,Paul Haynes,Kent State,2015,1,,11,2,9,0,3.1022645862622475,-1.1022645862622475,-108.51753238379683,6.715139
293333247619,Paul Haynes,Kent State,2016,1,,10,2,8,0,2.7393251385384554,-0.7393251385384554,30.05340683571785,6.89589
293333247619,Paul Haynes,Kent State,2017,1,,11,1,10,0,3.0045156266007846,-2.0045156266007846,-135.30891429151552,3.085325
266782592403,Paul Johnson,Navy,2002,1,,12,2,10,0,2.683349579410491,-0.6833495794104909,-16.06392095558681,6.613278
266782592403,Paul Johnson,Navy,2003,1,,11,7,4,0,5.037809539198586,1.9621904608014136,214.12787735012603,19.933952
266782592403,Paul Johnson,Navy,2004,1,,10,8,2,0,6.109020759571974,1.8909792404280257,110.44341301437703,22.505627
266782592403,Paul Johnson,Navy,2005,1,,12,8,4,0,6.990670561311552,1.0093294386884484,10.628064853272008,21.453696
266782592403,Paul Johnson,Navy,2006,1,,12,8,4,0,7.654534667576648,0.34546533242335187,11.261035138089483,21.502093
266782592403,Paul Johnson,Navy,2007,0,"two head coaches this season, and the feed does not say which games",,,,,,,,
266782592403,Paul Johnson,Georgia Tech,2008,1,,11,7,4,0,5.532217990335176,1.4677820096648242,78.43480198107318,21.095012
266782592403,Paul Johnson,Georgia Tech,2009,1,,13,10,3,0,7.620741014346537,2.379258985653463,49.46042964659296,27.763301
266782592403,Paul Johnson,Georgia Tech,2010,1,,12,5,7,0,5.761608496040959,-0.7616084960409593,-97.51748102995998,13.41382
266782592403,Paul Johnson,Georgia Tech,2011,1,,12,7,5,0,6.814463000408555,0.1855369995914451,39.3725246011104,19.858009
266782592403,Paul Johnson,Georgia Tech,2012,1,,13,6,7,0,5.946220431065261,0.0537795689347389,127.75976716923537,19.446173
266782592403,Paul Johnson,Georgia Tech,2013,1,,11,5,6,0,5.899428117148493,-0.899428117148493,-93.79852002544294,14.17387
266782592403,Paul Johnson,Georgia Tech,2014,1,,13,10,3,0,6.698446709761319,3.3015532902386813,285.80266880404724,27.045298
266782592403,Paul Johnson,Georgia Tech,2015,1,,11,2,9,0,5.698315012324276,-3.698315012324276,-279.06508234641433,5.770061
266782592403,Paul Johnson,Georgia Tech,2016,1,,12,8,4,0,4.911257847516268,3.088742152483732,113.050789949511,23.648028
266782592403,Paul Johnson,Georgia Tech,2017,1,,10,4,6,0,4.761141459988716,-0.7611414599887159,-81.35135425970225,12.23677
266782592403,Paul Johnson,Georgia Tech,2018,1,,12,6,6,0,5.450166744878859,0.5498332551211407,58.66630770255824,16.934815
382507123995,Paul Pasqualoni,Syracuse,1991,1,,12,10,2,0,8.611837367849203,1.388162632150797,151.04332911980055,24.883722
382507123995,Paul Pasqualoni,Syracuse,1992,1,,12,10,2,0,8.786388475153432,1.2136115248465682,72.63227719974975,24.414821
382507123995,Paul Pasqualoni,Syracuse,1993,1,,11,6,4,1,8.210840330246612,-1.7108403302466115,-186.20219303843578,13.710961
382507123995,Paul Pasqualoni,Syracuse,1994,1,,11,7,4,0,6.562123276701306,0.437876723298694,23.910473407742074,17.654727
382507123995,Paul Pasqualoni,Syracuse,1995,1,,12,9,3,0,7.912738165443963,1.0872618345560374,173.15410648809097,23.227904
382507123995,Paul Pasqualoni,Syracuse,1996,1,,12,9,3,0,8.97203369231586,0.027966307684140546,93.15873505564718,22.325719
382507123995,Paul Pasqualoni,Syracuse,1997,1,,13,9,4,0,9.803453906385284,-0.8034539063852844,42.71713613598786,21.830697
382507123995,Paul Pasqualoni,Syracuse,1998,1,,12,8,4,0,8.047794097258794,-0.047794097258794466,4.8777852403102315,20.368546
382507123995,Paul Pasqualoni,Syracuse,1999,1,,12,7,5,0,8.32158486355069,-1.3215848635506902,-61.57864320593558,17.24862
382507123995,Paul Pasqualoni,Syracuse,2000,1,,11,6,5,0,6.24940053200351,-0.2494005320035102,9.685406662071046,15.373843
382507123995,Paul Pasqualoni,Syracuse,2001,1,,13,10,3,0,7.544381538405888,2.4556184615941117,261.2364666139256,26.785549
382507123995,Paul Pasqualoni,Syracuse,2002,1,,11,3,8,0,5.463162076019936,-2.4631620760199358,-242.7609301428538,9.668417
382507123995,Paul Pasqualoni,Syracuse,2003,1,,12,6,6,0,5.9660748203585925,0.03392517964140751,59.39493665196824,17.249106
382507123995,Paul Pasqualoni,Syracuse,2004,1,,12,6,6,0,5.347404621379505,0.6525953786204948,-56.489947667458864,17.309653
382507123995,Paul Pasqualoni,UConn,2011,1,,11,4,7,0,5.322487871456605,-1.3224878714566053,-60.646098053686956,11.822308
382507123995,Paul Pasqualoni,UConn,2012,1,,12,5,7,0,6.354239277262978,-1.3542392772629777,-10.214939776142728,12.59773
382507123995,Paul Pasqualoni,UConn,2013,1,,11,3,8,0,4.512715440277009,-1.5127154402770087,-61.597337680817645,8.692077
51414352978,Paul Petrino,Idaho,2013,1,,11,1,10,0,2.272112035610539,-1.2721120356105389,-102.10185055044303,3.403925
51414352978,Paul Petrino,Idaho,2014,1,,11,1,10,0,2.9178018027223214,-1.9178018027223214,-42.3928976929958,2.834593
51414352978,Paul Petrino,Idaho,2015,1,,11,3,8,0,3.7326648055822513,-0.7326648055822513,23.020453212613802,10.146929
51414352978,Paul Petrino,Idaho,2016,1,,12,8,4,0,5.1414782820654645,2.8585217179345355,208.69792359841153,23.396804
51414352978,Paul Petrino,Idaho,2017,1,,11,3,8,0,4.7212906764998825,-1.7212906764998825,-288.97905295524083,9.510368
744423791529,Paul Rhoads,Iowa State,2009,1,,12,6,6,0,3.8594080847496133,2.1405919152503867,133.07669316716715,19.322122
744423791529,Paul Rhoads,Iowa State,2010,1,,11,4,7,0,3.5386659036128423,0.4613340963871577,-16.03745085180799,13.768417
744423791529,Paul Rhoads,Iowa State,2011,1,,12,5,7,0,3.906755899430285,1.093244100569715,29.240836173881462,16.657435
744423791529,Paul Rhoads,Iowa State,2012,1,,12,5,7,0,4.152008330578489,0.8479916694215106,-46.88315881345079,16.383613
744423791529,Paul Rhoads,Iowa State,2013,1,,11,3,8,0,3.070706948468999,-0.07070694846899883,-0.6371602913516199,9.473388
744423791529,Paul Rhoads,Iowa State,2014,1,,11,2,9,0,3.372916189262348,-1.372916189262348,-129.03747061708486,6.523161
744423791529,Paul Rhoads,Iowa State,2015,1,,11,2,9,0,2.510291300173016,-0.5102913001730158,21.832282081802305,7.169823
279646757847,Paul Roach,Wyoming,1987,1,,13,10,3,0,8.043532790392337,1.9564672096076627,221.08127174067977,26.739812
279646757847,Paul Roach,Wyoming,1988,1,,11,9,2,0,8.16023430505824,0.8397656949417591,35.434305488106475,22.203154
279646757847,Paul Roach,Wyoming,1989,1,,11,5,6,0,6.0608277020151675,-1.0608277020151675,-130.0099457139902,13.302957
279646757847,Paul Roach,Wyoming,1990,1,,12,8,4,0,7.9303680726979495,0.06963192730205048,-10.288992023340143,17.761697
137770835778,Paul Schudel,Ball State,1985,1,,10,3,7,0,3.8122247040697057,-0.8122247040697057,-98.21761095828833,9.425142
137770835778,Paul Schudel,Ball State,1986,1,,10,5,5,0,4.696813913287073,0.3031860867129268,47.352299836827115,14.399906
137770835778,Paul Schudel,Ball State,1987,1,,10,4,6,0,3.7782098781420634,0.22179012185793656,-1.5526700125376465,12.441207
137770835778,Paul Schudel,Ball State,1988,1,,9,6,3,0,5.646111851320762,0.35388814867923823,115.08681604786716,17.053157
137770835778,Paul Schudel,Ball State,1989,1,,11,6,3,2,6.763761659667595,0.2362383403324051,-28.132920280393137,17.538531
137770835778,Paul Schudel,Ball State,1990,1,,9,5,4,0,5.305693713553915,-0.3056937135539153,-36.37365901333419,13.818305
137770835778,Paul Schudel,Ball State,1991,1,,10,5,5,0,5.419011564812047,-0.41901156481204715,-18.033271540148462,13.738527
137770835778,Paul Schudel,Ball State,1992,1,,11,5,6,0,5.389539960071246,-0.3895399600712457,-79.65828585081499,13.465951
137770835778,Paul Schudel,Ball State,1993,1,,11,7,3,1,6.063387612997548,1.4366123870024516,48.41360467365075,20.497431
137770835778,Paul Schudel,Ball State,1994,1,,11,5,5,1,5.9979730370533515,-0.4979730370533515,-112.68794580300937,14.29593
455068506317,Paul Wiggin,Stanford,1980,1,,11,6,5,0,6.191632499776615,-0.191632499776615,7.719345803765009,
455068506317,Paul Wiggin,Stanford,1981,1,,11,4,7,0,4.310015833995006,-0.3100158339950063,-16.911181263944627,
455068506317,Paul Wiggin,Stanford,1982,1,,11,5,6,0,4.969791677567511,0.03020832243248872,15.145412787148416,
455068506317,Paul Wiggin,Stanford,1983,1,,11,1,10,0,3.5950052097524776,-2.5950052097524776,-270.29905376027114,
217395250283,Paul Wulff,Washington State,2008,1,,12,1,11,0,3.5091350979372877,-2.5091350979372877,-210.91105846926826,2.732191
217395250283,Paul Wulff,Washington State,2009,1,,12,1,11,0,2.5491694020474127,-1.5491694020474127,-166.10180405155643,2.719388
217395250283,Paul Wulff,Washington State,2010,1,,11,1,10,0,1.2590853256867218,-0.2590853256867218,76.78701848425453,3.901645
217395250283,Paul Wulff,Washington State,2011,1,,11,3,8,0,3.114139283338309,-0.11413928333830903,-41.44205472180988,10.505831
1066335353800,Pete Alamar,Rice,2024,0,"two head coaches this season, and the feed does not say which games",,,,,,,,
788626021826,Pete Carroll,USC,2001,1,,12,6,6,0,5.208038279470949,0.7919617205290512,152.19190549811492,17.072017
788626021826,Pete Carroll,USC,2002,1,,13,11,2,0,8.118258023328575,2.8817419766714245,374.9445658269992,31.486971
788626021826,Pete Carroll,USC,2003,1,,13,12,1,0,10.699358555690367,1.3006414443096332,57.83525166032996,29.806915
788626021826,Pete Carroll,USC,2004,1,,13,13,0,0,10.74402678565356,2.25597321434644,156.63672632114822,30.510483
788626021826,Pete Carroll,USC,2005,1,,13,12,1,0,11.09571580893988,0.9042841910601194,17.414836732704998,26.385949
788626021826,Pete Carroll,USC,2006,1,,13,11,2,0,10.419787675645107,0.5802123243548927,62.06977501027336,25.410094
788626021826,Pete Carroll,USC,2007,1,,13,11,2,0,10.219040337077772,0.7809596629222284,105.6808605537401,25.212258
788626021826,Pete Carroll,USC,2008,1,,13,12,1,0,10.65504656543402,1.34495343456598,104.07979163492723,26.913406
788626021826,Pete Carroll,USC,2009,1,,13,9,4,0,9.581110225663359,-0.5811102256633589,-193.6551779242709,21.383447
1004672660875,Pete Cordelli,Kent State,1991,1,,11,1,10,0,2.232131198869425,-1.2321311988694248,-117.53105277375357,3.767282
1004672660875,Pete Cordelli,Kent State,1992,1,,11,2,9,0,1.8934978760173902,0.10650212398260983,-42.43692634406352,7.136153
1004672660875,Pete Cordelli,Kent State,1993,1,,11,0,11,0,2.089671732283489,-2.089671732283489,-179.39565434586336,0.0
535277680295,Pete Golding,Ole Miss,2025,0,"two head coaches this season, and the feed does not say which games",,,,,,,,
535277680295,Pete Golding,Ole Miss,2026,1,,4,3,1,0,3.1582944719223365,-0.15829447192233648,-68.65408332328911,7.013568
55206191237,Pete Kaligis,Washington State,2024,0,"two head coaches this season, and the feed does not say which games",,,,,,,,
343795636275,Pete Lembo,Ball State,2011,1,,12,6,6,0,4.659001351705934,1.3409986482940663,51.45710605857812,17.697498
343795636275,Pete Lembo,Ball State,2012,1,,13,9,4,0,7.014866148491023,1.9851338515089774,155.01716190495927,25.491303
343795636275,Pete Lembo,Ball State,2013,1,,12,9,3,0,8.517699346360983,0.4823006536390171,21.046041776572338,22.204919
343795636275,Pete Lembo,Ball State,2014,1,,10,4,6,0,4.944580818159025,-0.9445808181590252,-162.94068755772878,12.408453
343795636275,Pete Lembo,Ball State,2015,1,,11,2,9,0,3.9523590326723514,-1.9523590326723514,-170.642291695219,5.424117
343795636275,Pete Lembo,Buffalo,2024,0,"two head coaches this season, and the feed does not say which games",,,,,,,,
343795636275,Pete Lembo,Buffalo,2025,1,,11,4,7,0,6.071367145291811,-2.071367145291811,-141.78165786742966,10.383711
343795636275,Pete Lembo,Buffalo,2026,1,,3,0,3,0,0.7326030266235537,-0.7326030266235537,-61.222114623459674,0.0
1057791267586,Peter Rossomando,Charlotte,2022,0,"two head coaches this season, and the feed does not say which games",,,,,,,,
983849828205,Phil Bennett,SMU,2002,1,,12,3,9,0,3.806860938135496,-0.8068609381354959,-182.78692116215257,8.878871
983849828205,Phil Bennett,SMU,2003,1,,12,0,12,0,2.764591818527413,-2.764591818527413,-210.4484648837681,0.0
983849828205,Phil Bennett,SMU,2004,1,,11,3,8,0,1.8042868763940985,1.1957131236059015,146.48736705520628,9.952705
983849828205,Phil Bennett,SMU,2005,1,,11,5,6,0,3.470967193934951,1.5290328060650489,45.60477634420636,18.138517
983849828205,Phil Bennett,SMU,2006,1,,11,5,6,0,4.890144805002972,0.1098551949970279,-39.710777787403686,14.542797
983849828205,Phil Bennett,SMU,2007,1,,12,1,11,0,4.296359205618865,-3.296359205618865,-152.0442414205486,5.54763
983849828205,Phil Bennett,Pittsburgh,2010,0,"two head coaches this season, and the feed does not say which games",,,,,,,,
983849828205,Phil Bennett,North Texas,2022,0,"two head coaches this season, and the feed does not say which games",,,,,,,,
325616203272,Phil Longo,Sam Houston,2025,1,,12,2,10,0,4.6160540765477975,-2.6160540765477975,-302.86158933832144,3.479235
325616203272,Phil Longo,Sam Houston,2026,1,,3,0,3,0,0.5806108674570075,-0.5806108674570075,-9.878519213684513,0.0
201874248521,Philip Montgomery,Tulsa,2015,1,,13,6,7,0,5.3436592420416025,0.6563407579583975,22.737029090797932,16.496055
201874248521,Philip Montgomery,Tulsa,2016,1,,12,9,3,0,6.910976044583427,2.0890239554165726,266.880463986721,23.529187
201874248521,Philip Montgomery,Tulsa,2017,1,,12,2,10,0,5.186381912126877,-3.186381912126877,-288.8971035255079,6.109242
201874248521,Philip Montgomery,Tulsa,2018,1,,11,2,9,0,3.9489253592253686,-1.9489253592253686,-82.23575246228484,5.616387
201874248521,Philip Montgomery,Tulsa,2019,1,,12,4,8,0,3.747205665024968,0.2527943349750319,98.836796523663,13.806474
201874248521,Philip Montgomery,Tulsa,2020,1,,9,6,3,0,4.658917840080288,1.3410821599197122,164.04731024741113,16.958847
201874248521,Philip Montgomery,Tulsa,2021,1,,12,7,5,0,6.28827953506446,0.7117204649355404,-60.67289396645219,19.668809
201874248521,Philip Montgomery,Tulsa,2022,1,,11,4,7,0,5.1631230550389065,-1.1631230550389065,-51.780053251999334,12.358796
201874248521,Philip Montgomery,Virginia Tech,2025,0,"two head coaches this season, and the feed does not say which games",,,,,,,,
1043384398000,Phillip Fulmer,Tennessee,1992,0,"two head coaches this season, and the feed does not say which games",,,,,,,,
1043384398000,Phillip Fulmer,Tennessee,1993,1,,12,9,2,1,9.07560847409101,0.4243915259089892,64.85701597746151,21.967888
1043384398000,Phillip Fulmer,Tennessee,1994,1,,12,8,4,0,7.784182679134701,0.21581732086529914,71.94489212067174,20.204792
1043384398000,Phillip Fulmer,Tennessee,1995,1,,12,11,1,0,8.980493469479999,2.019506530520001,206.518121119866,26.762643
1043384398000,Phillip Fulmer,Tennessee,1996,1,,12,10,2,0,9.905338087055702,0.09466191294429827,38.93976904191459,23.370816
1043384398000,Phillip Fulmer,Tennessee,1997,1,,13,11,2,0,9.874150293520126,1.1258497064798743,95.30979743473631,25.74453
1043384398000,Phillip Fulmer,Tennessee,1998,1,,13,13,0,0,10.30526420817503,2.6947357918249697,206.22183512885454,31.227711
1043384398000,Phillip Fulmer,Tennessee,1999,1,,12,9,3,0,9.8841109617006,-0.8841109617005998,-29.610155322526452,19.699695
1043384398000,Phillip Fulmer,Tennessee,2000,1,,12,8,4,0,8.701325753592688,-0.7013257535926876,-99.72808471891608,18.774422
1043384398000,Phillip Fulmer,Tennessee,2001,1,,13,11,2,0,8.976823476482705,2.0231765235172947,196.35191790444878,28.12835
1043384398000,Phillip Fulmer,Tennessee,2002,1,,13,8,5,0,8.749481864667725,-0.7494818646677253,-82.07916464500067,18.401669
1043384398000,Phillip Fulmer,Tennessee,2003,1,,13,10,3,0,8.596549914502717,1.4034500854972833,113.78467496696999,25.477781
1043384398000,Phillip Fulmer,Tennessee,2004,1,,13,10,3,0,9.056726710128773,0.943273289871227,8.9157793554632,24.951219
1043384398000,Phillip Fulmer,Tennessee,2005,1,,11,5,6,0,7.015583461139195,-2.0155834611391947,-94.18637319561503,12.568772
1043384398000,Phillip Fulmer,Tennessee,2006,1,,13,9,4,0,7.823289931748062,1.1767100682519382,80.2443814215228,23.443238
1043384398000,Phillip Fulmer,Tennessee,2007,1,,14,10,4,0,8.299145858555905,1.7008541414440952,88.51076530324667,25.665202
1043384398000,Phillip Fulmer,Tennessee,2008,1,,12,5,7,0,6.666231700654213,-1.6662317006542127,-118.7690885576767,13.435344
444808985302,Pokey Allen,Boise State,1996,0,"two head coaches this season, and the feed does not say which games",,,,,,,,
34021421581,R.C. Slocum,Texas A&M,1989,1,,12,8,4,0,7.9075343085328935,0.09246569146710648,65.11471785100821,20.424025
34021421581,R.C. Slocum,Texas A&M,1990,1,,12,8,3,1,7.905569247816024,0.5944307521839756,126.85018030131323,20.5124
34021421581,R.C. Slocum,Texas A&M,1991,1,,12,10,2,0,9.719603573697604,0.2803964263023957,115.21140987928538,23.276141
34021421581,R.C. Slocum,Texas A&M,1992,1,,13,12,1,0,10.926326857991542,1.0736731420084578,53.20272431894614,27.275541
34021421581,R.C. Slocum,Texas A&M,1993,1,,12,10,2,0,9.368960808995276,0.6310391910047244,79.28035357975068,23.18914
34021421581,R.C. Slocum,Texas A&M,1994,1,,11,10,0,1,9.489043694464485,1.0109563055355153,129.08326131050285,23.126223
34021421581,R.C. Slocum,Texas A&M,1995,1,,11,8,3,0,8.287309001629252,-0.2873090016292519,-45.05226796019156,18.976939
34021421581,R.C. Slocum,Texas A&M,1996,1,,12,6,6,0,7.416205794817185,-1.4162057948171851,-84.35165875481403,14.639497
34021421581,R.C. Slocum,Texas A&M,1997,1,,12,8,4,0,7.317298044480342,0.6827019555196578,72.33930317460931,19.955556
34021421581,R.C. Slocum,Texas A&M,1998,1,,14,11,3,0,9.020522802466976,1.9794771975330239,196.30389104123492,28.740723
34021421581,R.C. Slocum,Texas A&M,1999,1,,12,8,4,0,8.518401994259552,-0.5184019942595519,-79.2581017280022,19.414866
34021421581,R.C. Slocum,Texas A&M,2000,1,,12,7,5,0,7.661120374136962,-0.6611203741369618,8.885661031892141,17.945322
34021421581,R.C. Slocum,Texas A&M,2001,1,,11,7,4,0,6.4694972558165125,0.5305027441834875,33.47576153097043,17.977821
34021421581,R.C. Slocum,Texas A&M,2002,1,,12,6,6,0,7.22771849235513,-1.2277184923551303,-89.42055259975791,17.83839
6158918132,Ralph Friedgen,Maryland,2001,1,,12,10,2,0,7.272234513517843,2.7277654864821574,233.5964837142376,25.003204
6158918132,Ralph Friedgen,Maryland,2002,1,,13,10,3,0,8.642038312657547,1.3579616873424527,89.83562702415475,26.930959
6158918132,Ralph Friedgen,Maryland,2003,1,,12,9,3,0,8.368280368664612,0.6317196313353879,73.5931449199793,23.644785
6158918132,Ralph Friedgen,Maryland,2004,1,,11,5,6,0,6.540556842854731,-1.5405568428547314,-153.65630566731807,13.818486
6158918132,Ralph Friedgen,Maryland,2005,1,,11,5,6,0,5.869765910253655,-0.8697659102536548,6.295617987526612,13.48004
6158918132,Ralph Friedgen,Maryland,2006,1,,12,8,4,0,6.088102812612765,1.9118971873872352,43.77191232427367,22.707409
6158918132,Ralph Friedgen,Maryland,2007,1,,12,5,7,0,5.374071230884804,-0.37407123088480443,-24.147183422897115,16.060908
6158918132,Ralph Friedgen,Maryland,2008,1,,12,7,5,0,5.8691360555595775,1.1308639444404225,5.573355517514301,20.711943
6158918132,Ralph Friedgen,Maryland,2009,1,,11,1,10,0,4.115785316184693,-3.1157853161846933,-183.6570798075286,3.371865
6158918132,Ralph Friedgen,Maryland,2010,1,,12,8,4,0,5.05268303766943,2.9473169623305697,147.4473427628509,23.662999
187067159332,Ralph Staub,Cincinnati,1980,1,,8,2,6,0,2.8749632744243474,-0.8749632744243474,-121.86984057791688,
426624816175,Randy Edsall,UConn,2000,1,,8,2,6,0,4.090524112419124,-2.090524112419124,-302.3805696954837,
426624816175,Randy Edsall,UConn,2001,1,,10,2,8,0,2.8475247035064872,-0.8475247035064872,-144.17653418912823,6.539616
426624816175,Randy Edsall,UConn,2002,1,,11,5,6,0,3.8863300535636363,1.1136699464363637,244.93998170079635,16.655859
426624816175,Randy Edsall,UConn,2003,1,,11,8,3,0,6.581315913721042,1.418684086278958,146.08567097367154,20.998121
426624816175,Randy Edsall,UConn,2004,1,,11,7,4,0,6.944054816247437,0.055945183752562855,101.47825907796619,17.88453
426624816175,Randy Edsall,UConn,2005,1,,10,4,6,0,6.129046404240187,-2.129046404240187,-91.32833292579767,9.498602
426624816175,Randy Edsall,UConn,2006,1,,11,3,8,0,4.773547929732334,-1.7735479297323344,-149.51625517441425,8.499876
426624816175,Randy Edsall,UConn,2007,1,,12,8,4,0,6.258499595982469,1.7415004040175308,117.33340442478038,22.440365
426624816175,Randy Edsall,UConn,2008,1,,12,7,5,0,7.389311712878405,-0.3893117128784054,93.13546111939854,18.583378
426624816175,Randy Edsall,UConn,2009,1,,12,7,5,0,6.600515912692076,0.39948408730792373,27.46878821441078,19.632334
426624816175,Randy Edsall,UConn,2010,1,,12,7,5,0,5.761447655030178,1.238552344969822,-59.31012942654229,21.241167
426624816175,Randy Edsall,Maryland,2011,1,,11,1,10,0,3.635250707073096,-2.635250707073096,-237.3464196810737,3.082025
426624816175,Randy Edsall,Maryland,2012,1,,11,3,8,0,3.016679985106693,-0.016679985106692996,-53.49884525641164,9.951077
426624816175,Randy Edsall,Maryland,2013,1,,12,6,6,0,5.127924056075363,0.8720759439246368,163.78202119386128,18.860249
426624816175,Randy Edsall,Maryland,2014,1,,12,6,6,0,5.164768634121083,0.8352313658789168,15.879387051101958,18.874741
426624816175,Randy Edsall,Maryland,2015,1,,11,2,9,0,3.113177827101793,-1.1131778271017931,-163.87856498836936,6.034646
426624816175,Randy Edsall,UConn,2017,1,,11,2,9,0,2.3659375674305148,-0.36593756743051475,-99.84396730758658,7.062627
426624816175,Randy Edsall,UConn,2018,1,,11,0,11,0,1.6926203812712441,-1.6926203812712441,-149.75279486815157,0.0
426624816175,Randy Edsall,UConn,2019,1,,11,1,10,0,1.9689069684499776,-0.9689069684499776,-66.80950418334919,3.17755
426624816175,Randy Edsall,UConn,2020,0,this database holds no games for that team that season,,,,,,,,
426624816175,Randy Edsall,UConn,2021,0,"two head coaches this season, and the feed does not say which games",,,,,,,,
142473547431,Randy Shannon,Miami (FL),2007,1,,12,5,7,0,6.700672072670169,-1.7006720726701694,-183.7691577162002,13.433441
142473547431,Randy Shannon,Miami (FL),2008,1,,12,6,6,0,5.087456203598461,0.9125437964015388,21.409155274801606,17.962126
142473547431,Randy Shannon,Miami (FL),2009,1,,12,8,4,0,6.955673177935697,1.0443268220643027,164.67331847961282,23.317829
142473547431,Randy Shannon,Miami (FL),2010,1,,12,6,6,0,7.299733499442788,-1.2997334994427883,9.204038884438887,17.063185
142473547431,Randy Shannon,Florida,2017,0,"two head coaches this season, and the feed does not say which games",,,,,,,,
558479822930,Randy Walker,Miami (OH),1990,1,,11,5,5,1,4.135062895327696,1.364937104672304,147.0373675842552,15.69473
558479822930,Randy Walker,Miami (OH),1991,1,,11,6,4,1,6.692591948095107,-0.1925919480951066,32.334952472799614,16.53063
558479822930,Randy Walker,Miami (OH),1992,1,,11,6,4,1,5.689506943843027,0.8104930561569734,51.392519108524766,17.541225
558479822930,Randy Walker,Miami (OH),1993,1,,11,4,7,0,5.531406084577551,-1.5314060845775508,-179.806230448233,11.784349
558479822930,Randy Walker,Miami (OH),1994,1,,11,5,5,1,4.889583349977545,0.6104166500224553,48.833609603965215,14.534814
558479822930,Randy Walker,Miami (OH),1995,1,,11,8,2,1,6.447865655380911,2.0521343446190894,211.40996711972707,22.895076
558479822930,Randy Walker,Miami (OH),1996,1,,11,6,5,0,7.443309538088148,-1.4433095380881484,-59.168637830374564,16.064542
558479822930,Randy Walker,Miami (OH),1997,1,,11,8,3,0,7.277365802004066,0.7226341979959336,157.03774681323443,19.176216
558479822930,Randy Walker,Miami (OH),1998,1,,11,10,1,0,8.888303613612289,1.1116963863877114,63.46089154122842,23.99665
558479822930,Randy Walker,Northwestern,1999,1,,11,3,8,0,3.001270608486234,-0.0012706084862341704,-61.24437592927575,8.736334
558479822930,Randy Walker,Northwestern,2000,1,,12,8,4,0,5.200393268773105,2.799606731226895,265.83548337842444,24.861709
558479822930,Randy Walker,Northwestern,2001,1,,11,4,7,0,5.947641054309362,-1.9476410543093623,-226.0599698464198,10.525036
558479822930,Randy Walker,Northwestern,2002,1,,12,3,9,0,3.3809829427227385,-0.38098294272273847,-106.25474996822345,8.841405
558479822930,Randy Walker,Northwestern,2003,1,,13,6,7,0,4.260068176343129,1.739931823656871,152.16292562781723,18.703757
558479822930,Randy Walker,Northwestern,2004,1,,12,6,6,0,5.294930722867596,0.7050692771324041,61.85406280802158,18.652094
558479822930,Randy Walker,Northwestern,2005,1,,12,7,5,0,6.335964606461547,0.6640353935384526,52.28736387414142,20.21454
196482526951,Ray Alborn,Rice,1980,1,,11,5,6,0,4.242173581765095,0.757826418234905,26.59985208651301,
196482526951,Ray Alborn,Rice,1981,1,,11,4,7,0,4.1651523865626965,-0.16515238656269648,-129.430287299577,
196482526951,Ray Alborn,Rice,1982,1,,11,0,11,0,2.5908042057107963,-2.5908042057107963,-250.54671014628912,
196482526951,Ray Alborn,Rice,1983,1,,11,1,10,0,1.8252473235233841,-0.8252473235233841,-140.0285728760789,
147816626968,Ray Goff,Georgia,1989,1,,12,6,6,0,7.833274664966805,-1.8332746649668046,-112.63321263543003,14.607525
147816626968,Ray Goff,Georgia,1990,1,,11,4,7,0,4.493703619558427,-0.4937036195584268,-116.69210524455457,11.121278
147816626968,Ray Goff,Georgia,1991,1,,10,7,3,0,4.976420863066003,2.0235791369339973,265.7128918612859,20.746244
147816626968,Ray Goff,Georgia,1992,1,,10,8,2,0,7.081082314398445,0.9189176856015546,142.42363945491002,20.148307
147816626968,Ray Goff,Georgia,1993,1,,11,5,6,0,6.44827918165554,-1.4482791816555398,-89.10010622814298,13.283761
147816626968,Ray Goff,Georgia,1994,1,,11,6,4,1,6.276420903370979,0.2235790966290212,-25.564289199110362,14.356892
147816626968,Ray Goff,Georgia,1995,1,,12,6,6,0,5.932951754412111,0.06704824558788935,-32.02906660331132,16.18305
3705108661,Ray Perkins,Alabama,1983,1,,12,8,4,0,7.433719428032358,0.566280571967642,113.079432677358,0.0
3705108661,Ray Perkins,Alabama,1984,1,,11,5,6,0,5.822899822469544,-0.8228998224695436,-75.63775005593698,
3705108661,Ray Perkins,Alabama,1985,1,,12,9,2,1,7.8603974577097,1.6396025422902998,183.73052234892316,23.975251
3705108661,Ray Perkins,Alabama,1986,1,,13,10,3,0,9.369303695166044,0.6306963048339558,102.96036835484688,24.958
3705108661,Ray Perkins,Arkansas State,1992,1,,8,1,7,0,1.3389452855826418,-0.3389452855826418,-55.341752717941745,3.391063
395569122519,Red Wilson,Duke,1980,1,,11,2,9,0,4.291222974279964,-2.2912229742799637,-154.5167610113424,
395569122519,Red Wilson,Duke,1981,1,,11,6,5,0,4.606926509940583,1.3930734900594173,117.1790817941785,
395569122519,Red Wilson,Duke,1982,1,,11,6,5,0,5.668895538750959,0.3311044612490406,53.54403718579624,
269618334160,Reed Stringer,Southern Miss,2024,0,"two head coaches this season, and the feed does not say which games",,,,,,,,
556514840149,Reggie Howard,Memphis,2025,0,"two head coaches this season, and the feed does not say which games",,,,,,,,
546004712110,Rex Dockery,Texas Tech,1980,1,,11,5,6,0,5.745812517081644,-0.7458125170816441,-73.1906413623567,
546004712110,Rex Dockery,Memphis,1981,1,,11,1,10,0,2.254474674842373,-1.2544746748423732,-102.2225681440475,
546004712110,Rex Dockery,Memphis,1982,1,,9,0,9,0,1.7765579671307066,-1.7765579671307066,-158.2840555399589,
546004712110,Rex Dockery,Memphis,1983,1,,9,5,4,0,2.4066829710998876,2.5933170289001124,319.76222269871005,
69577785935,Rey Dempsey,Memphis,1984,1,,10,4,5,1,4.992727040763112,-0.49272704076311236,-17.242207379443926,
69577785935,Rey Dempsey,Memphis,1985,1,,10,2,7,1,4.1647375438812535,-1.6647375438812535,-116.59967770273488,6.496155
462967280809,Rhett Lashlee,SMU,2022,1,,12,6,6,0,6.030124025518858,-0.030124025518857955,-24.52228118372159,17.087442
462967280809,Rhett Lashlee,SMU,2023,1,,13,10,3,0,8.523972818244209,1.476027181755791,55.389896338719836,25.57633
462967280809,Rhett Lashlee,SMU,2024,1,,13,10,3,0,8.14360448560355,1.85639551439645,162.7111395107611,26.977974
462967280809,Rhett Lashlee,SMU,2025,1,,12,8,4,0,7.510078432054242,0.4899215679457578,-0.9560838305137622,20.59761
462967280809,Rhett Lashlee,SMU,2026,1,,4,3,1,0,2.869082695185296,0.13091730481470387,21.495019235692098,7.024878
401372439895,Rich Brooks,Oregon,1980,1,,11,6,3,2,5.75790419396818,1.24209580603182,125.07968874662379,
401372439895,Rich Brooks,Oregon,1981,1,,10,1,9,0,4.2841364152706465,-3.2841364152706465,-312.4043625029783,
401372439895,Rich Brooks,Oregon,1982,1,,11,2,8,1,2.4366932963574346,0.06330670364256541,-21.92660521351786,
401372439895,Rich Brooks,Oregon,1983,1,,10,4,5,1,3.269447700147125,1.2305522998528748,77.96530048877366,
401372439895,Rich Brooks,Oregon,1984,1,,9,4,5,0,3.6148166506375805,0.3851833493624195,-18.844406142348817,
401372439895,Rich Brooks,Oregon,1985,1,,11,5,6,0,5.148549122387527,-0.14854912238752682,21.543905744028507,14.480161
401372439895,Rich Brooks,Oregon,1986,1,,11,5,6,0,4.237462659566818,0.7625373404331821,34.84116569070193,13.998792
401372439895,Rich Brooks,Oregon,1987,1,,11,6,5,0,5.163106054702409,0.8368939452975912,32.96844723288109,17.82164
401372439895,Rich Brooks,Oregon,1988,1,,10,4,6,0,4.8880898851883,-0.8880898851883003,-80.14605439604247,11.807427
401372439895,Rich Brooks,Oregon,1989,1,,11,7,4,0,5.902734665535788,1.097265334464212,220.39630457189105,20.645261
401372439895,Rich Brooks,Oregon,1990,1,,11,7,4,0,7.373868134400926,-0.3738681344009258,-9.915448696385738,17.223577
401372439895,Rich Brooks,Oregon,1991,1,,11,3,8,0,5.8921817802037815,-2.8921817802037815,-295.65341708760275,7.27422
401372439895,Rich Brooks,Oregon,1992,1,,12,6,6,0,4.9220041555710905,1.0779958444289095,189.0106190665631,18.076255
401372439895,Rich Brooks,Oregon,1993,1,,10,4,6,0,5.215490700956326,-1.2154907009563258,-42.30444790441379,11.509964
401372439895,Rich Brooks,Oregon,1994,1,,12,8,4,0,5.286986600634716,2.713013399365284,273.77729129002205,24.510145
401372439895,Rich Brooks,Kentucky,2003,1,,11,3,8,0,4.977123276579588,-1.9771232765795883,-145.00285263708656,8.803648
401372439895,Rich Brooks,Kentucky,2004,1,,11,2,9,0,3.8857360563571093,-1.8857360563571093,-123.08024994797165,5.507792
401372439895,Rich Brooks,Kentucky,2005,1,,10,2,8,0,2.4248795692015217,-0.4248795692015217,-5.410127492544916,6.387769
401372439895,Rich Brooks,Kentucky,2006,1,,12,7,5,0,4.580241802438006,2.419758197561994,141.3627692665866,20.870229
401372439895,Rich Brooks,Kentucky,2007,1,,12,7,5,0,5.547127829260546,1.4528721707394538,91.6987832679024,22.673405
401372439895,Rich Brooks,Kentucky,2008,1,,12,6,6,0,6.146274455476794,-0.14627445547679407,-8.008439392077435,14.79189
401372439895,Rich Brooks,Kentucky,2009,1,,12,6,6,0,6.148501263392702,-0.14850126339270187,-88.4966818251462,17.799912
573848284627,Rich Ellerson,Army,2009,1,,11,4,7,0,4.037552920357587,-0.03755292035758728,-27.007497866591393,13.087684
573848284627,Rich Ellerson,Army,2010,1,,12,6,6,0,4.807640397930065,1.192359602069935,92.93317396578573,19.694838
573848284627,Rich Ellerson,Army,2011,1,,11,2,9,0,4.267875830439012,-2.267875830439012,-153.05929607946496,6.175693
573848284627,Rich Ellerson,Army,2012,1,,11,2,9,0,3.8838871235468004,-1.8838871235468004,25.282311481714714,7.03608
573848284627,Rich Ellerson,Army,2013,1,,11,2,9,0,4.491971992835221,-2.4919719928352206,-95.58373697412594,6.056206
866498218023,Rich Rodriguez,West Virginia,2001,1,,11,3,8,0,5.046248759062653,-2.046248759062653,-163.04727981656902,7.225657
866498218023,Rich Rodriguez,West Virginia,2002,1,,12,8,4,0,5.079466546721989,2.9205334532780114,304.2621678775736,24.569386
866498218023,Rich Rodriguez,West Virginia,2003,1,,13,8,5,0,6.736629644720869,1.2633703552791307,-65.59283252272553,22.554273
866498218023,Rich Rodriguez,West Virginia,2004,1,,11,7,4,0,7.024902588712383,-0.024902588712382823,-3.076579114514516,18.08313
866498218023,Rich Rodriguez,West Virginia,2005,1,,11,10,1,0,6.361110023380984,3.6388899766190157,121.86538561935299,28.005448
866498218023,Rich Rodriguez,West Virginia,2006,1,,12,10,2,0,8.460470881990002,1.5395291180099981,27.041158293596027,24.984106
866498218023,Rich Rodriguez,West Virginia,2007,1,,13,11,2,0,9.413599806596674,1.5864001934033265,9.700404390519225,27.743659
866498218023,Rich Rodriguez,Michigan,2008,1,,12,3,9,0,5.863477371477487,-2.8634773714774866,-190.07305499355107,8.705066
866498218023,Rich Rodriguez,Michigan,2009,1,,11,4,7,0,5.055791801658401,-1.0557918016584011,-25.027489100040384,11.37291
866498218023,Rich Rodriguez,Michigan,2010,1,,12,6,6,0,5.904438131570284,0.0955618684297157,76.85744915774899,16.618787
866498218023,Rich Rodriguez,Arizona,2012,1,,12,7,5,0,5.528157793079293,1.4718422069207069,47.117473050783246,21.865178
866498218023,Rich Rodriguez,Arizona,2013,1,,12,7,5,0,6.856346443303,0.14365355669700008,78.1846989498431,18.846379
866498218023,Rich Rodriguez,Arizona,2014,1,,14,10,4,0,8.268618575568802,1.7313814244311985,21.641604708136583,26.703798
866498218023,Rich Rodriguez,Arizona,2015,1,,12,6,6,0,6.28415045951623,-0.28415045951622986,-37.00685078321817,15.675271
866498218023,Rich Rodriguez,Arizona,2016,1,,11,2,9,0,4.148805283109553,-2.148805283109553,-145.49341240687545,6.331764
866498218023,Rich Rodriguez,Arizona,2017,1,,12,6,6,0,4.95933381983012,1.0406661801698798,102.22393821367336,17.795097
866498218023,Rich Rodriguez,Jacksonville State,2023,1,,12,8,4,0,7.664720339707454,0.33527966029254586,49.42813190038828,0.0
866498218023,Rich Rodriguez,Jacksonville State,2024,1,,14,9,5,0,8.807628190844776,0.19237180915522423,36.933861685044576,21.628071
866498218023,Rich Rodriguez,West Virginia,2025,1,,11,3,8,0,3.3279132853094855,-0.3279132853094855,-57.88066329835533,9.398968
866498218023,Rich Rodriguez,West Virginia,2026,1,,4,2,2,0,1.8132076750661752,0.1867923249338248,-18.475390108245847,6.204631
368419277167,Richard Bell,South Carolina,1982,1,,7,1,6,0,2.1826349553498323,-1.1826349553498323,-164.3227352123224,
269953462750,Richard Williamson,Memphis,1980,1,,10,1,9,0,3.7180675112420265,-2.7180675112420265,-274.2782142762303,
1021872600323,Rick Minter,Cincinnati,1994,1,,10,1,8,1,3.925496995368364,-2.425496995368364,-249.8290080065908,3.45124
1021872600323,Rick Minter,Cincinnati,1995,1,,11,6,5,0,4.534010067405711,1.4659899325942893,146.51247720608944,18.643707
1021872600323,Rick Minter,Cincinnati,1996,1,,11,6,5,0,5.527567418320963,0.4724325816790369,31.06390946981196,14.73189
1021872600323,Rick Minter,Cincinnati,1997,1,,12,8,4,0,7.542393772780713,0.4576062272192871,66.19319435482998,22.059564
1021872600323,Rick Minter,Cincinnati,1998,1,,11,2,9,0,4.016075791012628,-2.0160757910126277,-295.28553042468457,6.332942
1021872600323,Rick Minter,Cincinnati,1999,1,,10,3,7,0,3.5170656058518794,-0.5170656058518794,14.78370475345173,9.84374
1021872600323,Rick Minter,Cincinnati,2000,1,,12,7,5,0,4.706673859372309,2.2933261406276912,155.67328606093452,21.604947
1021872600323,Rick Minter,Cincinnati,2001,1,,12,7,5,0,7.26814408323689,-0.26814408323688976,-25.279048162060462,17.903802
1021872600323,Rick Minter,Cincinnati,2002,1,,14,7,7,0,7.530995720930084,-0.5309957209300844,39.56018331870587,19.570651
1021872600323,Rick Minter,Cincinnati,2003,1,,11,4,7,0,5.790667520260488,-1.790667520260488,-130.4451904508503,11.331689
69103556642,Rick Neuheisel,Colorado,1995,1,,12,10,2,0,9.110509785010688,0.889490214989312,72.22590398709053,24.160204
69103556642,Rick Neuheisel,Colorado,1996,1,,12,10,2,0,8.931034645010293,1.0689653549897074,117.20044159133977,24.420502
69103556642,Rick Neuheisel,Colorado,1997,1,,11,5,6,0,7.066489447576751,-2.0664894475767506,-212.66676866167973,12.046459
69103556642,Rick Neuheisel,Colorado,1998,1,,12,8,4,0,7.220245177056899,0.7797548229431008,37.04552313767999,20.703601
69103556642,Rick Neuheisel,Washington,1999,1,,12,7,5,0,6.442501196617509,0.557498803382491,43.5538037001329,20.130053
69103556642,Rick Neuheisel,Washington,2000,1,,12,11,1,0,7.91194564092845,3.08805435907155,226.91454137656115,28.84398
69103556642,Rick Neuheisel,Washington,2001,1,,12,8,4,0,7.807398823036274,0.19260117696372614,-63.37962259876622,19.92605
69103556642,Rick Neuheisel,Washington,2002,1,,13,7,6,0,7.352307792108205,-0.3523077921082054,3.1124815254427176,18.903384
69103556642,Rick Neuheisel,UCLA,2008,1,,12,4,8,0,5.3478768124403,-1.3478768124403002,-61.998904413719856,10.789897
69103556642,Rick Neuheisel,UCLA,2009,1,,13,7,6,0,6.655445060350757,0.34455493964924333,16.61654397610164,18.105987
69103556642,Rick Neuheisel,UCLA,2010,1,,12,4,8,0,5.4758424418055185,-1.4758424418055185,-74.12338068394934,12.235359
69103556642,Rick Neuheisel,UCLA,2011,1,,14,6,8,0,5.572861816018557,0.42713818398144277,-21.137722230706913,17.605159
987434762002,Rick Rasnick,Eastern Michigan,1995,1,,11,6,5,0,5.991425890092284,0.008574109907716121,0.6729872072769467,15.930868
987434762002,Rick Rasnick,Eastern Michigan,1996,1,,11,3,8,0,4.498598834540414,-1.498598834540414,-142.13310025697228,8.807286
987434762002,Rick Rasnick,Eastern Michigan,1997,1,,11,4,7,0,4.738819209061619,-0.738819209061619,-25.21458830194183,11.744029
987434762002,Rick Rasnick,Eastern Michigan,1998,1,,10,3,7,0,3.8637356834276444,-0.8637356834276444,-132.38265740619659,9.628641
987434762002,Rick Rasnick,Eastern Michigan,1999,1,,11,4,7,0,4.001985615457544,-0.0019856154575439433,-4.508458498532036,12.143208
171532571274,Rick Stockstill,Middle Tennessee,2006,1,,12,6,6,0,5.868329044444624,0.1316709555553759,90.00407996309491,16.551597
171532571274,Rick Stockstill,Middle Tennessee,2007,1,,11,5,6,0,5.6297260382379966,-0.6297260382379966,-105.7327532528509,13.222576
171532571274,Rick Stockstill,Middle Tennessee,2008,1,,12,5,7,0,5.543323186161556,-0.5433231861615564,9.540535905118304,11.501213
171532571274,Rick Stockstill,Middle Tennessee,2009,1,,13,10,3,0,7.8906966285688185,2.1093033714311815,146.79121741235167,26.913765
171532571274,Rick Stockstill,Middle Tennessee,2010,1,,12,5,7,0,6.8486993795549225,-1.8486993795549225,-166.16521788755904,14.176737
171532571274,Rick Stockstill,Middle Tennessee,2011,1,,12,2,10,0,4.897668503974621,-2.8976685039746206,-217.54532421400154,6.309301
171532571274,Rick Stockstill,Middle Tennessee,2012,1,,11,8,3,0,4.265260824200613,3.734739175799387,136.4190983908295,21.972418
171532571274,Rick Stockstill,Middle Tennessee,2013,1,,12,7,5,0,5.832713798070564,1.1672862019294357,-40.86797481583835,19.290454
171532571274,Rick Stockstill,Middle Tennessee,2014,1,,11,5,6,0,5.202645433646948,-0.2026454336469481,1.4684046910649613,11.003417
171532571274,Rick Stockstill,Middle Tennessee,2015,1,,12,6,6,0,5.512284504322684,0.48771549567731576,66.06106795731398,13.990277
171532571274,Rick Stockstill,Middle Tennessee,2016,1,,12,7,5,0,7.071714771657487,-0.0717147716574873,-149.87108062754805,20.701075
171532571274,Rick Stockstill,Middle Tennessee,2017,1,,13,7,6,0,6.286984666823577,0.7130153331764228,46.92734729720837,21.026638
171532571274,Rick Stockstill,Middle Tennessee,2018,1,,13,7,6,0,6.38063712425537,0.6193628757446303,39.66018380024457,19.401371
171532571274,Rick Stockstill,Middle Tennessee,2019,1,,11,3,8,0,4.7302913143008185,-1.7302913143008185,-169.73651997917887,8.375989
171532571274,Rick Stockstill,Middle Tennessee,2020,1,,9,3,6,0,2.9209271633804947,0.07907283661950526,-6.045132285122463,10.44567
171532571274,Rick Stockstill,Middle Tennessee,2021,1,,12,6,6,0,5.056001005467525,0.9439989945324747,46.46576925354839,17.48387
171532571274,Rick Stockstill,Middle Tennessee,2022,1,,12,7,5,0,5.568386647414374,1.431613352585626,50.65633907922461,21.324587
171532571274,Rick Stockstill,Middle Tennessee,2023,1,,11,3,8,0,4.894563699618479,-1.8945636996184794,-139.73182001518603,7.902437
818492283857,Rick Venturi,Northwestern,1980,1,,11,0,11,0,3.019842011131376,-3.019842011131376,-360.2117832647548,
614515803308,Rickey Bustle,Louisiana,2002,1,,12,3,9,0,3.5689642733884335,-0.5689642733884335,-71.27305112193017,9.378192
614515803308,Rickey Bustle,Louisiana,2003,1,,11,3,8,0,2.5807198264577638,0.41928017354223623,11.203652821015794,9.855134
614515803308,Rickey Bustle,Louisiana,2004,1,,9,2,7,0,3.415818883728606,-1.415818883728606,-96.35877451265219,6.078908
614515803308,Rickey Bustle,Louisiana,2005,1,,10,5,5,0,3.259640261750425,1.740359738249575,170.1541398248653,13.938192
614515803308,Rickey Bustle,Louisiana,2006,1,,11,5,6,0,5.925897470892954,-0.9258974708929539,-158.93957924445454,14.172553
614515803308,Rickey Bustle,Louisiana,2007,1,,11,3,8,0,3.6634635880090207,-0.6634635880090207,1.7115660591302913,9.879747
614515803308,Rickey Bustle,Louisiana,2008,1,,12,6,6,0,5.6676569928366245,0.3323430071633755,-3.5158136886566353,16.79075
614515803308,Rickey Bustle,Louisiana,2009,1,,11,5,6,0,4.8560646755202495,0.14393532447975055,-1.4406998844124246,15.389358
614515803308,Rickey Bustle,Louisiana,2010,1,,12,3,9,0,3.977773298069528,-0.9777732980695282,-200.82284052933073,9.345582
558737674367,Ricky Rahne,Old Dominion,2020,0,this database holds no games for that team that season,,,,,,,,
558737674367,Ricky Rahne,Old Dominion,2021,1,,12,5,7,0,3.981226276109149,1.0187737238908512,61.567056076112294,16.351624
558737674367,Ricky Rahne,Old Dominion,2022,1,,12,3,9,0,4.108469234622782,-1.108469234622782,-97.59484018554645,9.884763
558737674367,Ricky Rahne,Old Dominion,2023,1,,12,5,7,0,3.9594079782871816,1.0405920217128184,79.90068191888008,17.075582
558737674367,Ricky Rahne,Old Dominion,2024,1,,12,5,7,0,5.263571687847537,-0.26357168784753693,113.35003113416542,15.913132
558737674367,Ricky Rahne,Old Dominion,2025,1,,12,9,3,0,7.286605757626693,1.7133942423733073,138.5488602205262,23.68846
558737674367,Ricky Rahne,Old Dominion,2026,1,,4,0,4,0,2.2689636164812557,-2.2689636164812557,-263.7002261978296,0.0
602175785656,Rip Scherer,Memphis,1995,1,,11,3,8,0,4.246038771628466,-1.2460387716284664,-146.38479774596885,8.472092
602175785656,Rip Scherer,Memphis,1996,1,,11,4,7,0,3.044307719055541,0.9556922809444588,22.725278618452876,13.153528
602175785656,Rip Scherer,Memphis,1997,1,,11,4,7,0,4.657381831868651,-0.6573818318686513,-16.3915951350873,10.86169
602175785656,Rip Scherer,Memphis,1998,1,,11,2,9,0,3.61831419272892,-1.6183141927289202,-135.75966981199917,5.437837
602175785656,Rip Scherer,Memphis,1999,1,,11,5,6,0,3.984290030825794,1.015709969174206,209.19815457737536,14.794754
602175785656,Rip Scherer,Memphis,2000,1,,11,4,7,0,5.899025619606148,-1.8990256196061477,-134.87410193639744,10.631465
456507793891,Rob Harley,Northern Illinois,2026,1,,3,0,3,0,0.45284573379709736,-0.45284573379709736,-22.834115743114126,0.0
896065416682,Rob Ianello,Akron,2010,1,,11,1,10,0,3.0241695355849396,-2.0241695355849396,-166.72858208210891,3.871076
896065416682,Rob Ianello,Akron,2011,1,,11,0,11,0,2.306024828425615,-2.306024828425615,-179.67265429461622,0.0
597489134428,Robb Akey,Oregon State,2025,0,"two head coaches this season, and the feed does not say which games",,,,,,,,
688522943489,Robbie Caldwell,Vanderbilt,2010,1,,12,2,10,0,3.703242240061503,-1.703242240061503,-97.47536262998005,5.956395
826281140191,Robert Weiner,Toledo,2025,0,"two head coaches this season, and the feed does not say which games",,,,,,,,
758521335645,Rockey Felker,Mississippi State,1986,1,,10,5,5,0,4.070830316057856,0.9291696839421437,36.61294278442847,15.352977
758521335645,Rockey Felker,Mississippi State,1987,1,,10,3,7,0,3.6927932734106257,-0.6927932734106257,-62.61129471147069,7.994506
758521335645,Rockey Felker,Mississippi State,1988,1,,10,0,10,0,2.1177258055046746,-2.1177258055046746,-202.10911364501248,0.0
758521335645,Rockey Felker,Mississippi State,1989,1,,10,4,6,0,2.868132942178423,1.131867057821577,126.6907596945614,12.512506
758521335645,Rockey Felker,Mississippi State,1990,1,,10,4,6,0,3.241319149042337,0.758680850957663,74.94923462281645,12.572076
899721986216,Rocky Long,New Mexico,1998,1,,11,2,9,0,5.295261524043889,-3.295261524043889,-261.25434507317095,5.157053
899721986216,Rocky Long,New Mexico,1999,1,,10,3,7,0,2.8285459002799365,0.17145409972006354,5.828829346741941,10.236629
899721986216,Rocky Long,New Mexico,2000,1,,11,4,7,0,4.157236269321843,-0.1572362693218432,32.248938320624575,12.761664
899721986216,Rocky Long,New Mexico,2001,1,,11,6,5,0,5.4190205051670866,0.5809794948329134,110.97433916013051,18.496587
899721986216,Rocky Long,New Mexico,2002,1,,13,6,7,0,6.480307355649548,-0.48030735564954785,-26.112484469228093,17.906073
899721986216,Rocky Long,New Mexico,2003,1,,12,7,5,0,6.536862985538231,0.46313701446176925,67.29988770433374,19.757826
899721986216,Rocky Long,New Mexico,2004,1,,12,7,5,0,6.3201471810751935,0.6798528189248065,48.29756334735134,20.060921
899721986216,Rocky Long,New Mexico,2005,1,,11,6,5,0,6.879397433804809,-0.879397433804809,-34.16354137096937,16.855123
899721986216,Rocky Long,New Mexico,2006,1,,12,6,6,0,6.462497802269529,-0.46249780226952897,-59.088031978426216,16.452692
899721986216,Rocky Long,New Mexico,2007,1,,12,8,4,0,6.697696204104289,1.3023037958957113,97.0395728749254,21.70436
899721986216,Rocky Long,New Mexico,2008,1,,12,4,8,0,6.331071448376381,-2.331071448376381,-110.88478303298484,10.085506
899721986216,Rocky Long,San Diego State,2011,1,,12,7,5,0,7.425134235832655,-0.42513423583265464,-68.40765688818692,18.033801
899721986216,Rocky Long,San Diego State,2012,1,,12,8,4,0,6.528934571048283,1.471065428951717,112.60135306539291,22.846752
899721986216,Rocky Long,San Diego State,2013,1,,12,8,4,0,7.268486230137761,0.7315137698622394,25.779700510645398,22.215445
899721986216,Rocky Long,San Diego State,2014,1,,12,6,6,0,7.4042623612359,-1.4042623612359,-42.29063718347243,14.559361
899721986216,Rocky Long,San Diego State,2015,1,,13,10,3,0,8.166586223278147,1.8334137767218532,146.92206022198275,27.734373
899721986216,Rocky Long,San Diego State,2016,1,,13,10,3,0,9.508333993006682,0.4916660069933183,-81.84275667714633,25.705299
899721986216,Rocky Long,San Diego State,2017,1,,12,9,3,0,7.559693492035078,1.4403065079649222,-54.59243991043695,24.66786
899721986216,Rocky Long,San Diego State,2018,1,,12,6,6,0,6.661576579178549,-0.6615765791785488,-124.84734429066475,17.537136
899721986216,Rocky Long,San Diego State,2019,1,,12,9,3,0,6.4658615574755,2.5341384425245,182.2338465454809,25.851723
39036418647,Rod Carey,Northern Illinois,2012,0,"two head coaches this season, and the feed does not say which games",,,,,,,,
39036418647,Rod Carey,Northern Illinois,2013,1,,13,11,2,0,10.199057172908459,0.8009428270915411,50.51547178515398,26.180652
39036418647,Rod Carey,Northern Illinois,2014,1,,13,10,3,0,8.80975170258932,1.1902482974106796,-47.30299649665494,25.594587
39036418647,Rod Carey,Northern Illinois,2015,1,,13,7,6,0,7.304144263917495,-0.30414426391749494,-137.60086127543605,18.023213
39036418647,Rod Carey,Northern Illinois,2016,1,,11,5,6,0,4.996734508633156,0.0032654913668439534,6.370026591965598,15.582181
39036418647,Rod Carey,Northern Illinois,2017,1,,12,7,5,0,6.8145701520700825,0.18542984792991746,33.0146817075572,18.424588
39036418647,Rod Carey,Northern Illinois,2018,1,,14,8,6,0,7.987885329782051,0.012114670217949097,10.47210588408143,21.927914
39036418647,Rod Carey,Temple,2019,1,,12,7,5,0,6.395364435412304,0.6046355645876957,-32.653811705826,19.471508
39036418647,Rod Carey,Temple,2020,1,,7,1,6,0,3.1147532220201977,-2.1147532220201977,-242.42291681299275,2.382178
39036418647,Rod Carey,Temple,2021,1,,11,2,9,0,2.8140507659059617,-0.8140507659059617,-126.30983686202194,6.424409
184587439489,Rod Smith,Illinois,2020,0,"two head coaches this season, and the feed does not say which games",,,,,,,,
238085562749,Roger Theder,California,1980,1,,11,3,8,0,3.9825312775801933,-0.9825312775801933,-104.06801108987406,
238085562749,Roger Theder,California,1981,1,,11,2,9,0,3.287547609809747,-1.2875476098097471,-92.79267807563724,
739437982530,Ron Blackledge,Kent State,1980,1,,11,3,8,0,3.855097452884448,-0.8550974528844479,-116.24793415318459,
131248179509,Ron Caragher,San Jose State,2013,1,,11,5,6,0,6.411830343151407,-1.411830343151407,-113.61037422542404,14.750974
131248179509,Ron Caragher,San Jose State,2014,1,,11,2,9,0,5.020813673370083,-3.0208136733700828,-174.98630916012348,5.375728
131248179509,Ron Caragher,San Jose State,2015,1,,12,5,7,0,4.8842613327416595,0.11573866725834048,63.66935182743714,15.273382
131248179509,Ron Caragher,San Jose State,2016,1,,11,3,8,0,3.9109920560579514,-0.9109920560579514,-135.39658331402325,8.559324
420659248783,Ron Cooper,Eastern Michigan,1993,1,,10,3,7,0,3.7385516152414735,-0.7385516152414735,1.346631545344053,9.721169
420659248783,Ron Cooper,Eastern Michigan,1994,1,,11,5,6,0,4.134561080354855,0.8654389196451451,138.40094166511312,14.534676
420659248783,Ron Cooper,Louisville,1995,1,,11,7,4,0,7.432321749723669,-0.4323217497236689,-20.08664495311359,15.452596
420659248783,Ron Cooper,Louisville,1996,1,,11,5,6,0,6.178667754176935,-1.178667754176935,-86.99715533398535,13.323173
420659248783,Ron Cooper,Louisville,1997,1,,11,1,10,0,3.5772851522846216,-2.5772851522846216,-261.9998602379303,2.836004
413639247313,Ron Dickerson,Temple,1993,1,,11,1,10,0,1.8968739774198327,-0.8968739774198327,-145.41515623393184,2.946098
413639247313,Ron Dickerson,Temple,1994,1,,11,2,9,0,1.9233033693309107,0.07669663066908927,-4.263081287717796,6.818141
413639247313,Ron Dickerson,Temple,1995,1,,11,1,10,0,1.5079136676705294,-0.5079136676705294,-42.96376079558172,3.389088
413639247313,Ron Dickerson,Temple,1996,1,,11,1,10,0,2.2143258178309106,-1.2143258178309106,-70.64962730848652,3.481668
413639247313,Ron Dickerson,Temple,1997,1,,11,3,8,0,2.544708308831841,0.45529169116815904,30.918120873642692,9.608725
332037365499,Ron Dowhower,Vanderbilt,1995,1,,11,2,9,0,3.027710149650648,-1.0277101496506482,-134.15480455696843,5.733462
332037365499,Ron Dowhower,Vanderbilt,1996,1,,11,2,9,0,2.593829607669261,-0.5938296076692611,-54.47036883153669,2.875178
290588132439,Ron English,Eastern Michigan,2009,1,,12,0,12,0,3.7368365186159958,-3.7368365186159958,-233.45562129960854,0.0
290588132439,Ron English,Eastern Michigan,2010,1,,12,2,10,0,2.8337517463390633,-0.8337517463390633,21.75058319672121,6.829531
290588132439,Ron English,Eastern Michigan,2011,1,,10,4,6,0,3.5588011250715392,0.44119887492846077,50.44324337107446,12.001489
290588132439,Ron English,Eastern Michigan,2012,1,,11,2,9,0,3.087792058496638,-1.087792058496638,-70.70390194963966,6.88025
290588132439,Ron English,Eastern Michigan,2013,0,"two head coaches this season, and the feed does not say which games",,,,,,,,
696359942769,Ron McBride,Utah,1990,1,,11,4,7,0,3.8064145505588907,0.19358544944110934,-39.152029966769305,12.129563
696359942769,Ron McBride,Utah,1991,1,,12,7,5,0,5.550131841380484,1.4498681586195161,112.44044239540813,20.857583
696359942769,Ron McBride,Utah,1992,1,,12,6,6,0,5.9487878687016655,0.05121213129833446,14.32888983083376,17.761798
696359942769,Ron McBride,Utah,1993,1,,12,7,5,0,6.110015322738912,0.8899846772610882,38.95154488423418,20.531259
696359942769,Ron McBride,Utah,1994,1,,11,9,2,0,7.324619600869013,1.6753803991309866,199.47214965480543,24.665921
696359942769,Ron McBride,Utah,1995,1,,11,7,4,0,7.207339331353883,-0.20733933135388316,18.00288589950901,18.693245
696359942769,Ron McBride,Utah,1996,1,,12,8,4,0,8.377852129082516,-0.3778521290825161,-127.80234367671414,20.147726
696359942769,Ron McBride,Utah,1997,1,,11,6,5,0,6.18770429854223,-0.18770429854223014,8.167253039131083,17.516585
696359942769,Ron McBride,Utah,1998,1,,11,7,4,0,7.664133242290292,-0.6641332422902924,54.96833269693775,17.481917
696359942769,Ron McBride,Utah,1999,1,,12,9,3,0,8.205292832900493,0.7947071670995065,33.623887965295125,24.141976
696359942769,Ron McBride,Utah,2000,1,,11,4,7,0,5.787904624088471,-1.7879046240884708,-119.58618122765165,11.328906
696359942769,Ron McBride,Utah,2001,1,,12,8,4,0,7.02053979770049,0.97946020229951,165.32088111815824,21.387122
696359942769,Ron McBride,Utah,2002,1,,11,5,6,0,6.533301292832447,-1.533301292832447,-127.76650934153486,14.621665
12665539972,Ron Meyer,SMU,1980,1,,11,7,4,0,6.455847796345557,0.5441522036544431,125.03399194047256,0.0
12665539972,Ron Meyer,SMU,1981,1,,9,8,1,0,6.4113788332472135,1.5886211667527865,223.96548477332863,0.0
382108028482,Ron Prince,Kansas State,2006,1,,12,6,6,0,5.574853212737654,0.4251467872623458,-3.567728680538494,17.405897
382108028482,Ron Prince,Kansas State,2007,1,,11,4,7,0,5.533001803317825,-1.5330018033178252,-31.703750181588248,11.651824
382108028482,Ron Prince,Kansas State,2008,1,,11,4,7,0,4.665894561317399,-0.6658945613173994,-80.98648600798174,10.437286
860416359098,Ron Turner,San Jose State,1992,1,,9,5,4,0,5.579058480199999,-0.5790584801999987,-115.89113896514709,10.917551
860416359098,Ron Turner,Illinois,1997,1,,11,0,11,0,1.8153123063866599,-1.8153123063866599,-187.14197755944633,0.0
860416359098,Ron Turner,Illinois,1998,1,,10,2,8,0,1.4259143719463938,0.5740856280536062,18.768310734085617,7.164323
860416359098,Ron Turner,Illinois,1999,1,,12,8,4,0,5.0186672151805585,2.9813327848194415,403.06067258582425,24.961733
860416359098,Ron Turner,Illinois,2000,1,,11,5,6,0,6.802470411192974,-1.8024704111929744,-185.04463743862834,12.193484
860416359098,Ron Turner,Illinois,2001,1,,12,10,2,0,7.316036084461178,2.683963915538822,294.5873553848576,27.819855
860416359098,Ron Turner,Illinois,2002,1,,12,5,7,0,6.639246182724048,-1.6392461827240483,-121.40451783554909,14.9147
860416359098,Ron Turner,Illinois,2003,1,,11,0,11,0,4.3611375337861045,-4.3611375337861045,-285.4738918410578,0.0
860416359098,Ron Turner,Illinois,2004,1,,10,2,8,0,2.4198367407253225,-0.4198367407253225,-18.965659253479544,6.799757
860416359098,Ron Turner,FIU,2013,1,,11,1,10,0,3.5824692178786632,-2.5824692178786632,-273.6546766219278,2.991061
860416359098,Ron Turner,FIU,2014,1,,10,3,7,0,2.594058141042394,0.4059418589576058,50.21274070038635,10.096741
860416359098,Ron Turner,FIU,2015,1,,11,4,7,0,4.188840731305636,-0.1888407313056364,-53.123022839127316,9.552231
860416359098,Ron Turner,FIU,2016,1,,12,4,8,0,4.0497146066334295,-0.049714606633429526,-56.88542065291085,12.725447
974029044244,Ron Vanderlinden,Maryland,1997,1,,11,2,9,0,3.6435616376048277,-1.6435616376048277,-206.2223567759777,5.603833
974029044244,Ron Vanderlinden,Maryland,1998,1,,10,2,8,0,1.9594540964368046,0.04054590356319543,24.859143746213476,6.264363
974029044244,Ron Vanderlinden,Maryland,1999,1,,10,4,6,0,3.9022178076039076,0.09778219239609243,69.48676751028893,12.720624
974029044244,Ron Vanderlinden,Maryland,2000,1,,11,5,6,0,4.673676463608755,0.3263235363912447,51.011632771341965,13.667759
672639366662,Ron Zook,Florida,2002,1,,13,8,5,0,9.187434009358055,-1.1874340093580553,-97.38790547943427,19.520446
672639366662,Ron Zook,Florida,2003,1,,12,7,5,0,6.342089685704964,0.6579103142950364,-88.1075938112549,19.407818
672639366662,Ron Zook,Florida,2004,0,"two head coaches this season, and the feed does not say which games",,,,,,,,
672639366662,Ron Zook,Illinois,2005,1,,11,2,9,0,3.1270192882456214,-1.1270192882456214,-34.11694975653154,5.255678
672639366662,Ron Zook,Illinois,2006,1,,11,1,10,0,2.8285371330067424,-1.8285371330067424,-44.95142056199916,3.761683
672639366662,Ron Zook,Illinois,2007,1,,12,8,4,0,4.9198208143376565,3.0801791856623435,315.86025418217037,25.415102
672639366662,Ron Zook,Illinois,2008,1,,11,4,7,0,6.052400403104318,-2.0524004031043184,-58.49178638539206,10.725812
672639366662,Ron Zook,Illinois,2009,1,,11,2,9,0,4.025996257923675,-2.0259962579236754,-131.76554513543806,6.408056
672639366662,Ron Zook,Illinois,2010,1,,12,6,6,0,5.729355734120848,0.27064426587915236,146.04456499851926,19.020135
672639366662,Ron Zook,Illinois,2011,1,,12,6,6,0,7.313956687787911,-1.3139566877879112,-82.33569833923525,15.78615
611795609870,Ruffin McNeill,East Carolina,2010,1,,13,6,7,0,7.51629146234324,-1.51629146234324,-123.7238855028445,17.161723
611795609870,Ruffin McNeill,East Carolina,2011,1,,12,5,7,0,5.403236112113214,-0.4032361121132144,-50.86155767508876,14.643811
611795609870,Ruffin McNeill,East Carolina,2012,1,,12,7,5,0,6.212130757797071,0.7878692422029294,14.562395217855737,19.406533
611795609870,Ruffin McNeill,East Carolina,2013,1,,12,9,3,0,7.987227929114359,1.0127720708856414,123.94121225887125,24.068923
611795609870,Ruffin McNeill,East Carolina,2014,1,,12,7,5,0,7.843038608168548,-0.8430386081685484,54.65847913599532,17.959825
611795609870,Ruffin McNeill,East Carolina,2015,1,,11,4,7,0,6.407194744569017,-2.4071947445690167,-131.05858180286236,11.021751
247985098209,Ryan Beard,Missouri State,2025,0,"two head coaches this season, and the feed does not say which games",,,,,,,,
247985098209,Ryan Beard,Coastal Carolina,2026,1,,4,0,4,0,1.4949248108502187,-1.4949248108502187,-104.53743280285244,0.0
594315792408,Ryan Carty,Delaware,2025,1,,12,6,6,0,6.961403474506565,-0.9614034745065654,-78.36268331575434,0.0
594315792408,Ryan Carty,Delaware,2026,1,,4,1,3,0,1.4927036952564856,-0.4927036952564856,-74.72415006599772,2.702213
59920550757,Ryan Day,Ohio State,2018,0,"two head coaches this season, and the feed does not say which games",,,,,,,,
59920550757,Ryan Day,Ohio State,2019,1,,14,13,1,0,11.460337960614485,1.5396620393855152,165.15374563765363,29.154608
59920550757,Ryan Day,Ohio State,2020,1,,8,7,1,0,6.05282683571331,0.9471731642866903,11.313271162621731,16.512478
59920550757,Ryan Day,Ohio State,2021,1,,13,11,2,0,10.58395115460356,0.4160488453964408,29.192800621269043,24.630784
59920550757,Ryan Day,Ohio State,2022,1,,13,11,2,0,10.616932150922503,0.3830678490774968,121.93436883696609,24.034319
59920550757,Ryan Day,Ohio State,2023,1,,12,10,2,0,9.43140414529891,0.5685958547010905,15.264492653779143,22.720309
59920550757,Ryan Day,Ohio State,2024,1,,16,14,2,0,11.75717353962917,2.2428264603708303,244.72553156046115,33.623301
59920550757,Ryan Day,Ohio State,2025,1,,13,11,2,0,11.080115363897033,-0.08011536389703267,29.07246033643446,23.539312
59920550757,Ryan Day,Ohio State,2026,1,,5,4,1,0,3.889675496183724,0.11032450381627612,14.75880095585967,8.863108
216156319636,Ryan Silverfield,Memphis,2020,1,,10,7,3,0,6.875411510548886,0.12458848945111356,-59.85201825930858,17.082141
216156319636,Ryan Silverfield,Memphis,2021,1,,11,5,6,0,6.4106936937342835,-1.4106936937342835,-144.87138295926434,14.678936
216156319636,Ryan Silverfield,Memphis,2022,1,,12,6,6,0,6.205717493998004,-0.2057174939980042,50.393484060428364,17.157786
216156319636,Ryan Silverfield,Memphis,2023,1,,12,9,3,0,7.424149583319082,1.5758504166809182,100.6702658749166,23.753289
216156319636,Ryan Silverfield,Memphis,2024,1,,12,10,2,0,8.327968832204732,1.672031167795268,33.591699485125446,25.76531
216156319636,Ryan Silverfield,Memphis,2025,0,"two head coaches this season, and the feed does not say which games",,,,,,,,
216156319636,Ryan Silverfield,Arkansas,2026,1,,4,1,3,0,1.2937087796455375,-0.29370877964553754,-24.334799495812604,2.589461
948674037412,Ryan Switzer,Tulsa,2024,0,"two head coaches this season, and the feed does not say which games",,,,,,,,
517143500978,Ryan Walters,Purdue,2023,1,,12,4,8,0,5.834831315010639,-1.8348313150106392,10.60541079790005,11.089893
517143500978,Ryan Walters,Purdue,2024,1,,11,0,11,0,2.6891301564380528,-2.6891301564380528,-231.65131007965715,2.0
858885334491,Sal Sunseri,Pittsburgh,1992,0,"two head coaches this season, and the feed does not say which games",,,,,,,,
139178768091,Sam Pittman,Arkansas,2020,1,,10,3,7,0,1.951427616448556,1.048572383551444,169.79716943692029,10.226167
139178768091,Sam Pittman,Arkansas,2021,1,,12,8,4,0,5.377031701487218,2.622968298512782,202.4054671445242,24.261752
139178768091,Sam Pittman,Arkansas,2022,1,,12,6,6,0,6.224998611226315,-0.22499861122631515,-6.385503118827955,17.270826
139178768091,Sam Pittman,Arkansas,2023,1,,11,3,8,0,4.968997037125392,-1.9689970371253924,-168.97542382687948,8.141909
139178768091,Sam Pittman,Arkansas,2024,1,,12,6,6,0,4.842353743677156,1.1576462563228436,136.4592378330383,18.648182
139178768091,Sam Pittman,Arkansas,2025,0,"two head coaches this season, and the feed does not say which games",,,,,,,,
254621864955,Sam Robertson,Louisiana,1980,1,,7,4,3,0,3.859636395898255,0.14036360410174487,10.60027428337412,0.0
254621864955,Sam Robertson,Louisiana,1981,1,,6,1,4,1,3.0971909445363783,-1.5971909445363783,-118.53752491604928,
254621864955,Sam Robertson,Louisiana,1982,1,,2,1,1,0,0.6640818177451309,0.33591818225486914,17.417211422818127,
254621864955,Sam Robertson,Louisiana,1983,1,,5,1,4,0,2.061483364700217,-1.061483364700217,-32.685932814833905,
254621864955,Sam Robertson,Louisiana,1984,1,,6,4,2,0,2.479129138792637,1.5208708612073631,99.98147636588783,
254621864955,Sam Robertson,Louisiana,1985,1,,7,2,5,0,2.916156838210986,-0.9161568382109859,-166.26649283086704,6.013739
113405985688,Sam Wyche,Indiana,1983,1,,11,3,8,0,4.260282145983546,-1.2602821459835463,-82.67828814895302,
74596435316,Sarkis Arslanian,Colorado State,1980,1,,11,6,4,1,4.96083711945662,1.5391628805433797,24.26163731981228,
74596435316,Sarkis Arslanian,Colorado State,1981,0,"two head coaches this season, and the feed does not say which games",,,,,,,,
1000712048427,Scot Loeffler,Bowling Green,2019,1,,11,2,9,0,3.019176529216126,-1.019176529216126,-108.51221563975628,6.082551
1000712048427,Scot Loeffler,Bowling Green,2020,1,,5,0,5,0,1.4427141606445495,-1.4427141606445495,-113.33481520827809,0.0
1000712048427,Scot Loeffler,Bowling Green,2021,1,,11,3,8,0,2.826033004475161,0.17396699552483907,8.540269778743777,11.138234
1000712048427,Scot Loeffler,Bowling Green,2022,1,,12,6,6,0,4.769972691881151,1.2300273081188493,88.00725062031597,19.002734
1000712048427,Scot Loeffler,Bowling Green,2023,1,,12,6,6,0,5.11593953254432,0.8840604674556802,36.691278356608564,17.529284
1000712048427,Scot Loeffler,Bowling Green,2024,1,,12,6,6,0,6.8096200667880025,-0.8096200667880025,-1.3652940682945882,15.945795
684516994107,Scott Abell,Rice,2025,1,,12,4,8,0,4.966367363316254,-0.9663673633162544,-84.43720936245131,11.898139
684516994107,Scott Abell,Rice,2026,1,,4,0,4,0,0.8041092498524143,-0.8041092498524143,-24.21232319350179,0.0
161230391983,Scott Frost,UCF,2016,1,,12,5,7,0,4.088196385447619,0.9118036145523813,108.27258240657443,16.29455
161230391983,Scott Frost,UCF,2017,1,,12,12,0,0,7.510966647794665,4.489033352205335,387.4352674691802,32.994405
161230391983,Scott Frost,Nebraska,2018,1,,11,3,8,0,2.943173799055286,0.0568262009447138,106.66048195905933,10.357818
161230391983,Scott Frost,Nebraska,2019,1,,12,5,7,0,5.730291237659348,-0.7302912376593476,-5.16624329703518,14.561892
161230391983,Scott Frost,Nebraska,2020,1,,8,3,5,0,3.106924441997675,-0.10692444199767515,61.66770205848184,9.457877
161230391983,Scott Frost,Nebraska,2021,1,,11,2,9,0,4.038879194390467,-2.038879194390467,-50.128971335760525,6.943975
161230391983,Scott Frost,Nebraska,2022,0,"two head coaches this season, and the feed does not say which games",,,,,,,,
161230391983,Scott Frost,UCF,2025,1,,11,4,7,0,4.798091664070829,-0.7980916640708289,-90.33787247592159,10.795846
161230391983,Scott Frost,UCF,2026,1,,4,2,2,0,1.5386886250828775,0.4613113749171225,30.51051316146095,6.057478
797670298973,Scott Satterfield,Appalachian State,2014,1,,10,6,4,0,5.380038294617658,0.6199617053823419,67.33598748515578,
797670298973,Scott Satterfield,Appalachian State,2015,1,,12,10,2,0,8.76203464082721,1.2379653591727902,65.06035541680194,24.920517
797670298973,Scott Satterfield,Appalachian State,2016,1,,13,10,3,0,9.259387335205707,0.740612664794293,60.98544156277876,25.871848
797670298973,Scott Satterfield,Appalachian State,2017,1,,12,8,4,0,8.117455553181077,-0.11745555318107748,-11.40032974946439,19.519071
797670298973,Scott Satterfield,Appalachian State,2018,0,"two head coaches this season, and the feed does not say which games",,,,,,,,
797670298973,Scott Satterfield,Louisville,2019,1,,12,7,5,0,3.904272852822638,3.095727147177362,162.36211525635963,22.394462
797670298973,Scott Satterfield,Louisville,2020,1,,11,4,7,0,4.912274847424866,-0.9122748474248663,25.25021129969059,11.175701
797670298973,Scott Satterfield,Louisville,2021,1,,12,5,7,0,5.719680302430683,-0.7196803024306826,12.292542081209149,14.304662
797670298973,Scott Satterfield,Louisville,2022,0,"two head coaches this season, and the feed does not say which games",,,,,,,,
797670298973,Scott Satterfield,Cincinnati,2023,1,,11,2,9,0,5.5256281000169984,-3.5256281000169984,-95.6496732250796,7.788214
797670298973,Scott Satterfield,Cincinnati,2024,1,,11,4,7,0,4.531535848368728,-0.531535848368728,20.21439730969223,12.205599
797670298973,Scott Satterfield,Cincinnati,2025,1,,12,6,6,0,5.8338165681896905,0.16618343181030948,-6.539929008021318,17.269451
797670298973,Scott Satterfield,Cincinnati,2026,1,,4,3,1,0,2.055995581576319,0.9440044184236811,2.3614618795043043,8.488678
861875885237,Scott Shafer,Syracuse,2013,1,,12,6,6,0,5.402376515035318,0.5976234849646822,-50.88331687378741,17.304468
861875885237,Scott Shafer,Syracuse,2014,1,,11,2,9,0,4.539202405729788,-2.539202405729788,-137.51772281598346,5.410841
861875885237,Scott Shafer,Syracuse,2015,1,,11,3,8,0,3.1973016361220914,-0.1973016361220914,-52.751007550776876,9.753273
220482924977,Scottie Montgomery,East Carolina,2016,1,,11,2,9,0,4.3960515481380655,-2.3960515481380655,-107.49238728491173,5.829846
220482924977,Scottie Montgomery,East Carolina,2017,1,,11,3,8,0,3.496046880097012,-0.4960468800970119,-79.88817940298668,9.982293
220482924977,Scottie Montgomery,East Carolina,2018,0,"two head coaches this season, and the feed does not say which games",,,,,,,,
505369606829,Scotty Walden,Southern Miss,2020,0,"two head coaches this season, and the feed does not say which games",,,,,,,,
505369606829,Scotty Walden,UTEP,2024,1,,11,3,8,0,3.676272860653394,-0.6762728606533939,6.82507028357395,6.239887
505369606829,Scotty Walden,UTEP,2025,1,,11,1,10,0,3.5739518559828136,-2.5739518559828136,-158.72907008778907,3.313221
505369606829,Scotty Walden,UTEP,2026,1,,4,0,4,0,0.6954706369566377,-0.6954706369566377,-103.5830054288183,0.0
316656768750,Sean Kugler,UTEP,2013,1,,12,2,10,0,3.7112781798909005,-1.7112781798909005,-140.66327801829289,6.867167
316656768750,Sean Kugler,UTEP,2014,1,,13,7,6,0,5.8081330281040495,1.1918669718959505,186.17156503301135,17.125556
316656768750,Sean Kugler,UTEP,2015,1,,11,4,7,0,4.635639208192252,-0.6356392081922522,-133.01945848550122,11.822991
316656768750,Sean Kugler,UTEP,2016,1,,11,3,8,0,3.747301223081593,-0.747301223081593,-198.13150153546326,9.696148
316656768750,Sean Kugler,UTEP,2017,0,"two head coaches this season, and the feed does not say which games",,,,,,,,
1081652295657,Sean Lewis,Kent State,2018,1,,11,1,10,0,2.663512160182174,-1.663512160182174,-93.03609606606346,4.26173
1081652295657,Sean Lewis,Kent State,2019,1,,12,6,6,0,3.9468074414199164,2.0531925585800836,191.3145423934866,18.640975
1081652295657,Sean Lewis,Kent State,2020,1,,4,3,1,0,2.6259975122668395,0.37400248773316047,45.31415670268211,7.333902
1081652295657,Sean Lewis,Kent State,2021,1,,13,6,7,0,7.01790519981624,-1.0179051998162398,-94.18469137628222,15.616143
1081652295657,Sean Lewis,Kent State,2022,1,,11,4,7,0,4.286267092510533,-0.28626709251053306,-36.36808320632849,11.975251
1081652295657,Sean Lewis,San Diego State,2024,1,,11,2,9,0,3.1634168121374,-1.1634168121373998,-113.77432574795398,6.301218
1081652295657,Sean Lewis,San Diego State,2025,1,,12,8,4,0,6.364858187803568,1.6351418121964318,222.976342400023,23.69365
1081652295657,Sean Lewis,San Diego State,2026,1,,4,1,3,0,1.3577422695796688,-0.3577422695796688,-92.32666845188032,3.314629
874035126485,Seth Littrell,North Texas,2016,1,,12,4,8,0,4.204925290889324,-0.20492529088932443,25.562326812222636,14.030715
874035126485,Seth Littrell,North Texas,2017,1,,13,8,5,0,6.533048973368208,1.4669510266317918,120.43696179223343,22.612853
874035126485,Seth Littrell,North Texas,2018,1,,12,8,4,0,7.865530631399334,0.13446936860066572,60.36459858096828,17.999321
874035126485,Seth Littrell,North Texas,2019,1,,11,3,8,0,6.075017628643827,-3.0750176286438267,-230.08893771696194,7.411713
874035126485,Seth Littrell,North Texas,2020,1,,9,3,6,0,3.7242247258529364,-0.7242247258529364,-0.5641434335877875,8.949529
874035126485,Seth Littrell,North Texas,2021,1,,12,5,7,0,5.008850987774592,-0.008850987774591701,88.30257106784734,14.907927
874035126485,Seth Littrell,North Texas,2022,0,"two head coaches this season, and the feed does not say which games",,,,,,,,
209085124431,Shane Beamer,South Carolina,2021,1,,12,6,6,0,4.424239053994996,1.575760946005004,131.34026430027166,18.533254
209085124431,Shane Beamer,South Carolina,2022,1,,12,7,5,0,4.9303668738503825,2.0696331261496175,82.93475542629858,22.145549
209085124431,Shane Beamer,South Carolina,2023,1,,11,4,7,0,4.432619356699186,-0.4326193566991856,-57.22912883797267,8.447863
209085124431,Shane Beamer,South Carolina,2024,1,,12,8,4,0,5.5592808530247915,2.4407191469752085,126.88442295568302,24.069297
209085124431,Shane Beamer,South Carolina,2025,1,,11,3,8,0,4.286259772985147,-1.2862597729851473,-98.92733133351089,8.040997
209085124431,Shane Beamer,South Carolina,2026,1,,4,1,3,0,1.9113464021500075,-0.9113464021500075,-26.688732270438095,3.25005
684521063484,Shane Montgomery,Miami (OH),2005,1,,11,7,4,0,7.320129830530842,-0.320129830530842,-26.716258461610778,17.804846
684521063484,Shane Montgomery,Miami (OH),2006,1,,12,2,10,0,5.1800415790901555,-3.1800415790901555,-195.6934137664416,7.150122
684521063484,Shane Montgomery,Miami (OH),2007,1,,13,6,7,0,5.916211988861947,0.08378801113805334,1.174321021544074,18.672315
684521063484,Shane Montgomery,Miami (OH),2008,1,,11,1,10,0,4.372995239260662,-3.3729952392606624,-214.2561532079485,3.32028
684521063484,Shane Montgomery,Massachusetts,2024,0,"two head coaches this season, and the feed does not say which games",,,,,,,,
1063077702107,Shaun Aguano,Arizona State,2022,0,"two head coaches this season, and the feed does not say which games",,,,,,,,
627568264622,Shawn Clark,Appalachian State,2019,0,"two head coaches this season, and the feed does not say which games",,,,,,,,
627568264622,Shawn Clark,Appalachian State,2020,1,,11,8,3,0,8.5465999696176,-0.5465999696175992,-7.054262562222448,18.334037
627568264622,Shawn Clark,Appalachian State,2021,1,,13,9,4,0,9.00939743544009,-0.009397435440089197,16.202820636588285,21.709175
627568264622,Shawn Clark,Appalachian State,2022,1,,10,4,6,0,5.764956503494783,-1.7649565034947834,-157.84079552905905,12.106396
627568264622,Shawn Clark,Appalachian State,2023,1,,13,8,5,0,6.720770903844163,1.279229096155837,184.23921109709886,23.882715
627568264622,Shawn Clark,Appalachian State,2024,1,,10,4,6,0,4.629522472227502,-0.6295224722275021,-198.95082900611078,11.790366
323645240377,Shawn Elliott,South Carolina,2015,0,"two head coaches this season, and the feed does not say which games",,,,,,,,
323645240377,Shawn Elliott,Georgia State,2017,1,,11,7,4,0,5.265758725103863,1.7342412748961369,105.36986695111545,17.837435
323645240377,Shawn Elliott,Georgia State,2018,1,,11,1,10,0,3.740768542802961,-2.740768542802961,-172.24867868855358,2.893622
323645240377,Shawn Elliott,Georgia State,2019,1,,12,6,6,0,5.184160069547351,0.8158399304526487,91.30593178181584,19.750373
323645240377,Shawn Elliott,Georgia State,2020,1,,10,6,4,0,4.437878472296272,1.5621215277037281,98.57692027008329,18.517698
323645240377,Shawn Elliott,Georgia State,2021,1,,13,8,5,0,7.069797653409893,0.9302023465901073,131.9855740361004,20.927076
323645240377,Shawn Elliott,Georgia State,2022,1,,12,4,8,0,6.052238773632951,-2.0522387736329506,-160.80374494598277,11.976886
323645240377,Shawn Elliott,Georgia State,2023,1,,12,6,6,0,5.537396808405852,0.4626031915941482,-17.35675142413561,17.969471
323645240377,Shawn Elliott,Georgia State,2024,0,"two head coaches this season, and the feed does not say which games",,,,,,,,
334669132087,Sherrone Moore,Michigan,2024,1,,13,8,5,0,8.591664323673589,-0.591664323673589,-93.55853749385005,19.930755
334669132087,Sherrone Moore,Michigan,2025,0,"two head coaches this season, and the feed does not say which games",,,,,,,,
317767672291,Skip Holtz,East Carolina,2005,1,,11,5,6,0,3.729040066997956,1.270959933002044,114.67816962461075,15.60273
317767672291,Skip Holtz,East Carolina,2006,1,,13,7,6,0,5.808951890401023,1.1910481095989773,87.65820748069223,20.858403
317767672291,Skip Holtz,East Carolina,2007,1,,13,8,5,0,6.757560903396567,1.2424390966034329,-44.69265685609116,23.068801
317767672291,Skip Holtz,East Carolina,2008,1,,14,9,5,0,8.570679341143435,0.42932065885656456,52.77649471019208,26.120222
317767672291,Skip Holtz,East Carolina,2009,1,,13,8,5,0,6.90911782005785,1.0908821799421498,43.13595053028325,23.517643
317767672291,Skip Holtz,South Florida,2010,1,,12,7,5,0,5.590244036634762,1.409755963365238,14.474069098989958,20.928479
317767672291,Skip Holtz,South Florida,2011,1,,11,4,7,0,6.000566209593345,-2.0005662095933454,-18.48435934014833,12.081196
317767672291,Skip Holtz,South Florida,2012,1,,11,2,9,0,4.608676159950855,-2.6086761599508552,-149.9268358661725,6.443965
317767672291,Skip Holtz,Louisiana Tech,2013,1,,11,3,8,0,6.374546367095205,-3.3745463670952054,-238.10540716529704,7.752029
317767672291,Skip Holtz,Louisiana Tech,2014,1,,13,9,4,0,6.824836743139021,2.175163256860979,222.6984019549784,25.312532
317767672291,Skip Holtz,Louisiana Tech,2015,1,,12,8,4,0,7.58924823591012,0.4107517640898797,18.566031333008368,21.331701
317767672291,Skip Holtz,Louisiana Tech,2016,1,,13,8,5,0,8.012582709565777,-0.012582709565776895,-45.558437926993975,20.323163
317767672291,Skip Holtz,Louisiana Tech,2017,1,,12,6,6,0,6.302749277505526,-0.3027492775055256,-56.813132460053794,18.241587
317767672291,Skip Holtz,Louisiana Tech,2018,1,,12,7,5,0,6.8966802621361785,0.10331973786382154,40.569305281276,18.651996
317767672291,Skip Holtz,Louisiana Tech,2019,1,,12,9,3,0,8.155009936798647,0.8449900632013527,35.099158536773075,22.335503
317767672291,Skip Holtz,Louisiana Tech,2020,1,,9,4,5,0,4.329710365034717,-0.3297103650347166,-170.12877741885882,11.224966
317767672291,Skip Holtz,Louisiana Tech,2021,1,,11,2,9,0,4.365382169347772,-2.3653821693477717,-138.07788973019547,5.780185
655399641805,Slade Nagle,Tulane,2023,0,"two head coaches this season, and the feed does not say which games",,,,,,,,
199594170540,Sonny Cumbie,Texas Tech,2021,0,"two head coaches this season, and the feed does not say which games",,,,,,,,
199594170540,Sonny Cumbie,Louisiana Tech,2022,1,,11,2,9,0,3.151103703468202,-1.151103703468202,-44.92651105321579,8.632893
199594170540,Sonny Cumbie,Louisiana Tech,2023,1,,11,2,9,0,4.059084899731284,-2.0590848997312836,-48.31169140835982,5.650869
199594170540,Sonny Cumbie,Louisiana Tech,2024,1,,12,4,8,0,4.742870660015285,-0.742870660015285,65.49545390894514,12.535922
199594170540,Sonny Cumbie,Louisiana Tech,2025,1,,12,7,5,0,6.327199526558598,0.6728004734414021,31.074479598078597,17.409194
199594170540,Sonny Cumbie,Louisiana Tech,2026,1,,3,1,2,0,0.9106006190065139,0.0893993809934861,-0.7410831454581057,3.184171
399228634131,Sonny Dykes,Louisiana Tech,2010,1,,11,4,7,0,4.492617088226595,-0.492617088226595,-34.24103004034396,11.294683
399228634131,Sonny Dykes,Louisiana Tech,2011,1,,12,7,5,0,5.115522680162811,1.8844773198371891,113.4943473868816,21.801122
399228634131,Sonny Dykes,Louisiana Tech,2012,1,,12,9,3,0,8.194422449462486,0.8055775505375138,57.9378284273464,19.213962
399228634131,Sonny Dykes,California,2013,1,,11,0,11,0,3.106645081302645,-3.106645081302645,-137.33514836635413,0.0
399228634131,Sonny Dykes,California,2014,1,,11,4,7,0,3.3376778669077956,0.6623221330922044,91.70160221472406,12.983599
399228634131,Sonny Dykes,California,2015,1,,12,7,5,0,5.444111337516743,1.555888662483257,170.75710284278261,20.78208
399228634131,Sonny Dykes,California,2016,1,,12,5,7,0,5.3775274443784715,-0.3775274443784715,-64.29833500150107,15.536094
399228634131,Sonny Dykes,SMU,2018,1,,11,4,7,0,3.928805476337655,0.0711945236623448,-26.268766448469933,13.394287
399228634131,Sonny Dykes,SMU,2019,1,,13,10,3,0,7.636995797200416,2.3630042027995843,136.42711750814374,27.892305
399228634131,Sonny Dykes,SMU,2020,1,,9,6,3,0,5.538526675982837,0.4614733240171631,-51.875635374517515,16.296257
399228634131,Sonny Dykes,SMU,2021,0,"two head coaches this season, and the feed does not say which games",,,,,,,,
399228634131,Sonny Dykes,TCU,2022,1,,14,12,2,0,7.653335293356795,4.346664706643205,265.1509760960473,35.251992
399228634131,Sonny Dykes,TCU,2023,1,,11,4,7,0,6.536631791946294,-2.536631791946294,-129.1405739377292,10.127993
399228634131,Sonny Dykes,TCU,2024,1,,12,8,4,0,7.293981676267143,0.7060183237328568,65.86879083221675,21.864185
399228634131,Sonny Dykes,TCU,2025,1,,12,8,4,0,7.038268962463116,0.9617310375368842,104.81425857518252,21.587069
399228634131,Sonny Dykes,TCU,2026,1,,4,1,3,0,2.399277893354005,-1.399277893354005,-156.34324374165976,2.473842
1011607157496,Sonny Lubick,Colorado State,1993,1,,11,5,6,0,3.3441705255252225,1.6558294744747775,85.67011536158975,16.259212
1011607157496,Sonny Lubick,Colorado State,1994,1,,12,10,2,0,8.155430139469054,1.844569860530946,131.17304779137044,26.285314
1011607157496,Sonny Lubick,Colorado State,1995,1,,11,7,4,0,6.533921764828987,0.4660782351710129,17.80789263223619,19.09188
1011607157496,Sonny Lubick,Colorado State,1996,1,,11,6,5,0,6.084942523170304,-0.08494252317030426,6.144577013404614,15.795254
1011607157496,Sonny Lubick,Colorado State,1997,1,,13,11,2,0,8.935454401524645,2.0645455984753553,218.9170043878146,27.956595
1011607157496,Sonny Lubick,Colorado State,1998,1,,12,8,4,0,9.168002275515338,-1.168002275515338,-133.67070523261236,19.158341
1011607157496,Sonny Lubick,Colorado State,1999,1,,12,8,4,0,7.449949228084449,0.5500507719155507,55.1124093157332,21.502709
1011607157496,Sonny Lubick,Colorado State,2000,1,,11,9,2,0,7.938933296417079,1.061066703582921,98.4155208572763,22.823343
1011607157496,Sonny Lubick,Colorado State,2001,1,,12,7,5,0,6.712949285443011,0.2870507145569894,-59.24501813756024,20.023776
1011607157496,Sonny Lubick,Colorado State,2002,1,,14,10,4,0,9.656619777973805,0.34338022202619456,23.131177254745353,26.065227
1011607157496,Sonny Lubick,Colorado State,2003,1,,12,6,6,0,6.858206855253529,-0.8582068552535294,-16.48018580555049,16.889363
1011607157496,Sonny Lubick,Colorado State,2004,1,,10,3,7,0,4.715989105795684,-1.7159891057956838,-163.78250471330762,8.077876
1011607157496,Sonny Lubick,Colorado State,2005,1,,12,6,6,0,5.058203575174653,0.9417964248253474,21.695193990234657,18.161744
1011607157496,Sonny Lubick,Colorado State,2006,1,,11,3,8,0,4.4436107365791635,-1.4436107365791635,-85.25876238493652,9.018942
1011607157496,Sonny Lubick,Colorado State,2007,1,,11,2,9,0,2.854245095599351,-0.8542450955993508,-25.957880500608553,7.452829
64884144401,Sonny Randle,Marshall,1980,1,,5,1,4,0,2.314629940147143,-1.3146299401471429,-170.65703540867753,
64884144401,Sonny Randle,Marshall,1981,1,,3,1,2,0,0.7673706225441361,0.23262937745586387,10.073810308586644,0.0
1015285209430,Sparky Woods,South Carolina,1989,1,,10,5,4,1,5.072349588027077,0.4276504119729232,4.095235663564381,14.263594
1015285209430,Sparky Woods,South Carolina,1990,1,,9,5,4,0,4.6361218462901475,0.36387815370985255,41.207984990681325,13.580031
1015285209430,Sparky Woods,South Carolina,1991,1,,10,2,6,2,3.9459594791429633,-0.9459594791429633,-82.07016429141572,8.44724
1015285209430,Sparky Woods,South Carolina,1992,1,,11,5,6,0,3.320397922977685,1.6796020770223148,89.62609143408031,16.215421
1015285209430,Sparky Woods,South Carolina,1993,1,,11,4,7,0,5.286014730596322,-1.2860147305963219,-87.10955504328854,11.207825
1078734484946,Spencer Danielson,Boise State,2023,0,"two head coaches this season, and the feed does not say which games",,,,,,,,
1078734484946,Spencer Danielson,Boise State,2024,1,,13,11,2,0,8.960359776239793,2.039640223760207,126.27411131286908,26.676754
1078734484946,Spencer Danielson,Boise State,2025,1,,13,8,5,0,8.59491874388819,-0.59491874388819,-95.97183280858098,20.091681
1078734484946,Spencer Danielson,Boise State,2026,1,,4,3,1,0,2.04350613894232,0.9564938610576799,105.62888627435768,8.066759
986444474199,Spike Dykes,Texas Tech,1986,1,,12,7,5,0,5.930117251259786,1.0698827487402136,135.44903352554024,19.513965
986444474199,Spike Dykes,Texas Tech,1987,1,,10,5,4,1,5.061044363453846,0.43895563654615444,0.6038386017210087,14.641323
986444474199,Spike Dykes,Texas Tech,1988,1,,9,4,5,0,3.7171174808538474,0.2828825191461526,28.311032399754822,11.544801
986444474199,Spike Dykes,Texas Tech,1989,1,,12,9,3,0,6.978865449787384,2.021134550212616,176.83920932039996,25.21171
986444474199,Spike Dykes,Texas Tech,1990,1,,11,4,7,0,5.393396654173704,-1.3933966541737037,-164.8976231636359,11.444818
986444474199,Spike Dykes,Texas Tech,1991,1,,10,5,5,0,3.912764298367576,1.087235701632424,128.0107815279066,15.256309
986444474199,Spike Dykes,Texas Tech,1992,1,,11,5,6,0,6.0459249372689055,-1.0459249372689055,-124.8745847389489,13.435305
986444474199,Spike Dykes,Texas Tech,1993,1,,11,5,6,0,4.741684685176537,0.2583153148234629,65.55948583861323,13.588514
986444474199,Spike Dykes,Texas Tech,1994,1,,12,6,6,0,6.358508976049581,-0.3585089760495812,29.491539455820885,15.787299
986444474199,Spike Dykes,Texas Tech,1995,1,,12,9,3,0,7.648519094621925,1.3514809053780752,159.62297025569592,23.127008
986444474199,Spike Dykes,Texas Tech,1996,1,,12,7,5,0,7.49500558707435,-0.49500558707434994,-17.880867672028444,18.490939
986444474199,Spike Dykes,Texas Tech,1997,1,,11,6,5,0,6.217805625778035,-0.21780562577803497,-14.182448709477967,16.650927
986444474199,Spike Dykes,Texas Tech,1998,1,,12,7,5,0,7.849913018528432,-0.849913018528432,-35.87559441249073,17.659302
986444474199,Spike Dykes,Texas Tech,1999,1,,11,6,5,0,5.27225574156204,0.7277442584379603,23.310601843570566,17.901573
382159172141,Stan Brock,Army,2007,1,,11,2,9,0,2.3710883303347243,-0.3710883303347243,-54.6457642321127,5.368958
382159172141,Stan Brock,Army,2008,1,,11,3,8,0,3.0248104066067083,-0.024810406606708302,-40.61497245019177,11.287459
742591606531,Stan Drayton,Temple,2022,1,,11,2,9,0,2.612300239554872,-0.6123002395548718,-31.11752528949569,6.748595
742591606531,Stan Drayton,Temple,2023,1,,11,2,9,0,3.230360881588387,-1.2303608815883869,-58.39080502517345,6.331019
742591606531,Stan Drayton,Temple,2024,0,"two head coaches this season, and the feed does not say which games",,,,,,,,
375131885049,Stan Parrish,Kansas State,1986,1,,9,1,8,0,2.241381748235773,-1.241381748235773,-135.11209772887196,3.282921
375131885049,Stan Parrish,Kansas State,1987,1,,10,0,9,1,1.5292768747509142,-1.0292768747509142,-100.12779333574781,1.131994
375131885049,Stan Parrish,Kansas State,1988,1,,10,0,10,0,1.448436397919122,-1.448436397919122,-156.9390418840651,0.0
375131885049,Stan Parrish,Ball State,2008,0,"two head coaches this season, and the feed does not say which games",,,,,,,,
375131885049,Stan Parrish,Ball State,2009,1,,11,2,9,0,4.51576303369378,-2.51576303369378,-332.5213328050802,6.636277
375131885049,Stan Parrish,Ball State,2010,1,,10,3,7,0,3.3999150945568646,-0.3999150945568646,-18.800460529346537,10.810395
375131885049,Stan Parrish,Eastern Michigan,2013,0,"two head coaches this season, and the feed does not say which games",,,,,,,,
1057366987422,Steve Addazio,Temple,2011,1,,12,8,4,0,8.26138284564881,-0.26138284564881076,87.63254890882581,21.061177
1057366987422,Steve Addazio,Temple,2012,1,,10,3,7,0,4.259327024818151,-1.259327024818151,-143.47190459004923,9.647719
1057366987422,Steve Addazio,Boston College,2013,1,,12,6,6,0,4.5147031364244965,1.4852968635755035,43.124625979823804,17.852548
1057366987422,Steve Addazio,Boston College,2014,1,,12,6,6,0,5.533475931224708,0.46652406877529184,52.35407392408865,18.779765
1057366987422,Steve Addazio,Boston College,2015,1,,10,1,9,0,3.7912187440869873,-2.7912187440869873,-87.07547250775406,3.052131
1057366987422,Steve Addazio,Boston College,2016,1,,12,6,6,0,5.108393839576224,0.8916061604237759,83.42552417580237,16.955007
1057366987422,Steve Addazio,Boston College,2017,1,,13,7,6,0,6.482121036322568,0.5178789636774317,143.4318803789149,20.330671
1057366987422,Steve Addazio,Boston College,2018,1,,11,6,5,0,5.909517409063094,0.09048259093690625,-78.81434259607954,16.816792
1057366987422,Steve Addazio,Boston College,2019,1,,12,5,7,0,5.163778138089066,-0.16377813808906616,-45.90705447420942,15.449847
1057366987422,Steve Addazio,Colorado State,2020,1,,4,1,3,0,1.3016393838966327,-0.3016393838966327,-20.49436192132248,3.298709
1057366987422,Steve Addazio,Colorado State,2021,1,,11,3,8,0,5.588953197897027,-2.588953197897027,-38.13330607004241,8.814041
658608386302,Steve Campbell,South Alabama,2018,1,,11,2,9,0,2.635673016153605,-0.6356730161536048,-78.3897177701233,5.831402
658608386302,Steve Campbell,South Alabama,2019,1,,11,1,10,0,1.8235345397030398,-0.8235345397030398,-36.84877290819486,4.710763
658608386302,Steve Campbell,South Alabama,2020,1,,11,4,7,0,4.124126936773608,-0.12412693677360842,-73.8202614703323,12.241404
658608386302,Steve Campbell,South Alabama,2021,0,"two head coaches this season, and the feed does not say which games",,,,,,,,
1029316192199,Steve Fairchild,Colorado State,2008,1,,12,6,6,0,4.209345037341775,1.790654962658225,83.40601933536414,17.998966
1029316192199,Steve Fairchild,Colorado State,2009,1,,11,2,9,0,4.921822287959915,-2.921822287959915,-188.4852933131849,5.90686
1029316192199,Steve Fairchild,Colorado State,2010,1,,12,3,9,0,3.830705789520104,-0.830705789520104,-95.53962992259403,8.747956
1029316192199,Steve Fairchild,Colorado State,2011,1,,11,2,9,0,3.0842685984674505,-1.0842685984674505,-110.47624783685683,6.357816
604536657157,Steve Kragthorpe,Tulsa,2003,1,,12,7,5,0,4.57328511860347,2.4267148813965296,278.25523074343437,20.846322
604536657157,Steve Kragthorpe,Tulsa,2004,1,,11,3,8,0,4.383296240749232,-1.3832962407492317,-122.94399670009216,11.209105
604536657157,Steve Kragthorpe,Tulsa,2005,1,,13,9,4,0,6.305567999466956,2.6944320005330438,214.32443852805022,26.474055
604536657157,Steve Kragthorpe,Tulsa,2006,1,,12,7,5,0,7.833061684100849,-0.8330616841008487,-90.1843245523387,19.228852
604536657157,Steve Kragthorpe,Louisville,2007,1,,11,5,6,0,6.885925729950594,-1.8859257299505936,-179.77211549434878,13.250538
604536657157,Steve Kragthorpe,Louisville,2008,1,,11,4,7,0,5.9068434220957,-1.9068434220957,-42.007683304449756,10.493526
604536657157,Steve Kragthorpe,Louisville,2009,1,,11,3,8,0,4.112493455397121,-1.1124934553971206,-116.16218213767957,8.037187
226098659858,Steve Logan,East Carolina,1992,1,,11,5,6,0,6.929042613343583,-1.929042613343583,-303.48578971006896,12.657145
226098659858,Steve Logan,East Carolina,1993,1,,10,1,9,0,2.487745396045062,-1.487745396045062,-192.76376429562788,3.048347
226098659858,Steve Logan,East Carolina,1994,1,,11,6,5,0,4.2121596557458645,1.7878403442541355,246.73436620469124,18.042863
226098659858,Steve Logan,East Carolina,1995,1,,12,9,3,0,6.965751231999494,2.0342487680005057,137.9803288640246,24.922957
226098659858,Steve Logan,East Carolina,1996,1,,10,7,3,0,6.606256692625984,0.39374330737401575,80.6989571284787,15.708971
226098659858,Steve Logan,East Carolina,1997,1,,11,5,6,0,5.967737744138365,-0.9677377441383648,-172.92262410466947,13.576689
226098659858,Steve Logan,East Carolina,1998,1,,10,5,5,0,5.753872083316489,-0.7538720833164891,-97.87986059844434,13.406438
226098659858,Steve Logan,East Carolina,1999,1,,12,9,3,0,7.40415654082347,1.59584345917653,121.13026588651633,25.214517
226098659858,Steve Logan,East Carolina,2000,1,,12,8,4,0,7.074004343993158,0.9259956560068421,103.17809397046085,22.224147
226098659858,Steve Logan,East Carolina,2001,1,,11,5,6,0,6.353325982814149,-1.353325982814149,-54.192761804240035,14.584349
226098659858,Steve Logan,East Carolina,2002,1,,12,4,8,0,5.5969405692184,-1.5969405692184004,-209.90578182672425,11.721419
105236230563,Steve Mariucci,California,1996,1,,12,6,6,0,5.8784840433663925,0.12151595663360748,-18.53836574293632,17.305346
730397563565,Steve Roberts,Arkansas State,2002,1,,11,4,7,0,3.3084341319040163,0.6915658680959837,74.44173786292481,12.778112
730397563565,Steve Roberts,Arkansas State,2003,1,,10,3,7,0,3.347859298503644,-0.34785929850364417,-154.05554641010508,9.291538
730397563565,Steve Roberts,Arkansas State,2004,1,,11,3,8,0,3.0846085298234196,-0.0846085298234196,-17.448285615224904,9.335542
730397563565,Steve Roberts,Arkansas State,2005,1,,11,5,6,0,4.77479680309265,0.22520319690734958,21.69868089551869,11.219589
730397563565,Steve Roberts,Arkansas State,2006,1,,12,6,6,0,5.753470824189087,0.24652917581091316,-17.203223323245084,17.547661
730397563565,Steve Roberts,Arkansas State,2007,1,,12,5,7,0,5.7800424253866565,-0.7800424253866565,0.5532178803784973,12.898539
730397563565,Steve Roberts,Arkansas State,2008,1,,11,5,6,0,5.233160483406946,-0.23316048340694628,40.78799799712965,14.901446
730397563565,Steve Roberts,Arkansas State,2009,1,,11,3,8,0,4.725863649899604,-1.7258636498996038,-85.6317885818703,7.822378
730397563565,Steve Roberts,Arkansas State,2010,1,,12,4,8,0,5.317948553493912,-1.3179485534939124,4.560555145785884,12.944213
998273548088,Steve Sarkisian,Washington,2009,1,,12,5,7,0,2.9529378650209765,2.0470621349790235,257.51180174636534,17.513708
998273548088,Steve Sarkisian,Washington,2010,1,,13,7,6,0,4.856751672074207,2.143248327925793,107.22754984978383,22.351453
998273548088,Steve Sarkisian,Washington,2011,1,,12,6,6,0,6.434008155814661,-0.4340081558146611,-82.37201568941964,15.848642
998273548088,Steve Sarkisian,Washington,2012,1,,12,6,6,0,5.784373027413765,0.21562697258623498,-15.510397194594589,18.2068
998273548088,Steve Sarkisian,Washington,2013,0,"two head coaches this season, and the feed does not say which games",,,,,,,,
998273548088,Steve Sarkisian,USC,2014,1,,13,9,4,0,7.709483203966677,1.290516796033323,25.960946393038967,24.6364
998273548088,Steve Sarkisian,Texas,2021,1,,12,5,7,0,6.322009572433928,-1.3220095724339282,-111.77917771052557,14.801398
998273548088,Steve Sarkisian,Texas,2022,1,,13,8,5,0,6.969349889488215,1.0306501105117851,233.9006202532912,22.801381
998273548088,Steve Sarkisian,Texas,2023,1,,14,12,2,0,9.855108177910056,2.144891822089944,139.15152471769852,30.112474
998273548088,Steve Sarkisian,Texas,2024,1,,16,13,3,0,11.409877534894413,1.590122465105587,85.9571085264256,32.428654
998273548088,Steve Sarkisian,Texas,2025,1,,13,10,3,0,8.26782052550987,1.7321794744901293,3.3108446848050335,25.273367
998273548088,Steve Sarkisian,Texas,2026,1,,4,4,0,0,2.689690710123014,1.3103092898769861,94.82127120296241,10.468271
142625882973,Steve Sloan,Ole Miss,1980,1,,11,3,8,0,4.312043189833073,-1.3120431898330729,-57.362888562010994,
142625882973,Steve Sloan,Ole Miss,1981,1,,11,4,6,1,4.020871867736122,0.4791281322638783,-40.22279307634585,
142625882973,Steve Sloan,Ole Miss,1982,1,,11,4,7,0,4.503962767272278,-0.5039627672722782,-35.310713000480746,
142625882973,Steve Sloan,Duke,1983,1,,11,3,8,0,4.225920868138574,-1.2259208681385738,-134.41904760599277,
142625882973,Steve Sloan,Duke,1984,1,,11,2,9,0,3.556605595653866,-1.556605595653866,-176.56404389865065,
142625882973,Steve Sloan,Duke,1985,1,,11,4,7,0,3.442046034472735,0.5579539655272652,31.58287366985769,12.365177
142625882973,Steve Sloan,Duke,1986,1,,11,4,7,0,4.175940850168299,-0.17594085016829908,-38.66341336845994,11.559538
523489299531,Steve Spurrier,Duke,1987,1,,10,4,6,0,3.828406320222353,0.17159367977764717,106.50224216018569,12.339263
523489299531,Steve Spurrier,Duke,1988,1,,10,6,3,1,5.669739062414887,0.8302609375851127,-21.051863464435428,18.679903
523489299531,Steve Spurrier,Duke,1989,1,,12,8,4,0,6.068100219203265,1.9318997807967353,152.18907498002864,22.797094
523489299531,Steve Spurrier,Florida,1990,1,,10,8,2,0,6.093518421329456,1.9064815786705438,225.6838947855515,21.349574
523489299531,Steve Spurrier,Florida,1991,1,,12,10,2,0,8.722559489533623,1.277440510466377,138.72542502441365,25.632776
523489299531,Steve Spurrier,Florida,1992,1,,13,9,4,0,8.346734861624268,0.6532651383757315,1.9833275311821126,22.567106
523489299531,Steve Spurrier,Florida,1993,1,,13,11,2,0,9.489853276603585,1.5101467233964154,192.0522818145298,26.941944
523489299531,Steve Spurrier,Florida,1994,1,,13,10,2,1,10.254230021532047,0.245769978467953,64.07406539137332,24.155308
523489299531,Steve Spurrier,Florida,1995,1,,13,12,1,0,10.626368457186725,1.3736315428132748,134.51806650938533,27.618175
523489299531,Steve Spurrier,Florida,1996,1,,12,11,1,0,9.41771570875684,1.5822842912431607,204.36249943762664,25.914922
523489299531,Steve Spurrier,Florida,1997,1,,12,10,2,0,9.555724815633507,0.44427518436649294,6.449391710884129,23.715227
523489299531,Steve Spurrier,Florida,1998,1,,11,9,2,0,8.580766702580167,0.41923329741983295,71.2126786966353,20.202941
523489299531,Steve Spurrier,Florida,1999,1,,13,9,4,0,10.089100300587482,-1.0891003005874822,-65.02653125081224,20.536107
523489299531,Steve Spurrier,Florida,2000,1,,13,10,3,0,8.878665620733006,1.1213343792669939,103.66146405852965,24.123071
523489299531,Steve Spurrier,Florida,2001,1,,12,10,2,0,9.42664746399294,0.5733525360070608,178.47869587141804,23.581823
523489299531,Steve Spurrier,South Carolina,2005,1,,12,7,5,0,5.438412314925042,1.561587685074958,81.46188384266156,20.180912
523489299531,Steve Spurrier,South Carolina,2006,1,,12,7,5,0,6.147162042529931,0.8528379574700686,218.323871827758,18.682289
523489299531,Steve Spurrier,South Carolina,2007,1,,11,5,6,0,6.964940654733265,-1.9649406547332653,-105.22797907716836,13.471726
523489299531,Steve Spurrier,South Carolina,2008,1,,12,6,6,0,6.445338449596572,-0.445338449596572,-24.546868889876123,15.783132
523489299531,Steve Spurrier,South Carolina,2009,1,,12,6,6,0,5.867758627806638,0.13224137219336196,23.63477163765856,16.480384
523489299531,Steve Spurrier,South Carolina,2010,1,,13,8,5,0,7.242536893918814,0.757463106081186,151.46212225281533,22.97314
523489299531,Steve Spurrier,South Carolina,2011,1,,12,10,2,0,8.368085778767847,1.6319142212321527,126.65064979707631,25.240103
523489299531,Steve Spurrier,South Carolina,2012,1,,12,10,2,0,8.620424462380255,1.3795755376197452,43.743422308961954,24.408165
523489299531,Steve Spurrier,South Carolina,2013,1,,12,10,2,0,8.059814515582849,1.9401854844171513,96.00579505821497,25.945613
523489299531,Steve Spurrier,South Carolina,2014,1,,12,6,6,0,7.113898836787361,-1.113898836787361,-156.30769792573597,16.920014
523489299531,Steve Spurrier,South Carolina,2015,0,"two head coaches this season, and the feed does not say which games",,,,,,,,
266402398781,Sylvester Croom,Mississippi State,2004,1,,10,3,7,0,2.756283862158794,0.24371613784120605,11.804428528921107,9.563183
266402398781,Sylvester Croom,Mississippi State,2005,1,,10,2,8,0,2.4617306326072472,-0.4617306326072472,-50.33189979752251,6.54522
266402398781,Sylvester Croom,Mississippi State,2006,1,,11,2,9,0,2.7900495070924176,-0.7900495070924176,-66.98409878256575,7.503287
266402398781,Sylvester Croom,Mississippi State,2007,1,,12,7,5,0,4.154013614065251,2.845986385934749,258.71570898184837,21.771897
266402398781,Sylvester Croom,Mississippi State,2008,1,,11,3,8,0,4.560353873083463,-1.5603538730834634,-119.4166537715846,8.421019
789602842235,Tavita Pritchard,Stanford,2026,1,,5,2,3,0,1.5470209550485166,0.45297904495148344,-9.504707676720273,6.132921
116296765972,Ted Roof,Duke,2003,0,"two head coaches this season, and the feed does not say which games",,,,,,,,
116296765972,Ted Roof,Duke,2004,1,,10,1,9,0,1.7318178766118766,-0.7318178766118766,-52.39011783760225,3.667834
116296765972,Ted Roof,Duke,2005,1,,10,0,10,0,2.033331397718699,-2.033331397718699,-100.55562855101857,0.0
116296765972,Ted Roof,Duke,2006,1,,11,0,11,0,1.8495766685200241,-1.8495766685200241,-95.57435208431184,0.0
116296765972,Ted Roof,Duke,2007,1,,12,1,11,0,1.8240106290732079,-0.8240106290732079,-61.56793765217958,4.782833
539640592684,Ted Tollner,USC,1983,1,,11,4,6,1,6.312292922811368,-1.812292922811368,-208.73500543874366,
539640592684,Ted Tollner,USC,1984,1,,12,9,3,0,6.389460960960838,2.6105390390391623,126.21662793170708,0.0
539640592684,Ted Tollner,USC,1985,1,,12,6,6,0,6.401724365042612,-0.4017243650426119,-62.149159571768905,16.576479
539640592684,Ted Tollner,USC,1986,1,,12,7,5,0,6.007453871242459,0.9925461287575406,76.00792818144532,20.307369
539640592684,Ted Tollner,San Diego State,1994,1,,11,4,7,0,5.320462755064422,-1.3204627550644217,-118.32349142472049,11.696478
539640592684,Ted Tollner,San Diego State,1995,1,,12,8,4,0,6.691968828465361,1.3080311715346387,145.86397515569433,22.6083
539640592684,Ted Tollner,San Diego State,1996,1,,11,8,3,0,7.6339309433572575,0.3660690566427425,66.08644503880487,18.377948
539640592684,Ted Tollner,San Diego State,1997,1,,12,5,7,0,5.733720701457718,-0.7337207014577176,-131.16169379223038,13.39599
539640592684,Ted Tollner,San Diego State,1998,1,,12,7,5,0,5.80692248383566,1.1930775161643403,67.96615830197948,19.368225
539640592684,Ted Tollner,San Diego State,1999,1,,10,4,6,0,4.261449511639751,-0.26144951163975083,45.254491343646805,12.346243
539640592684,Ted Tollner,San Diego State,2000,1,,11,3,8,0,4.364742887144369,-1.3647428871443692,-212.55824959178085,9.696832
539640592684,Ted Tollner,San Diego State,2001,1,,10,2,8,0,2.69885431610118,-0.6988543161011802,-79.52646483060357,6.337656
182084744110,Terry Allen,Kansas,1997,1,,11,5,6,0,5.149926047940993,-0.14992604794099318,-76.22920475461706,12.99141
182084744110,Terry Allen,Kansas,1998,1,,10,3,7,0,3.411324865627382,-0.4113248656273818,-2.8888758560535734,9.021172
182084744110,Terry Allen,Kansas,1999,1,,11,4,7,0,3.8305967170224626,0.16940328297753737,-6.438576512880218,11.287027
182084744110,Terry Allen,Kansas,2000,1,,10,3,7,0,3.183670607244607,-0.18367060724460682,-33.09988114334533,9.267095
182084744110,Terry Allen,Kansas,2001,0,"two head coaches this season, and the feed does not say which games",,,,,,,,
929635437478,Terry Bowden,Auburn,1993,1,,10,10,0,0,6.170072081952401,3.8299279180475994,322.0500127073592,27.723484
929635437478,Terry Bowden,Auburn,1994,1,,10,8,1,1,7.5953757243518245,0.9046242756481755,82.69439619726563,17.867207
929635437478,Terry Bowden,Auburn,1995,1,,11,7,4,0,7.602121220332807,-0.6021212203328066,-45.489314060378774,17.395902
929635437478,Terry Bowden,Auburn,1996,1,,12,8,4,0,8.333298428617582,-0.3332984286175815,-13.058481426348862,16.928504
929635437478,Terry Bowden,Auburn,1997,1,,13,10,3,0,8.09327443335585,1.90672556664415,125.62468342183911,26.93653
929635437478,Terry Bowden,Auburn,1998,1,,11,3,8,0,4.765333253481116,-1.7653332534811161,-181.5727020595441,8.487279
929635437478,Terry Bowden,Akron,2012,1,,11,0,11,0,1.6194115761651793,-1.6194115761651793,-81.2170822417927,1.0
929635437478,Terry Bowden,Akron,2013,1,,11,4,7,0,2.211267707369049,1.788732292630951,151.4272700385368,12.93379
929635437478,Terry Bowden,Akron,2014,1,,11,4,7,0,5.384209826237433,-1.3842098262374334,-43.26744803302245,11.465246
929635437478,Terry Bowden,Akron,2015,1,,12,7,5,0,5.214998326694466,1.7850016733055343,89.20280240897205,20.556939
929635437478,Terry Bowden,Akron,2016,1,,11,4,7,0,5.1320823283945955,-1.1320823283945955,-159.99350613515867,11.490087
929635437478,Terry Bowden,Akron,2017,1,,13,6,7,0,4.096932831305595,1.9030671686944052,-23.967143992774936,18.817136
929635437478,Terry Bowden,Akron,2018,1,,11,3,8,0,3.899298163306907,-0.899298163306907,-191.88563931274825,9.216131
929635437478,Terry Bowden,ULM,2021,1,,11,3,8,0,2.2081752272166493,0.7918247727833507,17.800232127153095,10.815986
929635437478,Terry Bowden,ULM,2022,1,,11,3,8,0,2.9254640902366527,0.07453590976334734,1.9541115921035725,10.487992
929635437478,Terry Bowden,ULM,2023,1,,11,1,10,0,2.9308181381740397,-1.9308181381740397,-155.49135893362086,3.233385
161843382222,Terry Donahue,UCLA,1980,1,,11,9,2,0,7.358095658257441,1.641904341742559,196.7341732266775,
161843382222,Terry Donahue,UCLA,1981,1,,12,7,4,1,8.005313942265676,-0.5053139422656763,24.63421165503155,0.0
161843382222,Terry Donahue,UCLA,1982,1,,11,9,1,1,7.770351443079555,1.729648556920445,162.65979857679667,0.0
161843382222,Terry Donahue,UCLA,1983,1,,12,7,4,1,7.123147083663061,0.3768529163369392,87.98103576551466,0.0
161843382222,Terry Donahue,UCLA,1984,1,,11,8,3,0,8.211775984086112,-0.21177598408611154,-7.488117469287545,0.0
161843382222,Terry Donahue,UCLA,1985,1,,12,9,2,1,8.47551047699132,1.0244895230086808,106.66894692364644,23.165505
161843382222,Terry Donahue,UCLA,1986,1,,11,7,3,1,7.3261877474817245,0.17381225251827548,55.65709621326869,18.172743
161843382222,Terry Donahue,UCLA,1987,1,,12,10,2,0,9.130586884372184,0.8694131156278164,116.70013442681602,23.416601
161843382222,Terry Donahue,UCLA,1988,1,,11,9,2,0,8.237080935414655,0.7629190645853452,99.17242037217648,22.111437
161843382222,Terry Donahue,UCLA,1989,1,,11,3,7,1,7.0327701856070215,-3.5327701856070215,-290.92966456483873,8.600055
161843382222,Terry Donahue,UCLA,1990,1,,11,5,6,0,4.223564737797476,0.7764352622025239,47.23370253547046,14.648567
161843382222,Terry Donahue,UCLA,1991,1,,12,9,3,0,7.3926694491739156,1.6073305508260844,150.16535430103363,23.6784
161843382222,Terry Donahue,UCLA,1992,1,,10,5,5,0,4.9798799742985,0.020120025701499955,-139.52542810390787,14.705841
161843382222,Terry Donahue,UCLA,1993,1,,12,8,4,0,6.477169505874206,1.5228304941257944,254.9690712273873,23.600319
161843382222,Terry Donahue,UCLA,1994,1,,11,5,6,0,5.045271092677955,-0.045271092677954705,-64.24882381732778,14.782512
161843382222,Terry Donahue,UCLA,1995,1,,12,7,5,0,6.993785957418139,0.006214042581860646,5.674667160594936,19.818023
671457385838,Terry Hoeppner,Miami (OH),1999,1,,11,7,4,0,8.447618207190212,-1.447618207190212,-185.1581338174783,14.574336
671457385838,Terry Hoeppner,Miami (OH),2000,1,,11,6,5,0,6.444650635721601,-0.4446506357216009,-119.71730566443694,16.007098
671457385838,Terry Hoeppner,Miami (OH),2001,1,,12,7,5,0,6.141163353333484,0.858836646666516,105.20581621338692,19.865375
671457385838,Terry Hoeppner,Miami (OH),2002,1,,12,7,5,0,6.975191195995616,0.024808804004384122,8.818690533611516,19.786317
671457385838,Terry Hoeppner,Miami (OH),2003,1,,14,13,1,0,9.909871080588363,3.0901289194116366,310.65254121899966,33.21773
671457385838,Terry Hoeppner,Miami (OH),2004,1,,12,7,5,0,9.136565619558116,-2.136565619558116,-195.49100517023976,16.192065
671457385838,Terry Hoeppner,Indiana,2005,1,,10,3,7,0,3.2045491012222502,-0.20454910122225023,-19.654711226647805,8.220937
671457385838,Terry Hoeppner,Indiana,2006,1,,11,5,6,0,3.9416501834993243,1.0583498165006757,120.59705070666132,15.752472
220613062307,Terry Shea,San Jose State,1990,1,,9,6,2,1,5.43192862007478,1.06807137992522,165.2080193062368,16.795459
220613062307,Terry Shea,San Jose State,1991,1,,8,3,4,1,4.761053292953478,-1.261053292953478,-94.84119325300117,7.619548
220613062307,Terry Shea,Rutgers,1996,1,,10,1,9,0,2.521939292006296,-1.5219392920062962,-154.13914733097295,2.731043
220613062307,Terry Shea,Rutgers,1997,1,,11,0,11,0,1.9087257227523922,-1.9087257227523922,-192.2861338745547,0.0
220613062307,Terry Shea,Rutgers,1998,1,,10,4,6,0,2.0398241656098204,1.9601758343901796,142.66300776803882,13.19352
220613062307,Terry Shea,Rutgers,1999,1,,11,1,10,0,2.3171613691504467,-1.3171613691504467,-195.82534694128503,3.892598
220613062307,Terry Shea,Rutgers,2000,1,,10,2,8,0,2.1747117959914215,-0.1747117959914215,-21.218041844650543,5.925293
899492222383,Terry Smith,Penn State,2025,0,"two head coaches this season, and the feed does not say which games",,,,,,,,
549251053045,Thomas Hammock,Northern Illinois,2019,1,,11,4,7,0,5.220414719035211,-1.2204147190352108,-227.27262234835644,12.19903
549251053045,Thomas Hammock,Northern Illinois,2020,1,,6,0,6,0,1.803403301813518,-1.803403301813518,-96.76559543231633,0.0
549251053045,Thomas Hammock,Northern Illinois,2021,1,,13,8,5,0,4.908162344965161,3.0918376550348388,160.30868183052507,25.196726
549251053045,Thomas Hammock,Northern Illinois,2022,1,,11,2,9,0,5.423261521685549,-3.423261521685549,-304.26760933672995,7.545297
549251053045,Thomas Hammock,Northern Illinois,2023,1,,12,7,5,0,5.044156181077889,1.9558438189221112,233.53764511144573,21.71393
549251053045,Thomas Hammock,Northern Illinois,2024,1,,12,7,5,0,7.171756891769851,-0.1717568917698511,33.08282715503492,20.431361
549251053045,Thomas Hammock,Northern Illinois,2025,1,,11,2,9,0,4.8710619103685255,-2.8710619103685255,-284.25089180734403,5.352944
248550002674,Tim Albin,Ohio,2021,1,,11,3,8,0,5.221454914671585,-2.221454914671585,-219.95878696558316,8.794935
248550002674,Tim Albin,Ohio,2022,1,,13,9,4,0,6.225043274961911,2.7749567250380887,184.2627219478104,26.996274
248550002674,Tim Albin,Ohio,2023,1,,12,9,3,0,8.713124683700732,0.2868753162992679,91.23211609501504,22.455468
248550002674,Tim Albin,Ohio,2024,1,,13,10,3,0,8.548139198587345,1.4518608014126553,93.12181983340338,26.106878
248550002674,Tim Albin,Charlotte,2025,1,,11,0,11,0,2.187333008586205,-2.187333008586205,-227.4487125344126,0.0
248550002674,Tim Albin,Charlotte,2026,1,,4,0,4,0,0.6147677743173228,-0.6147677743173228,-49.45011602206955,0.0
659970993526,Tim Beck,Coastal Carolina,2023,1,,12,7,5,0,5.799624454384327,1.2003755456156728,-14.036422378327188,17.58009
659970993526,Tim Beck,Coastal Carolina,2024,1,,12,5,7,0,5.7706067207549046,-0.7706067207549046,-119.70940839016316,14.116496
659970993526,Tim Beck,Coastal Carolina,2025,0,"two head coaches this season, and the feed does not say which games",,,,,,,,
246923797873,Tim Beckman,Toledo,2009,1,,12,5,7,0,4.633455263870397,0.3665447361296028,22.452657892712296,15.434505
246923797873,Tim Beckman,Toledo,2010,1,,13,8,5,0,5.984990125478161,2.015009874521839,62.083332759145605,23.134117
246923797873,Tim Beckman,Illinois,2012,1,,11,1,10,0,3.875010659458882,-2.875010659458882,-166.27944131863364,2.748382
246923797873,Tim Beckman,Illinois,2013,1,,11,3,8,0,3.57603082504587,-0.5760308250458701,27.81705370724535,9.819903
246923797873,Tim Beckman,Illinois,2014,1,,12,5,7,0,4.11873946914524,0.8812605308547603,68.79633115679485,16.240541
939211074452,Tim Billings,Southern Miss,2020,0,"two head coaches this season, and the feed does not say which games",,,,,,,,
923837717248,Tim Brewster,Minnesota,2007,1,,11,1,10,0,3.9253510232416926,-2.9253510232416926,-196.73678639689183,3.581902
923837717248,Tim Brewster,Minnesota,2008,1,,12,6,6,0,4.917835277102568,1.0821647228974323,9.330679086923283,18.004847
923837717248,Tim Brewster,Minnesota,2009,1,,12,5,7,0,4.541618862995316,0.4583811370046842,-12.70882182756145,15.547009
923837717248,Tim Brewster,Minnesota,2010,0,"two head coaches this season, and the feed does not say which games",,,,,,,,
923837717248,Tim Brewster,Charlotte,2024,0,"two head coaches this season, and the feed does not say which games",,,,,,,,
229572266862,Tim DeRuyter,Texas A&M,2011,0,"two head coaches this season, and the feed does not say which games",,,,,,,,
229572266862,Tim DeRuyter,Fresno State,2012,1,,12,8,4,0,6.931144723076212,1.068855276923788,199.04128064224892,20.601156
229572266862,Tim DeRuyter,Fresno State,2013,1,,12,10,2,0,8.839059853951984,1.1609401460480164,22.5649048161863,24.987034
229572266862,Tim DeRuyter,Fresno State,2014,1,,13,5,8,0,6.124383152286925,-1.1243831522869252,-205.9559384202314,15.487783
229572266862,Tim DeRuyter,Fresno State,2015,1,,11,2,9,0,3.1684997749259884,-1.1684997749259884,-174.93468803271662,5.963497
229572266862,Tim DeRuyter,Fresno State,2016,0,"two head coaches this season, and the feed does not say which games",,,,,,,,
1064971439950,Tim Kish,Arizona,2011,0,"two head coaches this season, and the feed does not say which games",,,,,,,,
725227310397,Tim Lappano,Georgia State,2016,0,"two head coaches this season, and the feed does not say which games",,,,,,,,
213912616635,Tim Lester,Western Michigan,2017,1,,11,5,6,0,7.72090351611402,-2.72090351611402,-195.73940006452335,11.484952
213912616635,Tim Lester,Western Michigan,2018,1,,12,6,6,0,7.076436259167069,-1.0764362591670693,-132.63366100734947,17.218705
213912616635,Tim Lester,Western Michigan,2019,1,,12,6,6,0,6.021161114260153,-0.021161114260152658,-4.600008758288823,16.585948
213912616635,Tim Lester,Western Michigan,2020,1,,6,4,2,0,3.993603215525425,0.006396784474575146,63.58007445998328,10.484257
213912616635,Tim Lester,Western Michigan,2021,1,,12,7,5,0,7.339720976213076,-0.3397209762130764,166.08654153832936,20.056979
213912616635,Tim Lester,Western Michigan,2022,1,,11,4,7,0,5.0832192104305935,-1.0832192104305935,-286.9796588971103,12.766582
159785008745,Tim Murphy,Cincinnati,1989,1,,10,1,8,1,1.9878968776201638,-0.48789687762016376,-76.38690658908081,4.589387
159785008745,Tim Murphy,Cincinnati,1990,1,,11,1,10,0,2.220243903189642,-1.2202439031896422,-147.2413103454212,3.128265
159785008745,Tim Murphy,Cincinnati,1991,1,,10,3,7,0,2.2601459189863924,0.7398540810136076,175.98514172846853,10.141455
159785008745,Tim Murphy,Cincinnati,1992,1,,11,3,8,0,3.634572817560033,-0.6345728175600329,-80.79300694150083,9.009276
159785008745,Tim Murphy,Cincinnati,1993,1,,10,7,3,0,4.525792666716342,2.4742073332836583,237.1579247741356,20.446391
230546602270,Tim Polasek,North Dakota State,2026,1,,4,4,0,0,2.612344037611749,1.387655962388251,75.03702735894194,
202948858803,Tim Rose,Miami (OH),1983,1,,10,3,7,0,4.9081984476805465,-1.9081984476805465,-143.82013642653033,
202948858803,Tim Rose,Miami (OH),1984,1,,11,4,7,0,4.482249082893919,-0.48224908289391877,2.406812900978366,
202948858803,Tim Rose,Miami (OH),1985,1,,11,8,2,1,6.5446391626617695,1.9553608373382305,179.39677139069158,21.623628
202948858803,Tim Rose,Miami (OH),1986,1,,12,8,4,0,9.044883109287284,-1.0448831092872837,-65.37042839605397,20.040023
202948858803,Tim Rose,Miami (OH),1987,1,,11,5,6,0,5.842148863517466,-0.8421488635174663,-83.95629716164149,13.654919
202948858803,Tim Rose,Miami (OH),1988,1,,11,0,10,1,3.5900310020200457,-3.0900310020200457,-354.67439604342894,1.195435
202948858803,Tim Rose,Miami (OH),1989,1,,11,2,8,1,2.5698744555657256,-0.06987445556572558,-63.315871577571215,7.667771
258325873175,Tim Skipper,Fresno State,2024,1,,12,5,7,0,5.781456580268768,-0.7814565802687676,-72.02011066279488,15.091288
258325873175,Tim Skipper,UCLA,2025,0,"two head coaches this season, and the feed does not say which games",,,,,,,,
951671406179,Timmy Chang,Hawai'i,2022,1,,12,2,10,0,4.286591214730912,-2.2865912147309118,-204.5542448322367,6.066375
951671406179,Timmy Chang,Hawai'i,2023,1,,12,4,8,0,3.9918498298157172,0.008150170184282768,37.64865646721614,13.135946
951671406179,Timmy Chang,Hawai'i,2024,1,,10,3,7,0,3.7365668993194423,-0.7365668993194423,-37.645367984459426,9.501538
951671406179,Timmy Chang,Hawai'i,2025,1,,12,8,4,0,5.932933407820739,2.067066592179261,92.21823464906333,23.803771
951671406179,Timmy Chang,Hawai'i,2026,1,,5,1,4,0,2.9196430647763902,-1.9196430647763902,-161.240902970869,2.499141
250532714938,Todd Berry,Army,2000,1,,11,1,10,0,2.889967683774544,-1.889967683774544,-181.97775124332793,3.414468
250532714938,Todd Berry,Army,2001,1,,11,3,8,0,3.0188150308324597,-0.018815030832459723,1.0423818558513176,9.383609
250532714938,Todd Berry,Army,2002,1,,11,1,10,0,2.603556990227818,-1.6035569902278182,-247.381935879563,3.81723
250532714938,Todd Berry,Army,2003,0,"two head coaches this season, and the feed does not say which games",,,,,,,,
250532714938,Todd Berry,ULM,2010,1,,11,4,7,0,4.829935190921574,-0.8299351909215744,-17.699056182974573,12.499455
250532714938,Todd Berry,ULM,2011,1,,11,3,8,0,4.495852886045715,-1.4958528860457152,-22.243495529115307,9.963319
250532714938,Todd Berry,ULM,2012,1,,13,8,5,0,6.644610377245466,1.355389622754534,17.58940621603756,21.475244
250532714938,Todd Berry,ULM,2013,1,,11,5,6,0,4.155339727982126,0.8446602720178742,-47.19040722922773,13.378404
250532714938,Todd Berry,ULM,2014,1,,12,4,8,0,5.476728880901756,-1.4767288809017556,-61.8315043239204,10.173023
250532714938,Todd Berry,ULM,2015,1,,12,1,11,0,3.9729946165833754,-2.9729946165833754,-198.83514750438349,2.751823
933264694680,Todd Dodge,North Texas,2007,1,,11,1,10,0,2.763907603050579,-1.763907603050579,-92.69357597605176,3.376932
933264694680,Todd Dodge,North Texas,2008,1,,12,1,11,0,2.7372308735960345,-1.7372308735960345,0.43282944740667517,0.0
933264694680,Todd Dodge,North Texas,2009,1,,12,2,10,0,5.286742845324591,-3.286742845324591,-54.79136261121016,7.158871
933264694680,Todd Dodge,North Texas,2010,0,"two head coaches this season, and the feed does not say which games",,,,,,,,
65862224384,Todd Fitch,Vanderbilt,2020,0,"two head coaches this season, and the feed does not say which games",,,,,,,,
514303348097,Todd Graham,Rice,2006,1,,13,7,6,0,4.265165706976001,2.734834293023999,214.09560857899828,22.541594
514303348097,Todd Graham,Tulsa,2007,1,,14,10,4,0,9.312546496693415,0.6874535033065854,152.75799829061066,25.638035
514303348097,Todd Graham,Tulsa,2008,1,,13,10,3,0,10.056326547399795,-0.056326547399795146,80.08191637346067,23.365704
514303348097,Todd Graham,Tulsa,2009,1,,11,4,7,0,6.8123877477354,-2.8123877477354,-205.66816342578522,9.601513
514303348097,Todd Graham,Tulsa,2010,1,,12,9,3,0,6.433663205458116,2.5663367945418836,161.45270632093093,24.878103
514303348097,Todd Graham,Pittsburgh,2011,1,,12,5,7,0,6.610159550070412,-1.6101595500704118,-79.9240928097995,13.608357
514303348097,Todd Graham,Arizona State,2012,1,,12,7,5,0,6.449230428539384,0.5507695714606156,214.98025495342927,18.997472
514303348097,Todd Graham,Arizona State,2013,1,,13,9,4,0,8.375581678178339,0.6244183218216612,53.346734232756035,23.546687
514303348097,Todd Graham,Arizona State,2014,1,,12,9,3,0,7.358084414031717,1.6419155859682828,8.166542891154677,24.828161
514303348097,Todd Graham,Arizona State,2015,1,,12,5,7,0,6.654008859979705,-1.6540088599797054,-42.139970430807125,14.243682
514303348097,Todd Graham,Arizona State,2016,1,,11,4,7,0,5.0206618598160855,-1.0206618598160855,-180.95246668315576,10.729878
514303348097,Todd Graham,Arizona State,2017,1,,13,7,6,0,5.418312503817538,1.5816874961824618,138.17430619393622,21.277099
514303348097,Todd Graham,Hawai'i,2020,1,,9,5,4,0,4.680700496396804,0.3192995036031956,-49.253291877304946,13.725498
514303348097,Todd Graham,Hawai'i,2021,1,,12,5,7,0,5.111576757514196,-0.11157675751419571,4.991083716706726,15.019044
485966849740,Todd Monken,Southern Miss,2013,1,,12,1,11,0,2.3503632020297207,-1.3503632020297207,-14.519069103650054,3.462223
485966849740,Todd Monken,Southern Miss,2014,1,,11,2,9,0,2.553799486611121,-0.5537994866111209,-39.08922915404105,3.317227
485966849740,Todd Monken,Southern Miss,2015,1,,13,8,5,0,5.8432808267570255,2.1567191732429745,278.0468522246797,19.887235
443714135011,Tom Allen,Indiana,2016,0,"two head coaches this season, and the feed does not say which games",,,,,,,,
443714135011,Tom Allen,Indiana,2017,1,,11,4,7,0,4.900682671227425,-0.9006826712274254,-21.286820281881546,11.445897
443714135011,Tom Allen,Indiana,2018,1,,12,5,7,0,6.446077161539581,-1.4460771615395807,-48.02929714168249,12.607913
443714135011,Tom Allen,Indiana,2019,1,,12,7,5,0,5.9622917116576275,1.0377082883423725,76.06428459231097,18.782328
443714135011,Tom Allen,Indiana,2020,1,,8,6,2,0,3.8015809541413055,2.1984190458586945,134.83303448517313,18.625293
443714135011,Tom Allen,Indiana,2021,1,,11,1,10,0,4.077448110015106,-3.077448110015106,-294.701330311128,2.784648
443714135011,Tom Allen,Indiana,2022,1,,11,3,8,0,2.506618904375282,0.4933810956247182,10.652889356906599,10.617408
443714135011,Tom Allen,Indiana,2023,1,,11,2,9,0,2.887215913383687,-0.8872159133836872,-31.9843387045305,7.228462
650893827141,Tom Amstutz,Toledo,2001,1,,12,10,2,0,9.638052104160375,0.3619478958396254,-10.337556239650894,24.562348
650893827141,Tom Amstutz,Toledo,2002,1,,13,8,5,0,8.152927360037236,-0.15292736003723562,-16.640893267770252,20.776273
650893827141,Tom Amstutz,Toledo,2003,1,,11,7,4,0,6.8496787099889795,0.15032129001102046,-35.16949457533974,18.935617
650893827141,Tom Amstutz,Toledo,2004,1,,13,9,4,0,7.4977732017891885,1.5022267982108115,62.74471317532266,24.711557
650893827141,Tom Amstutz,Toledo,2005,1,,11,8,3,0,7.852344446544406,0.14765555345559367,-11.377107227325723,19.947432
650893827141,Tom Amstutz,Toledo,2006,1,,11,4,7,0,6.305613814857267,-2.305613814857267,-145.3490053468704,12.878225
650893827141,Tom Amstutz,Toledo,2007,1,,11,4,7,0,4.490233079122991,-0.49023307912299074,-148.16923947330065,11.669921
650893827141,Tom Amstutz,Toledo,2008,1,,12,3,9,0,3.7410683616378595,-0.7410683616378595,-132.2663608831449,10.973774
1076499004847,Tom Arth,Akron,2019,1,,12,0,12,0,2.468165582859707,-2.468165582859707,-250.68959172438736,0.0
1076499004847,Tom Arth,Akron,2020,1,,6,1,5,0,0.8347664695481501,0.16523353045184985,13.238052404135033,3.267119
1076499004847,Tom Arth,Akron,2021,0,"two head coaches this season, and the feed does not say which games",,,,,,,,
272927282534,Tom Coughlin,Boston College,1991,1,,11,4,7,0,3.3046327433484923,0.6953672566515077,149.62557037330384,12.413945
272927282534,Tom Coughlin,Boston College,1992,1,,12,8,3,1,7.563304964107737,0.9366950358922628,52.52969000804387,21.204898
272927282534,Tom Coughlin,Boston College,1993,1,,12,9,3,0,7.131381314022495,1.8686186859775047,205.63233731909963,24.918497
1043484735442,Tom Craft,San Diego State,2002,1,,13,4,9,0,3.7382306581099094,0.2617693418900906,37.85943130669125,13.041235
1043484735442,Tom Craft,San Diego State,2003,1,,10,4,6,0,3.6643633830760782,0.33563661692392177,54.13156122187456,11.954219
1043484735442,Tom Craft,San Diego State,2004,1,,10,3,7,0,3.97668783510555,-0.9766878351055501,-41.754103551777916,8.612703
1043484735442,Tom Craft,San Diego State,2005,1,,12,5,7,0,4.9050615259526325,0.09493847404736755,-25.742532326558376,15.733593
746246569621,Tom Hayes,Kansas,2001,0,"two head coaches this season, and the feed does not say which games",,,,,,,,
276191074273,Tom Herman,Houston,2015,1,,13,12,1,0,8.203757835720479,3.796242164279521,184.7102903590726,33.184138
276191074273,Tom Herman,Houston,2016,0,"two head coaches this season, and the feed does not say which games",,,,,,,,
276191074273,Tom Herman,Texas,2017,1,,13,7,6,0,6.466938409384791,0.5330615906152092,100.32695638723021,21.756541
276191074273,Tom Herman,Texas,2018,1,,14,10,4,0,7.871488337572344,2.1285116624276563,133.10365494682515,29.081886
276191074273,Tom Herman,Texas,2019,1,,13,8,5,0,7.7805117624026225,0.21948823759737746,11.076560404723523,20.760126
276191074273,Tom Herman,Texas,2020,1,,10,7,3,0,5.940902650429939,1.0590973495700613,-17.462084695944895,19.782128
276191074273,Tom Herman,FAU,2023,1,,11,3,8,0,3.922533152156083,-0.9225331521560829,-20.499880322139006,9.633989
276191074273,Tom Herman,FAU,2024,0,"two head coaches this season, and the feed does not say which games",,,,,,,,
237174150575,Tom Holmoe,California,1997,1,,11,3,8,0,3.7763439353224,-0.7763439353224002,-6.153864244690112,8.721227
237174150575,Tom Holmoe,California,1998,1,,11,5,6,0,3.7267977805058186,1.2732022194941814,-5.158672410477038,15.738104
237174150575,Tom Holmoe,California,1999,1,,11,4,7,0,4.001954817921725,-0.001954817921724583,5.022430262028365,12.614324
237174150575,Tom Holmoe,California,2000,1,,11,3,8,0,3.5191398707932438,-0.5191398707932438,-22.689030835146013,9.966854
237174150575,Tom Holmoe,California,2001,1,,11,1,10,0,2.417786156996613,-1.417786156996613,-173.8598558929175,2.961286
963979038611,Tom Lichtenberg,Ohio,1990,1,,9,0,8,1,2.3000570403013416,-1.8000570403013416,-205.62212408387632,1.017653
963979038611,Tom Lichtenberg,Ohio,1991,1,,10,1,8,1,1.7000187742909767,-0.2000187742909767,-39.44508501314226,4.607475
963979038611,Tom Lichtenberg,Ohio,1992,1,,10,1,9,0,2.3144783248402483,-1.3144783248402483,-80.52213396229149,3.155346
963979038611,Tom Lichtenberg,Ohio,1993,1,,11,4,7,0,2.3319622918624474,1.6680377081375526,83.23728340295565,13.032135
963979038611,Tom Lichtenberg,Ohio,1994,1,,11,0,11,0,3.0898490504670795,-3.0898490504670795,-323.83440051287187,0.0
236338536441,Tom Mason,Boise State,1996,0,"two head coaches this season, and the feed does not say which games",,,,,,,,
974412636760,Tom O'Brien,Boston College,1997,1,,11,4,7,0,3.952411400605079,0.047588599394920994,-55.00966824105694,12.076945
974412636760,Tom O'Brien,Boston College,1998,1,,11,4,7,0,4.277982235188805,-0.27798223518880505,-9.501376500391416,11.294131
974412636760,Tom O'Brien,Boston College,1999,1,,11,7,4,0,4.8176175544005275,2.1823824455994725,70.62076770894373,21.323409
974412636760,Tom O'Brien,Boston College,2000,1,,12,7,5,0,6.066727932642751,0.9332720673572492,124.25615657479284,16.296158
974412636760,Tom O'Brien,Boston College,2001,1,,12,8,4,0,6.878525069013862,1.121474930986138,90.66288373716407,20.858197
974412636760,Tom O'Brien,Boston College,2002,1,,13,9,4,0,8.074401019152019,0.9255989808479814,94.60966228613142,23.964422
974412636760,Tom O'Brien,Boston College,2003,1,,13,8,5,0,8.098128397269956,-0.09812839726995648,17.153740096437105,21.873813
974412636760,Tom O'Brien,Boston College,2004,1,,11,8,3,0,7.239689299578735,0.7603107004212646,-82.94233929616962,22.52981
974412636760,Tom O'Brien,Boston College,2005,1,,12,9,3,0,6.994146322335178,2.005853677664822,162.024412066477,24.428323
974412636760,Tom O'Brien,Boston College,2006,1,,12,9,3,0,8.559564245202216,0.4404357547977842,38.47061059259022,22.670874
974412636760,Tom O'Brien,NC State,2007,1,,11,4,7,0,3.650196124654863,0.3498038753451369,41.611384245742784,13.012163
974412636760,Tom O'Brien,NC State,2008,1,,12,5,7,0,3.885677633770221,1.114322366229779,-0.5117683001685691,16.08927
974412636760,Tom O'Brien,NC State,2009,1,,10,3,7,0,3.6367622153134267,-0.6367622153134267,-87.77428833046747,9.912578
974412636760,Tom O'Brien,NC State,2010,1,,12,8,4,0,5.4046865433911675,2.5953134566088325,193.5564644202925,26.530259
974412636760,Tom O'Brien,NC State,2011,1,,11,6,5,0,5.495865533562231,0.5041344664377689,-28.253767361770542,17.670651
974412636760,Tom O'Brien,NC State,2012,1,,12,6,6,0,5.974571013038915,0.025428986961085087,-30.738434388573978,14.552967
438451287818,Tom Osborne,Nebraska,1980,1,,12,10,2,0,8.350407927374878,1.649592072625122,294.66296751645064,0.0
438451287818,Tom Osborne,Nebraska,1981,1,,12,9,3,0,8.819705881247655,0.1802941187523448,97.24015337813103,0.0
438451287818,Tom Osborne,Nebraska,1982,1,,13,12,1,0,10.545033176191406,1.4549668238085935,155.80245362768846,0.0
438451287818,Tom Osborne,Nebraska,1983,1,,13,12,1,0,11.373313824839189,0.6266861751608115,135.57376701216162,0.0
438451287818,Tom Osborne,Nebraska,1984,1,,12,10,2,0,10.353586648064411,-0.353586648064411,-25.854702225707115,0.0
438451287818,Tom Osborne,Nebraska,1985,1,,12,9,3,0,9.404979310208349,-0.40497931020834876,-7.223347510096573,20.065767
438451287818,Tom Osborne,Nebraska,1986,1,,12,10,2,0,9.294504046000217,0.7054959539997832,106.83291042233031,23.312984
438451287818,Tom Osborne,Nebraska,1987,1,,12,10,2,0,9.163376881792852,0.8366231182071484,108.65069342865627,23.295291
438451287818,Tom Osborne,Nebraska,1988,1,,13,11,2,0,9.82720427070751,1.1727957292924902,98.54394708699806,25.804018
438451287818,Tom Osborne,Nebraska,1989,1,,12,10,2,0,10.001722388060738,-0.0017223880607382114,14.472955596645079,21.850783
438451287818,Tom Osborne,Nebraska,1990,1,,12,9,3,0,9.631476193685454,-0.6314761936854545,-89.72548495428282,19.790399
438451287818,Tom Osborne,Nebraska,1991,1,,12,9,2,1,8.101128044220964,1.3988719557790361,145.11606121955992,22.962667
438451287818,Tom Osborne,Nebraska,1992,1,,11,8,3,0,7.73752498918877,0.26247501081123037,58.850110752275214,19.39642
438451287818,Tom Osborne,Nebraska,1993,1,,11,10,1,0,8.44558719873495,1.55441280126505,130.2576440259238,23.861432
438451287818,Tom Osborne,Nebraska,1994,1,,12,12,0,0,9.685708395284074,2.314291604715926,246.5461975929245,29.047121
438451287818,Tom Osborne,Nebraska,1995,1,,11,11,0,0,9.441995434388035,1.5580045656119648,199.05930197442558,25.444164
438451287818,Tom Osborne,Nebraska,1996,1,,13,11,2,0,10.86672533173298,0.1332746682670205,0.21171074288508862,25.421679
438451287818,Tom Osborne,Nebraska,1997,1,,13,13,0,0,11.234353749549896,1.7656462504501036,189.71887128449316,29.542015
360115564897,Tom Reed,Miami (OH),1980,1,,11,5,6,0,5.954152309123573,-0.9541523091235726,-17.265943607873396,
360115564897,Tom Reed,Miami (OH),1981,1,,10,7,2,1,5.806191065158204,1.6938089348417957,116.55506815827061,
360115564897,Tom Reed,Miami (OH),1982,1,,9,6,3,0,6.178213245036759,-0.17821324503675928,-33.64446486020233,
360115564897,Tom Reed,NC State,1983,1,,9,1,8,0,3.206141167543414,-2.206141167543414,-180.52402802418942,
360115564897,Tom Reed,NC State,1984,1,,10,3,7,0,3.8220663903036387,-0.8220663903036387,-40.01365959109967,
360115564897,Tom Reed,NC State,1985,1,,10,3,7,0,2.5936741684706757,0.40632583152932433,-72.06673316607703,10.696707
298501734969,Tom Rossley,SMU,1991,1,,11,1,10,0,2.0897608970574812,-1.0897608970574812,-85.41523389837357,3.462162
298501734969,Tom Rossley,SMU,1992,1,,10,4,6,0,2.631707854855452,1.3682921451445482,175.94898443492457,13.744404
298501734969,Tom Rossley,SMU,1993,1,,11,2,7,2,4.000498039259972,-1.0004980392599716,-69.89960660663314,8.550483
298501734969,Tom Rossley,SMU,1994,1,,11,1,9,1,2.607098465022268,-1.107098465022268,-153.77572082301617,4.987584
298501734969,Tom Rossley,SMU,1995,1,,11,1,10,0,2.2093106183856968,-1.2093106183856968,-187.6586849957555,3.316746
298501734969,Tom Rossley,SMU,1996,1,,11,5,6,0,3.5007953268091785,1.4992046731908215,232.004627691221,15.915037
592305669156,Tom Wilson,Texas A&M,1980,1,,11,4,7,0,4.320781491264385,-0.32078149126438493,-66.13010835456043,
592305669156,Tom Wilson,Texas A&M,1981,1,,12,7,5,0,5.51456784670416,1.4854321532958403,141.07708178688813,0.0
913849363027,Tommy Bowden,Tulane,1997,1,,11,7,4,0,5.377373595265942,1.6226264047340582,241.82389570814962,20.231076
913849363027,Tommy Bowden,Tulane,1998,1,,12,12,0,0,9.481956228567288,2.518043771432712,265.9857393636785,30.157131
913849363027,Tommy Bowden,Clemson,1999,1,,12,6,6,0,5.130464534898124,0.8695354651018761,175.05442079614795,17.528626
913849363027,Tommy Bowden,Clemson,2000,1,,11,8,3,0,7.219355952274891,0.7806440477251089,107.83520320052571,20.20663
913849363027,Tommy Bowden,Clemson,2001,1,,11,6,5,0,6.296320315432545,-0.29632031543254467,-46.10352668294422,16.228801
913849363027,Tommy Bowden,Clemson,2002,1,,13,7,6,0,7.072029282349305,-0.07202928234930539,-40.524709623774925,18.582932
913849363027,Tommy Bowden,Clemson,2003,1,,12,8,4,0,5.984541554930139,2.0154584450698607,178.9820162181279,23.097039
913849363027,Tommy Bowden,Clemson,2004,1,,11,6,5,0,5.915365209349919,0.08463479065008084,-91.54128020829899,17.361044
913849363027,Tommy Bowden,Clemson,2005,1,,12,8,4,0,6.869708302959023,1.1302916970409767,150.225708894347,24.363093
913849363027,Tommy Bowden,Clemson,2006,1,,13,8,5,0,9.050442425365535,-1.0504424253655351,-96.90343315473683,20.656459
913849363027,Tommy Bowden,Clemson,2007,1,,12,8,4,0,7.234116371275625,0.7658836287243753,96.09749896937706,22.09858
913849363027,Tommy Bowden,Clemson,2008,0,"two head coaches this season, and the feed does not say which games",,,,,,,,
946641617546,Tommy Tuberville,Ole Miss,1995,1,,10,5,5,0,4.251347895948945,0.7486521040510548,47.5051299581869,13.944032
946641617546,Tommy Tuberville,Ole Miss,1996,1,,9,3,6,0,3.8181078675647595,-0.8181078675647595,-128.74415746973295,8.619028
946641617546,Tommy Tuberville,Ole Miss,1997,1,,12,8,4,0,5.033547479216719,2.966452520783281,240.91806077709293,20.915242
946641617546,Tommy Tuberville,Ole Miss,1998,0,"two head coaches this season, and the feed does not say which games",,,,,,,,
946641617546,Tommy Tuberville,Auburn,1999,1,,10,4,6,0,3.7963737953508794,0.20362620464912062,93.92537777752659,12.043807
946641617546,Tommy Tuberville,Auburn,2000,1,,13,9,4,0,7.717501923251516,1.2824980767484844,85.93950290491625,23.366985
946641617546,Tommy Tuberville,Auburn,2001,1,,12,7,5,0,6.886394369338443,0.11360563066155738,-129.87321697130483,19.306927
946641617546,Tommy Tuberville,Auburn,2002,1,,12,8,4,0,5.634353582063529,2.365646417936471,291.0276252045692,24.484891
946641617546,Tommy Tuberville,Auburn,2003,1,,12,7,5,0,7.657697800017336,-0.6576978000173357,26.787999676402706,17.971537
946641617546,Tommy Tuberville,Auburn,2004,1,,12,12,0,0,8.739505259899733,3.260494740100267,218.9460464271142,30.902439
946641617546,Tommy Tuberville,Auburn,2005,1,,11,8,3,0,8.573881274113665,-0.5738812741136652,-104.21130231417078,19.670264
946641617546,Tommy Tuberville,Auburn,2006,1,,13,11,2,0,9.200146719474171,1.799853280525829,-27.649788738869802,27.977463
946641617546,Tommy Tuberville,Auburn,2007,1,,12,8,4,0,7.579914823681118,0.4200851763188824,101.92084306417019,21.721333
946641617546,Tommy Tuberville,Auburn,2008,1,,11,4,7,0,5.976186918601679,-1.9761869186016794,-205.93629993577974,9.687781
946641617546,Tommy Tuberville,Texas Tech,2010,1,,12,7,5,0,7.539279533509676,-0.5392795335096761,-63.05386104987838,17.85603
946641617546,Tommy Tuberville,Texas Tech,2011,1,,11,4,7,0,5.549619802516014,-1.5496198025160144,-64.48703860462729,11.295255
946641617546,Tommy Tuberville,Texas Tech,2012,1,,12,7,5,0,6.574113961857014,0.42588603814298587,158.87197411196507,17.179025
946641617546,Tommy Tuberville,Cincinnati,2013,1,,12,8,4,0,8.227099262798198,-0.22709926279819825,-2.3688263199555877,21.011088
946641617546,Tommy Tuberville,Cincinnati,2014,1,,13,9,4,0,7.895069643695529,1.1049303563044708,2.665394317268465,23.450087
946641617546,Tommy Tuberville,Cincinnati,2015,1,,12,6,6,0,6.900735845496861,-0.900735845496861,-31.089476886061902,15.49321
946641617546,Tommy Tuberville,Cincinnati,2016,1,,11,3,8,0,5.233947654706982,-2.2339476547069816,-156.45063622039288,8.613443
581674941461,Tommy West,Clemson,1993,0,"two head coaches this season, and the feed does not say which games",,,,,,,,
581674941461,Tommy West,Clemson,1994,1,,10,4,6,0,4.948067450055616,-0.9480674500556159,-108.92090283341986,10.794621
581674941461,Tommy West,Clemson,1995,1,,11,7,4,0,5.941708730074424,1.0582912699255758,137.49959673227727,19.376075
581674941461,Tommy West,Clemson,1996,1,,11,6,5,0,5.970867528505146,0.02913247149485443,-12.481953927657969,16.622743
581674941461,Tommy West,Clemson,1997,1,,11,6,5,0,6.012004631538377,-0.012004631538377275,45.92923288467182,16.211558
581674941461,Tommy West,Clemson,1998,1,,10,2,8,0,4.071506224270599,-2.071506224270599,-189.8791365751872,5.289812
581674941461,Tommy West,Memphis,2001,1,,10,4,6,0,4.204665488113683,-0.20466548811368312,10.003382570201893,11.4236
581674941461,Tommy West,Memphis,2002,1,,11,2,9,0,4.036271203353809,-2.0362712033538086,-179.18725769543926,5.599118
581674941461,Tommy West,Memphis,2003,1,,12,8,4,0,5.752175062596902,2.247824937403098,283.04895045474996,24.447477
581674941461,Tommy West,Memphis,2004,1,,11,7,4,0,6.63225208843839,0.3677479115616098,-24.97643360382085,19.332674
581674941461,Tommy West,Memphis,2005,1,,11,6,5,0,5.8913540131481685,0.10864598685183147,-34.54466486530441,18.448208
581674941461,Tommy West,Memphis,2006,1,,11,1,10,0,4.1331529435606065,-3.1331529435606065,-198.24398636468527,4.316582
581674941461,Tommy West,Memphis,2007,1,,12,6,6,0,4.740341075853728,1.2596589241462723,-26.558518359228174,18.7361
581674941461,Tommy West,Memphis,2008,1,,12,5,7,0,5.693157747004026,-0.693157747004026,40.698486375914854,13.867504
581674941461,Tommy West,Memphis,2009,1,,11,1,10,0,3.6928084792555698,-2.6928084792555698,-133.2831433643296,4.164121
198289248251,Tony Elliott,Virginia,2022,1,,9,2,7,0,4.226651276368025,-2.226651276368025,-173.7956655400253,6.536774
198289248251,Tony Elliott,Virginia,2023,1,,11,2,9,0,3.1582269169506816,-1.1582269169506816,-39.39600881076535,8.040046
198289248251,Tony Elliott,Virginia,2024,1,,11,4,7,0,3.788817634240592,0.21118236575940807,66.72163540941574,13.383374
198289248251,Tony Elliott,Virginia,2025,1,,13,10,3,0,7.314411935023069,2.6855880649769306,168.39315572164605,29.942772
198289248251,Tony Elliott,Virginia,2026,1,,4,2,2,0,2.8205609604164423,-0.8205609604164423,-86.67927833376234,5.18952
1021351443423,Tony Gibson,Marshall,2025,1,,11,4,7,0,6.728314597733779,-2.728314597733779,-103.6629961456565,11.590742
1021351443423,Tony Gibson,Marshall,2026,1,,4,2,2,0,1.5846738715820992,0.41532612841790084,-16.733969243180127,5.355853
1043524307859,Tony Knap,UNLV,1980,1,,10,6,4,0,6.035534543783814,-0.03553454378381371,40.65640168512891,
1043524307859,Tony Knap,UNLV,1981,1,,10,5,5,0,5.231352271605272,-0.23135227160527183,-155.86247913996817,
798501323289,Tony Levine,Houston,2012,1,,12,5,7,0,7.610521255163353,-2.610521255163353,-256.8680622752365,11.874807
798501323289,Tony Levine,Houston,2013,1,,12,7,5,0,5.0192144083066035,1.9807855916933965,50.40315162108095,20.490663
798501323289,Tony Levine,Houston,2014,0,"two head coaches this season, and the feed does not say which games",,,,,,,,
37613476545,Tony Samuel,New Mexico State,1997,1,,9,1,8,0,2.261193172079646,-1.261193172079646,-133.96260480026854,3.185396
37613476545,Tony Samuel,New Mexico State,1998,1,,11,3,8,0,2.776713555603494,0.22328644439650613,-1.7946694206414122,10.626979
37613476545,Tony Samuel,New Mexico State,1999,1,,10,5,5,0,3.943726576666679,1.0562734233333209,162.64168194162244,16.033037
37613476545,Tony Samuel,New Mexico State,2000,1,,11,3,8,0,5.241655438057336,-2.241655438057336,-173.31669420953176,8.686894
37613476545,Tony Samuel,New Mexico State,2001,1,,12,5,7,0,4.765661080107093,0.2343389198929069,63.81448615236786,13.893281
37613476545,Tony Samuel,New Mexico State,2002,1,,12,7,5,0,6.6496486622911695,0.35035133770883053,21.358019586165256,18.484958
37613476545,Tony Samuel,New Mexico State,2003,1,,11,2,9,0,4.3859483615635355,-2.3859483615635355,-160.4906225790819,6.165813
37613476545,Tony Samuel,New Mexico State,2004,1,,10,4,6,0,3.4374771568177427,0.5625228431822573,28.172502584891845,9.783009
956443432525,Tony Sanchez,UNLV,2015,1,,11,2,9,0,2.716913639616033,-0.7169136396160329,-31.97740032331012,7.52689
956443432525,Tony Sanchez,UNLV,2016,1,,11,3,8,0,3.8018334009108723,-0.8018334009108723,-43.62719786192952,10.754773
956443432525,Tony Sanchez,UNLV,2017,1,,11,5,6,0,4.453317332371244,0.5466826676287564,-1.4769453967378467,15.691683
956443432525,Tony Sanchez,UNLV,2018,1,,11,3,8,0,3.192683438716742,-0.1926834387167422,49.40989503044648,9.876535
956443432525,Tony Sanchez,UNLV,2019,1,,11,3,8,0,3.5616468398450376,-0.5616468398450376,-81.49163312266455,9.799257
956443432525,Tony Sanchez,New Mexico State,2024,1,,11,2,9,0,4.41244753245228,-2.41244753245228,-197.23781045021997,6.117908
956443432525,Tony Sanchez,New Mexico State,2025,1,,11,3,8,0,4.093248099817939,-1.0932480998179388,-83.29243840802906,9.716431
956443432525,Tony Sanchez,New Mexico State,2026,1,,4,1,3,0,1.0760756314533388,-0.07607563145333884,14.373640666641904,3.32219
763792029139,Tosh Lupoi,California,2026,1,,4,1,3,0,1.662822287686539,-0.6628222876865391,-78.25984037708236,3.148839
698659559674,Tracy Claeys,Minnesota,2015,0,"two head coaches this season, and the feed does not say which games",,,,,,,,
698659559674,Tracy Claeys,Minnesota,2016,1,,12,8,4,0,6.728413980796267,1.271586019203733,115.2872174733352,22.495476
570445269154,Tre Lamb,Tulsa,2025,1,,11,3,8,0,2.7676585212656706,0.23234147873432942,180.62077340013502,11.697735
570445269154,Tre Lamb,Tulsa,2026,1,,4,2,2,0,1.9867929442444383,0.013207055755561692,-9.404405357382984,6.318751
455309912028,Trent Bray,Oregon State,2024,1,,11,4,7,0,5.652586780723149,-1.6525867807231487,-294.8896841264643,10.747198
455309912028,Trent Bray,Oregon State,2025,0,"two head coaches this season, and the feed does not say which games",,,,,,,,
600977954280,Trent Dilfer,UAB,2023,1,,11,3,8,0,4.994277601561915,-1.9942776015619152,-158.1855066146686,8.34784
600977954280,Trent Dilfer,UAB,2024,1,,11,2,9,0,4.118466055462506,-2.1184660554625063,-27.937635193078904,5.915726
600977954280,Trent Dilfer,UAB,2025,0,"two head coaches this season, and the feed does not say which games",,,,,,,,
310455161257,Trent Miles,Georgia State,2013,1,,9,0,9,0,3.1882052396997675,-3.1882052396997675,-274.8463401867198,
310455161257,Trent Miles,Georgia State,2014,1,,11,0,11,0,2.57419210765058,-2.57419210765058,-189.0494130905497,0.0
310455161257,Trent Miles,Georgia State,2015,1,,12,6,6,0,3.737202608876397,2.262797391123603,184.69654378938367,19.502928
310455161257,Trent Miles,Georgia State,2016,0,"two head coaches this season, and the feed does not say which games",,,,,,,,
199853148005,Trooper Taylor,Duke,2023,0,"two head coaches this season, and the feed does not say which games",,,,,,,,
792470435034,Troy Calhoun,Air Force,2007,1,,12,8,4,0,5.965158282849562,2.034841717150438,183.8657720600595,23.281401
792470435034,Troy Calhoun,Air Force,2008,1,,12,7,5,0,6.471473069601424,0.5285269303985762,-44.53735921013276,18.835395
792470435034,Troy Calhoun,Air Force,2009,1,,12,7,5,0,5.89122617333335,1.10877382666665,85.23120668234856,20.972056
792470435034,Troy Calhoun,Air Force,2010,1,,12,8,4,0,6.9968151911731935,1.0031848088268065,48.500167604375974,20.811794
792470435034,Troy Calhoun,Air Force,2011,1,,11,5,6,0,6.208783942919103,-1.2087839429191032,-125.99020919327131,12.385404
792470435034,Troy Calhoun,Air Force,2012,1,,12,5,7,0,6.252016951076749,-1.2520169510767492,-62.437809088901076,15.248609
792470435034,Troy Calhoun,Air Force,2013,1,,11,1,10,0,3.374645443881236,-2.374645443881236,-219.4633902831854,3.019797
792470435034,Troy Calhoun,Air Force,2014,1,,12,9,3,0,5.55702124273825,3.4429787572617503,352.9882777058888,26.685782
792470435034,Troy Calhoun,Air Force,2015,1,,13,7,6,0,8.388666519844222,-1.3886665198442216,-23.387459261246477,17.591729
792470435034,Troy Calhoun,Air Force,2016,1,,12,9,3,0,8.31255134152367,0.6874486584763293,131.49627218651062,25.247582
792470435034,Troy Calhoun,Air Force,2017,1,,11,4,7,0,6.091572231915819,-2.091572231915819,-140.63206441919692,10.737565
792470435034,Troy Calhoun,Air Force,2018,1,,11,4,7,0,5.489932846605072,-1.4899328466050719,-13.98401202360219,10.606992
792470435034,Troy Calhoun,Air Force,2019,1,,12,10,2,0,7.741247048775157,2.258752951224843,251.24508001550385,26.497542
792470435034,Troy Calhoun,Air Force,2020,1,,6,3,3,0,4.446718453919602,-1.446718453919602,-99.13313154571983,7.00583
792470435034,Troy Calhoun,Air Force,2021,1,,12,9,3,0,8.195311164707814,0.8046888352921862,89.99998468837384,24.834479
792470435034,Troy Calhoun,Air Force,2022,1,,12,9,3,0,8.759053019904968,0.2409469800950319,50.25856153879931,22.36896
792470435034,Troy Calhoun,Air Force,2023,1,,12,8,4,0,8.599345114639943,-0.5993451146399433,-74.05430198183672,17.467088
792470435034,Troy Calhoun,Air Force,2024,1,,11,4,7,0,5.242063139526083,-1.242063139526083,-68.03110357237802,11.509277
792470435034,Troy Calhoun,Air Force,2025,1,,11,3,8,0,4.727427474909565,-1.7274274749095646,-94.51070959546587,8.64836
792470435034,Troy Calhoun,Air Force,2026,1,,3,2,1,0,1.2812927602571613,0.7187072397428387,68.84969450203994,6.201822
949594947348,Troy Taylor,Stanford,2023,1,,11,3,8,0,2.6886344340429966,0.3113655659570034,-97.75498375064717,9.938747
949594947348,Troy Taylor,Stanford,2024,1,,11,2,9,0,2.319781441377472,-0.3197814413774722,-3.2555780323602903,7.342152
624587103222,Turner Gill,Buffalo,2006,1,,12,2,10,0,2.7332261368226947,-0.7332261368226947,-116.15849429950026,7.494088
624587103222,Turner Gill,Buffalo,2007,1,,12,5,7,0,4.442209722279989,0.5577902777200112,100.67003004919616,15.589455
624587103222,Turner Gill,Buffalo,2008,1,,14,8,6,0,5.940671897544272,2.059328102455728,-10.985605120598848,25.16934
624587103222,Turner Gill,Buffalo,2009,1,,11,4,7,0,4.47697145704358,-0.4769714570435797,-15.337169358142546,13.102559
624587103222,Turner Gill,Kansas,2010,1,,11,3,8,0,4.234363774066263,-1.2343637740662627,-257.48562009006946,8.32146
624587103222,Turner Gill,Kansas,2011,1,,11,1,10,0,1.660057557319774,-0.660057557319774,-60.131131735393865,4.565429
624587103222,Turner Gill,Liberty,2018,1,,10,4,6,0,4.776537324843436,-0.776537324843436,-157.40309673378215,
695598261569,Tyrone Willingham,Stanford,1995,1,,12,7,4,1,6.463945921891094,1.036054078108906,83.3444190768746,20.786218
695598261569,Tyrone Willingham,Stanford,1996,1,,12,7,5,0,5.189813921711186,1.8101860782888144,118.10359763756696,21.25286
695598261569,Tyrone Willingham,Stanford,1997,1,,11,5,6,0,5.975913866765731,-0.9759138667657314,-139.96795793197316,12.886742
695598261569,Tyrone Willingham,Stanford,1998,1,,11,3,8,0,3.0549627634214565,-0.05496276342145645,-45.78627303820781,10.066937
695598261569,Tyrone Willingham,Stanford,1999,1,,12,8,4,0,6.241317255600363,1.7586827443996373,232.99125023270472,23.581355
695598261569,Tyrone Willingham,Stanford,2000,1,,11,5,6,0,5.269789829218692,-0.2697898292186922,-100.4134499016941,14.739504
695598261569,Tyrone Willingham,Stanford,2001,1,,12,9,3,0,7.465393599333812,1.5346064006661884,147.48934437994535,24.640771
695598261569,Tyrone Willingham,Notre Dame,2002,1,,13,10,3,0,8.532269151066643,1.467730848933357,144.02559968388982,26.755182
695598261569,Tyrone Willingham,Notre Dame,2003,1,,12,5,7,0,5.905524251555356,-0.9055242515553559,-125.2830937077133,13.925736
695598261569,Tyrone Willingham,Notre Dame,2004,1,,12,6,6,0,5.616050992656208,0.38394900734379167,49.130295415418686,18.481438
695598261569,Tyrone Willingham,Washington,2005,1,,11,2,9,0,3.0391351969975355,-1.0391351969975355,-22.44715901048744,5.881386
695598261569,Tyrone Willingham,Washington,2006,1,,12,5,7,0,4.1048970632922055,0.8951029367077945,-87.9523281988811,17.75551
695598261569,Tyrone Willingham,Washington,2007,1,,13,4,9,0,3.699297882723272,0.30070211727672813,127.40572229721465,13.490099
695598261569,Tyrone Willingham,Washington,2008,1,,12,0,12,0,2.980073337380432,-2.980073337380432,-275.84156083514904,1.0
230257768426,Tyson Helton,Western Kentucky,2019,1,,12,9,3,0,6.678595547700155,2.321404452299845,266.3633272463735,25.960569
230257768426,Tyson Helton,Western Kentucky,2020,1,,11,4,7,0,5.762024432966658,-1.7620244329666583,-90.1632387804159,10.505898
230257768426,Tyson Helton,Western Kentucky,2021,1,,13,8,5,0,7.339554520098664,0.6604454799013357,150.48053072315906,21.31445
230257768426,Tyson Helton,Western Kentucky,2022,1,,13,8,5,0,8.26912775223079,-0.26912775223079066,-78.21956337361144,22.400432
230257768426,Tyson Helton,Western Kentucky,2023,1,,12,7,5,0,6.696037801643203,0.30396219835679705,-81.17390624828613,15.4849
230257768426,Tyson Helton,Western Kentucky,2024,1,,13,7,6,0,6.483704484087945,0.5162955159120548,-58.62178609374905,16.748337
230257768426,Tyson Helton,Western Kentucky,2025,1,,12,8,4,0,6.928301776563302,1.071698223436698,69.49441011324143,15.517048
230257768426,Tyson Helton,Western Kentucky,2026,1,,4,0,4,0,1.3775230330008799,-1.3775230330008799,-125.90469175216958,0.0
354884256104,Tyson Summers,Georgia Southern,2016,1,,11,4,7,0,5.802031552935197,-1.8020315529351967,-155.87770640085205,11.045048
354884256104,Tyson Summers,Georgia Southern,2017,0,"two head coaches this season, and the feed does not say which games",,,,,,,,
354884256104,Tyson Summers,Colorado State,2025,0,"two head coaches this season, and the feed does not say which games",,,,,,,,
439627975518,Urban Meyer,Bowling Green,2001,1,,11,8,3,0,5.383366494297922,2.6166335057020778,289.03824393352056,23.280279
439627975518,Urban Meyer,Bowling Green,2002,1,,11,8,3,0,8.259763503722436,-0.25976350372243573,-33.02990345198805,18.956833
439627975518,Urban Meyer,Utah,2003,1,,12,10,2,0,7.193892897549881,2.8061071024501194,189.1343122993021,28.224885
439627975518,Urban Meyer,Utah,2004,0,"two head coaches this season, and the feed does not say which games",,,,,,,,
439627975518,Urban Meyer,Florida,2005,1,,12,9,3,0,6.924138062046639,2.075861937953361,94.26894101323819,24.087096
439627975518,Urban Meyer,Florida,2006,1,,13,12,1,0,8.452999860237224,3.547000139762776,245.46212906645246,31.879768
439627975518,Urban Meyer,Florida,2007,1,,12,8,4,0,9.03841472269409,-1.0384147226940907,-78.57409740369371,18.686211
439627975518,Urban Meyer,Florida,2008,1,,13,12,1,0,8.877285441997849,3.1227145580021514,245.3184140540136,31.45479
439627975518,Urban Meyer,Florida,2009,1,,13,12,1,0,10.654297122476908,1.3457028775230917,102.51916286948949,26.963427
439627975518,Urban Meyer,Florida,2010,1,,12,7,5,0,8.66447480940262,-1.6644748094026198,-231.1851245934265,16.077322
439627975518,Urban Meyer,Ohio State,2012,1,,12,12,0,0,7.984706924830459,4.015293075169541,312.3383907082059,31.162348
439627975518,Urban Meyer,Ohio State,2013,1,,13,11,2,0,10.333633022626953,0.6663669773730465,39.33679063411887,25.127264
439627975518,Urban Meyer,Ohio State,2014,1,,15,14,1,0,10.822954258328677,3.177045741671323,283.17491997135085,35.413254
439627975518,Urban Meyer,Ohio State,2015,1,,13,12,1,0,11.157791341664545,0.8422086583354549,17.411456418393755,26.737478
439627975518,Urban Meyer,Ohio State,2016,1,,13,11,2,0,10.37179841116719,0.6282015888328107,26.575858430959215,25.405643
439627975518,Urban Meyer,Ohio State,2017,1,,14,12,2,0,10.794082157784516,1.2059178422154844,115.99965184742996,28.216018
439627975518,Urban Meyer,Ohio State,2018,0,"two head coaches this season, and the feed does not say which games",,,,,,,,
244828791179,Vai Taua,Nevada,2021,0,"two head coaches this season, and the feed does not say which games",,,,,,,,
196732602906,Vic Koenning,Wyoming,2000,1,,11,1,10,0,4.073269848039094,-3.073269848039094,-366.46981618335917,2.544712
196732602906,Vic Koenning,Wyoming,2001,1,,10,1,9,0,1.913831199947192,-0.913831199947192,-127.92117102315024,3.40955
196732602906,Vic Koenning,Wyoming,2002,1,,11,1,10,0,1.6409107315325284,-0.6409107315325284,-13.44561164396282,3.807474
181030041286,Vince Dooley,Georgia,1980,1,,12,12,0,0,8.428318492999374,3.5716815070006263,296.272596343744,0.0
181030041286,Vince Dooley,Georgia,1981,1,,12,10,2,0,9.781181012267371,0.21881898773262876,51.97536335328937,0.0
181030041286,Vince Dooley,Georgia,1982,1,,12,11,1,0,9.263055419076561,1.7369445809234385,146.23850452288616,0.0
181030041286,Vince Dooley,Georgia,1983,1,,12,10,1,1,9.43613303083036,1.0638669691696396,59.545595766026054,0.0
181030041286,Vince Dooley,Georgia,1984,1,,12,7,4,1,8.232040907493682,-0.7320409074936816,-136.29493356518674,0.0
181030041286,Vince Dooley,Georgia,1985,1,,12,7,3,2,7.614142604597329,0.38585739540267117,112.33166741595664,19.510973
181030041286,Vince Dooley,Georgia,1986,1,,11,7,4,0,7.120606566383632,-0.12060656638363199,10.426134119351673,17.895234
181030041286,Vince Dooley,Georgia,1987,1,,12,9,3,0,8.295751198628603,0.7042488013713974,74.34666641658714,21.815757
181030041286,Vince Dooley,Georgia,1988,1,,11,8,3,0,7.5043606271901275,0.49563937280987247,56.52711357371277,19.878052
874279679175,Vince Gibson,Tulane,1980,1,,12,7,5,0,7.266021691320159,-0.26602169132015874,-26.76726414330733,0.0
874279679175,Vince Gibson,Tulane,1981,1,,11,6,5,0,6.11084515248126,-0.11084515248125992,68.60117148257973,
874279679175,Vince Gibson,Tulane,1982,1,,11,4,7,0,5.284857868619666,-1.2848578686196657,-130.11143281060276,
555185260422,Wally English,Tulane,1983,1,,11,4,7,0,4.839718154848107,-0.8397181548481072,-103.34571158752647,
555185260422,Wally English,Tulane,1984,1,,11,3,8,0,2.6110592039108615,0.38894079608913845,30.027327484054695,
421474848661,Walt Bell,Massachusetts,2019,1,,11,1,10,0,3.19746238669187,-2.19746238669187,-313.003591244449,2.845197
421474848661,Walt Bell,Massachusetts,2020,1,,4,0,4,0,0.19915150146239824,-0.19915150146239824,-26.603141078640647,0.0
421474848661,Walt Bell,Massachusetts,2021,0,"two head coaches this season, and the feed does not say which games",,,,,,,,
139370267739,Walt Harris,Pittsburgh,1997,1,,12,6,6,0,4.816950768751792,1.1830492312482077,122.83308010718883,19.208653
139370267739,Walt Harris,Pittsburgh,1998,1,,10,1,9,0,4.034724267355665,-3.0347242673556654,-217.74968996362122,2.617933
139370267739,Walt Harris,Pittsburgh,1999,1,,11,5,6,0,4.679701667955657,0.3202983320443433,50.03333249154434,14.094215
139370267739,Walt Harris,Pittsburgh,2000,1,,12,7,5,0,6.10561516078607,0.89438483921393,151.65756956769428,19.867307
139370267739,Walt Harris,Pittsburgh,2001,1,,11,6,5,0,4.942788838356564,1.057211161643436,164.2427556673606,17.524627
139370267739,Walt Harris,Pittsburgh,2002,1,,13,9,4,0,8.214487918438362,0.7855120815616381,95.27417286063019,23.893498
139370267739,Walt Harris,Pittsburgh,2003,1,,13,8,5,0,8.222176940761747,-0.22217694076174688,-125.23329375041612,21.28853
139370267739,Walt Harris,Pittsburgh,2004,1,,11,7,4,0,5.797080250240473,1.202919749759527,-8.841801702810244,20.536571
139370267739,Walt Harris,Stanford,2005,1,,10,5,5,0,3.9291662272953456,1.0708337727046544,96.66612541400013,16.69743
139370267739,Walt Harris,Stanford,2006,1,,12,1,11,0,3.2298102102241093,-2.2298102102241093,-194.64058803453167,3.437968
1025514987528,Warren Powers,Missouri,1980,1,,12,8,4,0,7.514243614391834,0.48575638560816614,122.11027063572533,0.0
1025514987528,Warren Powers,Missouri,1981,1,,12,8,4,0,7.515162329253635,0.48483767074636486,23.1595602502382,0.0
1025514987528,Warren Powers,Missouri,1982,1,,11,5,4,2,6.872175304034063,-0.8721753040340632,-68.88873133661309,
1025514987528,Warren Powers,Missouri,1983,1,,12,7,5,0,6.8236143178515665,0.17638568214843353,59.17109481035004,0.0
1025514987528,Warren Powers,Missouri,1984,1,,11,3,7,1,5.624208045137827,-2.124208045137827,-130.29193756712016,
728000365204,Watson Brown,Cincinnati,1983,0,this database holds no games for that team that season,,,,,,,,
728000365204,Watson Brown,Rice,1984,1,,10,0,10,0,1.143654221191829,-1.143654221191829,-106.3854188321684,
728000365204,Watson Brown,Rice,1985,1,,10,2,8,0,1.2175531766535825,0.7824468233464175,43.02820304823604,7.124891
728000365204,Watson Brown,Vanderbilt,1986,1,,11,1,10,0,2.7090373245866037,-1.7090373245866037,-151.55977590621546,3.319316
728000365204,Watson Brown,Vanderbilt,1987,1,,11,4,7,0,2.684352511884451,1.315647488115549,168.01627247481406,12.966649
728000365204,Watson Brown,Vanderbilt,1988,1,,11,3,8,0,3.9821321826588516,-0.9821321826588516,-86.00175800621741,9.467204
728000365204,Watson Brown,Vanderbilt,1989,1,,11,1,10,0,3.1124296542779994,-2.1124296542779994,-207.08986682901832,2.656852
728000365204,Watson Brown,Vanderbilt,1990,1,,11,1,10,0,2.135454330435969,-1.135454330435969,-149.82927250029934,3.778411
728000365204,Watson Brown,UAB,1996,1,,8,2,6,0,4.109219142355901,-2.109219142355901,-245.52877050764732,
728000365204,Watson Brown,UAB,1997,1,,8,2,6,0,2.1342550131366247,-0.1342550131366247,15.474196044080827,6.023276
728000365204,Watson Brown,UAB,1998,1,,8,1,7,0,2.437997789415265,-1.437997789415265,-116.10998686890139,2.541398
728000365204,Watson Brown,UAB,1999,1,,11,5,6,0,3.6556055817390423,1.3443944182609577,116.56328336663273,16.080409
728000365204,Watson Brown,UAB,2000,1,,10,6,4,0,4.882696384870485,1.117303615129515,50.540490172580576,17.802561
728000365204,Watson Brown,UAB,2001,1,,10,5,5,0,4.653512200661573,0.3464877993384272,14.20813496425967,14.067517
728000365204,Watson Brown,UAB,2002,1,,12,5,7,0,5.568326141838853,-0.5683261418388534,-143.64458647891774,13.967633
728000365204,Watson Brown,UAB,2003,1,,12,5,7,0,5.1322376039465505,-0.13223760394655049,-52.39990882580787,15.102642
728000365204,Watson Brown,UAB,2004,1,,12,7,5,0,6.242046994559225,0.7579530054407746,66.11564259834631,20.614402
728000365204,Watson Brown,UAB,2005,1,,10,4,6,0,5.186405146136857,-1.186405146136857,49.42295271364924,12.234224
728000365204,Watson Brown,UAB,2006,1,,12,3,9,0,5.9113395331579675,-2.9113395331579675,-258.20879724125757,8.836004
609794447562,Wayne Hardin,Temple,1980,1,,7,2,5,0,2.813686915202547,-0.8136869152025472,-130.08888827460441,
609794447562,Wayne Hardin,Temple,1981,1,,7,3,4,0,1.9308373913545414,1.0691626086454586,113.63879993811179,
609794447562,Wayne Hardin,Temple,1982,1,,8,2,6,0,3.167247531256407,-1.167247531256407,-69.62547688776635,
995989585746,Wayne Howard,Utah,1980,1,,10,5,4,1,5.707937719643431,-0.20793771964343133,32.34717338385258,
995989585746,Wayne Howard,Utah,1981,1,,10,7,2,1,6.387994909967099,1.112005090032901,113.0443151065524,
1059711832778,Wayne Nunnely,UNLV,1986,1,,6,2,4,0,3.174892369881302,-1.1748923698813019,-65.01682670913874,5.581303
1059711832778,Wayne Nunnely,UNLV,1987,1,,7,2,5,0,3.150538736921209,-1.150538736921209,-110.04248885249012,5.193175
1059711832778,Wayne Nunnely,UNLV,1988,1,,8,2,6,0,3.4740200910948005,-1.4740200910948005,-194.23546924058087,4.963033
1059711832778,Wayne Nunnely,UNLV,1989,1,,6,1,5,0,1.8054903370802848,-0.8054903370802848,-70.41167454141237,2.605826
151523879106,Will Hall,Southern Miss,2021,1,,11,2,9,0,3.9030495666514846,-1.9030495666514846,-116.55457437023688,5.908697
151523879106,Will Hall,Southern Miss,2022,1,,12,6,6,0,4.540559171906725,1.4594408280932747,118.82496171702292,19.541848
151523879106,Will Hall,Southern Miss,2023,1,,11,2,9,0,4.029980482664445,-2.0299804826644454,-170.26738529892964,6.230937
151523879106,Will Hall,Southern Miss,2024,0,"two head coaches this season, and the feed does not say which games",,,,,,,,
151523879106,Will Hall,Tulane,2026,1,,4,2,2,0,2.45113466797529,-0.4511346679752899,-41.868606605421746,4.53922
217904546464,Will Healy,Charlotte,2019,1,,12,6,6,0,5.067631986291921,0.9323680137080794,73.91012245898128,17.36828
217904546464,Will Healy,Charlotte,2020,1,,6,2,4,0,2.583815957617704,-0.5838159576177042,-106.3782705059075,5.31012
217904546464,Will Healy,Charlotte,2021,1,,11,4,7,0,4.891579233378933,-0.8915792333789332,-91.69812010125816,11.564191
217904546464,Will Healy,Charlotte,2022,0,"two head coaches this season, and the feed does not say which games",,,,,,,,
1088019311829,Will Muschamp,Florida,2011,1,,12,6,6,0,6.31992534952254,-0.31992534952254026,-13.910787634657709,14.147294
1088019311829,Will Muschamp,Florida,2012,1,,12,10,2,0,7.523911509304547,2.476088490695453,226.90778526546615,26.675212
1088019311829,Will Muschamp,Florida,2013,1,,11,4,7,0,6.740496469846108,-2.740496469846108,-152.34584089449572,8.891094
1088019311829,Will Muschamp,Florida,2014,0,"two head coaches this season, and the feed does not say which games",,,,,,,,
1088019311829,Will Muschamp,South Carolina,2016,1,,12,5,7,0,4.825229569142757,0.17477043085724286,-17.449534660031304,14.929091
1088019311829,Will Muschamp,South Carolina,2017,1,,12,8,4,0,5.034802100054014,2.965197899945986,189.71901336046335,24.313182
1088019311829,Will Muschamp,South Carolina,2018,1,,12,6,6,0,6.282874685443133,-0.282874685443133,-129.46472529667403,15.754431
1088019311829,Will Muschamp,South Carolina,2019,1,,11,3,8,0,3.8157815189084525,-0.8157815189084525,-2.4111562773498463,9.652796
1088019311829,Will Muschamp,South Carolina,2020,0,"two head coaches this season, and the feed does not say which games",,,,,,,,
302929200558,Will Stein,Kentucky,2026,1,,4,3,1,0,1.7519029902983374,1.2480970097016626,148.23156520773523,8.931695
363926568558,Willie Fritz,Georgia Southern,2014,1,,11,8,3,0,7.4622933397333,0.5377066602667,-5.402992523341254,0.0
363926568558,Willie Fritz,Georgia Southern,2015,1,,12,8,4,0,7.020446847527916,0.979553152472084,44.7964469729493,22.754204
363926568558,Willie Fritz,Tulane,2016,1,,11,3,8,0,3.2683978084196452,-0.2683978084196452,-3.4974183107717636,9.247825
363926568558,Willie Fritz,Tulane,2017,1,,11,4,7,0,3.590159619864262,0.409840380135738,41.5211652284454,13.329956
363926568558,Willie Fritz,Tulane,2018,1,,12,6,6,0,5.350608973967724,0.6493910260322764,151.2860106137257,18.906409
363926568558,Willie Fritz,Tulane,2019,1,,12,6,6,0,6.884272196866165,-0.8842721968661653,35.77847691830061,15.863332
363926568558,Willie Fritz,Tulane,2020,1,,12,6,6,0,6.884463047109631,-0.8844630471096311,46.08895624339152,18.687531
363926568558,Willie Fritz,Tulane,2021,1,,11,1,10,0,4.053243295023141,-3.053243295023141,-176.3723078952812,3.602511
363926568558,Willie Fritz,Tulane,2022,1,,13,11,2,0,6.603185776660617,4.396814223339383,227.0575023771446,33.443319
363926568558,Willie Fritz,Tulane,2023,0,"two head coaches this season, and the feed does not say which games",,,,,,,,
363926568558,Willie Fritz,Houston,2024,0,"two head coaches this season, and the feed does not say which games",,,,,,,,
363926568558,Willie Fritz,Houston,2025,1,,12,9,3,0,5.837145623698904,3.1628543763010963,169.13149225196594,27.891946
363926568558,Willie Fritz,Houston,2026,1,,4,3,1,0,2.4077439003474588,0.5922560996525412,67.91091814079414,7.474774
288755910249,Willie Simmons,FIU,2025,1,,12,6,6,0,4.630745095260959,1.3692549047390408,16.88960934523857,18.535983
288755910249,Willie Simmons,FIU,2026,1,,3,1,2,0,1.1900016275827265,-0.19000162758272654,18.40430839875353,2.813513
917770412750,Willie Taggart,Western Kentucky,2010,1,,12,2,10,0,2.6059212072263667,-0.6059212072263667,-20.675564114671943,7.50701
917770412750,Willie Taggart,Western Kentucky,2011,1,,11,7,4,0,4.1113343666496975,2.8886656333503025,283.7356834496361,21.667866
917770412750,Willie Taggart,Western Kentucky,2012,1,,12,6,6,0,7.164852262015619,-1.1648522620156188,-120.16038160304333,17.933532
917770412750,Willie Taggart,South Florida,2013,1,,11,2,9,0,3.298959576670635,-1.2989595766706352,-139.10602736083183,6.861661
917770412750,Willie Taggart,South Florida,2014,1,,11,3,8,0,2.6657344021367284,0.3342655978632716,-47.17415759492428,9.849501
917770412750,Willie Taggart,South Florida,2015,1,,12,7,5,0,4.499537641741524,2.500462358258476,295.8343338683346,21.206483
917770412750,Willie Taggart,South Florida,2016,1,,12,10,2,0,7.34910541782523,2.65089458217477,-8.344438913391969,27.890206
917770412750,Willie Taggart,Oregon,2017,1,,12,6,6,0,5.978873866701411,0.02112613329858881,139.4968824620214,16.320433
917770412750,Willie Taggart,Florida State,2018,1,,11,4,7,0,4.36991536754652,-0.3699153675465201,-122.32902647313722,11.314216
917770412750,Willie Taggart,Florida State,2019,0,"two head coaches this season, and the feed does not say which games",,,,,,,,
917770412750,Willie Taggart,FAU,2020,1,,9,5,4,0,6.389829203340118,-1.3898292033401178,-160.44998008927837,11.558604
917770412750,Willie Taggart,FAU,2021,1,,11,4,7,0,5.712467842302867,-1.7124678423028667,-83.42478626712204,10.747957
917770412750,Willie Taggart,FAU,2022,1,,11,4,7,0,4.77093470893364,-0.7709347089336402,-59.698247521083886,12.789924
564782478078,Woody Widenhofer,Missouri,1985,1,,11,1,10,0,3.5393112559134217,-2.5393112559134217,-263.37404492285737,3.344522
564782478078,Woody Widenhofer,Missouri,1986,1,,11,3,8,0,3.1598720733317776,-0.15987207333177755,35.175924191678405,9.166714
564782478078,Woody Widenhofer,Missouri,1987,1,,11,5,6,0,4.411888205520035,0.588111794479965,97.25994359654374,13.839735
564782478078,Woody Widenhofer,Missouri,1988,1,,11,3,7,1,3.9224179501736716,-0.42241795017367156,-86.2086144612831,9.469617
564782478078,Woody Widenhofer,Vanderbilt,1997,1,,11,3,8,0,3.663539978542979,-0.6635399785429792,-48.01796910999951,7.816902
564782478078,Woody Widenhofer,Vanderbilt,1998,1,,11,2,9,0,2.2694622163627973,-0.2694622163627973,-61.30081252035734,6.441508
564782478078,Woody Widenhofer,Vanderbilt,1999,1,,10,4,6,0,3.0727657826191797,0.9272342173808203,45.59758294311814,12.015284
564782478078,Woody Widenhofer,Vanderbilt,2000,1,,11,3,8,0,3.055897279711172,-0.055897279711171866,5.065412085235721,9.085557
564782478078,Woody Widenhofer,Vanderbilt,2001,1,,10,1,9,0,2.8685655686238607,-1.8685655686238607,-176.6041686738406,2.719775
45832337889,Zach Arnett,Mississippi State,2022,0,"two head coaches this season, and the feed does not say which games",,,,,,,,
45832337889,Zach Arnett,Mississippi State,2023,0,"two head coaches this season, and the feed does not say which games",,,,,,,,
796599597673,Zach Kittley,FAU,2025,1,,11,3,8,0,3.1247618098648506,-0.12476180986485064,-46.628844937830536,9.161645
796599597673,Zach Kittley,FAU,2026,1,,4,3,1,0,1.608561549110357,1.391438450889643,145.4055863006929,9.182319
