team_id,season_year,game_coe_total,bonus_total,season_coe2,games_counted,formula_version
1,1980,0.0,0.0,0.0,0,coe2_bonus_v1
18,1980,0.0,0.0,0.0,0,coe2_bonus_v1
20,1980,0.0,0.0,0.0,0,coe2_bonus_v1
31,1980,0.0,0.0,0.0,0,coe2_bonus_v1
34,1980,0.0,0.0,0.0,0,coe2_bonus_v1
35,1980,0.0,0.0,0.0,0,coe2_bonus_v1
37,1980,0.0,0.0,0.0,0,coe2_bonus_v1
40,1980,0.0,0.0,0.0,0,coe2_bonus_v1
42,1980,0.0,0.0,0.0,0,coe2_bonus_v1
48,1980,0.0,0.0,0.0,0,coe2_bonus_v1
49,1980,0.0,0.0,0.0,0,coe2_bonus_v1
52,1980,0.0,0.0,0.0,0,coe2_bonus_v1
53,1980,0.0,0.0,0.0,0,coe2_bonus_v1
54,1980,0.0,0.0,0.0,0,coe2_bonus_v1
69,1980,0.0,0.0,0.0,0,coe2_bonus_v1
71,1980,0.0,0.0,0.0,0,coe2_bonus_v1
73,1980,0.0,0.0,0.0,0,coe2_bonus_v1
79,1980,0.0,0.0,0.0,0,coe2_bonus_v1
84,1980,0.0,0.0,0.0,0,coe2_bonus_v1
87,1980,0.0,0.0,0.0,0,coe2_bonus_v1
88,1980,0.0,0.0,0.0,0,coe2_bonus_v1
90,1980,0.0,0.0,0.0,0,coe2_bonus_v1
92,1980,0.0,0.0,0.0,0,coe2_bonus_v1
96,1980,0.0,0.0,0.0,0,coe2_bonus_v1
102,1980,0.0,0.0,0.0,0,coe2_bonus_v1
110,1980,0.0,0.0,0.0,0,coe2_bonus_v1
121,1980,0.0,0.0,0.0,0,coe2_bonus_v1
123,1980,0.0,0.0,0.0,0,coe2_bonus_v1
125,1980,0.0,0.0,0.0,0,coe2_bonus_v1
126,1980,0.0,0.0,0.0,0,coe2_bonus_v1
127,1980,0.0,0.0,0.0,0,coe2_bonus_v1
128,1980,0.0,0.0,0.0,0,coe2_bonus_v1
134,1980,0.0,0.0,0.0,0,coe2_bonus_v1
1,1981,0.0,0.0,0.0,0,coe2_bonus_v1
2,1981,0.0,0.0,0.0,0,coe2_bonus_v1
7,1981,0.0,0.0,0.0,0,coe2_bonus_v1
8,1981,0.0,0.0,0.0,0,coe2_bonus_v1
9,1981,0.0,0.0,0.0,0,coe2_bonus_v1
18,1981,0.0,0.0,0.0,0,coe2_bonus_v1
29,1981,0.0,0.0,0.0,0,coe2_bonus_v1
31,1981,0.0,0.0,0.0,0,coe2_bonus_v1
33,1981,0.0,0.0,0.0,0,coe2_bonus_v1
34,1981,0.0,0.0,0.0,0,coe2_bonus_v1
35,1981,0.0,0.0,0.0,0,coe2_bonus_v1
36,1981,0.0,0.0,0.0,0,coe2_bonus_v1
40,1981,0.0,0.0,0.0,0,coe2_bonus_v1
42,1981,0.0,0.0,0.0,0,coe2_bonus_v1
47,1981,0.0,0.0,0.0,0,coe2_bonus_v1
52,1981,0.0,0.0,0.0,0,coe2_bonus_v1
53,1981,0.0,0.0,0.0,0,coe2_bonus_v1
54,1981,0.0,0.0,0.0,0,coe2_bonus_v1
68,1981,0.0,0.0,0.0,0,coe2_bonus_v1
69,1981,0.0,0.0,0.0,0,coe2_bonus_v1
71,1981,0.0,0.0,0.0,0,coe2_bonus_v1
76,1981,0.0,0.0,0.0,0,coe2_bonus_v1
78,1981,0.0,0.0,0.0,0,coe2_bonus_v1
80,1981,0.0,0.0,0.0,0,coe2_bonus_v1
87,1981,0.0,0.0,0.0,0,coe2_bonus_v1
88,1981,0.0,0.0,0.0,0,coe2_bonus_v1
89,1981,0.0,0.0,0.0,0,coe2_bonus_v1
96,1981,0.0,0.0,0.0,0,coe2_bonus_v1
99,1981,0.0,0.0,0.0,0,coe2_bonus_v1
110,1981,0.0,0.0,0.0,0,coe2_bonus_v1
121,1981,0.0,0.0,0.0,0,coe2_bonus_v1
123,1981,0.0,0.0,0.0,0,coe2_bonus_v1
125,1981,0.0,0.0,0.0,0,coe2_bonus_v1
127,1981,0.0,0.0,0.0,0,coe2_bonus_v1
129,1981,0.0,0.0,0.0,0,coe2_bonus_v1
130,1981,0.0,0.0,0.0,0,coe2_bonus_v1
134,1981,0.0,0.0,0.0,0,coe2_bonus_v1
1,1982,0.0,0.0,0.0,0,coe2_bonus_v1
8,1982,0.0,0.0,0.0,0,coe2_bonus_v1
10,1982,0.0,0.0,0.0,0,coe2_bonus_v1
16,1982,0.0,0.0,0.0,0,coe2_bonus_v1
18,1982,0.0,0.0,0.0,0,coe2_bonus_v1
25,1982,0.0,0.0,0.0,0,coe2_bonus_v1
30,1982,0.0,0.0,0.0,0,coe2_bonus_v1
31,1982,0.0,0.0,0.0,0,coe2_bonus_v1
34,1982,0.0,0.0,0.0,0,coe2_bonus_v1
35,1982,0.0,0.0,0.0,0,coe2_bonus_v1
42,1982,0.0,0.0,0.0,0,coe2_bonus_v1
52,1982,0.0,0.0,0.0,0,coe2_bonus_v1
53,1982,0.0,0.0,0.0,0,coe2_bonus_v1
69,1982,0.0,0.0,0.0,0,coe2_bonus_v1
71,1982,0.0,0.0,0.0,0,coe2_bonus_v1
74,1982,0.0,0.0,0.0,0,coe2_bonus_v1
76,1982,0.0,0.0,0.0,0,coe2_bonus_v1
78,1982,0.0,0.0,0.0,0,coe2_bonus_v1
83,1982,0.0,0.0,0.0,0,coe2_bonus_v1
87,1982,0.0,0.0,0.0,0,coe2_bonus_v1
88,1982,0.0,0.0,0.0,0,coe2_bonus_v1
89,1982,0.0,0.0,0.0,0,coe2_bonus_v1
90,1982,0.0,0.0,0.0,0,coe2_bonus_v1
96,1982,0.0,0.0,0.0,0,coe2_bonus_v1
106,1982,0.0,0.0,0.0,0,coe2_bonus_v1
121,1982,0.0,0.0,0.0,0,coe2_bonus_v1
122,1982,0.0,0.0,0.0,0,coe2_bonus_v1
123,1982,0.0,0.0,0.0,0,coe2_bonus_v1
125,1982,0.0,0.0,0.0,0,coe2_bonus_v1
126,1982,0.0,0.0,0.0,0,coe2_bonus_v1
129,1982,0.0,0.0,0.0,0,coe2_bonus_v1
130,1982,0.0,0.0,0.0,0,coe2_bonus_v1
131,1982,0.0,0.0,0.0,0,coe2_bonus_v1
133,1982,0.0,0.0,0.0,0,coe2_bonus_v1
1,1983,0.0,0.0,0.0,0,coe2_bonus_v1
8,1983,0.0,0.0,0.0,0,coe2_bonus_v1
14,1983,0.0,0.0,0.0,0,coe2_bonus_v1
18,1983,0.0,0.0,0.0,0,coe2_bonus_v1
25,1983,0.0,0.0,0.0,0,coe2_bonus_v1
31,1983,0.0,0.0,0.0,0,coe2_bonus_v1
33,1983,0.0,0.0,0.0,0,coe2_bonus_v1
34,1983,0.0,0.0,0.0,0,coe2_bonus_v1
35,1983,0.0,0.0,0.0,0,coe2_bonus_v1
37,1983,0.0,0.0,0.0,0,coe2_bonus_v1
42,1983,0.0,0.0,0.0,0,coe2_bonus_v1
54,1983,0.0,0.0,0.0,0,coe2_bonus_v1
69,1983,0.0,0.0,0.0,0,coe2_bonus_v1
71,1983,0.0,0.0,0.0,0,coe2_bonus_v1
74,1983,0.0,0.0,0.0,0,coe2_bonus_v1
78,1983,0.0,0.0,0.0,0,coe2_bonus_v1
79,1983,0.0,0.0,0.0,0,coe2_bonus_v1
86,1983,0.0,0.0,0.0,0,coe2_bonus_v1
87,1983,0.0,0.0,0.0,0,coe2_bonus_v1
88,1983,0.0,0.0,0.0,0,coe2_bonus_v1
89,1983,0.0,0.0,0.0,0,coe2_bonus_v1
90,1983,0.0,0.0,0.0,0,coe2_bonus_v1
96,1983,0.0,0.0,0.0,0,coe2_bonus_v1
106,1983,0.0,0.0,0.0,0,coe2_bonus_v1
121,1983,0.0,0.0,0.0,0,coe2_bonus_v1
122,1983,0.0,0.0,0.0,0,coe2_bonus_v1
123,1983,0.0,0.0,0.0,0,coe2_bonus_v1
125,1983,0.0,0.0,0.0,0,coe2_bonus_v1
126,1983,0.0,0.0,0.0,0,coe2_bonus_v1
127,1983,0.0,0.0,0.0,0,coe2_bonus_v1
129,1983,0.0,0.0,0.0,0,coe2_bonus_v1
130,1983,0.0,0.0,0.0,0,coe2_bonus_v1
132,1983,0.0,0.0,0.0,0,coe2_bonus_v1
135,1983,0.0,0.0,0.0,0,coe2_bonus_v1
1,1984,0.0,0.0,0.0,0,coe2_bonus_v1
7,1984,0.0,0.0,0.0,0,coe2_bonus_v1
8,1984,0.0,0.0,0.0,0,coe2_bonus_v1
14,1984,0.0,0.0,0.0,0,coe2_bonus_v1
18,1984,0.0,0.0,0.0,0,coe2_bonus_v1
25,1984,0.0,0.0,0.0,0,coe2_bonus_v1
31,1984,0.0,0.0,0.0,0,coe2_bonus_v1
33,1984,0.0,0.0,0.0,0,coe2_bonus_v1
34,1984,0.0,0.0,0.0,0,coe2_bonus_v1
35,1984,0.0,0.0,0.0,0,coe2_bonus_v1
38,1984,0.0,0.0,0.0,0,coe2_bonus_v1
40,1984,0.0,0.0,0.0,0,coe2_bonus_v1
42,1984,0.0,0.0,0.0,0,coe2_bonus_v1
52,1984,0.0,0.0,0.0,0,coe2_bonus_v1
53,1984,0.0,0.0,0.0,0,coe2_bonus_v1
69,1984,0.0,0.0,0.0,0,coe2_bonus_v1
70,1984,0.0,0.0,0.0,0,coe2_bonus_v1
71,1984,0.0,0.0,0.0,0,coe2_bonus_v1
73,1984,0.0,0.0,0.0,0,coe2_bonus_v1
76,1984,0.0,0.0,0.0,0,coe2_bonus_v1
78,1984,0.0,0.0,0.0,0,coe2_bonus_v1
79,1984,0.0,0.0,0.0,0,coe2_bonus_v1
80,1984,0.0,0.0,0.0,0,coe2_bonus_v1
89,1984,0.0,0.0,0.0,0,coe2_bonus_v1
90,1984,0.0,0.0,0.0,0,coe2_bonus_v1
91,1984,0.0,0.0,0.0,0,coe2_bonus_v1
92,1984,0.0,0.0,0.0,0,coe2_bonus_v1
106,1984,0.0,0.0,0.0,0,coe2_bonus_v1
109,1984,0.0,0.0,0.0,0,coe2_bonus_v1
122,1984,0.0,0.0,0.0,0,coe2_bonus_v1
123,1984,0.0,0.0,0.0,0,coe2_bonus_v1
125,1984,0.0,0.0,0.0,0,coe2_bonus_v1
126,1984,0.0,0.0,0.0,0,coe2_bonus_v1
127,1984,0.0,0.0,0.0,0,coe2_bonus_v1
128,1984,0.0,0.0,0.0,0,coe2_bonus_v1
130,1984,0.0,0.0,0.0,0,coe2_bonus_v1
132,1984,0.0,0.0,0.0,0,coe2_bonus_v1
133,1984,0.0,0.0,0.0,0,coe2_bonus_v1
87,1985,28.844124,0.0,28.844124,12,coe2_bonus_v1
25,1985,28.615114,0.0,28.615114,13,coe2_bonus_v1
52,1985,27.229494,0.0,27.229494,12,coe2_bonus_v1
69,1985,26.169709,0.0,26.169709,12,coe2_bonus_v1
18,1985,25.418057,0.0,25.418057,14,coe2_bonus_v1
130,1985,25.354989,0.0,25.354989,12,coe2_bonus_v1
53,1985,25.306372,0.0,25.306372,12,coe2_bonus_v1
36,1985,25.18763,0.0,25.18763,11,coe2_bonus_v1
127,1985,24.725815,0.0,24.725815,12,coe2_bonus_v1
37,1985,24.347492,0.0,24.347492,12,coe2_bonus_v1
83,1985,23.995474,0.0,23.995474,11,coe2_bonus_v1
121,1985,23.971733,0.0,23.971733,12,coe2_bonus_v1
133,1985,23.929174,0.0,23.929174,12,coe2_bonus_v1
8,1985,23.167243,0.0,23.167243,12,coe2_bonus_v1
71,1985,22.714922,0.0,22.714922,12,coe2_bonus_v1
15,1985,22.691327,0.0,22.691327,12,coe2_bonus_v1
90,1985,22.067257,0.0,22.067257,12,coe2_bonus_v1
78,1985,21.779378,0.0,21.779378,11,coe2_bonus_v1
116,1985,21.556954,0.0,21.556954,11,coe2_bonus_v1
125,1985,21.462543,0.0,21.462543,11,coe2_bonus_v1
22,1985,21.321448,0.0,21.321448,12,coe2_bonus_v1
35,1985,21.097807,0.0,21.097807,12,coe2_bonus_v1
126,1985,20.449515,0.0,20.449515,11,coe2_bonus_v1
124,1985,20.207651,0.0,20.207651,10,coe2_bonus_v1
31,1985,20.136182,0.0,20.136182,12,coe2_bonus_v1
70,1985,20.028943,0.0,20.028943,12,coe2_bonus_v1
122,1985,19.717086,0.0,19.717086,12,coe2_bonus_v1
123,1985,19.58059,0.0,19.58059,12,coe2_bonus_v1
89,1985,19.218538,0.0,19.218538,11,coe2_bonus_v1
16,1985,19.170243,0.0,19.170243,11,coe2_bonus_v1
105,1985,18.929582,0.0,18.929582,12,coe2_bonus_v1
19,1985,17.624006,0.0,17.624006,11,coe2_bonus_v1
1,1985,17.477326,0.0,17.477326,12,coe2_bonus_v1
10,1985,17.349281,0.0,17.349281,7,coe2_bonus_v1
33,1985,17.039066,0.0,17.039066,11,coe2_bonus_v1
7,1985,16.614362,0.0,16.614362,12,coe2_bonus_v1
32,1985,16.098476,0.0,16.098476,10,coe2_bonus_v1
129,1985,15.624709,0.0,15.624709,12,coe2_bonus_v1
23,1985,15.444051,0.0,15.444051,12,coe2_bonus_v1
74,1985,15.288903,0.0,15.288903,11,coe2_bonus_v1
77,1985,15.287629,0.0,15.287629,10,coe2_bonus_v1
109,1985,14.471853,0.0,14.471853,8,coe2_bonus_v1
3,1985,14.466223,0.0,14.466223,11,coe2_bonus_v1
84,1985,14.289352,0.0,14.289352,9,coe2_bonus_v1
88,1985,14.230371,0.0,14.230371,11,coe2_bonus_v1
42,1985,14.150435,0.0,14.150435,11,coe2_bonus_v1
91,1985,14.107478,0.0,14.107478,10,coe2_bonus_v1
92,1985,13.977205,0.0,13.977205,9,coe2_bonus_v1
73,1985,13.855589,0.0,13.855589,11,coe2_bonus_v1
76,1985,13.39519,0.0,13.39519,11,coe2_bonus_v1
68,1985,13.183109,0.0,13.183109,9,coe2_bonus_v1
5,1985,13.045882,0.0,13.045882,11,coe2_bonus_v1
82,1985,13.020296,0.0,13.020296,11,coe2_bonus_v1
79,1985,12.963525,0.0,12.963525,11,coe2_bonus_v1
95,1985,12.368253,0.0,12.368253,11,coe2_bonus_v1
11,1985,12.337038,0.0,12.337038,11,coe2_bonus_v1
12,1985,12.04795,0.0,12.04795,10,coe2_bonus_v1
72,1985,11.944207,0.0,11.944207,11,coe2_bonus_v1
86,1985,11.846759,0.0,11.846759,11,coe2_bonus_v1
6,1985,11.575916,0.0,11.575916,11,coe2_bonus_v1
134,1985,10.937475,0.0,10.937475,10,coe2_bonus_v1
96,1985,10.85395,0.0,10.85395,10,coe2_bonus_v1
40,1985,10.784783,0.0,10.784783,11,coe2_bonus_v1
93,1985,10.701684,0.0,10.701684,10,coe2_bonus_v1
110,1985,10.588578,0.0,10.588578,9,coe2_bonus_v1
75,1985,10.48639,0.0,10.48639,11,coe2_bonus_v1
29,1985,10.403979,0.0,10.403979,10,coe2_bonus_v1
132,1985,10.052618,0.0,10.052618,10,coe2_bonus_v1
135,1985,9.63028,0.0,9.63028,10,coe2_bonus_v1
55,1985,9.413935,0.0,9.413935,9,coe2_bonus_v1
81,1985,9.378781,0.0,9.378781,10,coe2_bonus_v1
85,1985,9.297962,0.0,9.297962,9,coe2_bonus_v1
26,1985,9.277824,0.0,9.277824,11,coe2_bonus_v1
80,1985,8.997804,0.0,8.997804,10,coe2_bonus_v1
2,1985,8.84843,0.0,8.84843,10,coe2_bonus_v1
39,1985,8.772786,0.0,8.772786,10,coe2_bonus_v1
131,1985,8.375945,0.0,8.375945,10,coe2_bonus_v1
106,1985,8.304603,0.0,8.304603,11,coe2_bonus_v1
114,1985,8.217674,0.0,8.217674,10,coe2_bonus_v1
128,1985,8.17901,0.0,8.17901,9,coe2_bonus_v1
108,1985,7.719554,0.0,7.719554,9,coe2_bonus_v1
4,1985,7.145946,0.0,7.145946,9,coe2_bonus_v1
41,1985,7.115781,0.0,7.115781,10,coe2_bonus_v1
115,1985,6.850735,0.0,6.850735,10,coe2_bonus_v1
50,1985,6.493141,0.0,6.493141,10,coe2_bonus_v1
20,1985,6.329851,0.0,6.329851,8,coe2_bonus_v1
49,1985,6.028213,0.0,6.028213,7,coe2_bonus_v1
34,1985,6.023923,0.0,6.023923,7,coe2_bonus_v1
24,1985,5.877748,0.0,5.877748,10,coe2_bonus_v1
38,1985,5.587828,0.0,5.587828,10,coe2_bonus_v1
14,1985,5.108225,0.0,5.108225,6,coe2_bonus_v1
9,1985,4.317218,0.0,4.317218,8,coe2_bonus_v1
28,1985,3.965024,0.0,3.965024,11,coe2_bonus_v1
54,1985,3.371819,0.0,3.371819,11,coe2_bonus_v1
48,1985,3.323569,0.0,3.323569,11,coe2_bonus_v1
100,1985,3.236696,0.0,3.236696,10,coe2_bonus_v1
27,1985,3.126103,0.0,3.126103,7,coe2_bonus_v1
94,1985,2.969856,0.0,2.969856,8,coe2_bonus_v1
30,1985,2.951471,0.0,2.951471,8,coe2_bonus_v1
104,1985,1.77759,0.0,1.77759,9,coe2_bonus_v1
56,1985,0.0,0.0,0.0,8,coe2_bonus_v1
87,1986,28.50781,0.0,28.50781,12,coe2_bonus_v1
69,1986,25.741708,0.0,25.741708,13,coe2_bonus_v1
127,1986,25.731307,0.0,25.731307,12,coe2_bonus_v1
52,1986,25.350589,0.0,25.350589,12,coe2_bonus_v1
121,1986,24.916116,0.0,24.916116,13,coe2_bonus_v1
133,1986,24.799512,0.0,24.799512,12,coe2_bonus_v1
16,1986,24.660229,0.0,24.660229,11,coe2_bonus_v1
71,1986,24.644928,0.0,24.644928,13,coe2_bonus_v1
106,1986,23.511393,0.0,23.511393,11,coe2_bonus_v1
31,1986,23.383095,0.0,23.383095,12,coe2_bonus_v1
6,1986,23.381694,0.0,23.381694,12,coe2_bonus_v1
93,1986,22.721479,0.0,22.721479,11,coe2_bonus_v1
15,1986,22.69166,0.0,22.69166,12,coe2_bonus_v1
53,1986,22.398571,0.0,22.398571,12,coe2_bonus_v1
135,1986,22.281273,0.0,22.281273,11,coe2_bonus_v1
129,1986,21.436351,0.0,21.436351,11,coe2_bonus_v1
78,1986,21.278663,0.0,21.278663,12,coe2_bonus_v1
9,1986,21.139171,0.0,21.139171,9,coe2_bonus_v1
11,1986,21.048935,0.0,21.048935,11,coe2_bonus_v1
1,1986,20.488413,0.0,20.488413,12,coe2_bonus_v1
7,1986,20.282084,0.0,20.282084,12,coe2_bonus_v1
116,1986,20.019,0.0,20.019,12,coe2_bonus_v1
37,1986,19.926372,0.0,19.926372,11,coe2_bonus_v1
92,1986,19.632328,0.0,19.632328,10,coe2_bonus_v1
122,1986,19.576931,0.0,19.576931,10,coe2_bonus_v1
36,1986,19.531231,0.0,19.531231,11,coe2_bonus_v1
39,1986,19.44018,0.0,19.44018,12,coe2_bonus_v1
18,1986,19.205408,0.0,19.205408,13,coe2_bonus_v1
96,1986,18.371927,0.0,18.371927,11,coe2_bonus_v1
8,1986,18.213233,0.0,18.213233,11,coe2_bonus_v1
123,1986,17.953535,0.0,17.953535,11,coe2_bonus_v1
72,1986,17.815441,0.0,17.815441,12,coe2_bonus_v1
80,1986,17.345119,0.0,17.345119,10,coe2_bonus_v1
77,1986,16.984162,0.0,16.984162,11,coe2_bonus_v1
130,1986,16.882653,0.0,16.882653,12,coe2_bonus_v1
22,1986,16.644453,0.0,16.644453,12,coe2_bonus_v1
114,1986,16.430185,0.0,16.430185,10,coe2_bonus_v1
12,1986,16.143456,0.0,16.143456,11,coe2_bonus_v1
104,1986,15.929878,0.0,15.929878,11,coe2_bonus_v1
42,1986,15.848462,0.0,15.848462,11,coe2_bonus_v1
70,1986,15.733446,0.0,15.733446,11,coe2_bonus_v1
134,1986,15.279908,0.0,15.279908,10,coe2_bonus_v1
105,1986,15.124336,0.0,15.124336,11,coe2_bonus_v1
24,1986,14.980921,0.0,14.980921,11,coe2_bonus_v1
108,1986,14.862882,0.0,14.862882,10,coe2_bonus_v1
88,1986,14.846999,0.0,14.846999,11,coe2_bonus_v1
132,1986,14.786318,0.0,14.786318,11,coe2_bonus_v1
126,1986,14.631335,0.0,14.631335,11,coe2_bonus_v1
23,1986,14.594556,0.0,14.594556,10,coe2_bonus_v1
125,1986,14.470518,0.0,14.470518,10,coe2_bonus_v1
81,1986,14.398234,0.0,14.398234,10,coe2_bonus_v1
90,1986,14.390107,0.0,14.390107,11,coe2_bonus_v1
25,1986,14.279546,0.0,14.279546,11,coe2_bonus_v1
79,1986,14.011727,0.0,14.011727,11,coe2_bonus_v1
3,1986,13.984711,0.0,13.984711,11,coe2_bonus_v1
68,1986,13.436399,0.0,13.436399,10,coe2_bonus_v1
35,1986,13.128849,0.0,13.128849,11,coe2_bonus_v1
109,1986,12.926721,0.0,12.926721,8,coe2_bonus_v1
33,1986,12.739908,0.0,12.739908,10,coe2_bonus_v1
83,1986,12.510154,0.0,12.510154,11,coe2_bonus_v1
85,1986,12.482278,0.0,12.482278,9,coe2_bonus_v1
48,1986,12.474916,0.0,12.474916,10,coe2_bonus_v1
34,1986,12.304677,0.0,12.304677,7,coe2_bonus_v1
95,1986,11.537413,0.0,11.537413,11,coe2_bonus_v1
74,1986,11.533474,0.0,11.533474,11,coe2_bonus_v1
26,1986,11.133302,0.0,11.133302,12,coe2_bonus_v1
32,1986,11.107951,0.0,11.107951,9,coe2_bonus_v1
75,1986,11.076578,0.0,11.076578,10,coe2_bonus_v1
94,1986,10.816551,0.0,10.816551,9,coe2_bonus_v1
84,1986,10.712906,0.0,10.712906,9,coe2_bonus_v1
124,1986,10.54428,0.0,10.54428,9,coe2_bonus_v1
2,1986,10.534764,0.0,10.534764,11,coe2_bonus_v1
89,1986,10.259726,0.0,10.259726,11,coe2_bonus_v1
41,1986,10.164317,0.0,10.164317,9,coe2_bonus_v1
28,1986,10.071561,0.0,10.071561,11,coe2_bonus_v1
55,1986,9.287639,0.0,9.287639,9,coe2_bonus_v1
38,1986,9.28425,0.0,9.28425,10,coe2_bonus_v1
82,1986,9.198351,0.0,9.198351,10,coe2_bonus_v1
54,1986,9.164911,0.0,9.164911,11,coe2_bonus_v1
91,1986,9.126306,0.0,9.126306,10,coe2_bonus_v1
10,1986,9.024627,0.0,9.024627,6,coe2_bonus_v1
49,1986,8.731867,0.0,8.731867,7,coe2_bonus_v1
73,1986,8.579911,0.0,8.579911,11,coe2_bonus_v1
76,1986,8.261539,0.0,8.261539,12,coe2_bonus_v1
128,1986,8.177264,0.0,8.177264,10,coe2_bonus_v1
4,1986,7.36246,0.0,7.36246,10,coe2_bonus_v1
56,1986,6.918566,0.0,6.918566,10,coe2_bonus_v1
86,1986,6.801155,0.0,6.801155,10,coe2_bonus_v1
5,1986,6.756166,0.0,6.756166,11,coe2_bonus_v1
19,1986,6.472179,0.0,6.472179,11,coe2_bonus_v1
20,1986,5.907361,0.0,5.907361,8,coe2_bonus_v1
14,1986,5.604518,0.0,5.604518,6,coe2_bonus_v1
115,1986,3.527788,0.0,3.527788,10,coe2_bonus_v1
40,1986,3.495411,0.0,3.495411,11,coe2_bonus_v1
50,1986,3.475094,0.0,3.475094,10,coe2_bonus_v1
100,1986,3.437987,0.0,3.437987,10,coe2_bonus_v1
131,1986,3.349669,0.0,3.349669,11,coe2_bonus_v1
30,1986,3.269842,0.0,3.269842,9,coe2_bonus_v1
110,1986,3.062819,0.0,3.062819,7,coe2_bonus_v1
29,1986,2.495702,0.0,2.495702,9,coe2_bonus_v1
27,1986,0.0,0.0,0.0,7,coe2_bonus_v1
127,1987,28.05805,0.0,28.05805,12,coe2_bonus_v1
105,1987,27.329574,0.0,27.329574,11,coe2_bonus_v1
24,1987,26.584237,0.0,26.584237,13,coe2_bonus_v1
70,1987,26.148052,0.0,26.148052,12,coe2_bonus_v1
85,1987,25.756235,0.0,25.756235,10,coe2_bonus_v1
126,1987,25.72603,0.0,25.72603,11,coe2_bonus_v1
78,1987,25.488925,0.0,25.488925,13,coe2_bonus_v1
130,1987,25.257771,0.0,25.257771,13,coe2_bonus_v1
33,1987,25.216204,0.0,25.216204,12,coe2_bonus_v1
36,1987,24.063284,0.0,24.063284,11,coe2_bonus_v1
133,1987,24.026806,0.0,24.026806,11,coe2_bonus_v1
8,1987,23.416452,0.0,23.416452,12,coe2_bonus_v1
129,1987,23.327869,0.0,23.327869,11,coe2_bonus_v1
31,1987,23.313116,0.0,23.313116,12,coe2_bonus_v1
18,1987,23.228241,0.0,23.228241,13,coe2_bonus_v1
122,1987,23.173093,0.0,23.173093,12,coe2_bonus_v1
72,1987,23.077856,0.0,23.077856,12,coe2_bonus_v1
25,1987,22.786514,0.0,22.786514,13,coe2_bonus_v1
88,1987,22.438876,0.0,22.438876,12,coe2_bonus_v1
52,1987,22.283002,0.0,22.283002,11,coe2_bonus_v1
7,1987,21.905574,0.0,21.905574,12,coe2_bonus_v1
123,1987,21.840302,0.0,21.840302,12,coe2_bonus_v1
91,1987,21.688058,0.0,21.688058,11,coe2_bonus_v1
79,1987,21.070312,0.0,21.070312,12,coe2_bonus_v1
53,1987,21.04844,0.0,21.04844,13,coe2_bonus_v1
35,1987,20.38355,0.0,20.38355,12,coe2_bonus_v1
87,1987,18.994075,0.0,18.994075,12,coe2_bonus_v1
121,1987,18.2822,0.0,18.2822,12,coe2_bonus_v1
104,1987,18.236903,0.0,18.236903,11,coe2_bonus_v1
3,1987,17.735876,0.0,17.735876,11,coe2_bonus_v1
69,1987,17.647455,0.0,17.647455,11,coe2_bonus_v1
48,1987,17.566587,0.0,17.566587,12,coe2_bonus_v1
22,1987,17.304402,0.0,17.304402,11,coe2_bonus_v1
50,1987,16.957222,0.0,16.957222,10,coe2_bonus_v1
114,1987,16.629667,0.0,16.629667,10,coe2_bonus_v1
128,1987,16.584432,0.0,16.584432,10,coe2_bonus_v1
28,1987,16.290117,0.0,16.290117,10,coe2_bonus_v1
1,1987,15.905772,0.0,15.905772,11,coe2_bonus_v1
71,1987,15.678284,0.0,15.678284,11,coe2_bonus_v1
16,1987,15.663968,0.0,15.663968,11,coe2_bonus_v1
94,1987,15.396776,0.0,15.396776,9,coe2_bonus_v1
89,1987,15.280806,0.0,15.280806,12,coe2_bonus_v1
9,1987,15.021936,0.0,15.021936,8,coe2_bonus_v1
39,1987,14.689574,0.0,14.689574,10,coe2_bonus_v1
96,1987,14.518355,0.0,14.518355,11,coe2_bonus_v1
6,1987,14.208445,0.0,14.208445,11,coe2_bonus_v1
83,1987,14.193882,0.0,14.193882,10,coe2_bonus_v1
54,1987,13.766714,0.0,13.766714,11,coe2_bonus_v1
116,1987,13.730586,0.0,13.730586,11,coe2_bonus_v1
68,1987,13.708935,0.0,13.708935,9,coe2_bonus_v1
106,1987,13.653488,0.0,13.653488,11,coe2_bonus_v1
100,1987,13.074194,0.0,13.074194,10,coe2_bonus_v1
93,1987,13.037818,0.0,13.037818,10,coe2_bonus_v1
131,1987,12.891339,0.0,12.891339,11,coe2_bonus_v1
125,1987,12.825582,0.0,12.825582,11,coe2_bonus_v1
81,1987,12.516941,0.0,12.516941,10,coe2_bonus_v1
84,1987,12.511553,0.0,12.511553,10,coe2_bonus_v1
38,1987,12.374495,0.0,12.374495,10,coe2_bonus_v1
95,1987,12.34247,0.0,12.34247,10,coe2_bonus_v1
82,1987,12.277136,0.0,12.277136,9,coe2_bonus_v1
15,1987,12.069292,0.0,12.069292,11,coe2_bonus_v1
132,1987,12.028828,0.0,12.028828,11,coe2_bonus_v1
77,1987,12.020453,0.0,12.020453,10,coe2_bonus_v1
49,1987,11.828279,0.0,11.828279,9,coe2_bonus_v1
90,1987,10.831609,0.0,10.831609,11,coe2_bonus_v1
2,1987,10.823191,0.0,10.823191,11,coe2_bonus_v1
40,1987,10.791318,0.0,10.791318,10,coe2_bonus_v1
11,1987,10.618629,0.0,10.618629,11,coe2_bonus_v1
86,1987,10.119982,0.0,10.119982,6,coe2_bonus_v1
74,1987,10.034418,0.0,10.034418,11,coe2_bonus_v1
5,1987,9.919328,0.0,9.919328,10,coe2_bonus_v1
20,1987,9.586257,0.0,9.586257,8,coe2_bonus_v1
37,1987,9.393803,0.0,9.393803,9,coe2_bonus_v1
76,1987,9.331497,0.0,9.331497,11,coe2_bonus_v1
80,1987,9.249256,0.0,9.249256,11,coe2_bonus_v1
19,1987,9.166519,0.0,9.166519,10,coe2_bonus_v1
73,1987,9.14785,0.0,9.14785,11,coe2_bonus_v1
34,1987,8.544169,0.0,8.544169,10,coe2_bonus_v1
75,1987,8.367217,0.0,8.367217,11,coe2_bonus_v1
12,1987,8.239899,0.0,8.239899,10,coe2_bonus_v1
109,1987,8.041622,0.0,8.041622,7,coe2_bonus_v1
134,1987,7.983842,0.0,7.983842,10,coe2_bonus_v1
108,1987,6.434403,0.0,6.434403,10,coe2_bonus_v1
55,1987,6.1098,0.0,6.1098,8,coe2_bonus_v1
32,1987,5.52182,0.0,5.52182,10,coe2_bonus_v1
135,1987,5.280055,0.0,5.280055,10,coe2_bonus_v1
92,1987,5.253604,0.0,5.253604,11,coe2_bonus_v1
14,1987,5.229114,0.0,5.229114,7,coe2_bonus_v1
10,1987,4.892858,0.0,4.892858,6,coe2_bonus_v1
56,1987,4.438874,0.0,4.438874,8,coe2_bonus_v1
4,1987,3.588844,0.0,3.588844,10,coe2_bonus_v1
27,1987,3.418696,0.0,3.418696,6,coe2_bonus_v1
23,1987,2.683678,0.0,2.683678,12,coe2_bonus_v1
30,1987,1.103954,0.0,1.103954,10,coe2_bonus_v1
29,1987,0.896046,0.0,0.896046,9,coe2_bonus_v1
26,1987,0.0,0.0,0.0,11,coe2_bonus_v1
41,1987,0.0,0.0,0.0,9,coe2_bonus_v1
110,1987,0.0,0.0,0.0,7,coe2_bonus_v1
115,1987,0.0,0.0,0.0,10,coe2_bonus_v1
124,1987,0.0,0.0,0.0,9,coe2_bonus_v1
79,1988,31.017198,0.0,31.017198,12,coe2_bonus_v1
2,1988,27.879738,0.0,27.879738,12,coe2_bonus_v1
7,1988,25.852825,0.0,25.852825,12,coe2_bonus_v1
31,1988,25.827425,0.0,25.827425,13,coe2_bonus_v1
89,1988,25.032403,0.0,25.032403,11,coe2_bonus_v1
127,1988,25.022335,0.0,25.022335,12,coe2_bonus_v1
105,1988,24.295117,0.0,24.295117,12,coe2_bonus_v1
33,1988,24.249434,0.0,24.249434,12,coe2_bonus_v1
12,1988,23.09321,0.0,23.09321,11,coe2_bonus_v1
18,1988,22.856645,0.0,22.856645,13,coe2_bonus_v1
82,1988,22.77192,0.0,22.77192,11,coe2_bonus_v1
121,1988,22.765601,0.0,22.765601,12,coe2_bonus_v1
69,1988,22.468728,0.0,22.468728,12,coe2_bonus_v1
122,1988,22.45195,0.0,22.45195,12,coe2_bonus_v1
129,1988,22.387644,0.0,22.387644,11,coe2_bonus_v1
53,1988,22.246897,0.0,22.246897,11,coe2_bonus_v1
24,1988,22.198504,0.0,22.198504,11,coe2_bonus_v1
8,1988,22.18538,0.0,22.18538,11,coe2_bonus_v1
40,1988,22.149273,0.0,22.149273,11,coe2_bonus_v1
126,1988,21.547171,0.0,21.547171,10,coe2_bonus_v1
56,1988,21.398739,0.0,21.398739,10,coe2_bonus_v1
72,1988,21.395828,0.0,21.395828,12,coe2_bonus_v1
68,1988,21.189128,0.0,21.189128,10,coe2_bonus_v1
28,1988,20.793767,0.0,20.793767,11,coe2_bonus_v1
133,1988,20.466657,0.0,20.466657,12,coe2_bonus_v1
52,1988,20.432224,0.0,20.432224,12,coe2_bonus_v1
123,1988,19.947052,0.0,19.947052,11,coe2_bonus_v1
22,1988,19.662123,0.0,19.662123,12,coe2_bonus_v1
15,1988,19.372698,0.0,19.372698,11,coe2_bonus_v1
93,1988,19.256916,0.0,19.256916,10,coe2_bonus_v1
95,1988,18.666267,0.0,18.666267,10,coe2_bonus_v1
74,1988,18.006247,0.0,18.006247,12,coe2_bonus_v1
81,1988,16.963473,0.0,16.963473,9,coe2_bonus_v1
70,1988,16.703009,0.0,16.703009,12,coe2_bonus_v1
78,1988,16.665678,0.0,16.665678,13,coe2_bonus_v1
84,1988,16.212278,0.0,16.212278,10,coe2_bonus_v1
91,1988,16.095438,0.0,16.095438,10,coe2_bonus_v1
10,1988,15.970891,0.0,15.970891,8,coe2_bonus_v1
128,1988,15.5843,0.0,15.5843,10,coe2_bonus_v1
50,1988,15.542921,0.0,15.542921,10,coe2_bonus_v1
1,1988,15.304206,0.0,15.304206,11,coe2_bonus_v1
19,1988,15.215681,0.0,15.215681,10,coe2_bonus_v1
115,1988,15.074427,0.0,15.074427,10,coe2_bonus_v1
80,1988,14.744103,0.0,14.744103,9,coe2_bonus_v1
36,1988,14.491905,0.0,14.491905,11,coe2_bonus_v1
4,1988,14.321567,0.0,14.321567,11,coe2_bonus_v1
85,1988,14.296197,0.0,14.296197,9,coe2_bonus_v1
125,1988,14.151502,0.0,14.151502,10,coe2_bonus_v1
130,1988,13.985128,0.0,13.985128,11,coe2_bonus_v1
90,1988,13.784444,0.0,13.784444,11,coe2_bonus_v1
109,1988,13.682377,0.0,13.682377,8,coe2_bonus_v1
16,1988,13.629517,0.0,13.629517,10,coe2_bonus_v1
88,1988,13.443917,0.0,13.443917,10,coe2_bonus_v1
37,1988,13.341058,0.0,13.341058,10,coe2_bonus_v1
108,1988,13.238243,0.0,13.238243,11,coe2_bonus_v1
71,1988,12.939407,0.0,12.939407,11,coe2_bonus_v1
104,1988,12.906659,0.0,12.906659,10,coe2_bonus_v1
135,1988,12.44084,0.0,12.44084,10,coe2_bonus_v1
87,1988,12.396368,0.0,12.396368,11,coe2_bonus_v1
5,1988,12.361907,0.0,12.361907,10,coe2_bonus_v1
94,1988,12.087214,0.0,12.087214,8,coe2_bonus_v1
3,1988,11.782376,0.0,11.782376,10,coe2_bonus_v1
25,1988,11.652218,0.0,11.652218,12,coe2_bonus_v1
132,1988,11.552368,0.0,11.552368,10,coe2_bonus_v1
39,1988,11.544044,0.0,11.544044,9,coe2_bonus_v1
73,1988,11.505802,0.0,11.505802,11,coe2_bonus_v1
114,1988,11.493871,0.0,11.493871,10,coe2_bonus_v1
48,1988,11.350294,0.0,11.350294,10,coe2_bonus_v1
32,1988,11.295108,0.0,11.295108,10,coe2_bonus_v1
34,1988,11.079975,0.0,11.079975,11,coe2_bonus_v1
38,1988,10.535092,0.0,10.535092,11,coe2_bonus_v1
49,1988,10.463291,0.0,10.463291,7,coe2_bonus_v1
11,1988,9.660552,0.0,9.660552,11,coe2_bonus_v1
54,1988,9.477273,0.0,9.477273,11,coe2_bonus_v1
131,1988,9.394098,0.0,9.394098,11,coe2_bonus_v1
6,1988,9.292918,0.0,9.292918,11,coe2_bonus_v1
86,1988,9.274874,0.0,9.274874,7,coe2_bonus_v1
106,1988,8.971236,0.0,8.971236,11,coe2_bonus_v1
77,1988,7.643858,0.0,7.643858,11,coe2_bonus_v1
9,1988,7.580989,0.0,7.580989,9,coe2_bonus_v1
35,1988,7.504914,0.0,7.504914,10,coe2_bonus_v1
75,1988,7.304997,0.0,7.304997,11,coe2_bonus_v1
26,1988,6.250951,0.0,6.250951,12,coe2_bonus_v1
92,1988,6.16828,0.0,6.16828,10,coe2_bonus_v1
100,1988,6.064375,0.0,6.064375,10,coe2_bonus_v1
113,1988,5.553871,0.0,5.553871,7,coe2_bonus_v1
20,1988,5.147522,0.0,5.147522,8,coe2_bonus_v1
14,1988,5.004865,0.0,5.004865,8,coe2_bonus_v1
124,1988,3.815721,0.0,3.815721,9,coe2_bonus_v1
83,1988,3.563252,0.0,3.563252,10,coe2_bonus_v1
76,1988,3.388072,0.0,3.388072,11,coe2_bonus_v1
27,1988,3.335882,0.0,3.335882,8,coe2_bonus_v1
55,1988,3.262204,0.0,3.262204,9,coe2_bonus_v1
23,1988,3.2123,0.0,3.2123,11,coe2_bonus_v1
96,1988,3.197222,0.0,3.197222,11,coe2_bonus_v1
29,1988,2.995394,0.0,2.995394,11,coe2_bonus_v1
116,1988,1.221278,0.0,1.221278,11,coe2_bonus_v1
30,1988,0.0,0.0,0.0,10,coe2_bonus_v1
41,1988,0.0,0.0,0.0,10,coe2_bonus_v1
110,1988,0.0,0.0,0.0,7,coe2_bonus_v1
134,1988,0.0,0.0,0.0,10,coe2_bonus_v1
130,1989,28.60898,0.0,28.60898,12,coe2_bonus_v1
74,1989,28.168503,0.0,28.168503,12,coe2_bonus_v1
22,1989,28.144644,0.0,28.144644,12,coe2_bonus_v1
79,1989,27.81262,0.0,27.81262,13,coe2_bonus_v1
126,1989,25.329173,0.0,25.329173,12,coe2_bonus_v1
39,1989,25.192921,0.0,25.192921,12,coe2_bonus_v1
18,1989,24.990592,0.0,24.990592,13,coe2_bonus_v1
127,1989,24.787401,0.0,24.787401,12,coe2_bonus_v1
53,1989,24.603507,0.0,24.603507,12,coe2_bonus_v1
69,1989,23.957529,0.0,23.957529,12,coe2_bonus_v1
121,1989,23.929365,0.0,23.929365,12,coe2_bonus_v1
91,1989,23.056641,0.0,23.056641,12,coe2_bonus_v1
129,1989,23.037705,0.0,23.037705,11,coe2_bonus_v1
7,1989,22.825457,0.0,22.825457,12,coe2_bonus_v1
95,1989,22.753538,0.0,22.753538,12,coe2_bonus_v1
87,1989,22.667594,0.0,22.667594,12,coe2_bonus_v1
1,1989,21.997356,0.0,21.997356,12,coe2_bonus_v1
31,1989,21.855904,0.0,21.855904,12,coe2_bonus_v1
25,1989,21.787834,0.0,21.787834,13,coe2_bonus_v1
40,1989,21.755022,0.0,21.755022,11,coe2_bonus_v1
71,1989,20.767418,0.0,20.767418,12,coe2_bonus_v1
135,1989,20.686355,0.0,20.686355,11,coe2_bonus_v1
15,1989,20.625211,0.0,20.625211,11,coe2_bonus_v1
3,1989,20.615268,0.0,20.615268,11,coe2_bonus_v1
36,1989,20.487616,0.0,20.487616,12,coe2_bonus_v1
122,1989,20.280916,0.0,20.280916,10,coe2_bonus_v1
88,1989,19.834856,0.0,19.834856,11,coe2_bonus_v1
89,1989,19.821399,0.0,19.821399,12,coe2_bonus_v1
105,1989,19.792139,0.0,19.792139,12,coe2_bonus_v1
70,1989,19.518712,0.0,19.518712,12,coe2_bonus_v1
12,1989,19.326358,0.0,19.326358,11,coe2_bonus_v1
92,1989,18.660388,0.0,18.660388,11,coe2_bonus_v1
124,1989,17.97974,0.0,17.97974,10,coe2_bonus_v1
10,1989,17.670731,0.0,17.670731,8,coe2_bonus_v1
81,1989,17.516296,0.0,17.516296,11,coe2_bonus_v1
32,1989,17.516031,0.0,17.516031,11,coe2_bonus_v1
16,1989,17.151362,0.0,17.151362,11,coe2_bonus_v1
34,1989,16.96577,0.0,16.96577,11,coe2_bonus_v1
80,1989,16.911501,0.0,16.911501,11,coe2_bonus_v1
86,1989,16.38583,0.0,16.38583,7,coe2_bonus_v1
132,1989,16.055163,0.0,16.055163,11,coe2_bonus_v1
85,1989,15.672923,0.0,15.672923,9,coe2_bonus_v1
83,1989,15.579708,0.0,15.579708,11,coe2_bonus_v1
52,1989,15.469336,0.0,15.469336,11,coe2_bonus_v1
93,1989,15.299241,0.0,15.299241,11,coe2_bonus_v1
35,1989,15.19227,0.0,15.19227,11,coe2_bonus_v1
125,1989,14.997777,0.0,14.997777,11,coe2_bonus_v1
77,1989,14.84812,0.0,14.84812,10,coe2_bonus_v1
123,1989,14.672045,0.0,14.672045,12,coe2_bonus_v1
23,1989,14.415699,0.0,14.415699,10,coe2_bonus_v1
68,1989,14.413381,0.0,14.413381,11,coe2_bonus_v1
128,1989,14.310169,0.0,14.310169,10,coe2_bonus_v1
37,1989,14.276837,0.0,14.276837,11,coe2_bonus_v1
84,1989,14.17808,0.0,14.17808,10,coe2_bonus_v1
56,1989,13.853509,0.0,13.853509,10,coe2_bonus_v1
24,1989,13.41451,0.0,13.41451,11,coe2_bonus_v1
78,1989,13.14021,0.0,13.14021,11,coe2_bonus_v1
2,1989,13.137213,0.0,13.137213,10,coe2_bonus_v1
49,1989,12.743668,0.0,12.743668,7,coe2_bonus_v1
5,1989,12.736984,0.0,12.736984,11,coe2_bonus_v1
134,1989,12.490965,0.0,12.490965,10,coe2_bonus_v1
38,1989,12.472568,0.0,12.472568,11,coe2_bonus_v1
72,1989,12.124256,0.0,12.124256,11,coe2_bonus_v1
113,1989,11.942419,0.0,11.942419,6,coe2_bonus_v1
11,1989,11.778082,0.0,11.778082,9,coe2_bonus_v1
19,1989,11.578026,0.0,11.578026,12,coe2_bonus_v1
48,1989,11.560275,0.0,11.560275,12,coe2_bonus_v1
4,1989,10.874504,0.0,10.874504,11,coe2_bonus_v1
9,1989,10.525589,0.0,10.525589,8,coe2_bonus_v1
82,1989,10.519378,0.0,10.519378,10,coe2_bonus_v1
100,1989,10.478764,0.0,10.478764,9,coe2_bonus_v1
133,1989,10.451754,0.0,10.451754,11,coe2_bonus_v1
110,1989,10.191266,0.0,10.191266,8,coe2_bonus_v1
90,1989,10.091332,0.0,10.091332,11,coe2_bonus_v1
33,1989,9.874403,0.0,9.874403,11,coe2_bonus_v1
6,1989,9.767375,0.0,9.767375,11,coe2_bonus_v1
29,1989,9.419486,0.0,9.419486,10,coe2_bonus_v1
73,1989,8.830977,0.0,8.830977,11,coe2_bonus_v1
41,1989,8.761253,0.0,8.761253,11,coe2_bonus_v1
8,1989,8.662186,0.0,8.662186,11,coe2_bonus_v1
116,1989,7.668296,0.0,7.668296,11,coe2_bonus_v1
104,1989,7.092918,0.0,7.092918,11,coe2_bonus_v1
26,1989,6.735871,0.0,6.735871,12,coe2_bonus_v1
94,1989,6.655444,0.0,6.655444,10,coe2_bonus_v1
106,1989,6.067739,0.0,6.067739,11,coe2_bonus_v1
76,1989,5.962842,0.0,5.962842,11,coe2_bonus_v1
20,1989,5.936105,0.0,5.936105,8,coe2_bonus_v1
50,1989,5.52635,0.0,5.52635,10,coe2_bonus_v1
54,1989,5.440784,0.0,5.440784,11,coe2_bonus_v1
109,1989,5.336487,0.0,5.336487,7,coe2_bonus_v1
28,1989,4.737034,0.0,4.737034,11,coe2_bonus_v1
55,1989,4.564949,0.0,4.564949,10,coe2_bonus_v1
115,1989,3.527116,0.0,3.527116,11,coe2_bonus_v1
108,1989,3.204952,0.0,3.204952,11,coe2_bonus_v1
131,1989,2.675641,0.0,2.675641,11,coe2_bonus_v1
14,1989,2.613519,0.0,2.613519,6,coe2_bonus_v1
27,1989,0.0,0.0,0.0,8,coe2_bonus_v1
30,1989,0.0,0.0,0.0,9,coe2_bonus_v1
42,1989,0.0,0.0,0.0,9,coe2_bonus_v1
75,1989,0.0,0.0,0.0,11,coe2_bonus_v1
96,1989,0.0,0.0,0.0,10,coe2_bonus_v1
114,1989,0.0,0.0,0.0,11,coe2_bonus_v1
22,1990,28.810946,0.0,28.810946,13,coe2_bonus_v1
35,1990,28.755231,0.0,28.755231,12,coe2_bonus_v1
124,1990,27.471856,0.0,27.471856,11,coe2_bonus_v1
18,1990,24.813582,0.0,24.813582,13,coe2_bonus_v1
1,1990,24.64022,0.0,24.64022,12,coe2_bonus_v1
56,1990,23.265287,0.0,23.265287,10,coe2_bonus_v1
87,1990,23.066072,0.0,23.066072,12,coe2_bonus_v1
127,1990,22.910514,0.0,22.910514,12,coe2_bonus_v1
5,1990,22.701944,0.0,22.701944,12,coe2_bonus_v1
78,1990,22.660355,0.0,22.660355,12,coe2_bonus_v1
23,1990,22.487588,0.0,22.487588,12,coe2_bonus_v1
79,1990,22.259863,0.0,22.259863,12,coe2_bonus_v1
40,1990,21.386871,0.0,21.386871,10,coe2_bonus_v1
125,1990,21.29812,0.0,21.29812,10,coe2_bonus_v1
70,1990,21.249013,0.0,21.249013,12,coe2_bonus_v1
69,1990,21.195859,0.0,21.195859,12,coe2_bonus_v1
135,1990,21.174016,0.0,21.174016,11,coe2_bonus_v1
84,1990,20.967447,0.0,20.967447,12,coe2_bonus_v1
36,1990,20.559746,0.0,20.559746,12,coe2_bonus_v1
126,1990,20.462908,0.0,20.462908,11,coe2_bonus_v1
130,1990,20.294087,0.0,20.294087,12,coe2_bonus_v1
80,1990,20.266482,0.0,20.266482,10,coe2_bonus_v1
68,1990,20.075918,0.0,20.075918,11,coe2_bonus_v1
52,1990,20.025715,0.0,20.025715,11,coe2_bonus_v1
105,1990,20.011716,0.0,20.011716,13,coe2_bonus_v1
7,1990,19.902941,0.0,19.902941,13,coe2_bonus_v1
31,1990,19.871178,0.0,19.871178,12,coe2_bonus_v1
90,1990,19.479674,0.0,19.479674,12,coe2_bonus_v1
82,1990,19.382445,0.0,19.382445,11,coe2_bonus_v1
15,1990,19.381022,0.0,19.381022,12,coe2_bonus_v1
129,1990,19.379382,0.0,19.379382,10,coe2_bonus_v1
71,1990,19.016266,0.0,19.016266,12,coe2_bonus_v1
108,1990,18.784389,0.0,18.784389,10,coe2_bonus_v1
92,1990,18.472018,0.0,18.472018,11,coe2_bonus_v1
74,1990,18.11347,0.0,18.11347,11,coe2_bonus_v1
121,1990,17.9415,0.0,17.9415,12,coe2_bonus_v1
24,1990,17.741111,0.0,17.741111,11,coe2_bonus_v1
122,1990,17.48302,0.0,17.48302,11,coe2_bonus_v1
96,1990,17.432248,0.0,17.432248,10,coe2_bonus_v1
3,1990,17.217748,0.0,17.217748,11,coe2_bonus_v1
91,1990,17.136092,0.0,17.136092,11,coe2_bonus_v1
77,1990,17.097094,0.0,17.097094,11,coe2_bonus_v1
9,1990,16.730987,0.0,16.730987,9,coe2_bonus_v1
25,1990,16.622705,0.0,16.622705,11,coe2_bonus_v1
72,1990,16.266877,0.0,16.266877,12,coe2_bonus_v1
6,1990,15.982206,0.0,15.982206,11,coe2_bonus_v1
116,1990,15.576645,0.0,15.576645,11,coe2_bonus_v1
37,1990,15.165739,0.0,15.165739,10,coe2_bonus_v1
41,1990,14.963397,0.0,14.963397,11,coe2_bonus_v1
38,1990,14.746978,0.0,14.746978,11,coe2_bonus_v1
8,1990,14.734789,0.0,14.734789,11,coe2_bonus_v1
100,1990,14.671579,0.0,14.671579,11,coe2_bonus_v1
93,1990,14.313889,0.0,14.313889,10,coe2_bonus_v1
81,1990,13.84961,0.0,13.84961,9,coe2_bonus_v1
128,1990,13.582514,0.0,13.582514,9,coe2_bonus_v1
11,1990,13.168559,0.0,13.168559,10,coe2_bonus_v1
133,1990,12.968621,0.0,12.968621,11,coe2_bonus_v1
10,1990,12.864489,0.0,12.864489,8,coe2_bonus_v1
30,1990,12.611912,0.0,12.611912,10,coe2_bonus_v1
134,1990,12.545854,0.0,12.545854,10,coe2_bonus_v1
48,1990,12.230467,0.0,12.230467,11,coe2_bonus_v1
12,1990,12.196956,0.0,12.196956,9,coe2_bonus_v1
19,1990,12.160288,0.0,12.160288,11,coe2_bonus_v1
54,1990,12.149394,0.0,12.149394,11,coe2_bonus_v1
47,1990,11.944926,0.0,11.944926,8,coe2_bonus_v1
106,1990,11.916595,0.0,11.916595,11,coe2_bonus_v1
132,1990,11.697502,0.0,11.697502,11,coe2_bonus_v1
39,1990,11.46955,0.0,11.46955,11,coe2_bonus_v1
123,1990,11.161809,0.0,11.161809,11,coe2_bonus_v1
16,1990,10.992271,0.0,10.992271,11,coe2_bonus_v1
83,1990,10.973601,0.0,10.973601,10,coe2_bonus_v1
29,1990,10.67516,0.0,10.67516,11,coe2_bonus_v1
32,1990,10.161459,0.0,10.161459,10,coe2_bonus_v1
89,1990,10.094166,0.0,10.094166,11,coe2_bonus_v1
109,1990,9.154082,0.0,9.154082,8,coe2_bonus_v1
50,1990,9.059612,0.0,9.059612,9,coe2_bonus_v1
33,1990,8.958482,0.0,8.958482,10,coe2_bonus_v1
49,1990,8.938905,0.0,8.938905,9,coe2_bonus_v1
86,1990,8.534121,0.0,8.534121,8,coe2_bonus_v1
2,1990,8.381926,0.0,8.381926,11,coe2_bonus_v1
88,1990,7.80144,0.0,7.80144,11,coe2_bonus_v1
95,1990,7.573365,0.0,7.573365,10,coe2_bonus_v1
53,1990,7.157671,0.0,7.157671,11,coe2_bonus_v1
20,1990,6.978762,0.0,6.978762,8,coe2_bonus_v1
110,1990,6.952582,0.0,6.952582,7,coe2_bonus_v1
75,1990,6.4007,0.0,6.4007,11,coe2_bonus_v1
114,1990,6.325423,0.0,6.325423,11,coe2_bonus_v1
104,1990,6.250468,0.0,6.250468,10,coe2_bonus_v1
14,1990,6.012227,0.0,6.012227,6,coe2_bonus_v1
94,1990,5.998113,0.0,5.998113,10,coe2_bonus_v1
28,1990,5.990058,0.0,5.990058,10,coe2_bonus_v1
26,1990,5.619927,0.0,5.619927,12,coe2_bonus_v1
85,1990,5.137904,0.0,5.137904,10,coe2_bonus_v1
4,1990,3.839532,0.0,3.839532,10,coe2_bonus_v1
131,1990,3.786686,0.0,3.786686,11,coe2_bonus_v1
113,1990,3.530191,0.0,3.530191,8,coe2_bonus_v1
76,1990,3.288652,0.0,3.288652,11,coe2_bonus_v1
73,1990,3.18693,0.0,3.18693,10,coe2_bonus_v1
55,1990,3.121195,0.0,3.121195,11,coe2_bonus_v1
42,1990,2.853559,0.0,2.853559,10,coe2_bonus_v1
34,1990,2.583074,0.0,2.583074,9,coe2_bonus_v1
115,1990,1.010425,0.0,1.010425,9,coe2_bonus_v1
27,1990,0.0,0.0,0.0,8,coe2_bonus_v1
83,1991,30.679189,0.0,30.679189,12,coe2_bonus_v1
1,1991,28.197386,0.0,28.197386,12,coe2_bonus_v1
100,1991,27.597445,0.0,27.597445,11,coe2_bonus_v1
87,1991,26.830393,0.0,26.830393,13,coe2_bonus_v1
34,1991,26.505195,0.0,26.505195,11,coe2_bonus_v1
78,1991,26.025816,0.0,26.025816,12,coe2_bonus_v1
125,1991,25.605042,0.0,25.605042,12,coe2_bonus_v1
121,1991,25.431828,0.0,25.431828,11,coe2_bonus_v1
127,1991,25.376745,0.0,25.376745,11,coe2_bonus_v1
105,1991,24.937107,0.0,24.937107,12,coe2_bonus_v1
25,1991,23.883295,0.0,23.883295,12,coe2_bonus_v1
5,1991,23.879689,0.0,23.879689,11,coe2_bonus_v1
69,1991,23.608785,0.0,23.608785,12,coe2_bonus_v1
8,1991,23.549753,0.0,23.549753,12,coe2_bonus_v1
79,1991,23.451814,0.0,23.451814,13,coe2_bonus_v1
36,1991,23.282624,0.0,23.282624,12,coe2_bonus_v1
126,1991,23.10444,0.0,23.10444,12,coe2_bonus_v1
31,1991,23.03272,0.0,23.03272,12,coe2_bonus_v1
37,1991,22.703627,0.0,22.703627,12,coe2_bonus_v1
130,1991,22.672368,0.0,22.672368,12,coe2_bonus_v1
18,1991,21.259311,0.0,21.259311,13,coe2_bonus_v1
19,1991,20.835107,0.0,20.835107,12,coe2_bonus_v1
93,1991,20.674869,0.0,20.674869,11,coe2_bonus_v1
123,1991,20.618931,0.0,20.618931,10,coe2_bonus_v1
6,1991,20.457798,0.0,20.457798,11,coe2_bonus_v1
71,1991,19.947554,0.0,19.947554,12,coe2_bonus_v1
129,1991,19.761136,0.0,19.761136,11,coe2_bonus_v1
38,1991,19.536811,0.0,19.536811,11,coe2_bonus_v1
72,1991,19.231679,0.0,19.231679,12,coe2_bonus_v1
22,1991,19.213603,0.0,19.213603,12,coe2_bonus_v1
91,1991,19.186521,0.0,19.186521,11,coe2_bonus_v1
52,1991,19.058085,0.0,19.058085,11,coe2_bonus_v1
84,1991,18.716101,0.0,18.716101,11,coe2_bonus_v1
124,1991,17.883667,0.0,17.883667,12,coe2_bonus_v1
134,1991,17.577366,0.0,17.577366,11,coe2_bonus_v1
10,1991,17.560067,0.0,17.560067,9,coe2_bonus_v1
89,1991,17.522576,0.0,17.522576,11,coe2_bonus_v1
11,1991,17.477614,0.0,17.477614,11,coe2_bonus_v1
53,1991,17.27909,0.0,17.27909,12,coe2_bonus_v1
16,1991,16.900196,0.0,16.900196,11,coe2_bonus_v1
88,1991,16.705565,0.0,16.705565,11,coe2_bonus_v1
29,1991,16.559448,0.0,16.559448,11,coe2_bonus_v1
131,1991,16.548198,0.0,16.548198,11,coe2_bonus_v1
116,1991,16.473398,0.0,16.473398,11,coe2_bonus_v1
82,1991,15.948426,0.0,15.948426,11,coe2_bonus_v1
96,1991,15.663633,0.0,15.663633,10,coe2_bonus_v1
74,1991,15.650782,0.0,15.650782,12,coe2_bonus_v1
50,1991,15.458725,0.0,15.458725,11,coe2_bonus_v1
39,1991,15.224662,0.0,15.224662,10,coe2_bonus_v1
104,1991,15.012387,0.0,15.012387,10,coe2_bonus_v1
80,1991,14.974364,0.0,14.974364,11,coe2_bonus_v1
30,1991,14.141577,0.0,14.141577,9,coe2_bonus_v1
47,1991,13.847106,0.0,13.847106,8,coe2_bonus_v1
81,1991,13.79314,0.0,13.79314,10,coe2_bonus_v1
133,1991,13.404828,0.0,13.404828,11,coe2_bonus_v1
35,1991,12.879645,0.0,12.879645,11,coe2_bonus_v1
76,1991,12.44431,0.0,12.44431,10,coe2_bonus_v1
106,1991,12.359389,0.0,12.359389,11,coe2_bonus_v1
135,1991,12.251764,0.0,12.251764,11,coe2_bonus_v1
2,1991,11.752809,0.0,11.752809,11,coe2_bonus_v1
24,1991,11.74686,0.0,11.74686,11,coe2_bonus_v1
41,1991,11.733666,0.0,11.733666,11,coe2_bonus_v1
73,1991,11.489887,0.0,11.489887,11,coe2_bonus_v1
85,1991,11.199883,0.0,11.199883,11,coe2_bonus_v1
40,1991,10.746192,0.0,10.746192,11,coe2_bonus_v1
75,1991,10.530068,0.0,10.530068,11,coe2_bonus_v1
28,1991,10.458243,0.0,10.458243,11,coe2_bonus_v1
54,1991,10.243084,0.0,10.243084,11,coe2_bonus_v1
92,1991,10.212941,0.0,10.212941,10,coe2_bonus_v1
55,1991,10.066418,0.0,10.066418,10,coe2_bonus_v1
26,1991,10.025016,0.0,10.025016,12,coe2_bonus_v1
122,1991,9.963057,0.0,9.963057,10,coe2_bonus_v1
12,1991,9.439522,0.0,9.439522,11,coe2_bonus_v1
95,1991,9.314167,0.0,9.314167,10,coe2_bonus_v1
20,1991,8.995963,0.0,8.995963,8,coe2_bonus_v1
70,1991,8.982456,0.0,8.982456,11,coe2_bonus_v1
7,1991,8.883601,0.0,8.883601,11,coe2_bonus_v1
113,1991,8.778488,0.0,8.778488,8,coe2_bonus_v1
68,1991,8.684638,0.0,8.684638,10,coe2_bonus_v1
15,1991,8.557945,0.0,8.557945,10,coe2_bonus_v1
128,1991,8.47852,0.0,8.47852,10,coe2_bonus_v1
14,1991,8.303411,0.0,8.303411,7,coe2_bonus_v1
32,1991,8.157447,0.0,8.157447,10,coe2_bonus_v1
132,1991,8.115239,0.0,8.115239,11,coe2_bonus_v1
23,1991,8.066846,0.0,8.066846,11,coe2_bonus_v1
49,1991,7.721205,0.0,7.721205,10,coe2_bonus_v1
9,1991,7.616397,0.0,7.616397,8,coe2_bonus_v1
3,1991,7.282621,0.0,7.282621,11,coe2_bonus_v1
109,1991,6.294153,0.0,6.294153,8,coe2_bonus_v1
94,1991,6.189713,0.0,6.189713,9,coe2_bonus_v1
90,1991,5.712582,0.0,5.712582,11,coe2_bonus_v1
77,1991,5.403499,0.0,5.403499,11,coe2_bonus_v1
115,1991,4.616373,0.0,4.616373,10,coe2_bonus_v1
114,1991,3.765142,0.0,3.765142,11,coe2_bonus_v1
4,1991,3.734228,0.0,3.734228,11,coe2_bonus_v1
42,1991,3.475216,0.0,3.475216,11,coe2_bonus_v1
110,1991,3.369522,0.0,3.369522,9,coe2_bonus_v1
48,1991,2.881017,0.0,2.881017,11,coe2_bonus_v1
56,1991,2.878361,0.0,2.878361,10,coe2_bonus_v1
86,1991,2.650356,0.0,2.650356,10,coe2_bonus_v1
108,1991,2.433437,0.0,2.433437,10,coe2_bonus_v1
33,1991,0.883643,0.0,0.883643,11,coe2_bonus_v1
27,1991,0.0,0.0,0.0,8,coe2_bonus_v1
57,1991,0.0,0.0,0.0,7,coe2_bonus_v1
121,1992,31.283162,0.0,31.283162,13,coe2_bonus_v1
12,1992,30.850448,0.0,30.850448,13,coe2_bonus_v1
36,1992,27.324866,0.0,27.324866,13,coe2_bonus_v1
6,1992,25.6888,0.0,25.6888,13,coe2_bonus_v1
126,1992,24.913861,0.0,24.913861,12,coe2_bonus_v1
135,1992,24.626368,0.0,24.626368,12,coe2_bonus_v1
105,1992,24.45004,0.0,24.45004,12,coe2_bonus_v1
79,1992,24.403037,0.0,24.403037,12,coe2_bonus_v1
83,1992,23.579976,0.0,23.579976,11,coe2_bonus_v1
2,1992,23.190254,0.0,23.190254,11,coe2_bonus_v1
127,1992,22.939743,0.0,22.939743,11,coe2_bonus_v1
10,1992,22.804845,0.0,22.804845,12,coe2_bonus_v1
125,1992,22.75444,0.0,22.75444,13,coe2_bonus_v1
71,1992,22.31318,0.0,22.31318,12,coe2_bonus_v1
29,1992,22.210556,0.0,22.210556,12,coe2_bonus_v1
69,1992,22.120791,0.0,22.120791,12,coe2_bonus_v1
130,1992,22.082654,0.0,22.082654,12,coe2_bonus_v1
93,1992,22.068715,0.0,22.068715,12,coe2_bonus_v1
96,1992,21.546137,0.0,21.546137,11,coe2_bonus_v1
22,1992,21.482595,0.0,21.482595,12,coe2_bonus_v1
80,1992,21.395304,0.0,21.395304,11,coe2_bonus_v1
94,1992,21.216223,0.0,21.216223,11,coe2_bonus_v1
106,1992,21.142313,0.0,21.142313,12,coe2_bonus_v1
18,1992,21.046064,0.0,21.046064,13,coe2_bonus_v1
68,1992,20.595214,0.0,20.595214,11,coe2_bonus_v1
113,1992,20.358317,0.0,20.358317,10,coe2_bonus_v1
123,1992,20.117305,0.0,20.117305,10,coe2_bonus_v1
82,1992,20.094655,0.0,20.094655,11,coe2_bonus_v1
134,1992,19.742409,0.0,19.742409,12,coe2_bonus_v1
37,1992,19.713573,0.0,19.713573,12,coe2_bonus_v1
31,1992,19.381562,0.0,19.381562,11,coe2_bonus_v1
15,1992,18.853534,0.0,18.853534,12,coe2_bonus_v1
74,1992,18.832167,0.0,18.832167,12,coe2_bonus_v1
7,1992,18.478319,0.0,18.478319,12,coe2_bonus_v1
3,1992,18.101997,0.0,18.101997,12,coe2_bonus_v1
19,1992,17.799991,0.0,17.799991,12,coe2_bonus_v1
1,1992,17.607753,0.0,17.607753,11,coe2_bonus_v1
116,1992,17.605612,0.0,17.605612,11,coe2_bonus_v1
25,1992,17.382085,0.0,17.382085,12,coe2_bonus_v1
104,1992,16.521844,0.0,16.521844,10,coe2_bonus_v1
128,1992,16.080763,0.0,16.080763,11,coe2_bonus_v1
50,1992,15.840313,0.0,15.840313,11,coe2_bonus_v1
56,1992,15.800208,0.0,15.800208,11,coe2_bonus_v1
23,1992,15.334731,0.0,15.334731,11,coe2_bonus_v1
87,1992,15.330573,0.0,15.330573,12,coe2_bonus_v1
89,1992,15.13458,0.0,15.13458,11,coe2_bonus_v1
11,1992,14.909038,0.0,14.909038,11,coe2_bonus_v1
16,1992,14.806362,0.0,14.806362,10,coe2_bonus_v1
8,1992,14.801341,0.0,14.801341,10,coe2_bonus_v1
76,1992,14.637461,0.0,14.637461,11,coe2_bonus_v1
91,1992,14.580347,0.0,14.580347,10,coe2_bonus_v1
41,1992,14.443209,0.0,14.443209,10,coe2_bonus_v1
35,1992,14.108273,0.0,14.108273,10,coe2_bonus_v1
70,1992,14.076932,0.0,14.076932,11,coe2_bonus_v1
27,1992,13.950856,0.0,13.950856,7,coe2_bonus_v1
42,1992,13.688457,0.0,13.688457,10,coe2_bonus_v1
81,1992,13.482681,0.0,13.482681,11,coe2_bonus_v1
39,1992,13.410695,0.0,13.410695,11,coe2_bonus_v1
78,1992,13.373992,0.0,13.373992,12,coe2_bonus_v1
52,1992,13.371774,0.0,13.371774,11,coe2_bonus_v1
73,1992,13.153351,0.0,13.153351,11,coe2_bonus_v1
84,1992,12.841168,0.0,12.841168,11,coe2_bonus_v1
72,1992,12.738749,0.0,12.738749,11,coe2_bonus_v1
100,1992,12.699868,0.0,12.699868,11,coe2_bonus_v1
132,1992,12.447289,0.0,12.447289,11,coe2_bonus_v1
32,1992,11.920298,0.0,11.920298,10,coe2_bonus_v1
131,1992,11.887253,0.0,11.887253,11,coe2_bonus_v1
122,1992,11.48591,0.0,11.48591,10,coe2_bonus_v1
24,1992,11.448258,0.0,11.448258,11,coe2_bonus_v1
53,1992,11.128531,0.0,11.128531,10,coe2_bonus_v1
124,1992,10.982593,0.0,10.982593,10,coe2_bonus_v1
40,1992,10.975555,0.0,10.975555,11,coe2_bonus_v1
129,1992,10.959461,0.0,10.959461,10,coe2_bonus_v1
9,1992,10.948644,0.0,10.948644,8,coe2_bonus_v1
33,1992,10.857233,0.0,10.857233,10,coe2_bonus_v1
75,1992,10.34082,0.0,10.34082,11,coe2_bonus_v1
30,1992,10.224173,0.0,10.224173,10,coe2_bonus_v1
5,1992,10.183755,0.0,10.183755,11,coe2_bonus_v1
90,1992,10.182511,0.0,10.182511,11,coe2_bonus_v1
47,1992,10.104694,0.0,10.104694,10,coe2_bonus_v1
26,1992,9.878691,0.0,9.878691,11,coe2_bonus_v1
86,1992,9.12945,0.0,9.12945,8,coe2_bonus_v1
55,1992,8.995938,0.0,8.995938,11,coe2_bonus_v1
20,1992,8.646736,0.0,8.646736,8,coe2_bonus_v1
109,1992,8.458593,0.0,8.458593,8,coe2_bonus_v1
34,1992,8.056635,0.0,8.056635,10,coe2_bonus_v1
88,1992,7.64014,0.0,7.64014,12,coe2_bonus_v1
38,1992,7.522842,0.0,7.522842,11,coe2_bonus_v1
77,1992,7.166969,0.0,7.166969,11,coe2_bonus_v1
114,1992,7.133497,0.0,7.133497,11,coe2_bonus_v1
14,1992,6.957415,0.0,6.957415,6,coe2_bonus_v1
54,1992,6.865776,0.0,6.865776,10,coe2_bonus_v1
95,1992,6.381697,0.0,6.381697,11,coe2_bonus_v1
133,1992,5.57752,0.0,5.57752,11,coe2_bonus_v1
4,1992,4.994188,0.0,4.994188,11,coe2_bonus_v1
92,1992,4.276143,0.0,4.276143,10,coe2_bonus_v1
28,1992,3.664264,0.0,3.664264,11,coe2_bonus_v1
57,1992,3.394479,0.0,3.394479,8,coe2_bonus_v1
115,1992,3.16245,0.0,3.16245,10,coe2_bonus_v1
110,1992,3.029363,0.0,3.029363,10,coe2_bonus_v1
48,1992,2.921728,0.0,2.921728,10,coe2_bonus_v1
85,1992,2.814581,0.0,2.814581,11,coe2_bonus_v1
13,1992,0.0,0.0,0.0,0,coe2_bonus_v1
49,1992,0.0,0.0,0.0,8,coe2_bonus_v1
108,1992,0.0,0.0,0.0,10,coe2_bonus_v1
76,1993,30.733222,0.0,30.733222,12,coe2_bonus_v1
89,1993,29.093629,0.0,29.093629,12,coe2_bonus_v1
122,1993,27.64999,0.0,27.64999,10,coe2_bonus_v1
126,1993,27.30812,0.0,27.30812,13,coe2_bonus_v1
125,1993,26.934479,0.0,26.934479,13,coe2_bonus_v1
87,1993,25.942503,0.0,25.942503,12,coe2_bonus_v1
79,1993,25.789414,0.0,25.789414,12,coe2_bonus_v1
5,1993,25.711469,0.0,25.711469,13,coe2_bonus_v1
71,1993,24.913115,0.0,24.913115,12,coe2_bonus_v1
92,1993,24.89576,0.0,24.89576,12,coe2_bonus_v1
106,1993,24.885372,0.0,24.885372,12,coe2_bonus_v1
96,1993,24.66894,0.0,24.66894,13,coe2_bonus_v1
15,1993,24.181156,0.0,24.181156,11,coe2_bonus_v1
56,1993,23.979286,0.0,23.979286,12,coe2_bonus_v1
30,1993,23.953873,0.0,23.953873,11,coe2_bonus_v1
31,1993,23.914725,0.0,23.914725,11,coe2_bonus_v1
49,1993,23.864842,0.0,23.864842,11,coe2_bonus_v1
8,1993,23.483503,0.0,23.483503,12,coe2_bonus_v1
52,1993,23.437541,0.0,23.437541,12,coe2_bonus_v1
36,1993,23.314434,0.0,23.314434,12,coe2_bonus_v1
130,1993,22.029355,0.0,22.029355,12,coe2_bonus_v1
129,1993,21.91469,0.0,21.91469,11,coe2_bonus_v1
7,1993,21.409521,0.0,21.409521,13,coe2_bonus_v1
72,1993,21.056368,0.0,21.056368,12,coe2_bonus_v1
121,1993,20.680323,0.0,20.680323,13,coe2_bonus_v1
24,1993,20.619781,0.0,20.619781,11,coe2_bonus_v1
19,1993,20.527723,0.0,20.527723,12,coe2_bonus_v1
81,1993,20.438866,0.0,20.438866,11,coe2_bonus_v1
55,1993,20.247927,0.0,20.247927,10,coe2_bonus_v1
22,1993,19.803043,0.0,19.803043,12,coe2_bonus_v1
69,1993,19.75939,0.0,19.75939,12,coe2_bonus_v1
10,1993,19.575093,0.0,19.575093,12,coe2_bonus_v1
82,1993,19.477632,0.0,19.477632,10,coe2_bonus_v1
16,1993,18.639771,0.0,18.639771,11,coe2_bonus_v1
127,1993,17.840371,0.0,17.840371,11,coe2_bonus_v1
20,1993,17.717618,0.0,17.717618,11,coe2_bonus_v1
132,1993,17.629596,0.0,17.629596,12,coe2_bonus_v1
91,1993,17.624218,0.0,17.624218,12,coe2_bonus_v1
1,1993,17.406262,0.0,17.406262,11,coe2_bonus_v1
50,1993,17.074734,0.0,17.074734,11,coe2_bonus_v1
53,1993,16.818483,0.0,16.818483,11,coe2_bonus_v1
78,1993,16.335304,0.0,16.335304,12,coe2_bonus_v1
23,1993,16.280532,0.0,16.280532,11,coe2_bonus_v1
83,1993,16.19488,0.0,16.19488,11,coe2_bonus_v1
133,1993,15.874822,0.0,15.874822,11,coe2_bonus_v1
70,1993,15.610153,0.0,15.610153,12,coe2_bonus_v1
93,1993,15.517351,0.0,15.517351,11,coe2_bonus_v1
84,1993,15.225418,0.0,15.225418,11,coe2_bonus_v1
26,1993,14.991815,0.0,14.991815,10,coe2_bonus_v1
35,1993,14.979354,0.0,14.979354,11,coe2_bonus_v1
18,1993,14.84601,0.0,14.84601,12,coe2_bonus_v1
74,1993,14.617854,0.0,14.617854,11,coe2_bonus_v1
11,1993,14.028055,0.0,14.028055,11,coe2_bonus_v1
105,1993,13.735207,0.0,13.735207,11,coe2_bonus_v1
37,1993,13.623796,0.0,13.623796,11,coe2_bonus_v1
39,1993,13.58212,0.0,13.58212,11,coe2_bonus_v1
123,1993,13.396024,0.0,13.396024,11,coe2_bonus_v1
113,1993,13.356855,0.0,13.356855,10,coe2_bonus_v1
41,1993,13.346628,0.0,13.346628,10,coe2_bonus_v1
115,1993,12.969886,0.0,12.969886,11,coe2_bonus_v1
12,1993,12.528928,0.0,12.528928,11,coe2_bonus_v1
38,1993,12.188373,0.0,12.188373,11,coe2_bonus_v1
131,1993,12.186327,0.0,12.186327,11,coe2_bonus_v1
116,1993,11.815453,0.0,11.815453,11,coe2_bonus_v1
27,1993,11.805158,0.0,11.805158,10,coe2_bonus_v1
13,1993,11.5621,0.0,11.5621,7,coe2_bonus_v1
3,1993,11.476055,0.0,11.476055,10,coe2_bonus_v1
128,1993,11.16536,0.0,11.16536,11,coe2_bonus_v1
29,1993,10.833029,0.0,10.833029,11,coe2_bonus_v1
124,1993,10.830793,0.0,10.830793,10,coe2_bonus_v1
34,1993,10.795533,0.0,10.795533,10,coe2_bonus_v1
6,1993,10.787176,0.0,10.787176,11,coe2_bonus_v1
14,1993,10.63863,0.0,10.63863,10,coe2_bonus_v1
4,1993,10.61323,0.0,10.61323,10,coe2_bonus_v1
135,1993,10.43422,0.0,10.43422,10,coe2_bonus_v1
77,1993,10.032918,0.0,10.032918,10,coe2_bonus_v1
134,1993,9.912913,0.0,9.912913,11,coe2_bonus_v1
95,1993,9.883908,0.0,9.883908,11,coe2_bonus_v1
85,1993,9.704347,0.0,9.704347,10,coe2_bonus_v1
88,1993,9.673277,0.0,9.673277,11,coe2_bonus_v1
54,1993,9.621885,0.0,9.621885,11,coe2_bonus_v1
32,1993,8.993965,0.0,8.993965,11,coe2_bonus_v1
109,1993,8.595211,0.0,8.595211,8,coe2_bonus_v1
42,1993,8.555291,0.0,8.555291,11,coe2_bonus_v1
2,1993,7.842903,0.0,7.842903,9,coe2_bonus_v1
104,1993,7.838304,0.0,7.838304,10,coe2_bonus_v1
80,1993,7.415012,0.0,7.415012,10,coe2_bonus_v1
48,1993,6.825448,0.0,6.825448,11,coe2_bonus_v1
110,1993,6.708026,0.0,6.708026,9,coe2_bonus_v1
75,1993,6.376188,0.0,6.376188,11,coe2_bonus_v1
90,1993,6.213693,0.0,6.213693,11,coe2_bonus_v1
9,1993,6.03925,0.0,6.03925,10,coe2_bonus_v1
33,1993,5.937929,0.0,5.937929,10,coe2_bonus_v1
86,1993,5.846373,0.0,5.846373,9,coe2_bonus_v1
57,1993,5.339531,0.0,5.339531,8,coe2_bonus_v1
25,1993,5.303648,0.0,5.303648,10,coe2_bonus_v1
47,1993,5.081885,0.0,5.081885,10,coe2_bonus_v1
40,1993,4.343817,0.0,4.343817,11,coe2_bonus_v1
68,1993,3.878534,0.0,3.878534,10,coe2_bonus_v1
94,1993,3.594726,0.0,3.594726,10,coe2_bonus_v1
100,1993,3.056091,0.0,3.056091,10,coe2_bonus_v1
108,1993,2.937722,0.0,2.937722,11,coe2_bonus_v1
73,1993,2.851155,0.0,2.851155,11,coe2_bonus_v1
28,1993,2.760385,0.0,2.760385,12,coe2_bonus_v1
114,1993,0.0,0.0,0.0,11,coe2_bonus_v1
31,1994,29.066882,0.0,29.066882,12,coe2_bonus_v1
87,1994,28.47854,0.0,28.47854,12,coe2_bonus_v1
121,1994,26.713807,0.0,26.713807,12,coe2_bonus_v1
23,1994,26.125167,0.0,26.125167,12,coe2_bonus_v1
18,1994,25.221899,0.0,25.221899,12,coe2_bonus_v1
19,1994,24.608271,0.0,24.608271,11,coe2_bonus_v1
22,1994,24.523223,0.0,24.523223,11,coe2_bonus_v1
3,1994,24.392727,0.0,24.392727,12,coe2_bonus_v1
84,1994,24.282388,0.0,24.282388,12,coe2_bonus_v1
125,1994,24.133584,0.0,24.133584,13,coe2_bonus_v1
126,1994,23.92378,0.0,23.92378,12,coe2_bonus_v1
2,1994,23.655029,0.0,23.655029,12,coe2_bonus_v1
25,1994,23.32668,0.0,23.32668,12,coe2_bonus_v1
36,1994,23.205439,0.0,23.205439,11,coe2_bonus_v1
71,1994,23.158511,0.0,23.158511,13,coe2_bonus_v1
7,1994,22.948762,0.0,22.948762,12,coe2_bonus_v1
127,1994,22.652569,0.0,22.652569,11,coe2_bonus_v1
93,1994,22.605431,0.0,22.605431,11,coe2_bonus_v1
134,1994,22.482985,0.0,22.482985,12,coe2_bonus_v1
30,1994,22.319669,0.0,22.319669,12,coe2_bonus_v1
95,1994,21.881786,0.0,21.881786,12,coe2_bonus_v1
35,1994,21.706299,0.0,21.706299,12,coe2_bonus_v1
14,1994,21.451085,0.0,21.451085,11,coe2_bonus_v1
83,1994,21.444947,0.0,21.444947,11,coe2_bonus_v1
128,1994,21.43839,0.0,21.43839,12,coe2_bonus_v1
91,1994,21.374767,0.0,21.374767,11,coe2_bonus_v1
38,1994,20.619935,0.0,20.619935,12,coe2_bonus_v1
69,1994,20.56307,0.0,20.56307,12,coe2_bonus_v1
130,1994,20.309531,0.0,20.309531,12,coe2_bonus_v1
96,1994,19.817094,0.0,19.817094,12,coe2_bonus_v1
76,1994,19.731649,0.0,19.731649,12,coe2_bonus_v1
92,1994,19.523965,0.0,19.523965,12,coe2_bonus_v1
106,1994,19.089339,0.0,19.089339,12,coe2_bonus_v1
89,1994,18.942487,0.0,18.942487,13,coe2_bonus_v1
15,1994,18.804666,0.0,18.804666,12,coe2_bonus_v1
74,1994,18.73545,0.0,18.73545,12,coe2_bonus_v1
37,1994,18.353018,0.0,18.353018,12,coe2_bonus_v1
100,1994,17.964035,0.0,17.964035,11,coe2_bonus_v1
1,1994,17.947406,0.0,17.947406,11,coe2_bonus_v1
122,1994,17.837556,0.0,17.837556,9,coe2_bonus_v1
105,1994,17.724986,0.0,17.724986,11,coe2_bonus_v1
50,1994,16.298925,0.0,16.298925,11,coe2_bonus_v1
72,1994,16.169532,0.0,16.169532,11,coe2_bonus_v1
49,1994,16.129021,0.0,16.129021,10,coe2_bonus_v1
39,1994,15.80297,0.0,15.80297,12,coe2_bonus_v1
56,1994,15.745392,0.0,15.745392,11,coe2_bonus_v1
52,1994,15.539061,0.0,15.539061,12,coe2_bonus_v1
26,1994,15.234387,0.0,15.234387,12,coe2_bonus_v1
13,1994,15.152447,0.0,15.152447,7,coe2_bonus_v1
41,1994,14.955359,0.0,14.955359,11,coe2_bonus_v1
78,1994,14.869304,0.0,14.869304,11,coe2_bonus_v1
104,1994,14.850746,0.0,14.850746,11,coe2_bonus_v1
8,1994,14.825642,0.0,14.825642,11,coe2_bonus_v1
68,1994,14.66597,0.0,14.66597,10,coe2_bonus_v1
10,1994,14.604346,0.0,14.604346,13,coe2_bonus_v1
116,1994,14.48609,0.0,14.48609,11,coe2_bonus_v1
131,1994,14.480232,0.0,14.480232,11,coe2_bonus_v1
85,1994,14.47285,0.0,14.47285,11,coe2_bonus_v1
123,1994,14.37909,0.0,14.37909,10,coe2_bonus_v1
81,1994,14.364867,0.0,14.364867,11,coe2_bonus_v1
82,1994,14.250959,0.0,14.250959,10,coe2_bonus_v1
73,1994,14.15854,0.0,14.15854,11,coe2_bonus_v1
70,1994,14.144961,0.0,14.144961,11,coe2_bonus_v1
79,1994,13.875635,0.0,13.875635,12,coe2_bonus_v1
24,1994,13.712808,0.0,13.712808,11,coe2_bonus_v1
29,1994,13.441571,0.0,13.441571,10,coe2_bonus_v1
80,1994,12.533945,0.0,12.533945,9,coe2_bonus_v1
11,1994,11.735839,0.0,11.735839,11,coe2_bonus_v1
133,1994,11.655043,0.0,11.655043,11,coe2_bonus_v1
75,1994,11.560591,0.0,11.560591,11,coe2_bonus_v1
90,1994,11.54095,0.0,11.54095,11,coe2_bonus_v1
5,1994,10.927554,0.0,10.927554,11,coe2_bonus_v1
129,1994,10.804416,0.0,10.804416,10,coe2_bonus_v1
53,1994,10.356882,0.0,10.356882,11,coe2_bonus_v1
4,1994,10.006611,0.0,10.006611,10,coe2_bonus_v1
54,1994,9.77074,0.0,9.77074,12,coe2_bonus_v1
6,1994,9.393387,0.0,9.393387,11,coe2_bonus_v1
27,1994,8.929493,0.0,8.929493,10,coe2_bonus_v1
16,1994,8.829423,0.0,8.829423,11,coe2_bonus_v1
86,1994,8.705634,0.0,8.705634,9,coe2_bonus_v1
28,1994,8.659113,0.0,8.659113,10,coe2_bonus_v1
135,1994,8.502824,0.0,8.502824,10,coe2_bonus_v1
88,1994,8.255723,0.0,8.255723,11,coe2_bonus_v1
20,1994,8.253986,0.0,8.253986,9,coe2_bonus_v1
12,1994,7.781559,0.0,7.781559,11,coe2_bonus_v1
77,1994,6.97135,0.0,6.97135,10,coe2_bonus_v1
33,1994,6.803118,0.0,6.803118,10,coe2_bonus_v1
108,1994,6.789582,0.0,6.789582,11,coe2_bonus_v1
110,1994,6.757285,0.0,6.757285,10,coe2_bonus_v1
109,1994,6.715921,0.0,6.715921,8,coe2_bonus_v1
9,1994,6.549366,0.0,6.549366,10,coe2_bonus_v1
34,1994,6.356813,0.0,6.356813,10,coe2_bonus_v1
94,1994,6.130931,0.0,6.130931,10,coe2_bonus_v1
47,1994,6.105285,0.0,6.105285,10,coe2_bonus_v1
114,1994,6.070316,0.0,6.070316,10,coe2_bonus_v1
42,1994,4.971037,0.0,4.971037,11,coe2_bonus_v1
48,1994,3.637301,0.0,3.637301,11,coe2_bonus_v1
55,1994,3.479258,0.0,3.479258,10,coe2_bonus_v1
40,1994,3.456949,0.0,3.456949,11,coe2_bonus_v1
132,1994,3.235013,0.0,3.235013,10,coe2_bonus_v1
113,1994,2.84044,0.0,2.84044,10,coe2_bonus_v1
32,1994,0.991268,0.0,0.991268,10,coe2_bonus_v1
57,1994,0.0,0.0,0.0,9,coe2_bonus_v1
115,1994,0.0,0.0,0.0,11,coe2_bonus_v1
124,1994,0.0,0.0,0.0,10,coe2_bonus_v1
75,1995,30.503012,0.0,30.503012,12,coe2_bonus_v1
92,1995,28.297155,0.0,28.297155,12,coe2_bonus_v1
125,1995,27.647424,0.0,27.647424,13,coe2_bonus_v1
80,1995,27.376493,0.0,27.376493,11,coe2_bonus_v1
71,1995,27.0631,0.0,27.0631,13,coe2_bonus_v1
130,1995,26.78369,0.0,26.78369,12,coe2_bonus_v1
35,1995,26.448053,0.0,26.448053,13,coe2_bonus_v1
31,1995,25.42563,0.0,25.42563,11,coe2_bonus_v1
100,1995,24.881525,0.0,24.881525,12,coe2_bonus_v1
22,1995,24.223617,0.0,24.223617,12,coe2_bonus_v1
30,1995,23.882502,0.0,23.882502,12,coe2_bonus_v1
29,1995,23.661407,0.0,23.661407,11,coe2_bonus_v1
53,1995,23.411451,0.0,23.411451,13,coe2_bonus_v1
105,1995,23.26767,0.0,23.26767,12,coe2_bonus_v1
39,1995,23.1328,0.0,23.1328,12,coe2_bonus_v1
116,1995,22.880966,0.0,22.880966,11,coe2_bonus_v1
69,1995,22.833485,0.0,22.833485,13,coe2_bonus_v1
7,1995,22.714037,0.0,22.714037,12,coe2_bonus_v1
11,1995,22.583499,0.0,22.583499,12,coe2_bonus_v1
79,1995,22.47546,0.0,22.47546,12,coe2_bonus_v1
3,1995,22.032815,0.0,22.032815,11,coe2_bonus_v1
87,1995,21.548753,0.0,21.548753,12,coe2_bonus_v1
25,1995,20.978558,0.0,20.978558,13,coe2_bonus_v1
91,1995,20.881561,0.0,20.881561,12,coe2_bonus_v1
6,1995,20.704497,0.0,20.704497,12,coe2_bonus_v1
126,1995,20.469867,0.0,20.469867,11,coe2_bonus_v1
1,1995,20.090071,0.0,20.090071,12,coe2_bonus_v1
8,1995,19.720722,0.0,19.720722,12,coe2_bonus_v1
78,1995,19.6778,0.0,19.6778,11,coe2_bonus_v1
129,1995,19.339512,0.0,19.339512,11,coe2_bonus_v1
96,1995,19.256773,0.0,19.256773,12,coe2_bonus_v1
23,1995,19.129628,0.0,19.129628,11,coe2_bonus_v1
36,1995,19.071153,0.0,19.071153,11,coe2_bonus_v1
37,1995,18.960372,0.0,18.960372,11,coe2_bonus_v1
19,1995,18.7288,0.0,18.7288,11,coe2_bonus_v1
55,1995,18.5951,0.0,18.5951,11,coe2_bonus_v1
18,1995,18.230371,0.0,18.230371,11,coe2_bonus_v1
70,1995,18.204418,0.0,18.204418,12,coe2_bonus_v1
133,1995,18.135265,0.0,18.135265,11,coe2_bonus_v1
16,1995,17.983002,0.0,17.983002,11,coe2_bonus_v1
90,1995,17.556482,0.0,17.556482,11,coe2_bonus_v1
122,1995,17.426702,0.0,17.426702,11,coe2_bonus_v1
13,1995,17.408665,0.0,17.408665,10,coe2_bonus_v1
81,1995,16.875921,0.0,16.875921,10,coe2_bonus_v1
24,1995,16.746166,0.0,16.746166,11,coe2_bonus_v1
127,1995,16.63863,0.0,16.63863,10,coe2_bonus_v1
123,1995,16.27072,0.0,16.27072,12,coe2_bonus_v1
82,1995,16.164992,0.0,16.164992,10,coe2_bonus_v1
68,1995,16.03007,0.0,16.03007,11,coe2_bonus_v1
121,1995,15.965707,0.0,15.965707,10,coe2_bonus_v1
85,1995,15.84503,0.0,15.84503,11,coe2_bonus_v1
56,1995,15.513915,0.0,15.513915,10,coe2_bonus_v1
124,1995,14.905211,0.0,14.905211,10,coe2_bonus_v1
47,1995,14.789251,0.0,14.789251,10,coe2_bonus_v1
38,1995,14.626608,0.0,14.626608,11,coe2_bonus_v1
74,1995,14.509693,0.0,14.509693,11,coe2_bonus_v1
73,1995,14.01591,0.0,14.01591,11,coe2_bonus_v1
135,1995,13.93584,0.0,13.93584,10,coe2_bonus_v1
132,1995,13.763031,0.0,13.763031,11,coe2_bonus_v1
15,1995,13.714963,0.0,13.714963,10,coe2_bonus_v1
76,1995,13.660456,0.0,13.660456,11,coe2_bonus_v1
89,1995,12.911269,0.0,12.911269,11,coe2_bonus_v1
83,1995,12.599473,0.0,12.599473,11,coe2_bonus_v1
128,1995,12.020946,0.0,12.020946,11,coe2_bonus_v1
52,1995,11.228067,0.0,11.228067,10,coe2_bonus_v1
104,1995,11.192806,0.0,11.192806,11,coe2_bonus_v1
106,1995,10.986395,0.0,10.986395,12,coe2_bonus_v1
10,1995,10.857166,0.0,10.857166,11,coe2_bonus_v1
49,1995,10.487823,0.0,10.487823,9,coe2_bonus_v1
33,1995,10.214833,0.0,10.214833,11,coe2_bonus_v1
57,1995,9.952368,0.0,9.952368,8,coe2_bonus_v1
110,1995,9.495284,0.0,9.495284,9,coe2_bonus_v1
34,1995,9.232198,0.0,9.232198,10,coe2_bonus_v1
27,1995,9.136226,0.0,9.136226,10,coe2_bonus_v1
26,1995,9.028377,0.0,9.028377,10,coe2_bonus_v1
9,1995,8.97505,0.0,8.97505,10,coe2_bonus_v1
20,1995,8.761774,0.0,8.761774,9,coe2_bonus_v1
86,1995,8.630474,0.0,8.630474,11,coe2_bonus_v1
12,1995,8.625218,0.0,8.625218,11,coe2_bonus_v1
5,1995,8.587235,0.0,8.587235,11,coe2_bonus_v1
134,1995,8.566359,0.0,8.566359,11,coe2_bonus_v1
50,1995,8.539501,0.0,8.539501,11,coe2_bonus_v1
32,1995,8.403769,0.0,8.403769,11,coe2_bonus_v1
77,1995,8.137387,0.0,8.137387,11,coe2_bonus_v1
109,1995,7.948912,0.0,7.948912,8,coe2_bonus_v1
95,1995,7.892348,0.0,7.892348,11,coe2_bonus_v1
48,1995,6.939707,0.0,6.939707,11,coe2_bonus_v1
40,1995,6.460179,0.0,6.460179,11,coe2_bonus_v1
113,1995,6.364712,0.0,6.364712,10,coe2_bonus_v1
41,1995,6.102576,0.0,6.102576,11,coe2_bonus_v1
88,1995,6.041687,0.0,6.041687,11,coe2_bonus_v1
131,1995,5.731684,0.0,5.731684,11,coe2_bonus_v1
93,1995,5.657417,0.0,5.657417,10,coe2_bonus_v1
54,1995,5.646609,0.0,5.646609,10,coe2_bonus_v1
72,1995,5.619911,0.0,5.619911,11,coe2_bonus_v1
2,1995,5.573122,0.0,5.573122,10,coe2_bonus_v1
84,1995,5.38019,0.0,5.38019,9,coe2_bonus_v1
115,1995,4.69641,0.0,4.69641,10,coe2_bonus_v1
58,1995,3.677735,0.0,3.677735,7,coe2_bonus_v1
28,1995,3.574466,0.0,3.574466,11,coe2_bonus_v1
94,1995,3.414814,0.0,3.414814,10,coe2_bonus_v1
108,1995,3.386829,0.0,3.386829,11,coe2_bonus_v1
42,1995,3.306305,0.0,3.306305,11,coe2_bonus_v1
14,1995,2.41462,0.0,2.41462,10,coe2_bonus_v1
114,1995,0.730009,0.0,0.730009,10,coe2_bonus_v1
4,1995,0.0,0.0,0.0,8,coe2_bonus_v1
18,1996,35.049863,0.0,35.049863,15,coe2_bonus_v1
71,1996,26.619682,0.0,26.619682,12,coe2_bonus_v1
87,1996,26.454803,0.0,26.454803,13,coe2_bonus_v1
16,1996,26.175341,0.0,26.175341,11,coe2_bonus_v1
125,1996,25.949653,0.0,25.949653,12,coe2_bonus_v1
126,1996,25.509979,0.0,25.509979,12,coe2_bonus_v1
31,1996,25.495263,0.0,25.495263,13,coe2_bonus_v1
78,1996,25.062533,0.0,25.062533,12,coe2_bonus_v1
96,1996,24.587831,0.0,24.587831,12,coe2_bonus_v1
22,1996,24.435339,0.0,24.435339,12,coe2_bonus_v1
133,1996,24.311579,0.0,24.311579,12,coe2_bonus_v1
121,1996,24.112578,0.0,24.112578,13,coe2_bonus_v1
92,1996,23.902477,0.0,23.902477,12,coe2_bonus_v1
130,1996,23.427926,0.0,23.427926,12,coe2_bonus_v1
110,1996,23.262284,0.0,23.262284,11,coe2_bonus_v1
75,1996,23.123592,0.0,23.123592,12,coe2_bonus_v1
1,1996,22.942669,0.0,22.942669,12,coe2_bonus_v1
24,1996,22.70103,0.0,22.70103,11,coe2_bonus_v1
105,1996,22.336257,0.0,22.336257,12,coe2_bonus_v1
35,1996,22.035768,0.0,22.035768,13,coe2_bonus_v1
68,1996,21.69405,0.0,21.69405,11,coe2_bonus_v1
109,1996,21.307685,0.0,21.307685,10,coe2_bonus_v1
6,1996,21.258146,0.0,21.258146,12,coe2_bonus_v1
69,1996,20.832893,0.0,20.832893,12,coe2_bonus_v1
127,1996,20.805576,0.0,20.805576,11,coe2_bonus_v1
89,1996,20.501644,0.0,20.501644,12,coe2_bonus_v1
76,1996,20.459746,0.0,20.459746,13,coe2_bonus_v1
19,1996,20.193185,0.0,20.193185,12,coe2_bonus_v1
41,1996,19.959293,0.0,19.959293,11,coe2_bonus_v1
30,1996,19.6638,0.0,19.6638,11,coe2_bonus_v1
40,1996,19.141021,0.0,19.141021,11,coe2_bonus_v1
79,1996,18.879129,0.0,18.879129,11,coe2_bonus_v1
39,1996,18.495022,0.0,18.495022,12,coe2_bonus_v1
11,1996,18.425828,0.0,18.425828,10,coe2_bonus_v1
81,1996,18.226395,0.0,18.226395,11,coe2_bonus_v1
115,1996,17.849634,0.0,17.849634,12,coe2_bonus_v1
13,1996,17.840503,0.0,17.840503,9,coe2_bonus_v1
91,1996,17.397112,0.0,17.397112,12,coe2_bonus_v1
5,1996,17.24574,0.0,17.24574,12,coe2_bonus_v1
122,1996,16.982865,0.0,16.982865,11,coe2_bonus_v1
129,1996,16.700568,0.0,16.700568,11,coe2_bonus_v1
80,1996,16.37788,0.0,16.37788,10,coe2_bonus_v1
116,1996,16.084428,0.0,16.084428,11,coe2_bonus_v1
3,1996,16.052894,0.0,16.052894,11,coe2_bonus_v1
7,1996,16.041781,0.0,16.041781,12,coe2_bonus_v1
134,1996,16.002134,0.0,16.002134,11,coe2_bonus_v1
54,1996,15.896436,0.0,15.896436,11,coe2_bonus_v1
70,1996,15.848585,0.0,15.848585,12,coe2_bonus_v1
42,1996,15.846747,0.0,15.846747,11,coe2_bonus_v1
23,1996,15.815552,0.0,15.815552,11,coe2_bonus_v1
25,1996,15.769342,0.0,15.769342,11,coe2_bonus_v1
100,1996,15.711242,0.0,15.711242,9,coe2_bonus_v1
123,1996,14.89435,0.0,14.89435,11,coe2_bonus_v1
55,1996,14.777184,0.0,14.777184,10,coe2_bonus_v1
36,1996,14.74613,0.0,14.74613,12,coe2_bonus_v1
128,1996,14.618296,0.0,14.618296,10,coe2_bonus_v1
8,1996,14.14342,0.0,14.14342,11,coe2_bonus_v1
2,1996,14.097464,0.0,14.097464,11,coe2_bonus_v1
49,1996,14.02158,0.0,14.02158,10,coe2_bonus_v1
56,1996,13.398371,0.0,13.398371,11,coe2_bonus_v1
106,1996,13.304664,0.0,13.304664,12,coe2_bonus_v1
113,1996,13.212373,0.0,13.212373,11,coe2_bonus_v1
34,1996,13.200793,0.0,13.200793,11,coe2_bonus_v1
50,1996,13.176904,0.0,13.176904,11,coe2_bonus_v1
15,1996,13.054773,0.0,13.054773,11,coe2_bonus_v1
47,1996,12.755924,0.0,12.755924,9,coe2_bonus_v1
132,1996,12.546191,0.0,12.546191,11,coe2_bonus_v1
77,1996,11.995237,0.0,11.995237,11,coe2_bonus_v1
26,1996,11.605187,0.0,11.605187,9,coe2_bonus_v1
88,1996,11.500794,0.0,11.500794,11,coe2_bonus_v1
83,1996,11.380264,0.0,11.380264,10,coe2_bonus_v1
33,1996,11.323908,0.0,11.323908,10,coe2_bonus_v1
124,1996,11.220507,0.0,11.220507,10,coe2_bonus_v1
53,1996,11.213393,0.0,11.213393,11,coe2_bonus_v1
38,1996,11.14438,0.0,11.14438,11,coe2_bonus_v1
90,1996,10.98957,0.0,10.98957,10,coe2_bonus_v1
37,1996,10.5489,0.0,10.5489,11,coe2_bonus_v1
84,1996,10.218007,0.0,10.218007,10,coe2_bonus_v1
72,1996,10.177945,0.0,10.177945,11,coe2_bonus_v1
52,1996,10.135424,0.0,10.135424,11,coe2_bonus_v1
29,1996,9.663316,0.0,9.663316,11,coe2_bonus_v1
73,1996,9.378041,0.0,9.378041,11,coe2_bonus_v1
9,1996,8.902548,0.0,8.902548,12,coe2_bonus_v1
85,1996,8.853481,0.0,8.853481,11,coe2_bonus_v1
135,1996,8.636406,0.0,8.636406,9,coe2_bonus_v1
20,1996,8.589667,0.0,8.589667,8,coe2_bonus_v1
93,1996,8.243823,0.0,8.243823,11,coe2_bonus_v1
10,1996,7.624787,0.0,7.624787,10,coe2_bonus_v1
48,1996,7.00167,0.0,7.00167,11,coe2_bonus_v1
94,1996,6.712385,0.0,6.712385,10,coe2_bonus_v1
28,1996,5.988846,0.0,5.988846,11,coe2_bonus_v1
82,1996,5.934552,0.0,5.934552,10,coe2_bonus_v1
43,1996,5.714716,0.0,5.714716,8,coe2_bonus_v1
4,1996,5.711583,0.0,5.711583,10,coe2_bonus_v1
74,1996,4.980887,0.0,4.980887,11,coe2_bonus_v1
14,1996,3.837148,0.0,3.837148,12,coe2_bonus_v1
57,1996,3.505015,0.0,3.505015,7,coe2_bonus_v1
108,1996,3.468014,0.0,3.468014,11,coe2_bonus_v1
86,1996,3.311246,0.0,3.311246,10,coe2_bonus_v1
114,1996,3.254604,0.0,3.254604,10,coe2_bonus_v1
32,1996,3.135672,0.0,3.135672,10,coe2_bonus_v1
131,1996,2.860292,0.0,2.860292,10,coe2_bonus_v1
104,1996,2.737898,0.0,2.737898,10,coe2_bonus_v1
12,1996,2.6007,0.0,2.6007,11,coe2_bonus_v1
27,1996,0.0,0.0,0.0,7,coe2_bonus_v1
58,1996,0.0,0.0,0.0,6,coe2_bonus_v1
95,1996,0.0,0.0,0.0,11,coe2_bonus_v1
69,1997,30.046192,0.0,30.046192,12,coe2_bonus_v1
31,1997,29.571653,0.0,29.571653,13,coe2_bonus_v1
23,1997,27.983584,0.0,27.983584,13,coe2_bonus_v1
2,1997,27.577016,0.0,27.577016,12,coe2_bonus_v1
123,1997,27.111541,0.0,27.111541,12,coe2_bonus_v1
122,1997,27.007659,0.0,27.007659,13,coe2_bonus_v1
30,1997,26.792032,0.0,26.792032,12,coe2_bonus_v1
8,1997,26.302844,0.0,26.302844,12,coe2_bonus_v1
96,1997,25.898823,0.0,25.898823,12,coe2_bonus_v1
130,1997,25.774693,0.0,25.774693,13,coe2_bonus_v1
73,1997,25.683369,0.0,25.683369,12,coe2_bonus_v1
126,1997,25.667681,0.0,25.667681,12,coe2_bonus_v1
133,1997,24.629941,0.0,24.629941,12,coe2_bonus_v1
47,1997,24.31733,0.0,24.31733,11,coe2_bonus_v1
125,1997,23.764174,0.0,23.764174,12,coe2_bonus_v1
25,1997,23.537539,0.0,23.537539,12,coe2_bonus_v1
80,1997,23.444684,0.0,23.444684,11,coe2_bonus_v1
68,1997,22.790771,0.0,22.790771,12,coe2_bonus_v1
16,1997,22.707839,0.0,22.707839,12,coe2_bonus_v1
33,1997,22.538691,0.0,22.538691,12,coe2_bonus_v1
71,1997,22.131757,0.0,22.131757,13,coe2_bonus_v1
82,1997,22.07461,0.0,22.07461,11,coe2_bonus_v1
55,1997,22.048743,0.0,22.048743,12,coe2_bonus_v1
105,1997,21.853558,0.0,21.853558,13,coe2_bonus_v1
26,1997,21.731857,0.0,21.731857,12,coe2_bonus_v1
1,1997,20.981488,0.0,20.981488,12,coe2_bonus_v1
135,1997,20.932098,0.0,20.932098,11,coe2_bonus_v1
87,1997,20.462557,0.0,20.462557,12,coe2_bonus_v1
134,1997,20.174293,0.0,20.174293,11,coe2_bonus_v1
76,1997,20.098339,0.0,20.098339,13,coe2_bonus_v1
48,1997,20.069741,0.0,20.069741,11,coe2_bonus_v1
36,1997,19.980523,0.0,19.980523,12,coe2_bonus_v1
54,1997,19.818083,0.0,19.818083,12,coe2_bonus_v1
41,1997,19.81668,0.0,19.81668,11,coe2_bonus_v1
124,1997,19.755049,0.0,19.755049,12,coe2_bonus_v1
3,1997,19.508859,0.0,19.508859,12,coe2_bonus_v1
15,1997,19.391363,0.0,19.391363,12,coe2_bonus_v1
116,1997,19.194027,0.0,19.194027,10,coe2_bonus_v1
88,1997,19.129338,0.0,19.129338,12,coe2_bonus_v1
70,1997,18.713637,0.0,18.713637,12,coe2_bonus_v1
79,1997,18.391629,0.0,18.391629,13,coe2_bonus_v1
42,1997,18.267194,0.0,18.267194,11,coe2_bonus_v1
115,1997,17.867084,0.0,17.867084,9,coe2_bonus_v1
19,1997,17.584013,0.0,17.584013,11,coe2_bonus_v1
93,1997,17.325885,0.0,17.325885,11,coe2_bonus_v1
39,1997,16.669454,0.0,16.669454,11,coe2_bonus_v1
89,1997,16.316187,0.0,16.316187,11,coe2_bonus_v1
129,1997,16.312187,0.0,16.312187,11,coe2_bonus_v1
7,1997,16.22181,0.0,16.22181,11,coe2_bonus_v1
92,1997,16.16692,0.0,16.16692,12,coe2_bonus_v1
91,1997,15.818494,0.0,15.818494,10,coe2_bonus_v1
10,1997,15.712368,0.0,15.712368,11,coe2_bonus_v1
94,1997,15.68992,0.0,15.68992,11,coe2_bonus_v1
132,1997,14.666313,0.0,14.666313,11,coe2_bonus_v1
24,1997,14.649055,0.0,14.649055,12,coe2_bonus_v1
18,1997,14.627828,0.0,14.627828,11,coe2_bonus_v1
20,1997,14.303093,0.0,14.303093,11,coe2_bonus_v1
128,1997,14.084983,0.0,14.084983,11,coe2_bonus_v1
78,1997,13.748058,0.0,13.748058,11,coe2_bonus_v1
100,1997,13.631202,0.0,13.631202,11,coe2_bonus_v1
75,1997,13.559887,0.0,13.559887,12,coe2_bonus_v1
11,1997,13.520966,0.0,13.520966,12,coe2_bonus_v1
29,1997,13.087737,0.0,13.087737,11,coe2_bonus_v1
110,1997,12.88866,0.0,12.88866,9,coe2_bonus_v1
6,1997,12.851383,0.0,12.851383,11,coe2_bonus_v1
9,1997,12.839568,0.0,12.839568,11,coe2_bonus_v1
53,1997,12.679389,0.0,12.679389,11,coe2_bonus_v1
52,1997,12.676402,0.0,12.676402,12,coe2_bonus_v1
28,1997,12.535947,0.0,12.535947,11,coe2_bonus_v1
13,1997,12.197063,0.0,12.197063,11,coe2_bonus_v1
106,1997,12.095198,0.0,12.095198,11,coe2_bonus_v1
22,1997,12.091953,0.0,12.091953,11,coe2_bonus_v1
85,1997,11.710348,0.0,11.710348,10,coe2_bonus_v1
81,1997,11.485745,0.0,11.485745,9,coe2_bonus_v1
127,1997,11.4744,0.0,11.4744,11,coe2_bonus_v1
136,1997,11.264386,0.0,11.264386,10,coe2_bonus_v1
50,1997,10.83591,0.0,10.83591,11,coe2_bonus_v1
35,1997,10.616448,0.0,10.616448,11,coe2_bonus_v1
43,1997,10.386859,0.0,10.386859,10,coe2_bonus_v1
121,1997,9.895129,0.0,9.895129,11,coe2_bonus_v1
114,1997,9.668904,0.0,9.668904,9,coe2_bonus_v1
108,1997,9.60987,0.0,9.60987,11,coe2_bonus_v1
58,1997,9.544029,0.0,9.544029,10,coe2_bonus_v1
40,1997,9.518154,0.0,9.518154,11,coe2_bonus_v1
21,1997,9.287321,0.0,9.287321,9,coe2_bonus_v1
77,1997,8.991677,0.0,8.991677,12,coe2_bonus_v1
83,1997,8.890507,0.0,8.890507,10,coe2_bonus_v1
5,1997,8.76654,0.0,8.76654,11,coe2_bonus_v1
4,1997,8.003415,0.0,8.003415,11,coe2_bonus_v1
131,1997,7.788181,0.0,7.788181,11,coe2_bonus_v1
95,1997,7.113766,0.0,7.113766,11,coe2_bonus_v1
34,1997,6.752956,0.0,6.752956,11,coe2_bonus_v1
12,1997,6.711253,0.0,6.711253,11,coe2_bonus_v1
37,1997,6.627358,0.0,6.627358,11,coe2_bonus_v1
14,1997,6.175211,0.0,6.175211,10,coe2_bonus_v1
138,1997,6.014271,0.0,6.014271,8,coe2_bonus_v1
113,1997,5.917178,0.0,5.917178,10,coe2_bonus_v1
90,1997,5.651926,0.0,5.651926,11,coe2_bonus_v1
72,1997,5.526477,0.0,5.526477,11,coe2_bonus_v1
139,1997,5.46293,0.0,5.46293,7,coe2_bonus_v1
109,1997,5.273477,0.0,5.273477,8,coe2_bonus_v1
84,1997,4.79226,0.0,4.79226,10,coe2_bonus_v1
38,1997,3.709714,0.0,3.709714,11,coe2_bonus_v1
49,1997,3.419055,0.0,3.419055,10,coe2_bonus_v1
27,1997,3.206029,0.0,3.206029,9,coe2_bonus_v1
32,1997,3.160144,0.0,3.160144,11,coe2_bonus_v1
56,1997,2.844847,0.0,2.844847,11,coe2_bonus_v1
57,1997,0.0,0.0,0.0,8,coe2_bonus_v1
74,1997,0.0,0.0,0.0,11,coe2_bonus_v1
86,1997,0.0,0.0,0.0,11,coe2_bonus_v1
99,1997,0.0,0.0,0.0,0,coe2_bonus_v1
104,1997,0.0,0.0,0.0,11,coe2_bonus_v1
130,1998,31.247572,0.0,31.247572,13,coe2_bonus_v1
25,1998,30.620293,0.0,30.620293,13,coe2_bonus_v1
15,1998,30.495719,0.0,30.495719,13,coe2_bonus_v1
48,1998,30.060109,0.0,30.060109,12,coe2_bonus_v1
36,1998,28.677121,0.0,28.677121,14,coe2_bonus_v1
76,1998,28.350455,0.0,28.350455,12,coe2_bonus_v1
124,1998,28.025098,0.0,28.025098,12,coe2_bonus_v1
71,1998,26.29807,0.0,26.29807,12,coe2_bonus_v1
126,1998,26.034035,0.0,26.034035,13,coe2_bonus_v1
99,1998,25.501231,0.0,25.501231,11,coe2_bonus_v1
35,1998,25.147323,0.0,25.147323,12,coe2_bonus_v1
53,1998,24.192773,0.0,24.192773,12,coe2_bonus_v1
73,1998,24.192334,0.0,24.192334,13,coe2_bonus_v1
116,1998,23.979251,0.0,23.979251,11,coe2_bonus_v1
69,1998,23.90752,0.0,23.90752,13,coe2_bonus_v1
8,1998,23.735432,0.0,23.735432,12,coe2_bonus_v1
92,1998,23.689318,0.0,23.689318,12,coe2_bonus_v1
30,1998,23.471257,0.0,23.471257,12,coe2_bonus_v1
91,1998,23.372261,0.0,23.372261,12,coe2_bonus_v1
123,1998,23.361891,0.0,23.361891,12,coe2_bonus_v1
79,1998,23.108495,0.0,23.108495,12,coe2_bonus_v1
127,1998,22.083229,0.0,22.083229,11,coe2_bonus_v1
38,1998,21.904683,0.0,21.904683,12,coe2_bonus_v1
139,1998,21.539509,0.0,21.539509,10,coe2_bonus_v1
87,1998,21.467017,0.0,21.467017,12,coe2_bonus_v1
18,1998,21.100658,0.0,21.100658,13,coe2_bonus_v1
7,1998,21.093293,0.0,21.093293,13,coe2_bonus_v1
22,1998,20.783638,0.0,20.783638,12,coe2_bonus_v1
3,1998,20.600171,0.0,20.600171,12,coe2_bonus_v1
89,1998,20.534361,0.0,20.534361,12,coe2_bonus_v1
105,1998,20.413,0.0,20.413,12,coe2_bonus_v1
125,1998,20.242088,0.0,20.242088,11,coe2_bonus_v1
134,1998,20.048978,0.0,20.048978,12,coe2_bonus_v1
121,1998,19.910407,0.0,19.910407,12,coe2_bonus_v1
93,1998,19.68256,0.0,19.68256,12,coe2_bonus_v1
31,1998,19.392179,0.0,19.392179,13,coe2_bonus_v1
11,1998,19.320579,0.0,19.320579,12,coe2_bonus_v1
23,1998,19.265605,0.0,19.265605,12,coe2_bonus_v1
24,1998,18.924778,0.0,18.924778,10,coe2_bonus_v1
54,1998,18.803598,0.0,18.803598,11,coe2_bonus_v1
82,1998,18.735611,0.0,18.735611,11,coe2_bonus_v1
135,1998,18.712456,0.0,18.712456,12,coe2_bonus_v1
96,1998,17.996239,0.0,17.996239,12,coe2_bonus_v1
80,1998,17.879884,0.0,17.879884,12,coe2_bonus_v1
136,1998,17.823835,0.0,17.823835,9,coe2_bonus_v1
39,1998,17.76732,0.0,17.76732,12,coe2_bonus_v1
68,1998,17.722381,0.0,17.722381,12,coe2_bonus_v1
19,1998,17.489325,0.0,17.489325,11,coe2_bonus_v1
56,1998,17.311075,0.0,17.311075,11,coe2_bonus_v1
132,1998,16.683163,0.0,16.683163,11,coe2_bonus_v1
70,1998,16.287326,0.0,16.287326,12,coe2_bonus_v1
5,1998,15.693286,0.0,15.693286,11,coe2_bonus_v1
4,1998,15.420553,0.0,15.420553,11,coe2_bonus_v1
84,1998,15.336627,0.0,15.336627,10,coe2_bonus_v1
1,1998,14.974831,0.0,14.974831,12,coe2_bonus_v1
13,1998,14.700156,0.0,14.700156,10,coe2_bonus_v1
83,1998,14.390758,0.0,14.390758,11,coe2_bonus_v1
77,1998,14.26601,0.0,14.26601,11,coe2_bonus_v1
41,1998,14.15625,0.0,14.15625,11,coe2_bonus_v1
52,1998,14.124272,0.0,14.124272,11,coe2_bonus_v1
115,1998,13.612397,0.0,13.612397,11,coe2_bonus_v1
10,1998,13.558499,0.0,13.558499,11,coe2_bonus_v1
42,1998,13.521378,0.0,13.521378,12,coe2_bonus_v1
33,1998,13.461293,0.0,13.461293,11,coe2_bonus_v1
100,1998,13.435126,0.0,13.435126,10,coe2_bonus_v1
104,1998,13.12159,0.0,13.12159,10,coe2_bonus_v1
16,1998,12.831879,0.0,12.831879,11,coe2_bonus_v1
47,1998,12.585243,0.0,12.585243,11,coe2_bonus_v1
72,1998,12.20499,0.0,12.20499,11,coe2_bonus_v1
9,1998,12.089717,0.0,12.089717,12,coe2_bonus_v1
113,1998,11.388343,0.0,11.388343,11,coe2_bonus_v1
106,1998,11.271095,0.0,11.271095,11,coe2_bonus_v1
27,1998,10.629296,0.0,10.629296,11,coe2_bonus_v1
133,1998,10.10904,0.0,10.10904,11,coe2_bonus_v1
95,1998,10.098694,0.0,10.098694,10,coe2_bonus_v1
6,1998,10.057138,0.0,10.057138,11,coe2_bonus_v1
32,1998,9.981053,0.0,9.981053,11,coe2_bonus_v1
34,1998,9.898322,0.0,9.898322,10,coe2_bonus_v1
21,1998,9.715728,0.0,9.715728,8,coe2_bonus_v1
40,1998,9.630962,0.0,9.630962,11,coe2_bonus_v1
85,1998,9.626118,0.0,9.626118,10,coe2_bonus_v1
57,1998,9.343645,0.0,9.343645,11,coe2_bonus_v1
109,1998,9.295711,0.0,9.295711,11,coe2_bonus_v1
94,1998,9.168075,0.0,9.168075,10,coe2_bonus_v1
28,1998,9.099917,0.0,9.099917,11,coe2_bonus_v1
43,1998,9.074483,0.0,9.074483,11,coe2_bonus_v1
29,1998,9.035309,0.0,9.035309,10,coe2_bonus_v1
122,1998,8.540168,0.0,8.540168,11,coe2_bonus_v1
75,1998,7.95576,0.0,7.95576,12,coe2_bonus_v1
108,1998,7.428025,0.0,7.428025,10,coe2_bonus_v1
78,1998,7.235985,0.0,7.235985,11,coe2_bonus_v1
74,1998,7.172931,0.0,7.172931,10,coe2_bonus_v1
86,1998,6.85371,0.0,6.85371,10,coe2_bonus_v1
37,1998,6.627521,0.0,6.627521,11,coe2_bonus_v1
2,1998,6.609465,0.0,6.609465,11,coe2_bonus_v1
131,1998,6.458845,0.0,6.458845,11,coe2_bonus_v1
55,1998,6.383547,0.0,6.383547,11,coe2_bonus_v1
90,1998,6.283542,0.0,6.283542,10,coe2_bonus_v1
20,1998,5.804239,0.0,5.804239,10,coe2_bonus_v1
58,1998,5.544724,0.0,5.544724,8,coe2_bonus_v1
110,1998,5.535222,0.0,5.535222,10,coe2_bonus_v1
50,1998,5.416845,0.0,5.416845,11,coe2_bonus_v1
129,1998,5.30384,0.0,5.30384,10,coe2_bonus_v1
26,1998,5.16095,0.0,5.16095,11,coe2_bonus_v1
49,1998,2.958615,0.0,2.958615,9,coe2_bonus_v1
128,1998,2.721012,0.0,2.721012,11,coe2_bonus_v1
88,1998,2.623251,0.0,2.623251,10,coe2_bonus_v1
138,1998,2.54155,0.0,2.54155,8,coe2_bonus_v1
81,1998,2.502869,0.0,2.502869,11,coe2_bonus_v1
12,1998,0.0,0.0,0.0,12,coe2_bonus_v1
14,1998,0.0,0.0,0.0,11,coe2_bonus_v1
114,1998,0.0,0.0,0.0,10,coe2_bonus_v1
31,1999,28.940126,0.0,28.940126,13,coe2_bonus_v1
121,1999,28.639603,0.0,28.639603,13,coe2_bonus_v1
70,1999,28.344442,0.0,28.344442,12,coe2_bonus_v1
126,1999,27.901233,0.0,27.901233,12,coe2_bonus_v1
99,1999,26.82047,0.0,26.82047,11,coe2_bonus_v1
69,1999,25.805021,0.0,25.805021,12,coe2_bonus_v1
12,1999,25.685068,0.0,25.685068,12,coe2_bonus_v1
100,1999,25.210602,0.0,25.210602,12,coe2_bonus_v1
30,1999,25.026242,0.0,25.026242,12,coe2_bonus_v1
74,1999,24.784249,0.0,24.784249,12,coe2_bonus_v1
87,1999,24.680747,0.0,24.680747,13,coe2_bonus_v1
19,1999,24.216335,0.0,24.216335,12,coe2_bonus_v1
3,1999,24.152701,0.0,24.152701,12,coe2_bonus_v1
92,1999,23.906844,0.0,23.906844,11,coe2_bonus_v1
21,1999,23.792627,0.0,23.792627,11,coe2_bonus_v1
6,1999,23.385698,0.0,23.385698,12,coe2_bonus_v1
134,1999,22.826406,0.0,22.826406,11,coe2_bonus_v1
76,1999,22.631913,0.0,22.631913,11,coe2_bonus_v1
35,1999,22.24006,0.0,22.24006,14,coe2_bonus_v1
135,1999,21.829439,0.0,21.829439,12,coe2_bonus_v1
23,1999,21.552755,0.0,21.552755,12,coe2_bonus_v1
106,1999,21.287189,0.0,21.287189,11,coe2_bonus_v1
68,1999,21.228969,0.0,21.228969,11,coe2_bonus_v1
94,1999,21.002194,0.0,21.002194,12,coe2_bonus_v1
40,1999,20.833658,0.0,20.833658,11,coe2_bonus_v1
38,1999,20.726574,0.0,20.726574,12,coe2_bonus_v1
127,1999,20.59826,0.0,20.59826,12,coe2_bonus_v1
125,1999,20.56918,0.0,20.56918,13,coe2_bonus_v1
18,1999,20.514478,0.0,20.514478,12,coe2_bonus_v1
123,1999,20.292054,0.0,20.292054,12,coe2_bonus_v1
1,1999,20.175085,0.0,20.175085,12,coe2_bonus_v1
53,1999,19.875177,0.0,19.875177,11,coe2_bonus_v1
130,1999,19.715525,0.0,19.715525,12,coe2_bonus_v1
36,1999,19.48683,0.0,19.48683,12,coe2_bonus_v1
77,1999,19.481868,0.0,19.481868,11,coe2_bonus_v1
124,1999,19.406531,0.0,19.406531,12,coe2_bonus_v1
10,1999,19.001911,0.0,19.001911,12,coe2_bonus_v1
22,1999,18.56081,0.0,18.56081,12,coe2_bonus_v1
16,1999,18.291737,0.0,18.291737,12,coe2_bonus_v1
39,1999,18.010983,0.0,18.010983,11,coe2_bonus_v1
24,1999,17.967742,0.0,17.967742,10,coe2_bonus_v1
73,1999,17.83056,0.0,17.83056,12,coe2_bonus_v1
91,1999,17.57765,0.0,17.57765,11,coe2_bonus_v1
129,1999,17.510907,0.0,17.510907,12,coe2_bonus_v1
56,1999,17.42993,0.0,17.42993,11,coe2_bonus_v1
105,1999,17.293801,0.0,17.293801,12,coe2_bonus_v1
4,1999,17.156438,0.0,17.156438,11,coe2_bonus_v1
52,1999,16.966427,0.0,16.966427,11,coe2_bonus_v1
47,1999,16.687792,0.0,16.687792,9,coe2_bonus_v1
113,1999,16.336255,0.0,16.336255,10,coe2_bonus_v1
138,1999,16.034902,0.0,16.034902,11,coe2_bonus_v1
27,1999,15.965761,0.0,15.965761,10,coe2_bonus_v1
7,1999,15.6318,0.0,15.6318,12,coe2_bonus_v1
28,1999,15.023469,0.0,15.023469,12,coe2_bonus_v1
50,1999,14.734939,0.0,14.734939,11,coe2_bonus_v1
116,1999,14.672804,0.0,14.672804,10,coe2_bonus_v1
110,1999,14.566381,0.0,14.566381,12,coe2_bonus_v1
71,1999,14.535682,0.0,14.535682,12,coe2_bonus_v1
93,1999,14.452552,0.0,14.452552,11,coe2_bonus_v1
88,1999,14.110632,0.0,14.110632,11,coe2_bonus_v1
132,1999,14.029468,0.0,14.029468,11,coe2_bonus_v1
80,1999,13.90764,0.0,13.90764,10,coe2_bonus_v1
41,1999,13.628338,0.0,13.628338,11,coe2_bonus_v1
15,1999,13.030439,0.0,13.030439,11,coe2_bonus_v1
139,1999,12.969972,0.0,12.969972,9,coe2_bonus_v1
82,1999,12.801358,0.0,12.801358,10,coe2_bonus_v1
33,1999,12.734274,0.0,12.734274,11,coe2_bonus_v1
79,1999,12.710062,0.0,12.710062,12,coe2_bonus_v1
90,1999,12.620551,0.0,12.620551,10,coe2_bonus_v1
5,1999,12.576762,0.0,12.576762,11,coe2_bonus_v1
11,1999,12.363524,0.0,12.363524,10,coe2_bonus_v1
85,1999,12.098319,0.0,12.098319,11,coe2_bonus_v1
83,1999,12.095925,0.0,12.095925,10,coe2_bonus_v1
122,1999,12.04726,0.0,12.04726,10,coe2_bonus_v1
131,1999,11.960942,0.0,11.960942,10,coe2_bonus_v1
25,1999,11.957963,0.0,11.957963,10,coe2_bonus_v1
72,1999,11.679887,0.0,11.679887,11,coe2_bonus_v1
89,1999,11.320003,0.0,11.320003,11,coe2_bonus_v1
29,1999,11.274295,0.0,11.274295,11,coe2_bonus_v1
86,1999,10.928585,0.0,10.928585,9,coe2_bonus_v1
95,1999,10.805098,0.0,10.805098,11,coe2_bonus_v1
115,1999,10.5434,0.0,10.5434,9,coe2_bonus_v1
14,1999,10.494577,0.0,10.494577,11,coe2_bonus_v1
8,1999,10.471591,0.0,10.471591,11,coe2_bonus_v1
26,1999,10.263478,0.0,10.263478,10,coe2_bonus_v1
54,1999,10.104781,0.0,10.104781,11,coe2_bonus_v1
42,1999,9.916501,0.0,9.916501,9,coe2_bonus_v1
55,1999,9.823206,0.0,9.823206,10,coe2_bonus_v1
57,1999,9.537971,0.0,9.537971,10,coe2_bonus_v1
32,1999,9.309654,0.0,9.309654,10,coe2_bonus_v1
2,1999,9.115674,0.0,9.115674,12,coe2_bonus_v1
75,1999,8.762627,0.0,8.762627,11,coe2_bonus_v1
109,1999,8.604149,0.0,8.604149,11,coe2_bonus_v1
96,1999,8.574258,0.0,8.574258,10,coe2_bonus_v1
20,1999,8.523109,0.0,8.523109,10,coe2_bonus_v1
13,1999,8.384008,0.0,8.384008,11,coe2_bonus_v1
133,1999,8.066623,0.0,8.066623,11,coe2_bonus_v1
43,1999,7.037578,0.0,7.037578,11,coe2_bonus_v1
48,1999,6.837731,0.0,6.837731,11,coe2_bonus_v1
9,1999,6.814171,0.0,6.814171,9,coe2_bonus_v1
58,1999,6.318477,0.0,6.318477,8,coe2_bonus_v1
108,1999,6.220705,0.0,6.220705,11,coe2_bonus_v1
84,1999,5.977928,0.0,5.977928,9,coe2_bonus_v1
104,1999,3.88962,0.0,3.88962,11,coe2_bonus_v1
34,1999,3.577422,0.0,3.577422,10,coe2_bonus_v1
114,1999,3.542828,0.0,3.542828,10,coe2_bonus_v1
37,1999,2.824084,0.0,2.824084,11,coe2_bonus_v1
136,1999,2.695596,0.0,2.695596,8,coe2_bonus_v1
78,1999,2.510101,0.0,2.510101,11,coe2_bonus_v1
49,1999,0.0,0.0,0.0,9,coe2_bonus_v1
81,1999,0.0,0.0,0.0,11,coe2_bonus_v1
128,1999,0.0,0.0,0.0,11,coe2_bonus_v1
52,2000,34.628554,0.0,34.628554,13,coe2_bonus_v1
1,2000,28.839015,0.0,28.839015,12,coe2_bonus_v1
4,2000,27.94929,0.0,27.94929,11,coe2_bonus_v1
30,2000,26.592309,0.0,26.592309,14,coe2_bonus_v1
127,2000,25.841645,0.0,25.841645,11,coe2_bonus_v1
32,2000,25.615369,0.0,25.615369,12,coe2_bonus_v1
92,2000,25.344388,0.0,25.344388,12,coe2_bonus_v1
3,2000,25.284876,0.0,25.284876,12,coe2_bonus_v1
128,2000,25.104254,0.0,25.104254,12,coe2_bonus_v1
75,2000,24.720277,0.0,24.720277,12,coe2_bonus_v1
125,2000,24.206816,0.0,24.206816,13,coe2_bonus_v1
126,2000,24.13839,0.0,24.13839,13,coe2_bonus_v1
14,2000,24.127862,0.0,24.127862,13,coe2_bonus_v1
124,2000,23.568047,0.0,23.568047,12,coe2_bonus_v1
79,2000,23.549095,0.0,23.549095,12,coe2_bonus_v1
38,2000,23.449683,0.0,23.449683,12,coe2_bonus_v1
122,2000,23.254978,0.0,23.254978,13,coe2_bonus_v1
23,2000,22.888178,0.0,22.888178,11,coe2_bonus_v1
35,2000,22.678572,0.0,22.678572,12,coe2_bonus_v1
25,2000,22.28824,0.0,22.28824,11,coe2_bonus_v1
100,2000,22.238501,0.0,22.238501,12,coe2_bonus_v1
28,2000,22.195319,0.0,22.195319,12,coe2_bonus_v1
69,2000,22.088887,0.0,22.088887,12,coe2_bonus_v1
93,2000,22.088361,0.0,22.088361,12,coe2_bonus_v1
133,2000,21.862099,0.0,21.862099,11,coe2_bonus_v1
134,2000,21.776692,0.0,21.776692,12,coe2_bonus_v1
76,2000,21.561094,0.0,21.561094,13,coe2_bonus_v1
73,2000,21.53617,0.0,21.53617,12,coe2_bonus_v1
55,2000,21.495242,0.0,21.495242,12,coe2_bonus_v1
31,2000,21.467384,0.0,21.467384,12,coe2_bonus_v1
82,2000,21.190513,0.0,21.190513,11,coe2_bonus_v1
71,2000,20.994959,0.0,20.994959,12,coe2_bonus_v1
80,2000,20.306305,0.0,20.306305,9,coe2_bonus_v1
129,2000,20.164249,0.0,20.164249,11,coe2_bonus_v1
21,2000,20.123924,0.0,20.123924,10,coe2_bonus_v1
88,2000,19.865533,0.0,19.865533,12,coe2_bonus_v1
89,2000,19.71178,0.0,19.71178,12,coe2_bonus_v1
130,2000,18.909055,0.0,18.909055,12,coe2_bonus_v1
8,2000,18.655449,0.0,18.655449,12,coe2_bonus_v1
123,2000,18.563753,0.0,18.563753,11,coe2_bonus_v1
56,2000,18.524939,0.0,18.524939,10,coe2_bonus_v1
68,2000,18.463692,0.0,18.463692,11,coe2_bonus_v1
9,2000,18.291281,0.0,18.291281,11,coe2_bonus_v1
99,2000,18.242483,0.0,18.242483,12,coe2_bonus_v1
135,2000,18.164514,0.0,18.164514,12,coe2_bonus_v1
36,2000,18.025537,0.0,18.025537,12,coe2_bonus_v1
10,2000,18.003104,0.0,18.003104,12,coe2_bonus_v1
138,2000,17.770223,0.0,17.770223,10,coe2_bonus_v1
96,2000,17.33561,0.0,17.33561,11,coe2_bonus_v1
16,2000,17.233391,0.0,17.233391,12,coe2_bonus_v1
77,2000,17.138644,0.0,17.138644,12,coe2_bonus_v1
48,2000,17.029642,0.0,17.029642,11,coe2_bonus_v1
113,2000,16.85286,0.0,16.85286,10,coe2_bonus_v1
115,2000,16.686582,0.0,16.686582,10,coe2_bonus_v1
39,2000,16.683405,0.0,16.683405,13,coe2_bonus_v1
106,2000,16.293957,0.0,16.293957,11,coe2_bonus_v1
116,2000,16.193582,0.0,16.193582,11,coe2_bonus_v1
34,2000,15.983316,0.0,15.983316,12,coe2_bonus_v1
18,2000,15.981296,0.0,15.981296,12,coe2_bonus_v1
105,2000,15.445389,0.0,15.445389,11,coe2_bonus_v1
7,2000,15.104135,0.0,15.104135,12,coe2_bonus_v1
6,2000,14.769886,0.0,14.769886,11,coe2_bonus_v1
53,2000,14.762625,0.0,14.762625,11,coe2_bonus_v1
15,2000,14.556345,0.0,14.556345,11,coe2_bonus_v1
87,2000,14.539531,0.0,14.539531,12,coe2_bonus_v1
86,2000,13.770426,0.0,13.770426,10,coe2_bonus_v1
90,2000,13.669545,0.0,13.669545,11,coe2_bonus_v1
70,2000,13.549053,0.0,13.549053,11,coe2_bonus_v1
91,2000,13.239985,0.0,13.239985,11,coe2_bonus_v1
2,2000,12.869115,0.0,12.869115,11,coe2_bonus_v1
26,2000,12.622747,0.0,12.622747,11,coe2_bonus_v1
81,2000,12.591966,0.0,12.591966,9,coe2_bonus_v1
74,2000,12.218211,0.0,12.218211,11,coe2_bonus_v1
136,2000,12.127051,0.0,12.127051,8,coe2_bonus_v1
20,2000,11.704368,0.0,11.704368,9,coe2_bonus_v1
139,2000,11.463703,0.0,11.463703,9,coe2_bonus_v1
108,2000,11.437948,0.0,11.437948,11,coe2_bonus_v1
19,2000,11.393187,0.0,11.393187,11,coe2_bonus_v1
78,2000,11.293929,0.0,11.293929,12,coe2_bonus_v1
50,2000,10.597344,0.0,10.597344,11,coe2_bonus_v1
5,2000,9.926729,0.0,9.926729,11,coe2_bonus_v1
11,2000,9.68852,0.0,9.68852,11,coe2_bonus_v1
29,2000,9.255356,0.0,9.255356,10,coe2_bonus_v1
131,2000,9.038688,0.0,9.038688,11,coe2_bonus_v1
72,2000,9.037263,0.0,9.037263,11,coe2_bonus_v1
42,2000,8.730271,0.0,8.730271,12,coe2_bonus_v1
27,2000,8.716433,0.0,8.716433,11,coe2_bonus_v1
41,2000,8.663925,0.0,8.663925,11,coe2_bonus_v1
22,2000,8.541666,0.0,8.541666,11,coe2_bonus_v1
40,2000,8.526506,0.0,8.526506,11,coe2_bonus_v1
65,2000,8.3061,0.0,8.3061,8,coe2_bonus_v1
12,2000,8.272185,0.0,8.272185,11,coe2_bonus_v1
121,2000,7.59453,0.0,7.59453,11,coe2_bonus_v1
13,2000,7.224833,0.0,7.224833,12,coe2_bonus_v1
84,2000,7.096921,0.0,7.096921,11,coe2_bonus_v1
43,2000,6.70111,0.0,6.70111,10,coe2_bonus_v1
85,2000,6.509793,0.0,6.509793,10,coe2_bonus_v1
112,2000,6.439037,0.0,6.439037,10,coe2_bonus_v1
54,2000,6.008422,0.0,6.008422,10,coe2_bonus_v1
104,2000,5.877907,0.0,5.877907,10,coe2_bonus_v1
83,2000,5.58323,0.0,5.58323,11,coe2_bonus_v1
94,2000,5.418981,0.0,5.418981,10,coe2_bonus_v1
47,2000,5.214848,0.0,5.214848,10,coe2_bonus_v1
33,2000,5.102349,0.0,5.102349,10,coe2_bonus_v1
49,2000,3.520461,0.0,3.520461,8,coe2_bonus_v1
114,2000,3.432969,0.0,3.432969,10,coe2_bonus_v1
109,2000,3.421642,0.0,3.421642,11,coe2_bonus_v1
110,2000,2.951942,0.0,2.951942,11,coe2_bonus_v1
37,2000,2.862407,0.0,2.862407,10,coe2_bonus_v1
57,2000,2.784615,0.0,2.784615,10,coe2_bonus_v1
24,2000,2.568053,0.0,2.568053,11,coe2_bonus_v1
132,2000,2.504574,0.0,2.504574,10,coe2_bonus_v1
58,2000,0.0,0.0,0.0,8,coe2_bonus_v1
95,2000,0.0,0.0,0.0,11,coe2_bonus_v1
18,2001,29.267862,0.0,29.267862,14,coe2_bonus_v1
10,2001,28.580659,0.0,28.580659,14,coe2_bonus_v1
22,2001,28.53505,0.0,28.53505,13,coe2_bonus_v1
130,2001,28.191989,0.0,28.191989,13,coe2_bonus_v1
3,2001,27.811711,0.0,27.811711,12,coe2_bonus_v1
74,2001,27.74125,0.0,27.74125,12,coe2_bonus_v1
105,2001,26.7079,0.0,26.7079,13,coe2_bonus_v1
133,2001,26.650823,0.0,26.650823,13,coe2_bonus_v1
35,2001,26.055726,0.0,26.055726,13,coe2_bonus_v1
127,2001,26.021251,0.0,26.021251,11,coe2_bonus_v1
56,2001,25.878857,0.0,25.878857,12,coe2_bonus_v1
52,2001,25.418554,0.0,25.418554,13,coe2_bonus_v1
2,2001,25.317208,0.0,25.317208,11,coe2_bonus_v1
90,2001,24.909428,0.0,24.909428,11,coe2_bonus_v1
80,2001,24.602135,0.0,24.602135,12,coe2_bonus_v1
6,2001,24.55496,0.0,24.55496,12,coe2_bonus_v1
12,2001,23.980024,0.0,23.980024,11,coe2_bonus_v1
125,2001,23.61469,0.0,23.61469,12,coe2_bonus_v1
83,2001,23.182176,0.0,23.182176,11,coe2_bonus_v1
31,2001,22.584958,0.0,22.584958,12,coe2_bonus_v1
96,2001,22.027451,0.0,22.027451,13,coe2_bonus_v1
99,2001,21.900714,0.0,21.900714,11,coe2_bonus_v1
128,2001,21.898869,0.0,21.898869,11,coe2_bonus_v1
19,2001,21.429282,0.0,21.429282,12,coe2_bonus_v1
21,2001,21.41447,0.0,21.41447,12,coe2_bonus_v1
123,2001,20.967682,0.0,20.967682,12,coe2_bonus_v1
106,2001,20.864788,0.0,20.864788,12,coe2_bonus_v1
41,2001,20.710222,0.0,20.710222,12,coe2_bonus_v1
124,2001,20.665819,0.0,20.665819,12,coe2_bonus_v1
70,2001,20.44563,0.0,20.44563,12,coe2_bonus_v1
23,2001,20.188885,0.0,20.188885,12,coe2_bonus_v1
1,2001,19.992298,0.0,19.992298,12,coe2_bonus_v1
116,2001,19.825934,0.0,19.825934,12,coe2_bonus_v1
8,2001,19.652921,0.0,19.652921,11,coe2_bonus_v1
47,2001,19.628943,0.0,19.628943,12,coe2_bonus_v1
121,2001,19.570744,0.0,19.570744,12,coe2_bonus_v1
78,2001,19.553913,0.0,19.553913,12,coe2_bonus_v1
122,2001,19.346589,0.0,19.346589,12,coe2_bonus_v1
126,2001,19.322361,0.0,19.322361,12,coe2_bonus_v1
71,2001,19.178262,0.0,19.178262,12,coe2_bonus_v1
69,2001,18.550274,0.0,18.550274,12,coe2_bonus_v1
26,2001,18.464185,0.0,18.464185,11,coe2_bonus_v1
93,2001,18.307269,0.0,18.307269,12,coe2_bonus_v1
92,2001,18.109589,0.0,18.109589,12,coe2_bonus_v1
36,2001,17.980594,0.0,17.980594,11,coe2_bonus_v1
53,2001,17.923227,0.0,17.923227,11,coe2_bonus_v1
55,2001,17.898583,0.0,17.898583,12,coe2_bonus_v1
39,2001,17.522635,0.0,17.522635,11,coe2_bonus_v1
88,2001,17.441184,0.0,17.441184,11,coe2_bonus_v1
135,2001,17.165559,0.0,17.165559,10,coe2_bonus_v1
65,2001,17.044943,0.0,17.044943,10,coe2_bonus_v1
7,2001,17.000095,0.0,17.000095,12,coe2_bonus_v1
94,2001,16.310009,0.0,16.310009,10,coe2_bonus_v1
129,2001,16.260335,0.0,16.260335,11,coe2_bonus_v1
114,2001,16.242585,0.0,16.242585,10,coe2_bonus_v1
72,2001,16.171373,0.0,16.171373,11,coe2_bonus_v1
38,2001,15.915226,0.0,15.915226,11,coe2_bonus_v1
32,2001,15.683078,0.0,15.683078,11,coe2_bonus_v1
73,2001,15.403566,0.0,15.403566,12,coe2_bonus_v1
43,2001,15.335727,0.0,15.335727,11,coe2_bonus_v1
81,2001,15.169212,0.0,15.169212,10,coe2_bonus_v1
87,2001,14.945931,0.0,14.945931,11,coe2_bonus_v1
68,2001,14.827937,0.0,14.827937,11,coe2_bonus_v1
30,2001,14.672823,0.0,14.672823,12,coe2_bonus_v1
100,2001,14.571048,0.0,14.571048,11,coe2_bonus_v1
86,2001,14.106967,0.0,14.106967,10,coe2_bonus_v1
138,2001,14.039418,0.0,14.039418,10,coe2_bonus_v1
27,2001,13.889092,0.0,13.889092,12,coe2_bonus_v1
137,2001,13.833427,0.0,13.833427,8,coe2_bonus_v1
15,2001,13.821194,0.0,13.821194,11,coe2_bonus_v1
79,2001,13.134781,0.0,13.134781,11,coe2_bonus_v1
136,2001,13.039517,0.0,13.039517,10,coe2_bonus_v1
25,2001,12.991144,0.0,12.991144,11,coe2_bonus_v1
91,2001,12.872034,0.0,12.872034,11,coe2_bonus_v1
42,2001,12.568001,0.0,12.568001,11,coe2_bonus_v1
76,2001,11.65775,0.0,11.65775,11,coe2_bonus_v1
108,2001,11.429948,0.0,11.429948,11,coe2_bonus_v1
50,2001,11.417991,0.0,11.417991,10,coe2_bonus_v1
14,2001,11.259824,0.0,11.259824,11,coe2_bonus_v1
4,2001,10.86029,0.0,10.86029,10,coe2_bonus_v1
113,2001,10.775725,0.0,10.775725,11,coe2_bonus_v1
33,2001,10.739128,0.0,10.739128,10,coe2_bonus_v1
75,2001,10.517176,0.0,10.517176,11,coe2_bonus_v1
16,2001,10.292441,0.0,10.292441,11,coe2_bonus_v1
112,2001,10.249826,0.0,10.249826,11,coe2_bonus_v1
82,2001,9.905696,0.0,9.905696,10,coe2_bonus_v1
77,2001,9.808881,0.0,9.808881,10,coe2_bonus_v1
109,2001,9.359339,0.0,9.359339,11,coe2_bonus_v1
13,2001,9.333939,0.0,9.333939,11,coe2_bonus_v1
54,2001,9.106292,0.0,9.106292,10,coe2_bonus_v1
9,2001,8.825089,0.0,8.825089,12,coe2_bonus_v1
134,2001,8.146699,0.0,8.146699,10,coe2_bonus_v1
89,2001,7.218693,0.0,7.218693,11,coe2_bonus_v1
107,2001,6.613092,0.0,6.613092,10,coe2_bonus_v1
48,2001,6.349775,0.0,6.349775,11,coe2_bonus_v1
11,2001,6.321539,0.0,6.321539,10,coe2_bonus_v1
58,2001,6.316186,0.0,6.316186,9,coe2_bonus_v1
49,2001,6.153259,0.0,6.153259,10,coe2_bonus_v1
37,2001,6.110303,0.0,6.110303,10,coe2_bonus_v1
29,2001,6.081234,0.0,6.081234,10,coe2_bonus_v1
132,2001,6.001703,0.0,6.001703,11,coe2_bonus_v1
20,2001,5.952416,0.0,5.952416,9,coe2_bonus_v1
84,2001,5.830865,0.0,5.830865,10,coe2_bonus_v1
57,2001,5.656208,0.0,5.656208,9,coe2_bonus_v1
104,2001,5.559754,0.0,5.559754,11,coe2_bonus_v1
24,2001,3.429401,0.0,3.429401,10,coe2_bonus_v1
5,2001,2.975099,0.0,2.975099,11,coe2_bonus_v1
28,2001,2.78741,0.0,2.78741,10,coe2_bonus_v1
139,2001,2.779101,0.0,2.779101,10,coe2_bonus_v1
115,2001,2.773257,0.0,2.773257,11,coe2_bonus_v1
85,2001,2.753759,0.0,2.753759,9,coe2_bonus_v1
131,2001,2.721262,0.0,2.721262,10,coe2_bonus_v1
34,2001,0.0,0.0,0.0,10,coe2_bonus_v1
40,2001,0.0,0.0,0.0,11,coe2_bonus_v1
95,2001,0.0,0.0,0.0,11,coe2_bonus_v1
110,2001,0.0,0.0,0.0,10,coe2_bonus_v1
71,2002,35.282215,0.0,35.282215,14,coe2_bonus_v1
123,2002,31.750956,0.0,31.750956,13,coe2_bonus_v1
7,2002,31.373483,0.0,31.373483,13,coe2_bonus_v1
78,2002,29.78586,0.0,29.78586,13,coe2_bonus_v1
52,2002,29.25194,0.0,29.25194,14,coe2_bonus_v1
21,2002,28.516281,0.0,28.516281,13,coe2_bonus_v1
90,2002,26.974859,0.0,26.974859,13,coe2_bonus_v1
92,2002,26.740417,0.0,26.740417,14,coe2_bonus_v1
79,2002,26.615207,0.0,26.615207,13,coe2_bonus_v1
91,2002,26.454986,0.0,26.454986,14,coe2_bonus_v1
35,2002,26.41154,0.0,26.41154,13,coe2_bonus_v1
121,2002,26.148829,0.0,26.148829,13,coe2_bonus_v1
127,2002,26.105762,0.0,26.105762,12,coe2_bonus_v1
23,2002,26.030581,0.0,26.030581,14,coe2_bonus_v1
39,2002,25.930872,0.0,25.930872,14,coe2_bonus_v1
38,2002,25.694224,0.0,25.694224,12,coe2_bonus_v1
69,2002,25.579308,0.0,25.579308,13,coe2_bonus_v1
99,2002,25.290547,0.0,25.290547,12,coe2_bonus_v1
87,2002,25.163822,0.0,25.163822,13,coe2_bonus_v1
93,2002,25.012364,0.0,25.012364,12,coe2_bonus_v1
2,2002,24.727889,0.0,24.727889,12,coe2_bonus_v1
53,2002,24.615192,0.0,24.615192,14,coe2_bonus_v1
89,2002,24.507758,0.0,24.507758,12,coe2_bonus_v1
22,2002,24.478627,0.0,24.478627,14,coe2_bonus_v1
122,2002,24.433449,0.0,24.433449,12,coe2_bonus_v1
106,2002,23.929762,0.0,23.929762,13,coe2_bonus_v1
88,2002,23.799764,0.0,23.799764,13,coe2_bonus_v1
10,2002,23.616352,0.0,23.616352,14,coe2_bonus_v1
126,2002,23.503398,0.0,23.503398,14,coe2_bonus_v1
86,2002,22.696577,0.0,22.696577,11,coe2_bonus_v1
25,2002,22.354129,0.0,22.354129,13,coe2_bonus_v1
76,2002,22.220723,0.0,22.220723,14,coe2_bonus_v1
30,2002,22.21358,0.0,22.21358,11,coe2_bonus_v1
5,2002,22.02597,0.0,22.02597,12,coe2_bonus_v1
12,2002,21.904575,0.0,21.904575,13,coe2_bonus_v1
94,2002,21.699401,0.0,21.699401,13,coe2_bonus_v1
8,2002,21.389564,0.0,21.389564,13,coe2_bonus_v1
16,2002,21.15589,0.0,21.15589,13,coe2_bonus_v1
80,2002,20.888626,0.0,20.888626,13,coe2_bonus_v1
33,2002,20.592768,0.0,20.592768,12,coe2_bonus_v1
48,2002,20.312274,0.0,20.312274,12,coe2_bonus_v1
132,2002,20.183216,0.0,20.183216,12,coe2_bonus_v1
116,2002,19.786307,0.0,19.786307,12,coe2_bonus_v1
43,2002,19.660514,0.0,19.660514,12,coe2_bonus_v1
125,2002,19.589234,0.0,19.589234,13,coe2_bonus_v1
55,2002,19.552452,0.0,19.552452,14,coe2_bonus_v1
77,2002,19.367132,0.0,19.367132,12,coe2_bonus_v1
137,2002,19.205009,0.0,19.205009,9,coe2_bonus_v1
1,2002,18.936831,0.0,18.936831,13,coe2_bonus_v1
83,2002,18.894989,0.0,18.894989,11,coe2_bonus_v1
135,2002,18.857711,0.0,18.857711,13,coe2_bonus_v1
56,2002,18.805325,0.0,18.805325,13,coe2_bonus_v1
4,2002,18.78109,0.0,18.78109,12,coe2_bonus_v1
129,2002,18.601304,0.0,18.601304,13,coe2_bonus_v1
124,2002,18.571679,0.0,18.571679,13,coe2_bonus_v1
27,2002,18.471029,0.0,18.471029,12,coe2_bonus_v1
130,2002,18.465159,0.0,18.465159,13,coe2_bonus_v1
73,2002,18.032296,0.0,18.032296,12,coe2_bonus_v1
26,2002,17.894462,0.0,17.894462,13,coe2_bonus_v1
36,2002,17.885234,0.0,17.885234,12,coe2_bonus_v1
133,2002,17.703617,0.0,17.703617,12,coe2_bonus_v1
68,2002,16.849424,0.0,16.849424,12,coe2_bonus_v1
32,2002,16.726238,0.0,16.726238,13,coe2_bonus_v1
9,2002,16.621557,0.0,16.621557,13,coe2_bonus_v1
107,2002,16.610119,0.0,16.610119,11,coe2_bonus_v1
40,2002,16.582415,0.0,16.582415,12,coe2_bonus_v1
136,2002,16.499019,0.0,16.499019,11,coe2_bonus_v1
54,2002,15.91619,0.0,15.91619,12,coe2_bonus_v1
14,2002,15.366182,0.0,15.366182,12,coe2_bonus_v1
74,2002,14.984442,0.0,14.984442,12,coe2_bonus_v1
19,2002,14.70347,0.0,14.70347,11,coe2_bonus_v1
13,2002,14.488609,0.0,14.488609,12,coe2_bonus_v1
31,2002,14.211157,0.0,14.211157,13,coe2_bonus_v1
138,2002,14.003742,0.0,14.003742,12,coe2_bonus_v1
3,2002,13.868883,0.0,13.868883,12,coe2_bonus_v1
18,2002,13.673663,0.0,13.673663,12,coe2_bonus_v1
81,2002,13.662591,0.0,13.662591,11,coe2_bonus_v1
11,2002,13.001884,0.0,13.001884,13,coe2_bonus_v1
57,2002,12.756058,0.0,12.756058,11,coe2_bonus_v1
128,2002,12.557905,0.0,12.557905,12,coe2_bonus_v1
115,2002,11.827878,0.0,11.827878,11,coe2_bonus_v1
100,2002,11.804151,0.0,11.804151,12,coe2_bonus_v1
41,2002,11.030896,0.0,11.030896,11,coe2_bonus_v1
65,2002,10.916508,0.0,10.916508,11,coe2_bonus_v1
47,2002,10.719065,0.0,10.719065,12,coe2_bonus_v1
20,2002,10.633632,0.0,10.633632,10,coe2_bonus_v1
70,2002,9.886915,0.0,9.886915,12,coe2_bonus_v1
105,2002,9.718311,0.0,9.718311,11,coe2_bonus_v1
58,2002,9.601644,0.0,9.601644,11,coe2_bonus_v1
108,2002,9.363063,0.0,9.363063,11,coe2_bonus_v1
49,2002,9.358343,0.0,9.358343,12,coe2_bonus_v1
96,2002,9.232069,0.0,9.232069,12,coe2_bonus_v1
15,2002,9.215045,0.0,9.215045,11,coe2_bonus_v1
82,2002,9.027753,0.0,9.027753,11,coe2_bonus_v1
113,2002,9.024272,0.0,9.024272,11,coe2_bonus_v1
75,2002,8.937845,0.0,8.937845,12,coe2_bonus_v1
42,2002,8.853945,0.0,8.853945,12,coe2_bonus_v1
84,2002,8.817968,0.0,8.817968,11,coe2_bonus_v1
95,2002,6.725418,0.0,6.725418,12,coe2_bonus_v1
110,2002,6.614538,0.0,6.614538,12,coe2_bonus_v1
139,2002,6.576367,0.0,6.576367,11,coe2_bonus_v1
37,2002,5.79975,0.0,5.79975,11,coe2_bonus_v1
72,2002,5.795102,0.0,5.795102,11,coe2_bonus_v1
134,2002,5.681828,0.0,5.681828,11,coe2_bonus_v1
50,2002,5.640365,0.0,5.640365,11,coe2_bonus_v1
6,2002,5.184801,0.0,5.184801,11,coe2_bonus_v1
109,2002,3.822664,0.0,3.822664,11,coe2_bonus_v1
24,2002,3.81348,0.0,3.81348,11,coe2_bonus_v1
28,2002,3.453462,0.0,3.453462,11,coe2_bonus_v1
104,2002,3.157798,0.0,3.157798,11,coe2_bonus_v1
34,2002,3.122783,0.0,3.122783,12,coe2_bonus_v1
85,2002,3.099441,0.0,3.099441,10,coe2_bonus_v1
112,2002,3.090976,0.0,3.090976,11,coe2_bonus_v1
114,2002,2.910809,0.0,2.910809,10,coe2_bonus_v1
131,2002,2.7937,0.0,2.7937,11,coe2_bonus_v1
29,2002,2.693376,0.0,2.693376,11,coe2_bonus_v1
120,2002,1.0,0.0,1.0,8,coe2_bonus_v1
116,2003,33.209055,0.0,33.209055,14,coe2_bonus_v1
133,2003,32.267711,0.0,32.267711,13,coe2_bonus_v1
7,2003,29.813122,0.0,29.813122,13,coe2_bonus_v1
21,2003,28.592899,0.0,28.592899,13,coe2_bonus_v1
19,2003,28.249724,0.0,28.249724,12,coe2_bonus_v1
52,2003,28.171794,0.0,28.171794,14,coe2_bonus_v1
135,2003,27.36617,0.0,27.36617,13,coe2_bonus_v1
2,2003,26.7258,0.0,26.7258,13,coe2_bonus_v1
123,2003,26.304493,0.0,26.304493,14,coe2_bonus_v1
31,2003,26.219691,0.0,26.219691,13,coe2_bonus_v1
71,2003,26.157714,0.0,26.157714,13,coe2_bonus_v1
77,2003,26.098611,0.0,26.098611,13,coe2_bonus_v1
73,2003,25.78875,0.0,25.78875,13,coe2_bonus_v1
78,2003,25.682868,0.0,25.682868,13,coe2_bonus_v1
38,2003,25.573792,0.0,25.573792,13,coe2_bonus_v1
130,2003,25.433485,0.0,25.433485,13,coe2_bonus_v1
127,2003,25.268243,0.0,25.268243,13,coe2_bonus_v1
56,2003,24.835369,0.0,24.835369,13,coe2_bonus_v1
5,2003,24.790848,0.0,24.790848,14,coe2_bonus_v1
69,2003,24.688496,0.0,24.688496,13,coe2_bonus_v1
126,2003,24.358439,0.0,24.358439,13,coe2_bonus_v1
50,2003,24.346109,0.0,24.346109,12,coe2_bonus_v1
68,2003,24.208739,0.0,24.208739,13,coe2_bonus_v1
35,2003,23.907043,0.0,23.907043,13,coe2_bonus_v1
83,2003,23.883702,0.0,23.883702,12,coe2_bonus_v1
90,2003,23.669817,0.0,23.669817,12,coe2_bonus_v1
70,2003,23.161068,0.0,23.161068,13,coe2_bonus_v1
53,2003,23.136851,0.0,23.136851,13,coe2_bonus_v1
129,2003,23.043241,0.0,23.043241,12,coe2_bonus_v1
86,2003,22.94586,0.0,22.94586,11,coe2_bonus_v1
30,2003,22.722889,0.0,22.722889,13,coe2_bonus_v1
3,2003,22.645162,0.0,22.645162,13,coe2_bonus_v1
91,2003,22.596618,0.0,22.596618,13,coe2_bonus_v1
89,2003,22.51268,0.0,22.51268,13,coe2_bonus_v1
106,2003,21.928126,0.0,21.928126,13,coe2_bonus_v1
43,2003,21.619453,0.0,21.619453,13,coe2_bonus_v1
88,2003,21.404945,0.0,21.404945,13,coe2_bonus_v1
14,2003,20.993434,0.0,20.993434,12,coe2_bonus_v1
33,2003,20.955864,0.0,20.955864,12,coe2_bonus_v1
10,2003,20.949604,0.0,20.949604,13,coe2_bonus_v1
107,2003,20.910017,0.0,20.910017,11,coe2_bonus_v1
12,2003,20.895813,0.0,20.895813,13,coe2_bonus_v1
34,2003,20.688171,0.0,20.688171,12,coe2_bonus_v1
40,2003,20.576245,0.0,20.576245,13,coe2_bonus_v1
54,2003,20.228893,0.0,20.228893,12,coe2_bonus_v1
124,2003,19.962618,0.0,19.962618,13,coe2_bonus_v1
110,2003,19.809194,0.0,19.809194,11,coe2_bonus_v1
26,2003,19.752007,0.0,19.752007,12,coe2_bonus_v1
125,2003,19.498239,0.0,19.498239,12,coe2_bonus_v1
93,2003,19.391286,0.0,19.391286,12,coe2_bonus_v1
39,2003,19.372339,0.0,19.372339,13,coe2_bonus_v1
80,2003,19.018703,0.0,19.018703,11,coe2_bonus_v1
76,2003,18.858517,0.0,18.858517,13,coe2_bonus_v1
75,2003,18.623254,0.0,18.623254,13,coe2_bonus_v1
4,2003,18.554203,0.0,18.554203,12,coe2_bonus_v1
122,2003,17.920967,0.0,17.920967,12,coe2_bonus_v1
99,2003,17.77929,0.0,17.77929,11,coe2_bonus_v1
92,2003,17.608209,0.0,17.608209,12,coe2_bonus_v1
105,2003,17.282689,0.0,17.282689,12,coe2_bonus_v1
23,2003,16.998482,0.0,16.998482,12,coe2_bonus_v1
25,2003,16.97415,0.0,16.97415,11,coe2_bonus_v1
29,2003,16.441798,0.0,16.441798,12,coe2_bonus_v1
1,2003,16.351393,0.0,16.351393,12,coe2_bonus_v1
8,2003,16.218277,0.0,16.218277,13,coe2_bonus_v1
41,2003,15.67247,0.0,15.67247,12,coe2_bonus_v1
13,2003,15.323329,0.0,15.323329,11,coe2_bonus_v1
104,2003,15.197323,0.0,15.197323,12,coe2_bonus_v1
138,2003,15.125131,0.0,15.125131,12,coe2_bonus_v1
94,2003,14.822646,0.0,14.822646,12,coe2_bonus_v1
47,2003,14.506955,0.0,14.506955,12,coe2_bonus_v1
79,2003,13.980496,0.0,13.980496,12,coe2_bonus_v1
22,2003,13.950814,0.0,13.950814,12,coe2_bonus_v1
114,2003,13.915082,0.0,13.915082,11,coe2_bonus_v1
137,2003,13.70985,0.0,13.70985,9,coe2_bonus_v1
128,2003,13.647541,0.0,13.647541,12,coe2_bonus_v1
65,2003,13.560374,0.0,13.560374,11,coe2_bonus_v1
113,2003,13.064371,0.0,13.064371,10,coe2_bonus_v1
18,2003,12.93529,0.0,12.93529,12,coe2_bonus_v1
6,2003,12.207446,0.0,12.207446,11,coe2_bonus_v1
120,2003,12.122933,0.0,12.122933,10,coe2_bonus_v1
11,2003,11.959034,0.0,11.959034,10,coe2_bonus_v1
121,2003,11.887767,0.0,11.887767,13,coe2_bonus_v1
55,2003,11.343331,0.0,11.343331,11,coe2_bonus_v1
82,2003,11.193222,0.0,11.193222,11,coe2_bonus_v1
48,2003,10.946199,0.0,10.946199,11,coe2_bonus_v1
139,2003,10.651671,0.0,10.651671,10,coe2_bonus_v1
16,2003,10.496286,0.0,10.496286,11,coe2_bonus_v1
24,2003,10.155891,0.0,10.155891,11,coe2_bonus_v1
95,2003,10.113231,0.0,10.113231,11,coe2_bonus_v1
36,2003,10.003676,0.0,10.003676,12,coe2_bonus_v1
49,2003,9.829997,0.0,9.829997,11,coe2_bonus_v1
57,2003,9.31881,0.0,9.31881,10,coe2_bonus_v1
81,2003,9.05823,0.0,9.05823,11,coe2_bonus_v1
132,2003,8.840673,0.0,8.840673,11,coe2_bonus_v1
20,2003,8.667257,0.0,8.667257,12,coe2_bonus_v1
96,2003,7.302548,0.0,7.302548,12,coe2_bonus_v1
85,2003,7.117521,0.0,7.117521,10,coe2_bonus_v1
15,2003,6.840988,0.0,6.840988,12,coe2_bonus_v1
87,2003,6.786546,0.0,6.786546,12,coe2_bonus_v1
37,2003,6.608413,0.0,6.608413,11,coe2_bonus_v1
27,2003,6.239441,0.0,6.239441,11,coe2_bonus_v1
9,2003,5.306194,0.0,5.306194,10,coe2_bonus_v1
108,2003,5.169246,0.0,5.169246,11,coe2_bonus_v1
134,2003,5.162559,0.0,5.162559,12,coe2_bonus_v1
136,2003,4.848267,0.0,4.848267,11,coe2_bonus_v1
131,2003,4.5532,0.0,4.5532,11,coe2_bonus_v1
72,2003,4.222386,0.0,4.222386,11,coe2_bonus_v1
115,2003,4.12334,0.0,4.12334,11,coe2_bonus_v1
112,2003,3.617738,0.0,3.617738,11,coe2_bonus_v1
100,2003,3.577349,0.0,3.577349,12,coe2_bonus_v1
28,2003,3.42558,0.0,3.42558,11,coe2_bonus_v1
58,2003,2.976797,0.0,2.976797,10,coe2_bonus_v1
84,2003,2.639845,0.0,2.639845,10,coe2_bonus_v1
32,2003,2.600554,0.0,2.600554,11,coe2_bonus_v1
42,2003,0.0,0.0,0.0,12,coe2_bonus_v1
74,2003,0.0,0.0,0.0,11,coe2_bonus_v1
109,2003,0.0,0.0,0.0,13,coe2_bonus_v1
122,2004,30.830074,0.0,30.830074,12,coe2_bonus_v1
7,2004,30.546769,0.0,30.546769,13,coe2_bonus_v1
19,2004,28.413362,0.0,28.413362,12,coe2_bonus_v1
52,2004,27.498165,0.0,27.498165,13,coe2_bonus_v1
56,2004,27.480572,0.0,27.480572,12,coe2_bonus_v1
35,2004,26.934399,0.0,26.934399,12,coe2_bonus_v1
78,2004,26.615057,0.0,26.615057,12,coe2_bonus_v1
16,2004,26.358497,0.0,26.358497,12,coe2_bonus_v1
130,2004,24.956214,0.0,24.956214,13,coe2_bonus_v1
92,2004,24.927651,0.0,24.927651,12,coe2_bonus_v1
5,2004,24.876402,0.0,24.876402,12,coe2_bonus_v1
21,2004,24.804423,0.0,24.804423,12,coe2_bonus_v1
80,2004,24.705982,0.0,24.705982,13,coe2_bonus_v1
76,2004,23.710705,0.0,23.710705,12,coe2_bonus_v1
22,2004,23.642791,0.0,23.642791,13,coe2_bonus_v1
127,2004,23.589725,0.0,23.589725,12,coe2_bonus_v1
106,2004,22.693373,0.0,22.693373,11,coe2_bonus_v1
110,2004,22.494724,0.0,22.494724,10,coe2_bonus_v1
126,2004,22.415748,0.0,22.415748,12,coe2_bonus_v1
36,2004,22.129503,0.0,22.129503,12,coe2_bonus_v1
123,2004,22.052542,0.0,22.052542,11,coe2_bonus_v1
39,2004,22.001347,0.0,22.001347,12,coe2_bonus_v1
71,2004,21.919389,0.0,21.919389,12,coe2_bonus_v1
69,2004,21.902916,0.0,21.902916,12,coe2_bonus_v1
12,2004,21.832506,0.0,21.832506,12,coe2_bonus_v1
55,2004,21.549513,0.0,21.549513,12,coe2_bonus_v1
91,2004,21.323326,0.0,21.323326,12,coe2_bonus_v1
32,2004,21.268779,0.0,21.268779,11,coe2_bonus_v1
10,2004,21.200838,0.0,21.200838,11,coe2_bonus_v1
28,2004,21.180774,0.0,21.180774,11,coe2_bonus_v1
138,2004,20.647234,0.0,20.647234,12,coe2_bonus_v1
88,2004,20.591749,0.0,20.591749,11,coe2_bonus_v1
133,2004,20.525289,0.0,20.525289,12,coe2_bonus_v1
26,2004,20.096792,0.0,20.096792,12,coe2_bonus_v1
86,2004,19.664083,0.0,19.664083,11,coe2_bonus_v1
4,2004,19.385895,0.0,19.385895,12,coe2_bonus_v1
50,2004,19.367776,0.0,19.367776,11,coe2_bonus_v1
83,2004,19.313743,0.0,19.313743,11,coe2_bonus_v1
33,2004,18.88959,0.0,18.88959,12,coe2_bonus_v1
68,2004,18.828981,0.0,18.828981,12,coe2_bonus_v1
24,2004,18.568418,0.0,18.568418,11,coe2_bonus_v1
75,2004,18.564031,0.0,18.564031,12,coe2_bonus_v1
79,2004,18.532345,0.0,18.532345,12,coe2_bonus_v1
125,2004,18.24893,0.0,18.24893,12,coe2_bonus_v1
89,2004,18.072631,0.0,18.072631,11,coe2_bonus_v1
107,2004,17.867617,0.0,17.867617,11,coe2_bonus_v1
43,2004,17.838189,0.0,17.838189,11,coe2_bonus_v1
128,2004,17.518891,0.0,17.518891,11,coe2_bonus_v1
8,2004,17.473225,0.0,17.473225,12,coe2_bonus_v1
105,2004,17.352801,0.0,17.352801,12,coe2_bonus_v1
96,2004,17.352757,0.0,17.352757,11,coe2_bonus_v1
129,2004,17.335525,0.0,17.335525,11,coe2_bonus_v1
124,2004,17.197541,0.0,17.197541,11,coe2_bonus_v1
120,2004,17.10895,0.0,17.10895,11,coe2_bonus_v1
47,2004,17.037998,0.0,17.037998,12,coe2_bonus_v1
73,2004,16.819845,0.0,16.819845,12,coe2_bonus_v1
113,2004,16.712392,0.0,16.712392,11,coe2_bonus_v1
116,2004,16.294461,0.0,16.294461,12,coe2_bonus_v1
77,2004,15.932062,0.0,15.932062,11,coe2_bonus_v1
18,2004,15.097657,0.0,15.097657,11,coe2_bonus_v1
70,2004,14.666493,0.0,14.666493,12,coe2_bonus_v1
99,2004,14.180303,0.0,14.180303,12,coe2_bonus_v1
65,2004,13.989578,0.0,13.989578,10,coe2_bonus_v1
90,2004,13.854519,0.0,13.854519,11,coe2_bonus_v1
54,2004,13.5357,0.0,13.5357,11,coe2_bonus_v1
121,2004,13.440064,0.0,13.440064,11,coe2_bonus_v1
38,2004,13.051242,0.0,13.051242,11,coe2_bonus_v1
48,2004,12.744278,0.0,12.744278,10,coe2_bonus_v1
29,2004,12.727267,0.0,12.727267,11,coe2_bonus_v1
2,2004,12.69607,0.0,12.69607,11,coe2_bonus_v1
25,2004,12.401184,0.0,12.401184,10,coe2_bonus_v1
3,2004,12.3696,0.0,12.3696,11,coe2_bonus_v1
53,2004,12.327378,0.0,12.327378,11,coe2_bonus_v1
6,2004,11.968962,0.0,11.968962,11,coe2_bonus_v1
85,2004,11.859443,0.0,11.859443,10,coe2_bonus_v1
34,2004,11.247567,0.0,11.247567,11,coe2_bonus_v1
87,2004,11.045476,0.0,11.045476,11,coe2_bonus_v1
13,2004,11.037906,0.0,11.037906,11,coe2_bonus_v1
114,2004,10.917675,0.0,10.917675,10,coe2_bonus_v1
72,2004,10.913787,0.0,10.913787,11,coe2_bonus_v1
104,2004,10.797958,0.0,10.797958,10,coe2_bonus_v1
93,2004,10.502107,0.0,10.502107,10,coe2_bonus_v1
94,2004,10.357425,0.0,10.357425,10,coe2_bonus_v1
31,2004,10.354555,0.0,10.354555,10,coe2_bonus_v1
84,2004,10.251753,0.0,10.251753,10,coe2_bonus_v1
135,2004,10.102305,0.0,10.102305,11,coe2_bonus_v1
20,2004,9.944002,0.0,9.944002,11,coe2_bonus_v1
42,2004,9.917942,0.0,9.917942,11,coe2_bonus_v1
27,2004,9.866655,0.0,9.866655,9,coe2_bonus_v1
134,2004,9.526892,0.0,9.526892,10,coe2_bonus_v1
137,2004,9.460492,0.0,9.460492,10,coe2_bonus_v1
58,2004,9.451431,0.0,9.451431,9,coe2_bonus_v1
57,2004,9.341208,0.0,9.341208,11,coe2_bonus_v1
41,2004,9.167524,0.0,9.167524,11,coe2_bonus_v1
115,2004,8.956873,0.0,8.956873,10,coe2_bonus_v1
139,2004,8.935866,0.0,8.935866,12,coe2_bonus_v1
40,2004,8.846349,0.0,8.846349,11,coe2_bonus_v1
11,2004,8.574725,0.0,8.574725,10,coe2_bonus_v1
23,2004,8.134676,0.0,8.134676,10,coe2_bonus_v1
30,2004,7.855319,0.0,7.855319,10,coe2_bonus_v1
109,2004,7.50508,0.0,7.50508,11,coe2_bonus_v1
14,2004,7.45713,0.0,7.45713,11,coe2_bonus_v1
15,2004,7.212086,0.0,7.212086,10,coe2_bonus_v1
37,2004,6.910903,0.0,6.910903,10,coe2_bonus_v1
74,2004,6.842157,0.0,6.842157,10,coe2_bonus_v1
81,2004,6.71339,0.0,6.71339,11,coe2_bonus_v1
112,2004,6.35048,0.0,6.35048,11,coe2_bonus_v1
49,2004,6.069487,0.0,6.069487,9,coe2_bonus_v1
100,2004,6.068916,0.0,6.068916,11,coe2_bonus_v1
132,2004,5.568572,0.0,5.568572,11,coe2_bonus_v1
9,2004,4.564937,0.0,4.564937,10,coe2_bonus_v1
131,2004,4.098155,0.0,4.098155,10,coe2_bonus_v1
95,2004,3.653393,0.0,3.653393,10,coe2_bonus_v1
108,2004,3.614208,0.0,3.614208,10,coe2_bonus_v1
1,2004,2.326514,0.0,2.326514,11,coe2_bonus_v1
82,2004,1.0,0.0,1.0,10,coe2_bonus_v1
136,2004,1.0,0.0,1.0,11,coe2_bonus_v1
35,2005,30.672503,0.0,30.672503,13,coe2_bonus_v1
38,2005,30.151269,0.0,30.151269,12,coe2_bonus_v1
87,2005,29.427211,0.0,29.427211,12,coe2_bonus_v1
8,2005,29.010257,0.0,29.010257,12,coe2_bonus_v1
92,2005,28.129448,0.0,28.129448,13,coe2_bonus_v1
89,2005,27.992397,0.0,27.992397,11,coe2_bonus_v1
76,2005,26.98038,0.0,26.98038,13,coe2_bonus_v1
121,2005,26.786227,0.0,26.786227,12,coe2_bonus_v1
133,2005,26.454592,0.0,26.454592,12,coe2_bonus_v1
7,2005,26.398011,0.0,26.398011,13,coe2_bonus_v1
34,2005,26.329931,0.0,26.329931,13,coe2_bonus_v1
136,2005,26.324986,0.0,26.324986,13,coe2_bonus_v1
123,2005,25.233412,0.0,25.233412,13,coe2_bonus_v1
13,2005,25.084844,0.0,25.084844,12,coe2_bonus_v1
79,2005,24.697257,0.0,24.697257,12,coe2_bonus_v1
71,2005,24.685858,0.0,24.685858,12,coe2_bonus_v1
106,2005,24.405021,0.0,24.405021,12,coe2_bonus_v1
129,2005,24.35704,0.0,24.35704,12,coe2_bonus_v1
125,2005,24.089799,0.0,24.089799,12,coe2_bonus_v1
3,2005,23.375541,0.0,23.375541,11,coe2_bonus_v1
56,2005,22.237953,0.0,22.237953,12,coe2_bonus_v1
127,2005,22.038522,0.0,22.038522,12,coe2_bonus_v1
110,2005,21.497888,0.0,21.497888,12,coe2_bonus_v1
84,2005,21.189049,0.0,21.189049,11,coe2_bonus_v1
32,2005,21.066532,0.0,21.066532,11,coe2_bonus_v1
113,2005,20.802179,0.0,20.802179,13,coe2_bonus_v1
31,2005,20.277938,0.0,20.277938,11,coe2_bonus_v1
128,2005,20.147708,0.0,20.147708,12,coe2_bonus_v1
75,2005,20.10667,0.0,20.10667,12,coe2_bonus_v1
80,2005,20.06492,0.0,20.06492,11,coe2_bonus_v1
54,2005,19.994952,0.0,19.994952,12,coe2_bonus_v1
122,2005,19.696523,0.0,19.696523,11,coe2_bonus_v1
104,2005,19.534911,0.0,19.534911,11,coe2_bonus_v1
52,2005,19.461485,0.0,19.461485,12,coe2_bonus_v1
82,2005,19.311362,0.0,19.311362,10,coe2_bonus_v1
124,2005,19.270703,0.0,19.270703,12,coe2_bonus_v1
77,2005,19.131087,0.0,19.131087,12,coe2_bonus_v1
126,2005,18.927697,0.0,18.927697,12,coe2_bonus_v1
69,2005,18.862292,0.0,18.862292,12,coe2_bonus_v1
91,2005,18.809505,0.0,18.809505,12,coe2_bonus_v1
19,2005,18.759104,0.0,18.759104,12,coe2_bonus_v1
28,2005,18.669658,0.0,18.669658,11,coe2_bonus_v1
50,2005,18.5627,0.0,18.5627,11,coe2_bonus_v1
47,2005,18.403807,0.0,18.403807,11,coe2_bonus_v1
16,2005,18.274246,0.0,18.274246,12,coe2_bonus_v1
23,2005,18.202839,0.0,18.202839,12,coe2_bonus_v1
21,2005,18.167962,0.0,18.167962,12,coe2_bonus_v1
42,2005,18.060256,0.0,18.060256,11,coe2_bonus_v1
116,2005,17.925768,0.0,17.925768,11,coe2_bonus_v1
93,2005,17.847133,0.0,17.847133,11,coe2_bonus_v1
5,2005,17.620233,0.0,17.620233,11,coe2_bonus_v1
22,2005,17.499209,0.0,17.499209,13,coe2_bonus_v1
86,2005,17.396596,0.0,17.396596,11,coe2_bonus_v1
26,2005,16.886104,0.0,16.886104,11,coe2_bonus_v1
10,2005,16.870574,0.0,16.870574,12,coe2_bonus_v1
29,2005,16.810385,0.0,16.810385,11,coe2_bonus_v1
6,2005,16.628779,0.0,16.628779,10,coe2_bonus_v1
68,2005,16.371081,0.0,16.371081,11,coe2_bonus_v1
96,2005,16.35421,0.0,16.35421,11,coe2_bonus_v1
83,2005,16.232528,0.0,16.232528,11,coe2_bonus_v1
78,2005,16.134946,0.0,16.134946,11,coe2_bonus_v1
18,2005,16.096176,0.0,16.096176,11,coe2_bonus_v1
40,2005,15.867798,0.0,15.867798,11,coe2_bonus_v1
11,2005,15.725552,0.0,15.725552,12,coe2_bonus_v1
100,2005,15.566713,0.0,15.566713,11,coe2_bonus_v1
39,2005,15.289024,0.0,15.289024,9,coe2_bonus_v1
131,2005,15.283985,0.0,15.283985,10,coe2_bonus_v1
58,2005,15.109642,0.0,15.109642,9,coe2_bonus_v1
137,2005,14.811795,0.0,14.811795,11,coe2_bonus_v1
70,2005,14.753712,0.0,14.753712,11,coe2_bonus_v1
37,2005,14.15355,0.0,14.15355,10,coe2_bonus_v1
49,2005,13.915959,0.0,13.915959,9,coe2_bonus_v1
81,2005,13.593758,0.0,13.593758,11,coe2_bonus_v1
90,2005,13.508114,0.0,13.508114,11,coe2_bonus_v1
73,2005,13.485359,0.0,13.485359,11,coe2_bonus_v1
65,2005,12.914488,0.0,12.914488,10,coe2_bonus_v1
130,2005,12.562117,0.0,12.562117,11,coe2_bonus_v1
115,2005,12.368845,0.0,12.368845,11,coe2_bonus_v1
12,2005,12.305477,0.0,12.305477,12,coe2_bonus_v1
138,2005,12.25542,0.0,12.25542,10,coe2_bonus_v1
88,2005,12.064943,0.0,12.064943,10,coe2_bonus_v1
25,2005,11.803027,0.0,11.803027,11,coe2_bonus_v1
85,2005,11.6679,0.0,11.6679,11,coe2_bonus_v1
94,2005,11.619551,0.0,11.619551,11,coe2_bonus_v1
24,2005,11.426893,0.0,11.426893,11,coe2_bonus_v1
57,2005,11.095393,0.0,11.095393,10,coe2_bonus_v1
4,2005,11.048294,0.0,11.048294,10,coe2_bonus_v1
30,2005,10.731573,0.0,10.731573,10,coe2_bonus_v1
36,2005,10.691626,0.0,10.691626,10,coe2_bonus_v1
109,2005,10.127113,0.0,10.127113,10,coe2_bonus_v1
107,2005,9.506765,0.0,9.506765,10,coe2_bonus_v1
99,2005,9.302038,0.0,9.302038,10,coe2_bonus_v1
2,2005,8.901361,0.0,8.901361,10,coe2_bonus_v1
20,2005,8.517143,0.0,8.517143,11,coe2_bonus_v1
33,2005,8.436466,0.0,8.436466,10,coe2_bonus_v1
55,2005,8.395119,0.0,8.395119,10,coe2_bonus_v1
72,2005,8.18987,0.0,8.18987,10,coe2_bonus_v1
53,2005,7.582457,0.0,7.582457,10,coe2_bonus_v1
15,2005,7.456693,0.0,7.456693,10,coe2_bonus_v1
60,2005,7.225237,0.0,7.225237,10,coe2_bonus_v1
120,2005,6.720829,0.0,6.720829,9,coe2_bonus_v1
134,2005,6.540547,0.0,6.540547,10,coe2_bonus_v1
132,2005,6.413443,0.0,6.413443,10,coe2_bonus_v1
139,2005,6.333223,0.0,6.333223,11,coe2_bonus_v1
9,2005,6.088126,0.0,6.088126,10,coe2_bonus_v1
14,2005,6.062666,0.0,6.062666,11,coe2_bonus_v1
1,2005,5.930527,0.0,5.930527,11,coe2_bonus_v1
135,2005,5.403976,0.0,5.403976,10,coe2_bonus_v1
74,2005,5.23746,0.0,5.23746,11,coe2_bonus_v1
112,2005,3.395899,0.0,3.395899,11,coe2_bonus_v1
41,2005,3.164848,0.0,3.164848,11,coe2_bonus_v1
48,2005,2.793852,0.0,2.793852,10,coe2_bonus_v1
43,2005,2.691635,0.0,2.691635,10,coe2_bonus_v1
105,2005,2.298313,0.0,2.298313,11,coe2_bonus_v1
27,2005,1.0,0.0,1.0,12,coe2_bonus_v1
95,2005,0.0,0.0,0.0,10,coe2_bonus_v1
108,2005,0.0,0.0,0.0,11,coe2_bonus_v1
114,2005,0.0,0.0,0.0,10,coe2_bonus_v1
125,2006,31.80681,0.0,31.80681,13,coe2_bonus_v1
84,2006,30.289455,0.0,30.289455,14,coe2_bonus_v1
94,2006,29.617546,0.0,29.617546,13,coe2_bonus_v1
18,2006,29.568102,0.0,29.568102,13,coe2_bonus_v1
104,2006,28.857005,0.0,28.857005,12,coe2_bonus_v1
21,2006,28.845241,0.0,28.845241,12,coe2_bonus_v1
56,2006,28.413568,0.0,28.413568,13,coe2_bonus_v1
71,2006,28.30591,0.0,28.30591,13,coe2_bonus_v1
122,2006,28.177635,0.0,28.177635,13,coe2_bonus_v1
69,2006,27.349662,0.0,27.349662,13,coe2_bonus_v1
52,2006,27.152522,0.0,27.152522,14,coe2_bonus_v1
76,2006,26.812454,0.0,26.812454,12,coe2_bonus_v1
4,2006,25.664875,0.0,25.664875,13,coe2_bonus_v1
7,2006,25.510651,0.0,25.510651,13,coe2_bonus_v1
79,2006,25.20149,0.0,25.20149,13,coe2_bonus_v1
12,2006,25.127843,0.0,25.127843,13,coe2_bonus_v1
133,2006,25.105421,0.0,25.105421,13,coe2_bonus_v1
89,2006,25.008172,0.0,25.008172,12,coe2_bonus_v1
5,2006,24.16771,0.0,24.16771,12,coe2_bonus_v1
40,2006,23.981993,0.0,23.981993,13,coe2_bonus_v1
53,2006,23.740589,0.0,23.740589,13,coe2_bonus_v1
115,2006,23.48617,0.0,23.48617,13,coe2_bonus_v1
130,2006,23.469895,0.0,23.469895,13,coe2_bonus_v1
38,2006,23.445375,0.0,23.445375,12,coe2_bonus_v1
68,2006,23.181575,0.0,23.181575,13,coe2_bonus_v1
9,2006,23.04812,0.0,23.04812,12,coe2_bonus_v1
82,2006,22.841041,0.0,22.841041,13,coe2_bonus_v1
90,2006,22.658566,0.0,22.658566,12,coe2_bonus_v1
106,2006,22.650229,0.0,22.650229,12,coe2_bonus_v1
137,2006,22.597742,0.0,22.597742,12,coe2_bonus_v1
36,2006,22.542411,0.0,22.542411,12,coe2_bonus_v1
41,2006,22.352235,0.0,22.352235,13,coe2_bonus_v1
92,2006,22.101392,0.0,22.101392,12,coe2_bonus_v1
110,2006,21.506741,0.0,21.506741,12,coe2_bonus_v1
123,2006,21.049803,0.0,21.049803,12,coe2_bonus_v1
132,2006,20.761378,0.0,20.761378,12,coe2_bonus_v1
100,2006,20.673871,0.0,20.673871,13,coe2_bonus_v1
129,2006,20.651045,0.0,20.651045,13,coe2_bonus_v1
120,2006,20.641563,0.0,20.641563,12,coe2_bonus_v1
31,2006,20.588097,0.0,20.588097,13,coe2_bonus_v1
124,2006,20.555329,0.0,20.555329,13,coe2_bonus_v1
8,2006,20.219412,0.0,20.219412,13,coe2_bonus_v1
35,2006,20.179347,0.0,20.179347,12,coe2_bonus_v1
13,2006,19.833886,0.0,19.833886,13,coe2_bonus_v1
114,2006,19.808659,0.0,19.808659,12,coe2_bonus_v1
55,2006,19.626591,0.0,19.626591,12,coe2_bonus_v1
54,2006,19.613025,0.0,19.613025,12,coe2_bonus_v1
24,2006,19.518704,0.0,19.518704,12,coe2_bonus_v1
87,2006,19.284571,0.0,19.284571,12,coe2_bonus_v1
34,2006,19.215311,0.0,19.215311,12,coe2_bonus_v1
73,2006,18.762318,0.0,18.762318,13,coe2_bonus_v1
128,2006,18.612544,0.0,18.612544,12,coe2_bonus_v1
39,2006,18.44118,0.0,18.44118,12,coe2_bonus_v1
33,2006,18.369925,0.0,18.369925,12,coe2_bonus_v1
126,2006,18.136372,0.0,18.136372,13,coe2_bonus_v1
19,2006,17.952468,0.0,17.952468,12,coe2_bonus_v1
1,2006,17.746699,0.0,17.746699,12,coe2_bonus_v1
57,2006,17.51655,0.0,17.51655,12,coe2_bonus_v1
30,2006,17.404391,0.0,17.404391,12,coe2_bonus_v1
2,2006,17.316831,0.0,17.316831,12,coe2_bonus_v1
15,2006,16.870181,0.0,16.870181,11,coe2_bonus_v1
86,2006,16.695897,0.0,16.695897,12,coe2_bonus_v1
26,2006,16.535135,0.0,16.535135,12,coe2_bonus_v1
65,2006,16.497272,0.0,16.497272,12,coe2_bonus_v1
29,2006,16.447529,0.0,16.447529,11,coe2_bonus_v1
16,2006,16.346698,0.0,16.346698,12,coe2_bonus_v1
72,2006,15.718036,0.0,15.718036,11,coe2_bonus_v1
3,2006,15.201107,0.0,15.201107,12,coe2_bonus_v1
77,2006,15.094188,0.0,15.094188,12,coe2_bonus_v1
88,2006,14.95929,0.0,14.95929,11,coe2_bonus_v1
28,2006,14.804734,0.0,14.804734,12,coe2_bonus_v1
81,2006,14.718782,0.0,14.718782,11,coe2_bonus_v1
127,2006,14.66189,0.0,14.66189,12,coe2_bonus_v1
42,2006,14.484136,0.0,14.484136,11,coe2_bonus_v1
49,2006,14.153021,0.0,14.153021,11,coe2_bonus_v1
91,2006,14.131136,0.0,14.131136,12,coe2_bonus_v1
113,2006,13.957547,0.0,13.957547,12,coe2_bonus_v1
121,2006,13.927631,0.0,13.927631,13,coe2_bonus_v1
80,2006,12.924003,0.0,12.924003,11,coe2_bonus_v1
105,2006,12.878951,0.0,12.878951,12,coe2_bonus_v1
60,2006,12.663345,0.0,12.663345,11,coe2_bonus_v1
48,2006,12.073219,0.0,12.073219,12,coe2_bonus_v1
25,2006,11.681501,0.0,11.681501,12,coe2_bonus_v1
99,2006,11.626004,0.0,11.626004,11,coe2_bonus_v1
78,2006,11.613896,0.0,11.613896,12,coe2_bonus_v1
75,2006,11.272033,0.0,11.272033,11,coe2_bonus_v1
135,2006,11.261612,0.0,11.261612,11,coe2_bonus_v1
70,2006,10.923999,0.0,10.923999,12,coe2_bonus_v1
37,2006,10.474838,0.0,10.474838,11,coe2_bonus_v1
10,2006,10.112373,0.0,10.112373,12,coe2_bonus_v1
83,2006,10.091246,0.0,10.091246,12,coe2_bonus_v1
43,2006,9.842117,0.0,9.842117,12,coe2_bonus_v1
139,2006,9.161471,0.0,9.161471,11,coe2_bonus_v1
58,2006,9.075238,0.0,9.075238,11,coe2_bonus_v1
131,2006,9.050178,0.0,9.050178,11,coe2_bonus_v1
23,2006,8.988655,0.0,8.988655,11,coe2_bonus_v1
138,2006,8.837735,0.0,8.837735,12,coe2_bonus_v1
32,2006,8.736568,0.0,8.736568,11,coe2_bonus_v1
136,2006,8.60458,0.0,8.60458,11,coe2_bonus_v1
11,2006,8.598304,0.0,8.598304,11,coe2_bonus_v1
107,2006,8.551444,0.0,8.551444,11,coe2_bonus_v1
134,2006,7.507537,0.0,7.507537,11,coe2_bonus_v1
112,2006,7.492399,0.0,7.492399,12,coe2_bonus_v1
116,2006,7.18412,0.0,7.18412,12,coe2_bonus_v1
22,2006,6.941928,0.0,6.941928,11,coe2_bonus_v1
93,2006,6.77241,0.0,6.77241,11,coe2_bonus_v1
27,2006,6.299541,0.0,6.299541,10,coe2_bonus_v1
109,2006,6.136968,0.0,6.136968,11,coe2_bonus_v1
96,2006,5.666097,0.0,5.666097,11,coe2_bonus_v1
47,2006,5.084311,0.0,5.084311,12,coe2_bonus_v1
108,2006,4.620911,0.0,4.620911,12,coe2_bonus_v1
85,2006,4.445594,0.0,4.445594,12,coe2_bonus_v1
50,2006,4.317657,0.0,4.317657,11,coe2_bonus_v1
14,2006,4.251025,0.0,4.251025,11,coe2_bonus_v1
20,2006,3.769652,0.0,3.769652,12,coe2_bonus_v1
74,2006,3.763934,0.0,3.763934,11,coe2_bonus_v1
6,2006,3.441383,0.0,3.441383,12,coe2_bonus_v1
51,2006,1.0,0.0,1.0,12,coe2_bonus_v1
95,2006,0.0,0.0,0.0,11,coe2_bonus_v1
133,2007,30.384779,0.0,30.384779,14,coe2_bonus_v1
54,2007,29.958715,0.0,29.958715,13,coe2_bonus_v1
29,2007,29.790072,0.0,29.790072,12,coe2_bonus_v1
123,2007,27.958108,0.0,27.958108,12,coe2_bonus_v1
89,2007,27.793562,0.0,27.793562,13,coe2_bonus_v1
136,2007,27.784386,0.0,27.784386,14,coe2_bonus_v1
52,2007,27.073615,0.0,27.073615,14,coe2_bonus_v1
106,2007,25.946336,0.0,25.946336,13,coe2_bonus_v1
130,2007,25.6698,0.0,25.6698,14,coe2_bonus_v1
34,2007,25.655824,0.0,25.655824,14,coe2_bonus_v1
3,2007,25.459149,0.0,25.459149,13,coe2_bonus_v1
18,2007,25.374926,0.0,25.374926,12,coe2_bonus_v1
91,2007,25.330913,0.0,25.330913,13,coe2_bonus_v1
7,2007,25.328196,0.0,25.328196,13,coe2_bonus_v1
74,2007,25.247724,0.0,25.247724,12,coe2_bonus_v1
92,2007,25.027749,0.0,25.027749,13,coe2_bonus_v1
55,2007,24.848284,0.0,24.848284,12,coe2_bonus_v1
16,2007,24.836407,0.0,24.836407,13,coe2_bonus_v1
35,2007,24.647647,0.0,24.647647,13,coe2_bonus_v1
60,2007,24.408803,0.0,24.408803,13,coe2_bonus_v1
19,2007,24.331783,0.0,24.331783,13,coe2_bonus_v1
71,2007,23.464645,0.0,23.464645,12,coe2_bonus_v1
12,2007,23.271004,0.0,23.271004,11,coe2_bonus_v1
25,2007,23.192003,0.0,23.192003,12,coe2_bonus_v1
94,2007,23.102519,0.0,23.102519,13,coe2_bonus_v1
69,2007,23.081452,0.0,23.081452,12,coe2_bonus_v1
100,2007,23.070147,0.0,23.070147,13,coe2_bonus_v1
70,2007,22.71965,0.0,22.71965,13,coe2_bonus_v1
132,2007,22.602114,0.0,22.602114,12,coe2_bonus_v1
107,2007,22.394774,0.0,22.394774,12,coe2_bonus_v1
10,2007,22.334434,0.0,22.334434,12,coe2_bonus_v1
129,2007,22.161571,0.0,22.161571,12,coe2_bonus_v1
4,2007,21.949157,0.0,21.949157,12,coe2_bonus_v1
84,2007,21.800956,0.0,21.800956,13,coe2_bonus_v1
87,2007,21.782709,0.0,21.782709,13,coe2_bonus_v1
26,2007,21.768406,0.0,21.768406,12,coe2_bonus_v1
122,2007,21.731697,0.0,21.731697,12,coe2_bonus_v1
134,2007,21.613553,0.0,21.613553,12,coe2_bonus_v1
110,2007,21.600624,0.0,21.600624,12,coe2_bonus_v1
137,2007,21.10481,0.0,21.10481,12,coe2_bonus_v1
39,2007,20.343265,0.0,20.343265,12,coe2_bonus_v1
38,2007,19.879506,0.0,19.879506,13,coe2_bonus_v1
83,2007,19.856867,0.0,19.856867,12,coe2_bonus_v1
21,2007,19.589449,0.0,19.589449,12,coe2_bonus_v1
76,2007,18.839934,0.0,18.839934,12,coe2_bonus_v1
125,2007,18.747755,0.0,18.747755,12,coe2_bonus_v1
50,2007,18.711404,0.0,18.711404,12,coe2_bonus_v1
116,2007,18.699105,0.0,18.699105,13,coe2_bonus_v1
121,2007,18.692853,0.0,18.692853,12,coe2_bonus_v1
126,2007,18.592717,0.0,18.592717,13,coe2_bonus_v1
73,2007,18.414292,0.0,18.414292,12,coe2_bonus_v1
53,2007,18.39404,0.0,18.39404,12,coe2_bonus_v1
120,2007,18.159806,0.0,18.159806,11,coe2_bonus_v1
8,2007,17.928986,0.0,17.928986,13,coe2_bonus_v1
72,2007,17.895952,0.0,17.895952,12,coe2_bonus_v1
22,2007,17.798545,0.0,17.798545,13,coe2_bonus_v1
5,2007,17.609186,0.0,17.609186,13,coe2_bonus_v1
81,2007,17.330654,0.0,17.330654,12,coe2_bonus_v1
40,2007,16.989815,0.0,16.989815,12,coe2_bonus_v1
104,2007,16.905862,0.0,16.905862,12,coe2_bonus_v1
78,2007,16.540131,0.0,16.540131,12,coe2_bonus_v1
36,2007,16.476209,0.0,16.476209,12,coe2_bonus_v1
33,2007,16.320231,0.0,16.320231,12,coe2_bonus_v1
124,2007,16.144707,0.0,16.144707,12,coe2_bonus_v1
90,2007,16.035144,0.0,16.035144,12,coe2_bonus_v1
112,2007,15.491996,0.0,15.491996,12,coe2_bonus_v1
68,2007,15.285419,0.0,15.285419,12,coe2_bonus_v1
58,2007,15.24713,0.0,15.24713,11,coe2_bonus_v1
115,2007,14.855906,0.0,14.855906,11,coe2_bonus_v1
75,2007,14.212173,0.0,14.212173,11,coe2_bonus_v1
2,2007,14.008054,0.0,14.008054,12,coe2_bonus_v1
6,2007,13.901989,0.0,13.901989,12,coe2_bonus_v1
108,2007,13.750357,0.0,13.750357,12,coe2_bonus_v1
24,2007,13.595995,0.0,13.595995,12,coe2_bonus_v1
1,2007,13.487853,0.0,13.487853,13,coe2_bonus_v1
127,2007,13.485354,0.0,13.485354,12,coe2_bonus_v1
128,2007,13.468193,0.0,13.468193,11,coe2_bonus_v1
31,2007,13.444393,0.0,13.444393,12,coe2_bonus_v1
56,2007,13.373516,0.0,13.373516,11,coe2_bonus_v1
65,2007,13.25878,0.0,13.25878,11,coe2_bonus_v1
93,2007,13.033978,0.0,13.033978,11,coe2_bonus_v1
13,2007,13.001436,0.0,13.001436,12,coe2_bonus_v1
88,2007,12.997974,0.0,12.997974,11,coe2_bonus_v1
15,2007,12.989838,0.0,12.989838,11,coe2_bonus_v1
57,2007,12.923744,0.0,12.923744,12,coe2_bonus_v1
47,2007,12.546509,0.0,12.546509,11,coe2_bonus_v1
82,2007,12.036816,0.0,12.036816,11,coe2_bonus_v1
113,2007,12.01337,0.0,12.01337,12,coe2_bonus_v1
9,2007,11.972701,0.0,11.972701,11,coe2_bonus_v1
131,2007,11.85926,0.0,11.85926,11,coe2_bonus_v1
80,2007,11.704967,0.0,11.704967,11,coe2_bonus_v1
30,2007,11.658131,0.0,11.658131,11,coe2_bonus_v1
28,2007,11.374617,0.0,11.374617,11,coe2_bonus_v1
48,2007,11.089311,0.0,11.089311,11,coe2_bonus_v1
85,2007,10.854369,0.0,10.854369,11,coe2_bonus_v1
32,2007,10.694315,0.0,10.694315,11,coe2_bonus_v1
79,2007,10.002515,0.0,10.002515,12,coe2_bonus_v1
49,2007,9.86192,0.0,9.86192,11,coe2_bonus_v1
11,2007,9.523866,0.0,9.523866,11,coe2_bonus_v1
96,2007,9.134888,0.0,9.134888,11,coe2_bonus_v1
41,2007,8.820643,0.0,8.820643,11,coe2_bonus_v1
99,2007,8.413297,0.0,8.413297,11,coe2_bonus_v1
114,2007,7.694802,0.0,7.694802,11,coe2_bonus_v1
23,2007,7.466634,0.0,7.466634,11,coe2_bonus_v1
105,2007,7.194097,0.0,7.194097,12,coe2_bonus_v1
20,2007,6.656376,0.0,6.656376,12,coe2_bonus_v1
14,2007,5.983533,0.0,5.983533,12,coe2_bonus_v1
86,2007,5.779674,0.0,5.779674,11,coe2_bonus_v1
135,2007,5.733326,0.0,5.733326,11,coe2_bonus_v1
37,2007,5.614309,0.0,5.614309,11,coe2_bonus_v1
42,2007,5.542153,0.0,5.542153,12,coe2_bonus_v1
27,2007,5.409721,0.0,5.409721,11,coe2_bonus_v1
109,2007,5.359818,0.0,5.359818,11,coe2_bonus_v1
95,2007,4.784128,0.0,4.784128,12,coe2_bonus_v1
77,2007,3.602588,0.0,3.602588,11,coe2_bonus_v1
51,2007,3.400949,0.0,3.400949,12,coe2_bonus_v1
43,2007,3.382165,0.0,3.382165,11,coe2_bonus_v1
138,2007,2.873069,0.0,2.873069,11,coe2_bonus_v1
139,2007,0.0,0.0,0.0,11,coe2_bonus_v1
125,2008,31.532386,0.0,31.532386,13,coe2_bonus_v1
121,2008,29.595536,0.0,29.595536,13,coe2_bonus_v1
19,2008,29.330291,0.0,29.330291,12,coe2_bonus_v1
35,2008,28.728871,0.0,28.728871,13,coe2_bonus_v1
41,2008,27.448372,0.0,27.448372,13,coe2_bonus_v1
52,2008,27.071001,0.0,27.071001,13,coe2_bonus_v1
7,2008,26.955377,0.0,26.955377,13,coe2_bonus_v1
55,2008,26.919887,0.0,26.919887,13,coe2_bonus_v1
21,2008,26.46617,0.0,26.46617,12,coe2_bonus_v1
100,2008,26.085816,0.0,26.085816,14,coe2_bonus_v1
81,2008,25.847975,0.0,25.847975,12,coe2_bonus_v1
3,2008,25.751238,0.0,25.751238,13,coe2_bonus_v1
135,2008,25.687006,0.0,25.687006,12,coe2_bonus_v1
87,2008,25.604666,0.0,25.604666,12,coe2_bonus_v1
88,2008,25.311652,0.0,25.311652,13,coe2_bonus_v1
112,2008,25.155388,0.0,25.155388,14,coe2_bonus_v1
38,2008,24.293629,0.0,24.293629,12,coe2_bonus_v1
96,2008,23.676595,0.0,23.676595,12,coe2_bonus_v1
31,2008,23.596547,0.0,23.596547,13,coe2_bonus_v1
5,2008,23.483517,0.0,23.483517,13,coe2_bonus_v1
34,2008,23.394113,0.0,23.394113,13,coe2_bonus_v1
70,2008,23.250891,0.0,23.250891,13,coe2_bonus_v1
4,2008,22.948455,0.0,22.948455,13,coe2_bonus_v1
75,2008,22.896936,0.0,22.896936,12,coe2_bonus_v1
123,2008,22.815916,0.0,22.815916,12,coe2_bonus_v1
89,2008,22.740894,0.0,22.740894,12,coe2_bonus_v1
39,2008,22.466,0.0,22.466,11,coe2_bonus_v1
131,2008,22.314934,0.0,22.314934,13,coe2_bonus_v1
15,2008,22.301975,0.0,22.301975,13,coe2_bonus_v1
78,2008,22.147769,0.0,22.147769,12,coe2_bonus_v1
71,2008,22.049658,0.0,22.049658,12,coe2_bonus_v1
79,2008,21.865672,0.0,21.865672,13,coe2_bonus_v1
94,2008,21.603649,0.0,21.603649,13,coe2_bonus_v1
92,2008,21.461856,0.0,21.461856,12,coe2_bonus_v1
106,2008,21.346493,0.0,21.346493,13,coe2_bonus_v1
124,2008,21.155229,0.0,21.155229,11,coe2_bonus_v1
54,2008,21.006524,0.0,21.006524,13,coe2_bonus_v1
68,2008,20.930815,0.0,20.930815,13,coe2_bonus_v1
82,2008,20.875496,0.0,20.875496,12,coe2_bonus_v1
90,2008,20.750464,0.0,20.750464,12,coe2_bonus_v1
110,2008,20.594047,0.0,20.594047,12,coe2_bonus_v1
18,2008,20.583456,0.0,20.583456,12,coe2_bonus_v1
33,2008,20.311155,0.0,20.311155,12,coe2_bonus_v1
104,2008,19.671472,0.0,19.671472,12,coe2_bonus_v1
83,2008,19.629655,0.0,19.629655,12,coe2_bonus_v1
47,2008,19.599716,0.0,19.599716,12,coe2_bonus_v1
10,2008,18.964299,0.0,18.964299,13,coe2_bonus_v1
126,2008,18.906699,0.0,18.906699,11,coe2_bonus_v1
25,2008,18.862467,0.0,18.862467,12,coe2_bonus_v1
40,2008,18.850293,0.0,18.850293,12,coe2_bonus_v1
107,2008,18.596188,0.0,18.596188,12,coe2_bonus_v1
133,2008,18.084268,0.0,18.084268,12,coe2_bonus_v1
137,2008,18.049663,0.0,18.049663,12,coe2_bonus_v1
84,2008,17.964274,0.0,17.964274,12,coe2_bonus_v1
77,2008,17.954181,0.0,17.954181,12,coe2_bonus_v1
127,2008,17.916046,0.0,17.916046,12,coe2_bonus_v1
23,2008,17.850221,0.0,17.850221,12,coe2_bonus_v1
108,2008,17.217212,0.0,17.217212,12,coe2_bonus_v1
29,2008,17.027768,0.0,17.027768,12,coe2_bonus_v1
28,2008,16.773559,0.0,16.773559,12,coe2_bonus_v1
49,2008,16.772036,0.0,16.772036,12,coe2_bonus_v1
14,2008,16.082219,0.0,16.082219,12,coe2_bonus_v1
93,2008,16.074215,0.0,16.074215,12,coe2_bonus_v1
60,2008,15.995047,0.0,15.995047,12,coe2_bonus_v1
120,2008,15.975642,0.0,15.975642,11,coe2_bonus_v1
13,2008,15.858683,0.0,15.858683,12,coe2_bonus_v1
128,2008,15.837942,0.0,15.837942,12,coe2_bonus_v1
86,2008,15.601281,0.0,15.601281,12,coe2_bonus_v1
6,2008,15.224628,0.0,15.224628,12,coe2_bonus_v1
57,2008,14.922309,0.0,14.922309,11,coe2_bonus_v1
113,2008,14.830832,0.0,14.830832,12,coe2_bonus_v1
132,2008,14.792275,0.0,14.792275,11,coe2_bonus_v1
12,2008,14.618441,0.0,14.618441,13,coe2_bonus_v1
76,2008,14.552228,0.0,14.552228,12,coe2_bonus_v1
129,2008,14.507338,0.0,14.507338,11,coe2_bonus_v1
51,2008,14.142088,0.0,14.142088,11,coe2_bonus_v1
50,2008,13.796249,0.0,13.796249,12,coe2_bonus_v1
9,2008,13.771616,0.0,13.771616,11,coe2_bonus_v1
130,2008,13.50586,0.0,13.50586,12,coe2_bonus_v1
53,2008,12.709872,0.0,12.709872,11,coe2_bonus_v1
91,2008,12.581046,0.0,12.581046,11,coe2_bonus_v1
36,2008,11.550954,0.0,11.550954,12,coe2_bonus_v1
65,2008,11.525681,0.0,11.525681,11,coe2_bonus_v1
95,2008,11.424944,0.0,11.424944,11,coe2_bonus_v1
109,2008,11.322627,0.0,11.322627,11,coe2_bonus_v1
16,2008,11.297541,0.0,11.297541,11,coe2_bonus_v1
22,2008,11.185841,0.0,11.185841,11,coe2_bonus_v1
80,2008,10.974905,0.0,10.974905,12,coe2_bonus_v1
136,2008,10.930464,0.0,10.930464,11,coe2_bonus_v1
8,2008,10.83645,0.0,10.83645,12,coe2_bonus_v1
114,2008,10.750084,0.0,10.750084,11,coe2_bonus_v1
74,2008,10.686248,0.0,10.686248,11,coe2_bonus_v1
56,2008,10.518889,0.0,10.518889,11,coe2_bonus_v1
30,2008,10.471232,0.0,10.471232,11,coe2_bonus_v1
99,2008,10.407215,0.0,10.407215,11,coe2_bonus_v1
26,2008,10.08742,0.0,10.08742,12,coe2_bonus_v1
138,2008,10.010475,0.0,10.010475,11,coe2_bonus_v1
122,2008,9.697104,0.0,9.697104,11,coe2_bonus_v1
58,2008,9.343534,0.0,9.343534,11,coe2_bonus_v1
73,2008,9.107443,0.0,9.107443,11,coe2_bonus_v1
24,2008,8.979053,0.0,8.979053,11,coe2_bonus_v1
20,2008,8.95542,0.0,8.95542,12,coe2_bonus_v1
37,2008,8.888659,0.0,8.888659,11,coe2_bonus_v1
69,2008,8.779828,0.0,8.779828,12,coe2_bonus_v1
115,2008,8.770354,0.0,8.770354,11,coe2_bonus_v1
134,2008,8.385347,0.0,8.385347,11,coe2_bonus_v1
105,2008,7.69586,0.0,7.69586,11,coe2_bonus_v1
85,2008,7.43844,0.0,7.43844,11,coe2_bonus_v1
27,2008,6.978269,0.0,6.978269,11,coe2_bonus_v1
48,2008,5.592746,0.0,5.592746,12,coe2_bonus_v1
11,2008,5.471902,0.0,5.471902,11,coe2_bonus_v1
32,2008,3.471693,0.0,3.471693,11,coe2_bonus_v1
72,2008,3.417587,0.0,3.417587,10,coe2_bonus_v1
139,2008,3.355715,0.0,3.355715,11,coe2_bonus_v1
116,2008,3.315375,0.0,3.315375,11,coe2_bonus_v1
2,2008,2.736533,0.0,2.736533,12,coe2_bonus_v1
1,2008,1.0,0.0,1.0,12,coe2_bonus_v1
42,2008,0.0,0.0,0.0,11,coe2_bonus_v1
43,2008,0.0,0.0,0.0,11,coe2_bonus_v1
121,2009,32.845547,0.0,32.845547,13,coe2_bonus_v1
21,2009,30.495309,0.0,30.495309,13,coe2_bonus_v1
35,2009,29.59531,0.0,29.59531,14,coe2_bonus_v1
84,2009,29.27025,0.0,29.27025,13,coe2_bonus_v1
71,2009,28.2198,0.0,28.2198,13,coe2_bonus_v1
124,2009,27.81283,0.0,27.81283,13,coe2_bonus_v1
18,2009,27.2448,0.0,27.2448,13,coe2_bonus_v1
55,2009,26.968636,0.0,26.968636,12,coe2_bonus_v1
125,2009,26.968058,0.0,26.968058,13,coe2_bonus_v1
65,2009,26.91285,0.0,26.91285,13,coe2_bonus_v1
78,2009,26.452339,0.0,26.452339,12,coe2_bonus_v1
3,2009,25.646158,0.0,25.646158,13,coe2_bonus_v1
31,2009,25.586546,0.0,25.586546,14,coe2_bonus_v1
139,2009,25.559793,0.0,25.559793,13,coe2_bonus_v1
38,2009,25.178304,0.0,25.178304,12,coe2_bonus_v1
110,2009,25.101594,0.0,25.101594,13,coe2_bonus_v1
92,2009,25.022283,0.0,25.022283,13,coe2_bonus_v1
108,2009,24.627554,0.0,24.627554,12,coe2_bonus_v1
42,2009,23.948426,0.0,23.948426,12,coe2_bonus_v1
88,2009,23.933618,0.0,23.933618,12,coe2_bonus_v1
87,2009,23.851882,0.0,23.851882,12,coe2_bonus_v1
6,2009,23.780564,0.0,23.780564,13,coe2_bonus_v1
100,2009,23.593974,0.0,23.593974,13,coe2_bonus_v1
115,2009,23.551432,0.0,23.551432,13,coe2_bonus_v1
40,2009,23.326593,0.0,23.326593,13,coe2_bonus_v1
127,2009,23.194868,0.0,23.194868,12,coe2_bonus_v1
120,2009,23.02817,0.0,23.02817,13,coe2_bonus_v1
19,2009,22.821369,0.0,22.821369,13,coe2_bonus_v1
76,2009,22.683732,0.0,22.683732,12,coe2_bonus_v1
129,2009,22.339536,0.0,22.339536,13,coe2_bonus_v1
7,2009,21.573657,0.0,21.573657,13,coe2_bonus_v1
33,2009,21.397035,0.0,21.397035,12,coe2_bonus_v1
133,2009,21.327699,0.0,21.327699,13,coe2_bonus_v1
39,2009,21.000803,0.0,21.000803,12,coe2_bonus_v1
25,2009,20.97663,0.0,20.97663,12,coe2_bonus_v1
75,2009,20.848159,0.0,20.848159,12,coe2_bonus_v1
15,2009,20.616313,0.0,20.616313,12,coe2_bonus_v1
53,2009,20.354339,0.0,20.354339,12,coe2_bonus_v1
104,2009,20.17301,0.0,20.17301,11,coe2_bonus_v1
136,2009,20.079673,0.0,20.079673,12,coe2_bonus_v1
89,2009,19.802561,0.0,19.802561,12,coe2_bonus_v1
107,2009,19.714423,0.0,19.714423,12,coe2_bonus_v1
10,2009,19.697196,0.0,19.697196,12,coe2_bonus_v1
122,2009,19.657817,0.0,19.657817,12,coe2_bonus_v1
96,2009,19.394767,0.0,19.394767,11,coe2_bonus_v1
32,2009,19.299499,0.0,19.299499,12,coe2_bonus_v1
5,2009,19.219761,0.0,19.219761,12,coe2_bonus_v1
13,2009,19.190465,0.0,19.190465,13,coe2_bonus_v1
135,2009,19.036448,0.0,19.036448,11,coe2_bonus_v1
106,2009,18.838892,0.0,18.838892,12,coe2_bonus_v1
123,2009,18.772797,0.0,18.772797,12,coe2_bonus_v1
83,2009,18.527933,0.0,18.527933,13,coe2_bonus_v1
24,2009,18.471414,0.0,18.471414,12,coe2_bonus_v1
130,2009,18.353717,0.0,18.353717,13,coe2_bonus_v1
99,2009,18.214115,0.0,18.214115,12,coe2_bonus_v1
8,2009,18.127381,0.0,18.127381,13,coe2_bonus_v1
54,2009,17.948879,0.0,17.948879,12,coe2_bonus_v1
132,2009,17.781985,0.0,17.781985,12,coe2_bonus_v1
1,2009,17.504035,0.0,17.504035,12,coe2_bonus_v1
36,2009,17.197493,0.0,17.197493,13,coe2_bonus_v1
52,2009,17.109144,0.0,17.109144,12,coe2_bonus_v1
4,2009,16.97481,0.0,16.97481,12,coe2_bonus_v1
126,2009,16.533351,0.0,16.533351,12,coe2_bonus_v1
128,2009,16.516351,0.0,16.516351,12,coe2_bonus_v1
137,2009,16.394184,0.0,16.394184,11,coe2_bonus_v1
79,2009,16.22466,0.0,16.22466,12,coe2_bonus_v1
86,2009,16.161658,0.0,16.161658,12,coe2_bonus_v1
138,2009,16.140487,0.0,16.140487,12,coe2_bonus_v1
68,2009,15.563128,0.0,15.563128,12,coe2_bonus_v1
77,2009,15.5378,0.0,15.5378,12,coe2_bonus_v1
80,2009,15.430818,0.0,15.430818,12,coe2_bonus_v1
49,2009,15.412426,0.0,15.412426,11,coe2_bonus_v1
73,2009,14.444464,0.0,14.444464,12,coe2_bonus_v1
60,2009,14.379301,0.0,14.379301,12,coe2_bonus_v1
58,2009,14.323865,0.0,14.323865,11,coe2_bonus_v1
28,2009,14.222857,0.0,14.222857,12,coe2_bonus_v1
94,2009,13.739539,0.0,13.739539,11,coe2_bonus_v1
70,2009,13.72265,0.0,13.72265,12,coe2_bonus_v1
12,2009,13.621864,0.0,13.621864,12,coe2_bonus_v1
134,2009,13.386817,0.0,13.386817,11,coe2_bonus_v1
112,2009,13.11735,0.0,13.11735,11,coe2_bonus_v1
109,2009,13.027565,0.0,13.027565,11,coe2_bonus_v1
95,2009,12.751341,0.0,12.751341,10,coe2_bonus_v1
30,2009,12.507152,0.0,12.507152,10,coe2_bonus_v1
14,2009,12.449969,0.0,12.449969,11,coe2_bonus_v1
114,2009,12.20216,0.0,12.20216,11,coe2_bonus_v1
69,2009,11.385272,0.0,11.385272,11,coe2_bonus_v1
82,2009,10.786247,0.0,10.786247,11,coe2_bonus_v1
105,2009,10.513615,0.0,10.513615,11,coe2_bonus_v1
93,2009,9.963329,0.0,9.963329,10,coe2_bonus_v1
37,2009,9.767234,0.0,9.767234,11,coe2_bonus_v1
34,2009,9.61123,0.0,9.61123,11,coe2_bonus_v1
22,2009,9.555473,0.0,9.555473,12,coe2_bonus_v1
29,2009,9.286801,0.0,9.286801,11,coe2_bonus_v1
20,2009,9.102927,0.0,9.102927,11,coe2_bonus_v1
51,2009,9.068865,0.0,9.068865,12,coe2_bonus_v1
72,2009,8.939197,0.0,8.939197,11,coe2_bonus_v1
91,2009,8.620753,0.0,8.620753,11,coe2_bonus_v1
11,2009,8.488919,0.0,8.488919,11,coe2_bonus_v1
56,2009,8.103966,0.0,8.103966,11,coe2_bonus_v1
47,2009,7.948551,0.0,7.948551,11,coe2_bonus_v1
57,2009,7.83454,0.0,7.83454,11,coe2_bonus_v1
16,2009,7.232025,0.0,7.232025,11,coe2_bonus_v1
43,2009,7.133068,0.0,7.133068,12,coe2_bonus_v1
27,2009,6.904516,0.0,6.904516,12,coe2_bonus_v1
81,2009,6.677841,0.0,6.677841,11,coe2_bonus_v1
48,2009,6.528884,0.0,6.528884,11,coe2_bonus_v1
74,2009,6.438917,0.0,6.438917,11,coe2_bonus_v1
113,2009,6.076617,0.0,6.076617,11,coe2_bonus_v1
23,2009,5.854478,0.0,5.854478,11,coe2_bonus_v1
41,2009,5.698531,0.0,5.698531,12,coe2_bonus_v1
131,2009,4.522284,0.0,4.522284,11,coe2_bonus_v1
50,2009,4.215771,0.0,4.215771,11,coe2_bonus_v1
9,2009,3.769321,0.0,3.769321,11,coe2_bonus_v1
90,2009,3.391415,0.0,3.391415,11,coe2_bonus_v1
116,2009,3.271976,0.0,3.271976,12,coe2_bonus_v1
26,2009,3.165699,0.0,3.165699,12,coe2_bonus_v1
2,2009,2.745633,0.0,2.745633,12,coe2_bonus_v1
85,2009,0.0,0.0,0.0,12,coe2_bonus_v1
119,2009,0.0,0.0,0.0,11,coe2_bonus_v1
122,2010,36.038496,0.0,36.038496,13,coe2_bonus_v1
13,2010,30.919669,0.0,30.919669,13,coe2_bonus_v1
52,2010,29.795699,0.0,29.795699,14,coe2_bonus_v1
6,2010,29.563594,0.0,29.563594,12,coe2_bonus_v1
116,2010,29.46377,0.0,29.46377,14,coe2_bonus_v1
33,2010,28.935897,0.0,28.935897,13,coe2_bonus_v1
21,2010,27.884135,0.0,27.884135,13,coe2_bonus_v1
71,2010,27.859833,0.0,27.859833,13,coe2_bonus_v1
70,2010,27.585584,0.0,27.585584,12,coe2_bonus_v1
38,2010,27.089971,0.0,27.089971,12,coe2_bonus_v1
86,2010,26.81538,0.0,26.81538,13,coe2_bonus_v1
133,2010,26.756774,0.0,26.756774,12,coe2_bonus_v1
136,2010,26.468771,0.0,26.468771,13,coe2_bonus_v1
92,2010,26.450263,0.0,26.450263,13,coe2_bonus_v1
93,2010,26.417774,0.0,26.417774,12,coe2_bonus_v1
3,2010,25.954998,0.0,25.954998,12,coe2_bonus_v1
34,2010,24.956884,0.0,24.956884,12,coe2_bonus_v1
53,2010,24.819606,0.0,24.819606,12,coe2_bonus_v1
79,2010,24.311821,0.0,24.311821,13,coe2_bonus_v1
126,2010,24.305809,0.0,24.305809,13,coe2_bonus_v1
76,2010,24.116858,0.0,24.116858,12,coe2_bonus_v1
36,2010,23.795613,0.0,23.795613,12,coe2_bonus_v1
90,2010,23.605027,0.0,23.605027,12,coe2_bonus_v1
19,2010,23.551311,0.0,23.551311,13,coe2_bonus_v1
12,2010,23.430563,0.0,23.430563,13,coe2_bonus_v1
134,2010,23.203143,0.0,23.203143,12,coe2_bonus_v1
54,2010,23.096558,0.0,23.096558,12,coe2_bonus_v1
80,2010,23.028517,0.0,23.028517,13,coe2_bonus_v1
128,2010,22.887903,0.0,22.887903,13,coe2_bonus_v1
110,2010,22.883762,0.0,22.883762,12,coe2_bonus_v1
1,2010,22.225053,0.0,22.225053,13,coe2_bonus_v1
11,2010,21.81177,0.0,21.81177,12,coe2_bonus_v1
31,2010,21.596111,0.0,21.596111,13,coe2_bonus_v1
107,2010,21.318748,0.0,21.318748,12,coe2_bonus_v1
137,2010,20.953467,0.0,20.953467,12,coe2_bonus_v1
25,2010,20.777856,0.0,20.777856,12,coe2_bonus_v1
89,2010,20.738297,0.0,20.738297,12,coe2_bonus_v1
121,2010,20.706847,0.0,20.706847,12,coe2_bonus_v1
88,2010,20.606828,0.0,20.606828,12,coe2_bonus_v1
120,2010,20.354565,0.0,20.354565,13,coe2_bonus_v1
51,2010,20.195707,0.0,20.195707,13,coe2_bonus_v1
96,2010,19.997901,0.0,19.997901,12,coe2_bonus_v1
7,2010,19.965813,0.0,19.965813,13,coe2_bonus_v1
68,2010,19.905338,0.0,19.905338,12,coe2_bonus_v1
109,2010,19.644847,0.0,19.644847,12,coe2_bonus_v1
108,2010,19.245626,0.0,19.245626,11,coe2_bonus_v1
10,2010,19.150878,0.0,19.150878,12,coe2_bonus_v1
56,2010,19.02518,0.0,19.02518,12,coe2_bonus_v1
74,2010,19.000622,0.0,19.000622,12,coe2_bonus_v1
42,2010,18.91868,0.0,18.91868,14,coe2_bonus_v1
115,2010,18.894549,0.0,18.894549,12,coe2_bonus_v1
105,2010,18.585425,0.0,18.585425,11,coe2_bonus_v1
78,2010,18.583004,0.0,18.583004,12,coe2_bonus_v1
37,2010,18.031331,0.0,18.031331,12,coe2_bonus_v1
39,2010,17.932844,0.0,17.932844,12,coe2_bonus_v1
30,2010,17.754573,0.0,17.754573,12,coe2_bonus_v1
106,2010,17.378222,0.0,17.378222,12,coe2_bonus_v1
100,2010,17.161605,0.0,17.161605,13,coe2_bonus_v1
127,2010,17.082624,0.0,17.082624,12,coe2_bonus_v1
18,2010,16.881122,0.0,16.881122,13,coe2_bonus_v1
69,2010,16.604021,0.0,16.604021,12,coe2_bonus_v1
15,2010,16.469493,0.0,16.469493,12,coe2_bonus_v1
75,2010,16.325239,0.0,16.325239,12,coe2_bonus_v1
125,2010,16.133588,0.0,16.133588,12,coe2_bonus_v1
4,2010,15.513026,0.0,15.513026,12,coe2_bonus_v1
87,2010,15.324367,0.0,15.324367,12,coe2_bonus_v1
99,2010,15.124845,0.0,15.124845,12,coe2_bonus_v1
22,2010,14.989974,0.0,14.989974,12,coe2_bonus_v1
130,2010,14.481575,0.0,14.481575,12,coe2_bonus_v1
65,2010,14.34983,0.0,14.34983,12,coe2_bonus_v1
28,2010,14.214463,0.0,14.214463,12,coe2_bonus_v1
129,2010,13.746506,0.0,13.746506,12,coe2_bonus_v1
32,2010,13.66851,0.0,13.66851,11,coe2_bonus_v1
82,2010,13.600851,0.0,13.600851,11,coe2_bonus_v1
139,2010,13.596136,0.0,13.596136,12,coe2_bonus_v1
124,2010,13.497823,0.0,13.497823,12,coe2_bonus_v1
123,2010,13.469987,0.0,13.469987,12,coe2_bonus_v1
138,2010,13.123841,0.0,13.123841,12,coe2_bonus_v1
41,2010,13.083337,0.0,13.083337,12,coe2_bonus_v1
132,2010,13.00368,0.0,13.00368,12,coe2_bonus_v1
57,2010,12.936793,0.0,12.936793,12,coe2_bonus_v1
58,2010,12.47413,0.0,12.47413,11,coe2_bonus_v1
8,2010,12.234395,0.0,12.234395,12,coe2_bonus_v1
35,2010,12.175315,0.0,12.175315,12,coe2_bonus_v1
16,2010,12.093283,0.0,12.093283,10,coe2_bonus_v1
60,2010,11.468736,0.0,11.468736,12,coe2_bonus_v1
47,2010,11.309064,0.0,11.309064,11,coe2_bonus_v1
114,2010,11.189265,0.0,11.189265,11,coe2_bonus_v1
5,2010,10.91492,0.0,10.91492,11,coe2_bonus_v1
72,2010,10.88297,0.0,10.88297,11,coe2_bonus_v1
81,2010,10.857796,0.0,10.857796,10,coe2_bonus_v1
77,2010,10.658347,0.0,10.658347,11,coe2_bonus_v1
40,2010,10.523673,0.0,10.523673,11,coe2_bonus_v1
43,2010,10.332911,0.0,10.332911,12,coe2_bonus_v1
48,2010,9.818405,0.0,9.818405,11,coe2_bonus_v1
135,2010,9.755905,0.0,9.755905,11,coe2_bonus_v1
73,2010,9.636409,0.0,9.636409,11,coe2_bonus_v1
49,2010,9.360941,0.0,9.360941,12,coe2_bonus_v1
20,2010,8.882697,0.0,8.882697,11,coe2_bonus_v1
23,2010,8.764341,0.0,8.764341,12,coe2_bonus_v1
29,2010,8.351719,0.0,8.351719,11,coe2_bonus_v1
104,2010,8.309731,0.0,8.309731,11,coe2_bonus_v1
119,2010,7.507668,0.0,7.507668,12,coe2_bonus_v1
55,2010,7.482714,0.0,7.482714,11,coe2_bonus_v1
85,2010,6.788722,0.0,6.788722,12,coe2_bonus_v1
83,2010,6.529713,0.0,6.529713,12,coe2_bonus_v1
95,2010,6.43429,0.0,6.43429,11,coe2_bonus_v1
27,2010,6.320602,0.0,6.320602,12,coe2_bonus_v1
24,2010,6.204948,0.0,6.204948,11,coe2_bonus_v1
84,2010,6.158631,0.0,6.158631,11,coe2_bonus_v1
91,2010,6.09992,0.0,6.09992,10,coe2_bonus_v1
14,2010,6.057329,0.0,6.057329,13,coe2_bonus_v1
131,2010,5.94764,0.0,5.94764,12,coe2_bonus_v1
94,2010,5.774484,0.0,5.774484,11,coe2_bonus_v1
2,2010,3.897385,0.0,3.897385,11,coe2_bonus_v1
113,2010,3.838348,0.0,3.838348,11,coe2_bonus_v1
50,2010,3.520102,0.0,3.520102,12,coe2_bonus_v1
112,2010,3.284816,0.0,3.284816,11,coe2_bonus_v1
26,2010,3.26402,0.0,3.26402,12,coe2_bonus_v1
9,2010,1.0,0.0,1.0,11,coe2_bonus_v1
33,2011,32.064853,0.0,32.064853,13,coe2_bonus_v1
40,2011,31.852156,0.0,31.852156,13,coe2_bonus_v1
133,2011,30.629514,0.0,30.629514,13,coe2_bonus_v1
69,2011,29.904749,0.0,29.904749,13,coe2_bonus_v1
68,2011,29.275029,0.0,29.275029,13,coe2_bonus_v1
30,2011,27.770327,0.0,27.770327,12,coe2_bonus_v1
3,2011,27.109967,0.0,27.109967,13,coe2_bonus_v1
7,2011,27.060352,0.0,27.060352,12,coe2_bonus_v1
70,2011,26.840504,0.0,26.840504,13,coe2_bonus_v1
121,2011,26.704864,0.0,26.704864,12,coe2_bonus_v1
6,2011,26.552014,0.0,26.552014,13,coe2_bonus_v1
21,2011,26.531975,0.0,26.531975,13,coe2_bonus_v1
37,2011,26.175813,0.0,26.175813,12,coe2_bonus_v1
129,2011,25.778952,0.0,25.778952,13,coe2_bonus_v1
128,2011,25.194652,0.0,25.194652,12,coe2_bonus_v1
53,2011,25.04724,0.0,25.04724,12,coe2_bonus_v1
86,2011,24.890466,0.0,24.890466,13,coe2_bonus_v1
38,2011,24.657205,0.0,24.657205,12,coe2_bonus_v1
49,2011,24.620095,0.0,24.620095,12,coe2_bonus_v1
115,2011,24.586668,0.0,24.586668,13,coe2_bonus_v1
55,2011,24.560966,0.0,24.560966,12,coe2_bonus_v1
123,2011,24.555879,0.0,24.555879,13,coe2_bonus_v1
104,2011,24.231466,0.0,24.231466,12,coe2_bonus_v1
92,2011,24.172812,0.0,24.172812,13,coe2_bonus_v1
89,2011,23.584949,0.0,23.584949,12,coe2_bonus_v1
80,2011,23.419934,0.0,23.419934,12,coe2_bonus_v1
76,2011,23.278058,0.0,23.278058,13,coe2_bonus_v1
52,2011,22.999656,0.0,22.999656,13,coe2_bonus_v1
57,2011,22.738747,0.0,22.738747,12,coe2_bonus_v1
18,2011,22.724161,0.0,22.724161,12,coe2_bonus_v1
47,2011,21.764374,0.0,21.764374,12,coe2_bonus_v1
31,2011,21.711174,0.0,21.711174,12,coe2_bonus_v1
51,2011,21.620483,0.0,21.620483,13,coe2_bonus_v1
119,2011,21.456392,0.0,21.456392,11,coe2_bonus_v1
19,2011,21.298033,0.0,21.298033,12,coe2_bonus_v1
35,2011,21.263943,0.0,21.263943,13,coe2_bonus_v1
108,2011,21.185366,0.0,21.185366,12,coe2_bonus_v1
87,2011,21.011552,0.0,21.011552,12,coe2_bonus_v1
91,2011,20.999503,0.0,20.999503,12,coe2_bonus_v1
99,2011,20.526602,0.0,20.526602,13,coe2_bonus_v1
42,2011,20.126499,0.0,20.126499,12,coe2_bonus_v1
54,2011,19.85223,0.0,19.85223,12,coe2_bonus_v1
124,2011,19.843808,0.0,19.843808,12,coe2_bonus_v1
34,2011,19.616693,0.0,19.616693,13,coe2_bonus_v1
126,2011,19.585115,0.0,19.585115,12,coe2_bonus_v1
79,2011,19.570279,0.0,19.570279,13,coe2_bonus_v1
36,2011,19.384049,0.0,19.384049,13,coe2_bonus_v1
20,2011,19.266005,0.0,19.266005,12,coe2_bonus_v1
73,2011,18.659652,0.0,18.659652,12,coe2_bonus_v1
56,2011,18.366481,0.0,18.366481,12,coe2_bonus_v1
11,2011,18.046378,0.0,18.046378,12,coe2_bonus_v1
24,2011,17.815494,0.0,17.815494,11,coe2_bonus_v1
8,2011,17.704386,0.0,17.704386,14,coe2_bonus_v1
93,2011,17.666345,0.0,17.666345,11,coe2_bonus_v1
81,2011,17.619209,0.0,17.619209,12,coe2_bonus_v1
78,2011,17.318863,0.0,17.318863,12,coe2_bonus_v1
122,2011,17.085571,0.0,17.085571,12,coe2_bonus_v1
94,2011,16.763764,0.0,16.763764,12,coe2_bonus_v1
9,2011,16.750916,0.0,16.750916,12,coe2_bonus_v1
32,2011,16.589796,0.0,16.589796,12,coe2_bonus_v1
131,2011,16.574827,0.0,16.574827,12,coe2_bonus_v1
5,2011,16.538183,0.0,16.538183,12,coe2_bonus_v1
82,2011,16.190462,0.0,16.190462,12,coe2_bonus_v1
71,2011,15.80527,0.0,15.80527,13,coe2_bonus_v1
74,2011,15.790949,0.0,15.790949,12,coe2_bonus_v1
1,2011,15.755043,0.0,15.755043,12,coe2_bonus_v1
13,2011,15.609668,0.0,15.609668,13,coe2_bonus_v1
127,2011,15.077313,0.0,15.077313,11,coe2_bonus_v1
96,2011,14.892619,0.0,14.892619,12,coe2_bonus_v1
43,2011,14.855512,0.0,14.855512,12,coe2_bonus_v1
100,2011,14.649608,0.0,14.649608,12,coe2_bonus_v1
16,2011,14.534928,0.0,14.534928,12,coe2_bonus_v1
134,2011,14.455262,0.0,14.455262,12,coe2_bonus_v1
125,2011,14.18445,0.0,14.18445,12,coe2_bonus_v1
75,2011,14.173606,0.0,14.173606,12,coe2_bonus_v1
88,2011,13.654945,0.0,13.654945,12,coe2_bonus_v1
83,2011,13.496449,0.0,13.496449,11,coe2_bonus_v1
27,2011,13.363719,0.0,13.363719,13,coe2_bonus_v1
12,2011,12.577427,0.0,12.577427,12,coe2_bonus_v1
110,2011,12.521602,0.0,12.521602,11,coe2_bonus_v1
25,2011,12.404135,0.0,12.404135,11,coe2_bonus_v1
105,2011,12.139873,0.0,12.139873,11,coe2_bonus_v1
137,2011,12.088287,0.0,12.088287,11,coe2_bonus_v1
28,2011,11.955838,0.0,11.955838,11,coe2_bonus_v1
85,2011,11.924971,0.0,11.924971,10,coe2_bonus_v1
107,2011,11.867412,0.0,11.867412,11,coe2_bonus_v1
114,2011,11.463996,0.0,11.463996,11,coe2_bonus_v1
39,2011,11.313939,0.0,11.313939,11,coe2_bonus_v1
132,2011,10.943948,0.0,10.943948,11,coe2_bonus_v1
116,2011,10.680164,0.0,10.680164,12,coe2_bonus_v1
22,2011,10.59949,0.0,10.59949,13,coe2_bonus_v1
2,2011,10.456459,0.0,10.456459,11,coe2_bonus_v1
41,2011,10.363547,0.0,10.363547,12,coe2_bonus_v1
138,2011,10.347813,0.0,10.347813,12,coe2_bonus_v1
77,2011,10.06647,0.0,10.06647,11,coe2_bonus_v1
130,2011,9.985695,0.0,9.985695,11,coe2_bonus_v1
58,2011,9.946082,0.0,9.946082,11,coe2_bonus_v1
106,2011,9.858094,0.0,9.858094,11,coe2_bonus_v1
136,2011,9.844899,0.0,9.844899,11,coe2_bonus_v1
4,2011,9.152843,0.0,9.152843,11,coe2_bonus_v1
95,2011,8.748953,0.0,8.748953,11,coe2_bonus_v1
15,2011,8.626645,0.0,8.626645,11,coe2_bonus_v1
10,2011,8.313979,0.0,8.313979,12,coe2_bonus_v1
120,2011,7.947652,0.0,7.947652,12,coe2_bonus_v1
23,2011,6.388839,0.0,6.388839,11,coe2_bonus_v1
14,2011,6.370745,0.0,6.370745,11,coe2_bonus_v1
65,2011,6.332984,0.0,6.332984,12,coe2_bonus_v1
84,2011,6.330172,0.0,6.330172,11,coe2_bonus_v1
109,2011,6.172415,0.0,6.172415,11,coe2_bonus_v1
112,2011,6.130174,0.0,6.130174,11,coe2_bonus_v1
139,2011,5.419044,0.0,5.419044,11,coe2_bonus_v1
29,2011,4.575402,0.0,4.575402,11,coe2_bonus_v1
60,2011,3.554244,0.0,3.554244,12,coe2_bonus_v1
50,2011,3.515515,0.0,3.515515,11,coe2_bonus_v1
48,2011,3.378227,0.0,3.378227,12,coe2_bonus_v1
135,2011,3.377845,0.0,3.377845,11,coe2_bonus_v1
26,2011,3.201775,0.0,3.201775,11,coe2_bonus_v1
90,2011,3.047576,0.0,3.047576,11,coe2_bonus_v1
72,2011,0.0,0.0,0.0,11,coe2_bonus_v1
113,2011,0.0,0.0,0.0,11,coe2_bonus_v1
79,2012,31.138977,0.0,31.138977,13,coe2_bonus_v1
71,2012,31.086099,0.0,31.086099,12,coe2_bonus_v1
6,2012,30.577613,0.0,30.577613,14,coe2_bonus_v1
114,2012,30.352463,0.0,30.352463,13,coe2_bonus_v1
56,2012,29.232974,0.0,29.232974,12,coe2_bonus_v1
30,2012,28.475333,0.0,28.475333,12,coe2_bonus_v1
123,2012,27.307845,0.0,27.307845,13,coe2_bonus_v1
136,2012,27.154077,0.0,27.154077,14,coe2_bonus_v1
121,2012,26.740113,0.0,26.740113,13,coe2_bonus_v1
125,2012,26.571091,0.0,26.571091,12,coe2_bonus_v1
3,2012,26.56741,0.0,26.56741,12,coe2_bonus_v1
36,2012,26.08619,0.0,26.08619,11,coe2_bonus_v1
75,2012,25.716818,0.0,25.716818,12,coe2_bonus_v1
8,2012,25.697433,0.0,25.697433,14,coe2_bonus_v1
81,2012,25.34833,0.0,25.34833,13,coe2_bonus_v1
34,2012,25.143486,0.0,25.143486,13,coe2_bonus_v1
129,2012,25.026558,0.0,25.026558,12,coe2_bonus_v1
21,2012,25.002906,0.0,25.002906,13,coe2_bonus_v1
86,2012,24.858768,0.0,24.858768,12,coe2_bonus_v1
128,2012,24.468584,0.0,24.468584,12,coe2_bonus_v1
35,2012,23.888201,0.0,23.888201,13,coe2_bonus_v1
126,2012,23.761014,0.0,23.761014,12,coe2_bonus_v1
31,2012,23.246875,0.0,23.246875,13,coe2_bonus_v1
104,2012,23.182583,0.0,23.182583,12,coe2_bonus_v1
11,2012,22.851688,0.0,22.851688,12,coe2_bonus_v1
9,2012,22.690073,0.0,22.690073,10,coe2_bonus_v1
55,2012,22.543327,0.0,22.543327,11,coe2_bonus_v1
4,2012,22.404011,0.0,22.404011,12,coe2_bonus_v1
65,2012,21.943699,0.0,21.943699,10,coe2_bonus_v1
15,2012,21.82559,0.0,21.82559,12,coe2_bonus_v1
20,2012,21.815398,0.0,21.815398,10,coe2_bonus_v1
105,2012,21.778534,0.0,21.778534,12,coe2_bonus_v1
58,2012,21.51181,0.0,21.51181,12,coe2_bonus_v1
52,2012,21.450646,0.0,21.450646,12,coe2_bonus_v1
80,2012,21.323183,0.0,21.323183,12,coe2_bonus_v1
133,2012,21.174815,0.0,21.174815,12,coe2_bonus_v1
87,2012,20.912229,0.0,20.912229,12,coe2_bonus_v1
57,2012,20.823259,0.0,20.823259,11,coe2_bonus_v1
76,2012,20.652873,0.0,20.652873,13,coe2_bonus_v1
10,2012,20.530222,0.0,20.530222,12,coe2_bonus_v1
131,2012,20.466864,0.0,20.466864,11,coe2_bonus_v1
70,2012,19.880805,0.0,19.880805,13,coe2_bonus_v1
37,2012,19.632238,0.0,19.632238,12,coe2_bonus_v1
124,2012,19.487692,0.0,19.487692,13,coe2_bonus_v1
100,2012,19.436384,0.0,19.436384,12,coe2_bonus_v1
49,2012,19.41737,0.0,19.41737,11,coe2_bonus_v1
96,2012,19.177205,0.0,19.177205,11,coe2_bonus_v1
47,2012,19.099877,0.0,19.099877,10,coe2_bonus_v1
16,2012,18.994155,0.0,18.994155,12,coe2_bonus_v1
41,2012,18.659911,0.0,18.659911,12,coe2_bonus_v1
135,2012,18.503953,0.0,18.503953,12,coe2_bonus_v1
1,2012,18.172868,0.0,18.172868,12,coe2_bonus_v1
127,2012,18.077374,0.0,18.077374,11,coe2_bonus_v1
115,2012,18.023178,0.0,18.023178,11,coe2_bonus_v1
119,2012,17.830161,0.0,17.830161,12,coe2_bonus_v1
110,2012,17.68271,0.0,17.68271,11,coe2_bonus_v1
33,2012,17.490363,0.0,17.490363,12,coe2_bonus_v1
69,2012,17.288386,0.0,17.288386,12,coe2_bonus_v1
39,2012,17.131641,0.0,17.131641,11,coe2_bonus_v1
42,2012,16.891771,0.0,16.891771,12,coe2_bonus_v1
38,2012,16.343923,0.0,16.343923,12,coe2_bonus_v1
32,2012,16.318362,0.0,16.318362,12,coe2_bonus_v1
18,2012,16.302567,0.0,16.302567,12,coe2_bonus_v1
7,2012,16.29288,0.0,16.29288,13,coe2_bonus_v1
83,2012,16.168648,0.0,16.168648,11,coe2_bonus_v1
89,2012,15.923906,0.0,15.923906,12,coe2_bonus_v1
134,2012,15.873928,0.0,15.873928,11,coe2_bonus_v1
88,2012,15.501044,0.0,15.501044,11,coe2_bonus_v1
95,2012,15.466166,0.0,15.466166,12,coe2_bonus_v1
25,2012,15.359003,0.0,15.359003,12,coe2_bonus_v1
73,2012,15.260135,0.0,15.260135,12,coe2_bonus_v1
84,2012,15.095029,0.0,15.095029,11,coe2_bonus_v1
92,2012,15.086514,0.0,15.086514,12,coe2_bonus_v1
93,2012,14.580588,0.0,14.580588,11,coe2_bonus_v1
13,2012,13.693653,0.0,13.693653,11,coe2_bonus_v1
77,2012,13.59186,0.0,13.59186,12,coe2_bonus_v1
107,2012,12.617792,0.0,12.617792,11,coe2_bonus_v1
50,2012,12.590283,0.0,12.590283,11,coe2_bonus_v1
19,2012,12.467835,0.0,12.467835,11,coe2_bonus_v1
23,2012,12.324658,0.0,12.324658,11,coe2_bonus_v1
99,2012,12.21643,0.0,12.21643,11,coe2_bonus_v1
24,2012,12.216115,0.0,12.216115,11,coe2_bonus_v1
120,2012,12.08301,0.0,12.08301,11,coe2_bonus_v1
40,2012,11.947338,0.0,11.947338,11,coe2_bonus_v1
94,2012,11.898415,0.0,11.898415,11,coe2_bonus_v1
130,2012,11.212829,0.0,11.212829,11,coe2_bonus_v1
54,2012,10.317536,0.0,10.317536,11,coe2_bonus_v1
90,2012,9.947023,0.0,9.947023,11,coe2_bonus_v1
108,2012,9.75397,0.0,9.75397,10,coe2_bonus_v1
78,2012,9.544781,0.0,9.544781,11,coe2_bonus_v1
53,2012,9.407174,0.0,9.407174,11,coe2_bonus_v1
91,2012,8.873362,0.0,8.873362,11,coe2_bonus_v1
28,2012,8.232849,0.0,8.232849,12,coe2_bonus_v1
14,2012,7.458149,0.0,7.458149,12,coe2_bonus_v1
60,2012,7.403899,0.0,7.403899,10,coe2_bonus_v1
109,2012,7.06972,0.0,7.06972,11,coe2_bonus_v1
82,2012,6.91469,0.0,6.91469,10,coe2_bonus_v1
85,2012,6.876313,0.0,6.876313,11,coe2_bonus_v1
48,2012,6.843649,0.0,6.843649,12,coe2_bonus_v1
2,2012,6.738528,0.0,6.738528,11,coe2_bonus_v1
138,2012,6.719196,0.0,6.719196,11,coe2_bonus_v1
72,2012,6.646696,0.0,6.646696,10,coe2_bonus_v1
112,2012,6.644793,0.0,6.644793,10,coe2_bonus_v1
137,2012,6.450134,0.0,6.450134,11,coe2_bonus_v1
51,2012,6.389672,0.0,6.389672,11,coe2_bonus_v1
26,2012,6.235921,0.0,6.235921,11,coe2_bonus_v1
43,2012,6.067594,0.0,6.067594,10,coe2_bonus_v1
116,2012,6.034953,0.0,6.034953,10,coe2_bonus_v1
5,2012,5.59816,0.0,5.59816,11,coe2_bonus_v1
122,2012,4.739708,0.0,4.739708,11,coe2_bonus_v1
106,2012,4.011219,0.0,4.011219,11,coe2_bonus_v1
139,2012,3.700188,0.0,3.700188,9,coe2_bonus_v1
132,2012,3.613019,0.0,3.613019,11,coe2_bonus_v1
22,2012,3.27853,0.0,3.27853,11,coe2_bonus_v1
12,2012,2.977938,0.0,2.977938,10,coe2_bonus_v1
74,2012,2.755073,0.0,2.755073,11,coe2_bonus_v1
29,2012,1.0,0.0,1.0,11,coe2_bonus_v1
68,2012,1.0,0.0,1.0,12,coe2_bonus_v1
113,2012,1.0,0.0,1.0,10,coe2_bonus_v1
27,2012,0.0,0.0,0.0,9,coe2_bonus_v1
54,2013,33.486624,0.0,33.486624,13,coe2_bonus_v1
122,2013,32.916097,0.0,32.916097,13,coe2_bonus_v1
136,2013,30.634812,0.0,30.634812,13,coe2_bonus_v1
70,2013,30.514472,0.0,30.514472,13,coe2_bonus_v1
126,2013,30.304761,0.0,30.304761,13,coe2_bonus_v1
52,2013,28.117724,0.0,28.117724,13,coe2_bonus_v1
7,2013,27.548671,0.0,27.548671,14,coe2_bonus_v1
95,2013,27.305594,0.0,27.305594,13,coe2_bonus_v1
8,2013,27.303984,0.0,27.303984,13,coe2_bonus_v1
6,2013,27.010478,0.0,27.010478,14,coe2_bonus_v1
56,2013,26.240799,0.0,26.240799,12,coe2_bonus_v1
86,2013,26.192817,0.0,26.192817,13,coe2_bonus_v1
128,2013,26.01986,0.0,26.01986,12,coe2_bonus_v1
43,2013,25.410254,0.0,25.410254,13,coe2_bonus_v1
71,2013,25.098755,0.0,25.098755,13,coe2_bonus_v1
10,2013,25.028391,0.0,25.028391,12,coe2_bonus_v1
41,2013,24.783097,0.0,24.783097,14,coe2_bonus_v1
37,2013,24.658233,0.0,24.658233,12,coe2_bonus_v1
99,2013,24.559402,0.0,24.559402,13,coe2_bonus_v1
83,2013,24.182264,0.0,24.182264,13,coe2_bonus_v1
100,2013,23.977608,0.0,23.977608,12,coe2_bonus_v1
33,2013,23.82184,0.0,23.82184,12,coe2_bonus_v1
16,2013,23.524354,0.0,23.524354,13,coe2_bonus_v1
3,2013,23.150808,0.0,23.150808,12,coe2_bonus_v1
110,2013,22.881142,0.0,22.881142,12,coe2_bonus_v1
133,2013,22.595185,0.0,22.595185,12,coe2_bonus_v1
127,2013,22.431805,0.0,22.431805,12,coe2_bonus_v1
79,2013,22.401375,0.0,22.401375,13,coe2_bonus_v1
81,2013,22.289466,0.0,22.289466,12,coe2_bonus_v1
129,2013,22.249216,0.0,22.249216,11,coe2_bonus_v1
11,2013,22.141651,0.0,22.141651,12,coe2_bonus_v1
1,2013,22.065222,0.0,22.065222,12,coe2_bonus_v1
31,2013,21.779839,0.0,21.779839,12,coe2_bonus_v1
20,2013,21.569352,0.0,21.569352,13,coe2_bonus_v1
131,2013,21.484689,0.0,21.484689,12,coe2_bonus_v1
77,2013,21.334262,0.0,21.334262,12,coe2_bonus_v1
35,2013,21.119612,0.0,21.119612,13,coe2_bonus_v1
55,2013,21.095579,0.0,21.095579,12,coe2_bonus_v1
44,2013,20.72412,0.0,20.72412,12,coe2_bonus_v1
135,2013,20.628869,0.0,20.628869,12,coe2_bonus_v1
40,2013,20.601022,0.0,20.601022,12,coe2_bonus_v1
78,2013,20.56521,0.0,20.56521,12,coe2_bonus_v1
92,2013,20.138282,0.0,20.138282,12,coe2_bonus_v1
121,2013,19.815189,0.0,19.815189,11,coe2_bonus_v1
30,2013,19.811659,0.0,19.811659,12,coe2_bonus_v1
23,2013,19.791697,0.0,19.791697,13,coe2_bonus_v1
76,2013,19.464232,0.0,19.464232,12,coe2_bonus_v1
18,2013,19.279362,0.0,19.279362,12,coe2_bonus_v1
65,2013,19.244282,0.0,19.244282,12,coe2_bonus_v1
87,2013,19.241651,0.0,19.241651,12,coe2_bonus_v1
48,2013,18.968715,0.0,18.968715,12,coe2_bonus_v1
15,2013,18.891068,0.0,18.891068,12,coe2_bonus_v1
14,2013,18.8462,0.0,18.8462,12,coe2_bonus_v1
69,2013,18.844549,0.0,18.844549,13,coe2_bonus_v1
90,2013,18.768739,0.0,18.768739,12,coe2_bonus_v1
36,2013,18.684541,0.0,18.684541,12,coe2_bonus_v1
112,2013,18.560712,0.0,18.560712,12,coe2_bonus_v1
49,2013,18.429712,0.0,18.429712,11,coe2_bonus_v1
123,2013,18.405668,0.0,18.405668,12,coe2_bonus_v1
4,2013,18.325014,0.0,18.325014,12,coe2_bonus_v1
39,2013,18.17225,0.0,18.17225,12,coe2_bonus_v1
106,2013,17.829139,0.0,17.829139,12,coe2_bonus_v1
60,2013,17.633239,0.0,17.633239,12,coe2_bonus_v1
21,2013,17.490666,0.0,17.490666,12,coe2_bonus_v1
105,2013,17.389036,0.0,17.389036,12,coe2_bonus_v1
119,2013,17.1822,0.0,17.1822,10,coe2_bonus_v1
134,2013,17.061764,0.0,17.061764,12,coe2_bonus_v1
88,2013,17.004497,0.0,17.004497,12,coe2_bonus_v1
96,2013,16.53065,0.0,16.53065,12,coe2_bonus_v1
57,2013,16.473545,0.0,16.473545,11,coe2_bonus_v1
2,2013,16.052499,0.0,16.052499,12,coe2_bonus_v1
80,2013,16.036013,0.0,16.036013,11,coe2_bonus_v1
67,2013,15.708508,0.0,15.708508,10,coe2_bonus_v1
115,2013,14.984084,0.0,14.984084,12,coe2_bonus_v1
9,2013,14.811657,0.0,14.811657,11,coe2_bonus_v1
104,2013,14.608562,0.0,14.608562,12,coe2_bonus_v1
124,2013,14.152348,0.0,14.152348,11,coe2_bonus_v1
19,2013,13.764612,0.0,13.764612,11,coe2_bonus_v1
84,2013,13.471563,0.0,13.471563,11,coe2_bonus_v1
58,2013,13.408863,0.0,13.408863,10,coe2_bonus_v1
75,2013,12.986867,0.0,12.986867,11,coe2_bonus_v1
113,2013,12.860804,0.0,12.860804,11,coe2_bonus_v1
72,2013,12.243349,0.0,12.243349,11,coe2_bonus_v1
130,2013,12.231517,0.0,12.231517,11,coe2_bonus_v1
42,2013,11.654493,0.0,11.654493,11,coe2_bonus_v1
45,2013,11.394741,0.0,11.394741,10,coe2_bonus_v1
120,2013,10.915972,0.0,10.915972,10,coe2_bonus_v1
24,2013,10.864335,0.0,10.864335,11,coe2_bonus_v1
74,2013,9.8166,0.0,9.8166,11,coe2_bonus_v1
94,2013,9.621458,0.0,9.621458,11,coe2_bonus_v1
32,2013,9.490614,0.0,9.490614,11,coe2_bonus_v1
13,2013,9.30609,0.0,9.30609,11,coe2_bonus_v1
89,2013,8.944048,0.0,8.944048,10,coe2_bonus_v1
26,2013,8.931726,0.0,8.931726,12,coe2_bonus_v1
125,2013,8.876385,0.0,8.876385,11,coe2_bonus_v1
34,2013,8.778924,0.0,8.778924,12,coe2_bonus_v1
114,2013,8.684182,0.0,8.684182,11,coe2_bonus_v1
107,2013,8.665577,0.0,8.665577,11,coe2_bonus_v1
38,2013,8.037804,0.0,8.037804,11,coe2_bonus_v1
47,2013,7.796816,0.0,7.796816,11,coe2_bonus_v1
28,2013,6.866083,0.0,6.866083,12,coe2_bonus_v1
137,2013,6.842374,0.0,6.842374,11,coe2_bonus_v1
29,2013,6.779789,0.0,6.779789,11,coe2_bonus_v1
50,2013,6.754658,0.0,6.754658,11,coe2_bonus_v1
22,2013,6.285826,0.0,6.285826,10,coe2_bonus_v1
108,2013,6.259835,0.0,6.259835,11,coe2_bonus_v1
109,2013,6.036017,0.0,6.036017,11,coe2_bonus_v1
53,2013,5.890332,0.0,5.890332,11,coe2_bonus_v1
138,2013,5.401797,0.0,5.401797,11,coe2_bonus_v1
93,2013,5.194496,0.0,5.194496,11,coe2_bonus_v1
12,2013,5.057282,0.0,5.057282,12,coe2_bonus_v1
82,2013,4.072479,0.0,4.072479,11,coe2_bonus_v1
68,2013,3.467235,0.0,3.467235,12,coe2_bonus_v1
91,2013,3.427408,0.0,3.427408,11,coe2_bonus_v1
139,2013,3.388391,0.0,3.388391,11,coe2_bonus_v1
85,2013,3.04003,0.0,3.04003,11,coe2_bonus_v1
25,2013,3.033511,0.0,3.033511,11,coe2_bonus_v1
27,2013,3.021526,0.0,3.021526,11,coe2_bonus_v1
51,2013,2.980988,0.0,2.980988,11,coe2_bonus_v1
140,2013,2.7275,0.0,2.7275,11,coe2_bonus_v1
132,2013,2.652381,0.0,2.652381,11,coe2_bonus_v1
5,2013,0.0,0.0,0.0,11,coe2_bonus_v1
73,2013,0.0,0.0,0.0,11,coe2_bonus_v1
116,2013,0.0,0.0,0.0,12,coe2_bonus_v1
71,2014,35.475897,0.0,35.475897,15,coe2_bonus_v1
21,2014,30.513414,0.0,30.513414,14,coe2_bonus_v1
3,2014,29.901822,0.0,29.901822,14,coe2_bonus_v1
38,2014,29.082505,0.0,29.082505,12,coe2_bonus_v1
126,2014,27.992036,0.0,27.992036,13,coe2_bonus_v1
99,2014,27.703588,0.0,27.703588,12,coe2_bonus_v1
54,2014,27.421864,0.0,27.421864,13,coe2_bonus_v1
124,2014,27.058854,0.0,27.058854,12,coe2_bonus_v1
15,2014,26.716212,0.0,26.716212,14,coe2_bonus_v1
8,2014,26.667112,0.0,26.667112,13,coe2_bonus_v1
25,2014,26.539063,0.0,26.539063,12,coe2_bonus_v1
19,2014,25.838054,0.0,25.838054,12,coe2_bonus_v1
86,2014,25.774766,0.0,25.774766,13,coe2_bonus_v1
121,2014,25.543906,0.0,25.543906,13,coe2_bonus_v1
50,2014,25.354427,0.0,25.354427,12,coe2_bonus_v1
47,2014,25.292792,0.0,25.292792,12,coe2_bonus_v1
123,2014,25.173862,0.0,25.173862,12,coe2_bonus_v1
16,2014,24.885396,0.0,24.885396,12,coe2_bonus_v1
37,2014,24.868207,0.0,24.868207,12,coe2_bonus_v1
7,2014,24.676932,0.0,24.676932,13,coe2_bonus_v1
76,2014,24.602901,0.0,24.602901,13,coe2_bonus_v1
20,2014,24.504506,0.0,24.504506,13,coe2_bonus_v1
55,2014,23.518693,0.0,23.518693,13,coe2_bonus_v1
23,2014,23.333725,0.0,23.333725,12,coe2_bonus_v1
134,2014,23.080285,0.0,23.080285,12,coe2_bonus_v1
70,2014,23.018017,0.0,23.018017,12,coe2_bonus_v1
129,2014,22.485687,0.0,22.485687,12,coe2_bonus_v1
135,2014,22.402948,0.0,22.402948,12,coe2_bonus_v1
79,2014,22.288873,0.0,22.288873,13,coe2_bonus_v1
95,2014,21.972235,0.0,21.972235,12,coe2_bonus_v1
119,2014,21.949264,0.0,21.949264,12,coe2_bonus_v1
82,2014,21.558392,0.0,21.558392,12,coe2_bonus_v1
30,2014,20.939946,0.0,20.939946,12,coe2_bonus_v1
49,2014,20.923004,0.0,20.923004,11,coe2_bonus_v1
41,2014,20.910153,0.0,20.910153,12,coe2_bonus_v1
77,2014,20.486687,0.0,20.486687,12,coe2_bonus_v1
136,2014,20.334876,0.0,20.334876,12,coe2_bonus_v1
80,2014,20.301267,0.0,20.301267,12,coe2_bonus_v1
18,2014,20.073933,0.0,20.073933,12,coe2_bonus_v1
40,2014,19.831012,0.0,19.831012,12,coe2_bonus_v1
31,2014,19.825213,0.0,19.825213,12,coe2_bonus_v1
104,2014,19.802207,0.0,19.802207,12,coe2_bonus_v1
87,2014,19.686343,0.0,19.686343,13,coe2_bonus_v1
13,2014,19.647922,0.0,19.647922,12,coe2_bonus_v1
56,2014,19.565477,0.0,19.565477,12,coe2_bonus_v1
53,2014,19.314524,0.0,19.314524,12,coe2_bonus_v1
36,2014,19.198368,0.0,19.198368,12,coe2_bonus_v1
52,2014,19.19615,0.0,19.19615,13,coe2_bonus_v1
133,2014,19.027009,0.0,19.027009,12,coe2_bonus_v1
90,2014,18.871622,0.0,18.871622,12,coe2_bonus_v1
106,2014,18.686691,0.0,18.686691,12,coe2_bonus_v1
122,2014,18.40682,0.0,18.40682,12,coe2_bonus_v1
92,2014,18.385948,0.0,18.385948,12,coe2_bonus_v1
83,2014,18.352403,0.0,18.352403,13,coe2_bonus_v1
89,2014,18.246123,0.0,18.246123,12,coe2_bonus_v1
6,2014,18.181818,0.0,18.181818,12,coe2_bonus_v1
100,2014,17.989749,0.0,17.989749,12,coe2_bonus_v1
78,2014,17.534448,0.0,17.534448,12,coe2_bonus_v1
125,2014,17.493181,0.0,17.493181,11,coe2_bonus_v1
1,2014,17.322957,0.0,17.322957,13,coe2_bonus_v1
45,2014,17.279195,0.0,17.279195,10,coe2_bonus_v1
28,2014,17.073493,0.0,17.073493,12,coe2_bonus_v1
130,2014,17.04153,0.0,17.04153,12,coe2_bonus_v1
128,2014,16.968546,0.0,16.968546,12,coe2_bonus_v1
110,2014,16.56385,0.0,16.56385,11,coe2_bonus_v1
84,2014,16.245226,0.0,16.245226,12,coe2_bonus_v1
74,2014,16.22185,0.0,16.22185,12,coe2_bonus_v1
35,2014,16.210996,0.0,16.210996,13,coe2_bonus_v1
138,2014,15.684508,0.0,15.684508,11,coe2_bonus_v1
108,2014,15.623119,0.0,15.623119,11,coe2_bonus_v1
10,2014,15.606913,0.0,15.606913,13,coe2_bonus_v1
33,2014,15.344057,0.0,15.344057,12,coe2_bonus_v1
57,2014,15.255297,0.0,15.255297,11,coe2_bonus_v1
93,2014,15.060712,0.0,15.060712,10,coe2_bonus_v1
88,2014,14.86098,0.0,14.86098,12,coe2_bonus_v1
96,2014,14.704456,0.0,14.704456,12,coe2_bonus_v1
11,2014,14.596894,0.0,14.596894,12,coe2_bonus_v1
115,2014,14.490505,0.0,14.490505,11,coe2_bonus_v1
127,2014,14.060466,0.0,14.060466,12,coe2_bonus_v1
132,2014,13.324527,0.0,13.324527,11,coe2_bonus_v1
75,2014,13.285595,0.0,13.285595,11,coe2_bonus_v1
26,2014,13.248963,0.0,13.248963,12,coe2_bonus_v1
5,2014,12.978012,0.0,12.978012,11,coe2_bonus_v1
91,2014,12.723466,0.0,12.723466,11,coe2_bonus_v1
67,2014,12.613637,0.0,12.613637,11,coe2_bonus_v1
81,2014,12.535772,0.0,12.535772,10,coe2_bonus_v1
4,2014,12.261101,0.0,12.261101,11,coe2_bonus_v1
113,2014,11.474162,0.0,11.474162,11,coe2_bonus_v1
44,2014,11.405777,0.0,11.405777,12,coe2_bonus_v1
69,2014,11.240664,0.0,11.240664,11,coe2_bonus_v1
65,2014,10.974731,0.0,10.974731,10,coe2_bonus_v1
24,2014,10.314041,0.0,10.314041,11,coe2_bonus_v1
58,2014,10.131446,0.0,10.131446,10,coe2_bonus_v1
51,2014,10.129721,0.0,10.129721,9,coe2_bonus_v1
109,2014,9.795796,0.0,9.795796,10,coe2_bonus_v1
137,2014,9.795077,0.0,9.795077,11,coe2_bonus_v1
140,2014,9.701273,0.0,9.701273,12,coe2_bonus_v1
12,2014,9.395926,0.0,9.395926,12,coe2_bonus_v1
60,2014,9.228424,0.0,9.228424,11,coe2_bonus_v1
72,2014,9.124612,0.0,9.124612,11,coe2_bonus_v1
43,2014,8.764167,0.0,8.764167,11,coe2_bonus_v1
112,2014,8.281326,0.0,8.281326,9,coe2_bonus_v1
120,2014,7.977645,0.0,7.977645,9,coe2_bonus_v1
39,2014,7.747947,0.0,7.747947,11,coe2_bonus_v1
48,2014,7.519082,0.0,7.519082,11,coe2_bonus_v1
22,2014,7.140249,0.0,7.140249,12,coe2_bonus_v1
2,2014,6.996115,0.0,6.996115,11,coe2_bonus_v1
34,2014,6.656056,0.0,6.656056,12,coe2_bonus_v1
114,2014,6.634561,0.0,6.634561,11,coe2_bonus_v1
73,2014,6.513359,0.0,6.513359,11,coe2_bonus_v1
32,2014,6.50286,0.0,6.50286,11,coe2_bonus_v1
29,2014,6.426832,0.0,6.426832,11,coe2_bonus_v1
94,2014,6.414529,0.0,6.414529,11,coe2_bonus_v1
116,2014,5.950975,0.0,5.950975,11,coe2_bonus_v1
105,2014,5.394087,0.0,5.394087,11,coe2_bonus_v1
9,2014,5.371529,0.0,5.371529,11,coe2_bonus_v1
107,2014,3.689187,0.0,3.689187,11,coe2_bonus_v1
85,2014,3.488762,0.0,3.488762,10,coe2_bonus_v1
14,2014,3.32568,0.0,3.32568,12,coe2_bonus_v1
68,2014,3.284106,0.0,3.284106,10,coe2_bonus_v1
27,2014,3.237299,0.0,3.237299,10,coe2_bonus_v1
42,2014,3.153954,0.0,3.153954,12,coe2_bonus_v1
139,2014,2.834316,0.0,2.834316,9,coe2_bonus_v1
131,2014,2.209402,0.0,2.209402,10,coe2_bonus_v1
61,2014,0.0,0.0,0.0,0,coe2_bonus_v1
62,2014,0.0,0.0,0.0,9,coe2_bonus_v1
40,2015,33.148692,0.0,33.148692,13,coe2_bonus_v1
129,2015,31.395377,0.0,31.395377,14,coe2_bonus_v1
121,2015,31.033918,0.0,31.033918,14,coe2_bonus_v1
119,2015,30.133621,0.0,30.133621,14,coe2_bonus_v1
78,2015,29.711198,0.0,29.711198,13,coe2_bonus_v1
70,2015,29.612228,0.0,29.612228,14,coe2_bonus_v1
6,2015,29.504931,0.0,29.504931,14,coe2_bonus_v1
52,2015,28.839574,0.0,28.839574,13,coe2_bonus_v1
11,2015,27.741688,0.0,27.741688,13,coe2_bonus_v1
75,2015,27.49711,0.0,27.49711,12,coe2_bonus_v1
19,2015,27.117539,0.0,27.117539,13,coe2_bonus_v1
83,2015,26.798298,0.0,26.798298,14,coe2_bonus_v1
71,2015,26.78807,0.0,26.78807,13,coe2_bonus_v1
125,2015,26.4293,0.0,26.4293,14,coe2_bonus_v1
2,2015,26.317842,0.0,26.317842,12,coe2_bonus_v1
80,2015,26.303736,0.0,26.303736,12,coe2_bonus_v1
96,2015,26.295574,0.0,26.295574,12,coe2_bonus_v1
69,2015,25.953619,0.0,25.953619,13,coe2_bonus_v1
135,2015,25.724133,0.0,25.724133,12,coe2_bonus_v1
110,2015,25.517573,0.0,25.517573,12,coe2_bonus_v1
79,2015,25.146211,0.0,25.146211,13,coe2_bonus_v1
102,2015,24.897084,0.0,24.897084,12,coe2_bonus_v1
108,2015,24.585716,0.0,24.585716,13,coe2_bonus_v1
38,2015,23.914211,0.0,23.914211,12,coe2_bonus_v1
76,2015,23.743218,0.0,23.743218,13,coe2_bonus_v1
3,2015,23.316471,0.0,23.316471,12,coe2_bonus_v1
33,2015,23.245764,0.0,23.245764,12,coe2_bonus_v1
133,2015,22.988958,0.0,22.988958,12,coe2_bonus_v1
61,2015,22.820497,0.0,22.820497,12,coe2_bonus_v1
37,2015,22.711312,0.0,22.711312,12,coe2_bonus_v1
18,2015,22.515443,0.0,22.515443,12,coe2_bonus_v1
123,2015,22.474524,0.0,22.474524,12,coe2_bonus_v1
130,2015,21.859622,0.0,21.859622,12,coe2_bonus_v1
47,2015,21.351328,0.0,21.351328,12,coe2_bonus_v1
127,2015,21.335618,0.0,21.335618,12,coe2_bonus_v1
7,2015,21.262826,0.0,21.262826,14,coe2_bonus_v1
53,2015,21.151839,0.0,21.151839,12,coe2_bonus_v1
137,2015,21.020457,0.0,21.020457,12,coe2_bonus_v1
50,2015,20.877787,0.0,20.877787,12,coe2_bonus_v1
134,2015,20.827371,0.0,20.827371,12,coe2_bonus_v1
57,2015,20.790177,0.0,20.790177,12,coe2_bonus_v1
5,2015,20.686141,0.0,20.686141,12,coe2_bonus_v1
113,2015,20.539806,0.0,20.539806,12,coe2_bonus_v1
126,2015,20.333859,0.0,20.333859,12,coe2_bonus_v1
99,2015,20.29606,0.0,20.29606,11,coe2_bonus_v1
95,2015,20.272086,0.0,20.272086,12,coe2_bonus_v1
8,2015,20.132699,0.0,20.132699,13,coe2_bonus_v1
26,2015,19.982686,0.0,19.982686,12,coe2_bonus_v1
115,2015,19.789519,0.0,19.789519,12,coe2_bonus_v1
68,2015,19.745057,0.0,19.745057,12,coe2_bonus_v1
88,2015,19.582459,0.0,19.582459,12,coe2_bonus_v1
82,2015,19.479373,0.0,19.479373,12,coe2_bonus_v1
62,2015,19.412607,0.0,19.412607,11,coe2_bonus_v1
21,2015,18.809499,0.0,18.809499,12,coe2_bonus_v1
89,2015,18.560556,0.0,18.560556,12,coe2_bonus_v1
36,2015,18.4531,0.0,18.4531,12,coe2_bonus_v1
31,2015,18.452657,0.0,18.452657,13,coe2_bonus_v1
92,2015,18.402739,0.0,18.402739,12,coe2_bonus_v1
56,2015,18.369761,0.0,18.369761,12,coe2_bonus_v1
23,2015,18.344637,0.0,18.344637,12,coe2_bonus_v1
86,2015,18.120377,0.0,18.120377,13,coe2_bonus_v1
87,2015,18.056407,0.0,18.056407,13,coe2_bonus_v1
1,2015,17.729795,0.0,17.729795,12,coe2_bonus_v1
25,2015,17.522385,0.0,17.522385,13,coe2_bonus_v1
13,2015,17.085576,0.0,17.085576,12,coe2_bonus_v1
39,2015,16.861552,0.0,16.861552,12,coe2_bonus_v1
122,2015,16.673677,0.0,16.673677,12,coe2_bonus_v1
84,2015,16.568776,0.0,16.568776,12,coe2_bonus_v1
34,2015,16.442527,0.0,16.442527,13,coe2_bonus_v1
72,2015,16.252259,0.0,16.252259,12,coe2_bonus_v1
107,2015,16.16757,0.0,16.16757,12,coe2_bonus_v1
15,2015,15.730738,0.0,15.730738,12,coe2_bonus_v1
77,2015,15.588681,0.0,15.588681,13,coe2_bonus_v1
55,2015,15.496722,0.0,15.496722,12,coe2_bonus_v1
9,2015,15.370923,0.0,15.370923,12,coe2_bonus_v1
35,2015,15.33785,0.0,15.33785,12,coe2_bonus_v1
93,2015,14.398233,0.0,14.398233,12,coe2_bonus_v1
16,2015,14.282202,0.0,14.282202,12,coe2_bonus_v1
65,2015,13.968785,0.0,13.968785,11,coe2_bonus_v1
20,2015,13.562083,0.0,13.562083,12,coe2_bonus_v1
30,2015,13.181539,0.0,13.181539,12,coe2_bonus_v1
67,2015,12.263816,0.0,12.263816,11,coe2_bonus_v1
27,2015,12.056794,0.0,12.056794,12,coe2_bonus_v1
28,2015,11.885732,0.0,11.885732,11,coe2_bonus_v1
112,2015,11.617753,0.0,11.617753,11,coe2_bonus_v1
74,2015,11.125874,0.0,11.125874,11,coe2_bonus_v1
100,2015,11.076144,0.0,11.076144,11,coe2_bonus_v1
132,2015,10.439287,0.0,10.439287,10,coe2_bonus_v1
54,2015,10.320182,0.0,10.320182,11,coe2_bonus_v1
139,2015,10.113267,0.0,10.113267,11,coe2_bonus_v1
120,2015,9.887272,0.0,9.887272,11,coe2_bonus_v1
105,2015,9.78332,0.0,9.78332,11,coe2_bonus_v1
140,2015,9.690028,0.0,9.690028,12,coe2_bonus_v1
51,2015,9.529445,0.0,9.529445,10,coe2_bonus_v1
131,2015,9.410992,0.0,9.410992,11,coe2_bonus_v1
22,2015,9.137172,0.0,9.137172,12,coe2_bonus_v1
91,2015,9.122266,0.0,9.122266,11,coe2_bonus_v1
98,2015,8.684927,0.0,8.684927,10,coe2_bonus_v1
60,2015,8.325111,0.0,8.325111,11,coe2_bonus_v1
104,2015,8.124132,0.0,8.124132,11,coe2_bonus_v1
128,2015,7.773337,0.0,7.773337,11,coe2_bonus_v1
41,2015,7.770614,0.0,7.770614,10,coe2_bonus_v1
14,2015,7.541948,0.0,7.541948,11,coe2_bonus_v1
49,2015,7.524185,0.0,7.524185,11,coe2_bonus_v1
94,2015,7.40801,0.0,7.40801,11,coe2_bonus_v1
32,2015,7.188926,0.0,7.188926,11,coe2_bonus_v1
114,2015,6.727952,0.0,6.727952,11,coe2_bonus_v1
48,2015,6.501833,0.0,6.501833,11,coe2_bonus_v1
44,2015,6.313175,0.0,6.313175,11,coe2_bonus_v1
24,2015,6.096245,0.0,6.096245,11,coe2_bonus_v1
90,2015,6.073487,0.0,6.073487,11,coe2_bonus_v1
45,2015,6.046809,0.0,6.046809,11,coe2_bonus_v1
116,2015,6.046306,0.0,6.046306,11,coe2_bonus_v1
10,2015,5.998794,0.0,5.998794,11,coe2_bonus_v1
12,2015,5.968607,0.0,5.968607,12,coe2_bonus_v1
42,2015,5.910986,0.0,5.910986,11,coe2_bonus_v1
124,2015,5.773027,0.0,5.773027,11,coe2_bonus_v1
81,2015,5.468039,0.0,5.468039,11,coe2_bonus_v1
73,2015,3.660968,0.0,3.660968,11,coe2_bonus_v1
85,2015,3.526377,0.0,3.526377,12,coe2_bonus_v1
109,2015,3.173703,0.0,3.173703,10,coe2_bonus_v1
106,2015,3.056299,0.0,3.056299,10,coe2_bonus_v1
43,2015,2.9787,0.0,2.9787,11,coe2_bonus_v1
58,2015,2.803207,0.0,2.803207,12,coe2_bonus_v1
4,2015,2.588074,0.0,2.588074,11,coe2_bonus_v1
29,2015,0.0,0.0,0.0,11,coe2_bonus_v1
136,2015,0.0,0.0,0.0,11,coe2_bonus_v1
129,2016,31.714767,0.0,31.714767,14,coe2_bonus_v1
82,2016,30.109019,0.0,30.109019,13,coe2_bonus_v1
87,2016,29.761238,0.0,29.761238,14,coe2_bonus_v1
76,2016,29.506036,0.0,29.506036,14,coe2_bonus_v1
121,2016,28.589272,0.0,28.589272,14,coe2_bonus_v1
1,2016,28.298597,0.0,28.298597,13,coe2_bonus_v1
137,2016,27.953493,0.0,27.953493,12,coe2_bonus_v1
52,2016,26.704298,0.0,26.704298,13,coe2_bonus_v1
22,2016,26.316111,0.0,26.316111,13,coe2_bonus_v1
102,2016,25.92581,0.0,25.92581,13,coe2_bonus_v1
11,2016,25.790678,0.0,25.790678,13,coe2_bonus_v1
7,2016,25.577176,0.0,25.577176,13,coe2_bonus_v1
71,2016,25.459924,0.0,25.459924,13,coe2_bonus_v1
25,2016,25.338635,0.0,25.338635,12,coe2_bonus_v1
33,2016,24.879146,0.0,24.879146,12,coe2_bonus_v1
6,2016,24.642541,0.0,24.642541,13,coe2_bonus_v1
92,2016,24.617416,0.0,24.617416,13,coe2_bonus_v1
120,2016,24.494535,0.0,24.494535,12,coe2_bonus_v1
98,2016,24.386053,0.0,24.386053,12,coe2_bonus_v1
108,2016,24.33059,0.0,24.33059,13,coe2_bonus_v1
69,2016,24.078487,0.0,24.078487,13,coe2_bonus_v1
119,2016,24.048917,0.0,24.048917,13,coe2_bonus_v1
21,2016,23.832472,0.0,23.832472,13,coe2_bonus_v1
124,2016,23.656539,0.0,23.656539,12,coe2_bonus_v1
126,2016,23.517351,0.0,23.517351,12,coe2_bonus_v1
89,2016,23.514017,0.0,23.514017,12,coe2_bonus_v1
24,2016,23.489816,0.0,23.489816,13,coe2_bonus_v1
34,2016,23.402168,0.0,23.402168,12,coe2_bonus_v1
125,2016,23.364501,0.0,23.364501,13,coe2_bonus_v1
139,2016,23.342825,0.0,23.342825,12,coe2_bonus_v1
127,2016,23.224365,0.0,23.224365,12,coe2_bonus_v1
31,2016,23.136526,0.0,23.136526,13,coe2_bonus_v1
26,2016,22.726646,0.0,22.726646,12,coe2_bonus_v1
77,2016,22.529159,0.0,22.529159,12,coe2_bonus_v1
30,2016,22.270895,0.0,22.270895,12,coe2_bonus_v1
130,2016,22.17574,0.0,22.17574,12,coe2_bonus_v1
78,2016,21.459905,0.0,21.459905,12,coe2_bonus_v1
18,2016,21.454783,0.0,21.454783,12,coe2_bonus_v1
56,2016,21.435318,0.0,21.435318,13,coe2_bonus_v1
85,2016,21.34004,0.0,21.34004,12,coe2_bonus_v1
110,2016,21.17211,0.0,21.17211,13,coe2_bonus_v1
19,2016,20.918255,0.0,20.918255,12,coe2_bonus_v1
40,2016,20.856895,0.0,20.856895,12,coe2_bonus_v1
65,2016,20.733835,0.0,20.733835,12,coe2_bonus_v1
2,2016,20.445328,0.0,20.445328,12,coe2_bonus_v1
57,2016,20.443561,0.0,20.443561,12,coe2_bonus_v1
47,2016,20.376106,0.0,20.376106,13,coe2_bonus_v1
115,2016,20.367205,0.0,20.367205,13,coe2_bonus_v1
109,2016,19.876134,0.0,19.876134,11,coe2_bonus_v1
75,2016,19.608805,0.0,19.608805,12,coe2_bonus_v1
50,2016,19.496679,0.0,19.496679,12,coe2_bonus_v1
94,2016,19.467352,0.0,19.467352,12,coe2_bonus_v1
88,2016,19.450107,0.0,19.450107,12,coe2_bonus_v1
80,2016,19.235991,0.0,19.235991,12,coe2_bonus_v1
36,2016,19.153308,0.0,19.153308,12,coe2_bonus_v1
123,2016,18.956062,0.0,18.956062,12,coe2_bonus_v1
132,2016,18.902046,0.0,18.902046,12,coe2_bonus_v1
122,2016,18.739864,0.0,18.739864,12,coe2_bonus_v1
93,2016,18.435781,0.0,18.435781,12,coe2_bonus_v1
133,2016,18.416922,0.0,18.416922,11,coe2_bonus_v1
116,2016,18.058671,0.0,18.058671,12,coe2_bonus_v1
12,2016,17.954133,0.0,17.954133,13,coe2_bonus_v1
49,2016,17.765774,0.0,17.765774,12,coe2_bonus_v1
23,2016,17.620452,0.0,17.620452,12,coe2_bonus_v1
53,2016,17.330911,0.0,17.330911,12,coe2_bonus_v1
131,2016,17.200963,0.0,17.200963,12,coe2_bonus_v1
106,2016,16.97549,0.0,16.97549,12,coe2_bonus_v1
96,2016,16.915417,0.0,16.915417,11,coe2_bonus_v1
68,2016,16.54503,0.0,16.54503,12,coe2_bonus_v1
44,2016,16.430637,0.0,16.430637,12,coe2_bonus_v1
136,2016,16.282907,0.0,16.282907,12,coe2_bonus_v1
72,2016,16.163916,0.0,16.163916,13,coe2_bonus_v1
86,2016,15.630599,0.0,15.630599,11,coe2_bonus_v1
35,2016,15.625951,0.0,15.625951,12,coe2_bonus_v1
5,2016,15.571137,0.0,15.571137,12,coe2_bonus_v1
128,2016,14.91798,0.0,14.91798,12,coe2_bonus_v1
134,2016,14.841428,0.0,14.841428,12,coe2_bonus_v1
38,2016,14.801252,0.0,14.801252,12,coe2_bonus_v1
84,2016,14.630373,0.0,14.630373,12,coe2_bonus_v1
37,2016,14.561127,0.0,14.561127,12,coe2_bonus_v1
90,2016,14.23637,0.0,14.23637,12,coe2_bonus_v1
43,2016,13.927952,0.0,13.927952,12,coe2_bonus_v1
67,2016,13.815129,0.0,13.815129,11,coe2_bonus_v1
42,2016,13.764195,0.0,13.764195,11,coe2_bonus_v1
51,2016,12.736564,0.0,12.736564,12,coe2_bonus_v1
39,2016,12.083745,0.0,12.083745,11,coe2_bonus_v1
13,2016,11.957873,0.0,11.957873,11,coe2_bonus_v1
113,2016,11.461816,0.0,11.461816,11,coe2_bonus_v1
8,2016,11.137566,0.0,11.137566,12,coe2_bonus_v1
61,2016,11.100103,0.0,11.100103,11,coe2_bonus_v1
79,2016,11.046228,0.0,11.046228,12,coe2_bonus_v1
14,2016,10.787779,0.0,10.787779,11,coe2_bonus_v1
16,2016,10.747392,0.0,10.747392,11,coe2_bonus_v1
103,2016,10.744109,0.0,10.744109,11,coe2_bonus_v1
135,2016,10.408737,0.0,10.408737,11,coe2_bonus_v1
105,2016,10.158328,0.0,10.158328,11,coe2_bonus_v1
4,2016,10.049084,0.0,10.049084,11,coe2_bonus_v1
95,2016,9.835375,0.0,9.835375,11,coe2_bonus_v1
28,2016,9.75742,0.0,9.75742,11,coe2_bonus_v1
3,2016,9.536313,0.0,9.536313,11,coe2_bonus_v1
58,2016,9.461275,0.0,9.461275,11,coe2_bonus_v1
48,2016,9.214636,0.0,9.214636,11,coe2_bonus_v1
27,2016,9.182866,0.0,9.182866,12,coe2_bonus_v1
81,2016,9.094403,0.0,9.094403,11,coe2_bonus_v1
83,2016,8.695437,0.0,8.695437,11,coe2_bonus_v1
55,2016,8.635377,0.0,8.635377,11,coe2_bonus_v1
54,2016,8.614753,0.0,8.614753,11,coe2_bonus_v1
9,2016,8.522763,0.0,8.522763,11,coe2_bonus_v1
32,2016,8.522536,0.0,8.522536,11,coe2_bonus_v1
74,2016,7.729486,0.0,7.729486,11,coe2_bonus_v1
112,2016,6.966211,0.0,6.966211,11,coe2_bonus_v1
41,2016,6.94482,0.0,6.94482,11,coe2_bonus_v1
114,2016,6.874863,0.0,6.874863,10,coe2_bonus_v1
73,2016,6.64545,0.0,6.64545,11,coe2_bonus_v1
15,2016,6.324922,0.0,6.324922,11,coe2_bonus_v1
60,2016,6.237778,0.0,6.237778,11,coe2_bonus_v1
70,2016,6.200496,0.0,6.200496,11,coe2_bonus_v1
107,2016,6.091198,0.0,6.091198,11,coe2_bonus_v1
91,2016,6.043364,0.0,6.043364,11,coe2_bonus_v1
62,2016,5.965631,0.0,5.965631,11,coe2_bonus_v1
100,2016,5.8512,0.0,5.8512,11,coe2_bonus_v1
99,2016,5.518622,0.0,5.518622,11,coe2_bonus_v1
20,2016,5.130713,0.0,5.130713,11,coe2_bonus_v1
29,2016,3.821098,0.0,3.821098,11,coe2_bonus_v1
45,2016,3.686385,0.0,3.686385,11,coe2_bonus_v1
140,2016,2.864737,0.0,2.864737,11,coe2_bonus_v1
104,2016,2.662332,0.0,2.662332,11,coe2_bonus_v1
10,2016,1.0,0.0,1.0,11,coe2_bonus_v1
123,2017,32.922095,0.0,32.922095,14,coe2_bonus_v1
136,2017,32.836695,0.0,32.836695,12,coe2_bonus_v1
21,2017,30.396285,0.0,30.396285,14,coe2_bonus_v1
76,2017,30.374553,0.0,30.374553,14,coe2_bonus_v1
52,2017,30.134755,0.0,30.134755,14,coe2_bonus_v1
60,2017,28.525994,0.0,28.525994,13,coe2_bonus_v1
70,2017,28.399163,0.0,28.399163,13,coe2_bonus_v1
71,2017,28.342444,0.0,28.342444,14,coe2_bonus_v1
10,2017,28.026199,0.0,28.026199,13,coe2_bonus_v1
79,2017,27.590902,0.0,27.590902,13,coe2_bonus_v1
87,2017,27.326225,0.0,27.326225,13,coe2_bonus_v1
121,2017,27.303278,0.0,27.303278,13,coe2_bonus_v1
7,2017,26.311019,0.0,26.311019,14,coe2_bonus_v1
38,2017,25.56561,0.0,25.56561,13,coe2_bonus_v1
75,2017,25.359039,0.0,25.359039,13,coe2_bonus_v1
11,2017,24.751563,0.0,24.751563,12,coe2_bonus_v1
80,2017,24.71009,0.0,24.71009,13,coe2_bonus_v1
33,2017,24.573651,0.0,24.573651,13,coe2_bonus_v1
129,2017,24.562702,0.0,24.562702,13,coe2_bonus_v1
120,2017,24.478542,0.0,24.478542,11,coe2_bonus_v1
128,2017,24.207703,0.0,24.207703,12,coe2_bonus_v1
50,2017,24.203808,0.0,24.203808,12,coe2_bonus_v1
127,2017,24.106372,0.0,24.106372,12,coe2_bonus_v1
109,2017,24.103966,0.0,24.103966,12,coe2_bonus_v1
6,2017,24.038671,0.0,24.038671,14,coe2_bonus_v1
122,2017,23.336345,0.0,23.336345,13,coe2_bonus_v1
99,2017,23.32812,0.0,23.32812,13,coe2_bonus_v1
78,2017,23.253572,0.0,23.253572,13,coe2_bonus_v1
2,2017,22.631754,0.0,22.631754,12,coe2_bonus_v1
43,2017,22.547476,0.0,22.547476,13,coe2_bonus_v1
32,2017,22.509336,0.0,22.509336,12,coe2_bonus_v1
51,2017,22.245714,0.0,22.245714,12,coe2_bonus_v1
115,2017,22.142833,0.0,22.142833,12,coe2_bonus_v1
93,2017,22.132567,0.0,22.132567,12,coe2_bonus_v1
137,2017,22.030774,0.0,22.030774,11,coe2_bonus_v1
35,2017,21.767109,0.0,21.767109,13,coe2_bonus_v1
134,2017,21.453951,0.0,21.453951,12,coe2_bonus_v1
84,2017,21.412561,0.0,21.412561,12,coe2_bonus_v1
24,2017,21.260847,0.0,21.260847,12,coe2_bonus_v1
16,2017,21.257214,0.0,21.257214,13,coe2_bonus_v1
65,2017,21.112699,0.0,21.112699,13,coe2_bonus_v1
73,2017,20.991931,0.0,20.991931,13,coe2_bonus_v1
1,2017,20.923796,0.0,20.923796,12,coe2_bonus_v1
94,2017,20.894227,0.0,20.894227,12,coe2_bonus_v1
27,2017,20.738775,0.0,20.738775,13,coe2_bonus_v1
133,2017,20.258984,0.0,20.258984,12,coe2_bonus_v1
106,2017,20.209226,0.0,20.209226,13,coe2_bonus_v1
30,2017,19.940456,0.0,19.940456,12,coe2_bonus_v1
102,2017,19.623631,0.0,19.623631,11,coe2_bonus_v1
40,2017,19.206838,0.0,19.206838,12,coe2_bonus_v1
69,2017,19.184552,0.0,19.184552,13,coe2_bonus_v1
92,2017,19.087783,0.0,19.087783,12,coe2_bonus_v1
68,2017,18.856349,0.0,18.856349,12,coe2_bonus_v1
113,2017,18.811271,0.0,18.811271,13,coe2_bonus_v1
110,2017,18.723912,0.0,18.723912,13,coe2_bonus_v1
56,2017,18.47151,0.0,18.47151,12,coe2_bonus_v1
86,2017,18.36565,0.0,18.36565,12,coe2_bonus_v1
95,2017,18.363831,0.0,18.363831,12,coe2_bonus_v1
47,2017,18.326175,0.0,18.326175,12,coe2_bonus_v1
138,2017,18.028183,0.0,18.028183,11,coe2_bonus_v1
62,2017,17.808552,0.0,17.808552,10,coe2_bonus_v1
15,2017,17.698352,0.0,17.698352,12,coe2_bonus_v1
132,2017,17.648076,0.0,17.648076,12,coe2_bonus_v1
108,2017,17.466852,0.0,17.466852,12,coe2_bonus_v1
85,2017,17.369156,0.0,17.369156,12,coe2_bonus_v1
8,2017,17.230338,0.0,17.230338,13,coe2_bonus_v1
54,2017,17.169386,0.0,17.169386,12,coe2_bonus_v1
36,2017,17.130774,0.0,17.130774,12,coe2_bonus_v1
39,2017,16.41933,0.0,16.41933,12,coe2_bonus_v1
112,2017,16.368804,0.0,16.368804,11,coe2_bonus_v1
3,2017,16.320781,0.0,16.320781,12,coe2_bonus_v1
42,2017,16.213001,0.0,16.213001,12,coe2_bonus_v1
23,2017,16.025413,0.0,16.025413,12,coe2_bonus_v1
19,2017,15.791844,0.0,15.791844,12,coe2_bonus_v1
20,2017,15.70208,0.0,15.70208,12,coe2_bonus_v1
14,2017,15.655878,0.0,15.655878,11,coe2_bonus_v1
91,2017,15.467172,0.0,15.467172,12,coe2_bonus_v1
126,2017,15.429817,0.0,15.429817,12,coe2_bonus_v1
89,2017,15.243639,0.0,15.243639,12,coe2_bonus_v1
135,2017,13.895497,0.0,13.895497,11,coe2_bonus_v1
44,2017,13.619243,0.0,13.619243,10,coe2_bonus_v1
5,2017,13.406356,0.0,13.406356,11,coe2_bonus_v1
48,2017,13.293205,0.0,13.293205,11,coe2_bonus_v1
57,2017,12.596734,0.0,12.596734,10,coe2_bonus_v1
77,2017,12.582321,0.0,12.582321,12,coe2_bonus_v1
49,2017,12.407571,0.0,12.407571,11,coe2_bonus_v1
31,2017,12.323576,0.0,12.323576,12,coe2_bonus_v1
124,2017,12.191308,0.0,12.191308,10,coe2_bonus_v1
131,2017,12.044998,0.0,12.044998,11,coe2_bonus_v1
88,2017,11.878113,0.0,11.878113,11,coe2_bonus_v1
116,2017,11.593069,0.0,11.593069,11,coe2_bonus_v1
82,2017,11.540685,0.0,11.540685,11,coe2_bonus_v1
119,2017,11.538287,0.0,11.538287,12,coe2_bonus_v1
72,2017,11.461556,0.0,11.461556,11,coe2_bonus_v1
98,2017,11.142078,0.0,11.142078,11,coe2_bonus_v1
22,2017,11.004701,0.0,11.004701,11,coe2_bonus_v1
67,2017,10.864242,0.0,10.864242,11,coe2_bonus_v1
25,2017,10.794381,0.0,10.794381,11,coe2_bonus_v1
125,2017,10.614892,0.0,10.614892,11,coe2_bonus_v1
90,2017,10.371599,0.0,10.371599,11,coe2_bonus_v1
105,2017,10.224038,0.0,10.224038,11,coe2_bonus_v1
140,2017,10.00881,0.0,10.00881,10,coe2_bonus_v1
100,2017,9.953362,0.0,9.953362,11,coe2_bonus_v1
104,2017,9.933387,0.0,9.933387,11,coe2_bonus_v1
55,2017,9.88315,0.0,9.88315,11,coe2_bonus_v1
139,2017,9.575577,0.0,9.575577,10,coe2_bonus_v1
58,2017,9.463518,0.0,9.463518,11,coe2_bonus_v1
13,2017,8.721817,0.0,8.721817,11,coe2_bonus_v1
18,2017,8.211958,0.0,8.211958,12,coe2_bonus_v1
130,2017,7.5601,0.0,7.5601,11,coe2_bonus_v1
107,2017,7.037666,0.0,7.037666,11,coe2_bonus_v1
53,2017,6.860887,0.0,6.860887,10,coe2_bonus_v1
26,2017,6.815524,0.0,6.815524,11,coe2_bonus_v1
61,2017,6.607503,0.0,6.607503,10,coe2_bonus_v1
83,2017,6.576934,0.0,6.576934,11,coe2_bonus_v1
74,2017,6.444341,0.0,6.444341,12,coe2_bonus_v1
96,2017,6.419242,0.0,6.419242,11,coe2_bonus_v1
12,2017,6.201067,0.0,6.201067,11,coe2_bonus_v1
34,2017,6.12919,0.0,6.12919,12,coe2_bonus_v1
9,2017,3.745042,0.0,3.745042,12,coe2_bonus_v1
103,2017,3.646604,0.0,3.646604,11,coe2_bonus_v1
81,2017,3.196961,0.0,3.196961,11,coe2_bonus_v1
114,2017,3.078334,0.0,3.078334,11,coe2_bonus_v1
41,2017,2.824112,0.0,2.824112,12,coe2_bonus_v1
37,2017,2.46075,0.0,2.46075,11,coe2_bonus_v1
4,2017,0.0,0.0,0.0,11,coe2_bonus_v1
28,2017,0.0,0.0,0.0,12,coe2_bonus_v1
29,2017,0.0,0.0,0.0,11,coe2_bonus_v1
45,2017,0.0,0.0,0.0,10,coe2_bonus_v1
129,2018,32.147688,0.0,32.147688,14,coe2_bonus_v1
71,2018,30.146658,0.0,30.146658,14,coe2_bonus_v1
79,2018,29.426469,0.0,29.426469,13,coe2_bonus_v1
35,2018,29.09249,0.0,29.09249,14,coe2_bonus_v1
121,2018,28.413097,0.0,28.413097,14,coe2_bonus_v1
55,2018,28.219773,0.0,28.219773,12,coe2_bonus_v1
132,2018,27.75529,0.0,27.75529,12,coe2_bonus_v1
10,2018,27.721008,0.0,27.721008,13,coe2_bonus_v1
138,2018,27.452445,0.0,27.452445,13,coe2_bonus_v1
52,2018,26.943699,0.0,26.943699,14,coe2_bonus_v1
105,2018,26.511851,0.0,26.511851,12,coe2_bonus_v1
2,2018,26.322195,0.0,26.322195,12,coe2_bonus_v1
20,2018,25.536172,0.0,25.536172,12,coe2_bonus_v1
61,2018,25.443927,0.0,25.443927,12,coe2_bonus_v1
102,2018,25.384161,0.0,25.384161,12,coe2_bonus_v1
21,2018,25.339064,0.0,25.339064,13,coe2_bonus_v1
133,2018,25.33891,0.0,25.33891,12,coe2_bonus_v1
136,2018,25.271978,0.0,25.271978,12,coe2_bonus_v1
75,2018,24.807896,0.0,24.807896,14,coe2_bonus_v1
69,2018,24.732662,0.0,24.732662,13,coe2_bonus_v1
112,2018,24.700677,0.0,24.700677,13,coe2_bonus_v1
1,2018,24.450676,0.0,24.450676,13,coe2_bonus_v1
125,2018,23.794592,0.0,23.794592,11,coe2_bonus_v1
123,2018,23.362364,0.0,23.362364,13,coe2_bonus_v1
51,2018,22.951427,0.0,22.951427,12,coe2_bonus_v1
3,2018,22.926964,0.0,22.926964,12,coe2_bonus_v1
120,2018,22.747787,0.0,22.747787,11,coe2_bonus_v1
6,2018,22.350795,0.0,22.350795,12,coe2_bonus_v1
78,2018,22.152228,0.0,22.152228,12,coe2_bonus_v1
99,2018,21.994814,0.0,21.994814,12,coe2_bonus_v1
86,2018,21.951709,0.0,21.951709,14,coe2_bonus_v1
87,2018,21.821665,0.0,21.821665,13,coe2_bonus_v1
36,2018,21.602029,0.0,21.602029,12,coe2_bonus_v1
77,2018,21.501402,0.0,21.501402,13,coe2_bonus_v1
12,2018,21.24522,0.0,21.24522,13,coe2_bonus_v1
108,2018,21.160241,0.0,21.160241,12,coe2_bonus_v1
13,2018,21.031557,0.0,21.031557,12,coe2_bonus_v1
19,2018,20.967495,0.0,20.967495,13,coe2_bonus_v1
91,2018,20.614084,0.0,20.614084,11,coe2_bonus_v1
109,2018,20.490369,0.0,20.490369,10,coe2_bonus_v1
16,2018,20.320164,0.0,20.320164,13,coe2_bonus_v1
115,2018,20.210535,0.0,20.210535,12,coe2_bonus_v1
93,2018,20.104728,0.0,20.104728,12,coe2_bonus_v1
95,2018,19.985369,0.0,19.985369,12,coe2_bonus_v1
65,2018,19.340832,0.0,19.340832,13,coe2_bonus_v1
89,2018,19.33845,0.0,19.33845,11,coe2_bonus_v1
73,2018,19.294533,0.0,19.294533,13,coe2_bonus_v1
32,2018,19.201742,0.0,19.201742,12,coe2_bonus_v1
116,2018,19.159919,0.0,19.159919,12,coe2_bonus_v1
5,2018,19.119863,0.0,19.119863,12,coe2_bonus_v1
85,2018,18.996037,0.0,18.996037,12,coe2_bonus_v1
40,2018,18.943187,0.0,18.943187,12,coe2_bonus_v1
48,2018,18.832963,0.0,18.832963,12,coe2_bonus_v1
76,2018,18.747289,0.0,18.747289,13,coe2_bonus_v1
47,2018,18.610416,0.0,18.610416,12,coe2_bonus_v1
57,2018,18.495044,0.0,18.495044,12,coe2_bonus_v1
54,2018,18.351149,0.0,18.351149,12,coe2_bonus_v1
134,2018,18.180077,0.0,18.180077,12,coe2_bonus_v1
37,2018,18.150847,0.0,18.150847,12,coe2_bonus_v1
43,2018,17.979689,0.0,17.979689,11,coe2_bonus_v1
70,2018,17.94096,0.0,17.94096,13,coe2_bonus_v1
18,2018,17.911888,0.0,17.911888,12,coe2_bonus_v1
49,2018,17.876081,0.0,17.876081,13,coe2_bonus_v1
50,2018,17.861173,0.0,17.861173,13,coe2_bonus_v1
11,2018,17.55129,0.0,17.55129,12,coe2_bonus_v1
94,2018,17.411215,0.0,17.411215,12,coe2_bonus_v1
88,2018,17.383948,0.0,17.383948,13,coe2_bonus_v1
82,2018,17.303872,0.0,17.303872,12,coe2_bonus_v1
33,2018,17.206563,0.0,17.206563,12,coe2_bonus_v1
124,2018,16.880643,0.0,16.880643,12,coe2_bonus_v1
106,2018,16.77371,0.0,16.77371,11,coe2_bonus_v1
127,2018,15.901258,0.0,15.901258,12,coe2_bonus_v1
128,2018,15.709308,0.0,15.709308,12,coe2_bonus_v1
38,2018,15.583373,0.0,15.583373,12,coe2_bonus_v1
90,2018,15.579367,0.0,15.579367,12,coe2_bonus_v1
80,2018,15.518927,0.0,15.518927,12,coe2_bonus_v1
122,2018,15.355858,0.0,15.355858,11,coe2_bonus_v1
92,2018,15.051303,0.0,15.051303,12,coe2_bonus_v1
58,2018,14.758063,0.0,14.758063,11,coe2_bonus_v1
68,2018,14.538682,0.0,14.538682,10,coe2_bonus_v1
137,2018,14.352033,0.0,14.352033,12,coe2_bonus_v1
24,2018,14.155736,0.0,14.155736,11,coe2_bonus_v1
103,2018,13.8917,0.0,13.8917,11,coe2_bonus_v1
131,2018,13.762057,0.0,13.762057,12,coe2_bonus_v1
42,2018,13.376348,0.0,13.376348,11,coe2_bonus_v1
101,2018,12.780408,0.0,12.780408,11,coe2_bonus_v1
72,2018,12.626785,0.0,12.626785,12,coe2_bonus_v1
39,2018,12.545506,0.0,12.545506,11,coe2_bonus_v1
130,2018,12.022665,0.0,12.022665,11,coe2_bonus_v1
22,2018,11.964152,0.0,11.964152,11,coe2_bonus_v1
7,2018,11.848577,0.0,11.848577,12,coe2_bonus_v1
15,2018,11.770524,0.0,11.770524,11,coe2_bonus_v1
30,2018,11.473317,0.0,11.473317,11,coe2_bonus_v1
126,2018,11.348421,0.0,11.348421,11,coe2_bonus_v1
135,2018,10.710326,0.0,10.710326,11,coe2_bonus_v1
25,2018,10.612248,0.0,10.612248,11,coe2_bonus_v1
60,2018,10.479938,0.0,10.479938,11,coe2_bonus_v1
98,2018,10.421245,0.0,10.421245,10,coe2_bonus_v1
31,2018,10.363884,0.0,10.363884,11,coe2_bonus_v1
29,2018,10.331838,0.0,10.331838,11,coe2_bonus_v1
14,2018,9.891865,0.0,9.891865,11,coe2_bonus_v1
8,2018,9.634121,0.0,9.634121,12,coe2_bonus_v1
81,2018,9.403674,0.0,9.403674,11,coe2_bonus_v1
23,2018,9.182926,0.0,9.182926,11,coe2_bonus_v1
113,2018,9.18014,0.0,9.18014,11,coe2_bonus_v1
74,2018,8.980303,0.0,8.980303,11,coe2_bonus_v1
119,2018,8.845107,0.0,8.845107,11,coe2_bonus_v1
100,2018,8.346291,0.0,8.346291,11,coe2_bonus_v1
44,2018,7.598927,0.0,7.598927,12,coe2_bonus_v1
110,2018,6.942458,0.0,6.942458,12,coe2_bonus_v1
83,2018,6.716294,0.0,6.716294,11,coe2_bonus_v1
45,2018,6.369921,0.0,6.369921,11,coe2_bonus_v1
26,2018,6.305221,0.0,6.305221,10,coe2_bonus_v1
67,2018,5.843278,0.0,5.843278,11,coe2_bonus_v1
34,2018,5.655738,0.0,5.655738,11,coe2_bonus_v1
140,2018,5.505623,0.0,5.505623,10,coe2_bonus_v1
96,2018,5.37189,0.0,5.37189,10,coe2_bonus_v1
114,2018,4.260926,0.0,4.260926,11,coe2_bonus_v1
9,2018,3.845693,0.0,3.845693,11,coe2_bonus_v1
4,2018,3.792731,0.0,3.792731,11,coe2_bonus_v1
41,2018,3.583185,0.0,3.583185,12,coe2_bonus_v1
28,2018,3.27026,0.0,3.27026,11,coe2_bonus_v1
62,2018,2.917062,0.0,2.917062,11,coe2_bonus_v1
27,2018,2.728279,0.0,2.728279,9,coe2_bonus_v1
53,2018,2.715239,0.0,2.715239,11,coe2_bonus_v1
104,2018,2.528319,0.0,2.528319,12,coe2_bonus_v1
56,2018,2.406353,0.0,2.406353,11,coe2_bonus_v1
84,2018,0.0,0.0,0.0,11,coe2_bonus_v1
107,2018,0.0,0.0,0.0,11,coe2_bonus_v1
133,2019,35.644419,0.0,35.644419,14,coe2_bonus_v1
102,2019,30.551524,0.0,30.551524,13,coe2_bonus_v1
3,2019,30.017031,0.0,30.017031,13,coe2_bonus_v1
71,2019,29.188089,0.0,29.188089,14,coe2_bonus_v1
50,2019,28.883948,0.0,28.883948,13,coe2_bonus_v1
129,2019,28.35213,0.0,28.35213,14,coe2_bonus_v1
110,2019,28.162494,0.0,28.162494,12,coe2_bonus_v1
42,2019,27.743241,0.0,27.743241,13,coe2_bonus_v1
37,2019,27.676951,0.0,27.676951,13,coe2_bonus_v1
123,2019,27.599631,0.0,27.599631,13,coe2_bonus_v1
55,2019,27.390902,0.0,27.390902,14,coe2_bonus_v1
60,2019,27.039351,0.0,27.039351,13,coe2_bonus_v1
25,2019,26.428009,0.0,26.428009,12,coe2_bonus_v1
49,2019,26.275567,0.0,26.275567,13,coe2_bonus_v1
78,2019,26.23451,0.0,26.23451,13,coe2_bonus_v1
77,2019,26.099945,0.0,26.099945,12,coe2_bonus_v1
79,2019,26.000056,0.0,26.000056,13,coe2_bonus_v1
11,2019,25.92095,0.0,25.92095,12,coe2_bonus_v1
21,2019,25.899928,0.0,25.899928,13,coe2_bonus_v1
119,2019,25.893324,0.0,25.893324,12,coe2_bonus_v1
52,2019,25.681308,0.0,25.681308,13,coe2_bonus_v1
12,2019,25.201853,0.0,25.201853,14,coe2_bonus_v1
87,2019,25.069587,0.0,25.069587,12,coe2_bonus_v1
19,2019,24.446186,0.0,24.446186,13,coe2_bonus_v1
76,2019,24.161244,0.0,24.161244,14,coe2_bonus_v1
125,2019,23.438095,0.0,23.438095,11,coe2_bonus_v1
7,2019,23.172819,0.0,23.172819,13,coe2_bonus_v1
130,2019,22.385516,0.0,22.385516,12,coe2_bonus_v1
47,2019,22.324146,0.0,22.324146,12,coe2_bonus_v1
69,2019,22.26228,0.0,22.26228,13,coe2_bonus_v1
56,2019,22.256745,0.0,22.256745,12,coe2_bonus_v1
136,2019,22.256538,0.0,22.256538,12,coe2_bonus_v1
5,2019,21.637024,0.0,21.637024,12,coe2_bonus_v1
91,2019,21.29229,0.0,21.29229,13,coe2_bonus_v1
30,2019,21.265136,0.0,21.265136,12,coe2_bonus_v1
121,2019,21.171407,0.0,21.171407,12,coe2_bonus_v1
122,2019,20.987337,0.0,20.987337,12,coe2_bonus_v1
35,2019,20.784417,0.0,20.784417,13,coe2_bonus_v1
16,2019,20.764143,0.0,20.764143,12,coe2_bonus_v1
96,2019,20.557779,0.0,20.557779,12,coe2_bonus_v1
57,2019,20.199784,0.0,20.199784,12,coe2_bonus_v1
116,2019,20.004725,0.0,20.004725,13,coe2_bonus_v1
24,2019,19.967322,0.0,19.967322,12,coe2_bonus_v1
84,2019,19.887015,0.0,19.887015,13,coe2_bonus_v1
112,2019,19.69825,0.0,19.69825,12,coe2_bonus_v1
62,2019,19.662583,0.0,19.662583,12,coe2_bonus_v1
108,2019,19.602281,0.0,19.602281,12,coe2_bonus_v1
132,2019,19.519665,0.0,19.519665,12,coe2_bonus_v1
99,2019,19.477237,0.0,19.477237,12,coe2_bonus_v1
138,2019,19.225923,0.0,19.225923,13,coe2_bonus_v1
88,2019,19.183157,0.0,19.183157,12,coe2_bonus_v1
33,2019,19.133383,0.0,19.133383,12,coe2_bonus_v1
1,2019,19.043531,0.0,19.043531,12,coe2_bonus_v1
94,2019,18.884568,0.0,18.884568,12,coe2_bonus_v1
72,2019,18.845772,0.0,18.845772,12,coe2_bonus_v1
114,2019,18.53692,0.0,18.53692,12,coe2_bonus_v1
13,2019,18.51539,0.0,18.51539,12,coe2_bonus_v1
74,2019,18.414237,0.0,18.414237,13,coe2_bonus_v1
18,2019,17.77542,0.0,17.77542,12,coe2_bonus_v1
70,2019,17.548129,0.0,17.548129,13,coe2_bonus_v1
92,2019,17.320845,0.0,17.320845,11,coe2_bonus_v1
22,2019,17.302136,0.0,17.302136,12,coe2_bonus_v1
103,2019,17.267025,0.0,17.267025,12,coe2_bonus_v1
115,2019,17.095424,0.0,17.095424,12,coe2_bonus_v1
61,2019,17.01099,0.0,17.01099,12,coe2_bonus_v1
118,2019,16.687481,0.0,16.687481,11,coe2_bonus_v1
82,2019,16.667937,0.0,16.667937,12,coe2_bonus_v1
36,2019,16.543375,0.0,16.543375,12,coe2_bonus_v1
32,2019,16.065072,0.0,16.065072,12,coe2_bonus_v1
20,2019,15.999492,0.0,15.999492,12,coe2_bonus_v1
127,2019,15.999202,0.0,15.999202,12,coe2_bonus_v1
48,2019,15.826073,0.0,15.826073,12,coe2_bonus_v1
85,2019,15.807336,0.0,15.807336,12,coe2_bonus_v1
68,2019,15.722459,0.0,15.722459,12,coe2_bonus_v1
106,2019,15.485134,0.0,15.485134,12,coe2_bonus_v1
51,2019,14.725561,0.0,14.725561,12,coe2_bonus_v1
31,2019,14.480324,0.0,14.480324,12,coe2_bonus_v1
80,2019,14.264985,0.0,14.264985,11,coe2_bonus_v1
126,2019,14.221409,0.0,14.221409,12,coe2_bonus_v1
34,2019,13.811854,0.0,13.811854,12,coe2_bonus_v1
4,2019,13.428566,0.0,13.428566,11,coe2_bonus_v1
9,2019,13.305977,0.0,13.305977,11,coe2_bonus_v1
101,2019,13.242912,0.0,13.242912,11,coe2_bonus_v1
81,2019,13.152306,0.0,13.152306,11,coe2_bonus_v1
73,2019,13.130932,0.0,13.130932,12,coe2_bonus_v1
8,2019,12.894282,0.0,12.894282,12,coe2_bonus_v1
89,2019,12.857603,0.0,12.857603,11,coe2_bonus_v1
134,2019,12.59453,0.0,12.59453,12,coe2_bonus_v1
86,2019,12.254464,0.0,12.254464,11,coe2_bonus_v1
2,2019,12.252023,0.0,12.252023,12,coe2_bonus_v1
54,2019,12.076735,0.0,12.076735,11,coe2_bonus_v1
58,2019,12.00345,0.0,12.00345,11,coe2_bonus_v1
38,2019,11.922134,0.0,11.922134,11,coe2_bonus_v1
6,2019,11.518508,0.0,11.518508,12,coe2_bonus_v1
105,2019,11.49125,0.0,11.49125,11,coe2_bonus_v1
95,2019,11.374978,0.0,11.374978,11,coe2_bonus_v1
41,2019,10.706652,0.0,10.706652,12,coe2_bonus_v1
120,2019,10.264599,0.0,10.264599,11,coe2_bonus_v1
39,2019,9.895343,0.0,9.895343,11,coe2_bonus_v1
14,2019,9.810139,0.0,9.810139,11,coe2_bonus_v1
128,2019,9.648125,0.0,9.648125,11,coe2_bonus_v1
23,2019,9.481966,0.0,9.481966,11,coe2_bonus_v1
15,2019,8.991102,0.0,8.991102,11,coe2_bonus_v1
10,2019,8.979611,0.0,8.979611,11,coe2_bonus_v1
124,2019,8.944322,0.0,8.944322,11,coe2_bonus_v1
40,2019,8.738203,0.0,8.738203,11,coe2_bonus_v1
44,2019,8.6234,0.0,8.6234,11,coe2_bonus_v1
137,2019,8.564921,0.0,8.564921,11,coe2_bonus_v1
65,2019,8.367009,0.0,8.367009,11,coe2_bonus_v1
75,2019,7.667459,0.0,7.667459,12,coe2_bonus_v1
109,2019,7.571723,0.0,7.571723,11,coe2_bonus_v1
135,2019,7.485587,0.0,7.485587,11,coe2_bonus_v1
43,2019,7.440307,0.0,7.440307,11,coe2_bonus_v1
93,2019,7.287214,0.0,7.287214,11,coe2_bonus_v1
29,2019,7.066341,0.0,7.066341,11,coe2_bonus_v1
131,2019,6.532882,0.0,6.532882,11,coe2_bonus_v1
104,2019,6.309569,0.0,6.309569,12,coe2_bonus_v1
90,2019,6.144738,0.0,6.144738,11,coe2_bonus_v1
100,2019,6.119742,0.0,6.119742,10,coe2_bonus_v1
83,2019,6.062036,0.0,6.062036,11,coe2_bonus_v1
45,2019,5.476463,0.0,5.476463,11,coe2_bonus_v1
67,2019,4.709092,0.0,4.709092,11,coe2_bonus_v1
107,2019,3.167952,0.0,3.167952,11,coe2_bonus_v1
140,2019,2.835543,0.0,2.835543,11,coe2_bonus_v1
53,2019,2.739713,0.0,2.739713,11,coe2_bonus_v1
27,2019,2.687581,0.0,2.687581,11,coe2_bonus_v1
26,2019,2.632045,0.0,2.632045,11,coe2_bonus_v1
28,2019,0.0,0.0,0.0,11,coe2_bonus_v1
98,2019,0.0,0.0,0.0,11,coe2_bonus_v1
113,2019,0.0,0.0,0.0,12,coe2_bonus_v1
101,2020,30.109648,0.0,30.109648,11,coe2_bonus_v1
121,2020,29.390931,0.0,29.390931,13,coe2_bonus_v1
49,2020,26.213331,0.0,26.213331,11,coe2_bonus_v1
18,2020,25.593335,0.0,25.593335,11,coe2_bonus_v1
32,2020,24.396801,0.0,24.396801,12,coe2_bonus_v1
79,2020,23.853173,0.0,23.853173,12,coe2_bonus_v1
93,2020,23.555948,0.0,23.555948,12,coe2_bonus_v1
36,2020,22.95393,0.0,22.95393,10,coe2_bonus_v1
127,2020,22.4985,0.0,22.4985,11,coe2_bonus_v1
118,2020,22.105392,0.0,22.105392,9,coe2_bonus_v1
33,2020,22.076156,0.0,22.076156,11,coe2_bonus_v1
9,2020,21.680946,0.0,21.680946,8,coe2_bonus_v1
81,2020,20.772861,0.0,20.772861,8,coe2_bonus_v1
75,2020,20.586862,0.0,20.586862,9,coe2_bonus_v1
129,2020,20.30565,0.0,20.30565,11,coe2_bonus_v1
13,2020,20.120274,0.0,20.120274,9,coe2_bonus_v1
35,2020,19.876731,0.0,19.876731,10,coe2_bonus_v1
52,2020,19.804781,0.0,19.804781,10,coe2_bonus_v1
55,2020,19.487432,0.0,19.487432,9,coe2_bonus_v1
125,2020,19.42198,0.0,19.42198,12,coe2_bonus_v1
123,2020,19.313856,0.0,19.313856,10,coe2_bonus_v1
96,2020,18.874903,0.0,18.874903,11,coe2_bonus_v1
48,2020,18.739029,0.0,18.739029,12,coe2_bonus_v1
72,2020,18.620496,0.0,18.620496,8,coe2_bonus_v1
62,2020,18.501389,0.0,18.501389,10,coe2_bonus_v1
61,2020,18.423465,0.0,18.423465,12,coe2_bonus_v1
102,2020,18.370941,0.0,18.370941,11,coe2_bonus_v1
44,2020,17.686142,0.0,17.686142,11,coe2_bonus_v1
109,2020,17.082002,0.0,17.082002,9,coe2_bonus_v1
50,2020,17.014395,0.0,17.014395,10,coe2_bonus_v1
106,2020,16.850276,0.0,16.850276,11,coe2_bonus_v1
34,2020,16.814504,0.0,16.814504,9,coe2_bonus_v1
71,2020,16.541328,0.0,16.541328,8,coe2_bonus_v1
99,2020,16.411542,0.0,16.411542,9,coe2_bonus_v1
42,2020,16.244012,0.0,16.244012,9,coe2_bonus_v1
38,2020,16.217364,0.0,16.217364,10,coe2_bonus_v1
78,2020,15.873673,0.0,15.873673,8,coe2_bonus_v1
122,2020,15.626739,0.0,15.626739,11,coe2_bonus_v1
135,2020,15.462524,0.0,15.462524,10,coe2_bonus_v1
136,2020,15.185755,0.0,15.185755,10,coe2_bonus_v1
138,2020,14.882887,0.0,14.882887,8,coe2_bonus_v1
112,2020,14.728737,0.0,14.728737,7,coe2_bonus_v1
88,2020,14.654713,0.0,14.654713,10,coe2_bonus_v1
132,2020,14.566642,0.0,14.566642,11,coe2_bonus_v1
89,2020,14.316098,0.0,14.316098,9,coe2_bonus_v1
54,2020,14.040722,0.0,14.040722,10,coe2_bonus_v1
12,2020,13.768597,0.0,13.768597,9,coe2_bonus_v1
92,2020,13.236528,0.0,13.236528,11,coe2_bonus_v1
7,2020,13.169472,0.0,13.169472,6,coe2_bonus_v1
133,2020,12.99505,0.0,12.99505,10,coe2_bonus_v1
6,2020,12.738972,0.0,12.738972,6,coe2_bonus_v1
134,2020,12.607612,0.0,12.607612,11,coe2_bonus_v1
30,2020,12.334276,0.0,12.334276,10,coe2_bonus_v1
21,2020,12.282297,0.0,12.282297,7,coe2_bonus_v1
67,2020,12.155084,0.0,12.155084,11,coe2_bonus_v1
104,2020,11.918082,0.0,11.918082,9,coe2_bonus_v1
60,2020,11.532005,0.0,11.532005,9,coe2_bonus_v1
47,2020,11.274987,0.0,11.274987,9,coe2_bonus_v1
87,2020,11.225482,0.0,11.225482,9,coe2_bonus_v1
56,2020,11.142736,0.0,11.142736,11,coe2_bonus_v1
80,2020,11.125938,0.0,11.125938,6,coe2_bonus_v1
120,2020,10.964874,0.0,10.964874,10,coe2_bonus_v1
91,2020,10.948617,0.0,10.948617,9,coe2_bonus_v1
22,2020,10.691879,0.0,10.691879,6,coe2_bonus_v1
77,2020,10.543239,0.0,10.543239,7,coe2_bonus_v1
65,2020,10.514166,0.0,10.514166,9,coe2_bonus_v1
119,2020,10.513625,0.0,10.513625,11,coe2_bonus_v1
82,2020,10.483082,0.0,10.483082,6,coe2_bonus_v1
100,2020,10.325015,0.0,10.325015,9,coe2_bonus_v1
3,2020,10.264708,0.0,10.264708,7,coe2_bonus_v1
53,2020,10.172896,0.0,10.172896,10,coe2_bonus_v1
11,2020,10.025353,0.0,10.025353,8,coe2_bonus_v1
39,2020,9.717285,0.0,9.717285,9,coe2_bonus_v1
76,2020,9.619988,0.0,9.619988,7,coe2_bonus_v1
8,2020,9.541222,0.0,9.541222,7,coe2_bonus_v1
31,2020,9.492211,0.0,9.492211,8,coe2_bonus_v1
124,2020,9.331961,0.0,9.331961,10,coe2_bonus_v1
94,2020,9.329028,0.0,9.329028,8,coe2_bonus_v1
43,2020,8.981425,0.0,8.981425,9,coe2_bonus_v1
110,2020,8.85233,0.0,8.85233,10,coe2_bonus_v1
10,2020,8.843162,0.0,8.843162,6,coe2_bonus_v1
40,2020,8.596089,0.0,8.596089,8,coe2_bonus_v1
57,2020,8.541003,0.0,8.541003,10,coe2_bonus_v1
90,2020,8.499851,0.0,8.499851,5,coe2_bonus_v1
84,2020,8.479594,0.0,8.479594,6,coe2_bonus_v1
41,2020,8.120412,0.0,8.120412,5,coe2_bonus_v1
19,2020,8.010217,0.0,8.010217,5,coe2_bonus_v1
45,2020,7.933785,0.0,7.933785,12,coe2_bonus_v1
130,2020,7.857083,0.0,7.857083,10,coe2_bonus_v1
114,2020,7.291905,0.0,7.291905,4,coe2_bonus_v1
1,2020,7.185271,0.0,7.185271,4,coe2_bonus_v1
26,2020,7.056851,0.0,7.056851,7,coe2_bonus_v1
25,2020,7.016738,0.0,7.016738,6,coe2_bonus_v1
70,2020,6.970043,0.0,6.970043,7,coe2_bonus_v1
74,2020,6.790456,0.0,6.790456,8,coe2_bonus_v1
68,2020,6.725257,0.0,6.725257,9,coe2_bonus_v1
24,2020,6.689586,0.0,6.689586,6,coe2_bonus_v1
126,2020,6.608873,0.0,6.608873,8,coe2_bonus_v1
4,2020,6.589746,0.0,6.589746,7,coe2_bonus_v1
85,2020,6.577518,0.0,6.577518,6,coe2_bonus_v1
73,2020,6.401095,0.0,6.401095,6,coe2_bonus_v1
128,2020,6.209804,0.0,6.209804,10,coe2_bonus_v1
37,2020,6.111678,0.0,6.111678,9,coe2_bonus_v1
95,2020,5.861825,0.0,5.861825,11,coe2_bonus_v1
16,2020,5.474804,0.0,5.474804,4,coe2_bonus_v1
69,2020,5.36078,0.0,5.36078,6,coe2_bonus_v1
103,2020,5.29759,0.0,5.29759,6,coe2_bonus_v1
116,2020,5.080506,0.0,5.080506,3,coe2_bonus_v1
115,2020,4.335931,0.0,4.335931,3,coe2_bonus_v1
5,2020,3.696647,0.0,3.696647,4,coe2_bonus_v1
28,2020,3.477966,0.0,3.477966,6,coe2_bonus_v1
23,2020,3.313396,0.0,3.313396,4,coe2_bonus_v1
113,2020,3.275086,0.0,3.275086,6,coe2_bonus_v1
105,2020,3.037632,0.0,3.037632,11,coe2_bonus_v1
2,2020,2.851329,0.0,2.851329,4,coe2_bonus_v1
20,2020,2.708541,0.0,2.708541,6,coe2_bonus_v1
108,2020,2.38019,0.0,2.38019,7,coe2_bonus_v1
14,2020,0.0,0.0,0.0,6,coe2_bonus_v1
15,2020,0.0,0.0,0.0,5,coe2_bonus_v1
29,2020,0.0,0.0,0.0,9,coe2_bonus_v1
51,2020,0.0,0.0,0.0,4,coe2_bonus_v1
58,2020,0.0,0.0,0.0,10,coe2_bonus_v1
83,2020,0.0,0.0,0.0,5,coe2_bonus_v1
86,2020,0.0,0.0,0.0,6,coe2_bonus_v1
131,2020,0.0,0.0,0.0,9,coe2_bonus_v1
137,2020,0.0,0.0,0.0,8,coe2_bonus_v1
140,2020,0.0,0.0,0.0,4,coe2_bonus_v1
37,2021,32.605607,0.0,32.605607,13,coe2_bonus_v1
69,2021,32.039509,0.0,32.039509,14,coe2_bonus_v1
123,2021,31.487585,0.0,31.487585,14,coe2_bonus_v1
20,2021,30.832842,0.0,30.832842,13,coe2_bonus_v1
44,2021,29.561711,0.0,29.561711,13,coe2_bonus_v1
33,2021,29.441362,0.0,29.441362,13,coe2_bonus_v1
11,2021,29.347897,0.0,29.347897,13,coe2_bonus_v1
49,2021,29.143751,0.0,29.143751,13,coe2_bonus_v1
70,2021,28.948815,0.0,28.948815,12,coe2_bonus_v1
94,2021,28.402218,0.0,28.402218,13,coe2_bonus_v1
40,2021,28.287439,0.0,28.287439,13,coe2_bonus_v1
55,2021,27.915713,0.0,27.915713,13,coe2_bonus_v1
88,2021,27.247311,0.0,27.247311,13,coe2_bonus_v1
121,2021,26.252502,0.0,26.252502,14,coe2_bonus_v1
79,2021,25.765651,0.0,25.765651,13,coe2_bonus_v1
135,2021,25.72076,0.0,25.72076,12,coe2_bonus_v1
73,2021,25.687681,0.0,25.687681,13,coe2_bonus_v1
77,2021,25.629191,0.0,25.629191,13,coe2_bonus_v1
78,2021,25.325999,0.0,25.325999,14,coe2_bonus_v1
86,2021,25.094103,0.0,25.094103,13,coe2_bonus_v1
25,2021,24.967231,0.0,24.967231,12,coe2_bonus_v1
71,2021,24.756498,0.0,24.756498,13,coe2_bonus_v1
19,2021,24.526768,0.0,24.526768,13,coe2_bonus_v1
10,2021,24.215318,0.0,24.215318,12,coe2_bonus_v1
84,2021,24.177767,0.0,24.177767,12,coe2_bonus_v1
53,2021,24.086094,0.0,24.086094,12,coe2_bonus_v1
3,2021,23.793413,0.0,23.793413,13,coe2_bonus_v1
132,2021,23.544568,0.0,23.544568,12,coe2_bonus_v1
8,2021,23.313004,0.0,23.313004,12,coe2_bonus_v1
101,2021,23.276246,0.0,23.276246,12,coe2_bonus_v1
52,2021,22.441097,0.0,22.441097,12,coe2_bonus_v1
18,2021,21.828848,0.0,21.828848,12,coe2_bonus_v1
102,2021,21.791889,0.0,21.791889,13,coe2_bonus_v1
138,2021,21.71824,0.0,21.71824,12,coe2_bonus_v1
76,2021,21.661831,0.0,21.661831,13,coe2_bonus_v1
109,2021,21.640024,0.0,21.640024,12,coe2_bonus_v1
119,2021,21.27858,0.0,21.27858,13,coe2_bonus_v1
129,2021,21.256225,0.0,21.256225,12,coe2_bonus_v1
93,2021,21.074571,0.0,21.074571,11,coe2_bonus_v1
62,2021,20.847541,0.0,20.847541,13,coe2_bonus_v1
136,2021,20.779717,0.0,20.779717,12,coe2_bonus_v1
13,2021,20.244091,0.0,20.244091,12,coe2_bonus_v1
82,2021,20.129449,0.0,20.129449,12,coe2_bonus_v1
30,2021,19.848149,0.0,19.848149,12,coe2_bonus_v1
34,2021,19.733004,0.0,19.733004,12,coe2_bonus_v1
4,2021,19.496621,0.0,19.496621,12,coe2_bonus_v1
21,2021,19.151494,0.0,19.151494,12,coe2_bonus_v1
42,2021,18.82512,0.0,18.82512,11,coe2_bonus_v1
128,2021,18.491847,0.0,18.491847,12,coe2_bonus_v1
100,2021,18.489431,0.0,18.489431,11,coe2_bonus_v1
85,2021,18.450685,0.0,18.450685,12,coe2_bonus_v1
2,2021,18.347366,0.0,18.347366,12,coe2_bonus_v1
16,2021,18.209638,0.0,18.209638,12,coe2_bonus_v1
90,2021,18.082966,0.0,18.082966,12,coe2_bonus_v1
39,2021,18.013541,0.0,18.013541,12,coe2_bonus_v1
116,2021,17.787374,0.0,17.787374,12,coe2_bonus_v1
80,2021,17.738651,0.0,17.738651,12,coe2_bonus_v1
87,2021,17.609028,0.0,17.609028,12,coe2_bonus_v1
118,2021,17.6006,0.0,17.6006,12,coe2_bonus_v1
65,2021,17.427327,0.0,17.427327,12,coe2_bonus_v1
36,2021,17.421402,0.0,17.421402,11,coe2_bonus_v1
127,2021,17.185478,0.0,17.185478,11,coe2_bonus_v1
24,2021,17.176109,0.0,17.176109,12,coe2_bonus_v1
134,2021,17.093014,0.0,17.093014,12,coe2_bonus_v1
28,2021,17.00395,0.0,17.00395,12,coe2_bonus_v1
130,2021,16.547861,0.0,16.547861,12,coe2_bonus_v1
74,2021,16.418895,0.0,16.418895,12,coe2_bonus_v1
98,2021,16.301234,0.0,16.301234,12,coe2_bonus_v1
99,2021,16.044011,0.0,16.044011,12,coe2_bonus_v1
126,2021,15.746667,0.0,15.746667,11,coe2_bonus_v1
114,2021,15.574834,0.0,15.574834,13,coe2_bonus_v1
32,2021,15.353564,0.0,15.353564,12,coe2_bonus_v1
54,2021,15.307147,0.0,15.307147,12,coe2_bonus_v1
89,2021,15.210236,0.0,15.210236,12,coe2_bonus_v1
81,2021,15.116869,0.0,15.116869,12,coe2_bonus_v1
12,2021,15.088451,0.0,15.088451,12,coe2_bonus_v1
133,2021,14.991717,0.0,14.991717,12,coe2_bonus_v1
43,2021,14.906817,0.0,14.906817,12,coe2_bonus_v1
35,2021,14.837602,0.0,14.837602,12,coe2_bonus_v1
50,2021,14.793134,0.0,14.793134,11,coe2_bonus_v1
105,2021,14.533284,0.0,14.533284,11,coe2_bonus_v1
92,2021,14.383077,0.0,14.383077,12,coe2_bonus_v1
122,2021,14.327969,0.0,14.327969,12,coe2_bonus_v1
56,2021,14.290941,0.0,14.290941,12,coe2_bonus_v1
96,2021,14.274901,0.0,14.274901,12,coe2_bonus_v1
91,2021,13.830474,0.0,13.830474,11,coe2_bonus_v1
67,2021,13.58563,0.0,13.58563,11,coe2_bonus_v1
5,2021,13.431608,0.0,13.431608,11,coe2_bonus_v1
106,2021,13.412388,0.0,13.412388,11,coe2_bonus_v1
110,2021,13.382466,0.0,13.382466,12,coe2_bonus_v1
104,2021,12.673403,0.0,12.673403,12,coe2_bonus_v1
125,2021,12.664688,0.0,12.664688,12,coe2_bonus_v1
45,2021,12.235631,0.0,12.235631,11,coe2_bonus_v1
103,2021,11.60281,0.0,11.60281,11,coe2_bonus_v1
41,2021,11.535267,0.0,11.535267,11,coe2_bonus_v1
9,2021,11.245505,0.0,11.245505,11,coe2_bonus_v1
83,2021,11.121554,0.0,11.121554,11,coe2_bonus_v1
120,2021,11.034014,0.0,11.034014,11,coe2_bonus_v1
60,2021,10.817879,0.0,10.817879,11,coe2_bonus_v1
58,2021,10.815854,0.0,10.815854,11,coe2_bonus_v1
38,2021,10.769869,0.0,10.769869,11,coe2_bonus_v1
1,2021,10.264854,0.0,10.264854,11,coe2_bonus_v1
7,2021,10.038696,0.0,10.038696,12,coe2_bonus_v1
22,2021,9.565589,0.0,9.565589,11,coe2_bonus_v1
6,2021,9.507132,0.0,9.507132,12,coe2_bonus_v1
115,2021,8.889647,0.0,8.889647,11,coe2_bonus_v1
23,2021,8.789786,0.0,8.789786,11,coe2_bonus_v1
112,2021,8.531029,0.0,8.531029,11,coe2_bonus_v1
31,2021,6.897235,0.0,6.897235,11,coe2_bonus_v1
124,2021,6.802516,0.0,6.802516,11,coe2_bonus_v1
108,2021,6.463169,0.0,6.463169,11,coe2_bonus_v1
14,2021,6.455257,0.0,6.455257,11,coe2_bonus_v1
26,2021,6.088002,0.0,6.088002,11,coe2_bonus_v1
131,2021,6.00146,0.0,6.00146,11,coe2_bonus_v1
68,2021,5.90233,0.0,5.90233,11,coe2_bonus_v1
47,2021,5.791987,0.0,5.791987,11,coe2_bonus_v1
61,2021,5.689329,0.0,5.689329,11,coe2_bonus_v1
95,2021,5.623781,0.0,5.623781,11,coe2_bonus_v1
75,2021,5.126218,0.0,5.126218,11,coe2_bonus_v1
29,2021,3.888802,0.0,3.888802,11,coe2_bonus_v1
48,2021,3.629947,0.0,3.629947,11,coe2_bonus_v1
15,2021,3.467636,0.0,3.467636,11,coe2_bonus_v1
113,2021,3.42446,0.0,3.42446,11,coe2_bonus_v1
57,2021,3.217214,0.0,3.217214,11,coe2_bonus_v1
137,2021,2.945774,0.0,2.945774,11,coe2_bonus_v1
27,2021,2.906895,0.0,2.906895,11,coe2_bonus_v1
140,2021,2.89113,0.0,2.89113,10,coe2_bonus_v1
72,2021,2.777038,0.0,2.777038,11,coe2_bonus_v1
51,2021,1.0,0.0,1.0,11,coe2_bonus_v1
107,2021,0.0,0.0,0.0,10,coe2_bonus_v1
38,2022,35.08796,0.0,35.08796,14,coe2_bonus_v1
48,2022,33.315135,0.0,33.315135,13,coe2_bonus_v1
123,2022,30.71086,0.0,30.71086,14,coe2_bonus_v1
69,2022,30.354856,0.0,30.354856,14,coe2_bonus_v1
120,2022,30.186417,0.0,30.186417,13,coe2_bonus_v1
7,2022,30.120639,0.0,30.120639,14,coe2_bonus_v1
1,2022,29.151708,0.0,29.151708,12,coe2_bonus_v1
87,2022,29.019897,0.0,29.019897,13,coe2_bonus_v1
130,2022,27.213707,0.0,27.213707,12,coe2_bonus_v1
115,2022,26.919371,0.0,26.919371,13,coe2_bonus_v1
30,2022,25.955883,0.0,25.955883,13,coe2_bonus_v1
44,2022,25.585649,0.0,25.585649,13,coe2_bonus_v1
95,2022,25.449757,0.0,25.449757,12,coe2_bonus_v1
96,2022,25.255809,0.0,25.255809,13,coe2_bonus_v1
133,2022,24.862133,0.0,24.862133,13,coe2_bonus_v1
4,2022,24.644215,0.0,24.644215,12,coe2_bonus_v1
67,2022,24.503726,0.0,24.503726,12,coe2_bonus_v1
126,2022,24.363254,0.0,24.363254,12,coe2_bonus_v1
71,2022,24.059589,0.0,24.059589,13,coe2_bonus_v1
85,2022,23.834876,0.0,23.834876,12,coe2_bonus_v1
10,2022,23.819169,0.0,23.819169,13,coe2_bonus_v1
129,2022,23.155162,0.0,23.155162,13,coe2_bonus_v1
40,2022,23.134277,0.0,23.134277,13,coe2_bonus_v1
121,2022,22.940837,0.0,22.940837,12,coe2_bonus_v1
21,2022,22.801979,0.0,22.801979,13,coe2_bonus_v1
79,2022,22.796527,0.0,22.796527,13,coe2_bonus_v1
35,2022,22.758341,0.0,22.758341,13,coe2_bonus_v1
119,2022,22.533929,0.0,22.533929,13,coe2_bonus_v1
25,2022,22.503289,0.0,22.503289,12,coe2_bonus_v1
3,2022,22.381895,0.0,22.381895,12,coe2_bonus_v1
128,2022,22.094793,0.0,22.094793,12,coe2_bonus_v1
56,2022,21.644891,0.0,21.644891,12,coe2_bonus_v1
19,2022,21.570434,0.0,21.570434,13,coe2_bonus_v1
80,2022,21.505752,0.0,21.505752,13,coe2_bonus_v1
88,2022,21.392764,0.0,21.392764,12,coe2_bonus_v1
65,2022,21.340042,0.0,21.340042,11,coe2_bonus_v1
134,2022,21.300246,0.0,21.300246,12,coe2_bonus_v1
100,2022,21.136433,0.0,21.136433,12,coe2_bonus_v1
136,2022,20.84062,0.0,20.84062,13,coe2_bonus_v1
112,2022,20.519846,0.0,20.519846,12,coe2_bonus_v1
18,2022,20.462197,0.0,20.462197,12,coe2_bonus_v1
101,2022,20.377757,0.0,20.377757,11,coe2_bonus_v1
39,2022,20.335094,0.0,20.335094,12,coe2_bonus_v1
90,2022,20.159459,0.0,20.159459,13,coe2_bonus_v1
8,2022,20.121225,0.0,20.121225,12,coe2_bonus_v1
77,2022,19.863212,0.0,19.863212,12,coe2_bonus_v1
78,2022,19.720913,0.0,19.720913,12,coe2_bonus_v1
68,2022,19.477796,0.0,19.477796,12,coe2_bonus_v1
94,2022,19.467097,0.0,19.467097,12,coe2_bonus_v1
73,2022,19.348326,0.0,19.348326,13,coe2_bonus_v1
118,2022,19.089279,0.0,19.089279,12,coe2_bonus_v1
74,2022,18.931534,0.0,18.931534,12,coe2_bonus_v1
83,2022,18.822389,0.0,18.822389,12,coe2_bonus_v1
29,2022,18.538994,0.0,18.538994,12,coe2_bonus_v1
24,2022,18.461179,0.0,18.461179,12,coe2_bonus_v1
55,2022,18.195927,0.0,18.195927,12,coe2_bonus_v1
135,2022,18.117589,0.0,18.117589,12,coe2_bonus_v1
93,2022,18.045489,0.0,18.045489,12,coe2_bonus_v1
105,2022,17.873022,0.0,17.873022,12,coe2_bonus_v1
99,2022,17.394333,0.0,17.394333,10,coe2_bonus_v1
53,2022,17.24569,0.0,17.24569,12,coe2_bonus_v1
42,2022,17.196255,0.0,17.196255,12,coe2_bonus_v1
50,2022,17.150688,0.0,17.150688,12,coe2_bonus_v1
76,2022,17.04826,0.0,17.04826,12,coe2_bonus_v1
43,2022,16.925162,0.0,16.925162,13,coe2_bonus_v1
2,2022,16.746369,0.0,16.746369,12,coe2_bonus_v1
107,2022,16.488123,0.0,16.488123,12,coe2_bonus_v1
11,2022,16.339103,0.0,16.339103,12,coe2_bonus_v1
138,2022,16.239035,0.0,16.239035,12,coe2_bonus_v1
27,2022,16.160661,0.0,16.160661,11,coe2_bonus_v1
33,2022,16.055136,0.0,16.055136,12,coe2_bonus_v1
132,2022,15.912089,0.0,15.912089,12,coe2_bonus_v1
52,2022,15.745963,0.0,15.745963,13,coe2_bonus_v1
9,2022,15.738393,0.0,15.738393,11,coe2_bonus_v1
20,2022,15.506806,0.0,15.506806,12,coe2_bonus_v1
70,2022,14.930011,0.0,14.930011,12,coe2_bonus_v1
89,2022,14.797489,0.0,14.797489,11,coe2_bonus_v1
54,2022,14.696502,0.0,14.696502,12,coe2_bonus_v1
116,2022,14.475215,0.0,14.475215,12,coe2_bonus_v1
28,2022,14.367265,0.0,14.367265,12,coe2_bonus_v1
125,2022,14.351859,0.0,14.351859,12,coe2_bonus_v1
37,2022,14.210511,0.0,14.210511,12,coe2_bonus_v1
131,2022,14.033511,0.0,14.033511,11,coe2_bonus_v1
124,2022,13.961446,0.0,13.961446,11,coe2_bonus_v1
49,2022,13.752304,0.0,13.752304,12,coe2_bonus_v1
41,2022,13.290892,0.0,13.290892,12,coe2_bonus_v1
110,2022,13.226161,0.0,13.226161,11,coe2_bonus_v1
60,2022,12.897037,0.0,12.897037,11,coe2_bonus_v1
82,2022,12.823241,0.0,12.823241,11,coe2_bonus_v1
15,2022,12.807412,0.0,12.807412,11,coe2_bonus_v1
61,2022,12.639172,0.0,12.639172,11,coe2_bonus_v1
34,2022,12.414888,0.0,12.414888,11,coe2_bonus_v1
102,2022,12.169181,0.0,12.169181,9,coe2_bonus_v1
109,2022,12.128663,0.0,12.128663,10,coe2_bonus_v1
62,2022,12.106832,0.0,12.106832,11,coe2_bonus_v1
114,2022,12.068873,0.0,12.068873,11,coe2_bonus_v1
81,2022,11.894866,0.0,11.894866,11,coe2_bonus_v1
122,2022,11.758276,0.0,11.758276,11,coe2_bonus_v1
14,2022,11.625404,0.0,11.625404,11,coe2_bonus_v1
36,2022,11.445942,0.0,11.445942,11,coe2_bonus_v1
72,2022,10.650477,0.0,10.650477,11,coe2_bonus_v1
127,2022,10.610643,0.0,10.610643,11,coe2_bonus_v1
58,2022,10.47475,0.0,10.47475,11,coe2_bonus_v1
103,2022,10.143101,0.0,10.143101,11,coe2_bonus_v1
31,2022,10.068831,0.0,10.068831,11,coe2_bonus_v1
98,2022,9.870384,0.0,9.870384,11,coe2_bonus_v1
51,2022,9.828617,0.0,9.828617,11,coe2_bonus_v1
5,2022,9.604331,0.0,9.604331,11,coe2_bonus_v1
84,2022,8.904195,0.0,8.904195,11,coe2_bonus_v1
23,2022,8.774164,0.0,8.774164,11,coe2_bonus_v1
45,2022,8.676456,0.0,8.676456,10,coe2_bonus_v1
47,2022,8.656239,0.0,8.656239,11,coe2_bonus_v1
104,2022,8.234438,0.0,8.234438,11,coe2_bonus_v1
32,2022,8.147768,0.0,8.147768,11,coe2_bonus_v1
86,2022,7.533356,0.0,7.533356,11,coe2_bonus_v1
106,2022,7.148149,0.0,7.148149,11,coe2_bonus_v1
6,2022,6.911554,0.0,6.911554,11,coe2_bonus_v1
108,2022,6.759259,0.0,6.759259,11,coe2_bonus_v1
91,2022,6.608282,0.0,6.608282,9,coe2_bonus_v1
92,2022,6.452506,0.0,6.452506,10,coe2_bonus_v1
12,2022,6.062461,0.0,6.062461,12,coe2_bonus_v1
16,2022,5.960627,0.0,5.960627,11,coe2_bonus_v1
57,2022,5.342853,0.0,5.342853,10,coe2_bonus_v1
13,2022,4.941886,0.0,4.941886,11,coe2_bonus_v1
113,2022,3.622309,0.0,3.622309,11,coe2_bonus_v1
22,2022,3.317044,0.0,3.317044,12,coe2_bonus_v1
26,2022,3.308802,0.0,3.308802,11,coe2_bonus_v1
75,2022,3.23464,0.0,3.23464,11,coe2_bonus_v1
137,2022,0.0,0.0,0.0,11,coe2_bonus_v1
140,2022,0.0,0.0,0.0,11,coe2_bonus_v1
69,2023,36.355209,0.0,36.355209,15,coe2_bonus_v1
1,2023,34.800688,0.0,34.800688,15,coe2_bonus_v1
126,2023,30.53244,0.0,30.53244,13,coe2_bonus_v1
35,2023,30.064639,0.0,30.064639,14,coe2_bonus_v1
116,2023,29.586204,0.0,29.586204,13,coe2_bonus_v1
15,2023,28.000789,0.0,28.000789,12,coe2_bonus_v1
54,2023,27.984036,0.0,27.984036,12,coe2_bonus_v1
135,2023,27.701719,0.0,27.701719,12,coe2_bonus_v1
121,2023,27.124164,0.0,27.124164,13,coe2_bonus_v1
118,2023,26.912464,0.0,26.912464,12,coe2_bonus_v1
97,2023,26.33406,0.0,26.33406,12,coe2_bonus_v1
3,2023,26.207635,0.0,26.207635,13,coe2_bonus_v1
78,2023,26.09021,0.0,26.09021,14,coe2_bonus_v1
42,2023,25.634894,0.0,25.634894,13,coe2_bonus_v1
33,2023,25.613477,0.0,25.613477,13,coe2_bonus_v1
120,2023,25.572625,0.0,25.572625,13,coe2_bonus_v1
123,2023,25.410478,0.0,25.410478,13,coe2_bonus_v1
48,2023,24.981911,0.0,24.981911,13,coe2_bonus_v1
52,2023,24.848122,0.0,24.848122,13,coe2_bonus_v1
29,2023,24.14568,0.0,24.14568,12,coe2_bonus_v1
80,2023,23.938623,0.0,23.938623,13,coe2_bonus_v1
102,2023,23.894763,0.0,23.894763,13,coe2_bonus_v1
50,2023,23.723424,0.0,23.723424,12,coe2_bonus_v1
75,2023,23.54462,0.0,23.54462,12,coe2_bonus_v1
93,2023,23.542886,0.0,23.542886,12,coe2_bonus_v1
89,2023,23.399424,0.0,23.399424,12,coe2_bonus_v1
56,2023,22.997389,0.0,22.997389,13,coe2_bonus_v1
71,2023,22.791571,0.0,22.791571,12,coe2_bonus_v1
24,2023,22.787111,0.0,22.787111,12,coe2_bonus_v1
14,2023,22.500758,0.0,22.500758,13,coe2_bonus_v1
115,2023,22.425263,0.0,22.425263,12,coe2_bonus_v1
86,2023,21.690272,0.0,21.690272,12,coe2_bonus_v1
44,2023,21.56405,0.0,21.56405,13,coe2_bonus_v1
95,2023,21.551939,0.0,21.551939,12,coe2_bonus_v1
129,2023,21.533678,0.0,21.533678,12,coe2_bonus_v1
30,2023,21.486886,0.0,21.486886,12,coe2_bonus_v1
79,2023,21.207703,0.0,21.207703,12,coe2_bonus_v1
133,2023,20.923835,0.0,20.923835,12,coe2_bonus_v1
45,2023,20.857824,0.0,20.857824,12,coe2_bonus_v1
27,2023,20.823677,0.0,20.823677,12,coe2_bonus_v1
10,2023,20.788848,0.0,20.788848,12,coe2_bonus_v1
87,2023,20.757235,0.0,20.757235,12,coe2_bonus_v1
92,2023,20.363593,0.0,20.363593,13,coe2_bonus_v1
7,2023,20.110625,0.0,20.110625,13,coe2_bonus_v1
106,2023,20.089611,0.0,20.089611,12,coe2_bonus_v1
8,2023,20.056688,0.0,20.056688,12,coe2_bonus_v1
130,2023,19.880196,0.0,19.880196,12,coe2_bonus_v1
96,2023,19.683656,0.0,19.683656,12,coe2_bonus_v1
124,2023,19.670723,0.0,19.670723,12,coe2_bonus_v1
32,2023,18.899264,0.0,18.899264,12,coe2_bonus_v1
137,2023,18.546878,0.0,18.546878,12,coe2_bonus_v1
90,2023,18.507496,0.0,18.507496,12,coe2_bonus_v1
39,2023,18.388128,0.0,18.388128,12,coe2_bonus_v1
76,2023,18.218743,0.0,18.218743,13,coe2_bonus_v1
62,2023,17.985396,0.0,17.985396,12,coe2_bonus_v1
21,2023,17.910147,0.0,17.910147,13,coe2_bonus_v1
104,2023,17.734621,0.0,17.734621,12,coe2_bonus_v1
101,2023,17.691584,0.0,17.691584,11,coe2_bonus_v1
25,2023,17.496142,0.0,17.496142,11,coe2_bonus_v1
83,2023,17.466083,0.0,17.466083,12,coe2_bonus_v1
4,2023,17.28531,0.0,17.28531,12,coe2_bonus_v1
77,2023,17.191115,0.0,17.191115,13,coe2_bonus_v1
98,2023,16.985874,0.0,16.985874,12,coe2_bonus_v1
19,2023,16.938125,0.0,16.938125,12,coe2_bonus_v1
127,2023,16.937212,0.0,16.937212,12,coe2_bonus_v1
132,2023,16.548933,0.0,16.548933,12,coe2_bonus_v1
67,2023,16.503183,0.0,16.503183,12,coe2_bonus_v1
9,2023,16.433097,0.0,16.433097,12,coe2_bonus_v1
41,2023,15.834639,0.0,15.834639,12,coe2_bonus_v1
5,2023,15.683998,0.0,15.683998,12,coe2_bonus_v1
57,2023,15.586133,0.0,15.586133,12,coe2_bonus_v1
119,2023,15.529621,0.0,15.529621,10,coe2_bonus_v1
105,2023,15.378336,0.0,15.378336,12,coe2_bonus_v1
49,2023,15.270554,0.0,15.270554,11,coe2_bonus_v1
31,2023,14.882335,0.0,14.882335,12,coe2_bonus_v1
36,2023,14.773788,0.0,14.773788,12,coe2_bonus_v1
136,2023,14.649612,0.0,14.649612,12,coe2_bonus_v1
74,2023,14.501835,0.0,14.501835,12,coe2_bonus_v1
109,2023,13.96867,0.0,13.96867,10,coe2_bonus_v1
61,2023,13.890397,0.0,13.890397,12,coe2_bonus_v1
20,2023,13.711667,0.0,13.711667,12,coe2_bonus_v1
122,2023,13.502639,0.0,13.502639,12,coe2_bonus_v1
85,2023,13.44274,0.0,13.44274,11,coe2_bonus_v1
23,2023,13.369168,0.0,13.369168,11,coe2_bonus_v1
22,2023,13.170533,0.0,13.170533,12,coe2_bonus_v1
12,2023,13.144388,0.0,13.144388,12,coe2_bonus_v1
99,2023,13.064199,0.0,13.064199,12,coe2_bonus_v1
43,2023,12.337687,0.0,12.337687,11,coe2_bonus_v1
2,2023,12.094866,0.0,12.094866,11,coe2_bonus_v1
84,2023,12.011692,0.0,12.011692,11,coe2_bonus_v1
125,2023,11.729487,0.0,11.729487,11,coe2_bonus_v1
110,2023,11.710769,0.0,11.710769,11,coe2_bonus_v1
73,2023,11.084819,0.0,11.084819,12,coe2_bonus_v1
26,2023,10.981311,0.0,10.981311,11,coe2_bonus_v1
18,2023,10.633764,0.0,10.633764,10,coe2_bonus_v1
38,2023,10.150471,0.0,10.150471,11,coe2_bonus_v1
134,2023,10.127346,0.0,10.127346,11,coe2_bonus_v1
40,2023,10.119866,0.0,10.119866,11,coe2_bonus_v1
6,2023,9.937256,0.0,9.937256,11,coe2_bonus_v1
11,2023,9.841477,0.0,9.841477,11,coe2_bonus_v1
60,2023,9.672355,0.0,9.672355,11,coe2_bonus_v1
34,2023,9.389472,0.0,9.389472,11,coe2_bonus_v1
81,2023,9.012194,0.0,9.012194,11,coe2_bonus_v1
82,2023,8.734999,0.0,8.734999,11,coe2_bonus_v1
138,2023,8.489448,0.0,8.489448,11,coe2_bonus_v1
112,2023,8.469387,0.0,8.469387,11,coe2_bonus_v1
140,2023,8.439513,0.0,8.439513,11,coe2_bonus_v1
128,2023,8.433198,0.0,8.433198,10,coe2_bonus_v1
70,2023,8.404374,0.0,8.404374,11,coe2_bonus_v1
53,2023,8.16898,0.0,8.16898,11,coe2_bonus_v1
91,2023,8.039225,0.0,8.039225,11,coe2_bonus_v1
94,2023,7.971345,0.0,7.971345,11,coe2_bonus_v1
65,2023,7.91836,0.0,7.91836,9,coe2_bonus_v1
37,2023,7.890416,0.0,7.890416,11,coe2_bonus_v1
55,2023,7.845741,0.0,7.845741,11,coe2_bonus_v1
103,2023,7.511887,0.0,7.511887,11,coe2_bonus_v1
72,2023,7.219769,0.0,7.219769,11,coe2_bonus_v1
16,2023,7.116591,0.0,7.116591,11,coe2_bonus_v1
107,2023,6.719649,0.0,6.719649,11,coe2_bonus_v1
51,2023,6.381926,0.0,6.381926,9,coe2_bonus_v1
108,2023,6.333864,0.0,6.333864,11,coe2_bonus_v1
88,2023,6.29875,0.0,6.29875,11,coe2_bonus_v1
13,2023,6.255783,0.0,6.255783,11,coe2_bonus_v1
68,2023,6.230012,0.0,6.230012,11,coe2_bonus_v1
113,2023,6.196144,0.0,6.196144,11,coe2_bonus_v1
47,2023,5.636417,0.0,5.636417,9,coe2_bonus_v1
100,2023,3.442191,0.0,3.442191,11,coe2_bonus_v1
28,2023,3.380549,0.0,3.380549,9,coe2_bonus_v1
58,2023,3.235075,0.0,3.235075,11,coe2_bonus_v1
131,2023,2.427893,0.0,2.427893,11,coe2_bonus_v1
63,2023,0.0,0.0,0.0,0,coe2_bonus_v1
114,2023,0.0,0.0,0.0,11,coe2_bonus_v1
79,2024,34.494511,0.0,34.494511,16,coe2_bonus_v1
71,2024,33.739217,0.0,33.739217,16,coe2_bonus_v1
35,2024,32.469449,0.0,32.469449,16,coe2_bonus_v1
16,2024,31.968074,0.0,31.968074,14,coe2_bonus_v1
87,2024,31.441235,0.0,31.441235,16,coe2_bonus_v1
105,2024,29.312467,0.0,29.312467,12,coe2_bonus_v1
18,2024,29.04015,0.0,29.04015,12,coe2_bonus_v1
32,2024,28.968194,0.0,28.968194,13,coe2_bonus_v1
109,2024,28.390528,0.0,28.390528,13,coe2_bonus_v1
14,2024,28.190683,0.0,28.190683,13,coe2_bonus_v1
3,2024,28.077537,0.0,28.077537,13,coe2_bonus_v1
72,2024,27.108914,0.0,27.108914,12,coe2_bonus_v1
42,2024,27.055755,0.0,27.055755,13,coe2_bonus_v1
46,2024,26.745341,0.0,26.745341,12,coe2_bonus_v1
21,2024,26.729529,0.0,26.729529,13,coe2_bonus_v1
110,2024,26.639728,0.0,26.639728,12,coe2_bonus_v1
74,2024,26.572608,0.0,26.572608,12,coe2_bonus_v1
115,2024,26.206903,0.0,26.206903,13,coe2_bonus_v1
50,2024,25.780875,0.0,25.780875,12,coe2_bonus_v1
99,2024,24.74837,0.0,24.74837,12,coe2_bonus_v1
116,2024,24.536001,0.0,24.536001,14,coe2_bonus_v1
128,2024,23.995397,0.0,23.995397,12,coe2_bonus_v1
112,2024,23.960911,0.0,23.960911,12,coe2_bonus_v1
22,2024,23.790291,0.0,23.790291,12,coe2_bonus_v1
135,2024,23.667373,0.0,23.667373,12,coe2_bonus_v1
95,2024,23.257658,0.0,23.257658,12,coe2_bonus_v1
127,2024,23.060657,0.0,23.060657,12,coe2_bonus_v1
130,2024,22.651434,0.0,22.651434,12,coe2_bonus_v1
123,2024,22.495689,0.0,22.495689,13,coe2_bonus_v1
107,2024,22.455491,0.0,22.455491,12,coe2_bonus_v1
125,2024,22.092407,0.0,22.092407,12,coe2_bonus_v1
61,2024,21.920968,0.0,21.920968,12,coe2_bonus_v1
38,2024,21.888366,0.0,21.888366,12,coe2_bonus_v1
56,2024,21.760471,0.0,21.760471,12,coe2_bonus_v1
54,2024,21.726954,0.0,21.726954,12,coe2_bonus_v1
23,2024,21.725891,0.0,21.725891,12,coe2_bonus_v1
37,2024,21.669262,0.0,21.669262,12,coe2_bonus_v1
63,2024,21.650021,0.0,21.650021,13,coe2_bonus_v1
49,2024,21.611777,0.0,21.611777,12,coe2_bonus_v1
131,2024,21.400755,0.0,21.400755,12,coe2_bonus_v1
129,2024,21.177094,0.0,21.177094,13,coe2_bonus_v1
133,2024,20.77172,0.0,20.77172,12,coe2_bonus_v1
100,2024,20.660736,0.0,20.660736,12,coe2_bonus_v1
97,2024,20.593045,0.0,20.593045,12,coe2_bonus_v1
86,2024,20.44333,0.0,20.44333,12,coe2_bonus_v1
80,2024,20.323798,0.0,20.323798,12,coe2_bonus_v1
7,2024,20.244991,0.0,20.244991,13,coe2_bonus_v1
77,2024,20.215339,0.0,20.215339,12,coe2_bonus_v1
57,2024,20.158307,0.0,20.158307,12,coe2_bonus_v1
39,2024,20.141865,0.0,20.141865,12,coe2_bonus_v1
69,2024,19.980587,0.0,19.980587,13,coe2_bonus_v1
30,2024,19.975093,0.0,19.975093,12,coe2_bonus_v1
78,2024,19.751906,0.0,19.751906,12,coe2_bonus_v1
48,2024,19.714503,0.0,19.714503,13,coe2_bonus_v1
2,2024,19.484483,0.0,19.484483,12,coe2_bonus_v1
45,2024,19.396403,0.0,19.396403,12,coe2_bonus_v1
36,2024,19.375879,0.0,19.375879,12,coe2_bonus_v1
104,2024,19.301988,0.0,19.301988,12,coe2_bonus_v1
121,2024,18.889469,0.0,18.889469,12,coe2_bonus_v1
53,2024,18.63599,0.0,18.63599,12,coe2_bonus_v1
124,2024,18.615679,0.0,18.615679,12,coe2_bonus_v1
92,2024,18.521147,0.0,18.521147,13,coe2_bonus_v1
31,2024,18.43155,0.0,18.43155,12,coe2_bonus_v1
106,2024,17.787522,0.0,17.787522,12,coe2_bonus_v1
88,2024,17.523749,0.0,17.523749,12,coe2_bonus_v1
119,2024,16.736623,0.0,16.736623,12,coe2_bonus_v1
137,2024,16.623443,0.0,16.623443,12,coe2_bonus_v1
118,2024,16.26418,0.0,16.26418,10,coe2_bonus_v1
67,2024,16.000222,0.0,16.000222,12,coe2_bonus_v1
83,2024,15.946669,0.0,15.946669,12,coe2_bonus_v1
98,2024,15.90519,0.0,15.90519,12,coe2_bonus_v1
26,2024,15.622375,0.0,15.622375,11,coe2_bonus_v1
9,2024,15.470034,0.0,15.470034,11,coe2_bonus_v1
10,2024,15.148453,0.0,15.148453,12,coe2_bonus_v1
8,2024,14.980016,0.0,14.980016,12,coe2_bonus_v1
89,2024,14.80132,0.0,14.80132,12,coe2_bonus_v1
43,2024,14.502723,0.0,14.502723,12,coe2_bonus_v1
101,2024,14.162983,0.0,14.162983,12,coe2_bonus_v1
82,2024,14.109546,0.0,14.109546,12,coe2_bonus_v1
5,2024,13.973417,0.0,13.973417,12,coe2_bonus_v1
96,2024,13.954235,0.0,13.954235,12,coe2_bonus_v1
40,2024,13.717021,0.0,13.717021,12,coe2_bonus_v1
93,2024,13.557371,0.0,13.557371,12,coe2_bonus_v1
51,2024,13.535381,0.0,13.535381,10,coe2_bonus_v1
44,2024,13.524865,0.0,13.524865,11,coe2_bonus_v1
91,2024,13.3541,0.0,13.3541,11,coe2_bonus_v1
58,2024,13.271669,0.0,13.271669,11,coe2_bonus_v1
52,2024,12.814175,0.0,12.814175,12,coe2_bonus_v1
103,2024,12.652576,0.0,12.652576,11,coe2_bonus_v1
1,2024,12.606453,0.0,12.606453,12,coe2_bonus_v1
29,2024,12.594207,0.0,12.594207,11,coe2_bonus_v1
47,2024,12.586061,0.0,12.586061,11,coe2_bonus_v1
55,2024,12.261116,0.0,12.261116,11,coe2_bonus_v1
102,2024,11.851418,0.0,11.851418,10,coe2_bonus_v1
70,2024,11.838878,0.0,11.838878,11,coe2_bonus_v1
19,2024,11.764163,0.0,11.764163,11,coe2_bonus_v1
25,2024,11.48205,0.0,11.48205,11,coe2_bonus_v1
85,2024,11.315243,0.0,11.315243,11,coe2_bonus_v1
122,2024,11.233005,0.0,11.233005,11,coe2_bonus_v1
4,2024,10.780784,0.0,10.780784,11,coe2_bonus_v1
41,2024,10.383357,0.0,10.383357,11,coe2_bonus_v1
76,2024,10.309878,0.0,10.309878,11,coe2_bonus_v1
24,2024,10.274286,0.0,10.274286,11,coe2_bonus_v1
75,2024,10.012641,0.0,10.012641,11,coe2_bonus_v1
94,2024,9.613815,0.0,9.613815,11,coe2_bonus_v1
113,2024,9.552194,0.0,9.552194,11,coe2_bonus_v1
12,2024,9.535114,0.0,9.535114,10,coe2_bonus_v1
108,2024,9.006844,0.0,9.006844,12,coe2_bonus_v1
84,2024,8.860963,0.0,8.860963,11,coe2_bonus_v1
20,2024,8.859106,0.0,8.859106,11,coe2_bonus_v1
120,2024,8.818556,0.0,8.818556,11,coe2_bonus_v1
136,2024,8.746097,0.0,8.746097,11,coe2_bonus_v1
132,2024,8.50845,0.0,8.50845,11,coe2_bonus_v1
15,2024,8.392987,0.0,8.392987,11,coe2_bonus_v1
90,2024,8.185201,0.0,8.185201,11,coe2_bonus_v1
13,2024,7.446401,0.0,7.446401,12,coe2_bonus_v1
6,2024,7.357216,0.0,7.357216,11,coe2_bonus_v1
81,2024,7.211464,0.0,7.211464,11,coe2_bonus_v1
60,2024,6.823172,0.0,6.823172,11,coe2_bonus_v1
34,2024,6.631137,0.0,6.631137,11,coe2_bonus_v1
62,2024,6.576091,0.0,6.576091,11,coe2_bonus_v1
11,2024,6.314284,0.0,6.314284,11,coe2_bonus_v1
28,2024,6.23001,0.0,6.23001,10,coe2_bonus_v1
27,2024,6.156644,0.0,6.156644,11,coe2_bonus_v1
138,2024,5.942829,0.0,5.942829,11,coe2_bonus_v1
33,2024,4.547297,0.0,4.547297,11,coe2_bonus_v1
65,2024,3.111081,0.0,3.111081,10,coe2_bonus_v1
126,2024,2.919243,0.0,2.919243,11,coe2_bonus_v1
134,2024,2.452706,0.0,2.452706,11,coe2_bonus_v1
73,2024,2.0,0.0,2.0,11,coe2_bonus_v1
140,2024,2.0,0.0,2.0,10,coe2_bonus_v1
68,2024,0.0,0.0,0.0,11,coe2_bonus_v1
114,2024,0.0,0.0,0.0,11,coe2_bonus_v1
72,2025,38.640125,0.0,38.640125,15,coe2_bonus_v1
127,2025,34.146023,0.0,34.146023,15,coe2_bonus_v1
43,2025,30.814499,0.0,30.814499,13,coe2_bonus_v1
135,2025,30.221393,0.0,30.221393,14,coe2_bonus_v1
91,2025,29.848147,0.0,29.848147,13,coe2_bonus_v1
3,2025,28.626121,0.0,28.626121,14,coe2_bonus_v1
48,2025,28.450637,0.0,28.450637,14,coe2_bonus_v1
18,2025,28.311402,0.0,28.311402,13,coe2_bonus_v1
39,2025,28.176327,0.0,28.176327,13,coe2_bonus_v1
40,2025,27.807379,0.0,27.807379,12,coe2_bonus_v1
19,2025,26.878315,0.0,26.878315,12,coe2_bonus_v1
97,2025,26.617315,0.0,26.617315,13,coe2_bonus_v1
82,2025,25.981672,0.0,25.981672,13,coe2_bonus_v1
36,2025,25.963321,0.0,25.963321,12,coe2_bonus_v1
121,2025,25.685041,0.0,25.685041,14,coe2_bonus_v1
131,2025,25.654035,0.0,25.654035,12,coe2_bonus_v1
110,2025,25.652922,0.0,25.652922,12,coe2_bonus_v1
123,2025,25.457505,0.0,25.457505,13,coe2_bonus_v1
35,2025,25.425095,0.0,25.425095,13,coe2_bonus_v1
15,2025,24.95037,0.0,24.95037,12,coe2_bonus_v1
52,2025,24.465459,0.0,24.465459,12,coe2_bonus_v1
95,2025,24.181859,0.0,24.181859,13,coe2_bonus_v1
64,2025,24.101216,0.0,24.101216,12,coe2_bonus_v1
107,2025,23.967898,0.0,23.967898,11,coe2_bonus_v1
12,2025,23.823629,0.0,23.823629,12,coe2_bonus_v1
98,2025,23.679169,0.0,23.679169,12,coe2_bonus_v1
71,2025,23.531844,0.0,23.531844,13,coe2_bonus_v1
11,2025,23.504935,0.0,23.504935,12,coe2_bonus_v1
26,2025,22.897067,0.0,22.897067,12,coe2_bonus_v1
10,2025,22.633854,0.0,22.633854,12,coe2_bonus_v1
79,2025,22.547576,0.0,22.547576,12,coe2_bonus_v1
56,2025,22.532992,0.0,22.532992,12,coe2_bonus_v1
14,2025,22.491411,0.0,22.491411,13,coe2_bonus_v1
137,2025,22.380611,0.0,22.380611,12,coe2_bonus_v1
109,2025,21.968423,0.0,21.968423,12,coe2_bonus_v1
74,2025,21.816016,0.0,21.816016,12,coe2_bonus_v1
94,2025,21.80838,0.0,21.80838,11,coe2_bonus_v1
38,2025,21.616776,0.0,21.616776,12,coe2_bonus_v1
78,2025,21.583313,0.0,21.583313,12,coe2_bonus_v1
100,2025,21.394843,0.0,21.394843,12,coe2_bonus_v1
69,2025,21.248145,0.0,21.248145,13,coe2_bonus_v1
7,2025,21.200513,0.0,21.200513,12,coe2_bonus_v1
88,2025,20.735457,0.0,20.735457,12,coe2_bonus_v1
42,2025,20.644102,0.0,20.644102,11,coe2_bonus_v1
124,2025,20.460289,0.0,20.460289,12,coe2_bonus_v1
5,2025,20.353831,0.0,20.353831,12,coe2_bonus_v1
115,2025,20.32213,0.0,20.32213,12,coe2_bonus_v1
21,2025,20.267407,0.0,20.267407,13,coe2_bonus_v1
16,2025,20.170967,0.0,20.170967,12,coe2_bonus_v1
1,2025,19.914361,0.0,19.914361,12,coe2_bonus_v1
63,2025,19.843961,0.0,19.843961,12,coe2_bonus_v1
93,2025,19.188279,0.0,19.188279,12,coe2_bonus_v1
32,2025,19.135732,0.0,19.135732,11,coe2_bonus_v1
120,2025,19.04271,0.0,19.04271,13,coe2_bonus_v1
68,2025,18.931465,0.0,18.931465,12,coe2_bonus_v1
80,2025,18.495573,0.0,18.495573,12,coe2_bonus_v1
77,2025,18.481529,0.0,18.481529,12,coe2_bonus_v1
51,2025,18.440647,0.0,18.440647,10,coe2_bonus_v1
130,2025,18.143981,0.0,18.143981,12,coe2_bonus_v1
45,2025,18.117184,0.0,18.117184,12,coe2_bonus_v1
61,2025,18.0759,0.0,18.0759,12,coe2_bonus_v1
50,2025,17.689956,0.0,17.689956,12,coe2_bonus_v1
84,2025,17.626353,0.0,17.626353,12,coe2_bonus_v1
54,2025,17.42595,0.0,17.42595,12,coe2_bonus_v1
47,2025,17.38117,0.0,17.38117,10,coe2_bonus_v1
75,2025,17.310578,0.0,17.310578,12,coe2_bonus_v1
55,2025,17.171553,0.0,17.171553,12,coe2_bonus_v1
2,2025,16.824126,0.0,16.824126,12,coe2_bonus_v1
44,2025,16.817803,0.0,16.817803,12,coe2_bonus_v1
31,2025,16.360686,0.0,16.360686,12,coe2_bonus_v1
116,2025,16.202418,0.0,16.202418,13,coe2_bonus_v1
87,2025,15.967573,0.0,15.967573,12,coe2_bonus_v1
57,2025,15.896753,0.0,15.896753,11,coe2_bonus_v1
49,2025,15.603828,0.0,15.603828,11,coe2_bonus_v1
129,2025,15.588093,0.0,15.588093,12,coe2_bonus_v1
119,2025,15.564774,0.0,15.564774,10,coe2_bonus_v1
20,2025,15.358952,0.0,15.358952,12,coe2_bonus_v1
133,2025,15.167281,0.0,15.167281,12,coe2_bonus_v1
101,2025,15.093416,0.0,15.093416,12,coe2_bonus_v1
134,2025,14.535094,0.0,14.535094,12,coe2_bonus_v1
30,2025,13.682854,0.0,13.682854,11,coe2_bonus_v1
113,2025,13.194375,0.0,13.194375,11,coe2_bonus_v1
132,2025,13.04517,0.0,13.04517,11,coe2_bonus_v1
6,2025,13.01117,0.0,13.01117,12,coe2_bonus_v1
122,2025,12.797344,0.0,12.797344,11,coe2_bonus_v1
114,2025,12.794116,0.0,12.794116,11,coe2_bonus_v1
126,2025,12.677596,0.0,12.677596,11,coe2_bonus_v1
85,2025,12.562882,0.0,12.562882,11,coe2_bonus_v1
76,2025,12.32947,0.0,12.32947,12,coe2_bonus_v1
108,2025,12.005941,0.0,12.005941,11,coe2_bonus_v1
41,2025,11.893976,0.0,11.893976,12,coe2_bonus_v1
102,2025,11.779152,0.0,11.779152,12,coe2_bonus_v1
34,2025,11.665417,0.0,11.665417,11,coe2_bonus_v1
99,2025,11.615744,0.0,11.615744,10,coe2_bonus_v1
37,2025,11.22508,0.0,11.22508,11,coe2_bonus_v1
104,2025,11.08944,0.0,11.08944,11,coe2_bonus_v1
136,2025,10.80063,0.0,10.80063,11,coe2_bonus_v1
112,2025,10.347125,0.0,10.347125,11,coe2_bonus_v1
29,2025,10.144899,0.0,10.144899,11,coe2_bonus_v1
8,2025,9.840304,0.0,9.840304,12,coe2_bonus_v1
138,2025,9.73857,0.0,9.73857,11,coe2_bonus_v1
27,2025,9.704403,0.0,9.704403,10,coe2_bonus_v1
96,2025,9.677282,0.0,9.677282,11,coe2_bonus_v1
67,2025,9.659177,0.0,9.659177,11,coe2_bonus_v1
65,2025,9.450381,0.0,9.450381,9,coe2_bonus_v1
81,2025,9.423986,0.0,9.423986,11,coe2_bonus_v1
89,2025,9.408131,0.0,9.408131,11,coe2_bonus_v1
70,2025,9.402515,0.0,9.402515,11,coe2_bonus_v1
60,2025,9.150257,0.0,9.150257,11,coe2_bonus_v1
125,2025,8.840309,0.0,8.840309,11,coe2_bonus_v1
25,2025,8.667062,0.0,8.667062,11,coe2_bonus_v1
83,2025,8.578288,0.0,8.578288,11,coe2_bonus_v1
24,2025,8.49351,0.0,8.49351,11,coe2_bonus_v1
90,2025,8.487274,0.0,8.487274,11,coe2_bonus_v1
118,2025,8.111856,0.0,8.111856,9,coe2_bonus_v1
128,2025,8.024265,0.0,8.024265,11,coe2_bonus_v1
13,2025,6.945688,0.0,6.945688,11,coe2_bonus_v1
58,2025,6.914036,0.0,6.914036,11,coe2_bonus_v1
92,2025,6.721333,0.0,6.721333,11,coe2_bonus_v1
9,2025,6.226838,0.0,6.226838,11,coe2_bonus_v1
22,2025,5.980127,0.0,5.980127,11,coe2_bonus_v1
105,2025,5.79992,0.0,5.79992,11,coe2_bonus_v1
86,2025,5.401299,0.0,5.401299,11,coe2_bonus_v1
4,2025,4.341861,0.0,4.341861,11,coe2_bonus_v1
106,2025,4.198828,0.0,4.198828,11,coe2_bonus_v1
46,2025,3.508422,0.0,3.508422,11,coe2_bonus_v1
23,2025,3.485787,0.0,3.485787,11,coe2_bonus_v1
28,2025,3.302109,0.0,3.302109,9,coe2_bonus_v1
73,2025,2.697541,0.0,2.697541,11,coe2_bonus_v1
53,2025,2.602494,0.0,2.602494,11,coe2_bonus_v1
33,2025,0.0,0.0,0.0,11,coe2_bonus_v1
62,2025,0.0,0.0,0.0,11,coe2_bonus_v1
66,2025,0.0,0.0,0.0,0,coe2_bonus_v1
103,2025,0.0,0.0,0.0,11,coe2_bonus_v1
117,2025,0.0,0.0,0.0,0,coe2_bonus_v1
140,2025,0.0,0.0,0.0,11,coe2_bonus_v1
7,2026,11.829986,0.0,11.829986,6,coe2_bonus_v1
134,2026,11.656787,0.0,11.656787,5,coe2_bonus_v1
121,2026,11.558868,0.0,11.558868,5,coe2_bonus_v1
8,2026,10.89361,0.0,10.89361,4,coe2_bonus_v1
44,2026,10.708477,0.0,10.708477,5,coe2_bonus_v1
94,2026,10.685468,0.0,10.685468,5,coe2_bonus_v1
79,2026,10.611285,0.0,10.611285,5,coe2_bonus_v1
31,2026,10.504269,0.0,10.504269,4,coe2_bonus_v1
35,2026,10.417296,0.0,10.417296,4,coe2_bonus_v1
118,2026,10.180537,0.0,10.180537,5,coe2_bonus_v1
88,2026,9.953415,0.0,9.953415,4,coe2_bonus_v1
77,2026,9.677257,0.0,9.677257,4,coe2_bonus_v1
97,2026,9.502228,0.0,9.502228,4,coe2_bonus_v1
62,2026,9.429228,0.0,9.429228,4,coe2_bonus_v1
92,2026,9.302976,0.0,9.302976,4,coe2_bonus_v1
125,2026,9.223831,0.0,9.223831,4,coe2_bonus_v1
63,2026,9.217143,0.0,9.217143,4,coe2_bonus_v1
60,2026,9.100693,0.0,9.100693,4,coe2_bonus_v1
123,2026,8.989258,0.0,8.989258,4,coe2_bonus_v1
71,2026,8.922591,0.0,8.922591,5,coe2_bonus_v1
132,2026,8.873023,0.0,8.873023,4,coe2_bonus_v1
127,2026,8.843694,0.0,8.843694,4,coe2_bonus_v1
39,2026,8.818228,0.0,8.818228,4,coe2_bonus_v1
67,2026,8.671007,0.0,8.671007,5,coe2_bonus_v1
122,2026,8.669799,0.0,8.669799,5,coe2_bonus_v1
76,2026,8.615184,0.0,8.615184,4,coe2_bonus_v1
55,2026,8.478615,0.0,8.478615,4,coe2_bonus_v1
95,2026,8.37035,0.0,8.37035,3,coe2_bonus_v1
72,2026,8.254282,0.0,8.254282,4,coe2_bonus_v1
10,2026,8.208882,0.0,8.208882,4,coe2_bonus_v1
49,2026,8.192556,0.0,8.192556,4,coe2_bonus_v1
37,2026,8.182151,0.0,8.182151,4,coe2_bonus_v1
14,2026,8.116278,0.0,8.116278,5,coe2_bonus_v1
50,2026,8.08815,0.0,8.08815,4,coe2_bonus_v1
21,2026,8.081676,0.0,8.081676,4,coe2_bonus_v1
129,2026,8.06351,0.0,8.06351,5,coe2_bonus_v1
54,2026,7.986512,0.0,7.986512,4,coe2_bonus_v1
133,2026,7.855918,0.0,7.855918,4,coe2_bonus_v1
78,2026,7.570365,0.0,7.570365,4,coe2_bonus_v1
130,2026,7.568421,0.0,7.568421,4,coe2_bonus_v1
40,2026,7.465058,0.0,7.465058,4,coe2_bonus_v1
15,2026,7.441958,0.0,7.441958,4,coe2_bonus_v1
69,2026,7.40428,0.0,7.40428,5,coe2_bonus_v1
80,2026,7.367736,0.0,7.367736,4,coe2_bonus_v1
137,2026,7.283141,0.0,7.283141,5,coe2_bonus_v1
18,2026,7.223452,0.0,7.223452,3,coe2_bonus_v1
33,2026,7.223052,0.0,7.223052,3,coe2_bonus_v1
19,2026,7.073321,0.0,7.073321,3,coe2_bonus_v1
42,2026,7.029891,0.0,7.029891,4,coe2_bonus_v1
26,2026,7.019399,0.0,7.019399,4,coe2_bonus_v1
135,2026,7.009687,0.0,7.009687,4,coe2_bonus_v1
36,2026,6.873728,0.0,6.873728,5,coe2_bonus_v1
9,2026,6.697853,0.0,6.697853,4,coe2_bonus_v1
87,2026,6.547467,0.0,6.547467,5,coe2_bonus_v1
34,2026,6.248108,0.0,6.248108,4,coe2_bonus_v1
25,2026,6.195613,0.0,6.195613,2,coe2_bonus_v1
89,2026,6.194272,0.0,6.194272,4,coe2_bonus_v1
136,2026,6.064695,0.0,6.064695,4,coe2_bonus_v1
6,2026,6.032043,0.0,6.032043,5,coe2_bonus_v1
102,2026,6.003576,0.0,6.003576,3,coe2_bonus_v1
75,2026,5.90134,0.0,5.90134,3,coe2_bonus_v1
4,2026,5.875109,0.0,5.875109,4,coe2_bonus_v1
138,2026,5.861851,0.0,5.861851,4,coe2_bonus_v1
126,2026,5.67506,0.0,5.67506,4,coe2_bonus_v1
70,2026,5.629796,0.0,5.629796,5,coe2_bonus_v1
93,2026,5.50582,0.0,5.50582,4,coe2_bonus_v1
51,2026,5.416806,0.0,5.416806,4,coe2_bonus_v1
99,2026,5.392294,0.0,5.392294,4,coe2_bonus_v1
30,2026,5.320429,0.0,5.320429,3,coe2_bonus_v1
3,2026,5.286354,0.0,5.286354,3,coe2_bonus_v1
84,2026,5.271566,0.0,5.271566,4,coe2_bonus_v1
91,2026,5.173139,0.0,5.173139,4,coe2_bonus_v1
43,2026,5.13182,0.0,5.13182,4,coe2_bonus_v1
115,2026,5.097729,0.0,5.097729,4,coe2_bonus_v1
82,2026,4.881679,0.0,4.881679,4,coe2_bonus_v1
108,2026,4.808621,0.0,4.808621,4,coe2_bonus_v1
73,2026,4.764078,0.0,4.764078,4,coe2_bonus_v1
131,2026,4.687536,0.0,4.687536,4,coe2_bonus_v1
120,2026,4.674452,0.0,4.674452,4,coe2_bonus_v1
32,2026,4.633157,0.0,4.633157,4,coe2_bonus_v1
48,2026,4.534949,0.0,4.534949,4,coe2_bonus_v1
1,2026,4.51126,0.0,4.51126,4,coe2_bonus_v1
52,2026,4.454638,0.0,4.454638,4,coe2_bonus_v1
13,2026,4.271637,0.0,4.271637,3,coe2_bonus_v1
107,2026,4.094062,0.0,4.094062,4,coe2_bonus_v1
140,2026,3.915943,0.0,3.915943,2,coe2_bonus_v1
96,2026,3.689118,0.0,3.689118,3,coe2_bonus_v1
22,2026,3.661246,0.0,3.661246,4,coe2_bonus_v1
83,2026,3.584604,0.0,3.584604,4,coe2_bonus_v1
11,2026,3.343442,0.0,3.343442,4,coe2_bonus_v1
27,2026,3.310231,0.0,3.310231,5,coe2_bonus_v1
90,2026,3.306066,0.0,3.306066,4,coe2_bonus_v1
100,2026,3.287352,0.0,3.287352,3,coe2_bonus_v1
105,2026,3.287026,0.0,3.287026,3,coe2_bonus_v1
128,2026,3.259077,0.0,3.259077,4,coe2_bonus_v1
47,2026,3.210892,0.0,3.210892,3,coe2_bonus_v1
24,2026,3.20223,0.0,3.20223,3,coe2_bonus_v1
45,2026,3.188394,0.0,3.188394,4,coe2_bonus_v1
65,2026,3.148713,0.0,3.148713,4,coe2_bonus_v1
5,2026,3.135949,0.0,3.135949,4,coe2_bonus_v1
85,2026,3.077419,0.0,3.077419,4,coe2_bonus_v1
20,2026,3.001871,0.0,3.001871,4,coe2_bonus_v1
23,2026,3.00087,0.0,3.00087,4,coe2_bonus_v1
56,2026,2.94638,0.0,2.94638,4,coe2_bonus_v1
116,2026,2.939448,0.0,2.939448,4,coe2_bonus_v1
16,2026,2.912692,0.0,2.912692,3,coe2_bonus_v1
119,2026,2.833471,0.0,2.833471,5,coe2_bonus_v1
61,2026,2.740692,0.0,2.740692,4,coe2_bonus_v1
117,2026,2.712277,0.0,2.712277,4,coe2_bonus_v1
106,2026,2.697915,0.0,2.697915,4,coe2_bonus_v1
114,2026,2.688312,0.0,2.688312,4,coe2_bonus_v1
109,2026,2.615693,0.0,2.615693,3,coe2_bonus_v1
53,2026,2.607907,0.0,2.607907,4,coe2_bonus_v1
12,2026,2.503781,0.0,2.503781,5,coe2_bonus_v1
38,2026,2.496998,0.0,2.496998,4,coe2_bonus_v1
57,2026,2.489319,0.0,2.489319,5,coe2_bonus_v1
29,2026,2.391224,0.0,2.391224,3,coe2_bonus_v1
74,2026,2.230257,0.0,2.230257,4,coe2_bonus_v1
2,2026,0.0,0.0,0.0,4,coe2_bonus_v1
28,2026,0.0,0.0,0.0,4,coe2_bonus_v1
41,2026,0.0,0.0,0.0,4,coe2_bonus_v1
46,2026,0.0,0.0,0.0,4,coe2_bonus_v1
58,2026,0.0,0.0,0.0,4,coe2_bonus_v1
64,2026,0.0,0.0,0.0,4,coe2_bonus_v1
66,2026,0.0,0.0,0.0,4,coe2_bonus_v1
68,2026,0.0,0.0,0.0,4,coe2_bonus_v1
81,2026,0.0,0.0,0.0,4,coe2_bonus_v1
86,2026,0.0,0.0,0.0,3,coe2_bonus_v1
98,2026,0.0,0.0,0.0,4,coe2_bonus_v1
101,2026,0.0,0.0,0.0,4,coe2_bonus_v1
103,2026,0.0,0.0,0.0,4,coe2_bonus_v1
104,2026,0.0,0.0,0.0,4,coe2_bonus_v1
110,2026,0.0,0.0,0.0,3,coe2_bonus_v1
112,2026,0.0,0.0,0.0,3,coe2_bonus_v1
113,2026,0.0,0.0,0.0,4,coe2_bonus_v1
124,2026,0.0,0.0,0.0,3,coe2_bonus_v1
