team,season_year,as_of,raw_hfa,adjusted_hfa,prior_hfa,fbs_baseline,fcs_prior_used,effective_n,lambda,games_used,weighted_actual_wins,weighted_expected_wins,oldest_game_used,newest_game_used,elo_hfa_points,elo_points_at_bound,raw_elo_hfa_points,raw_points_at_bound
Washington,1981,1981-09-05,1.108602,1.141757,1.147987,1.147987,False,5.63689,0.158176,6,3.757936,3.389796,1980-09-13,1980-11-08,66.208231,False,50.050982,False
Washington State,1981,1981-09-05,0.872252,1.110605,1.147987,1.147987,False,4.70492,0.135569,5,1.88146,2.157014,1980-09-13,1980-11-22,39.174225,False,-46.179758,False
Oregon,1981,1981-09-05,1.550309,1.192733,1.147987,1.147987,False,3.75419,0.111221,4,2.820935,1.819596,1980-09-06,1980-11-01,68.982409,False,212.993771,False
Oregon State,1981,1981-09-05,0.0,1.048958,1.147987,1.147987,False,2.8322,0.086263,3,0.0,0.604181,1980-10-11,1980-11-22,11.160731,False,-400.0,True
California,1981,1981-09-05,1.470877,1.199174,1.147987,1.147987,False,5.651877,0.15853,6,2.827188,1.922111,1980-09-27,1980-11-22,58.053819,False,132.70293,False
Stanford,1981,1981-09-05,0.994305,1.127166,1.147987,1.147987,False,4.701148,0.135475,5,2.815947,2.832076,1980-09-13,1980-11-08,63.766693,False,-2.75386,False
USC,1981,1981-09-05,1.228944,1.160823,1.147987,1.147987,False,5.653157,0.15856,6,4.237061,3.447724,1980-09-20,1980-12-06,84.745404,False,125.214281,False
UCLA,1981,1981-09-05,1.272791,1.167769,1.147987,1.147987,False,5.650851,0.158505,6,4.706372,3.69768,1980-09-13,1980-11-30,103.181155,False,183.320271,False
San Jose State,1981,1981-09-05,0.806655,1.127793,1.147987,1.147987,False,1.886465,0.059162,2,0.939474,1.164653,1980-10-11,1980-11-22,62.273703,False,-86.421423,False
Fresno State,1981,1981-09-05,1.1701,1.149289,1.147987,1.147987,False,1.87771,0.058904,2,0.935737,0.799707,1980-09-20,1980-10-25,46.601458,False,53.045988,False
San Diego State,1981,1981-09-05,1.292224,1.167568,1.147987,1.147987,False,4.71242,0.135756,5,1.895242,1.466651,1980-09-27,1980-11-29,42.39294,False,72.251838,False
Hawai'i,1981,1981-09-05,1.162667,1.14998,1.147987,1.147987,False,4.712403,0.135756,5,2.832203,2.435954,1980-10-04,1980-11-29,72.026407,False,78.273633,False
UNLV,1981,1981-09-05,1.072984,1.137802,1.147987,1.147987,False,4.713682,0.135787,5,2.819697,2.627901,1980-09-13,1980-11-29,67.353628,False,35.045233,False
Arizona,1981,1981-09-05,0.474618,1.041277,1.147987,1.147987,False,5.649382,0.158471,6,0.943225,1.987337,1980-09-20,1980-11-29,12.604618,False,-191.868401,False
Arizona State,1981,1981-09-05,1.695569,1.23473,1.147987,1.147987,False,5.646911,0.158412,6,4.701177,2.772624,1980-09-13,1980-11-22,87.390501,False,304.5235,False
BYU,1981,1981-09-05,1.478684,1.192839,1.147987,1.147987,False,4.707407,0.135631,5,4.707407,3.183512,1980-09-13,1980-11-15,131.917593,False,400.0,True
Utah,1981,1981-09-05,1.538212,1.191491,1.147987,1.147987,False,3.764189,0.111485,4,2.817197,1.831476,1980-09-20,1980-11-22,77.535429,False,230.323746,False
Utah State,1981,1981-09-05,0.0,1.080324,1.147987,1.147987,False,1.878949,0.05894,2,0.0,0.503092,1980-10-04,1980-10-18,19.051004,False,-400.0,True
Colorado,1981,1981-09-05,0.81327,1.102599,1.147987,1.147987,False,4.70614,0.1356,5,0.943225,1.159794,1980-09-27,1980-11-15,24.400621,False,-48.866661,False
Colorado State,1981,1981-09-05,1.162983,1.150358,1.147987,1.147987,False,5.634408,0.158117,6,3.291945,2.830604,1980-09-06,1980-11-08,55.811037,False,60.570249,False
Wyoming,1981,1981-09-05,1.405132,1.182767,1.147987,1.147987,False,4.692398,0.135257,5,3.754172,2.671757,1980-09-13,1980-10-25,85.174946,False,209.828712,False
Air Force,1981,1981-09-05,1.635514,1.214034,1.147987,1.147987,False,4.701152,0.135475,5,2.353699,1.439119,1980-09-20,1980-11-15,52.619133,False,147.544671,False
New Mexico,1981,1981-09-05,0.784695,1.098837,1.147987,1.147987,False,4.693657,0.135289,5,1.870235,2.38339,1980-09-06,1980-11-01,38.191389,False,-83.930279,False
New Mexico State,1981,1981-09-05,0.821471,1.119888,1.147987,1.147987,False,2.824712,0.086054,3,0.934495,1.137587,1980-09-13,1980-11-22,36.182648,False,-56.752035,False
UTEP,1981,1981-09-05,0.0,0.992212,1.147987,1.147987,False,4.70991,0.135694,5,0.0,2.028758,1980-09-20,1980-11-22,-2.551908,False,-400.0,True
Kansas,1981,1981-09-05,0.673307,1.062667,1.147987,1.147987,False,6.573861,0.179742,7,1.878957,2.790637,1980-09-13,1980-11-08,21.754427,False,-121.438901,False
Kansas State,1981,1981-09-05,0.976489,1.124694,1.147987,1.147987,False,4.714906,0.135818,5,1.883973,1.929333,1980-09-27,1980-11-22,39.295499,False,-7.533897,False
Nebraska,1981,1981-09-05,1.121247,1.143174,1.147987,1.147987,False,6.583877,0.179967,7,4.698659,4.190566,1980-09-13,1980-11-22,81.001791,False,67.876823,False
Iowa State,1981,1981-09-05,1.230241,1.160995,1.147987,1.147987,False,5.63564,0.158146,6,3.747932,3.046503,1980-09-13,1980-11-15,78.496899,False,114.974148,False
Oklahoma State,1981,1981-09-05,0.790632,1.099474,1.147987,1.147987,False,4.712396,0.135755,5,1.887704,2.387589,1980-10-04,1980-11-22,38.512615,False,-81.068032,False
Tulsa,1981,1981-09-05,1.782546,1.202372,1.147987,1.147987,False,2.812195,0.085706,3,2.812195,1.577629,1980-09-13,1980-10-11,84.03948,False,400.0,True
Texas,1981,1981-09-05,1.153684,1.149011,1.147987,1.147987,False,6.579264,0.179863,7,4.68904,4.064406,1980-09-01,1980-11-29,75.490926,False,78.042727,False
Texas A&M,1981,1981-09-05,0.969178,1.123751,1.147987,1.147987,False,4.703651,0.135538,5,1.885218,1.945173,1980-09-20,1980-11-22,37.388039,False,-9.478848,False
Baylor,1981,1981-09-05,1.318176,1.171091,1.147987,1.147987,False,4.712396,0.135755,5,3.769171,2.859384,1980-10-04,1980-11-22,83.231868,False,170.071811,False
TCU,1981,1981-09-05,0.56257,1.05525,1.147987,1.147987,False,5.646878,0.158412,6,0.944479,1.678865,1980-09-13,1980-11-15,14.672132,False,-139.151376,False
Texas Tech,1981,1981-09-05,1.248518,1.166062,1.147987,1.147987,False,6.576419,0.179799,7,3.757951,3.00993,1980-09-06,1980-11-22,56.892625,False,85.544984,False
Houston,1981,1981-09-05,1.259867,1.165706,1.147987,1.147987,False,5.645641,0.158382,6,3.761653,2.985755,1980-09-20,1980-11-29,72.626978,False,115.49642,False
Rice,1981,1981-09-05,0.59625,1.073171,1.147987,1.147987,False,4.706144,0.1356,5,0.936981,1.571458,1980-09-27,1980-11-15,20.022836,False,-129.383909,False
SMU,1981,1981-09-05,1.229693,1.159056,1.147987,1.147987,False,4.701351,0.13548,5,3.760629,3.058184,1980-09-13,1980-11-23,90.829295,False,138.791582,False
North Texas,1981,1981-09-05,2.207992,1.21062,1.147987,1.147987,False,1.883961,0.059088,2,1.883961,0.853246,1980-10-04,1980-11-15,67.183001,False,400.0,True
Louisiana Tech,1981,1981-09-05,,1.147987,1.147987,1.147987,False,0.0,0.0,0,0.0,0.0,,,60.941698,False,,False
Tulane,1981,1981-09-05,1.057771,1.133717,1.147987,1.147987,False,5.6369,0.158176,6,3.765419,3.559767,1980-09-06,1980-11-15,75.347197,False,31.566116,False
Louisiana,1981,1981-09-05,1.363231,1.171933,1.147987,1.147987,False,3.755444,0.111254,4,2.818463,2.067487,1980-09-06,1980-11-15,70.505047,False,159.85664,False
Memphis,1981,1981-09-05,0.529891,1.064308,1.147987,1.147987,False,4.697402,0.135382,5,0.938227,1.770602,1980-09-06,1980-11-01,20.24932,False,-168.917158,False
Oklahoma,1981,1981-09-05,1.413792,1.190109,1.147987,1.147987,False,5.649409,0.158471,6,4.712428,3.333184,1980-09-13,1980-11-29,94.102842,False,234.363734,False
Arkansas,1981,1981-09-05,1.465626,1.198314,1.147987,1.147987,False,5.648155,0.158442,6,4.70493,3.210183,1980-09-20,1980-11-29,87.396926,False,239.220427,False
Missouri,1981,1981-09-05,1.282835,1.169328,1.147987,1.147987,False,5.640652,0.158265,6,4.702425,3.66565,1980-09-13,1980-11-22,101.436685,False,186.794426,False
Cincinnati,1981,1981-09-05,2.640728,1.23652,1.147987,1.147987,False,1.891471,0.05931,2,1.891471,0.716269,1980-11-08,1980-11-22,78.781005,False,400.0,True
Louisville,1981,1981-09-05,0.876037,1.117686,1.147987,1.147987,False,3.761688,0.111419,4,1.885208,2.151972,1980-09-06,1980-11-15,49.413761,False,-49.986899,False
Arkansas State,1981,1981-09-05,0.0,1.080324,1.147987,1.147987,False,1.878962,0.058941,2,0.0,0.844623,1980-09-20,1980-11-01,27.241625,False,-400.0,True
ULM,1981,1981-09-05,1.443693,1.157035,1.147987,1.147987,False,0.946992,0.0306,1,0.946992,0.655951,1980-11-22,1980-11-22,101.226138,False,400.0,True
Southern Miss,1981,1981-09-05,1.018097,1.133514,1.147987,1.147987,False,3.761678,0.111419,4,2.814686,2.764653,1980-09-20,1980-11-22,108.918611,False,13.03826,False
Michigan,1981,1981-09-05,1.398121,1.187552,1.147987,1.147987,False,5.636884,0.158176,6,4.699903,3.361584,1980-09-13,1980-11-15,87.216377,False,214.384484,False
Michigan State,1981,1981-09-05,0.72817,1.081446,1.147987,1.147987,False,5.650626,0.1585,6,1.88146,2.58382,1980-09-27,1980-11-22,31.591838,False,-108.203063,False
Ohio State,1981,1981-09-05,1.287467,1.173069,1.147987,1.147987,False,6.577633,0.179827,7,4.692415,3.644686,1980-09-13,1980-11-22,74.219819,False,127.546011,False
Indiana,1981,1981-09-05,1.001838,1.128187,1.147987,1.147987,False,4.701155,0.135475,5,2.823435,2.818255,1980-09-13,1980-11-15,61.188894,False,0.844027,False
Purdue,1981,1981-09-05,1.368476,1.182915,1.147987,1.147987,False,5.646881,0.158412,6,4.711144,3.44262,1980-09-20,1980-11-22,99.332421,False,226.488293,False
Illinois,1981,1981-09-05,0.868311,1.110176,1.147987,1.147987,False,4.689924,0.135196,5,1.867749,2.151014,1980-09-06,1980-11-01,36.036701,False,-43.935877,False
Northwestern,1981,1981-09-05,0.0,0.992249,1.147987,1.147987,False,4.708633,0.135662,5,0.0,0.939248,1980-10-04,1980-11-15,-1.820607,False,-400.0,True
Wisconsin,1981,1981-09-05,0.908343,1.110052,1.147987,1.147987,False,5.641902,0.158294,6,1.885218,2.075448,1980-09-13,1980-11-22,32.327457,False,-27.915723,False
Minnesota,1981,1981-09-05,1.036795,1.130379,1.147987,1.147987,False,5.644385,0.158353,6,2.820947,2.720833,1980-09-13,1980-11-15,45.887938,False,12.946585,False
Iowa,1981,1981-09-05,0.80655,1.093919,1.147987,1.147987,False,5.644364,0.158352,6,1.883948,2.33581,1980-09-27,1980-11-15,31.061012,False,-66.795019,False
Notre Dame,1981,1981-09-05,1.376304,1.189076,1.147987,1.147987,False,6.583884,0.179967,7,6.111644,4.440621,1980-09-06,1980-11-22,131.518744,False,345.268888,False
Toledo,1981,1981-09-05,1.830867,1.224117,1.147987,1.147987,False,3.764159,0.111484,4,2.824685,1.542813,1980-09-27,1980-11-08,68.051107,False,267.30102,False
Ball State,1981,1981-09-05,1.158556,1.149419,1.147987,1.147987,False,4.704905,0.135569,5,2.825951,2.4392,1980-09-20,1980-11-15,57.828595,False,61.444603,False
Western Michigan,1981,1981-09-05,1.122721,1.144564,1.147987,1.147987,False,4.701163,0.135476,5,2.817202,2.509263,1980-09-06,1980-11-15,55.889941,False,47.263134,False
Bowling Green,1981,1981-09-05,0.836344,1.113233,1.147987,1.147987,False,3.765434,0.111517,4,1.883948,2.2526,1980-09-13,1980-11-22,52.829591,False,-72.086274,False
Central Michigan,1981,1981-09-05,1.826591,1.22344,1.147987,1.147987,False,3.752941,0.111189,4,3.752941,2.054615,1980-09-06,1980-11-08,93.584579,False,400.0,True
Eastern Michigan,1981,1981-09-05,0.0,1.080155,1.147987,1.147987,False,1.883948,0.059088,2,0.0,0.585428,1980-10-18,1980-11-01,20.311774,False,-400.0,True
Northern Illinois,1981,1981-09-05,0.929955,1.123715,1.147987,1.147987,False,3.757946,0.11132,4,1.887714,2.029897,1980-09-13,1980-11-22,54.647291,False,-30.771308,False
Penn State,1981,1981-09-05,0.974432,1.124421,1.147987,1.147987,False,4.713478,0.135782,5,2.828427,2.902642,1980-09-27,1980-11-28,66.771478,False,-13.086749,False
Pittsburgh,1981,1981-09-05,1.522453,1.198659,1.147987,1.147987,False,4.694904,0.13532,5,4.694904,3.083775,1980-09-13,1980-11-08,122.445205,False,400.0,True
West Virginia,1981,1981-09-05,0.719119,1.089939,1.147987,1.147987,False,4.696183,0.135352,5,1.871481,2.602465,1980-09-06,1980-11-22,38.474877,False,-117.738078,False
Maryland,1981,1981-09-05,1.593511,1.208372,1.147987,1.147987,False,4.703651,0.135538,5,3.764177,2.362191,1980-09-13,1980-11-15,76.32581,False,246.375282,False
Virginia,1981,1981-09-05,0.48337,1.057947,1.147987,1.147987,False,4.701177,0.135476,5,0.934495,1.933289,1980-09-13,1980-11-22,17.56106,False,-185.163788,False
Virginia Tech,1981,1981-09-05,1.615709,1.175623,1.147987,1.147987,False,1.883948,0.059088,2,1.883948,1.166019,1980-10-18,1980-11-01,86.669043,False,400.0,True
NC State,1981,1981-09-05,1.553833,1.20307,1.147987,1.147987,False,4.711154,0.135724,5,3.774173,2.428944,1980-09-27,1980-11-22,79.822463,False,246.764638,False
Wake Forest,1981,1981-09-05,0.425104,1.049986,1.147987,1.147987,False,4.704918,0.135569,5,0.946992,2.227668,1980-09-06,1980-11-22,17.126742,False,-228.844351,False
Duke,1981,1981-09-05,0.389413,1.045242,1.147987,1.147987,False,4.699913,0.135445,5,0.943225,2.422173,1980-09-06,1980-11-08,16.592751,False,-255.616893,False
North Carolina,1981,1981-09-05,1.351177,1.180192,1.147987,1.147987,False,5.650629,0.1585,6,5.650629,4.182004,1980-09-27,1980-11-22,168.906198,False,400.0,True
Marshall,1981,1981-09-05,0.687494,1.108439,1.147987,1.147987,False,2.818456,0.08588,3,0.934495,1.359277,1980-09-13,1980-11-15,37.10785,False,-111.51803,False
East Carolina,1981,1981-09-05,0.0,1.080577,1.147987,1.147987,False,1.871476,0.058719,2,0.0,0.881066,1980-09-13,1980-09-27,27.772624,False,-400.0,True
Appalachian State,1981,1981-09-05,,1.147987,1.147987,1.147987,False,0.0,0.0,0,0.0,0.0,,,60.941698,False,,False
Rutgers,1981,1981-09-05,0.592529,1.100245,1.147987,1.147987,False,2.820945,0.08595,3,0.935737,1.579225,1980-09-20,1980-11-15,43.30451,False,-175.324083,False
Syracuse,1981,1981-09-05,1.19643,1.156701,1.147987,1.147987,False,6.580096,0.179882,7,3.754165,3.137806,1980-09-20,1980-11-08,58.503274,False,73.494834,False
Boston College,1981,1981-09-05,1.984174,1.219915,1.147987,1.147987,False,2.823445,0.086019,3,2.823445,1.422982,1980-09-20,1980-11-15,83.448949,False,400.0,True
Temple,1981,1981-09-05,0.618249,1.088894,1.147987,1.147987,False,3.766682,0.11155,4,0.941973,1.523614,1980-09-13,1980-11-15,28.701424,False,-134.46378,False
Army,1981,1981-09-05,1.277472,1.162439,1.147987,1.147987,False,3.769176,0.111616,4,1.880216,1.471826,1980-09-20,1980-11-15,53.818768,False,91.751877,False
Navy,1981,1981-09-05,1.641993,1.190464,1.147987,1.147987,False,2.822214,0.085985,3,2.822214,1.718774,1980-09-20,1980-11-29,98.555659,False,400.0,True
Kent State,1981,1981-09-05,1.656651,1.217009,1.147987,1.147987,False,4.70989,0.135693,5,2.827191,1.70657,1980-10-04,1980-11-22,60.760599,False,180.153673,False
Ohio,1981,1981-09-05,1.476739,1.200006,1.147987,1.147987,False,5.639367,0.158234,6,4.702386,3.184304,1980-09-20,1980-11-08,90.837304,False,251.967836,False
Miami (OH),1981,1981-09-05,1.607323,1.210273,1.147987,1.147987,False,4.706155,0.1356,5,3.77166,2.346548,1980-09-13,1980-11-15,82.013896,False,263.675628,False
Alabama,1981,1981-09-05,1.282428,1.172196,1.147987,1.147987,False,6.588721,0.180075,7,5.642986,4.400236,1980-09-06,1980-11-29,106.5067,False,197.28538,False
Auburn,1981,1981-09-05,1.326453,1.172175,1.147987,1.147987,False,4.703654,0.135538,5,2.820939,2.126679,1980-09-20,1980-11-15,64.386065,False,123.433734,False
Georgia,1981,1981-09-05,1.442768,1.20709,1.147987,1.147987,False,7.523364,0.200498,8,7.523364,5.214534,1980-09-13,1980-11-29,154.512154,False,400.0,True
Georgia Tech,1981,1981-09-05,0.661867,1.082144,1.147987,1.147987,False,4.699899,0.135444,5,0.936981,1.415664,1980-09-20,1980-11-15,21.78535,False,-103.073859,False
Florida,1981,1981-09-05,1.115262,1.142805,1.147987,1.147987,False,5.643151,0.158324,6,3.756674,3.368423,1980-09-13,1980-11-29,67.902463,False,54.248984,False
Florida State,1981,1981-09-05,1.422881,1.197482,1.147987,1.147987,False,6.587644,0.180051,7,6.587644,4.629792,1980-09-13,1980-12-06,146.169147,False,400.0,True
Miami (FL),1981,1981-09-05,1.495232,1.186745,1.147987,1.147987,False,3.769174,0.111616,4,2.828452,1.891647,1980-09-27,1980-11-22,67.854555,False,194.742819,False
South Carolina,1981,1981-09-05,1.476039,1.184559,1.147987,1.147987,False,3.764157,0.111484,4,3.764157,2.550174,1980-10-04,1980-11-15,117.852169,False,400.0,True
Clemson,1981,1981-09-05,1.32174,1.171542,1.147987,1.147987,False,4.704915,0.135569,5,2.819713,2.133334,1980-09-13,1980-11-22,63.874146,False,119.896688,False
Tennessee,1981,1981-09-05,0.590697,1.047786,1.147987,1.147987,False,6.576399,0.179799,7,1.882729,3.187302,1980-09-06,1980-11-22,16.537261,False,-151.801565,False
Vanderbilt,1981,1981-09-05,0.0,0.992176,1.147987,1.147987,False,4.711169,0.135725,5,0.0,1.392484,1980-09-20,1980-11-29,-2.024709,False,-400.0,True
Kentucky,1981,1981-09-05,1.10143,1.139613,1.147987,1.147987,False,6.578882,0.179855,7,2.814714,2.55551,1980-09-06,1980-11-15,43.032984,False,31.387701,False
LSU,1981,1981-09-05,1.504497,1.204347,1.147987,1.147987,False,5.633177,0.158088,6,4.699923,3.123916,1980-09-06,1980-11-22,88.079634,False,254.187707,False
Mississippi State,1981,1981-09-05,1.466037,1.198407,1.147987,1.147987,False,5.651893,0.15853,6,4.712419,3.214393,1980-09-13,1980-11-22,96.801321,False,264.786394,False
Ole Miss,1981,1981-09-05,0.753408,1.085667,1.147987,1.147987,False,5.626925,0.15794,6,1.880229,2.495634,1980-09-06,1980-11-15,27.284874,False,-82.408888,False
Washington,1982,1982-09-02,1.195456,1.169493,1.160046,1.160046,False,10.915432,0.26678,12,8.222642,6.878248,1980-09-13,1981-11-21,98.64464,False,115.605333,False
Washington State,1982,1982-09-02,1.183877,1.164669,1.160046,1.160046,False,7.220822,0.194,8,4.584815,3.872712,1980-09-13,1981-11-14,76.678786,False,85.858993,False
Oregon,1982,1982-09-02,0.929242,1.110423,1.160046,1.160046,False,8.216625,0.215001,9,3.581001,3.853681,1980-09-06,1981-11-21,41.591109,False,-26.768951,False
Oregon State,1982,1982-09-02,0.671711,1.063965,1.160046,1.160046,False,7.34836,0.196752,8,0.93485,1.391744,1980-10-11,1981-11-14,14.121604,False,-85.60441,False
California,1982,1982-09-02,1.03751,1.129468,1.160046,1.160046,False,9.975837,0.249547,11,3.58307,3.453528,1980-09-27,1981-11-07,39.651214,False,11.681037,False
Stanford,1982,1982-09-02,1.127525,1.151893,1.160046,1.160046,False,10.038067,0.250713,11,5.462267,4.844477,1980-09-13,1981-11-21,64.762219,False,54.248953,False
USC,1982,1982-09-02,1.225969,1.177641,1.160046,1.160046,False,10.921867,0.266896,12,8.659957,7.063767,1980-09-20,1981-11-21,109.374281,False,144.275614,False
UCLA,1982,1982-09-02,1.364888,1.211213,1.160046,1.160046,False,9.988607,0.249786,11,8.636294,6.327473,1980-09-13,1981-11-14,125.23181,False,248.338566,False
San Jose State,1982,1982-09-02,0.806957,1.121808,1.160046,1.160046,False,3.64344,0.108296,4,1.825711,2.262463,1980-10-11,1981-11-28,62.322266,False,-90.980122,False
Fresno State,1982,1982-09-02,1.881687,1.255445,1.160046,1.160046,False,4.570075,0.132197,5,2.752058,1.462549,1980-09-20,1981-11-07,65.411027,False,214.498736,False
San Diego State,1982,1982-09-02,1.01085,1.125279,1.160046,1.160046,False,9.114985,0.233031,10,3.656596,3.617347,1980-09-27,1981-11-21,41.148139,False,3.642454,False
Hawai'i,1982,1982-09-02,1.159932,1.16002,1.160046,1.160046,False,9.128779,0.233301,10,6.427314,5.541112,1980-10-04,1981-12-05,95.21411,False,95.158329,False
UNLV,1982,1982-09-02,0.987724,1.123157,1.160046,1.160046,False,8.171359,0.21407,9,4.514694,4.570805,1980-09-13,1981-11-21,57.261806,False,-5.564263,False
Arizona,1982,1982-09-02,0.585835,1.006841,1.160046,1.160046,False,10.917102,0.26681,12,2.762769,4.715952,1980-09-20,1981-11-21,2.486997,False,-164.486678,False
Arizona State,1982,1982-09-02,1.431124,1.232422,1.160046,1.160046,False,10.92731,0.266993,12,10.044364,7.018512,1980-09-13,1981-11-28,152.896084,False,362.915053,False
BYU,1982,1982-09-02,1.186418,1.166183,1.160046,1.160046,False,9.098895,0.232715,10,8.159065,6.877059,1980-09-13,1981-11-21,168.567624,False,197.549452,False
Utah,1982,1982-09-02,1.385684,1.208578,1.160046,1.160046,False,8.220807,0.215087,9,6.864268,4.953703,1980-09-20,1981-11-14,117.954772,False,244.076879,False
Utah State,1982,1982-09-02,0.7626,1.107394,1.160046,1.160046,False,4.581197,0.132477,5,1.414123,1.854345,1980-10-04,1981-10-31,35.438547,False,-83.122709,False
Colorado,1982,1982-09-02,1.478258,1.239809,1.160046,1.160046,False,10.03524,0.25066,11,3.703884,2.505574,1980-09-27,1981-11-21,55.88566,False,106.361945,False
Colorado State,1982,1982-09-02,0.800841,1.070467,1.160046,1.160046,False,9.967022,0.249381,11,3.073388,3.837703,1980-09-06,1981-11-14,24.522326,False,-72.206133,False
Wyoming,1982,1982-09-02,1.40006,1.215842,1.160046,1.160046,False,9.08627,0.232467,10,7.270503,5.192993,1980-09-13,1981-10-31,117.233501,False,235.178267,False
Air Force,1982,1982-09-02,1.474803,1.238989,1.160046,1.160046,False,10.043078,0.250807,11,5.02821,3.409412,1980-09-20,1981-11-28,64.46039,False,124.852202,False
New Mexico,1982,1982-09-02,0.965187,1.118438,1.160046,1.160046,False,8.14514,0.21353,9,3.623235,3.753922,1980-09-06,1981-11-21,43.084237,False,-12.757159,False
New Mexico State,1982,1982-09-02,0.570798,1.097234,1.160046,1.160046,False,3.579506,0.106598,4,0.872453,1.528478,1980-09-13,1981-10-24,30.545452,False,-151.479855,False
UTEP,1982,1982-09-02,0.333606,0.96766,1.160046,1.160046,False,9.102692,0.232789,10,0.942331,2.824686,1980-09-20,1981-11-28,-9.569388,False,-262.42958,False
Kansas,1982,1982-09-02,1.07611,1.135049,1.160046,1.160046,False,12.723789,0.297815,14,7.400755,6.87732,1980-09-13,1981-11-21,61.380838,False,34.2225,False
Kansas State,1982,1982-09-02,1.274799,1.182334,1.160046,1.160046,False,7.231377,0.194228,8,2.702476,2.119924,1980-09-27,1981-11-07,51.255398,False,76.037583,False
Nebraska,1982,1982-09-02,1.129476,1.151422,1.160046,1.160046,False,11.788283,0.282095,13,9.090891,8.048771,1980-09-13,1981-11-14,106.828749,False,89.816105,False
Iowa State,1982,1982-09-02,1.322694,1.206098,1.160046,1.160046,False,11.849093,0.283139,13,7.725233,5.84053,1980-09-13,1981-11-21,89.795242,False,143.304041,False
Oklahoma State,1982,1982-09-02,0.908875,1.096996,1.160046,1.160046,False,10.054835,0.251027,11,4.586894,5.046779,1980-10-04,1981-11-28,37.307564,False,-35.019485,False
Tulsa,1982,1982-09-02,1.371823,1.192567,1.160046,1.160046,False,5.442519,0.153559,6,4.50891,3.286801,1980-09-13,1981-11-07,92.49755,False,203.132453,False
Texas,1982,1982-09-02,1.397454,1.234371,1.160046,1.160046,False,13.672432,0.313068,15,11.435284,8.182943,1980-09-01,1981-11-21,125.86599,False,238.621889,False
Texas A&M,1982,1982-09-02,1.037864,1.131595,1.160046,1.160046,False,9.106464,0.232863,10,3.637223,3.504526,1980-09-20,1981-11-26,38.161404,False,11.129785,False
Baylor,1982,1982-09-02,1.190043,1.167028,1.160046,1.160046,False,9.101224,0.232761,10,7.274527,6.112826,1980-10-04,1981-11-14,104.912051,False,121.943842,False
TCU,1982,1982-09-02,0.857834,1.084586,1.160046,1.160046,False,9.983665,0.249694,11,2.292775,2.672749,1980-09-13,1981-11-21,22.013148,False,-39.636913,False
Texas Tech,1982,1982-09-02,1.031774,1.126005,1.160046,1.160046,False,10.837717,0.265385,12,4.444548,4.307676,1980-09-06,1981-10-24,39.481356,False,10.056371,False
Houston,1982,1982-09-02,1.252736,1.183164,1.160046,1.160046,False,9.968778,0.249414,11,7.268791,5.802332,1980-09-20,1981-11-21,94.389826,False,133.377969,False
Rice,1982,1982-09-02,0.828961,1.082948,1.160046,1.160046,False,9.106634,0.232867,10,2.753187,3.32125,1980-09-27,1981-11-28,24.414617,False,-53.199287,False
SMU,1982,1982-09-02,1.133727,1.153922,1.160046,1.160046,False,9.097164,0.232681,10,7.276567,6.41827,1980-09-13,1981-11-14,113.709644,False,96.702586,False
Tulane,1982,1982-09-02,1.134292,1.15318,1.160046,1.160046,False,10.906726,0.266624,12,7.291037,6.42783,1980-09-06,1981-11-28,74.702755,False,65.086354,False
Louisiana,1982,1982-09-02,1.450577,1.197527,1.160046,1.160046,False,4.443451,0.129007,5,3.568678,2.460178,1980-09-06,1981-09-26,81.846216,False,210.520052,False
Memphis,1982,1982-09-02,0.342885,0.970008,1.160046,1.160046,False,9.090961,0.232559,10,0.875936,2.554607,1980-09-06,1981-11-14,-8.238937,False,-245.80197,False
Oklahoma,1982,1982-09-02,1.248045,1.182019,1.160046,1.160046,False,9.983531,0.249691,11,8.161407,6.539355,1980-09-13,1981-11-21,125.280932,False,179.656186,False
Arkansas,1982,1982-09-02,1.302597,1.198087,1.160046,1.160046,False,10.919707,0.266857,12,8.149422,6.256289,1980-09-20,1981-11-21,91.607295,False,146.167753,False
Missouri,1982,1982-09-02,1.215605,1.175774,1.160046,1.160046,False,11.846278,0.28309,13,9.084428,7.473176,1980-09-13,1981-11-14,103.410077,False,129.940551,False
Louisville,1982,1982-09-02,1.227614,1.173237,1.160046,1.160046,False,7.277565,0.195226,8,4.58083,3.731491,1980-09-06,1981-11-21,71.958339,False,95.899924,False
Southern Miss,1982,1982-09-02,1.345614,1.196229,1.160046,1.160046,False,7.266304,0.194983,8,5.912269,4.393733,1980-09-20,1981-11-07,108.269207,False,209.084714,False
Michigan,1982,1982-09-02,1.098045,1.14351,1.160046,1.160046,False,10.911672,0.266713,12,8.148467,7.420886,1980-09-13,1981-11-21,92.465431,False,60.992994,False
Michigan State,1982,1982-09-02,1.232236,1.179309,1.160046,1.160046,False,10.918247,0.266831,12,5.524641,4.483426,1980-09-27,1981-11-14,63.286407,False,81.953518,False
Ohio State,1982,1982-09-02,1.186638,1.167544,1.160046,1.160046,False,11.779963,0.281952,13,9.081325,7.652986,1980-09-13,1981-11-14,103.499477,False,116.722757,False
Indiana,1982,1982-09-02,1.221973,1.174455,1.160046,1.160046,False,9.096982,0.232677,10,4.524414,3.702548,1980-09-13,1981-11-21,61.459439,False,77.986443,False
Purdue,1982,1982-09-02,1.317366,1.202018,1.160046,1.160046,False,10.916001,0.266791,12,8.152712,6.188647,1980-09-20,1981-11-14,99.585694,False,164.553603,False
Illinois,1982,1982-09-02,1.481281,1.234716,1.160046,1.160046,False,9.085236,0.232447,10,6.450429,4.354629,1980-09-06,1981-11-14,84.289063,False,180.2145,False
Northwestern,1982,1982-09-02,0.0,0.869164,1.160046,1.160046,False,10.040058,0.25075,11,0.0,1.504827,1980-10-04,1981-11-21,-30.159438,False,-400.0,True
Wisconsin,1982,1982-09-02,1.34015,1.211024,1.160046,1.160046,False,11.843697,0.283046,13,6.454239,4.816058,1980-09-13,1981-11-14,70.050676,False,112.190828,False
Minnesota,1982,1982-09-02,1.356587,1.215709,1.160046,1.160046,False,11.853528,0.283215,13,7.326607,5.400765,1980-09-13,1981-11-21,81.337714,False,135.231552,False
Iowa,1982,1982-09-02,1.290308,1.194799,1.160046,1.160046,False,10.916163,0.266793,12,6.463075,5.00894,1980-09-27,1981-11-21,76.044427,False,113.928156,False
Notre Dame,1982,1982-09-02,1.267683,1.190415,1.160046,1.160046,False,11.790785,0.282138,13,9.467737,7.468535,1980-09-06,1981-11-07,118.341175,False,174.656422,False
Toledo,1982,1982-09-02,2.088509,1.359725,1.160046,1.160046,False,8.219683,0.215064,9,7.342582,3.515705,1980-09-27,1981-11-14,115.848048,False,400.0,True
Ball State,1982,1982-09-02,0.987606,1.11989,1.160046,1.160046,False,9.106717,0.232868,10,4.520498,4.577227,1980-09-20,1981-11-14,47.543404,False,-4.902744,False
Western Michigan,1982,1982-09-02,1.024185,1.128428,1.160046,1.160046,False,9.099489,0.232727,10,5.455938,5.327103,1980-09-06,1981-11-21,59.183744,False,10.855759,False
Bowling Green,1982,1982-09-02,0.983701,1.125582,1.160046,1.160046,False,7.28729,0.195436,8,3.644784,3.705173,1980-09-13,1981-11-21,48.665195,False,-6.268696,False
Central Michigan,1982,1982-09-02,1.214313,1.171699,1.160046,1.160046,False,8.202958,0.21472,9,6.320784,5.205234,1980-09-06,1981-11-07,95.07687,False,122.106776,False
Eastern Michigan,1982,1982-09-02,0.0,0.979646,1.160046,1.160046,False,5.524461,0.155511,6,0.0,1.294188,1980-10-18,1981-11-14,-4.931128,False,-400.0,True
Northern Illinois,1982,1982-09-02,0.847091,1.098897,1.160046,1.160046,False,7.285303,0.195393,8,2.707224,3.195906,1980-09-13,1981-11-21,35.169672,False,-56.504565,False
Penn State,1982,1982-09-02,1.072627,1.13811,1.160046,1.160046,False,10.049582,0.250929,11,7.343588,6.84636,1980-09-27,1981-11-21,93.766032,False,47.009441,False
Pittsburgh,1982,1982-09-02,1.191526,1.167934,1.160046,1.160046,False,10.031018,0.250581,11,9.082408,7.622504,1980-09-13,1981-11-28,177.140085,False,213.142458,False
West Virginia,1982,1982-09-02,1.046502,1.131581,1.160046,1.160046,False,10.037158,0.250696,11,6.460162,6.173102,1980-09-06,1981-11-14,70.89166,False,24.217647,False
Maryland,1982,1982-09-02,1.247507,1.17875,1.160046,1.160046,False,8.160727,0.213851,9,5.40395,4.331799,1980-09-13,1981-11-21,73.582347,False,103.348268,False
Virginia,1982,1982-09-02,0.276318,0.9544,1.160046,1.160046,False,9.09828,0.232703,10,0.872453,3.157419,1980-09-13,1981-11-28,-13.566239,False,-297.918061,False
Virginia Tech,1982,1982-09-02,1.562184,1.213279,1.160046,1.160046,False,4.57712,0.132374,5,4.57712,2.929949,1980-10-18,1981-10-24,119.833741,False,400.0,True
NC State,1982,1982-09-02,1.182373,1.165646,1.160046,1.160046,False,10.043654,0.250818,11,5.398276,4.56563,1980-09-27,1981-11-21,69.584692,False,76.744577,False
Wake Forest,1982,1982-09-02,0.454908,0.996135,1.160046,1.160046,False,9.08551,0.232452,10,1.822702,4.006748,1980-09-06,1981-11-07,-1.238958,False,-204.635321,False
Duke,1982,1982-09-02,0.900244,1.099577,1.160046,1.160046,False,9.100817,0.232753,10,3.70511,4.115675,1980-09-06,1981-11-21,33.793681,False,-34.37578,False
North Carolina,1982,1982-09-02,1.116716,1.14849,1.160046,1.160046,False,10.910754,0.266696,12,9.023585,8.080467,1980-09-27,1981-11-07,131.508866,False,98.600713,False
East Carolina,1982,1982-09-02,1.173379,1.161808,1.160046,1.160046,False,4.567973,0.132145,5,1.878416,1.600861,1980-09-13,1981-10-24,45.412412,False,48.572385,False
Rutgers,1982,1982-09-02,0.643813,1.080614,1.160046,1.160046,False,5.455491,0.153869,6,1.809527,2.810643,1980-09-20,1981-11-07,37.642333,False,-160.601008,False
Syracuse,1982,1982-09-02,1.393134,1.225795,1.160046,1.160046,False,11.787287,0.282078,13,6.804994,4.884667,1980-09-20,1981-11-21,74.036287,False,129.034579,False
Boston College,1982,1982-09-02,1.39846,1.206926,1.160046,1.160046,False,7.342682,0.19663,8,4.519436,3.231723,1980-09-20,1981-11-21,73.047991,False,143.620839,False
Temple,1982,1982-09-02,0.974254,1.13171,1.160046,1.160046,False,5.398807,0.152514,6,1.814284,1.862228,1980-09-13,1981-11-21,39.414069,False,-7.884351,False
Army,1982,1982-09-02,0.850403,1.112804,1.160046,1.160046,False,5.401096,0.152569,6,1.755386,2.064182,1980-09-20,1981-10-24,34.708894,False,-48.024739,False
Navy,1982,1982-09-02,1.343973,1.188402,1.160046,1.160046,False,5.468122,0.15417,6,4.993817,3.715712,1980-09-20,1981-11-28,128.157174,False,295.387822,False
Kent State,1982,1982-09-02,1.255873,1.180546,1.160046,1.160046,False,8.164063,0.21392,9,4.524158,3.602401,1980-10-04,1981-11-21,63.296634,False,89.491236,False
Ohio,1982,1982-09-02,1.404962,1.225357,1.160046,1.160046,False,10.908977,0.266665,12,8.15079,5.801431,1980-09-20,1981-11-14,98.299976,False,187.503334,False
Miami (OH),1982,1982-09-02,1.527965,1.252363,1.160046,1.160046,False,10.048975,0.250917,11,8.706608,5.698174,1980-09-13,1981-11-21,117.640422,False,296.197738,False
Alabama,1982,1982-09-02,1.144185,1.155569,1.160046,1.160046,False,11.800323,0.282302,13,9.982528,8.724572,1980-09-06,1981-11-28,135.586431,False,123.425106,False
Auburn,1982,1982-09-02,1.305026,1.196377,1.160046,1.160046,False,10.031655,0.250593,11,6.395513,4.900677,1980-09-20,1981-11-07,79.756216,False,125.689857,False
Georgia,1982,1982-09-02,1.343016,1.217138,1.160046,1.160046,False,13.606518,0.312029,15,13.606518,10.131312,1980-09-13,1981-11-14,222.408318,False,400.0,True
Georgia Tech,1982,1982-09-02,0.337949,0.953838,1.160046,1.160046,False,10.044414,0.250832,11,0.874774,2.588478,1980-09-20,1981-12-05,-13.40714,False,-261.939479,False
Florida,1982,1982-09-02,1.27529,1.188814,1.160046,1.160046,False,9.980201,0.249629,11,8.21897,6.444787,1980-09-13,1981-11-28,109.576832,False,172.322949,False
Florida State,1982,1982-09-02,1.13933,1.154902,1.160046,1.160046,False,9.90967,0.248302,11,8.018739,7.038117,1980-09-13,1981-11-14,115.282839,False,101.841633,False
Miami (FL),1982,1982-09-02,1.550319,1.251376,1.160046,1.160046,False,9.165325,0.234016,10,8.287058,5.345389,1980-09-27,1981-11-27,128.673373,False,364.284742,False
South Carolina,1982,1982-09-02,1.136139,1.154456,1.160046,1.160046,False,9.155789,0.23383,10,6.335005,5.575906,1980-10-04,1981-11-21,87.754293,False,76.605276,False
Clemson,1982,1982-09-02,1.366312,1.208054,1.160046,1.160046,False,9.100479,0.232746,10,7.340439,5.372445,1980-09-13,1981-11-14,129.806123,False,244.31415,False
Tennessee,1982,1982-09-02,1.047311,1.130108,1.160046,1.160046,False,10.847746,0.265565,12,6.465695,6.173614,1980-09-06,1981-11-28,58.036466,False,20.724024,False
Vanderbilt,1982,1982-09-02,0.682459,1.048894,1.160046,1.160046,False,9.100075,0.232738,10,1.878433,2.752449,1980-09-20,1981-11-07,14.612148,False,-105.553974,False
Kentucky,1982,1982-09-02,1.192645,1.169238,1.160046,1.160046,False,11.781149,0.281973,13,4.508801,3.780506,1980-09-06,1981-11-21,45.68521,False,51.780718,False
LSU,1982,1982-09-02,1.173363,1.164024,1.160046,1.160046,False,12.77789,0.298703,14,7.674189,6.540335,1980-09-06,1981-11-14,68.582778,False,72.594438,False
Mississippi State,1982,1982-09-02,1.339369,1.204754,1.160046,1.160046,False,9.963356,0.249312,11,8.147673,6.083218,1980-09-13,1981-10-17,114.256954,False,207.468252,False
Ole Miss,1982,1982-09-02,0.728039,1.06018,1.160046,1.160046,False,9.020194,0.231167,10,2.70275,3.71237,1980-09-06,1981-11-21,19.808596,False,-94.923825,False
Washington,1983,1983-08-29,1.214586,1.171839,1.149278,1.149278,False,15.833654,0.345459,18,13.319165,10.966008,1980-09-13,1982-11-06,134.958623,False,176.684625,False
Washington State,1983,1983-08-29,1.035087,1.119643,1.149278,1.149278,False,10.514205,0.259519,12,5.229126,5.051869,1980-09-13,1982-11-20,53.502047,False,15.72066,False
Oregon,1983,1983-08-29,0.91879,1.081979,1.149278,1.149278,False,12.371983,0.291985,14,4.291779,4.671123,1980-09-06,1982-11-20,27.239273,False,-27.695668,False
Oregon State,1983,1983-08-29,0.713856,1.028051,1.149278,1.149278,False,11.574918,0.278411,13,1.343132,1.881516,1980-10-11,1982-11-27,6.140882,False,-71.791794,False
California,1983,1983-08-29,1.307611,1.204143,1.149278,1.149278,False,15.907915,0.346518,18,8.057702,6.162154,1980-09-27,1982-11-20,69.219629,False,103.443065,False
Stanford,1983,1983-08-29,1.008936,1.104449,1.149278,1.149278,False,14.08026,0.319423,16,6.983826,6.921974,1980-09-13,1982-11-06,46.180681,False,3.945856,False
USC,1983,1983-08-29,1.217353,1.17188,1.149278,1.149278,False,14.911821,0.332024,17,12.799682,10.514355,1980-09-20,1982-11-27,137.220094,False,184.099704,False
UCLA,1983,1983-08-29,1.349972,1.210302,1.149278,1.149278,False,13.107479,0.304065,15,11.844708,8.774043,1980-09-13,1982-11-20,147.815481,False,295.150898,False
San Jose State,1983,1983-08-29,0.803458,1.097414,1.149278,1.149278,False,5.29295,0.149972,6,2.652714,3.30162,1980-10-11,1982-11-20,49.235194,False,-92.108268,False
Fresno State,1983,1983-08-29,1.785218,1.243325,1.149278,1.149278,False,5.206589,0.147887,6,3.50895,1.965559,1980-09-20,1982-10-02,73.31021,False,236.023298,False
San Diego State,1983,1983-08-29,1.321715,1.202056,1.149278,1.149278,False,13.232092,0.306071,15,7.19351,5.442557,1980-09-27,1982-11-27,66.185904,False,104.569484,False
Hawai'i,1983,1983-08-29,1.061278,1.121024,1.149278,1.149278,False,14.186616,0.321061,16,8.829122,8.319331,1980-10-04,1982-12-04,69.140699,False,34.401072,False
UNLV,1983,1983-08-29,0.942625,1.092386,1.149278,1.149278,False,11.396462,0.2753,13,5.156123,5.469959,1980-09-13,1982-11-20,38.299229,False,-23.754082,False
Arizona,1983,1983-08-29,0.783027,1.022719,1.149278,1.149278,False,15.840262,0.345553,18,4.93455,6.301887,1980-09-20,1982-11-27,8.16528,False,-81.856217,False
Arizona State,1983,1983-08-29,1.28101,1.19656,1.149278,1.149278,False,16.796376,0.358925,19,15.025261,11.729231,1980-09-13,1982-11-13,161.219903,False,260.784689,False
BYU,1983,1983-08-29,1.098827,1.133853,1.149278,1.149278,False,13.210781,0.305729,15,11.39531,10.37043,1980-09-13,1982-11-13,151.190739,False,103.478218,False
Utah,1983,1983-08-29,1.341276,1.202316,1.149278,1.149278,False,11.450294,0.276242,13,9.235687,6.885746,1980-09-20,1982-11-20,116.811192,False,213.833479,False
Utah State,1983,1983-08-29,1.263249,1.166175,1.149278,1.149278,False,5.221977,0.148259,6,2.264609,1.792686,1980-10-04,1982-10-30,52.744365,False,82.682234,False
Colorado,1983,1983-08-29,1.160319,1.153256,1.149278,1.149278,False,16.898736,0.360324,19,4.876074,4.202356,1980-09-27,1982-11-13,37.530789,False,39.194246,False
Colorado State,1983,1983-08-29,1.008871,1.104589,1.149278,1.149278,False,14.006438,0.318282,16,5.68726,5.637252,1980-09-06,1982-11-06,39.050519,False,3.334067,False
Wyoming,1983,1983-08-29,1.15011,1.149505,1.149278,1.149278,False,11.302003,0.273643,13,7.73196,6.7228,1980-09-13,1982-10-23,83.08367,False,83.436691,False
Air Force,1983,1983-08-29,1.633613,1.310913,1.149278,1.149278,False,15.026575,0.333727,17,8.46303,5.180561,1980-09-20,1982-11-20,84.857925,False,168.884474,False
New Mexico,1983,1983-08-29,1.08463,1.129467,1.149278,1.149278,False,13.255579,0.306448,15,8.092723,7.461273,1980-09-06,1982-11-20,64.124711,False,41.552863,False
New Mexico State,1983,1983-08-29,0.373577,1.034366,1.149278,1.149278,False,5.216998,0.148139,6,0.814684,2.180764,1980-09-13,1982-10-09,11.723132,False,-260.782806,False
UTEP,1983,1983-08-29,0.56115,0.960707,1.149278,1.149278,False,14.158474,0.320629,16,1.827826,3.257284,1980-09-20,1982-11-20,-10.867454,False,-142.460403,False
Kansas,1983,1983-08-29,1.007429,1.095231,1.149278,1.149278,False,18.466384,0.381014,21,9.731839,9.660074,1980-09-13,1982-11-06,43.215533,False,3.33203,False
Kansas State,1983,1983-08-29,1.398319,1.213959,1.149278,1.149278,False,10.52533,0.259722,12,5.349674,3.825789,1980-09-27,1982-11-20,66.916918,False,123.419364,False
Nebraska,1983,1983-08-29,1.161893,1.153782,1.149278,1.149278,False,16.658569,0.357031,19,14.139782,12.169602,1980-09-13,1982-11-26,135.939568,False,144.713887,False
Iowa State,1983,1983-08-29,1.156545,1.151782,1.149278,1.149278,False,15.776366,0.34464,18,8.624886,7.457458,1980-09-13,1982-11-13,63.480701,False,65.495386,False
Oklahoma State,1983,1983-08-29,1.106682,1.137637,1.149278,1.149278,False,11.281074,0.273275,13,6.175187,5.579913,1980-10-04,1982-11-20,52.87116,False,40.896224,False
Tulsa,1983,1983-08-29,1.512813,1.21768,1.149278,1.149278,False,6.95309,0.18816,8,6.0813,4.019862,1980-09-13,1982-09-19,98.13209,False,288.235403,False
Texas,1983,1983-08-29,1.357641,1.228568,1.149278,1.149278,False,18.429065,0.380537,21,15.397181,11.341128,1980-09-01,1982-12-04,128.94764,False,222.775546,False
Texas A&M,1983,1983-08-29,1.013899,1.107892,1.149278,1.149278,False,13.209118,0.305702,15,6.228761,6.143373,1980-09-20,1982-11-20,38.935627,False,5.034091,False
Baylor,1983,1983-08-29,1.27201,1.182928,1.149278,1.149278,False,11.332226,0.274174,13,7.738226,6.083464,1980-10-04,1982-11-20,97.489664,False,149.887016,False
TCU,1983,1983-08-29,1.151723,1.150057,1.149278,1.149278,False,14.033228,0.318696,16,4.959576,4.306224,1980-09-13,1982-11-13,41.825343,False,42.276003,False
Texas Tech,1983,1983-08-29,0.982969,1.094254,1.149278,1.149278,False,14.833246,0.330854,17,5.086881,5.175016,1980-09-06,1982-11-20,27.728606,False,-5.111179,False
Houston,1983,1983-08-29,1.183732,1.160742,1.149278,1.149278,False,14.96095,0.332754,17,10.090689,8.524473,1980-09-20,1982-11-27,80.756192,False,92.834327,False
Rice,1983,1983-08-29,0.617396,0.986658,1.149278,1.149278,False,13.211768,0.305745,15,2.570887,4.164079,1980-09-27,1982-11-13,-3.900879,False,-125.754554,False
SMU,1983,1983-08-29,1.142261,1.147243,1.149278,1.149278,False,12.253791,0.290005,14,10.553743,9.239341,1980-09-13,1982-10-30,140.138641,False,134.220089,False
Tulane,1983,1983-08-29,1.025847,1.105016,1.149278,1.149278,False,16.772172,0.358593,19,9.631881,9.389198,1980-09-06,1982-11-20,49.026823,False,11.909476,False
Louisiana,1983,1983-08-29,1.450577,1.185886,1.149278,1.149278,False,4.149232,0.121503,5,3.332381,2.297279,1980-09-06,1981-09-26,76.761258,False,210.520052,False
Memphis,1983,1983-08-29,0.243956,0.886837,1.149278,1.149278,False,12.24678,0.289887,14,0.817937,3.352808,1980-09-06,1982-11-20,-31.434658,False,-310.117562,False
Oklahoma,1983,1983-08-29,1.167566,1.155366,1.149278,1.149278,False,14.970973,0.332903,17,11.396247,9.76069,1980-09-13,1982-11-13,102.058483,False,110.920164,False
Arkansas,1983,1983-08-29,1.303197,1.206443,1.149278,1.149278,False,17.724672,0.371394,20,14.663874,11.252227,1980-09-20,1982-11-20,126.211465,False,200.174484,False
Missouri,1983,1983-08-29,1.19082,1.164135,1.149278,1.149278,False,16.704158,0.357659,19,13.654998,11.46689,1980-09-13,1982-11-20,118.380566,False,141.409587,False
Louisville,1983,1983-08-29,1.141572,1.147408,1.149278,1.149278,False,9.613041,0.242674,11,5.215385,4.5686,1980-09-06,1982-10-09,56.372628,False,54.105805,False
Southern Miss,1983,1983-08-29,1.294774,1.189569,1.149278,1.149278,False,11.489513,0.276926,13,9.287264,7.172887,1980-09-20,1982-10-30,111.779247,False,186.635377,False
Michigan,1983,1983-08-29,1.076146,1.124014,1.149278,1.149278,False,15.832652,0.345445,18,12.314541,11.443192,1980-09-13,1982-11-13,96.202198,False,56.198331,False
Michigan State,1983,1983-08-29,0.840688,1.046839,1.149278,1.149278,False,14.90718,0.331955,17,5.158831,6.136442,1980-09-27,1982-11-20,16.631376,False,-58.106426,False
Ohio State,1983,1983-08-29,1.055702,1.114691,1.149278,1.149278,False,17.590085,0.369617,20,12.252781,11.606285,1980-09-13,1982-11-20,71.24859,False,33.539106,False
Indiana,1983,1983-08-29,1.037649,1.113515,1.149278,1.149278,False,14.141872,0.320373,16,6.098086,5.876829,1980-09-13,1982-11-13,39.630352,False,13.249449,False
Purdue,1983,1983-08-29,1.181661,1.160467,1.149278,1.149278,False,15.839214,0.345539,18,9.499878,8.03943,1980-09-20,1982-11-20,66.28277,False,75.234782,False
Illinois,1983,1983-08-29,1.178108,1.158504,1.149278,1.149278,False,14.118414,0.320012,16,8.833207,7.497792,1980-09-06,1982-11-06,70.110509,False,78.965351,False
Northwestern,1983,1983-08-29,0.973838,1.09324,1.149278,1.149278,False,14.079625,0.319413,16,1.878236,1.928695,1980-10-04,1982-11-13,19.134232,False,-5.625604,False
Wisconsin,1983,1983-08-29,1.168953,1.156567,1.149278,1.149278,False,17.655843,0.370486,20,9.798374,8.382178,1980-09-13,1982-11-20,65.13899,False,70.287246,False
Minnesota,1983,1983-08-29,1.105901,1.133759,1.149278,1.149278,False,16.712141,0.357769,19,8.714734,7.880215,1980-09-13,1982-11-13,50.215731,False,39.751653,False
Iowa,1983,1983-08-29,1.243704,1.180615,1.149278,1.149278,False,14.901469,0.33187,17,8.864998,7.1279,1980-09-27,1982-11-13,73.228198,False,99.215149,False
Notre Dame,1983,1983-08-29,1.19275,1.165351,1.149278,1.149278,False,17.600165,0.36975,20,13.071254,10.958922,1980-09-06,1982-11-13,103.448538,False,122.005391,False
Toledo,1983,1983-08-29,1.666259,1.29198,1.149278,1.149278,False,11.438172,0.27603,13,9.673772,5.805682,1980-09-27,1982-11-06,124.000936,False,324.677743,False
Ball State,1983,1983-08-29,0.996419,1.107394,1.149278,1.149278,False,11.322338,0.274,13,5.164044,5.182604,1980-09-20,1982-10-23,39.248316,False,-1.317338,False
Western Michigan,1983,1983-08-29,1.149485,1.149344,1.149278,1.149278,False,14.155469,0.320582,16,9.809045,8.533422,1980-09-06,1982-11-20,78.136942,False,78.215254,False
Bowling Green,1983,1983-08-29,1.150805,1.149701,1.149278,1.149278,False,11.511649,0.277311,13,8.110329,7.047524,1980-09-13,1982-11-13,82.206533,False,82.851068,False
Central Michigan,1983,1983-08-29,1.280443,1.185462,1.149278,1.149278,False,11.4288,0.275866,13,8.734627,6.821569,1980-09-06,1982-11-13,91.101102,False,144.762377,False
Eastern Michigan,1983,1983-08-29,0.477636,0.995227,1.149278,1.149278,False,8.928893,0.229364,10,0.945376,1.979282,1980-10-18,1982-11-06,-1.146496,False,-161.076725,False
Northern Illinois,1983,1983-08-29,1.275434,1.184272,1.149278,1.149278,False,11.516045,0.277388,13,6.301983,4.941049,1980-09-13,1982-11-20,62.332958,False,92.937209,False
Penn State,1983,1983-08-29,1.129991,1.142579,1.149278,1.149278,False,15.964138,0.347317,18,13.437319,11.891529,1980-09-27,1982-11-26,133.535056,False,119.510731,False
Pittsburgh,1983,1983-08-29,1.137652,1.145399,1.149278,1.149278,False,15.01997,0.333629,17,13.188795,11.592993,1980-09-13,1982-11-20,156.684332,False,145.986791,False
West Virginia,1983,1983-08-29,1.065654,1.122561,1.149278,1.149278,False,14.084425,0.319488,16,9.80141,9.197557,1980-09-06,1982-11-20,76.159308,False,39.562251,False
Maryland,1983,1983-08-29,1.312307,1.196779,1.149278,1.149278,False,12.334912,0.291365,14,8.814041,6.716445,1980-09-13,1982-11-13,84.618199,False,138.980613,False
Virginia,1983,1983-08-29,0.486144,0.956829,1.149278,1.149278,False,12.266086,0.290211,14,1.757551,3.615287,1980-09-13,1982-11-20,-12.309577,False,-175.866408,False
Virginia Tech,1983,1983-08-29,1.155626,1.150741,1.149278,1.149278,False,8.984319,0.23046,10,6.166961,5.336467,1980-10-18,1982-11-25,83.522969,False,86.416215,False
NC State,1983,1983-08-29,1.392732,1.227058,1.149278,1.149278,False,14.08425,0.319485,16,8.803594,6.321097,1980-09-27,1982-11-13,90.403367,False,160.078145,False
Wake Forest,1983,1983-08-29,0.408914,0.959085,1.149278,1.149278,False,10.370919,0.256891,12,1.702014,4.162281,1980-09-06,1982-11-13,-12.782236,False,-224.471462,False
Duke,1983,1983-08-29,0.915953,1.077951,1.149278,1.149278,False,13.208833,0.305698,15,6.290916,6.868165,1980-09-06,1982-11-20,33.123181,False,-35.620891,False
North Carolina,1983,1983-08-29,1.092709,1.128984,1.149278,1.149278,False,16.783079,0.358743,19,14.076748,12.882428,1980-09-27,1982-11-25,130.643006,False,88.240287,False
East Carolina,1983,1983-08-29,1.591664,1.214666,1.149278,1.149278,False,5.203379,0.147809,6,2.691909,1.691255,1980-09-13,1982-09-25,57.265428,False,150.932656,False
Rutgers,1983,1983-08-29,0.710276,1.057633,1.149278,1.149278,False,7.915039,0.208757,9,2.630076,3.702891,1980-09-20,1982-11-11,24.348432,False,-122.903459,False
Syracuse,1983,1983-08-29,1.036655,1.110577,1.149278,1.149278,False,15.706169,0.343633,18,6.354407,6.129721,1980-09-20,1982-11-06,35.43892,False,11.845241,False
Boston College,1983,1983-08-29,1.341552,1.20277,1.149278,1.149278,False,11.56336,0.27821,13,7.515241,5.601902,1980-09-20,1982-11-13,86.298746,False,148.459304,False
Temple,1983,1983-08-29,0.501825,1.014693,1.149278,1.149278,False,7.872467,0.207868,9,1.694153,3.37598,1980-09-13,1982-11-20,5.580502,False,-210.896944,False
Army,1983,1983-08-29,0.725433,1.061122,1.149278,1.149278,False,7.878342,0.207991,9,1.639155,2.259553,1980-09-20,1982-11-13,17.529872,False,-86.448861,False
Navy,1983,1983-08-29,1.215092,1.163037,1.149278,1.149278,False,7.92972,0.209063,9,6.54895,5.389676,1980-09-20,1982-12-04,110.91343,False,154.116669,False
Kent State,1983,1983-08-29,0.995096,1.104347,1.149278,1.149278,False,12.337839,0.291414,14,4.224595,4.245413,1980-10-04,1982-11-13,32.79988,False,-1.578193,False
Ohio,1983,1983-08-29,1.403097,1.229888,1.149278,1.149278,False,13.961899,0.317591,16,10.440967,7.441372,1980-09-20,1982-11-20,105.211001,False,194.970758,False
Miami (OH),1983,1983-08-29,1.603251,1.287636,1.149278,1.149278,False,13.151323,0.304772,15,11.897839,7.421072,1980-09-13,1982-11-06,137.719001,False,370.678212,False
Alabama,1983,1983-08-29,1.048811,1.116104,1.149278,1.149278,False,14.789219,0.330196,17,11.199779,10.67855,1980-09-06,1982-11-13,90.163678,False,35.503551,False
Auburn,1983,1983-08-29,1.34683,1.222946,1.149278,1.149278,False,17.839552,0.372904,20,12.558425,9.32443,1980-09-20,1982-11-27,100.857978,False,161.816808,False
Georgia,1983,1983-08-29,1.321676,1.21676,1.149278,1.149278,False,19.296079,0.391432,22,19.296079,14.599705,1980-09-13,1982-11-27,254.42854,False,400.0,True
Georgia Tech,1983,1983-08-29,0.754005,1.028836,1.149278,1.149278,False,13.147077,0.304704,15,2.705094,3.587635,1980-09-20,1982-11-06,8.565112,False,-79.2943,False
Florida,1983,1983-08-29,1.377392,1.221895,1.149278,1.149278,False,14.010001,0.318337,16,11.426271,8.295583,1980-09-13,1982-10-30,113.576839,False,212.522664,False
Florida State,1983,1983-08-29,1.045678,1.117908,1.149278,1.149278,False,13.028796,0.302792,15,9.376033,8.96646,1980-09-13,1982-12-04,85.058062,False,31.163028,False
Miami (FL),1983,1983-08-29,1.360635,1.214081,1.149278,1.149278,False,13.26533,0.306604,15,11.501096,8.452739,1980-09-27,1982-11-20,129.481036,False,252.343109,False
South Carolina,1983,1983-08-29,1.088096,1.131471,1.149278,1.149278,False,12.31605,0.291049,14,6.86217,6.306586,1980-10-04,1982-11-13,62.439475,False,41.517894,False
Clemson,1983,1983-08-29,1.281408,1.189695,1.149278,1.149278,False,13.221048,0.305894,15,11.577547,9.035021,1980-09-13,1982-11-27,168.077812,False,274.452084,False
Tennessee,1983,1983-08-29,1.161962,1.153816,1.149278,1.149278,False,16.713359,0.357785,19,11.217139,9.65362,1980-09-06,1982-11-20,76.957695,False,81.256558,False
Vanderbilt,1983,1983-08-29,1.493309,1.254485,1.149278,1.149278,False,13.215654,0.305807,15,6.472187,4.334125,1980-09-20,1982-11-27,72.598075,False,137.601254,False
Kentucky,1983,1983-08-29,0.99156,1.095062,1.149278,1.149278,False,15.714186,0.343749,18,4.210255,4.246091,1980-09-06,1982-11-13,24.621819,False,-2.248544,False
LSU,1983,1983-08-29,1.193466,1.16561,1.149278,1.149278,False,17.590338,0.36962,20,11.875423,9.950369,1980-09-06,1982-11-27,81.629454,False,96.19213,False
Mississippi State,1983,1983-08-29,1.308826,1.200103,1.149278,1.149278,False,14.024269,0.318558,16,9.502704,7.260481,1980-09-13,1982-11-20,91.611517,False,144.638235,False
Ole Miss,1983,1983-08-29,1.036446,1.113267,1.149278,1.149278,False,14.062701,0.319152,16,6.280303,6.059462,1980-09-06,1982-11-13,39.465775,False,12.759332,False
Washington,1984,1984-08-27,1.181538,1.160521,1.146209,1.146209,False,20.429074,0.405105,24,17.134525,14.501883,1980-09-13,1983-11-19,132.100305,False,153.278225,False
Washington State,1984,1984-08-27,1.165308,1.152438,1.146209,1.146209,False,14.519292,0.326135,17,7.708728,6.615187,1980-09-13,1983-11-12,62.096199,False,67.335016,False
Oregon,1984,1984-08-27,1.127642,1.139935,1.146209,1.146209,False,15.312686,0.337934,18,5.883557,5.217575,1980-09-06,1983-11-05,42.57625,False,38.918435,False
Oregon State,1984,1984-08-27,1.073385,1.121385,1.146209,1.146209,False,15.515472,0.340883,18,2.67155,2.488902,1980-10-11,1983-11-19,25.524148,False,15.686799,False
California,1984,1984-08-27,1.3433,1.221674,1.146209,1.146209,False,18.613868,0.382892,22,10.343502,7.700069,1980-09-27,1983-11-05,80.372401,False,123.745917,False
Stanford,1984,1984-08-27,0.925828,1.061328,1.146209,1.146209,False,18.792912,0.385157,22,7.460553,8.058252,1980-09-13,1983-11-27,23.377958,False,-28.849662,False
USC,1984,1984-08-27,1.093454,1.125999,1.146209,1.146209,False,18.62964,0.383092,22,13.8311,12.649006,1980-09-20,1983-11-19,90.892643,False,65.908539,False
UCLA,1984,1984-08-27,1.317599,1.203488,1.146209,1.146209,False,15.058717,0.334202,18,12.941113,9.821741,1980-09-13,1983-10-29,130.823741,False,227.796596,False
San Jose State,1984,1984-08-27,0.84507,1.084301,1.146209,1.146209,False,7.763319,0.205578,9,4.350156,5.147688,1980-10-11,1983-11-26,47.783076,False,-79.360688,False
Fresno State,1984,1984-08-27,1.045717,1.125726,1.146209,1.146209,False,7.680195,0.203826,9,3.274743,3.131575,1980-09-20,1983-11-05,39.650542,False,14.542057,False
San Diego State,1984,1984-08-27,1.205177,1.167588,1.146209,1.146209,False,17.062057,0.362544,20,8.118315,6.7362,1980-09-27,1983-11-26,54.156008,False,66.060735,False
Hawai'i,1984,1984-08-27,1.03871,1.105951,1.146209,1.146209,False,17.961654,0.3745,21,11.062186,10.649925,1980-10-04,1983-12-03,61.11738,False,21.926342,False
UNLV,1984,1984-08-27,1.111646,1.135502,1.146209,1.146209,False,13.464401,0.30978,16,6.698962,6.026162,1980-09-13,1983-10-29,51.071822,False,42.106809,False
Arizona,1984,1984-08-27,0.891222,1.040147,1.146209,1.146209,False,21.365622,0.415952,25,8.831269,9.909174,1980-09-20,1983-11-12,17.65812,False,-48.60374,False
Arizona State,1984,1984-08-27,1.111329,1.130992,1.146209,1.146209,False,23.217077,0.436271,27,18.259725,16.430538,1980-09-13,1983-11-26,103.371942,False,86.303734,False
BYU,1984,1984-08-27,1.139255,1.14369,1.146209,1.146209,False,17.045903,0.362325,20,15.351607,13.475125,1980-09-13,1983-11-19,174.944693,False,167.529648,False
Utah,1984,1984-08-27,1.472739,1.252322,1.146209,1.146209,False,14.442514,0.324971,17,12.375722,8.403204,1980-09-20,1983-10-15,136.496795,False,295.356271,False
Utah State,1984,1984-08-27,2.054584,1.331827,1.146209,1.146209,False,7.704558,0.20434,9,4.944581,2.406609,1980-10-04,1983-11-12,91.533031,False,280.256983,False
Colorado,1984,1984-08-27,1.163906,1.153581,1.146209,1.146209,False,21.416809,0.416533,25,7.373004,6.334705,1980-09-27,1983-11-19,43.097894,False,45.900106,False
Colorado State,1984,1984-08-27,1.352461,1.220335,1.146209,1.146209,False,16.830563,0.359393,20,8.132513,6.013121,1980-09-06,1983-10-29,73.668211,False,116.358035,False
Wyoming,1984,1984-08-27,1.258744,1.182555,1.146209,1.146209,False,14.311643,0.322977,17,10.039519,7.97582,1980-09-13,1983-11-19,94.839117,False,137.328783,False
Air Force,1984,1984-08-27,1.498146,1.285585,1.146209,1.146209,False,19.670849,0.396024,23,12.607521,8.415413,1980-09-20,1983-11-05,101.937119,False,178.171336,False
New Mexico,1984,1984-08-27,1.159893,1.150997,1.146209,1.146209,False,16.144866,0.349874,19,11.326608,9.765215,1980-09-06,1983-11-19,84.588739,False,89.898558,False
New Mexico State,1984,1984-08-27,0.349882,1.017071,1.146209,1.146209,False,5.806656,0.162167,7,0.760307,2.173041,1980-09-13,1983-09-24,5.586182,False,-270.439978,False
UTEP,1984,1984-08-27,0.617717,0.948643,1.146209,1.146209,False,17.910336,0.37383,21,2.639967,4.273748,1980-09-20,1983-11-05,-14.21999,False,-119.992859,False
Kansas,1984,1984-08-27,1.016101,1.089913,1.146209,1.146209,False,22.881105,0.43269,27,11.439478,11.258214,1980-09-13,1983-11-19,37.946146,False,6.766216,False
Kansas State,1984,1984-08-27,1.319175,1.20264,1.146209,1.146209,False,14.527176,0.326254,17,6.867103,5.205605,1980-09-27,1983-11-12,63.999228,False,100.249502,False
Nebraska,1984,1984-08-27,1.161961,1.152895,1.146209,1.146209,False,22.127181,0.424485,26,19.776512,17.019952,1980-09-13,1983-11-12,176.478518,False,190.450398,False
Iowa State,1984,1984-08-27,1.115854,1.133602,1.146209,1.146209,False,21.309725,0.415316,25,10.869064,9.740583,1980-09-13,1983-11-19,52.771157,False,45.755226,False
Oklahoma State,1984,1984-08-27,0.967423,1.088512,1.146209,1.146209,False,14.294585,0.322716,17,6.702138,6.927825,1980-10-04,1983-11-05,35.147296,False,-12.949173,False
Tulsa,1984,1984-08-27,1.518867,1.227451,1.146209,1.146209,False,8.363508,0.218007,10,7.549905,4.970747,1980-09-13,1983-10-08,110.50002,False,330.368308,False
Texas,1984,1984-08-27,1.305237,1.213344,1.146209,1.146209,False,21.917132,0.422156,26,19.087612,14.623869,1980-09-01,1983-11-19,152.257167,False,241.406629,False
Texas A&M,1984,1984-08-27,1.051493,1.109576,1.146209,1.146209,False,18.921184,0.386769,22,8.170824,7.770688,1980-09-20,1983-11-26,36.175124,False,17.09847,False
Baylor,1984,1984-08-27,1.256632,1.183476,1.146209,1.146209,False,15.282722,0.337496,18,10.990735,8.746185,1980-10-04,1983-11-12,108.745397,False,157.346388,False
TCU,1984,1984-08-27,0.920548,1.059409,1.146209,1.146209,False,18.752561,0.384648,22,5.101234,5.541517,1980-09-13,1983-11-19,16.744438,False,-23.190981,False
Texas Tech,1984,1984-08-27,0.927983,1.062812,1.146209,1.146209,False,18.556308,0.382161,22,6.628087,7.142464,1980-09-06,1983-11-26,20.365943,False,-23.912811,False
Houston,1984,1984-08-27,1.101803,1.129714,1.146209,1.146209,False,17.730137,0.371466,21,10.365071,9.407371,1980-09-20,1983-11-19,60.265368,False,47.10933,False
Rice,1984,1984-08-27,0.654904,0.962246,1.146209,1.146209,False,17.956837,0.374437,21,3.337162,5.095647,1980-09-27,1983-10-22,-10.580817,False,-107.598085,False
SMU,1984,1984-08-27,1.083819,1.123563,1.146209,1.146209,False,17.094436,0.362982,20,14.564992,13.438586,1980-09-13,1983-11-26,142.175963,False,89.409354,False
Tulane,1984,1984-08-27,1.054047,1.107944,1.146209,1.146209,False,21.298709,0.41519,25,11.802617,11.197428,1980-09-06,1983-11-19,46.247091,False,23.028732,False
Louisiana,1984,1984-08-27,1.277566,1.164369,1.146209,1.146209,False,4.812654,0.138244,6,3.109959,2.434284,1980-09-06,1983-10-08,61.879659,False,106.480339,False
Memphis,1984,1984-08-27,0.665335,0.984626,1.146209,1.146209,False,15.182107,0.33602,18,2.637849,3.964691,1980-09-06,1983-10-15,-4.027991,False,-98.751276,False
Oklahoma,1984,1984-08-27,1.141266,1.144254,1.146209,1.146209,False,19.628993,0.395515,23,14.407087,12.623775,1980-09-13,1983-11-26,96.464113,False,94.306638,False
Arkansas,1984,1984-08-27,1.216265,1.176712,1.146209,1.146209,False,23.135505,0.435406,27,17.44412,14.342371,1980-09-20,1983-11-19,105.771339,False,132.305205,False
Missouri,1984,1984-08-27,1.241307,1.18663,1.146209,1.146209,False,22.178089,0.425046,26,17.451714,14.059146,1980-09-13,1983-11-12,118.745143,False,160.005249,False
Cincinnati,1984,1984-08-27,1.737746,1.239919,1.146209,1.146209,False,5.647124,0.158417,7,4.825921,2.777116,1980-11-08,1981-11-14,98.71996,False,363.563511,False
Louisville,1984,1984-08-27,1.071861,1.124043,1.146209,1.146209,False,12.743819,0.298144,15,5.803906,5.414795,1980-09-06,1983-11-24,45.374233,False,26.301877,False
Southern Miss,1984,1984-08-27,1.128311,1.140378,1.146209,1.146209,False,14.497882,0.325811,17,10.551866,9.351911,1980-09-20,1983-11-19,85.131342,False,77.269971,False
Michigan,1984,1984-08-27,1.147803,1.146855,1.146209,1.146209,False,20.42814,0.405094,24,17.144847,14.937104,1980-09-13,1983-11-19,124.599848,False,125.567699,False
Michigan State,1984,1984-08-27,0.87019,1.037286,1.146209,1.146209,False,19.555679,0.39462,23,7.163563,8.232185,1980-09-27,1983-11-12,13.650676,False,-48.391426,False
Ohio State,1984,1984-08-27,1.07822,1.117396,1.146209,1.146209,False,22.064509,0.423792,26,17.083447,15.844125,1980-09-13,1983-11-12,95.110483,False,61.147679,False
Indiana,1984,1984-08-27,1.04048,1.105416,1.146209,1.146209,False,18.846463,0.385831,22,8.508429,8.177405,1980-09-13,1983-11-19,38.345136,False,14.778485,False
Purdue,1984,1984-08-27,1.12634,1.138617,1.146209,1.146209,False,18.551018,0.382093,22,9.809923,8.709562,1980-09-20,1983-11-12,54.220435,False,49.399231,False
Illinois,1984,1984-08-27,1.346602,1.221054,1.146209,1.146209,False,17.884182,0.373488,21,12.95174,9.618091,1980-09-06,1983-11-12,100.956664,False,163.215543,False
Northwestern,1984,1984-08-27,0.920103,1.061861,1.146209,1.146209,False,17.850504,0.373047,21,2.695739,2.929824,1980-10-04,1983-11-19,14.179707,False,-19.326725,False
Wisconsin,1984,1984-08-27,1.159532,1.152,1.146209,1.146209,False,23.063769,0.434642,27,12.907141,11.131339,1980-09-13,1983-11-19,61.524637,False,64.586791,False
Minnesota,1984,1984-08-27,1.017281,1.094169,1.146209,1.146209,False,20.304798,0.403635,24,8.133064,7.994904,1980-09-13,1983-11-12,34.027339,False,6.279406,False
Iowa,1984,1984-08-27,1.258929,1.189376,1.146209,1.146209,False,18.618724,0.382954,22,12.985161,10.314453,1980-09-27,1983-11-19,100.579934,False,139.655362,False
Notre Dame,1984,1984-08-27,1.051032,1.106863,1.146209,1.146209,False,21.14231,0.413402,25,14.085793,13.401864,1980-09-06,1983-11-19,66.044105,False,30.935152,False
Toledo,1984,1984-08-27,1.471609,1.256518,1.146209,1.146209,False,15.385339,0.338994,18,12.790814,8.69172,1980-09-27,1983-11-19,130.568719,False,266.754938,False
Ball State,1984,1984-08-27,0.917925,1.075738,1.146209,1.146209,False,13.396491,0.3087,16,5.763487,6.278823,1980-09-20,1983-11-12,28.97064,False,-31.839202,False
Western Michigan,1984,1984-08-27,0.966606,1.079031,1.146209,1.146209,False,17.926273,0.374039,21,10.102225,10.451234,1980-09-06,1983-11-19,39.62453,False,-16.398898,False
Bowling Green,1984,1984-08-27,1.169883,1.15426,1.146209,1.146209,False,15.45892,0.340064,18,11.344257,9.696916,1980-09-13,1983-11-19,87.900268,False,97.581644,False
Central Michigan,1984,1984-08-27,1.229927,1.173404,1.146209,1.146209,False,14.433703,0.324837,17,10.976487,8.924501,1980-09-06,1983-11-05,96.271185,False,131.730944,False
Eastern Michigan,1984,1984-08-27,0.397924,0.931104,1.146209,1.146209,False,12.10316,0.287464,14,0.882276,2.217195,1980-10-18,1983-11-12,-16.3172,False,-193.20714,False
Northern Illinois,1984,1984-08-27,1.404505,1.230471,1.146209,1.146209,False,14.525155,0.326224,17,9.659109,6.877235,1980-09-13,1983-11-19,87.718158,False,156.940382,False
Penn State,1984,1984-08-27,1.137159,1.142631,1.146209,1.146209,False,19.612982,0.39532,23,15.844247,13.933183,1980-09-27,1983-11-19,110.509396,False,105.656857,False
Pittsburgh,1984,1984-08-27,1.162854,1.152404,1.146209,1.146209,False,17.783953,0.372174,21,16.075001,13.823751,1980-09-13,1983-11-12,173.593044,False,190.363489,False
West Virginia,1984,1984-08-27,1.117661,1.135559,1.146209,1.146209,False,17.851232,0.373057,21,13.854089,12.395611,1980-09-06,1983-11-12,100.139983,False,85.55194,False
Maryland,1984,1984-08-27,1.317959,1.208686,1.146209,1.146209,False,17.152577,0.363768,20,12.930083,9.810684,1980-09-13,1983-10-29,101.351681,False,161.260855,False
Virginia,1984,1984-08-27,1.048045,1.113182,1.146209,1.146209,False,15.211423,0.336451,18,4.456397,4.252104,1980-09-13,1983-11-19,29.891829,False,12.87899,False
Virginia Tech,1984,1984-08-27,1.140832,1.14466,1.146209,1.146209,False,12.146152,0.288191,14,8.581458,7.522104,1980-10-18,1983-11-12,83.245012,False,80.873996,False
NC State,1984,1984-08-27,1.144428,1.145567,1.146209,1.146209,False,16.91193,0.360504,20,8.215992,7.179125,1980-09-27,1983-11-19,56.000823,False,55.560464,False
Wake Forest,1984,1984-08-27,0.506977,0.948358,1.146209,1.146209,False,13.447681,0.309514,16,2.531279,4.992883,1980-09-06,1983-11-05,-15.70433,False,-173.626337,False
Duke,1984,1984-08-27,0.974954,1.084185,1.146209,1.146209,False,17.034953,0.362176,20,7.761418,7.960801,1980-09-06,1983-11-10,33.248729,False,-9.925658,False
North Carolina,1984,1984-08-27,1.070624,1.115643,1.146209,1.146209,False,20.368521,0.40439,24,16.89745,15.7828,1980-09-27,1983-11-19,120.11538,False,68.047545,False
East Carolina,1984,1984-08-27,1.635974,1.235982,1.146209,1.146209,False,6.733074,0.183297,8,4.389234,2.682949,1980-09-13,1983-10-15,75.860928,False,205.212851,False
Rutgers,1984,1984-08-27,0.600254,0.998234,1.146209,1.146209,False,11.154499,0.27104,13,2.45453,4.089154,1980-09-20,1983-11-19,-0.651139,False,-160.448478,False
Syracuse,1984,1984-08-27,1.363153,1.233773,1.146209,1.146209,False,20.303867,0.403624,24,10.634679,7.801528,1980-09-20,1983-11-19,75.584625,False,117.037373,False
Boston College,1984,1984-08-27,1.526776,1.270547,1.146209,1.146209,False,14.5579,0.326719,17,9.842105,6.446332,1980-09-20,1983-11-25,101.650398,False,202.706242,False
Temple,1984,1984-08-27,0.728471,1.033355,1.146209,1.146209,False,11.104597,0.270155,13,3.461671,4.751966,1980-09-13,1983-11-12,12.606615,False,-106.79843,False
Army,1984,1984-08-27,0.959054,1.098792,1.146209,1.146209,False,10.179854,0.253357,12,2.470114,2.575572,1980-09-20,1983-11-05,26.831886,False,-11.522318,False
Navy,1984,1984-08-27,1.132262,1.142423,1.146209,1.146209,False,11.178025,0.271456,13,7.060806,6.236018,1980-09-20,1983-11-25,73.187536,False,67.786347,False
Kent State,1984,1984-08-27,0.938462,1.073279,1.146209,1.146209,False,16.228704,0.351053,19,4.887997,5.20852,1980-10-04,1983-11-12,21.664571,False,-18.848199,False
Ohio,1984,1984-08-27,1.224605,1.175337,1.146209,1.146209,False,17.736868,0.371555,21,10.681949,8.722774,1980-09-20,1983-11-12,71.883479,False,92.526628,False
Miami (OH),1984,1984-08-27,1.322561,1.207655,1.146209,1.146209,False,16.042508,0.348428,19,12.044076,9.106629,1980-09-13,1983-11-05,98.755535,False,160.366402,False
Alabama,1984,1984-08-27,1.063196,1.113562,1.146209,1.146209,False,19.445596,0.393273,23,15.15412,14.253361,1980-09-06,1983-11-12,92.17012,False,48.536325,False
Auburn,1984,1984-08-27,1.364096,1.241326,1.146209,1.146209,False,23.242741,0.436543,27,17.37748,12.739187,1980-09-20,1983-12-03,115.246388,False,181.995974,False
Georgia,1984,1984-08-27,1.252878,1.195256,1.146209,1.146209,False,25.534899,0.459799,30,24.119954,19.251634,1980-09-13,1983-11-12,209.831876,False,324.465684,False
Georgia Tech,1984,1984-08-27,0.924639,1.066094,1.146209,1.146209,False,16.9911,0.361581,20,4.41619,4.776123,1980-09-20,1983-11-26,20.197109,False,-23.847448,False
Florida,1984,1984-08-27,1.397275,1.242693,1.146209,1.146209,False,18.724694,0.384296,22,15.845726,11.340451,1980-09-13,1983-12-03,132.040314,False,243.393217,False
Florida State,1984,1984-08-27,1.060251,1.116399,1.146209,1.146209,False,15.927838,0.346801,19,11.572249,10.914633,1980-09-13,1983-11-12,83.718776,False,41.513678,False
Miami (FL),1984,1984-08-27,1.3563,1.222439,1.146209,1.146209,False,17.084284,0.362845,20,15.437806,11.382298,1980-09-27,1983-11-05,153.312758,False,296.32115,False
South Carolina,1984,1984-08-27,1.18933,1.162425,1.146209,1.146209,False,18.081656,0.376061,21,10.169402,8.550532,1980-10-04,1983-11-19,70.743781,False,82.655107,False
Clemson,1984,1984-08-27,1.262962,1.188519,1.146209,1.146209,False,17.050457,0.362387,20,15.516653,12.285921,1980-09-13,1983-11-12,192.881174,False,305.342,False
Tennessee,1984,1984-08-27,1.139475,1.143346,1.146209,1.146209,False,22.184224,0.425114,26,14.236209,12.493658,1980-09-06,1983-11-26,71.359807,False,69.368932,False
Vanderbilt,1984,1984-08-27,1.096526,1.127594,1.146209,1.146209,False,17.974557,0.374669,21,6.976822,6.36266,1980-09-20,1983-11-05,40.369317,False,30.691064,False
Kentucky,1984,1984-08-27,1.285143,1.202276,1.146209,1.146209,False,20.297607,0.40355,24,7.673257,5.970744,1980-09-06,1983-11-19,52.351079,False,72.685845,False
LSU,1984,1984-08-27,1.037479,1.099019,1.146209,1.146209,False,23.00512,0.434017,27,12.963528,12.495216,1980-09-06,1983-11-12,44.00246,False,16.517675,False
Mississippi State,1984,1984-08-27,1.172319,1.155926,1.146209,1.146209,False,17.783838,0.372173,21,10.739206,9.160655,1980-09-13,1983-11-05,69.655711,False,77.16549,False
Ole Miss,1984,1984-08-27,1.349341,1.224404,1.146209,1.146209,False,18.776309,0.384947,22,9.633869,7.139687,1980-09-06,1983-11-19,73.724072,False,114.262434,False
Washington,1985,1985-08-29,1.177048,1.160038,1.146036,1.146036,False,24.696191,0.451516,30,21.623289,18.370772,1980-09-13,1984-11-03,156.834264,False,178.801707,False
Washington State,1985,1985-08-29,1.073835,1.11873,1.146036,1.146036,False,18.246686,0.378196,22,10.007133,9.319063,1980-09-13,1984-11-17,55.210795,False,34.219347,False
Oregon,1985,1985-08-29,0.987393,1.086443,1.146036,1.146036,False,18.049346,0.375642,22,6.423822,6.505841,1980-09-06,1984-11-10,26.86951,False,-3.989054,False
Oregon State,1985,1985-08-29,1.130063,1.139624,1.146036,1.146036,False,20.116914,0.4014,24,4.370233,3.867248,1980-10-11,1984-11-17,31.643306,False,29.561131,False
California,1985,1985-08-29,1.095536,1.124629,1.146036,1.146036,False,22.073281,0.423889,27,9.647624,8.806308,1980-09-27,1984-11-17,43.547238,False,33.505022,False
Stanford,1985,1985-08-29,0.977746,1.072702,1.146036,1.146036,False,23.168844,0.43576,28,8.83206,9.033079,1980-09-13,1984-11-03,25.64784,False,-7.985263,False
USC,1985,1985-08-29,1.119039,1.134311,1.146036,1.146036,False,23.030347,0.434286,28,16.667445,14.894425,1980-09-20,1984-11-24,85.117975,False,74.825542,False
UCLA,1985,1985-08-29,1.138976,1.143237,1.146036,1.146036,False,19.702144,0.396404,24,14.905001,13.086318,1980-09-13,1984-11-17,95.263515,False,92.181851,False
San Jose State,1985,1985-08-29,0.960142,1.096161,1.146036,1.146036,False,11.00038,0.268299,13,6.874514,7.159893,1980-10-11,1984-10-27,52.890748,False,-20.574384,False
Fresno State,1985,1985-08-29,1.145753,1.14597,1.146036,1.146036,False,9.044409,0.231644,11,4.935342,4.307509,1980-09-20,1984-10-20,55.988395,False,55.904714,False
San Diego State,1985,1985-08-29,1.212956,1.173295,1.146036,1.146036,False,20.619637,0.407345,25,10.397915,8.572375,1980-09-27,1984-11-17,59.902735,False,73.500774,False
Hawai'i,1985,1985-08-29,1.197309,1.16898,1.146036,1.146036,False,24.298235,0.447496,29,15.975733,13.343036,1980-10-04,1984-12-01,87.3374,False,102.688972,False
UNLV,1985,1985-08-29,1.14038,1.144118,1.146036,1.146036,False,15.391891,0.339089,19,8.131737,7.130724,1980-09-13,1984-12-01,55.191294,False,53.756784,False
Arizona,1985,1985-08-29,1.006953,1.08203,1.146036,1.146036,False,25.576041,0.460199,31,12.951351,12.861916,1980-09-20,1984-11-24,37.97259,False,3.211882,False
Arizona State,1985,1985-08-29,1.031605,1.089612,1.146036,1.146036,False,29.181318,0.493083,35,19.857043,19.24868,1980-09-13,1984-11-17,59.754719,False,20.49855,False
BYU,1985,1985-08-29,1.124684,1.13711,1.146036,1.146036,False,21.550673,0.418048,26,19.970363,17.756424,1980-09-13,1984-11-24,220.852475,False,190.92232,False
Utah,1985,1985-08-29,1.473215,1.27341,1.146036,1.146036,False,19.124708,0.389309,23,15.779072,10.710637,1980-09-20,1984-11-17,147.034884,False,281.47941,False
Utah State,1985,1985-08-29,1.475934,1.228608,1.146036,1.146036,False,10.015757,0.250295,12,4.611925,3.124751,1980-10-04,1984-11-17,68.824118,False,138.262788,False
Colorado,1985,1985-08-29,1.067924,1.110053,1.146036,1.146036,False,25.623728,0.460662,31,7.818052,7.320795,1980-09-27,1984-11-10,31.090748,False,19.367497,False
Colorado State,1985,1985-08-29,1.339898,1.22232,1.146036,1.146036,False,19.463856,0.393497,24,9.46757,7.065889,1980-09-06,1984-11-10,76.344338,False,115.558967,False
Wyoming,1985,1985-08-29,1.332231,1.21365,1.146036,1.146036,False,17.105637,0.363134,21,12.181098,9.143381,1980-09-13,1984-10-20,101.551828,False,162.594441,False
Air Force,1985,1985-08-29,1.410351,1.25816,1.146036,1.146036,False,22.101809,0.424204,27,14.571349,10.331715,1980-09-20,1984-10-20,106.012192,False,169.75966,False
New Mexico,1985,1985-08-29,1.077612,1.118863,1.146036,1.146036,False,19.761275,0.397122,24,12.436776,11.541047,1980-09-06,1984-11-10,67.562111,False,43.49533,False
New Mexico State,1985,1985-08-29,0.600084,1.039282,1.146036,1.146036,False,7.291926,0.195536,9,1.648987,2.747927,1980-09-13,1984-10-06,13.055995,False,-147.494904,False
UTEP,1985,1985-08-29,0.783147,0.998805,1.146036,1.146036,False,20.48101,0.405717,25,3.409709,4.353858,1980-09-20,1984-11-24,-0.315024,False,-61.66255,False
Kansas,1985,1985-08-29,1.118329,1.133412,1.146036,1.146036,False,25.107336,0.455608,31,12.55328,11.225033,1980-09-13,1984-11-10,54.10783,False,47.963853,False
Kansas State,1985,1985-08-29,1.414382,1.247609,1.146036,1.146036,False,18.271526,0.378516,22,8.766584,6.19817,1980-09-27,1984-11-17,74.882027,False,124.109523,False
Nebraska,1985,1985-08-29,1.120708,1.134209,1.146036,1.146036,False,26.281321,0.466963,32,23.141447,20.64895,1980-09-13,1984-11-17,164.900625,False,144.189241,False
Iowa State,1985,1985-08-29,1.142165,1.144368,1.146036,1.146036,False,22.706826,0.430814,28,10.60962,9.289041,1980-09-13,1984-11-03,55.413048,False,54.571222,False
Oklahoma State,1985,1985-08-29,1.052706,1.109864,1.146036,1.146036,False,18.985679,0.387576,23,11.904027,11.308022,1980-10-04,1984-11-17,63.757828,False,30.175714,False
Tulsa,1985,1985-08-29,1.361863,1.202494,1.146036,1.146036,False,10.627851,0.26159,13,7.983051,5.86186,1980-09-13,1984-11-17,89.391396,False,170.205856,False
Texas,1985,1985-08-29,1.189879,1.16682,1.146036,1.146036,False,27.04025,0.474056,33,22.034587,18.51835,1980-09-01,1984-12-01,122.047605,False,141.986339,False
Texas A&M,1985,1985-08-29,1.044377,1.101603,1.146036,1.146036,False,23.293527,0.43708,28,11.384256,10.900526,1980-09-20,1984-11-24,39.891937,False,17.45591,False
Baylor,1985,1985-08-29,1.22437,1.176386,1.146036,1.146036,False,18.975001,0.387443,23,12.144762,9.919192,1980-10-04,1984-11-24,92.097647,False,118.464254,False
TCU,1985,1985-08-29,1.080913,1.118335,1.146036,1.146036,False,22.206393,0.425358,27,8.526132,7.887897,1980-09-13,1984-11-17,38.847217,False,26.721675,False
Texas Tech,1985,1985-08-29,0.917556,1.049293,1.146036,1.146036,False,22.030864,0.423419,27,7.125754,7.766013,1980-09-06,1984-11-24,15.193092,False,-26.156886,False
Houston,1985,1985-08-29,1.015389,1.090486,1.146036,1.146036,False,22.191357,0.425192,27,12.494785,12.305418,1980-09-20,1984-12-01,43.582727,False,7.337854,False
Rice,1985,1985-08-29,0.614302,0.930031,1.146036,1.146036,False,20.524364,0.406227,25,3.112648,5.066968,1980-09-27,1984-11-17,-19.350203,False,-120.55726,False
SMU,1985,1985-08-29,1.072857,1.117013,1.146036,1.146036,False,19.718738,0.396606,24,16.417136,15.30226,1980-09-13,1984-11-24,123.835934,False,71.692127,False
Tulane,1985,1985-08-29,1.114965,1.132347,1.146036,1.146036,False,23.625176,0.440561,29,12.897006,11.56718,1980-09-06,1984-11-17,52.828711,False,45.85693,False
Louisiana,1985,1985-08-29,1.37312,1.180852,1.146036,1.146036,False,5.432457,0.153319,7,3.844314,2.799693,1980-09-06,1984-10-27,69.309963,False,149.956568,False
Memphis,1985,1985-08-29,0.948245,1.069679,1.146036,1.146036,False,18.863616,0.386046,23,6.219713,6.559185,1980-09-06,1984-10-27,22.350402,False,-17.001167,False
Oklahoma,1985,1985-08-29,1.189477,1.164894,1.146036,1.146036,False,23.012634,0.434097,28,18.142042,15.252114,1980-09-13,1984-11-24,118.667401,False,138.961236,False
Arkansas,1985,1985-08-29,1.194888,1.169279,1.146036,1.146036,False,27.22804,0.475781,33,20.979723,17.557897,1980-09-20,1984-11-17,109.960756,False,128.791434,False
Missouri,1985,1985-08-29,1.154247,1.149799,1.146036,1.146036,False,25.385211,0.458339,31,18.154786,15.728686,1980-09-13,1984-11-17,86.955186,False,89.742031,False
Cincinnati,1985,1985-08-29,1.413278,1.207957,1.146036,1.146036,False,9.047468,0.231704,11,5.444832,3.852625,1980-11-08,1984-11-22,76.484522,False,153.198992,False
Louisville,1985,1985-08-29,1.048963,1.115501,1.146036,1.146036,False,13.767386,0.314558,17,5.413438,5.160753,1980-09-06,1984-11-03,41.209687,False,17.536066,False
Southern Miss,1985,1985-08-29,1.213365,1.168886,1.146036,1.146036,False,15.412192,0.339384,19,11.731651,9.668687,1980-09-20,1984-11-17,100.068739,False,129.802472,False
Michigan,1985,1985-08-29,1.12819,1.137813,1.146036,1.146036,False,25.632666,0.460748,31,20.694339,18.342955,1980-09-13,1984-11-10,111.279959,False,102.438376,False
Michigan State,1985,1985-08-29,0.825077,1.00375,1.146036,1.146036,False,23.890309,0.443314,29,8.567538,10.383929,1980-09-27,1984-11-17,1.44272,False,-68.863907,False
Ohio State,1985,1985-08-29,1.129357,1.138257,1.146036,1.146036,False,26.221626,0.466398,32,21.575674,19.104395,1980-09-13,1984-11-17,118.82216,False,109.988963,False
Indiana,1985,1985-08-29,0.965094,1.068914,1.146036,1.146036,False,22.285216,0.426224,27,7.936009,8.223041,1980-09-13,1984-11-10,23.783862,False,-12.228395,False
Purdue,1985,1985-08-29,1.293266,1.211296,1.146036,1.146036,False,23.884342,0.443252,29,13.854148,10.712525,1980-09-20,1984-11-17,83.446708,False,116.114728,False
Illinois,1985,1985-08-29,1.355445,1.235357,1.146036,1.146036,False,22.313785,0.426537,27,17.713182,13.068165,1980-09-06,1984-11-03,126.35202,False,202.291761,False
Northwestern,1985,1985-08-29,0.961665,1.069374,1.146036,1.146036,False,21.352515,0.415803,26,3.451715,3.589312,1980-10-04,1984-11-10,16.028513,False,-9.20883,False
Wisconsin,1985,1985-08-29,1.224745,1.183436,1.146036,1.146036,False,27.161138,0.475168,33,16.274317,13.287918,1980-09-13,1984-11-10,77.755879,False,95.498074,False
Minnesota,1985,1985-08-29,1.124871,1.136503,1.146036,1.146036,False,24.585284,0.450401,30,10.407928,9.252549,1980-09-13,1984-11-17,48.317246,False,44.224112,False
Iowa,1985,1985-08-29,1.179581,1.160252,1.146036,1.146036,False,22.064064,0.423787,27,14.927324,12.654763,1980-09-27,1984-11-10,87.027219,False,98.014994,False
Notre Dame,1985,1985-08-29,1.028118,1.092004,1.146036,1.146036,False,25.372689,0.458217,31,15.967671,15.530978,1980-09-06,1984-11-17,53.131062,False,15.995029,False
Toledo,1985,1985-08-29,1.428138,1.25564,1.146036,1.146036,False,19.061937,0.388528,23,16.172672,11.324309,1980-09-27,1984-11-10,142.861669,False,267.983618,False
Ball State,1985,1985-08-29,0.804716,1.021682,1.146036,1.146036,False,17.194408,0.364331,21,6.318069,7.851302,1980-09-20,1984-11-03,8.183788,False,-75.973078,False
Western Michigan,1985,1985-08-29,1.056455,1.109688,1.146036,1.146036,False,20.484607,0.405759,25,12.247106,11.59264,1980-09-06,1984-11-10,51.794834,False,26.388866,False
Bowling Green,1985,1985-08-29,1.205651,1.168536,1.146036,1.146036,False,18.186979,0.377425,22,14.349138,11.901566,1980-09-13,1984-11-10,107.627573,False,134.94298,False
Central Michigan,1985,1985-08-29,1.142503,1.14462,1.146036,1.146036,False,20.054016,0.400647,24,15.412125,13.489786,1980-09-06,1984-11-17,97.188887,False,95.612703,False
Eastern Michigan,1985,1985-08-29,1.048918,1.112251,1.146036,1.146036,False,16.003087,0.34787,19,3.185648,3.03708,1980-10-18,1984-11-17,24.868426,False,11.065725,False
Northern Illinois,1985,1985-08-29,1.227113,1.175703,1.146036,1.146036,False,17.312289,0.365915,21,10.891449,8.87567,1980-09-13,1984-11-03,79.510542,False,103.376448,False
Penn State,1985,1985-08-29,1.140416,1.143597,1.146036,1.146036,False,23.003942,0.434004,28,18.540144,16.257357,1980-09-27,1984-11-24,109.449387,False,106.673658,False
Pittsburgh,1985,1985-08-29,1.109015,1.130672,1.146036,1.146036,False,21.281712,0.414996,26,16.87945,15.220213,1980-09-13,1984-11-10,105.75955,False,86.408274,False
West Virginia,1985,1985-08-29,1.086723,1.120152,1.146036,1.146036,False,23.227884,0.436386,28,17.617482,16.211573,1980-09-06,1984-11-03,87.448412,False,61.363027,False
Maryland,1985,1985-08-29,1.241714,1.185096,1.146036,1.146036,False,20.696561,0.408244,25,14.887202,11.989235,1980-09-13,1984-11-17,90.076051,False,120.146805,False
Virginia,1985,1985-08-29,0.988528,1.085144,1.146036,1.146036,False,18.907283,0.386594,23,6.518684,6.594332,1980-09-13,1984-11-24,28.684914,False,-3.93705,False
Virginia Tech,1985,1985-08-29,1.050705,1.114132,1.146036,1.146036,False,15.08959,0.334658,18,9.890042,9.41277,1980-10-18,1984-11-03,64.020461,False,27.610343,False
NC State,1985,1985-08-29,1.059262,1.109888,1.146036,1.146036,False,21.42069,0.416577,26,9.536679,9.003134,1980-09-27,1984-11-17,42.003364,False,22.658426,False
Wake Forest,1985,1985-08-29,0.609398,0.964268,1.146036,1.146036,False,15.366244,0.338715,19,3.302062,5.418562,1980-09-06,1984-11-17,-10.541799,False,-128.605273,False
Duke,1985,1985-08-29,0.917296,1.052908,1.146036,1.146036,False,20.601863,0.407136,25,8.174104,8.911085,1980-09-06,1984-11-24,19.51209,False,-30.976208,False
North Carolina,1985,1985-08-29,1.071486,1.113129,1.146036,1.146036,False,23.706129,0.441405,29,18.58765,17.347542,1980-09-27,1984-11-10,95.937671,False,57.996182,False
East Carolina,1985,1985-08-29,1.283585,1.17548,1.146036,1.146036,False,8.171025,0.214064,10,4.09394,3.189458,1980-09-13,1984-11-10,54.153611,False,86.726881,False
Rutgers,1985,1985-08-29,1.126091,1.139356,1.146036,1.146036,False,15.108238,0.334933,18,6.993576,6.210489,1980-09-20,1984-11-10,54.170338,False,49.037154,False
Syracuse,1985,1985-08-29,1.33232,1.22815,1.146036,1.146036,False,23.648321,0.440803,29,13.692308,10.277045,1980-09-20,1984-11-10,89.727015,False,131.345889,False
Boston College,1985,1985-08-29,1.444904,1.259248,1.146036,1.146036,False,18.293935,0.378804,22,13.895404,9.616836,1980-09-20,1984-11-17,125.512055,False,228.752605,False
Temple,1985,1985-08-29,1.170653,1.154604,1.146036,1.146036,False,16.015164,0.348041,19,7.942847,6.784969,1980-09-13,1984-11-30,53.490982,False,59.010833,False
Army,1985,1985-08-29,1.726106,1.32389,1.146036,1.146036,False,13.265614,0.306609,16,5.605892,3.24771,1980-09-20,1984-12-01,81.940386,False,173.590471,False
Navy,1985,1985-08-29,1.210469,1.16578,1.146036,1.146036,False,13.254274,0.306427,16,8.004921,6.613076,1980-09-20,1984-11-17,77.636367,False,99.286407,False
Kent State,1985,1985-08-29,1.002345,1.090488,1.146036,1.146036,False,18.906236,0.386581,23,5.502731,5.489856,1980-10-04,1984-11-17,25.589179,False,0.679161,False
Ohio,1985,1985-08-29,1.269031,1.194305,1.146036,1.146036,False,19.378107,0.392443,24,11.85549,9.342158,1980-09-20,1984-11-17,78.29764,False,109.107408,False
Miami (OH),1985,1985-08-29,1.249473,1.185793,1.146036,1.146036,False,18.73006,0.384364,23,12.179882,9.748018,1980-09-13,1984-11-10,83.787294,False,113.809969,False
Alabama,1985,1985-08-29,1.051963,1.103533,1.146036,1.146036,False,24.725002,0.451804,30,16.962887,16.124982,1980-09-06,1984-12-01,67.742198,False,33.058579,False
Auburn,1985,1985-08-29,1.353274,1.243023,1.146036,1.146036,False,26.390738,0.467998,32,20.920073,15.458855,1980-09-20,1984-11-17,132.850853,False,205.099026,False
Georgia,1985,1985-08-29,1.222309,1.183831,1.146036,1.146036,False,29.467298,0.495521,36,27.197674,22.251062,1980-09-13,1984-12-01,192.656284,False,257.599435,False
Georgia Tech,1985,1985-08-29,1.053834,1.107552,1.146036,1.146036,False,21.491998,0.417385,26,7.409135,7.030647,1980-09-20,1984-11-03,36.087854,False,18.245954,False
Florida,1985,1985-08-29,1.388585,1.251584,1.146036,1.146036,False,23.112724,0.435164,28,20.427443,14.710977,1980-09-13,1984-11-10,157.928231,False,282.660545,False
Florida State,1985,1985-08-29,1.011097,1.091256,1.146036,1.146036,False,20.501567,0.405959,25,14.078142,13.923634,1980-09-13,1984-12-01,64.451312,False,7.458979,False
Miami (FL),1985,1985-08-29,1.214267,1.175288,1.146036,1.146036,False,22.514014,0.428724,27,18.146444,14.944363,1980-09-27,1984-11-23,114.704169,False,145.006768,False
South Carolina,1985,1985-08-29,1.352685,1.234626,1.146036,1.146036,False,22.511686,0.428699,27,15.131744,11.186448,1980-10-04,1984-11-10,111.381468,False,170.986182,False
Clemson,1985,1985-08-29,1.206899,1.170832,1.146036,1.146036,False,20.625059,0.407408,25,18.245834,15.117941,1980-09-13,1984-11-24,175.20654,False,225.513233,False
Tennessee,1985,1985-08-29,1.129479,1.138295,1.146036,1.146036,False,26.339555,0.467514,32,17.036567,15.083564,1980-09-06,1984-11-24,69.149632,False,64.586102,False
Vanderbilt,1985,1985-08-29,1.057618,1.108222,1.146036,1.146036,False,22.418108,0.427679,27,9.323214,8.815291,1980-09-20,1984-12-01,37.295147,False,19.981893,False
Kentucky,1985,1985-08-29,1.225843,1.181982,1.146036,1.146036,False,24.586088,0.450409,30,9.977798,8.139542,1980-09-06,1984-11-17,53.622237,False,66.075789,False
LSU,1985,1985-08-29,1.099482,1.123938,1.146036,1.146036,False,27.107706,0.474677,33,16.330673,14.853064,1980-09-06,1984-11-24,56.99194,False,45.527927,False
Mississippi State,1985,1985-08-29,1.211171,1.173765,1.146036,1.146036,False,22.238929,0.425716,27,12.838738,10.600266,1980-09-13,1984-11-17,71.957631,False,87.69956,False
Ole Miss,1985,1985-08-29,1.33907,1.230131,1.146036,1.146036,False,23.158415,0.435649,28,12.275822,9.167424,1980-09-06,1984-11-24,79.048927,False,116.199959,False
Washington,1986,1986-08-27,1.083908,1.116241,1.147183,1.147183,False,28.709838,0.489012,36,23.015167,21.233503,1980-09-13,1985-11-23,104.357119,False,72.470781,False
Washington State,1986,1986-08-27,0.977532,1.077745,1.147183,1.147183,False,20.787115,0.409299,26,10.276,10.512186,1980-09-13,1985-10-26,35.295775,False,-10.168897,False
Oregon,1986,1986-08-27,1.010414,1.08999,1.147183,1.147183,False,21.561668,0.418172,27,8.82752,8.736535,1980-09-06,1985-11-23,31.839197,False,3.721447,False
Oregon State,1986,1986-08-27,1.118852,1.13503,1.147183,1.147183,False,22.53782,0.428983,28,5.015583,4.482793,1980-10-11,1985-11-02,30.609021,False,27.072918,False
California,1986,1986-08-27,1.184359,1.164194,1.147183,1.147183,False,25.307744,0.45758,32,10.885455,9.191006,1980-09-27,1985-11-09,53.408826,False,59.78116,False
Stanford,1986,1986-08-27,1.130502,1.139238,1.147183,1.147183,False,27.281644,0.476272,34,12.019218,10.631755,1980-09-13,1985-11-23,49.063703,False,46.032025,False
USC,1986,1986-08-27,1.180404,1.162968,1.147183,1.147183,False,27.161143,0.475168,34,20.284295,17.1842,1980-09-20,1985-11-30,101.455875,False,113.477974,False
UCLA,1986,1986-08-27,1.131614,1.140411,1.147183,1.147183,False,23.095688,0.434982,29,18.149748,16.03881,1980-09-13,1985-11-16,105.287396,False,97.963326,False
San Jose State,1986,1986-08-27,1.019131,1.112366,1.147183,1.147183,False,11.203128,0.2719,14,7.351915,7.213907,1980-10-11,1985-09-07,60.803905,False,9.886591,False
Fresno State,1986,1986-08-27,1.290846,1.183954,1.147183,1.147183,False,10.319864,0.25595,13,6.484332,5.023319,1980-09-20,1985-10-12,74.204216,False,118.485705,False
San Diego State,1986,1986-08-27,1.154049,1.150232,1.147183,1.147183,False,23.962112,0.444054,30,12.059537,10.449757,1980-09-27,1985-11-30,53.301013,False,54.651859,False
Hawai'i,1986,1986-08-27,1.10836,1.128326,1.147183,1.147183,False,28.335924,0.485737,35,16.327273,14.731013,1980-10-04,1985-12-07,60.281893,False,50.797981,False
UNLV,1986,1986-08-27,1.120832,1.137581,1.147183,1.147183,False,17.199473,0.3644,22,9.948852,8.876307,1980-09-13,1985-11-16,61.502768,False,53.906591,False
Arizona,1986,1986-08-27,1.049744,1.098093,1.147183,1.147183,False,30.459862,0.503803,38,16.790545,15.994899,1980-09-20,1985-11-16,47.598754,False,24.03762,False
Arizona State,1986,1986-08-27,1.093618,1.119164,1.147183,1.147183,False,32.903884,0.523082,41,23.251522,21.261104,1980-09-13,1985-11-23,77.291268,False,59.98209,False
BYU,1986,1986-08-27,1.132975,1.140492,1.147183,1.147183,False,26.703401,0.470931,33,24.293264,21.442014,1980-09-13,1985-11-23,189.597036,False,175.385846,False
Utah,1986,1986-08-27,1.40683,1.258627,1.147183,1.147183,False,22.559,0.429213,28,19.436078,13.815511,1980-09-20,1985-11-09,168.665155,False,298.550203,False
Utah State,1986,1986-08-27,1.550759,1.263697,1.147183,1.147183,False,12.176573,0.288705,15,5.242431,3.380559,1980-10-04,1985-11-09,74.718749,False,149.001234,False
Colorado,1986,1986-08-27,1.210072,1.178396,1.147183,1.147183,False,29.561872,0.496322,37,11.058961,9.139096,1980-09-27,1985-11-23,53.634078,False,62.804944,False
Colorado State,1986,1986-08-27,1.49266,1.296666,1.147183,1.147183,False,22.880768,0.432686,29,11.667402,7.816514,1980-09-06,1985-11-16,97.328943,False,159.221394,False
Wyoming,1986,1986-08-27,1.278286,1.202099,1.147183,1.147183,False,21.624399,0.418879,27,13.267627,10.379233,1980-09-13,1985-12-06,84.791793,False,117.305067,False
Air Force,1986,1986-08-27,1.351484,1.242575,1.147183,1.147183,False,26.276885,0.466921,33,19.247717,14.241917,1980-09-20,1985-11-09,127.220687,False,188.849722,False
New Mexico,1986,1986-08-27,1.012096,1.086994,1.147183,1.147183,False,24.108409,0.445558,30,12.556409,12.406339,1980-09-06,1985-11-23,43.217018,False,5.952077,False
New Mexico State,1986,1986-08-27,0.429893,0.972827,1.147183,1.147183,False,9.634083,0.243076,12,1.539216,3.580462,1980-09-13,1985-11-23,-8.882729,False,-222.882537,False
UTEP,1986,1986-08-27,0.751498,0.971985,1.147183,1.147183,False,23.837717,0.44277,30,4.126492,5.491026,1980-09-20,1985-11-16,-7.744817,False,-73.97635,False
Kansas,1986,1986-08-27,1.084265,1.116723,1.147183,1.147183,False,28.153584,0.484125,36,14.545197,13.414798,1980-09-13,1985-11-23,50.515427,False,36.375266,False
Kansas State,1986,1986-08-27,1.211144,1.173391,1.147183,1.147183,False,20.825289,0.409743,26,8.183005,6.756425,1980-09-27,1985-11-16,52.440138,False,63.589011,False
Nebraska,1986,1986-08-27,1.098602,1.122447,1.147183,1.147183,False,31.12069,0.509168,39,27.254805,24.80862,1980-09-13,1985-11-16,156.977472,False,119.986626,False
Iowa State,1986,1986-08-27,1.235586,1.189691,1.147183,1.147183,False,27.785387,0.480838,35,13.667186,11.061297,1980-09-13,1985-11-23,70.348517,False,87.291636,False
Oklahoma State,1986,1986-08-27,1.001656,1.084912,1.147183,1.147183,False,22.438183,0.427898,28,13.936636,13.913593,1980-10-04,1985-11-30,53.574616,False,1.023857,False
Tulsa,1986,1986-08-27,1.302036,1.190875,1.147183,1.147183,False,11.791668,0.282154,15,8.386658,6.44119,1980-09-13,1985-09-14,82.838024,False,135.926964,False
Texas,1986,1986-08-27,1.222719,1.184925,1.147183,1.147183,False,29.959083,0.499659,38,25.286639,20.68067,1980-09-01,1985-11-23,142.232727,False,178.703565,False
Texas A&M,1986,1986-08-27,1.225101,1.183703,1.147183,1.147183,False,26.46517,0.468699,33,15.348681,12.528501,1980-09-20,1985-11-28,71.48804,False,87.800605,False
Baylor,1986,1986-08-27,1.237773,1.185928,1.147183,1.147183,False,22.419454,0.427693,28,16.043894,12.961901,1980-10-04,1985-11-16,114.274617,False,149.531788,False
TCU,1986,1986-08-27,1.013608,1.085893,1.147183,1.147183,False,25.436993,0.458845,32,8.89483,8.775411,1980-09-13,1985-11-23,27.663095,False,4.442123,False
Texas Tech,1986,1986-08-27,0.902212,1.035181,1.147183,1.147183,False,25.269378,0.457204,32,8.532703,9.457541,1980-09-06,1985-11-09,11.485447,False,-32.76802,False
Houston,1986,1986-08-27,0.96518,1.063686,1.147183,1.147183,False,25.429208,0.458769,32,12.611816,13.066805,1980-09-20,1985-11-23,27.796306,False,-15.201244,False
Rice,1986,1986-08-27,0.720251,0.957988,1.147183,1.147183,False,23.874447,0.44315,30,3.846702,5.340777,1980-09-27,1985-11-30,-11.157476,False,-81.187849,False
SMU,1986,1986-08-27,1.064838,1.111343,1.147183,1.147183,False,23.119943,0.43524,29,19.096865,17.93406,1980-09-13,1985-11-16,117.026565,False,63.366767,False
Tulane,1986,1986-08-27,1.087051,1.118833,1.147183,1.147183,False,26.761363,0.471471,34,12.984744,11.944926,1980-09-06,1985-11-30,44.565849,False,32.685865,False
Louisiana,1986,1986-08-27,1.382331,1.196147,1.147183,1.147183,False,7.889633,0.208227,10,5.473424,3.959563,1980-09-06,1985-10-26,73.014937,False,148.070458,False
Memphis,1986,1986-08-27,0.864649,1.029611,1.147183,1.147183,False,21.381696,0.416134,27,6.746934,7.803087,1980-09-06,1985-11-09,10.179616,False,-48.169609,False
Oklahoma,1986,1986-08-27,1.208575,1.176876,1.147183,1.147183,False,28.1009,0.483657,35,22.612026,18.70966,1980-09-13,1985-12-07,127.403511,False,154.350497,False
Arkansas,1986,1986-08-27,1.194664,1.171341,1.147183,1.147183,False,31.07312,0.508786,39,24.298235,20.338969,1980-09-20,1985-11-23,114.42601,False,132.270851,False
Missouri,1986,1986-08-27,1.007145,1.076827,1.147183,1.147183,False,30.29047,0.502409,38,16.946248,16.826023,1980-09-13,1985-11-16,40.92771,False,3.735274,False
Cincinnati,1986,1986-08-27,1.562951,1.267445,1.147183,1.147183,False,12.209022,0.289251,15,6.959925,4.453067,1980-11-08,1985-11-09,85.280302,False,176.248298,False
Louisville,1986,1986-08-27,0.943413,1.077257,1.147183,1.147183,False,15.67344,0.343163,20,5.053073,5.356162,1980-09-06,1985-10-19,25.754651,False,-19.268282,False
Southern Miss,1986,1986-08-27,1.258905,1.187925,1.147183,1.147183,False,17.220042,0.364677,22,13.784509,10.949605,1980-09-20,1985-11-23,114.967749,False,166.804518,False
Michigan,1986,1986-08-27,1.188343,1.167942,1.147183,1.147183,False,30.525219,0.504339,38,25.443122,21.410589,1980-09-13,1985-11-23,133.154284,False,152.813008,False
Michigan State,1986,1986-08-27,0.945524,1.049918,1.147183,1.147183,False,27.951313,0.482324,35,11.764789,12.442611,1980-09-27,1985-11-16,19.621931,False,-21.596665,False
Ohio State,1986,1986-08-27,1.134733,1.140945,1.147183,1.147183,False,30.127437,0.50106,38,24.843229,21.893462,1980-09-13,1985-11-16,119.644345,False,113.504192,False
Indiana,1986,1986-08-27,1.032612,1.093497,1.147183,1.147183,False,26.453088,0.468585,33,10.221514,9.898701,1980-09-13,1985-11-23,30.992623,False,10.89696,False
Purdue,1986,1986-08-27,1.316072,1.228638,1.147183,1.147183,False,27.94824,0.482297,35,16.694449,12.685054,1980-09-20,1985-11-16,91.518312,False,127.141808,False
Illinois,1986,1986-08-27,1.365961,1.245742,1.147183,1.147183,False,24.594719,0.450496,31,19.365344,14.177084,1980-09-06,1985-11-16,129.489217,False,203.738151,False
Northwestern,1986,1986-08-27,0.988422,1.075573,1.147183,1.147183,False,24.649955,0.451052,31,4.1607,4.209439,1980-10-04,1985-11-23,17.436445,False,-2.754113,False
Wisconsin,1986,1986-08-27,1.127366,1.137111,1.147183,1.147183,False,31.004421,0.508232,39,18.009762,15.975083,1980-09-13,1985-11-23,61.365569,False,56.957404,False
Minnesota,1986,1986-08-27,1.186847,1.166212,1.147183,1.147183,False,27.665014,0.479754,35,11.60137,9.774953,1980-09-13,1985-11-16,55.386652,False,62.152149,False
Iowa,1986,1986-08-27,1.22533,1.182944,1.147183,1.147183,False,25.310389,0.457606,32,18.64873,15.21935,1980-09-27,1985-11-23,108.148926,False,135.655496,False
Notre Dame,1986,1986-08-27,1.103085,1.125377,1.147183,1.147183,False,29.347534,0.494503,37,19.619803,17.7863,1980-09-06,1985-11-23,70.062183,False,57.224121,False
Toledo,1986,1986-08-27,1.395564,1.253664,1.147183,1.147183,False,22.511857,0.4287,28,17.934907,12.851365,1980-09-27,1985-11-23,134.122915,False,223.9528,False
Ball State,1986,1986-08-27,0.778919,0.996596,1.147183,1.147183,False,20.753655,0.40891,26,6.837493,8.778181,1980-09-20,1985-11-16,-1.212377,False,-82.153098,False
Western Michigan,1986,1986-08-27,1.163005,1.154341,1.147183,1.147183,False,24.782323,0.452378,31,14.740658,12.67463,1980-09-06,1985-11-23,68.748739,False,72.704931,False
Bowling Green,1986,1986-08-27,1.220812,1.177285,1.147183,1.147183,False,20.747616,0.408839,26,17.165254,14.060522,1980-09-13,1985-11-16,125.314183,False,162.883156,False
Central Michigan,1986,1986-08-27,1.112604,1.132365,1.147183,1.147183,False,22.496629,0.428535,28,17.218724,15.476061,1980-09-06,1985-11-23,92.60047,False,77.498724,False
Eastern Michigan,1986,1986-08-27,1.007061,1.093356,1.147183,1.147183,False,18.712856,0.384146,23,3.913593,3.886154,1980-10-18,1985-11-16,22.134529,False,1.721975,False
Northern Illinois,1986,1986-08-27,1.325526,1.21837,1.147183,1.147183,False,19.92992,0.399158,25,12.991489,9.80101,1980-09-13,1985-11-16,94.74403,False,143.537508,False
Penn State,1986,1986-08-27,1.237241,1.189945,1.147183,1.147183,False,27.123957,0.474826,34,22.957308,18.555239,1980-09-27,1985-11-16,137.14135,False,180.649786,False
Pittsburgh,1986,1986-08-27,1.089095,1.119965,1.147183,1.147183,False,26.450156,0.468558,33,19.040243,17.482634,1980-09-13,1985-11-23,80.661923,False,58.909368,False
West Virginia,1986,1986-08-27,1.140865,1.144226,1.147183,1.147183,False,26.386748,0.46796,33,21.149822,18.538409,1980-09-06,1985-11-16,107.966328,False,105.08247,False
Maryland,1986,1986-08-27,1.155736,1.151069,1.147183,1.147183,False,24.976287,0.45431,31,17.672348,15.290989,1980-09-13,1985-11-29,82.146295,False,84.851535,False
Virginia,1986,1986-08-27,0.963743,1.068841,1.147183,1.147183,False,22.36248,0.427071,28,8.917302,9.252781,1980-09-13,1985-11-16,27.156589,False,-14.474504,False
Virginia Tech,1986,1986-08-27,1.107357,1.132326,1.147183,1.147183,False,17.851419,0.373059,22,12.061728,10.892358,1980-10-18,1985-11-09,74.252935,False,59.610835,False
NC State,1986,1986-08-27,1.038538,1.09813,1.147183,1.147183,False,24.694835,0.451502,31,9.848109,9.482664,1980-09-27,1985-11-09,35.473876,False,13.995491,False
Wake Forest,1986,1986-08-27,0.630735,0.952754,1.147183,1.147183,False,18.113395,0.376473,23,4.028522,6.387032,1980-09-06,1985-11-09,-14.399788,False,-123.786208,False
Duke,1986,1986-08-27,1.050064,1.104081,1.147183,1.147183,False,23.938026,0.443806,30,10.450039,9.951809,1980-09-06,1985-11-16,36.624044,False,17.70693,False
North Carolina,1986,1986-08-27,1.042006,1.097514,1.147183,1.147183,False,26.844401,0.472244,34,19.237829,18.462295,1980-09-27,1985-11-23,71.082221,False,29.522205,False
East Carolina,1986,1986-08-27,0.982905,1.101959,1.147183,1.147183,False,11.395902,0.275291,14,3.821412,3.887875,1980-09-13,1985-11-16,29.356966,False,-5.048255,False
Rutgers,1986,1986-08-27,1.001418,1.091011,1.147183,1.147183,False,18.808845,0.385357,23,6.996159,6.986255,1980-09-20,1985-11-23,31.996912,False,0.505019,False
Syracuse,1986,1986-08-27,1.297664,1.219472,1.147183,1.147183,False,27.735465,0.480389,35,16.549648,12.753414,1980-09-20,1985-11-30,91.351386,False,124.735543,False
Boston College,1986,1986-08-27,1.265483,1.19566,1.147183,1.147183,False,20.828702,0.409782,26,13.905434,10.988244,1980-09-20,1985-10-19,90.253648,False,124.458008,False
Temple,1986,1986-08-27,1.084684,1.123931,1.147183,1.147183,False,17.774105,0.372045,22,8.355361,7.703036,1980-09-13,1985-11-09,44.725429,False,30.607264,False
Army,1986,1986-08-27,1.756845,1.36049,1.147183,1.147183,False,16.145116,0.349877,20,8.99529,5.12014,1980-09-20,1985-11-16,109.806216,False,226.528259,False
Navy,1986,1986-08-27,1.269909,1.191722,1.147183,1.147183,False,17.089592,0.362917,21,9.367122,7.376214,1980-09-20,1985-12-07,75.602175,False,106.276336,False
Kent State,1986,1986-08-27,0.995849,1.082552,1.147183,1.147183,False,22.362752,0.427074,28,7.958951,7.992129,1980-10-04,1985-11-16,27.555543,False,-1.409658,False
Ohio,1986,1986-08-27,1.202291,1.170983,1.147183,1.147183,False,22.805727,0.43188,29,12.012561,9.991391,1980-09-20,1985-11-23,63.893509,False,75.571866,False
Miami (OH),1986,1986-08-27,1.271283,1.198656,1.147183,1.147183,False,21.262062,0.414772,27,15.14792,11.915461,1980-09-13,1985-11-23,100.431027,False,140.675392,False
Alabama,1986,1986-08-27,1.10254,1.124979,1.147183,1.147183,False,29.684262,0.497355,37,21.023213,19.067991,1980-09-06,1985-11-30,78.965389,False,63.998601,False
Auburn,1986,1986-08-27,1.307906,1.229148,1.147183,1.147183,False,31.221562,0.509977,39,25.170054,19.244543,1980-09-20,1985-11-09,141.995971,False,200.783273,False
Georgia,1986,1986-08-27,1.202909,1.177205,1.147183,1.147183,False,35.039967,0.538745,44,30.568503,25.412158,1980-09-13,1985-11-16,159.76003,False,190.646569,False
Georgia Tech,1986,1986-08-27,1.082234,1.117201,1.147183,1.147183,False,25.722686,0.46162,32,10.225393,9.448412,1980-09-20,1985-11-30,42.014886,False,29.629669,False
Florida,1986,1986-08-27,1.342277,1.238318,1.147183,1.147183,False,26.299257,0.467133,33,23.792731,17.725648,1980-09-13,1985-11-30,177.371407,False,296.559823,False
Florida State,1986,1986-08-27,1.032562,1.096421,1.147183,1.147183,False,23.846883,0.442865,30,16.906039,16.372908,1980-09-13,1985-11-09,69.389192,False,22.418953,False
Miami (FL),1986,1986-08-27,1.176565,1.160749,1.147183,1.147183,False,25.734179,0.461731,32,20.722325,17.612567,1980-09-27,1985-11-30,119.962018,False,133.693131,False
South Carolina,1986,1986-08-27,1.222031,1.181742,1.147183,1.147183,False,25.733227,0.461721,32,16.013235,13.103793,1980-10-04,1985-11-23,85.111886,False,104.665178,False
Clemson,1986,1986-08-27,1.144529,1.145979,1.147183,1.147183,False,24.905923,0.453611,31,19.861273,17.353221,1980-09-13,1985-11-16,122.62317,False,121.244661,False
Tennessee,1986,1986-08-27,1.161092,1.154056,1.147183,1.147183,False,29.307539,0.494162,37,20.623837,17.762453,1980-09-06,1985-11-30,89.077459,False,93.403071,False
Vanderbilt,1986,1986-08-27,1.077864,1.115882,1.147183,1.147183,False,24.699591,0.45155,31,9.648854,8.951826,1980-09-20,1985-11-16,37.832381,False,25.582821,False
Kentucky,1986,1986-08-27,1.211445,1.178542,1.147183,1.147183,False,28.592031,0.487985,36,13.071133,10.789702,1980-09-06,1985-11-23,59.551195,False,70.283993,False
LSU,1986,1986-08-27,1.122434,1.134804,1.147183,1.147183,False,30.022065,0.500184,38,19.022433,16.947489,1980-09-06,1985-12-07,67.535375,False,61.15519,False
Mississippi State,1986,1986-08-27,1.307565,1.220799,1.147183,1.147183,False,25.45358,0.459007,32,15.740385,12.03794,1980-09-13,1985-10-19,92.07368,False,129.468726,False
Ole Miss,1986,1986-08-27,1.306219,1.222906,1.147183,1.147183,False,27.266919,0.476137,34,13.818705,10.579166,1980-09-06,1985-11-23,73.411592,False,100.419659,False
Washington,1987,1987-08-30,1.133439,1.137701,1.142171,1.142171,False,31.469749,0.511955,41,26.159205,23.079494,1980-09-13,1986-10-25,124.217729,False,119.711448,False
Washington State,1987,1987-08-30,1.046844,1.097943,1.142171,1.142171,False,25.966336,0.463963,33,12.866026,12.290296,1980-09-13,1986-11-22,43.189483,False,20.651769,False
Oregon,1987,1987-08-30,1.029758,1.091288,1.142171,1.142171,False,24.808764,0.452642,32,10.114442,9.822156,1980-09-06,1986-11-15,31.323984,False,10.294148,False
Oregon State,1987,1987-08-30,0.999051,1.07741,1.142171,1.142171,False,24.793532,0.45249,32,4.677263,4.681707,1980-10-11,1986-11-22,17.694721,False,-0.222763,False
California,1987,1987-08-30,1.123441,1.132925,1.142171,1.142171,False,29.2502,0.493673,38,12.036063,10.713565,1980-09-27,1986-11-22,44.38014,False,41.270883,False
Stanford,1987,1987-08-30,1.172762,1.157741,1.142171,1.142171,False,31.094893,0.508961,40,14.978386,12.771884,1980-09-13,1986-11-30,56.916132,False,62.276592,False
USC,1987,1987-08-30,1.190163,1.166553,1.142171,1.142171,False,30.979861,0.508034,40,22.675757,19.052647,1980-09-20,1986-11-29,99.442677,False,114.81617,False
UCLA,1987,1987-08-30,1.109489,1.12663,1.142171,1.142171,False,27.201119,0.475535,35,20.230546,18.234105,1980-09-13,1986-11-22,84.255183,False,72.07531,False
San Jose State,1987,1987-08-30,1.10169,1.129762,1.142171,1.142171,False,13.261592,0.306544,17,8.735839,7.929493,1980-10-11,1986-10-11,66.836287,False,51.802642,False
Fresno State,1987,1987-08-30,1.218965,1.164691,1.142171,1.142171,False,12.447925,0.293252,16,8.871113,7.277579,1980-09-20,1986-11-22,95.622912,False,128.94769,False
San Diego State,1987,1987-08-30,1.227316,1.182558,1.142171,1.142171,False,27.069839,0.474328,35,14.090288,11.480567,1980-09-27,1986-11-29,62.053555,False,77.194802,False
Hawai'i,1987,1987-08-30,1.171274,1.157421,1.142171,1.142171,False,33.027265,0.524016,42,19.932495,17.017797,1980-10-04,1986-12-06,73.968003,False,80.614499,False
UNLV,1987,1987-08-30,1.100375,1.126036,1.142171,1.142171,False,18.863456,0.386044,25,10.214567,9.282802,1980-09-13,1986-11-08,52.529767,False,41.78635,False
Arizona,1987,1987-08-30,1.081099,1.109703,1.142171,1.142171,False,34.052316,0.531633,44,20.360747,18.833386,1980-09-20,1986-11-22,57.775225,False,42.514322,False
Arizona State,1987,1987-08-30,1.137197,1.139479,1.142171,1.142171,False,35.389655,0.541212,46,26.388382,23.204753,1980-09-13,1986-11-08,94.344677,False,92.678322,False
BYU,1987,1987-08-30,1.060257,1.100849,1.142171,1.142171,False,30.539056,0.504452,39,26.405563,24.904875,1980-09-13,1986-11-15,133.326091,False,72.332499,False
Utah,1987,1987-08-30,1.340518,1.233784,1.142171,1.142171,False,25.749912,0.461883,33,19.070596,14.226286,1980-09-20,1986-11-22,129.54037,False,194.828851,False
Utah State,1987,1987-08-30,1.549314,1.272875,1.142171,1.142171,False,14.18437,0.321027,18,6.771151,4.370418,1980-10-04,1986-11-15,80.359141,False,156.550127,False
Colorado,1987,1987-08-30,1.22924,1.187921,1.142171,1.142171,False,33.217385,0.525447,43,13.143388,10.69229,1980-09-27,1986-11-15,59.367755,False,71.90309,False
Colorado State,1987,1987-08-30,1.387523,1.25397,1.142171,1.142171,False,25.113326,0.455667,33,13.712043,9.882393,1980-09-06,1986-11-15,95.891135,False,146.13172,False
Wyoming,1987,1987-08-30,1.284534,1.206701,1.142171,1.142171,False,24.872261,0.453276,32,15.203074,11.835479,1980-09-13,1986-11-08,87.222983,False,120.716114,False
Air Force,1987,1987-08-30,1.245728,1.193253,1.142171,1.142171,False,29.203475,0.493273,38,20.761055,16.665799,1980-09-20,1986-12-06,109.659615,False,141.273439,False
New Mexico,1987,1987-08-30,1.077674,1.111506,1.142171,1.142171,False,27.191193,0.475444,35,14.534816,13.487213,1980-09-06,1986-11-08,52.369786,False,36.37423,False
New Mexico State,1987,1987-08-30,0.357714,0.920575,1.142171,1.142171,False,11.810899,0.282484,15,1.43539,4.01267,1980-09-13,1986-11-15,-25.677471,False,-260.349192,False
UTEP,1987,1987-08-30,1.002338,1.077244,1.142171,1.142171,False,26.003286,0.464317,34,5.745546,5.732144,1980-09-20,1986-11-29,20.197367,False,0.624331,False
Kansas,1987,1987-08-30,1.026842,1.0836,1.142171,1.142171,False,30.958536,0.507862,41,14.500871,14.121817,1980-09-13,1986-11-15,35.535239,False,11.37801,False
Kansas State,1987,1987-08-30,1.147313,1.144413,1.142171,1.142171,False,23.19901,0.43608,30,8.572824,7.472087,1980-09-27,1986-11-22,43.923854,False,44.788162,False
Nebraska,1987,1987-08-30,1.100749,1.119965,1.142171,1.142171,False,34.668556,0.536096,45,30.115369,27.358984,1980-09-13,1986-11-22,150.050233,False,121.399618,False
Iowa State,1987,1987-08-30,1.252296,1.196944,1.142171,1.142171,False,29.685865,0.497368,39,14.63139,11.683648,1980-09-13,1986-11-15,73.862492,False,94.4881,False
Oklahoma State,1987,1987-08-30,1.000159,1.076719,1.142171,1.142171,False,25.647094,0.460888,33,15.837906,15.835382,1980-10-04,1986-12-04,46.160659,False,0.094009,False
Tulsa,1987,1987-08-30,1.470444,1.240741,1.142171,1.142171,False,12.873629,0.300269,17,9.6983,6.595492,1980-09-13,1986-10-18,98.186578,False,205.605951,False
Texas,1987,1987-08-30,1.192158,1.168223,1.142171,1.142171,False,32.653154,0.521173,43,25.46956,21.364247,1980-09-01,1986-11-27,114.968501,False,133.514264,False
Texas A&M,1987,1987-08-30,1.224468,1.182897,1.142171,1.142171,False,29.390248,0.494867,38,19.023609,15.536224,1980-09-20,1986-11-22,85.702602,False,105.903095,False
Baylor,1987,1987-08-30,1.175988,1.157747,1.142171,1.142171,False,25.617444,0.460601,33,17.794593,15.131612,1980-10-04,1986-11-22,94.712021,False,106.56523,False
TCU,1987,1987-08-30,0.922566,1.035311,1.142171,1.142171,False,28.433932,0.4866,37,9.231643,10.006483,1980-09-13,1986-11-15,11.682756,False,-26.212809,False
Texas Tech,1987,1987-08-30,0.969521,1.056993,1.142171,1.142171,False,29.213214,0.493356,38,11.720631,12.089099,1980-09-06,1986-11-22,20.321454,False,-10.98491,False
Houston,1987,1987-08-30,0.836681,0.993532,1.142171,1.142171,False,28.42918,0.486558,37,11.761101,14.056849,1980-09-20,1986-11-29,-2.729005,False,-69.850438,False
Rice,1987,1987-08-30,0.803792,0.981963,1.142171,1.142171,False,26.975556,0.473458,35,4.535298,5.642374,1980-09-27,1986-11-22,-4.613447,False,-53.577197,False
Tulane,1987,1987-08-30,1.089931,1.115787,1.142171,1.142171,False,30.613274,0.505059,40,14.943032,13.71007,1980-09-06,1986-11-15,43.948977,False,34.166058,False
Louisiana,1987,1987-08-30,1.40203,1.203322,1.142171,1.142171,False,9.232309,0.235324,12,6.044765,4.311438,1980-09-06,1986-10-11,71.177258,False,144.206194,False
Memphis,1987,1987-08-30,0.772235,0.982571,1.142171,1.142171,False,22.763589,0.431426,30,6.291828,8.147557,1980-09-06,1986-11-22,-5.904508,False,-81.277376,False
Oklahoma,1987,1987-08-30,1.194999,1.169372,1.142171,1.142171,False,31.843697,0.514906,41,26.725069,22.364095,1980-09-13,1986-11-08,143.960897,False,170.736728,False
Arkansas,1987,1987-08-30,1.169543,1.157017,1.142171,1.142171,False,35.558483,0.542393,46,28.300045,24.197531,1980-09-20,1986-11-15,117.713718,False,128.479486,False
Missouri,1987,1987-08-30,1.005961,1.069919,1.142171,1.142171,False,33.890588,0.530447,44,17.686789,17.581986,1980-09-13,1986-11-22,33.385126,False,2.825434,False
Cincinnati,1987,1987-08-30,1.507343,1.264651,1.142171,1.142171,False,15.140175,0.335404,19,8.365307,5.549704,1980-11-08,1986-10-18,86.908354,False,164.598546,False
Louisville,1987,1987-08-30,0.997541,1.087209,1.142171,1.142171,False,18.388413,0.380017,24,5.650273,5.664202,1980-09-06,1986-11-15,27.235464,False,-0.782095,False
Southern Miss,1987,1987-08-30,1.337627,1.219955,1.142171,1.142171,False,19.830707,0.397962,26,16.626914,12.430157,1980-09-20,1986-11-22,133.4793,False,225.146319,False
Michigan,1987,1987-08-30,1.155105,1.149053,1.142171,1.142171,False,34.114479,0.532087,44,28.428376,24.611081,1980-09-13,1986-11-15,127.085429,False,133.239825,False
Michigan State,1987,1987-08-30,0.954336,1.045641,1.142171,1.142171,False,31.71671,0.513908,41,14.737177,15.44234,1980-09-27,1986-11-22,19.947165,False,-19.987429,False
Ohio State,1987,1987-08-30,1.144221,1.143256,1.142171,1.142171,False,33.746046,0.529383,44,27.870207,24.357355,1980-09-13,1986-11-22,118.123829,False,119.057438,False
Indiana,1987,1987-08-30,1.066112,1.103942,1.142171,1.142171,False,30.315791,0.502618,39,12.348696,11.58293,1980-09-13,1986-11-15,35.144143,False,22.445802,False
Purdue,1987,1987-08-30,1.279303,1.212637,1.142171,1.142171,False,31.710103,0.513856,41,17.451975,13.641779,1980-09-20,1986-11-22,82.925559,False,109.002446,False
Illinois,1987,1987-08-30,1.295131,1.216801,1.142171,1.142171,False,28.582796,0.487904,37,20.879494,16.121533,1980-09-06,1986-11-22,113.335976,False,158.180362,False
Northwestern,1987,1987-08-30,1.038682,1.091635,1.142171,1.142171,False,28.630544,0.488321,37,5.763661,5.549014,1980-10-04,1986-11-15,21.77227,False,9.344527,False
Wisconsin,1987,1987-08-30,1.105197,1.122378,1.142171,1.142171,False,34.561372,0.535326,45,18.67354,16.896123,1980-09-13,1986-11-15,53.018519,False,45.53957,False
Minnesota,1987,1987-08-30,1.151417,1.146833,1.142171,1.142171,False,30.509171,0.504207,40,13.636711,11.843419,1980-09-13,1986-11-22,52.758142,False,54.391069,False
Iowa,1987,1987-08-30,1.167544,1.154897,1.142171,1.142171,False,30.18822,0.501564,39,23.031616,19.726559,1980-09-27,1986-11-15,110.953937,False,120.93586,False
Notre Dame,1987,1987-08-30,1.114321,1.12758,1.142171,1.142171,False,33.016244,0.523932,43,21.121771,18.954827,1980-09-06,1986-11-15,65.731571,False,58.740175,False
Toledo,1987,1987-08-30,1.481375,1.295562,1.142171,1.142171,False,24.765548,0.45221,32,20.497331,13.836695,1980-09-27,1986-11-15,148.24328,False,267.077307,False
Ball State,1987,1987-08-30,0.98158,1.07228,1.142171,1.142171,False,23.117175,0.435211,30,10.139711,10.329987,1980-09-20,1986-10-25,26.337679,False,-6.759082,False
Western Michigan,1987,1987-08-30,1.224805,1.181931,1.142171,1.142171,False,27.820926,0.481157,36,16.580506,13.537264,1980-09-06,1986-11-15,77.96922,False,96.885123,False
Bowling Green,1987,1987-08-30,1.186276,1.161797,1.142171,1.142171,False,24.052123,0.44498,31,19.767105,16.663163,1980-09-13,1986-11-08,119.368781,False,140.985088,False
Central Michigan,1987,1987-08-30,1.141437,1.141839,1.142171,1.142171,False,24.746364,0.452018,32,18.878919,16.539601,1980-09-06,1986-11-15,93.407181,False,93.115594,False
Eastern Michigan,1987,1987-08-30,1.322479,1.218759,1.142171,1.142171,False,22.152109,0.42476,28,7.413064,5.605429,1980-10-18,1986-11-01,55.666538,False,80.212133,False
Northern Illinois,1987,1987-08-30,1.277123,1.198368,1.142171,1.142171,False,21.40725,0.416425,28,13.060719,10.226674,1980-09-13,1986-11-08,83.476057,False,117.517001,False
Penn State,1987,1987-08-30,1.213224,1.178778,1.142171,1.142171,False,31.881968,0.515206,41,27.996375,23.076015,1980-09-27,1986-11-22,156.833653,False,197.648993,False
Pittsburgh,1987,1987-08-30,1.079319,1.110105,1.142171,1.142171,False,31.24774,0.510186,40,21.051593,19.504511,1980-09-13,1986-11-15,67.389119,False,47.939499,False
West Virginia,1987,1987-08-30,1.061825,1.101829,1.142171,1.142171,False,30.253943,0.502107,39,20.657504,19.454707,1980-09-06,1986-11-22,66.844093,False,39.660685,False
Maryland,1987,1987-08-30,0.996401,1.073058,1.142171,1.142171,False,27.047488,0.474122,35,17.41584,17.478753,1980-09-13,1986-10-18,43.612342,False,-2.086489,False
Virginia,1987,1987-08-30,0.995632,1.074756,1.142171,1.142171,False,25.560416,0.460047,33,10.195669,10.240396,1980-09-13,1986-11-28,27.913976,False,-1.649191,False
Virginia Tech,1987,1987-08-30,1.065976,1.109685,1.142171,1.142171,False,22.296838,0.426352,28,15.021572,14.091846,1980-10-18,1986-11-15,63.393326,False,37.336712,False
NC State,1987,1987-08-30,1.20982,1.174668,1.142171,1.142171,False,27.734353,0.480379,36,13.889095,11.480301,1980-09-27,1986-11-15,66.466068,False,79.87114,False
Wake Forest,1987,1987-08-30,0.655908,0.943843,1.142171,1.142171,False,20.663788,0.407861,27,4.704853,7.173041,1980-09-06,1986-11-22,-16.896973,False,-112.866037,False
Duke,1987,1987-08-30,1.12434,1.133719,1.142171,1.142171,False,27.034839,0.474006,35,12.565551,11.175932,1980-09-06,1986-11-22,45.984239,False,42.790985,False
North Carolina,1987,1987-08-30,1.090476,1.116435,1.142171,1.142171,False,29.742649,0.497846,39,21.238973,19.476799,1980-09-27,1986-11-15,76.086565,False,58.323514,False
East Carolina,1987,1987-08-30,1.040666,1.109261,1.142171,1.142171,False,14.393172,0.32422,18,4.510455,4.334202,1980-09-13,1986-11-15,29.571246,False,11.191818,False
Rutgers,1987,1987-08-30,0.990332,1.07597,1.142171,1.142171,False,23.190946,0.435994,29,8.871871,8.958485,1980-09-20,1986-11-22,26.129511,False,-3.364856,False
Syracuse,1987,1987-08-30,1.2249,1.184546,1.142171,1.142171,False,31.502922,0.512218,41,18.262462,14.909347,1980-09-20,1986-11-08,77.213776,False,94.436137,False
Boston College,1987,1987-08-30,1.235196,1.183629,1.142171,1.142171,False,24.119013,0.445666,31,15.791626,12.784707,1980-09-20,1986-11-15,85.758661,False,111.1617,False
Temple,1987,1987-08-30,0.944209,1.064418,1.142171,1.142171,False,19.404319,0.392766,25,8.732305,9.248272,1980-09-13,1986-11-08,26.366804,False,-22.919176,False
Army,1987,1987-08-30,1.618687,1.331457,1.142171,1.142171,False,19.770122,0.397229,25,11.220231,6.931688,1980-09-20,1986-12-06,109.274882,False,203.028199,False
Navy,1987,1987-08-30,1.305547,1.203046,1.142171,1.142171,False,17.816693,0.372604,23,9.670833,7.407496,1980-09-20,1986-11-01,76.416302,False,114.485631,False
Akron,1987,1987-08-30,,1.142171,1.142171,1.142171,False,0.0,0.0,0,0.0,0.0,,,70.299953,False,,False
Kent State,1987,1987-08-30,1.226986,1.180398,1.142171,1.142171,False,24.616513,0.450716,32,10.241258,8.346681,1980-10-04,1986-11-08,56.512909,False,70.558669,False
Ohio,1987,1987-08-30,1.190691,1.164245,1.142171,1.142171,False,25.040847,0.45495,33,12.14908,10.203383,1980-09-20,1986-11-15,58.140568,False,67.387063,False
Miami (OH),1987,1987-08-30,1.27076,1.200018,1.142171,1.142171,False,24.531877,0.449863,32,18.830157,14.818028,1980-09-13,1986-11-15,116.814001,False,164.582717,False
Alabama,1987,1987-08-30,1.071051,1.103775,1.142171,1.142171,False,35.199622,0.539875,45,25.234192,23.560212,1980-09-06,1986-11-15,70.661224,False,47.386675,False
Auburn,1987,1987-08-30,1.28351,1.218049,1.142171,1.142171,False,34.773892,0.53685,45,28.18377,21.958349,1980-09-20,1986-11-29,141.684601,False,192.956003,False
Georgia,1987,1987-08-30,1.181487,1.163982,1.142171,1.142171,False,37.379171,0.554759,49,32.272521,27.315174,1980-09-13,1986-11-29,147.459675,False,167.786479,False
Georgia Tech,1987,1987-08-30,1.092254,1.118183,1.142171,1.142171,False,27.753531,0.480551,36,12.363541,11.319296,1980-09-20,1986-11-01,46.200618,False,36.132677,False
Florida,1987,1987-08-30,1.289014,1.215795,1.142171,1.142171,False,30.166087,0.50138,39,25.01822,19.408799,1980-09-13,1986-11-08,138.946035,False,197.887982,False
Florida State,1987,1987-08-30,1.020936,1.085874,1.142171,1.142171,False,26.008084,0.464363,34,18.586095,18.204956,1980-09-13,1986-11-29,64.017575,False,14.864954,False
Miami (FL),1987,1987-08-30,1.181719,1.16183,1.142171,1.142171,False,29.651297,0.497077,38,24.977512,21.136583,1980-09-27,1986-11-27,140.745401,False,161.844668,False
South Carolina,1987,1987-08-30,1.239502,1.192048,1.142171,1.142171,False,31.531872,0.512448,40,17.767247,14.334184,1980-10-04,1986-11-22,82.244277,False,102.707848,False
Clemson,1987,1987-08-30,1.121194,1.132235,1.142171,1.142171,False,26.995645,0.473644,35,20.88231,18.625063,1980-09-13,1986-11-15,103.380717,False,93.895815,False
Tennessee,1987,1987-08-30,1.062849,1.10008,1.142171,1.142171,False,33.91577,0.530632,44,22.99992,21.639883,1980-09-06,1986-11-22,65.330566,False,40.420207,False
Vanderbilt,1987,1987-08-30,0.981624,1.063694,1.142171,1.142171,False,28.686829,0.488812,37,9.937298,10.123324,1980-09-20,1986-11-29,21.298964,False,-6.242229,False
Kentucky,1987,1987-08-30,1.254204,1.20027,1.142171,1.142171,False,32.316696,0.518588,42,15.957901,12.723528,1980-09-06,1986-11-15,69.667719,False,88.073969,False
LSU,1987,1987-08-30,1.106976,1.123322,1.142171,1.142171,False,34.594616,0.535565,45,22.455849,20.285758,1980-09-06,1986-11-29,65.312931,False,56.380982,False
Mississippi State,1987,1987-08-30,1.292675,1.214163,1.142171,1.142171,False,27.508846,0.478341,36,15.616684,12.080906,1980-09-13,1986-11-15,82.854982,False,113.308103,False
Ole Miss,1987,1987-08-30,1.335029,1.240301,1.142171,1.142171,False,31.077248,0.508819,40,17.589356,13.175261,1980-09-06,1986-11-22,85.304692,False,119.267843,False
Washington,1988,1988-08-27,1.150656,1.151708,1.152968,1.152968,False,35.966246,0.545222,48,29.594377,25.719567,1980-09-13,1987-11-21,127.871702,False,126.831098,False
Washington State,1988,1988-08-27,1.122908,1.137966,1.152968,1.152968,False,29.888478,0.499069,39,15.297767,13.623354,1980-09-13,1987-11-28,56.696709,False,50.51413,False
Oregon,1988,1988-08-27,1.09911,1.127031,1.152968,1.152968,False,27.868434,0.481583,37,13.207812,12.016822,1980-09-06,1987-11-21,47.233683,False,36.918805,False
Oregon State,1988,1988-08-27,1.195027,1.173219,1.152968,1.152968,False,27.856719,0.481478,37,6.243608,5.224657,1980-10-11,1987-11-14,38.354968,False,42.912414,False
California,1988,1988-08-27,1.160542,1.156763,1.152968,1.152968,False,30.124013,0.501031,41,12.181832,10.496677,1980-09-27,1987-11-14,50.461801,False,51.646223,False
Stanford,1988,1988-08-27,1.149442,1.151102,1.152968,1.152968,False,33.738607,0.529328,45,15.872773,13.809107,1980-09-13,1987-11-21,53.406593,False,52.825939,False
USC,1988,1988-08-27,1.274675,1.218137,1.152968,1.152968,False,34.579488,0.535456,46,26.828176,21.047065,1980-09-20,1987-11-21,131.250572,False,170.581569,False
UCLA,1988,1988-08-27,1.148028,1.150456,1.152968,1.152968,False,31.032273,0.508457,41,24.52572,21.363347,1980-09-13,1987-11-14,108.68092,False,106.702258,False
San Jose State,1988,1988-08-27,1.107174,1.138212,1.152968,1.152968,False,14.262735,0.322229,19,10.038255,9.066557,1980-10-11,1987-10-24,82.96994,False,63.259203,False
Fresno State,1988,1988-08-27,1.19735,1.166746,1.152968,1.152968,False,13.505737,0.310436,18,9.225056,7.704562,1980-09-20,1987-10-31,91.187378,False,108.629698,False
San Diego State,1988,1988-08-27,1.189177,1.171067,1.152968,1.152968,False,29.981515,0.499846,40,15.983298,13.440637,1980-09-27,1987-11-21,62.539936,False,69.160311,False
Hawai'i,1988,1988-08-27,1.11016,1.129199,1.152968,1.152968,False,37.452635,0.555243,49,20.493326,18.459794,1980-10-04,1987-12-05,57.206298,False,48.727805,False
UNLV,1988,1988-08-27,1.053101,1.112505,1.152968,1.152968,False,20.434958,0.405174,28,10.475321,9.947116,1980-09-13,1987-11-28,46.325152,False,21.829323,False
Arizona,1988,1988-08-27,1.040371,1.090466,1.152968,1.152968,False,37.429902,0.555094,50,22.768907,21.885376,1980-09-20,1987-11-28,51.72835,False,22.821211,False
Arizona State,1988,1988-08-27,1.113647,1.13106,1.152968,1.152968,False,37.743705,0.557154,51,27.458928,24.656762,1980-09-13,1987-11-07,87.302859,False,75.000674,False
BYU,1988,1988-08-27,1.058617,1.102091,1.152968,1.152968,False,35.109154,0.539235,46,29.376136,27.749528,1980-09-13,1987-12-04,116.759222,False,62.083106,False
Utah,1988,1988-08-27,1.266388,1.207526,1.152968,1.152968,False,27.806224,0.481025,37,18.735589,14.794508,1980-09-20,1987-11-14,107.36615,False,139.362212,False
Utah State,1988,1988-08-27,1.638542,1.31577,1.152968,1.152968,False,15.131608,0.335277,20,7.267397,4.435282,1980-10-04,1987-11-14,89.006782,False,172.756861,False
Colorado,1988,1988-08-27,1.206609,1.182466,1.152968,1.152968,False,36.654316,0.549917,49,16.031367,13.286299,1980-09-27,1987-11-28,63.974234,False,72.213833,False
Colorado State,1988,1988-08-27,1.247313,1.19863,1.152968,1.152968,False,28.138945,0.483995,38,13.741226,11.016665,1980-09-06,1987-10-17,73.037367,False,90.736464,False
Wyoming,1988,1988-08-27,1.327828,1.238693,1.152968,1.152968,False,28.85218,0.490248,38,18.889675,14.226,1980-09-13,1987-10-31,104.219869,False,144.877882,False
Air Force,1988,1988-08-27,1.296896,1.228253,1.152968,1.152968,False,32.902568,0.523072,44,24.080174,18.567548,1980-09-20,1987-11-07,124.007895,False,164.693562,False
New Mexico,1988,1988-08-27,1.024026,1.08942,1.152968,1.152968,False,29.152791,0.492839,39,13.567255,13.248937,1980-09-06,1987-11-14,39.513382,False,10.627464,False
New Mexico State,1988,1988-08-27,0.494975,0.935582,1.152968,1.152968,False,14.801379,0.330378,19,2.275575,4.597352,1980-09-13,1987-11-21,-19.506433,False,-180.673974,False
UTEP,1988,1988-08-27,1.02121,1.088223,1.152968,1.152968,False,28.984728,0.491394,39,8.180274,8.010372,1980-09-20,1987-11-21,27.127906,False,6.627924,False
Kansas,1988,1988-08-27,0.973563,1.058168,1.152968,1.152968,False,33.615083,0.528414,46,14.008437,14.388838,1980-09-13,1987-11-14,23.72931,False,-10.791073,False
Kansas State,1988,1988-08-27,1.08199,1.120411,1.152968,1.152968,False,25.421364,0.458693,34,8.002144,7.395766,1980-09-27,1987-11-21,35.624305,False,24.426365,False
Nebraska,1988,1988-08-27,1.091075,1.118005,1.152968,1.152968,False,38.94836,0.564892,52,33.750021,30.932828,1980-09-13,1987-11-21,154.582487,False,113.30978,False
Iowa State,1988,1988-08-27,1.196586,1.175622,1.152968,1.152968,False,32.419619,0.519382,44,14.604392,12.205049,1980-09-13,1987-11-14,64.295923,False,71.872453,False
Oklahoma State,1988,1988-08-27,1.060619,1.107113,1.152968,1.152968,False,29.587951,0.496543,39,19.489773,18.375854,1980-10-04,1987-11-21,66.296159,False,36.985192,False
Tulsa,1988,1988-08-27,1.340481,1.215048,1.152968,1.152968,False,14.847606,0.331068,20,9.997178,7.457903,1980-09-13,1987-11-21,89.88916,False,146.805725,False
Texas,1988,1988-08-27,1.238623,1.199767,1.152968,1.152968,False,36.13264,0.546366,49,28.491511,23.002577,1980-09-01,1987-11-21,127.590885,False,156.424643,False
Texas A&M,1988,1988-08-27,1.236776,1.196317,1.152968,1.152968,False,32.142124,0.517236,43,21.531082,17.409038,1980-09-20,1987-11-26,95.284268,False,115.895187,False
Baylor,1988,1988-08-27,1.103939,1.129438,1.152968,1.152968,False,27.682545,0.479912,37,18.495251,16.75387,1980-10-04,1987-11-14,78.093233,False,61.954204,False
TCU,1988,1988-08-27,0.98948,1.070803,1.152968,1.152968,False,30.310311,0.502573,41,10.498566,10.610185,1980-09-13,1987-11-21,23.894897,False,-3.609429,False
Texas Tech,1988,1988-08-27,1.09588,1.122697,1.152968,1.152968,False,33.86365,0.530249,45,16.120675,14.710257,1980-09-06,1987-11-21,45.217552,False,35.381634,False
Houston,1988,1988-08-27,0.885362,1.020613,1.152968,1.152968,False,29.357637,0.494589,40,11.923916,13.467847,1980-09-20,1987-11-07,8.445621,False,-47.615256,False
Rice,1988,1988-08-27,0.717783,0.939222,1.152968,1.152968,False,28.957771,0.491161,39,4.23339,5.897868,1980-09-27,1987-11-28,-15.65962,False,-79.473207,False
Tulane,1988,1988-08-27,1.219675,1.188517,1.152968,1.152968,False,34.227298,0.532909,46,18.65195,15.292559,1980-09-06,1987-11-21,70.558341,False,82.256412,False
Louisiana,1988,1988-08-27,1.625599,1.291166,1.152968,1.152968,False,12.396961,0.292402,16,9.421607,5.795776,1980-09-06,1987-11-28,102.502126,False,238.062616,False
Memphis,1988,1988-08-27,1.086973,1.122355,1.152968,1.152968,False,25.955658,0.463861,35,9.637172,8.866066,1980-09-06,1987-11-14,39.500087,False,28.240607,False
Oklahoma,1988,1988-08-27,1.184531,1.169836,1.152968,1.152968,False,34.43632,0.534424,46,29.658431,25.03812,1980-09-13,1987-11-14,163.810803,False,181.909057,False
Arkansas,1988,1988-08-27,1.120889,1.134868,1.152968,1.152968,False,38.847058,0.564252,52,30.191604,26.935404,1980-09-20,1987-11-28,105.862394,False,93.785338,False
Missouri,1988,1988-08-27,1.062363,1.102205,1.152968,1.152968,False,38.223411,0.560268,51,20.271097,19.081135,1980-09-13,1987-11-21,48.975781,False,29.750541,False
Cincinnati,1988,1988-08-27,1.466336,1.266093,1.152968,1.152968,False,16.948262,0.360999,22,8.746667,5.964982,1980-11-08,1987-10-24,85.320592,False,147.935598,False
Louisville,1988,1988-08-27,1.111658,1.135558,1.152968,1.152968,False,21.854235,0.421455,29,7.620353,6.854942,1980-09-06,1987-10-24,40.247633,False,33.297264,False
Southern Miss,1988,1988-08-27,1.356132,1.241599,1.152968,1.152968,False,23.215501,0.436254,31,18.346031,13.5282,1980-09-20,1987-11-14,131.05426,False,205.366425,False
Michigan,1988,1988-08-27,1.123387,1.136536,1.152968,1.152968,False,37.490423,0.555492,50,30.298848,26.970983,1980-09-13,1987-11-21,112.01542,False,99.757502,False
Michigan State,1988,1988-08-27,1.03749,1.091358,1.152968,1.152968,False,34.3119,0.533523,46,17.524444,16.891193,1980-09-27,1987-11-14,39.86052,False,16.341262,False
Ohio State,1988,1988-08-27,1.077572,1.110793,1.152968,1.152968,False,38.085985,0.559381,51,29.299985,27.190733,1980-09-13,1987-11-14,84.839366,False,57.648,False
Indiana,1988,1988-08-27,1.197435,1.176574,1.152968,1.152968,False,33.948362,0.530871,45,17.177309,14.345087,1980-09-13,1987-11-21,65.095425,False,72.780393,False
Purdue,1988,1988-08-27,1.324085,1.244262,1.152968,1.152968,False,34.311601,0.533521,46,19.122416,14.44199,1980-09-20,1987-11-14,93.703957,False,124.481008,False
Illinois,1988,1988-08-27,1.349775,1.256456,1.152968,1.152968,False,33.268942,0.525834,44,22.784623,16.88031,1980-09-06,1987-11-14,120.549852,False,167.112872,False
Northwestern,1988,1988-08-27,1.106039,1.129309,1.152968,1.152968,False,30.501331,0.504143,41,6.328233,5.721527,1980-10-04,1987-11-21,29.859458,False,24.661176,False
Wisconsin,1988,1988-08-27,1.10657,1.126787,1.152968,1.152968,False,38.84955,0.564267,52,20.250168,18.299943,1980-09-13,1987-11-21,53.995241,False,45.355937,False
Minnesota,1988,1988-08-27,1.131625,1.14161,1.152968,1.152968,False,34.127423,0.532181,46,16.490608,14.572501,1980-09-13,1987-11-14,56.053472,False,52.102382,False
Iowa,1988,1988-08-27,1.157638,1.155411,1.152968,1.152968,False,32.89229,0.522994,44,25.272617,21.831186,1980-09-27,1987-11-21,114.238337,False,116.050218,False
Notre Dame,1988,1988-08-27,1.161724,1.157716,1.152968,1.152968,False,35.535813,0.542235,48,24.433137,21.031798,1980-09-06,1987-11-14,86.28527,False,88.587512,False
Toledo,1988,1988-08-27,1.430456,1.288784,1.152968,1.152968,False,28.759748,0.489446,38,22.422293,15.674923,1980-09-27,1987-11-14,138.062474,False,217.774704,False
Ball State,1988,1988-08-27,1.156353,1.154549,1.152968,1.152968,False,26.290698,0.467052,35,13.240144,11.44992,1980-09-20,1987-11-14,55.391285,False,56.033075,False
Western Michigan,1988,1988-08-27,1.213807,1.184182,1.152968,1.152968,False,31.60956,0.513063,42,18.29647,15.073627,1980-09-06,1987-11-07,74.724821,False,86.977017,False
Bowling Green,1988,1988-08-27,1.210394,1.179753,1.152968,1.152968,False,26.225193,0.466431,35,21.287196,17.586997,1980-09-13,1987-11-21,121.998138,False,146.807578,False
Central Michigan,1988,1988-08-27,1.2103,1.180052,1.152968,1.152968,False,26.860705,0.472395,36,20.449352,16.896097,1980-09-06,1987-10-31,108.638785,False,129.119607,False
Eastern Michigan,1988,1988-08-27,1.357519,1.244819,1.152968,1.152968,False,24.450393,0.44904,32,10.692505,7.876507,1980-10-18,1987-11-14,77.416975,False,111.094866,False
Northern Illinois,1988,1988-08-27,1.207962,1.17672,1.152968,1.152968,False,22.808142,0.431906,31,13.601122,11.259564,1980-09-13,1987-11-14,76.070075,False,89.844815,False
Penn State,1988,1988-08-27,1.200457,1.178982,1.152968,1.152968,False,36.339771,0.547783,48,31.7771,26.470832,1980-09-27,1987-11-21,164.058786,False,190.250934,False
Pittsburgh,1988,1988-08-27,1.085194,1.116113,1.152968,1.152968,False,35.76026,0.543797,47,23.421921,21.583159,1980-09-13,1987-11-21,67.085202,False,48.728164,False
West Virginia,1988,1988-08-27,1.09746,1.123526,1.152968,1.152968,False,33.886877,0.53042,45,23.991032,21.860505,1980-09-06,1987-11-14,81.32649,False,63.11061,False
Maryland,1988,1988-08-27,1.01218,1.082629,1.152968,1.152968,False,29.953134,0.499609,40,19.072437,18.842933,1980-09-13,1987-11-07,47.81742,False,6.870444,False
Virginia,1988,1988-08-27,1.220479,1.185332,1.152968,1.152968,False,27.624321,0.479386,37,13.282382,10.882929,1980-09-13,1987-11-14,65.165557,False,77.279933,False
Virginia Tech,1988,1988-08-27,1.023993,1.093689,1.152968,1.152968,False,25.516232,0.459617,33,15.909332,15.536567,1980-10-18,1987-11-21,49.817785,False,12.463008,False
NC State,1988,1988-08-27,1.141346,1.1471,1.152968,1.152968,False,30.590537,0.504873,41,14.842219,13.004137,1980-09-27,1987-11-21,56.251174,False,54.050765,False
Wake Forest,1988,1988-08-27,0.738916,0.973021,1.152968,1.152968,False,23.05991,0.434601,31,6.274374,8.491318,1980-09-06,1987-11-14,-8.399437,False,-86.027964,False
Duke,1988,1988-08-27,1.195618,1.173931,1.152968,1.152968,False,28.999358,0.49152,39,14.546278,12.166327,1980-09-06,1987-11-14,59.407409,False,66.750577,False
North Carolina,1988,1988-08-27,1.002157,1.07458,1.152968,1.152968,False,32.471401,0.51978,44,20.759621,20.714928,1980-09-27,1987-11-21,45.023557,False,1.269616,False
East Carolina,1988,1988-08-27,1.224291,1.17896,1.152968,1.152968,False,17.201713,0.36443,22,6.096658,4.979747,1980-09-13,1987-11-07,47.214348,False,58.632205,False
Rutgers,1988,1988-08-27,1.118754,1.136969,1.152968,1.152968,False,26.348304,0.467597,34,11.100957,9.922611,1980-09-20,1987-11-07,44.970709,False,39.079446,False
Syracuse,1988,1988-08-27,1.287604,1.224606,1.152968,1.152968,False,34.11451,0.532087,46,21.755448,16.896077,1980-09-20,1987-11-21,100.429703,False,129.930101,False
Boston College,1988,1988-08-27,1.224961,1.18782,1.152968,1.152968,False,28.150332,0.484096,37,18.495834,15.099117,1980-09-20,1987-10-31,90.19088,False,108.996354,False
Temple,1988,1988-08-27,0.839692,1.020822,1.152968,1.152968,False,21.886793,0.421818,29,9.089234,10.824492,1980-09-13,1987-11-21,8.673876,False,-67.184371,False
Army,1988,1988-08-27,1.471216,1.288427,1.152968,1.152968,False,22.232005,0.42564,29,12.368569,8.407039,1980-09-20,1987-12-05,99.1599,False,162.210741,False
Navy,1988,1988-08-27,1.227141,1.182989,1.152968,1.152968,False,20.398571,0.404745,27,9.02706,7.356171,1980-09-20,1987-11-07,64.680328,False,79.806643,False
Akron,1988,1988-08-27,0.919544,1.139253,1.152968,1.152968,False,1.872718,0.058756,2,0.936981,1.018962,1987-09-12,1987-09-19,59.250326,False,-33.427157,False
Kent State,1988,1988-08-27,1.314131,1.230321,1.152968,1.152968,False,27.688972,0.47997,37,13.33243,10.145434,1980-10-04,1987-11-14,73.707506,False,99.773672,False
Ohio,1988,1988-08-27,1.104201,1.1298,1.152968,1.152968,False,27.151848,0.475083,37,11.340333,10.270167,1980-09-20,1987-11-21,43.717831,False,35.221125,False
Miami (OH),1988,1988-08-27,1.242249,1.194977,1.152968,1.152968,False,26.660489,0.470531,36,20.402587,16.423915,1980-09-13,1987-10-31,117.141253,False,149.779599,False
Alabama,1988,1988-08-27,1.067964,1.105713,1.152968,1.152968,False,37.553837,0.55591,50,27.31481,25.576536,1980-09-06,1987-10-31,75.346255,False,47.184527,False
Auburn,1988,1988-08-27,1.241458,1.203529,1.152968,1.152968,False,39.990996,0.571373,53,32.424721,26.118253,1980-09-20,1987-11-27,141.772787,False,173.360787,False
Georgia,1988,1988-08-27,1.173223,1.164722,1.152968,1.152968,False,41.476027,0.580279,56,34.821605,29.680287,1980-09-13,1987-11-14,137.956155,False,146.686674,False
Georgia Tech,1988,1988-08-27,0.97573,1.06343,1.152968,1.152968,False,30.62847,0.505183,41,11.540518,11.827575,1980-09-20,1987-11-28,23.727462,False,-9.187013,False
Florida,1988,1988-08-27,1.278953,1.218836,1.152968,1.152968,False,32.870414,0.522828,44,27.115722,21.201507,1980-09-13,1987-11-28,143.720122,False,192.826625,False
Florida State,1988,1988-08-27,1.028822,1.091975,1.152968,1.152968,False,28.974166,0.491303,39,21.106774,20.51547,1980-09-13,1987-10-31,73.321381,False,21.854518,False
Miami (FL),1988,1988-08-27,1.177446,1.166025,1.152968,1.152968,False,34.293932,0.533393,45,29.931274,25.420501,1980-09-27,1987-12-05,168.93328,False,183.964966,False
South Carolina,1988,1988-08-27,1.339934,1.252501,1.152968,1.152968,False,34.151492,0.532357,45,21.303158,15.898664,1980-10-04,1987-11-21,107.597712,False,146.175814,False
Clemson,1988,1988-08-27,1.112686,1.132243,1.152968,1.152968,False,31.791184,0.514494,42,25.141579,22.595394,1980-09-13,1987-11-14,110.868498,False,92.621054,False
Tennessee,1988,1988-08-27,1.098953,1.122696,1.152968,1.152968,False,38.25091,0.560445,51,28.061712,25.534946,1980-09-06,1987-11-28,89.235627,False,70.925843,False
Vanderbilt,1988,1988-08-27,1.210906,1.183065,1.152968,1.152968,False,32.43159,0.519474,43,13.049988,10.777044,1980-09-20,1987-11-21,58.112839,False,66.667111,False
Kentucky,1988,1988-08-27,1.256944,1.209547,1.152968,1.152968,False,35.811065,0.54415,48,19.593001,15.587802,1980-09-06,1987-11-21,82.609223,False,101.233138,False
LSU,1988,1988-08-27,1.099462,1.123419,1.152968,1.152968,False,37.002858,0.552258,50,24.726416,22.489553,1980-09-06,1987-11-14,70.046607,False,55.963257,False
Mississippi State,1988,1988-08-27,1.271495,1.212606,1.152968,1.152968,False,30.381313,0.503158,41,17.399324,13.684145,1980-09-13,1987-11-21,83.215505,False,106.455996,False
Ole Miss,1988,1988-08-27,1.308639,1.23534,1.152968,1.152968,False,33.71337,0.529141,45,18.303657,13.986783,1980-09-06,1987-10-31,82.904854,False,108.77468,False
Washington,1989,1989-08-31,1.145011,1.146746,1.149012,1.149012,False,39.180347,0.566351,54,31.355992,27.384879,1980-09-13,1988-11-12,114.19694,False,112.655289,False
Washington State,1989,1989-08-31,1.097963,1.122436,1.149012,1.149012,False,32.578795,0.520604,44,17.096442,15.57105,1980-09-13,1988-11-19,51.638488,False,41.275954,False
Oregon,1989,1989-08-31,1.096934,1.123081,1.149012,1.149012,False,29.751758,0.497923,41,14.194225,12.939905,1980-09-06,1988-11-05,45.548464,False,35.92552,False
Oregon State,1989,1989-08-31,1.432088,1.294258,1.149012,1.149012,False,31.614296,0.5131,43,9.114539,6.364512,1980-10-11,1988-11-19,64.483269,False,91.710665,False
California,1989,1989-08-31,1.198809,1.174654,1.149012,1.149012,False,31.846033,0.514924,45,14.176215,11.82525,1980-09-27,1988-10-22,60.706255,False,68.896374,False
Stanford,1989,1989-08-31,1.141076,1.144624,1.149012,1.149012,False,37.10088,0.552912,51,18.089963,15.853426,1980-09-13,1988-11-19,52.209675,False,50.934835,False
USC,1989,1989-08-31,1.262502,1.21165,1.149012,1.149012,False,36.952545,0.551921,51,28.77685,22.793508,1980-09-20,1988-11-26,130.701015,False,167.064473,False
UCLA,1989,1989-08-31,1.105188,1.125546,1.149012,1.149012,False,34.578853,0.535452,47,26.621409,24.087682,1980-09-13,1988-11-19,93.276276,False,76.892695,False
San Jose State,1989,1989-08-31,1.006523,1.099211,1.149012,1.149012,False,16.118899,0.349507,22,10.301691,10.234932,1980-10-11,1988-10-29,58.091528,False,3.67485,False
Fresno State,1989,1989-08-31,1.222581,1.17295,1.149012,1.149012,False,14.469505,0.32538,20,10.47833,8.570662,1980-09-20,1988-10-15,100.513239,False,131.479152,False
San Diego State,1989,1989-08-31,1.22902,1.19071,1.149012,1.149012,False,32.653199,0.521174,45,16.7822,13.65494,1980-09-27,1988-11-05,66.424369,False,79.658505,False
Hawai'i,1989,1989-08-31,1.161372,1.156255,1.149012,1.149012,False,42.462217,0.585991,57,23.820367,20.510532,1980-10-04,1988-12-03,67.676149,False,69.908894,False
UNLV,1989,1989-08-31,1.003983,1.084902,1.149012,1.149012,False,23.76837,0.442051,33,11.645283,11.599083,1980-09-13,1988-11-19,35.344585,False,1.656022,False
Arizona,1989,1989-08-31,1.06761,1.101326,1.149012,1.149012,False,42.430956,0.585812,58,25.936998,24.294445,1980-09-20,1988-11-26,54.405863,False,36.043572,False
Arizona State,1989,1989-08-31,1.102954,1.122723,1.149012,1.149012,False,39.892773,0.570771,56,28.417639,25.765032,1980-09-13,1988-11-12,81.419708,False,67.635522,False
BYU,1989,1989-08-31,1.094683,1.118523,1.149012,1.149012,False,38.36818,0.561199,52,33.02289,30.166624,1980-09-13,1988-10-29,136.867549,False,104.364874,False
Utah,1989,1989-08-31,1.333694,1.242327,1.149012,1.149012,False,30.639857,0.505276,42,20.304259,15.224076,1980-09-20,1988-11-19,114.773723,False,159.70032,False
Utah State,1989,1989-08-31,1.487565,1.271175,1.149012,1.149012,False,16.936514,0.360839,23,8.658072,5.820297,1980-10-04,1988-11-12,87.584641,False,154.604698,False
Colorado,1989,1989-08-31,1.174437,1.163512,1.149012,1.149012,False,39.820638,0.570328,55,18.710274,15.931278,1980-09-27,1988-11-19,63.948495,False,68.145032,False
Colorado State,1989,1989-08-31,1.235308,1.192818,1.149012,1.149012,False,30.928842,0.507622,43,13.754227,11.134248,1980-09-06,1988-10-29,66.974074,False,81.383298,False
Wyoming,1989,1989-08-31,1.316076,1.233456,1.149012,1.149012,False,30.662387,0.50546,42,21.373654,16.240436,1980-09-13,1988-11-05,115.429969,False,159.119403,False
Air Force,1989,1989-08-31,1.238749,1.19757,1.149012,1.149012,False,35.375277,0.541111,49,25.266119,20.396485,1980-09-20,1988-11-12,110.548272,False,135.226255,False
New Mexico,1989,1989-08-31,0.985423,1.063536,1.149012,1.149012,False,32.827716,0.522504,45,13.595785,13.796909,1980-09-06,1988-11-19,25.895352,False,-5.989127,False
New Mexico State,1989,1989-08-31,0.436447,0.895058,1.149012,1.149012,False,16.612392,0.356394,22,2.121676,4.861243,1980-09-13,1988-10-29,-31.848385,False,-207.558732,False
UTEP,1989,1989-08-31,1.101356,1.124872,1.149012,1.149012,False,30.797576,0.506559,43,11.400143,10.351003,1980-09-20,1988-11-19,45.865323,False,37.365781,False
Kansas,1989,1989-08-31,0.945784,1.036798,1.149012,1.149012,False,36.9882,0.55216,52,14.005873,14.80874,1980-09-13,1988-11-19,14.507441,False,-21.477706,False
Kansas State,1989,1989-08-31,1.024659,1.088529,1.149012,1.149012,False,28.408786,0.486379,39,7.460953,7.281401,1980-09-27,1988-11-12,25.581378,False,7.227941,False
Nebraska,1989,1989-08-31,1.123005,1.133709,1.149012,1.149012,False,42.886906,0.588403,59,38.040135,33.873527,1980-09-13,1988-11-12,174.426417,False,156.810081,False
Iowa State,1989,1989-08-31,1.193845,1.173131,1.149012,1.149012,False,34.932517,0.537982,49,15.493866,12.978125,1980-09-13,1988-11-19,64.002959,False,71.52671,False
Oklahoma State,1989,1989-08-31,1.083763,1.114263,1.149012,1.149012,False,34.180798,0.53257,46,23.82073,21.97964,1980-10-04,1988-12-03,76.659926,False,55.508063,False
Tulsa,1989,1989-08-31,1.309983,1.208553,1.149012,1.149012,False,17.610358,0.369885,24,12.150631,9.275413,1980-09-13,1988-11-26,91.850793,False,140.832525,False
Texas,1989,1989-08-31,1.196303,1.175272,1.149012,1.149012,False,37.459222,0.555287,53,27.5007,22.988073,1980-09-01,1988-11-24,105.866425,False,119.712505,False
Texas A&M,1989,1989-08-31,1.199632,1.176156,1.149012,1.149012,False,34.687182,0.53623,48,23.844262,19.876312,1980-09-20,1988-12-01,94.273798,False,107.537166,False
Baylor,1989,1989-08-31,1.11732,1.133279,1.149012,1.149012,False,29.574734,0.496431,41,19.125363,17.117175,1980-10-04,1988-11-19,74.948281,False,65.58817,False
TCU,1989,1989-08-31,1.02303,1.08217,1.149012,1.149012,False,33.906923,0.530567,47,13.54413,13.239228,1980-09-13,1988-11-12,29.799281,False,8.419605,False
Texas Tech,1989,1989-08-31,1.141849,1.145186,1.149012,1.149012,False,34.401697,0.534174,48,16.911341,14.810492,1980-09-06,1988-11-19,52.349292,False,51.153526,False
Houston,1989,1989-08-31,0.952755,1.046161,1.149012,1.149012,False,33.033686,0.524064,46,14.89686,15.635557,1980-09-20,1988-11-26,19.660859,False,-20.275001,False
Rice,1989,1989-08-31,0.650517,0.896647,1.149012,1.149012,False,30.75994,0.506254,43,3.947082,6.067609,1980-09-27,1988-11-12,-26.521173,False,-100.05902,False
SMU,1989,1989-08-31,1.052825,1.10741,1.149012,1.149012,False,22.864528,0.432512,34,17.952473,17.051722,1980-09-13,1986-11-22,98.379574,False,45.505481,False
Louisiana Tech,1989,1989-08-31,1.302984,1.160056,1.149012,1.149012,False,2.318,0.071725,4,0.873101,0.670078,1981-09-19,1981-11-14,38.374871,False,70.510076,False
Tulane,1989,1989-08-31,1.172249,1.162072,1.149012,1.149012,False,38.497587,0.562028,53,20.211285,17.241454,1980-09-06,1988-11-19,61.467556,False,65.331326,False
Louisiana,1989,1989-08-31,1.474819,1.254577,1.149012,1.149012,False,14.379292,0.324009,19,10.662833,7.229925,1980-09-06,1988-10-22,100.44519,False,198.512869,False
Memphis,1989,1989-08-31,1.212501,1.180174,1.149012,1.149012,False,28.919452,0.49083,40,12.762268,10.525573,1980-09-06,1988-11-19,58.809232,False,69.144965,False
Oklahoma,1989,1989-08-31,1.151932,1.150639,1.149012,1.149012,False,37.753885,0.557221,52,32.351777,28.084795,1980-09-13,1988-11-19,155.607163,False,157.254135,False
Arkansas,1989,1989-08-31,1.151423,1.150417,1.149012,1.149012,False,41.858834,0.582515,58,33.788755,29.345202,1980-09-20,1988-11-12,121.974131,False,122.914844,False
Missouri,1989,1989-08-31,1.012466,1.070702,1.149012,1.149012,False,40.341285,0.573508,56,19.834997,19.590783,1980-09-13,1988-11-12,32.932089,False,5.781307,False
Cincinnati,1989,1989-08-31,1.232452,1.181963,1.149012,1.149012,False,19.57889,0.394904,26,8.155124,6.616991,1980-11-08,1988-11-19,57.014152,False,72.402557,False
Louisville,1989,1989-08-31,1.347766,1.239498,1.149012,1.149012,False,25.072552,0.455264,34,10.866823,8.062841,1980-09-06,1988-11-05,70.366887,False,100.82982,False
Southern Miss,1989,1989-08-31,1.352819,1.242464,1.149012,1.149012,False,25.404757,0.45853,35,20.864613,15.423061,1980-09-20,1988-10-29,142.705169,False,224.47591,False
Michigan,1989,1989-08-31,1.139445,1.143457,1.149012,1.149012,False,41.542518,0.580669,57,33.430682,29.339446,1980-09-13,1988-11-12,115.016801,False,111.321218,False
Michigan State,1989,1989-08-31,0.993629,1.063523,1.149012,1.149012,False,36.694316,0.550187,51,19.171266,19.294183,1980-09-27,1988-11-19,30.577821,False,-3.055921,False
Ohio State,1989,1989-08-31,1.075203,1.105914,1.149012,1.149012,False,42.100331,0.583913,58,30.608475,28.467628,1980-09-13,1988-11-19,75.828548,False,52.765133,False
Indiana,1989,1989-08-31,1.192299,1.173002,1.149012,1.149012,False,37.296424,0.554211,51,20.244849,16.97968,1980-09-13,1988-11-12,68.568875,False,76.302103,False
Purdue,1989,1989-08-31,1.284057,1.224157,1.149012,1.149012,False,37.635125,0.556443,52,19.703827,15.344978,1980-09-20,1988-11-19,83.308833,False,105.336608,False
Illinois,1989,1989-08-31,1.333848,1.251828,1.149012,1.149012,False,37.606572,0.556256,51,25.483585,19.105309,1980-09-06,1988-11-19,114.79601,False,154.535533,False
Northwestern,1989,1989-08-31,1.192335,1.172054,1.149012,1.149012,False,34.082532,0.531854,47,8.258589,6.926399,1980-10-04,1988-11-12,40.582571,False,45.116724,False
Wisconsin,1989,1989-08-31,1.076598,1.106829,1.149012,1.149012,False,41.861165,0.582528,58,19.826728,18.416099,1980-09-13,1988-11-12,42.810104,False,30.73888,False
Minnesota,1989,1989-08-31,1.107207,1.126062,1.149012,1.149012,False,36.517319,0.54899,51,17.248765,15.578626,1980-09-13,1988-11-19,48.620416,False,41.358804,False
Iowa,1989,1989-08-31,1.129648,1.138535,1.149012,1.149012,False,35.364439,0.541035,49,26.854706,23.772634,1980-09-27,1988-11-05,102.669987,False,95.500307,False
Notre Dame,1989,1989-08-31,1.198166,1.177015,1.149012,1.149012,False,39.718867,0.5697,55,29.367073,24.51002,1980-09-06,1988-11-19,107.859416,False,121.883431,False
Toledo,1989,1989-08-31,1.495373,1.326462,1.149012,1.149012,False,31.516397,0.512325,43,24.6727,16.499363,1980-09-27,1988-11-12,145.740457,False,235.113547,False
Ball State,1989,1989-08-31,1.097599,1.124069,1.149012,1.149012,False,28.270747,0.485162,39,14.216894,12.952717,1980-09-20,1988-11-05,46.544452,False,36.634854,False
Western Michigan,1989,1989-08-31,1.190837,1.170997,1.149012,1.149012,False,33.242378,0.525635,46,19.888583,16.701346,1980-09-06,1988-11-19,74.291812,False,83.140872,False
Bowling Green,1989,1989-08-31,1.183723,1.165541,1.149012,1.149012,False,27.272337,0.476187,38,20.787357,17.561004,1980-09-13,1988-11-12,102.777753,False,115.409427,False
Central Michigan,1989,1989-08-31,1.195678,1.171874,1.149012,1.149012,False,28.810925,0.489891,40,21.890846,18.308307,1980-09-06,1988-11-05,104.253646,False,120.412549,False
Eastern Michigan,1989,1989-08-31,1.201037,1.174329,1.149012,1.149012,False,28.437077,0.486627,38,13.255693,11.036877,1980-10-18,1988-11-05,64.479703,False,74.222436,False
Northern Illinois,1989,1989-08-31,1.286421,1.210208,1.149012,1.149012,False,24.088895,0.445357,34,14.56097,11.318976,1980-09-13,1988-11-12,87.177009,False,119.637574,False
Penn State,1989,1989-08-31,1.145195,1.146842,1.149012,1.149012,False,39.527355,0.568515,54,32.44875,28.334682,1980-09-27,1988-11-12,121.383875,False,119.796094,False
Pittsburgh,1989,1989-08-31,1.089481,1.11537,1.149012,1.149012,False,38.983274,0.565112,53,25.602219,23.499472,1980-09-13,1988-11-05,66.450332,False,51.102841,False
West Virginia,1989,1989-08-31,1.146071,1.147402,1.149012,1.149012,False,36.298048,0.547498,50,27.071466,23.621107,1980-09-06,1988-11-19,98.707467,False,97.719174,False
Maryland,1989,1989-08-31,1.03056,1.087303,1.149012,1.149012,False,32.625329,0.520961,45,20.593329,19.982665,1980-09-13,1988-11-12,48.655961,False,16.723941,False
Virginia,1989,1989-08-31,1.203508,1.176467,1.149012,1.149012,False,30.459028,0.503796,42,15.212366,12.640018,1980-09-13,1988-11-19,64.835131,False,74.651366,False
Virginia Tech,1989,1989-08-31,1.029898,1.091993,1.149012,1.149012,False,27.547395,0.478691,37,15.768221,15.310472,1980-10-18,1988-10-29,45.640837,False,14.64092,False
NC State,1989,1989-08-31,1.22524,1.188528,1.149012,1.149012,False,32.291033,0.51839,45,16.664203,13.600771,1980-09-27,1988-11-19,70.153375,False,83.840077,False
Wake Forest,1989,1989-08-31,0.791969,0.985761,1.149012,1.149012,False,25.272189,0.457232,35,7.735957,9.768002,1980-09-06,1988-11-12,-4.634439,False,-70.372887,False
Duke,1989,1989-08-31,1.118387,1.133264,1.149012,1.149012,False,31.756059,0.514218,44,15.920237,14.234997,1980-09-06,1988-11-19,48.661475,False,43.240157,False
North Carolina,1989,1989-08-31,0.965846,1.049204,1.149012,1.149012,False,35.920609,0.544907,50,20.297962,21.015727,1980-09-27,1988-11-12,27.167589,False,-18.581904,False
East Carolina,1989,1989-08-31,1.057759,1.111712,1.149012,1.149012,False,20.740012,0.408751,27,5.684337,5.373945,1980-09-13,1988-10-29,29.255762,False,15.333651,False
Rutgers,1989,1989-08-31,0.995239,1.074326,1.149012,1.149012,False,28.330699,0.485691,38,11.288773,11.34278,1980-09-20,1988-11-12,26.657743,False,-1.72529,False
Syracuse,1989,1989-08-31,1.264746,1.213272,1.149012,1.149012,False,37.451387,0.555235,52,25.928178,20.500698,1980-09-20,1988-12-03,113.949186,False,143.598614,False
Boston College,1989,1989-08-31,1.26309,1.207791,1.149012,1.149012,False,31.887714,0.515251,43,20.06573,15.886219,1980-09-20,1988-11-19,92.634112,False,118.226765,False
Temple,1989,1989-08-31,0.842961,1.012445,1.149012,1.149012,False,24.173453,0.446223,33,9.423133,11.178607,1980-09-13,1988-11-26,4.980812,False,-63.689216,False
Army,1989,1989-08-31,1.529841,1.323798,1.149012,1.149012,False,25.448908,0.458961,34,16.252543,10.62368,1980-09-20,1988-12-03,122.640262,False,204.801913,False
Navy,1989,1989-08-31,1.149069,1.149036,1.149012,1.149012,False,20.898676,0.410594,29,8.416553,7.324673,1980-09-20,1988-10-29,52.494442,False,52.505939,False
Akron,1989,1989-08-31,0.730111,1.093603,1.149012,1.149012,False,4.573088,0.132273,5,1.81845,2.49065,1987-09-12,1988-11-12,39.280286,False,-112.139199,False
Kent State,1989,1989-08-31,1.227731,1.188093,1.149012,1.149012,False,29.578194,0.49646,41,14.310435,11.655998,1980-10-04,1988-11-05,64.762912,False,78.187721,False
Ohio,1989,1989-08-31,1.299751,1.221972,1.149012,1.149012,False,28.141304,0.484016,40,13.399134,10.309001,1980-09-20,1988-11-12,71.56857,False,95.819413,False
Miami (OH),1989,1989-08-31,1.154838,1.15195,1.149012,1.149012,False,30.513946,0.504247,42,19.494536,16.880761,1980-09-13,1988-11-19,78.657795,False,80.208045,False
Alabama,1989,1989-08-31,1.048374,1.091675,1.149012,1.149012,False,39.724471,0.569735,55,28.29325,26.987751,1980-09-06,1988-11-12,63.996725,False,32.841888,False
Auburn,1989,1989-08-31,1.224618,1.194678,1.149012,1.149012,False,45.756008,0.603992,62,38.701446,31.602868,1980-09-20,1988-11-25,159.68683,False,190.572879,False
Georgia,1989,1989-08-31,1.194443,1.176102,1.149012,1.149012,False,44.311291,0.596293,62,38.106913,31.903506,1980-09-13,1988-11-26,152.343586,False,172.842547,False
Georgia Tech,1989,1989-08-31,1.001863,1.072701,1.149012,1.149012,False,32.317625,0.518595,45,11.701104,11.679349,1980-09-20,1988-10-29,26.17666,False,0.678361,False
Florida,1989,1989-08-31,1.244327,1.19993,1.149012,1.149012,False,34.406696,0.53421,48,27.157785,21.825277,1980-09-13,1988-10-29,129.142827,False,162.642406,False
Florida State,1989,1989-08-31,1.043797,1.094937,1.149012,1.149012,False,31.722591,0.513954,44,24.387277,23.363998,1980-09-13,1988-11-26,86.60287,False,37.887605,False
Miami (FL),1989,1989-08-31,1.167045,1.159155,1.149012,1.149012,False,38.569786,0.56249,52,34.502177,29.563712,1980-09-27,1988-12-03,188.231072,False,200.853535,False
South Carolina,1989,1989-08-31,1.332793,1.249934,1.149012,1.149012,False,36.53977,0.549142,50,23.61554,17.718835,1980-10-04,1988-11-12,113.734353,False,153.120152,False
Clemson,1989,1989-08-31,1.115396,1.13107,1.149012,1.149012,False,34.344091,0.533757,47,27.208112,24.39322,1980-09-13,1988-11-19,109.300769,False,94.733163,False
Tennessee,1989,1989-08-31,1.056992,1.095707,1.149012,1.149012,False,41.306765,0.579283,57,28.056065,26.543301,1980-09-06,1988-11-19,62.898698,False,36.835779,False
Vanderbilt,1989,1989-08-31,1.183609,1.167628,1.149012,1.149012,False,34.94367,0.538061,48,14.043336,11.864842,1980-09-20,1988-11-26,52.849624,False,57.750712,False
Kentucky,1989,1989-08-31,1.289888,1.228666,1.149012,1.149012,False,39.031925,0.565418,54,22.026025,17.075918,1980-09-06,1988-11-12,88.711923,False,112.539129,False
LSU,1989,1989-08-31,1.136797,1.142021,1.149012,1.149012,False,40.15439,0.572372,56,27.760862,24.420244,1980-09-06,1988-11-26,81.791729,False,78.623191,False
Mississippi State,1989,1989-08-31,1.247046,1.198953,1.149012,1.149012,False,31.152371,0.509422,44,16.222594,13.00882,1980-09-13,1988-11-12,75.79076,False,94.012447,False
Ole Miss,1989,1989-08-31,1.216694,1.185995,1.149012,1.149012,False,36.141309,0.546426,50,18.947985,15.573339,1980-09-06,1988-11-26,68.049315,False,79.278816,False
Washington,1990,1990-08-26,1.142933,1.144667,1.14711,1.14711,False,42.240075,0.584718,60,33.047566,28.914712,1980-09-13,1989-11-18,104.968026,False,103.558988,False
Washington State,1990,1990-08-26,1.049442,1.09509,1.14711,1.14711,False,34.18833,0.532625,48,17.846043,17.00526,1980-09-13,1989-10-21,41.779497,False,21.666259,False
Oregon,1990,1990-08-26,1.155476,1.151398,1.14711,1.14711,False,31.550512,0.512595,45,16.079807,13.91618,1980-09-06,1989-11-18,56.072159,False,57.575247,False
Oregon State,1990,1990-08-26,1.502054,1.331277,1.14711,1.14711,False,32.352002,0.518861,46,10.391249,6.918026,1980-10-11,1989-11-11,73.591612,False,107.633091,False
California,1990,1990-08-26,1.290616,1.225723,1.14711,1.14711,False,36.343118,0.547805,52,17.011021,13.180547,1980-09-27,1989-11-11,75.797468,False,96.906166,False
Stanford,1990,1990-08-26,1.171396,1.161033,1.14711,1.14711,False,40.30541,0.57329,57,19.727031,16.840624,1980-09-13,1989-11-18,57.357727,False,61.028451,False
USC,1990,1990-08-26,1.213671,1.185207,1.14711,1.14711,False,40.152235,0.572359,57,31.581766,26.021678,1980-09-20,1989-11-04,127.267231,False,149.850491,False
UCLA,1990,1990-08-26,1.044898,1.08941,1.14711,1.14711,False,38.888001,0.564511,54,27.217287,26.047783,1980-09-13,1989-11-18,60.480056,False,29.634207,False
San Jose State,1990,1990-08-26,1.024194,1.102738,1.14711,1.14711,False,16.948086,0.360996,24,11.515029,11.243019,1980-10-11,1989-11-25,67.467802,False,15.220321,False
Fresno State,1990,1990-08-26,1.26691,1.190893,1.14711,1.14711,False,17.2787,0.365465,24,13.55109,10.69617,1980-09-20,1989-11-04,119.292628,False,173.85177,False
San Diego State,1990,1990-08-26,1.229034,1.190797,1.14711,1.14711,False,34.275383,0.533258,49,17.566322,14.292787,1980-09-27,1989-11-25,67.580423,False,80.983583,False
Hawai'i,1990,1990-08-26,1.224576,1.194098,1.14711,1.14711,False,46.249533,0.606555,64,28.838734,23.54997,1980-10-04,1989-11-25,90.198983,False,104.814805,False
UNLV,1990,1990-08-26,0.986563,1.074103,1.14711,1.14711,False,25.019216,0.454736,36,11.814313,11.975228,1980-09-13,1989-11-18,30.648762,False,-5.551828,False
Arizona,1990,1990-08-26,1.129596,1.136665,1.14711,1.14711,False,44.326721,0.596377,63,27.975162,24.765645,1980-09-20,1989-11-11,70.108436,False,66.386246,False
Arizona State,1990,1990-08-26,1.112255,1.126062,1.14711,1.14711,False,45.733366,0.603873,65,31.714692,28.513861,1980-09-13,1989-11-25,78.08652,False,69.143576,False
BYU,1990,1990-08-26,1.127803,1.135905,1.14711,1.14711,False,41.493695,0.580383,58,35.566187,31.535809,1980-09-13,1989-11-18,141.121291,False,130.946898,False
Utah,1990,1990-08-26,1.23454,1.193125,1.14711,1.14711,False,33.331792,0.526304,47,20.845799,16.885483,1980-09-20,1989-11-25,92.284116,False,112.616278,False
Utah State,1990,1990-08-26,1.375901,1.234805,1.14711,1.14711,False,18.64598,0.3833,26,8.086319,5.87711,1980-10-04,1989-11-11,72.266836,False,113.2746,False
Colorado,1990,1990-08-26,1.209866,1.184014,1.14711,1.14711,False,42.827185,0.588066,61,23.110885,19.102025,1980-09-27,1989-11-04,82.34544,False,93.832807,False
Colorado State,1990,1990-08-26,1.28287,1.216871,1.14711,1.14711,False,31.710531,0.513859,46,13.788986,10.748548,1980-09-06,1989-10-21,72.741219,False,94.091141,False
Wyoming,1990,1990-08-26,1.312572,1.235352,1.14711,1.14711,False,34.282306,0.533309,48,23.734606,18.082521,1980-09-13,1989-11-19,113.324926,False,153.101119,False
Air Force,1990,1990-08-26,1.290188,1.227696,1.14711,1.14711,False,38.686511,0.563233,55,27.827208,21.56834,1980-09-20,1989-12-09,119.936218,False,155.642205,False
New Mexico,1990,1990-08-26,1.043257,1.090923,1.14711,1.14711,False,35.362666,0.541022,50,14.581591,13.976991,1980-09-06,1989-11-18,35.583876,False,17.01867,False
New Mexico State,1990,1990-08-26,0.398786,0.86318,1.14711,1.14711,False,18.342021,0.379422,25,1.981567,4.968995,1980-09-13,1989-11-11,-40.999337,False,-224.049483,False
UTEP,1990,1990-08-26,0.933604,1.034518,1.14711,1.14711,False,33.471566,0.527347,48,11.589107,12.413304,1980-09-20,1989-11-11,13.427649,False,-26.198488,False
Kansas,1990,1990-08-26,0.958346,1.040129,1.14711,1.14711,False,39.24337,0.566746,57,14.017771,14.627039,1980-09-13,1989-11-04,15.182425,False,-15.885518,False
Kansas State,1990,1990-08-26,0.924912,1.035447,1.14711,1.14711,False,30.306221,0.502539,43,6.968254,7.533964,1980-09-27,1989-11-18,10.151648,False,-22.134523,False
Nebraska,1990,1990-08-26,1.119849,1.130519,1.14711,1.14711,False,46.64617,0.608591,66,42.119465,37.611739,1980-09-13,1989-11-18,190.606073,False,170.134929,False
Iowa State,1990,1990-08-26,1.112141,1.127508,1.14711,1.14711,False,38.266487,0.560546,55,16.351813,14.703001,1980-09-13,1989-11-04,49.151931,False,43.290034,False
Oklahoma State,1990,1990-08-26,1.038135,1.086511,1.14711,1.14711,False,37.580669,0.556086,52,24.128771,23.242418,1980-10-04,1989-11-18,54.941932,False,23.895628,False
Tulsa,1990,1990-08-26,1.390433,1.247732,1.14711,1.14711,False,21.153943,0.413535,29,16.05476,11.546591,1980-09-13,1989-11-18,122.269133,False,204.774648,False
Texas,1990,1990-08-26,1.171398,1.161085,1.14711,1.14711,False,40.65012,0.575372,59,28.515047,24.342742,1980-09-01,1989-11-25,91.722343,False,97.974993,False
Texas A&M,1990,1990-08-26,1.23208,1.194625,1.14711,1.14711,False,38.057253,0.559195,54,26.981215,21.898917,1980-09-20,1989-12-02,105.194973,False,126.889275,False
Baylor,1990,1990-08-26,1.116372,1.131165,1.14711,1.14711,False,32.334469,0.518725,46,20.684026,18.527895,1980-10-04,1989-11-18,72.847304,False,64.328006,False
TCU,1990,1990-08-26,1.12328,1.133901,1.14711,1.14711,False,37.311105,0.554308,53,15.470107,13.772263,1980-09-13,1989-11-04,46.273761,False,42.668453,False
Texas Tech,1990,1990-08-26,1.199196,1.17614,1.14711,1.14711,False,37.774473,0.557355,54,20.497333,17.092569,1980-09-06,1989-11-11,68.585491,False,77.545405,False
Houston,1990,1990-08-26,1.011532,1.073561,1.14711,1.14711,False,35.57127,0.542483,51,18.632145,18.419732,1980-09-20,1989-11-25,35.667899,False,5.585055,False
Rice,1990,1990-08-26,0.60663,0.858452,1.14711,1.14711,False,34.388233,0.534076,49,4.156077,6.851091,1980-09-27,1989-12-02,-37.292706,False,-116.378999,False
SMU,1990,1990-08-26,0.96411,1.063716,1.14711,1.14711,False,25.116855,0.455702,38,16.766946,17.391122,1980-09-13,1989-11-18,51.117896,False,-27.043726,False
Louisiana Tech,1990,1990-08-26,1.601218,1.211875,1.14711,1.14711,False,4.990316,0.14262,7,3.171186,1.980483,1981-09-19,1989-10-28,62.602289,False,178.673564,False
Tulane,1990,1990-08-26,1.169334,1.160023,1.14711,1.14711,False,41.604914,0.581034,59,21.694511,18.552885,1980-09-06,1989-11-25,59.460383,False,62.920495,False
Louisiana,1990,1990-08-26,1.502065,1.271775,1.14711,1.14711,False,16.240149,0.351213,22,11.834796,7.879019,1980-09-06,1989-10-07,101.514277,False,197.115306,False
Memphis,1990,1990-08-26,1.095173,1.12042,1.14711,1.14711,False,31.713722,0.513884,45,12.860031,11.742469,1980-09-06,1989-11-11,39.225485,False,31.098002,False
Oklahoma,1990,1990-08-26,1.137145,1.141361,1.14711,1.14711,False,40.907821,0.576916,58,34.918153,30.706868,1980-09-13,1989-11-11,149.128591,False,143.744449,False
Arkansas,1990,1990-08-26,1.139534,1.142574,1.14711,1.14711,False,44.755453,0.598691,64,36.275252,31.833413,1980-09-20,1989-12-02,119.26984,False,116.346351,False
Missouri,1990,1990-08-26,0.965263,1.039657,1.14711,1.14711,False,43.331854,0.590901,62,19.460714,20.161038,1980-09-13,1989-11-18,17.807911,False,-15.568048,False
Cincinnati,1990,1990-08-26,1.118252,1.13519,1.14711,1.14711,False,21.112628,0.413061,29,7.616584,6.811152,1980-11-08,1989-11-18,40.863083,False,35.850606,False
Louisville,1990,1990-08-26,1.239203,1.190075,1.14711,1.14711,False,26.235975,0.466534,37,11.088506,8.948093,1980-09-06,1989-10-14,59.726244,False,74.680895,False
Arkansas State,1990,1990-08-26,1.209148,1.151158,1.14711,1.14711,False,2.094214,0.065252,4,1.085342,0.897609,1980-09-20,1981-11-21,47.673955,False,65.827991,False
Southern Miss,1990,1990-08-26,1.284733,1.214073,1.14711,1.14711,False,28.429903,0.486564,40,22.31097,17.366225,1980-09-20,1989-11-25,126.811738,False,176.330191,False
Michigan,1990,1990-08-26,1.130584,1.137243,1.14711,1.14711,False,44.455005,0.597072,63,35.942047,31.790684,1980-09-13,1989-11-25,115.232108,False,108.831128,False
Michigan State,1990,1990-08-26,0.958995,1.0397,1.14711,1.14711,False,39.926957,0.570981,57,20.73694,21.623621,1980-09-27,1989-11-18,20.517697,False,-21.122058,False
Ohio State,1990,1990-08-26,1.140269,1.143006,1.14711,1.14711,False,44.975976,0.599872,64,34.243006,30.030651,1980-09-13,1989-11-18,103.36675,False,101.18816,False
Indiana,1990,1990-08-26,1.130368,1.137494,1.14711,1.14711,False,40.488056,0.574396,57,22.66763,20.05331,1980-09-13,1989-11-25,60.82962,False,57.631201,False
Purdue,1990,1990-08-26,1.260053,1.212199,1.14711,1.14711,False,40.805648,0.576305,58,20.285018,16.098549,1980-09-20,1989-11-18,78.056899,False,95.410292,False
Illinois,1990,1990-08-26,1.336343,1.255058,1.14711,1.14711,False,39.840924,0.570452,56,27.571689,20.632201,1980-09-06,1989-11-18,119.474648,False,160.368937,False
Northwestern,1990,1990-08-26,1.029685,1.081883,1.14711,1.14711,False,37.487657,0.555474,53,7.713217,7.490853,1980-10-04,1989-11-25,19.532563,False,7.198662,False
Wisconsin,1990,1990-08-26,1.105849,1.122409,1.14711,1.14711,False,44.750128,0.598663,64,20.39728,18.444902,1980-09-13,1989-11-25,47.299722,False,40.949759,False
Minnesota,1990,1990-08-26,1.114143,1.128514,1.14711,1.14711,False,38.822345,0.564095,56,17.995808,16.15215,1980-09-13,1989-11-18,49.160009,False,43.673332,False
Iowa,1990,1990-08-26,1.054726,1.095078,1.14711,1.14711,False,38.683654,0.563215,55,26.020599,24.670472,1980-09-27,1989-11-25,61.26392,False,34.719983,False
Notre Dame,1990,1990-08-26,1.189392,1.171955,1.14711,1.14711,False,42.747679,0.587616,61,33.079486,27.812102,1980-09-06,1989-11-11,119.645847,False,133.177467,False
Toledo,1990,1990-08-26,1.56149,1.367686,1.14711,1.14711,False,34.144188,0.532304,48,27.752428,17.773047,1980-09-27,1989-11-18,165.693586,False,274.600164,False
Ball State,1990,1990-08-26,1.145521,1.146313,1.14711,1.14711,False,30.169795,0.501411,43,16.576236,14.470483,1980-09-20,1989-11-11,57.935924,False,57.620668,False
Western Michigan,1990,1990-08-26,1.132925,1.139306,1.14711,1.14711,False,36.689231,0.550152,52,21.389378,18.879779,1980-09-06,1989-11-11,60.717903,False,57.883567,False
Bowling Green,1990,1990-08-26,1.232433,1.189894,1.14711,1.14711,False,30.172851,0.501436,43,22.240021,18.045623,1980-09-13,1989-11-04,107.15863,False,133.688557,False
Central Michigan,1990,1990-08-26,1.173332,1.160566,1.14711,1.14711,False,31.622354,0.513164,45,23.749675,20.241228,1980-09-06,1989-11-11,97.908666,False,106.50397,False
Eastern Michigan,1990,1990-08-26,1.186192,1.167053,1.14711,1.14711,False,31.260691,0.51029,43,16.612814,14.005161,1980-10-18,1989-11-04,73.827513,False,82.31238,False
Northern Illinois,1990,1990-08-26,1.360258,1.244696,1.14711,1.14711,False,25.333551,0.457833,37,16.434821,12.082139,1980-09-13,1989-11-11,101.810812,False,152.480479,False
Penn State,1990,1990-08-26,1.12761,1.135568,1.14711,1.14711,False,43.512238,0.591905,61,33.599746,29.797299,1980-09-27,1989-11-18,100.300333,False,93.817273,False
Pittsburgh,1990,1990-08-26,1.108168,1.124167,1.14711,1.14711,False,43.022881,0.58917,60,28.15968,25.411016,1980-09-13,1989-12-02,71.075553,False,61.638643,False
West Virginia,1990,1990-08-26,1.109087,1.125714,1.14711,1.14711,False,38.602558,0.562699,55,29.044728,26.187968,1980-09-06,1989-11-11,92.839126,False,79.43151,False
Maryland,1990,1990-08-26,1.030673,1.084266,1.14711,1.14711,False,35.178631,0.539726,50,21.114511,20.48615,1980-09-13,1989-11-18,44.701386,False,16.069961,False
Virginia,1990,1990-08-26,1.214722,1.182608,1.14711,1.14711,False,33.161608,0.525028,47,18.921788,15.577054,1980-09-13,1989-11-11,79.234509,False,93.279839,False
Virginia Tech,1990,1990-08-26,1.100069,1.12272,1.14711,1.14711,False,32.304627,0.518495,44,18.956937,17.232491,1980-10-18,1989-11-04,59.635791,False,48.389277,False
NC State,1990,1990-08-26,1.140874,1.143717,1.14711,1.14711,False,35.799478,0.544069,51,19.310971,16.926473,1980-09-27,1989-11-18,62.092115,False,60.852727,False
Wake Forest,1990,1990-08-26,0.790481,0.976956,1.14711,1.14711,False,27.374255,0.477117,39,8.17191,10.337899,1980-09-06,1989-11-11,-7.354185,False,-69.626695,False
Duke,1990,1990-08-26,1.265191,1.210155,1.14711,1.14711,False,34.365497,0.533912,49,19.575424,15.472311,1980-09-06,1989-11-11,77.637182,False,98.276891,False
North Carolina,1990,1990-08-26,0.921029,1.020378,1.14711,1.14711,False,38.268798,0.560561,55,18.957547,20.58301,1980-09-27,1989-11-18,10.722189,False,-41.200378,False
East Carolina,1990,1990-08-26,1.180499,1.161308,1.14711,1.14711,False,22.195822,0.425241,30,8.134378,6.890626,1980-09-13,1989-11-11,49.106969,False,54.754248,False
Rutgers,1990,1990-08-26,0.957341,1.051887,1.14711,1.14711,False,30.214537,0.501781,42,11.947259,12.479628,1980-09-20,1989-10-21,19.031217,False,-15.834268,False
Syracuse,1990,1990-08-26,1.203411,1.179817,1.14711,1.14711,False,41.587132,0.58093,59,27.993572,23.261862,1980-09-20,1989-12-04,96.260252,False,109.645373,False
Boston College,1990,1990-08-26,1.180356,1.164891,1.14711,1.14711,False,34.494717,0.534846,48,19.682445,16.675007,1980-09-20,1989-11-18,70.905011,False,77.654083,False
Temple,1990,1990-08-26,0.870748,1.017891,1.14711,1.14711,False,26.345586,0.467571,37,9.748929,11.196036,1980-09-13,1989-11-18,6.817761,False,-50.154617,False
Army,1990,1990-08-26,1.378806,1.258025,1.14711,1.14711,False,27.549356,0.478708,38,17.061623,12.374204,1980-09-20,1989-12-09,104.200118,False,155.522783,False
Navy,1990,1990-08-26,1.084231,1.12027,1.14711,1.14711,False,22.34275,0.426855,32,7.86075,7.250066,1980-09-20,1989-11-11,40.573156,False,28.626644,False
Akron,1990,1990-08-26,1.197969,1.156834,1.14711,1.14711,False,7.091499,0.191189,8,4.518768,3.772023,1987-09-12,1989-10-28,66.513611,False,84.555562,False
Kent State,1990,1990-08-26,1.132189,1.13948,1.14711,1.14711,False,31.395895,0.511368,45,13.365417,11.804931,1980-10-04,1989-11-11,46.466536,False,44.079159,False
Ohio,1990,1990-08-26,1.216823,1.182534,1.14711,1.14711,False,30.993196,0.508142,45,13.928239,11.446396,1980-09-20,1989-11-18,59.44565,False,70.327566,False
Miami (OH),1990,1990-08-26,1.146362,1.146722,1.14711,1.14711,False,32.268612,0.518216,46,19.151476,16.706312,1980-09-13,1989-11-18,70.387791,False,70.211899,False
Alabama,1990,1990-08-26,1.081731,1.10869,1.14711,1.14711,False,42.754506,0.587654,61,32.078167,29.654482,1980-09-06,1989-11-18,80.69794,False,59.38741,False
Auburn,1990,1990-08-26,1.244766,1.207398,1.14711,1.14711,False,48.400278,0.617348,68,41.811577,33.589902,1980-09-20,1989-12-02,173.241553,False,214.533949,False
Georgia,1990,1990-08-26,1.176713,1.165325,1.14711,1.14711,False,47.983993,0.615306,69,40.301967,34.249629,1980-09-13,1989-11-18,137.208784,False,148.8189,False
Georgia Tech,1990,1990-08-26,1.148706,1.147979,1.14711,1.14711,False,35.851855,0.544432,51,15.659983,13.632714,1980-09-20,1989-12-02,54.878031,False,55.143559,False
Florida,1990,1990-08-26,1.226134,1.19164,1.14711,1.14711,False,38.729745,0.563508,55,30.073377,24.526995,1980-09-13,1989-12-02,125.117783,False,150.987846,False
Florida State,1990,1990-08-26,1.060187,1.100132,1.14711,1.14711,False,35.282307,0.540457,50,27.495836,25.934882,1980-09-13,1989-11-18,91.353493,False,52.69898,False
Miami (FL),1990,1990-08-26,1.16589,1.158031,1.14711,1.14711,False,41.684853,0.581502,58,37.885857,32.495217,1980-09-27,1989-11-25,206.977662,False,221.464632,False
South Carolina,1990,1990-08-26,1.294658,1.23035,1.14711,1.14711,False,38.832075,0.564157,55,24.868952,19.2089,1980-10-04,1989-11-18,105.265909,False,135.981437,False
Clemson,1990,1990-08-26,1.103835,1.123275,1.14711,1.14711,False,36.783845,0.55079,52,29.17731,26.432662,1980-09-13,1989-10-28,105.332636,False,86.951083,False
Tennessee,1990,1990-08-26,1.10126,1.119557,1.14711,1.14711,False,45.175428,0.600933,64,32.799764,29.78386,1980-09-06,1989-12-02,84.23731,False,70.606504,False
Vanderbilt,1990,1990-08-26,1.131208,1.138291,1.14711,1.14711,False,37.351369,0.554575,53,14.054006,12.423893,1980-09-20,1989-11-18,43.203797,False,41.039948,False
Kentucky,1990,1990-08-26,1.321053,1.249615,1.14711,1.14711,False,43.047009,0.589306,61,25.274252,19.131902,1980-09-06,1989-11-25,99.275658,False,127.927673,False
LSU,1990,1990-08-26,1.101151,1.119997,1.14711,1.14711,False,43.158541,0.589932,62,27.814985,25.259928,1980-09-06,1989-11-18,65.765133,False,55.160915,False
Mississippi State,1990,1990-08-26,1.335663,1.244309,1.14711,1.14711,False,31.919339,0.515499,47,17.975479,13.458092,1980-09-13,1989-11-11,92.08259,False,126.669552,False
Ole Miss,1990,1990-08-26,1.193373,1.173379,1.14711,1.14711,False,39.414219,0.567812,56,20.532143,17.205131,1980-09-06,1989-11-25,64.384614,False,71.80101,False
Washington,1991,1991-08-28,1.149305,1.148093,1.146273,1.146273,False,45.047149,0.600251,66,35.52681,30.911555,1980-09-13,1990-11-10,108.762402,False,109.76845,False
Washington State,1991,1991-08-28,0.976809,1.053152,1.146273,1.146273,False,36.593355,0.549505,53,17.582932,18.000386,1980-09-13,1990-11-17,22.919318,False,-9.975578,False
Oregon,1991,1991-08-28,1.205861,1.17839,1.146273,1.146273,False,35.07298,0.538979,51,20.643094,17.118964,1980-09-06,1990-11-03,76.377882,False,88.298404,False
Oregon State,1991,1991-08-28,1.401502,1.283503,1.146273,1.146273,False,34.889304,0.537674,51,10.633417,7.587158,1980-10-11,1990-11-17,66.552404,False,91.82589,False
California,1991,1991-08-28,1.330598,1.251097,1.146273,1.146273,False,39.555678,0.568691,58,19.167873,14.405454,1980-09-27,1990-11-17,82.933738,False,108.411518,False
Stanford,1991,1991-08-28,1.157611,1.152907,1.146273,1.146273,False,42.298851,0.585056,62,20.282391,17.520903,1980-09-13,1990-11-03,54.546938,False,56.213551,False
USC,1991,1991-08-28,1.169292,1.159721,1.146273,1.146273,False,42.152108,0.584212,62,32.266932,27.59527,1980-09-20,1990-11-24,110.394757,False,117.775019,False
UCLA,1991,1991-08-28,1.050424,1.090408,1.146273,1.146273,False,41.915597,0.582844,60,28.207485,26.853437,1980-09-13,1990-11-17,56.33162,False,30.910085,False
San Jose State,1991,1991-08-28,1.064459,1.115917,1.146273,1.146273,False,17.697914,0.371042,26,12.630375,11.86553,1980-10-11,1990-11-17,78.457614,False,42.23641,False
Fresno State,1991,1991-08-28,1.266053,1.192602,1.146273,1.146273,False,18.922571,0.386786,27,15.445743,12.199921,1980-09-20,1990-09-22,132.772918,False,193.320977,False
San Diego State,1991,1991-08-28,1.28317,1.221596,1.146273,1.146273,False,36.698337,0.550214,54,20.163357,15.713708,1980-09-27,1990-12-01,82.003142,False,104.741814,False
Hawai'i,1991,1991-08-28,1.243193,1.205851,1.146273,1.146273,False,47.863188,0.614709,69,29.741155,23.923193,1980-10-04,1990-12-01,93.311444,False,110.746531,False
UNLV,1991,1991-08-28,0.950897,1.057044,1.146273,1.146273,False,25.218535,0.456704,38,11.019483,11.588515,1980-09-13,1990-11-03,22.85364,False,-19.757625,False
Arizona,1991,1991-08-28,1.110144,1.124222,1.146273,1.146273,False,46.994688,0.610363,69,29.858176,26.895759,1980-09-20,1990-11-24,64.992051,False,57.429712,False
Arizona State,1991,1991-08-28,1.122012,1.131308,1.146273,1.146273,False,48.297914,0.616848,71,32.397342,28.874332,1980-09-13,1990-11-03,76.56829,False,70.931719,False
BYU,1991,1991-08-28,1.158102,1.153329,1.146273,1.146273,False,44.345113,0.596477,64,38.816388,33.517248,1980-09-13,1990-11-24,167.408951,False,174.169637,False
Utah,1991,1991-08-28,1.186084,1.167931,1.146273,1.146273,False,35.791921,0.544017,52,20.38587,17.187541,1980-09-20,1990-11-17,76.055086,False,84.353354,False
Utah State,1991,1991-08-28,1.379508,1.242728,1.146273,1.146273,False,21.155361,0.413551,30,9.901705,7.177707,1980-10-04,1990-11-03,79.668526,False,122.387569,False
Colorado,1991,1991-08-28,1.216959,1.188908,1.146273,1.146273,False,45.598166,0.603165,67,27.208316,22.357629,1980-09-27,1990-11-17,97.154012,False,111.697978,False
Colorado State,1991,1991-08-28,1.333721,1.246249,1.146273,1.146273,False,34.288471,0.533353,51,17.57263,13.175643,1980-09-06,1990-11-10,94.014274,False,126.732123,False
Wyoming,1991,1991-08-28,1.300784,1.232225,1.146273,1.146273,False,37.611012,0.556285,54,26.826655,20.623454,1980-09-13,1990-11-10,118.325209,False,156.384239,False
Air Force,1991,1991-08-28,1.278669,1.222554,1.146273,1.146273,False,40.781406,0.57616,60,28.77388,22.502995,1980-09-20,1990-11-03,113.635801,False,144.473886,False
New Mexico,1991,1991-08-28,1.022119,1.077143,1.146273,1.146273,False,37.691175,0.556811,55,14.540596,14.225933,1980-09-06,1990-11-17,28.976785,False,8.374966,False
New Mexico State,1991,1991-08-28,0.350721,0.81986,1.146273,1.146273,False,20.873108,0.410297,29,1.848254,5.269864,1980-09-13,1990-11-10,-53.000485,False,-246.181416,False
UTEP,1991,1991-08-28,0.995313,1.064013,1.146273,1.146273,False,35.92107,0.54491,53,12.685714,12.745455,1980-09-20,1990-11-17,24.503825,False,-1.812927,False
Kansas,1991,1991-08-28,1.00213,1.061211,1.146273,1.146273,False,43.192098,0.59012,64,15.423494,15.390719,1980-09-13,1990-11-17,22.366956,False,0.783212,False
Kansas State,1991,1991-08-28,1.223902,1.186918,1.146273,1.146273,False,32.96863,0.523572,48,10.260758,8.383641,1980-09-27,1990-11-03,51.764489,False,61.576909,False
Nebraska,1991,1991-08-28,1.109211,1.123095,1.146273,1.146273,False,50.081837,0.625383,73,44.914658,40.492431,1980-09-13,1990-11-03,178.03621,False,152.424987,False
Iowa State,1991,1991-08-28,1.118696,1.130605,1.146273,1.146273,False,39.468367,0.568149,59,17.136749,15.318503,1980-09-13,1990-11-17,49.740499,False,45.247309,False
Oklahoma State,1991,1991-08-28,1.05246,1.093358,1.146273,1.146273,False,38.814935,0.564048,56,24.383012,23.167649,1980-10-04,1990-11-03,56.020343,False,31.187798,False
Tulsa,1991,1991-08-28,1.262472,1.19614,1.146273,1.146273,False,22.553302,0.429151,32,14.974647,11.86137,1980-09-13,1990-10-20,90.115353,False,122.509269,False
Texas,1991,1991-08-28,1.239939,1.201748,1.146273,1.146273,False,43.576679,0.592262,65,31.3205,25.259708,1980-09-01,1990-12-01,112.481812,False,135.622995,False
Texas A&M,1991,1991-08-28,1.242501,1.200823,1.146273,1.146273,False,39.265713,0.566885,58,28.934836,23.287574,1980-09-20,1990-11-24,114.484605,False,140.629316,False
Baylor,1991,1991-08-28,1.104795,1.123975,1.146273,1.146273,False,34.877949,0.537593,51,21.651257,19.597537,1980-10-04,1990-11-24,67.114041,False,56.459647,False
TCU,1991,1991-08-28,1.041599,1.086172,1.146273,1.146273,False,40.451058,0.574172,59,16.308101,15.656798,1980-09-13,1990-11-17,31.185382,False,15.151508,False
Texas Tech,1991,1991-08-28,1.116059,1.129019,1.146273,1.146273,False,39.944112,0.571086,59,20.065868,17.979214,1980-09-06,1990-11-17,50.900414,False,45.813805,False
Houston,1991,1991-08-28,1.045405,1.089367,1.146273,1.146273,False,38.832206,0.564158,57,23.032691,22.032324,1980-09-20,1990-12-02,50.798549,False,25.648091,False
Rice,1991,1991-08-28,0.815117,0.959816,1.146273,1.146273,False,38.657352,0.563048,56,7.636552,9.368662,1980-09-27,1990-11-17,-11.509494,False,-55.670912,False
SMU,1991,1991-08-28,0.95795,1.055129,1.146273,1.146273,False,28.137178,0.483979,43,16.573946,17.301466,1980-09-13,1990-11-24,38.889703,False,-28.657427,False
Louisiana Tech,1991,1991-08-28,1.7155,1.271077,1.146273,1.146273,False,8.424663,0.219251,11,6.727918,3.92184,1981-09-19,1990-11-17,96.14619,False,283.461219,False
Tulane,1991,1991-08-28,1.135376,1.139768,1.146273,1.146273,False,44.440968,0.596996,65,22.115006,19.478129,1980-09-06,1990-10-27,51.817978,False,50.193547,False
Louisiana,1991,1991-08-28,1.406736,1.247001,1.146273,1.146273,False,18.917634,0.386724,26,11.986119,8.520515,1980-09-06,1990-11-17,86.991062,False,145.106848,False
Memphis,1991,1991-08-28,1.085001,1.114015,1.146273,1.146273,False,33.355185,0.526479,49,13.87862,12.791344,1980-09-06,1990-11-10,37.403244,False,27.970121,False
Oklahoma,1991,1991-08-28,1.137734,1.141205,1.146273,1.146273,False,43.805612,0.593527,64,37.2764,32.763707,1980-09-13,1990-11-23,146.853293,False,142.509525,False
Arkansas,1991,1991-08-28,1.052925,1.088677,1.146273,1.146273,False,48.330809,0.617009,71,35.709799,33.914854,1980-09-20,1990-11-17,68.536834,False,39.771286,False
Missouri,1991,1991-08-28,1.01329,1.065746,1.146273,1.146273,False,46.054218,0.605545,68,20.968999,20.693974,1980-09-13,1990-11-03,28.608148,False,5.778634,False
Cincinnati,1991,1991-08-28,0.97885,1.074505,1.146273,1.146273,False,22.508732,0.428666,32,7.104164,7.257662,1980-11-08,1990-11-03,22.82209,False,-6.605121,False
Louisville,1991,1991-08-28,1.263482,1.204054,1.146273,1.146273,False,29.168498,0.492973,42,14.57321,11.534166,1980-09-06,1990-11-10,73.543868,False,94.74128,False
Arkansas State,1991,1991-08-28,0.753349,1.101754,1.146273,1.146273,False,3.83338,0.113302,6,1.479217,1.963522,1980-09-20,1990-11-10,40.062853,False,-98.372986,False
Southern Miss,1991,1991-08-28,1.300298,1.221174,1.146273,1.146273,False,28.3985,0.486288,42,22.691229,17.45079,1980-09-20,1990-10-20,132.521068,False,189.867037,False
Michigan,1991,1991-08-28,1.092531,1.113437,1.146273,1.146273,False,47.118061,0.610986,69,37.29406,34.135482,1980-09-13,1990-11-17,95.428824,False,76.079206,False
Michigan State,1991,1991-08-28,0.938483,1.024003,1.146273,1.146273,False,42.892161,0.588433,63,22.647529,24.132061,1980-09-27,1990-11-24,13.206821,False,-33.639429,False
Ohio State,1991,1991-08-28,1.132758,1.13792,1.146273,1.146273,False,48.54276,0.618042,71,35.233681,31.10433,1980-09-13,1990-11-24,90.43236,False,86.819914,False
Indiana,1991,1991-08-28,1.118095,1.129759,1.146273,1.146273,False,42.477991,0.586081,62,23.965172,21.433927,1980-09-13,1990-11-17,58.890751,False,53.523573,False
Purdue,1991,1991-08-28,1.196392,1.175731,1.146273,1.146273,False,42.77297,0.587759,63,18.920307,15.814472,1980-09-20,1990-11-24,62.320625,False,69.493706,False
Illinois,1991,1991-08-28,1.307326,1.240104,1.146273,1.146273,False,41.874398,0.582605,61,29.485582,22.554108,1980-09-06,1990-11-24,120.393166,False,156.771932,False
Northwestern,1991,1991-08-28,1.087371,1.112395,1.146273,1.146273,False,40.615717,0.575165,59,9.075566,8.346335,1980-10-04,1990-11-17,27.170514,False,21.277293,False
Wisconsin,1991,1991-08-28,1.07615,1.103009,1.146273,1.146273,False,48.324612,0.616979,71,19.961286,18.548795,1980-09-13,1990-11-17,38.665528,False,28.669751,False
Minnesota,1991,1991-08-28,1.164132,1.156676,1.146273,1.146273,False,41.86063,0.582525,62,20.553936,17.656021,1980-09-13,1990-11-24,59.950459,False,62.800935,False
Iowa,1991,1991-08-28,1.066983,1.100143,1.146273,1.146273,False,41.73375,0.581787,61,28.976352,27.157288,1980-09-27,1990-11-17,66.813404,False,44.006777,False
Notre Dame,1991,1991-08-28,1.142514,1.143989,1.146273,1.146273,False,46.463106,0.607654,68,35.557819,31.122429,1980-09-06,1990-11-17,106.918093,False,105.726237,False
Toledo,1991,1991-08-28,1.461158,1.321214,1.146273,1.146273,False,37.50218,0.55557,54,30.594163,20.938295,1980-09-27,1990-11-17,164.934656,False,254.30876,False
Ball State,1991,1991-08-28,1.146215,1.146243,1.146273,1.146273,False,31.905132,0.515388,47,18.28859,15.955636,1980-09-20,1990-11-17,61.789959,False,61.777893,False
Western Michigan,1991,1991-08-28,1.171608,1.160581,1.146273,1.146273,False,38.929739,0.564774,57,23.714194,20.240731,1980-09-06,1990-11-17,70.973196,False,75.990716,False
Bowling Green,1991,1991-08-28,1.238508,1.192415,1.146273,1.146273,False,30.0317,0.500264,45,21.686293,17.51002,1980-09-13,1990-11-10,103.737115,False,130.829404,False
Central Michigan,1991,1991-08-28,1.170055,1.159257,1.146273,1.146273,False,36.07126,0.545945,52,27.315078,23.345116,1980-09-06,1990-11-03,99.102255,False,106.553965,False
Eastern Michigan,1991,1991-08-28,1.169117,1.158225,1.146273,1.146273,False,32.918903,0.523196,47,17.366454,14.854329,1980-10-18,1990-11-10,69.266933,False,74.044304,False
Northern Illinois,1991,1991-08-28,1.417823,1.273505,1.146273,1.146273,False,26.447972,0.468537,40,18.14792,12.799847,1980-09-13,1990-10-13,118.634498,False,186.370485,False
Penn State,1991,1991-08-28,1.113608,1.126463,1.146273,1.146273,False,46.233745,0.606473,67,36.053108,32.37504,1980-09-27,1990-11-24,98.780261,False,87.736165,False
Pittsburgh,1991,1991-08-28,1.049192,1.0867,1.146273,1.146273,False,47.64733,0.613638,68,29.544015,28.158835,1980-09-13,1990-11-10,49.297648,False,27.707309,False
West Virginia,1991,1991-08-28,1.011555,1.067232,1.146273,1.146273,False,42.589397,0.586717,62,28.965735,28.634851,1980-09-06,1990-11-17,47.621778,False,7.910825,False
Maryland,1991,1991-08-28,1.057156,1.096763,1.146273,1.146273,False,37.500762,0.555561,55,22.506553,21.28972,1980-09-13,1990-10-13,49.007334,False,28.722167,False
Virginia,1991,1991-08-28,1.141815,1.143853,1.146273,1.146273,False,35.635703,0.542932,52,20.461346,17.920026,1980-09-13,1990-11-17,68.639429,False,67.657703,False
Virginia Tech,1991,1991-08-28,1.226487,1.189905,1.146273,1.146273,False,35.781395,0.543944,50,22.39418,18.258803,1980-10-18,1990-11-24,87.13251,False,104.657017,False
NC State,1991,1991-08-28,1.192948,1.172098,1.146273,1.146273,False,37.159818,0.553304,55,20.838095,17.467736,1980-09-27,1990-11-10,73.446017,False,82.469235,False
Wake Forest,1991,1991-08-28,0.796602,0.970726,1.146273,1.146273,False,30.245174,0.502035,44,8.560891,10.746758,1980-09-06,1990-11-17,-9.395143,False,-67.81115,False
Duke,1991,1991-08-28,1.182264,1.165861,1.146273,1.146273,False,35.826067,0.544253,53,19.203468,16.242964,1980-09-06,1990-11-17,61.382368,False,67.485382,False
North Carolina,1991,1991-08-28,0.991676,1.057561,1.146273,1.146273,False,40.394292,0.573829,60,20.497206,20.669254,1980-09-27,1990-11-10,28.529977,False,-4.113706,False
East Carolina,1991,1991-08-28,1.185435,1.164229,1.146273,1.146273,False,25.401405,0.458497,35,10.409691,8.781329,1980-09-13,1990-11-10,53.313908,False,60.007407,False
Rutgers,1991,1991-08-28,1.029633,1.086121,1.146273,1.146273,False,31.945623,0.515704,46,13.022275,12.647496,1980-09-20,1990-11-10,30.223207,False,10.479448,False
Syracuse,1991,1991-08-28,1.158377,1.153307,1.146273,1.146273,False,41.613092,0.581082,62,27.98779,24.161211,1980-09-20,1990-11-10,87.801269,False,90.855183,False
Boston College,1991,1991-08-28,1.139696,1.142605,1.146273,1.146273,False,37.827876,0.557704,54,20.23954,17.758724,1980-09-20,1990-11-24,58.804461,False,57.59904,False
Temple,1991,1991-08-28,1.018906,1.085466,1.146273,1.146273,False,27.406942,0.477415,40,11.926855,11.705544,1980-09-13,1990-11-17,32.464319,False,7.219137,False
Army,1991,1991-08-28,1.379496,1.2637,1.146273,1.146273,False,30.422299,0.503495,43,17.810103,12.910588,1980-09-20,1990-12-08,98.944434,False,143.401617,False
Navy,1991,1991-08-28,1.102263,1.127307,1.146273,1.146273,False,22.71962,0.430952,34,8.273162,7.505615,1980-09-20,1990-10-13,42.410243,False,34.230088,False
Akron,1991,1991-08-28,0.971259,1.107636,1.146273,1.146273,False,8.499431,0.220768,10,4.21476,4.33948,1987-09-12,1990-11-03,43.866581,False,-11.655712,False
Kent State,1991,1991-08-28,1.150497,1.148546,1.146273,1.146273,False,34.932533,0.537982,51,14.356275,12.47832,1980-10-04,1990-11-17,47.575348,False,48.186548,False
Ohio,1991,1991-08-28,1.140975,1.143474,1.146273,1.146273,False,33.618136,0.528436,50,13.461196,11.797975,1980-09-20,1990-11-10,45.767505,False,44.987667,False
Miami (OH),1991,1991-08-28,1.204042,1.177301,1.146273,1.146273,False,34.807771,0.537093,51,21.166206,17.57929,1980-09-13,1990-11-10,83.042929,False,95.844259,False
Alabama,1991,1991-08-28,1.043592,1.083872,1.146273,1.146273,False,46.475795,0.607719,68,33.702667,32.294862,1980-09-06,1990-12-01,61.058024,False,30.841505,False
Auburn,1991,1991-08-28,1.223526,1.194506,1.146273,1.146273,False,49.861642,0.62435,73,42.769935,34.95629,1980-09-20,1990-11-17,165.528294,False,197.419602,False
Georgia,1991,1991-08-28,1.201973,1.18119,1.146273,1.146273,False,50.402148,0.626876,75,41.345634,34.398126,1980-09-13,1990-12-01,138.436682,False,157.6013,False
Georgia Tech,1991,1991-08-28,1.207179,1.180732,1.146273,1.146273,False,39.087448,0.565768,57,19.782766,16.387606,1980-09-20,1990-11-10,73.327494,False,83.988077,False
Florida,1991,1991-08-28,1.267903,1.217063,1.146273,1.146273,False,41.771727,0.582008,61,33.697732,26.577538,1980-09-13,1990-11-10,145.689525,False,186.897578,False
Florida State,1991,1991-08-28,1.07448,1.10589,1.146273,1.146273,False,38.570032,0.562491,56,31.30741,29.137259,1980-09-13,1990-12-01,107.945919,False,72.933111,False
Miami (FL),1991,1991-08-28,1.173261,1.1624,1.146273,1.146273,False,44.541794,0.597541,64,40.998383,34.943955,1980-09-27,1990-11-24,223.377159,False,245.548498,False
South Carolina,1991,1991-08-28,1.32497,1.249383,1.146273,1.146273,False,40.923095,0.577007,60,26.95435,20.343366,1980-10-04,1990-11-22,115.021283,False,151.92893,False
Clemson,1991,1991-08-28,1.121225,1.132263,1.146273,1.146273,False,38.080462,0.559345,56,30.985671,27.635552,1980-09-13,1990-11-17,116.490872,False,105.370273,False
Tennessee,1991,1991-08-28,1.086401,1.108682,1.146273,1.146273,False,50.615302,0.627862,73,36.247709,33.364945,1980-09-06,1990-11-24,75.460671,False,59.294536,False
Vanderbilt,1991,1991-08-28,1.115496,1.128592,1.146273,1.146273,False,40.506147,0.574505,59,14.046011,12.591713,1980-09-20,1990-12-01,39.415824,False,35.48746,False
Kentucky,1991,1991-08-28,1.361191,1.276131,1.146273,1.146273,False,45.799824,0.604221,67,27.33896,20.084587,1980-09-06,1990-11-17,107.820262,False,141.465974,False
LSU,1991,1991-08-28,1.14145,1.143357,1.146273,1.146273,False,45.901347,0.60475,68,30.645039,26.847454,1980-09-06,1990-11-24,79.090002,False,77.995543,False
Mississippi State,1991,1991-08-28,1.374645,1.268394,1.146273,1.146273,False,34.480759,0.534745,52,18.651192,13.568001,1980-09-13,1990-11-17,95.763834,False,133.24952,False
Ole Miss,1991,1991-08-28,1.19201,1.17306,1.146273,1.146273,False,42.403923,0.585658,62,23.855903,20.013165,1980-09-06,1990-11-24,72.440317,False,80.449527,False
Washington,1992,1992-08-26,1.139432,1.142186,1.146564,1.146564,False,47.698045,0.61389,72,38.813148,34.063583,1980-09-13,1991-11-23,119.273114,False,116.614372,False
Washington State,1992,1992-08-26,0.9799,1.052507,1.146564,1.146564,False,38.862249,0.564348,58,18.29563,18.670917,1980-09-13,1991-11-16,22.176347,False,-8.488008,False
Oregon,1992,1992-08-26,1.102168,1.121917,1.146564,1.146564,False,37.439615,0.555158,56,21.140293,19.18064,1980-09-06,1991-11-23,56.128283,False,46.984804,False
Oregon State,1992,1992-08-26,1.287267,1.225384,1.146564,1.146564,False,38.210708,0.560186,57,9.923683,7.70911,1980-10-11,1991-11-16,53.282653,False,66.881595,False
California,1992,1992-08-26,1.31928,1.247882,1.146564,1.146564,False,42.571856,0.586617,64,22.60234,17.132334,1980-09-27,1991-11-16,91.336457,False,117.330759,False
Stanford,1992,1992-08-26,1.214882,1.187601,1.146564,1.146564,False,45.128209,0.600683,68,22.706216,18.690058,1980-09-13,1991-11-23,67.764108,False,77.52859,False
USC,1992,1992-08-26,1.095288,1.115803,1.146564,1.146564,False,44.984136,0.599915,68,31.049525,28.348272,1980-09-20,1991-11-23,74.429454,False,60.670188,False
UCLA,1992,1992-08-26,1.076425,1.104926,1.146564,1.146564,False,43.826756,0.593643,65,30.093592,27.956991,1980-09-13,1991-11-16,64.20797,False,46.191284,False
San Jose State,1992,1992-08-26,1.070634,1.118629,1.146564,1.146564,False,17.461672,0.367911,27,12.73237,11.892362,1980-10-11,1991-11-02,83.96732,False,48.331988,False
Fresno State,1992,1992-08-26,1.29675,1.209139,1.146564,1.146564,False,21.427161,0.416651,31,18.182395,14.021513,1980-09-20,1991-11-23,149.91158,False,229.897222,False
San Diego State,1992,1992-08-26,1.253844,1.206528,1.146564,1.146564,False,38.019835,0.558952,58,21.650089,17.266969,1980-09-27,1991-11-09,82.243053,False,101.218607,False
Hawai'i,1992,1992-08-26,1.188669,1.173129,1.146564,1.146564,False,51.28247,0.630917,76,30.111115,25.331791,1980-10-04,1991-11-30,78.610115,False,85.772147,False
Nevada,1992,1992-08-26,,1.146564,1.146564,1.146564,False,0.0,0.0,0,0.0,0.0,,,74.745201,False,,False
UNLV,1992,1992-08-26,0.951194,1.053475,1.146564,1.146564,False,27.304142,0.476478,42,12.167782,12.79211,1980-09-13,1991-11-16,21.293018,False,-19.489274,False
Arizona,1992,1992-08-26,1.139668,1.142301,1.146564,1.146564,False,48.568092,0.618166,74,30.694091,26.932491,1980-09-20,1991-11-16,72.990001,False,71.598729,False
Arizona State,1992,1992-08-26,1.107586,1.12207,1.146564,1.146564,False,50.734343,0.628411,77,33.070033,29.857766,1980-09-13,1991-11-23,67.790873,False,59.507063,False
BYU,1992,1992-08-26,1.177046,1.165321,1.146564,1.146564,False,47.990223,0.615336,71,42.356751,35.985628,1980-09-13,1991-11-23,176.272191,False,193.060908,False
Utah,1992,1992-08-26,1.229525,1.193478,1.146564,1.146564,False,39.043081,0.565489,58,22.785285,18.531773,1980-09-20,1991-11-09,85.250278,False,101.327025,False
Utah State,1992,1992-08-26,1.461857,1.278643,1.146564,1.146564,False,21.627111,0.41891,32,10.185827,6.96773,1980-10-04,1991-11-02,88.032561,False,142.196335,False
Colorado,1992,1992-08-26,1.171998,1.162121,1.146564,1.146564,False,47.252288,0.611662,72,29.15361,24.875135,1980-09-27,1991-11-16,93.071128,False,98.843777,False
Colorado State,1992,1992-08-26,1.226352,1.190465,1.146564,1.146564,False,36.699627,0.550222,56,18.27228,14.899702,1980-09-06,1991-11-16,76.081556,False,90.250218,False
Wyoming,1992,1992-08-26,1.30283,1.23566,1.146564,1.146564,False,39.793231,0.570159,59,27.853639,21.379336,1980-09-13,1991-10-26,113.609977,False,148.557485,False
Air Force,1992,1992-08-26,1.278041,1.223838,1.146564,1.146564,False,42.769493,0.587739,65,30.620907,23.959256,1980-09-20,1991-11-09,118.348639,False,149.477254,False
New Mexico,1992,1992-08-26,1.064883,1.099948,1.146564,1.146564,False,39.883017,0.570711,60,15.453853,14.512254,1980-09-06,1991-11-02,36.763405,False,23.987046,False
New Mexico State,1992,1992-08-26,0.324353,0.787581,1.146564,1.146564,False,23.248747,0.436606,33,1.724891,5.317951,1980-09-13,1991-11-23,-61.881907,False,-258.863484,False
UTEP,1992,1992-08-26,0.9836,1.054275,1.146564,1.146564,False,39.174881,0.566317,59,13.242164,13.462956,1980-09-20,1991-11-23,19.631005,False,-6.011374,False
Kansas,1992,1992-08-26,1.059756,1.09447,1.146564,1.146564,False,45.020571,0.60011,69,18.159127,17.135195,1980-09-13,1991-11-23,36.455888,False,23.112273,False
Kansas State,1992,1992-08-26,1.34042,1.250308,1.146564,1.146564,False,34.538183,0.535159,52,12.402201,9.252475,1980-09-27,1991-11-16,69.998054,False,93.946223,False
Nebraska,1992,1992-08-26,1.122677,1.13118,1.146564,1.146564,False,54.276595,0.644029,81,48.04428,42.7944,1980-09-13,1991-11-29,170.026417,False,156.182006,False
Iowa State,1992,1992-08-26,1.070888,1.103042,1.146564,1.146564,False,40.605367,0.575103,63,15.992945,14.934284,1980-09-13,1991-11-23,38.232549,False,26.40208,False
Oklahoma State,1992,1992-08-26,1.001373,1.061185,1.146564,1.146564,False,42.823093,0.588043,63,23.227433,23.195588,1980-10-04,1991-11-23,33.237537,False,0.743293,False
Tulsa,1992,1992-08-26,1.377301,1.255219,1.146564,1.146564,False,26.700608,0.470905,38,18.689034,13.569321,1980-09-13,1991-11-23,123.266805,False,188.756248,False
Texas,1992,1992-08-26,1.233824,1.199528,1.146564,1.146564,False,46.328245,0.606961,71,33.003808,26.749197,1980-09-01,1991-11-23,108.361401,False,128.538731,False
Texas A&M,1992,1992-08-26,1.223161,1.191382,1.146564,1.146564,False,42.309704,0.585118,64,32.668368,26.708146,1980-09-20,1991-11-28,126.403025,False,150.116686,False
Baylor,1992,1992-08-26,1.040991,1.087433,1.146564,1.146564,False,38.1976,0.560102,57,23.022434,22.115873,1980-10-04,1991-11-16,48.209864,False,22.325066,False
TCU,1992,1992-08-26,1.068678,1.10051,1.146564,1.146564,False,43.402512,0.591295,65,18.98471,17.764668,1980-09-13,1991-11-23,38.537674,False,26.428104,False
Texas Tech,1992,1992-08-26,1.120486,1.131354,1.146564,1.146564,False,41.983092,0.583235,64,20.616594,18.399686,1980-09-06,1991-11-09,49.864395,False,45.769206,False
Houston,1992,1992-08-26,1.050206,1.090947,1.146564,1.146564,False,40.952954,0.577185,62,24.317928,23.155394,1980-09-20,1991-11-30,50.618172,False,27.783629,False
Rice,1992,1992-08-26,0.695254,0.889085,1.146564,1.146564,False,39.85096,0.570514,60,7.126846,10.250714,1980-09-27,1991-11-16,-33.721242,False,-99.672729,False
SMU,1992,1992-08-26,0.91628,1.029573,1.146564,1.146564,False,30.97925,0.508029,48,15.467708,16.880982,1980-09-13,1991-11-30,18.84608,False,-52.526017,False
Louisiana Tech,1992,1992-08-26,1.410359,1.215891,1.146564,1.146564,False,10.694905,0.262807,14,8.1689,5.792071,1981-09-19,1991-11-16,97.524209,False,198.141005,False
Tulane,1992,1992-08-26,1.081784,1.106984,1.146564,1.146564,False,47.119861,0.610995,71,21.585199,19.953338,1980-09-06,1991-11-23,38.928043,False,29.802142,False
Louisiana,1992,1992-08-26,1.284139,1.200821,1.146564,1.146564,False,19.536232,0.394383,28,11.186098,8.710968,1980-09-06,1991-10-12,69.21564,False,98.142454,False
Memphis,1992,1992-08-26,1.082494,1.111277,1.146564,1.146564,False,36.780237,0.550765,55,15.777328,14.574976,1980-09-06,1991-11-16,37.843231,False,28.129151,False
Oklahoma,1992,1992-08-26,1.128744,1.135729,1.146564,1.146564,False,46.536873,0.608032,70,39.500948,34.995498,1980-09-13,1991-11-16,142.259867,False,133.535284,False
Arkansas,1992,1992-08-26,1.105833,1.120791,1.146564,1.146564,False,51.688841,0.632753,78,38.031425,34.391668,1980-09-20,1991-11-23,87.121396,False,75.56388,False
Missouri,1992,1992-08-26,1.041903,1.082318,1.146564,1.146564,False,47.690378,0.613852,73,22.388198,21.487789,1980-09-13,1991-11-09,35.651715,False,18.132652,False
Cincinnati,1992,1992-08-26,1.048359,1.103082,1.146564,1.146564,False,23.837686,0.44277,35,7.573755,7.22439,1980-11-08,1991-11-23,30.404067,False,14.430029,False
Louisville,1992,1992-08-26,1.112002,1.128746,1.146564,1.146564,False,31.922596,0.515524,47,14.539272,13.074864,1980-09-06,1991-11-02,49.536403,False,43.13494,False
Arkansas State,1992,1992-08-26,0.570557,1.05782,1.146564,1.146564,False,5.463811,0.154067,8,1.380485,2.419541,1980-09-20,1991-11-16,20.192742,False,-166.39797,False
Southern Miss,1992,1992-08-26,1.294834,1.219861,1.146564,1.146564,False,29.32932,0.494348,45,23.056712,17.806692,1980-09-20,1991-11-09,129.947491,False,182.438507,False
Michigan,1992,1992-08-26,1.09519,1.114545,1.146564,1.146564,False,49.630756,0.623261,75,39.523704,36.08843,1980-09-13,1991-11-23,98.207328,False,79.884753,False
Michigan State,1992,1992-08-26,0.911589,1.004732,1.146564,1.146564,False,45.681902,0.603604,69,23.027205,25.260515,1980-09-27,1991-11-23,2.574619,False,-47.85096,False
Ohio State,1992,1992-08-26,1.153024,1.150684,1.146564,1.146564,False,52.830382,0.637814,79,39.46461,34.227061,1980-09-13,1991-11-16,100.828463,False,102.532965,False
Indiana,1992,1992-08-26,1.162258,1.156005,1.146564,1.146564,False,45.294119,0.601563,68,27.547571,23.701759,1980-09-13,1991-11-23,73.348407,False,76.382123,False
Purdue,1992,1992-08-26,1.23263,1.198464,1.146564,1.146564,False,45.571924,0.603027,69,20.482526,16.616935,1980-09-20,1991-11-16,69.294636,False,80.944191,False
Illinois,1992,1992-08-26,1.33607,1.259988,1.146564,1.146564,False,44.72458,0.598526,67,32.215132,24.111867,1980-09-06,1991-11-16,131.336952,False,173.466759,False
Northwestern,1992,1992-08-26,1.174001,1.162665,1.146564,1.146564,False,42.611128,0.58684,64,10.352335,8.817993,1980-10-04,1991-11-16,38.746855,False,41.319583,False
Wisconsin,1992,1992-08-26,1.128056,1.134931,1.146564,1.146564,False,50.755514,0.628508,77,21.454023,19.018585,1980-09-13,1991-11-23,49.002413,False,46.542209,False
Minnesota,1992,1992-08-26,1.109114,1.12415,1.146564,1.146564,False,44.720291,0.598503,68,21.059578,18.987753,1980-09-13,1991-11-16,47.869858,False,42.085803,False
Iowa,1992,1992-08-26,1.101731,1.11976,1.146564,1.146564,False,44.599573,0.597853,67,31.753667,28.821627,1980-09-27,1991-11-23,79.385493,False,66.862963,False
Notre Dame,1992,1992-08-26,1.12534,1.133398,1.146564,1.146564,False,49.010748,0.620305,74,37.887068,33.667228,1980-09-06,1991-11-09,104.42588,False,97.548078,False
Toledo,1992,1992-08-26,1.36616,1.27166,1.146564,1.146564,False,39.712934,0.569664,59,31.384698,22.972937,1980-09-27,1991-11-23,146.863073,False,207.467394,False
Ball State,1992,1992-08-26,1.102375,1.123237,1.146564,1.146564,False,33.545674,0.527899,51,18.950437,17.190547,1980-09-20,1991-11-16,53.898086,False,44.713036,False
Western Michigan,1992,1992-08-26,1.153766,1.150764,1.146564,1.146564,False,41.966472,0.583139,63,25.885221,22.435422,1980-09-06,1991-11-09,68.99765,False,70.412869,False
Bowling Green,1992,1992-08-26,1.304524,1.228978,1.146564,1.146564,False,32.727307,0.521739,50,24.938919,19.117253,1980-09-13,1991-11-09,126.61828,False,174.166846,False
Central Michigan,1992,1992-08-26,1.156107,1.152032,1.146564,1.146564,False,40.245058,0.572924,59,30.664532,26.523946,1980-09-06,1991-11-16,97.575437,False,100.47755,False
Eastern Michigan,1992,1992-08-26,1.17862,1.163708,1.146564,1.146564,False,34.490523,0.534815,51,17.149828,14.550775,1980-10-18,1991-11-16,67.855824,False,73.981249,False
Northern Illinois,1992,1992-08-26,1.332596,1.237106,1.146564,1.146564,False,28.445239,0.486699,44,17.872895,13.412088,1980-09-13,1991-11-02,97.958862,False,138.922711,False
Penn State,1992,1992-08-26,1.146987,1.146828,1.146564,1.146564,False,49.726203,0.623712,74,40.225079,35.070209,1980-09-27,1991-11-16,120.092432,False,120.242163,False
Pittsburgh,1992,1992-08-26,1.079074,1.104346,1.146564,1.146564,False,50.116858,0.625547,74,31.329659,29.033844,1980-09-13,1991-11-28,57.770357,False,43.504448,False
West Virginia,1992,1992-08-26,1.037655,1.081,1.146564,1.146564,False,45.378107,0.602006,68,30.789971,29.672633,1980-09-06,1991-11-02,53.321807,False,24.224326,False
Maryland,1992,1992-08-26,1.013097,1.070546,1.146564,1.146564,False,39.696597,0.569563,60,21.939365,21.655742,1980-09-13,1991-11-09,33.950381,False,6.258576,False
Virginia,1992,1992-08-26,1.190136,1.171422,1.146564,1.146564,False,39.848535,0.570499,59,25.216371,21.187812,1980-09-13,1991-11-23,87.082129,False,96.914544,False
Virginia Tech,1992,1992-08-26,1.203317,1.177971,1.146564,1.146564,False,37.173218,0.553393,54,23.732011,19.722163,1980-10-18,1991-11-16,86.447984,False,99.348382,False
NC State,1992,1992-08-26,1.206414,1.180882,1.146564,1.146564,False,40.324692,0.573407,61,24.1461,20.014772,1980-09-27,1991-11-23,82.384723,False,94.327532,False
Wake Forest,1992,1992-08-26,0.8415,0.991402,1.146564,1.146564,False,31.052738,0.508622,47,8.935761,10.618848,1980-09-06,1991-11-09,-2.684167,False,-51.177571,False
Duke,1992,1992-08-26,1.179493,1.164995,1.146564,1.146564,False,38.138687,0.559721,58,20.265513,17.181552,1980-09-06,1991-11-16,61.431343,False,66.845963,False
North Carolina,1992,1992-08-26,1.050154,1.089578,1.146564,1.146564,False,43.363288,0.591076,66,23.847973,22.709035,1980-09-27,1991-11-23,45.4687,False,25.35496,False
East Carolina,1992,1992-08-26,1.279614,1.211278,1.146564,1.146564,False,28.409791,0.486387,40,14.418709,11.268012,1980-09-13,1991-11-02,78.103035,False,102.930523,False
Rutgers,1992,1992-08-26,1.147501,1.147065,1.146564,1.146564,False,34.515994,0.534999,51,15.911935,13.866603,1980-09-20,1991-11-16,51.505796,False,51.65641,False
Syracuse,1992,1992-08-26,1.150246,1.148763,1.146564,1.146564,False,44.490738,0.597265,68,30.833607,26.806088,1980-09-20,1991-11-23,91.098581,False,92.061604,False
Boston College,1992,1992-08-26,1.171502,1.160958,1.146564,1.146564,False,40.951902,0.577178,60,20.774914,17.733567,1980-09-20,1991-11-23,62.970446,False,67.085543,False
Temple,1992,1992-08-26,0.957803,1.053209,1.146564,1.146564,False,29.355229,0.494569,44,12.073298,12.605198,1980-09-13,1991-11-23,20.343464,False,-16.275313,False
Army,1992,1992-08-26,1.273566,1.212277,1.146564,1.146564,False,32.165568,0.517418,47,17.568887,13.795039,1980-09-20,1991-11-16,78.442745,False,101.301741,False
Navy,1992,1992-08-26,1.029334,1.092227,1.146564,1.146564,False,25.918336,0.463503,39,8.672279,8.425138,1980-09-20,1991-12-07,29.469158,False,9.501922,False
Akron,1992,1992-08-26,1.135814,1.143913,1.146564,1.146564,False,9.818403,0.24658,12,5.819715,5.123828,1987-09-12,1991-10-26,59.095419,False,55.706884,False
Kent State,1992,1992-08-26,1.131579,1.138257,1.146564,1.146564,False,37.317263,0.554349,56,14.343073,12.67527,1980-10-04,1991-11-16,43.461858,False,41.408512,False
Ohio,1992,1992-08-26,1.136748,1.141334,1.146564,1.146564,False,34.205565,0.532751,53,13.506482,11.881689,1980-09-20,1991-11-09,44.561433,False,43.146568,False
Miami (OH),1992,1992-08-26,1.205943,1.179428,1.146564,1.146564,False,37.183344,0.553461,56,23.036648,19.102602,1980-09-13,1991-11-02,85.132228,False,98.031695,False
Alabama,1992,1992-08-26,1.093484,1.113634,1.146564,1.146564,False,49.025116,0.620374,74,37.104539,33.932412,1980-09-06,1991-11-30,83.486157,False,67.585907,False
Auburn,1992,1992-08-26,1.176691,1.165567,1.146564,1.146564,False,51.244925,0.630746,78,41.797771,35.521437,1980-09-20,1991-11-09,132.821205,False,143.322792,False
Georgia,1992,1992-08-26,1.247651,1.210121,1.146564,1.146564,False,50.804353,0.628733,79,42.352322,33.945644,1980-09-13,1991-11-16,158.196117,False,193.772386,False
Georgia Tech,1992,1992-08-26,1.180037,1.165933,1.146564,1.146564,False,41.198293,0.578642,62,22.232063,18.84014,1980-09-20,1991-11-30,74.555001,False,80.929277,False
Florida,1992,1992-08-26,1.29872,1.239068,1.146564,1.146564,False,46.521327,0.607952,69,38.986237,30.018972,1980-09-13,1991-11-30,168.626215,False,222.493728,False
Florida State,1992,1992-08-26,1.06571,1.099132,1.146564,1.146564,False,42.57545,0.586637,63,34.850045,32.701257,1980-09-13,1991-11-16,106.178499,False,67.153505,False
Miami (FL),1992,1992-08-26,1.175831,1.164321,1.146564,1.146564,False,46.28233,0.606724,69,42.975426,36.548978,1980-09-27,1991-11-30,234.463612,False,260.013148,False
South Carolina,1992,1992-08-26,1.346817,1.263338,1.146564,1.146564,False,41.965488,0.583134,64,27.035288,20.073466,1980-10-04,1991-11-23,115.246956,False,153.389472,False
Clemson,1992,1992-08-26,1.144058,1.145114,1.146564,1.146564,False,41.201394,0.57866,62,34.580149,30.225868,1980-09-13,1991-11-30,135.862432,False,134.679963,False
Tennessee,1992,1992-08-26,1.107823,1.121844,1.146564,1.146564,False,52.892096,0.638084,79,39.483477,35.640596,1980-09-06,1991-11-30,89.180156,False,78.189119,False
Vanderbilt,1992,1992-08-26,1.239717,1.201175,1.146564,1.146564,False,42.507609,0.58625,64,15.933554,12.852578,1980-09-20,1991-11-09,60.939792,False,72.188765,False
Kentucky,1992,1992-08-26,1.350852,1.272673,1.146564,1.146564,False,48.392998,0.617313,73,28.333008,20.974182,1980-09-06,1991-11-23,105.7434,False,136.366255,False
LSU,1992,1992-08-26,1.123806,1.132504,1.146564,1.146564,False,48.49398,0.617805,74,30.478389,27.120687,1980-09-06,1991-11-16,70.857986,False,66.079225,False
Mississippi State,1992,1992-08-26,1.362372,1.265573,1.146564,1.146564,False,36.883174,0.551457,57,21.167652,15.537348,1980-09-13,1991-11-23,101.918,False,139.348104,False
Ole Miss,1992,1992-08-26,1.079942,1.106849,1.146564,1.146564,False,44.279958,0.596123,67,24.1399,22.352967,1980-09-06,1991-11-02,49.147384,False,36.708997,False
Washington,1993,1993-08-28,1.141387,1.146359,1.154667,1.154667,False,50.133458,0.625625,78,41.846308,36.662679,1980-09-13,1992-11-14,134.308135,False,128.904337,False
Washington State,1993,1993-08-28,1.051299,1.094996,1.154667,1.154667,False,40.967631,0.577272,63,20.84019,19.823269,1980-09-13,1992-11-21,40.874089,False,22.02989,False
Oregon,1993,1993-08-28,1.149653,1.151756,1.154667,1.154667,False,41.504672,0.580447,63,23.478457,20.422218,1980-09-06,1992-11-14,67.297464,False,66.35691,False
Oregon State,1993,1993-08-28,1.291507,1.233147,1.154667,1.154667,False,40.342444,0.573515,62,10.191786,7.891389,1980-10-11,1992-11-21,53.90891,False,66.404533,False
California,1993,1993-08-28,1.273755,1.225747,1.154667,1.154667,False,44.41768,0.59687,69,23.900174,18.76355,1980-09-27,1992-11-21,88.557168,False,107.282567,False
Stanford,1993,1993-08-28,1.182058,1.171487,1.154667,1.154667,False,47.737771,0.614087,74,25.882285,21.895961,1980-09-13,1992-11-14,71.398496,False,75.80484,False
USC,1993,1993-08-28,1.148011,1.150583,1.154667,1.154667,False,47.614665,0.613475,74,33.200771,28.920267,1980-09-20,1992-11-28,90.222475,False,88.590908,False
UCLA,1993,1993-08-28,1.089104,1.115123,1.154667,1.154667,False,45.59439,0.603145,70,30.901202,28.373051,1980-09-13,1992-11-21,68.233706,False,52.271636,False
San Jose State,1993,1993-08-28,1.039433,1.109815,1.154667,1.154667,False,19.117872,0.389224,30,13.758492,13.23654,1980-10-11,1992-11-21,79.483002,False,27.084603,False
Fresno State,1993,1993-08-28,1.340625,1.240349,1.154667,1.154667,False,25.63373,0.460759,37,21.669035,16.16338,1980-09-20,1992-11-07,154.249332,False,237.409914,False
San Diego State,1993,1993-08-28,1.197921,1.179434,1.154667,1.154667,False,40.191933,0.5726,63,22.082504,18.434018,1980-09-27,1992-11-28,73.122495,False,80.69221,False
Hawai'i,1993,1993-08-28,1.245453,1.213202,1.154667,1.154667,False,54.450043,0.64476,83,34.703029,27.863778,1980-10-04,1992-12-05,101.118113,False,117.008556,False
Nevada,1993,1993-08-28,1.680104,1.185811,1.154667,1.154667,False,1.890217,0.059273,2,1.890217,1.12506,1992-10-24,1992-11-14,88.932407,False,400.0,True
UNLV,1993,1993-08-28,1.054119,1.105868,1.154667,1.154667,False,28.289395,0.485327,45,13.229388,12.550185,1980-09-13,1992-10-31,40.687174,False,20.83168,False
Arizona,1993,1993-08-28,1.14199,1.146635,1.154667,1.154667,False,51.885736,0.633636,81,32.861763,28.775865,1980-09-20,1992-11-21,76.356771,False,73.862668,False
Arizona State,1993,1993-08-28,1.119331,1.132255,1.154667,1.154667,False,52.026017,0.634262,82,33.671132,30.081478,1980-09-13,1992-11-14,72.344237,False,65.050751,False
BYU,1993,1993-08-28,1.173876,1.166709,1.154667,1.154667,False,50.404188,0.626885,77,43.277355,36.867053,1980-09-13,1992-11-07,163.488988,False,172.396864,False
Utah,1993,1993-08-28,1.21694,1.190677,1.154667,1.154667,False,41.133803,0.57826,63,24.078304,19.78594,1980-09-20,1992-11-21,84.64267,False,96.465186,False
Utah State,1993,1993-08-28,1.452976,1.289897,1.154667,1.154667,False,24.877004,0.453323,37,12.326491,8.483617,1980-10-04,1992-11-07,93.462702,False,143.386865,False
Colorado,1993,1993-08-28,1.171606,1.165156,1.154667,1.154667,False,48.783236,0.619208,77,31.90218,27.229447,1980-09-27,1992-11-21,104.765946,False,108.997812,False
Colorado State,1993,1993-08-28,1.159559,1.15743,1.154667,1.154667,False,38.945485,0.564874,61,18.930693,16.325776,1980-09-06,1992-11-14,63.7468,False,64.602729,False
Wyoming,1993,1993-08-28,1.292743,1.235808,1.154667,1.154667,False,42.755449,0.58766,65,28.800687,22.278749,1980-09-13,1992-11-07,107.725521,False,135.195986,False
Air Force,1993,1993-08-28,1.14571,1.149223,1.154667,1.154667,False,46.474723,0.607714,72,31.374274,27.384138,1980-09-20,1992-11-14,85.575044,False,83.473107,False
New Mexico,1993,1993-08-28,1.107041,1.126654,1.154667,1.154667,False,42.84798,0.588184,66,17.237626,15.570898,1980-09-06,1992-11-21,46.089813,False,39.050352,False
New Mexico State,1993,1993-08-28,0.636479,0.92672,1.154667,1.154667,False,23.561105,0.439892,35,3.485305,5.475916,1980-09-13,1992-10-10,-20.204172,False,-112.460332,False
UTEP,1993,1993-08-28,0.894737,1.00419,1.154667,1.154667,False,41.244259,0.578913,64,12.351273,13.804365,1980-09-20,1992-11-28,1.524248,False,-39.256629,False
Kansas,1993,1993-08-28,1.069471,1.10239,1.154667,1.154667,False,47.640757,0.613605,75,20.701603,19.356868,1980-09-13,1992-11-14,40.946204,False,27.803418,False
Kansas State,1993,1993-08-28,1.360514,1.266927,1.154667,1.154667,False,35.985891,0.545357,56,15.339147,11.274522,1980-09-27,1992-11-21,86.472725,False,115.678793,False
Nebraska,1993,1993-08-28,1.142989,1.147049,1.154667,1.154667,False,56.27965,0.652293,87,50.466625,44.153195,1980-09-13,1992-12-06,191.120836,False,184.115547,False
Iowa State,1993,1993-08-28,1.181586,1.170459,1.154667,1.154667,False,42.578487,0.586654,68,18.679937,15.809202,1980-09-13,1992-11-14,63.427189,False,67.513175,False
Oklahoma State,1993,1993-08-28,1.079448,1.110459,1.154667,1.154667,False,42.765516,0.587717,66,24.48819,22.685843,1980-10-04,1992-10-24,57.819708,False,41.494132,False
Tulsa,1993,1993-08-28,1.340501,1.246974,1.154667,1.154667,False,29.609191,0.496722,43,20.256404,15.111073,1980-09-13,1992-11-07,115.499857,False,163.413852,False
Texas,1993,1993-08-28,1.24288,1.20892,1.154667,1.154667,False,47.926013,0.615019,76,33.614356,27.045527,1980-09-01,1992-11-26,110.276717,False,129.591961,False
Texas A&M,1993,1993-08-28,1.221674,1.195241,1.154667,1.154667,False,46.050359,0.605525,71,37.057661,30.333522,1980-09-20,1992-11-21,144.152059,False,167.058396,False
Baylor,1993,1993-08-28,1.086041,1.114552,1.154667,1.154667,False,42.210432,0.584548,64,26.18597,24.111391,1980-10-04,1992-11-21,60.882041,False,45.390519,False
TCU,1993,1993-08-28,1.073903,1.106123,1.154667,1.154667,False,45.198677,0.601057,70,19.592688,18.244374,1980-09-13,1992-11-14,39.606889,False,27.684676,False
Texas Tech,1993,1993-08-28,1.136698,1.143904,1.154667,1.154667,False,44.802662,0.598945,70,22.995015,20.22966,1980-09-06,1992-11-21,55.610521,False,52.836566,False
Houston,1993,1993-08-28,1.111094,1.129021,1.154667,1.154667,False,42.914847,0.588561,67,26.45234,23.807477,1980-09-20,1992-11-28,71.457266,False,61.343537,False
Rice,1993,1993-08-28,0.882135,0.995862,1.154667,1.154667,False,41.891088,0.582702,65,10.429073,11.822535,1980-09-27,1992-11-21,-1.288456,False,-37.974838,False
SMU,1993,1993-08-28,0.984168,1.065801,1.154667,1.154667,False,32.658,0.52121,52,16.31105,16.573443,1980-09-13,1992-11-07,38.921113,False,-9.322784,False
Louisiana Tech,1993,1993-08-28,1.341885,1.210646,1.154667,1.154667,False,12.796325,0.299005,17,10.440261,7.780297,1981-09-19,1992-10-31,121.846125,False,214.356533,False
Tulane,1993,1993-08-28,1.082725,1.110163,1.154667,1.154667,False,48.658055,0.618602,76,21.071242,19.461312,1980-09-06,1992-10-31,38.969574,False,29.333759,False
Louisiana,1993,1993-08-28,1.158392,1.156162,1.154667,1.154667,False,20.115881,0.401387,30,10.433533,9.006908,1980-09-06,1992-11-21,54.055864,False,54.826283,False
Memphis,1993,1993-08-28,1.119863,1.134788,1.154667,1.154667,False,39.958925,0.571177,61,18.485052,16.506531,1980-09-06,1992-11-21,47.798296,False,42.54843,False
Oklahoma,1993,1993-08-28,1.094317,1.116683,1.154667,1.154667,False,50.946721,0.629386,78,41.553356,37.971955,1980-09-13,1992-11-27,118.057678,False,92.841782,False
Arkansas,1993,1993-08-28,1.082014,1.108001,1.154667,1.154667,False,53.871868,0.642312,84,36.894362,34.097849,1980-09-20,1992-11-27,70.446396,False,52.879831,False
Missouri,1993,1993-08-28,1.106833,1.124952,1.154667,1.154667,False,49.197735,0.621201,78,22.777233,20.578752,1980-09-13,1992-11-21,52.380499,False,44.790133,False
Cincinnati,1993,1993-08-28,1.132105,1.143796,1.154667,1.154667,False,27.893386,0.481806,41,9.896417,8.741607,1980-11-08,1992-11-21,43.368066,False,39.929231,False
Louisville,1993,1993-08-28,1.227542,1.193631,1.154667,1.154667,False,34.471078,0.534675,52,16.379549,13.343369,1980-09-06,1992-10-17,70.14273,False,82.237746,False
Arkansas State,1993,1993-08-28,0.482013,1.042041,1.154667,1.154667,False,6.033204,0.167435,9,1.287611,2.671317,1980-09-20,1992-09-19,14.417355,False,-204.981466,False
Southern Miss,1993,1993-08-28,1.379241,1.268994,1.154667,1.154667,False,31.110312,0.509084,49,25.259705,18.314213,1980-09-20,1992-10-24,152.455325,False,230.069461,False
Michigan,1993,1993-08-28,1.093671,1.115751,1.154667,1.154667,False,52.874373,0.638006,82,42.505298,38.864794,1980-09-13,1992-11-21,103.119419,False,81.30587,False
Michigan State,1993,1993-08-28,0.953221,1.030446,1.154667,1.154667,False,48.256712,0.616646,75,24.310208,25.503226,1980-09-27,1992-11-14,15.633318,False,-23.977817,False
Ohio State,1993,1993-08-28,1.13772,1.143774,1.154667,1.154667,False,53.974784,0.64275,84,40.567496,35.656845,1980-09-13,1992-11-07,100.517322,False,95.917788,False
Indiana,1993,1993-08-28,1.144081,1.148158,1.154667,1.154667,False,47.898763,0.614885,74,28.511447,24.920828,1980-09-13,1992-11-14,69.553735,False,67.590056,False
Purdue,1993,1993-08-28,1.224852,1.19791,1.154667,1.154667,False,48.151634,0.616131,75,21.929237,17.903574,1980-09-20,1992-11-21,70.436919,False,79.843086,False
Illinois,1993,1993-08-28,1.31849,1.255732,1.154667,1.154667,False,48.312059,0.616917,74,34.285513,26.003621,1980-09-06,1992-11-21,129.248745,False,163.866343,False
Northwestern,1993,1993-08-28,1.144227,1.148434,1.154667,1.154667,False,44.458068,0.597089,69,10.604113,9.267487,1980-10-04,1992-11-21,35.572562,False,34.604314,False
Wisconsin,1993,1993-08-28,1.207543,1.188429,1.154667,1.154667,False,52.988969,0.638506,83,24.714311,20.466604,1980-09-13,1992-11-14,69.512167,False,76.461989,False
Minnesota,1993,1993-08-28,1.144016,1.148146,1.154667,1.154667,False,47.358547,0.612195,74,21.530481,18.820093,1980-09-13,1992-11-21,54.476156,False,52.970588,False
Iowa,1993,1993-08-28,1.071481,1.103788,1.154667,1.154667,False,47.244706,0.611624,73,32.440833,30.276626,1980-09-27,1992-11-14,68.026363,False,46.218001,False
Notre Dame,1993,1993-08-28,1.123152,1.134771,1.154667,1.154667,False,51.371592,0.631321,80,40.056804,35.664623,1980-09-06,1992-11-14,107.245221,False,97.095849,False
Toledo,1993,1993-08-28,1.334255,1.259166,1.154667,1.154667,False,41.749835,0.581881,64,33.039923,24.76282,1980-09-27,1992-11-14,147.804593,False,198.37309,False
Ball State,1993,1993-08-28,1.117957,1.134643,1.154667,1.154667,False,35.99871,0.545446,56,20.497687,18.334955,1980-09-20,1992-11-07,58.153671,False,50.891132,False
Western Michigan,1993,1993-08-28,1.227186,1.198096,1.154667,1.154667,False,44.788737,0.59887,69,29.321513,23.893291,1980-09-06,1992-11-14,90.176299,False,104.132753,False
Bowling Green,1993,1993-08-28,1.319456,1.243668,1.154667,1.154667,False,35.230078,0.540089,55,27.965668,21.194843,1980-09-13,1992-11-14,146.376269,False,200.28303,False
Central Michigan,1993,1993-08-28,1.147798,1.15065,1.154667,1.154667,False,42.239888,0.584717,64,32.364435,28.196982,1980-09-06,1992-11-07,100.071429,False,97.970246,False
Eastern Michigan,1993,1993-08-28,1.099443,1.124573,1.154667,1.154667,False,35.925531,0.544941,55,16.939268,15.40713,1980-10-18,1992-10-24,51.298772,False,41.005818,False
Northern Illinois,1993,1993-08-28,1.353448,1.25137,1.154667,1.154667,False,28.420507,0.486482,46,17.611186,13.012094,1980-09-13,1992-11-21,100.25073,False,142.129215,False
Penn State,1993,1993-08-28,1.103963,1.122508,1.154667,1.154667,False,52.022673,0.634247,80,41.278059,37.390797,1980-09-27,1992-11-21,105.563484,False,87.972167,False
Pittsburgh,1993,1993-08-28,1.045717,1.085391,1.154667,1.154667,False,52.384553,0.635854,80,31.094621,29.735202,1980-09-13,1992-11-14,45.847202,False,24.360762,False
West Virginia,1993,1993-08-28,1.040339,1.084859,1.154667,1.154667,False,47.041377,0.610599,73,31.549485,30.326147,1980-09-06,1992-11-21,54.235507,False,25.230766,False
Maryland,1993,1993-08-28,1.040129,1.08741,1.154667,1.154667,False,42.675313,0.587205,66,22.34982,21.487543,1980-09-13,1992-11-14,39.556587,False,18.120658,False
Virginia,1993,1993-08-28,1.145786,1.149493,1.154667,1.154667,False,41.870065,0.58258,64,25.39137,22.160663,1980-09-13,1992-11-07,74.984515,False,73.084083,False
Virginia Tech,1993,1993-08-28,1.1377,1.145136,1.154667,1.154667,False,38.449016,0.561718,58,22.135397,19.456261,1980-10-18,1992-11-21,66.689384,False,63.208153,False
NC State,1993,1993-08-28,1.23311,1.201396,1.154667,1.154667,False,44.203173,0.595705,68,27.705058,22.467629,1980-09-27,1992-11-21,94.95975,False,110.497788,False
Wake Forest,1993,1993-08-28,0.904712,1.024259,1.154667,1.154667,False,32.725281,0.521724,51,10.222296,11.29895,1980-09-06,1992-10-31,7.726441,False,-31.114585,False
Duke,1993,1993-08-28,1.167914,1.162334,1.154667,1.154667,False,41.225978,0.578805,64,20.779817,17.792246,1980-09-06,1992-11-21,58.687397,False,60.698053,False
North Carolina,1993,1993-08-28,1.090073,1.11586,1.154667,1.154667,False,45.145824,0.600776,71,26.005211,23.856401,1980-09-27,1992-10-24,59.447961,False,46.072326,False
East Carolina,1993,1993-08-28,1.202144,1.178872,1.154667,1.154667,False,31.201788,0.509818,45,16.273366,13.53695,1980-09-13,1992-11-14,71.84844,False,81.171463,False
Rutgers,1993,1993-08-28,1.248003,1.20615,1.154667,1.154667,False,36.903411,0.551592,56,18.6115,14.913027,1980-09-20,1992-11-14,72.47237,False,87.010441,False
Syracuse,1993,1993-08-28,1.113446,1.129475,1.154667,1.154667,False,47.149447,0.611144,74,32.525893,29.211914,1980-09-20,1992-11-21,83.754149,False,72.877725,False
Boston College,1993,1993-08-28,1.165271,1.161017,1.154667,1.154667,False,44.773173,0.598787,67,24.536899,21.05681,1980-09-20,1992-11-14,70.179292,False,72.045338,False
Temple,1993,1993-08-28,0.903906,1.026927,1.154667,1.154667,False,31.150733,0.509409,48,11.261045,12.458208,1980-09-13,1992-11-21,9.942564,False,-36.126848,False
Army,1993,1993-08-28,1.310785,1.238438,1.154667,1.154667,False,34.737799,0.536592,52,19.229152,14.669955,1980-09-20,1992-12-05,87.182022,False,113.883988,False
Navy,1993,1993-08-28,1.026441,1.092832,1.154667,1.154667,False,27.941322,0.482235,43,9.03457,8.801839,1980-09-20,1992-11-14,28.700144,False,8.300693,False
Akron,1993,1993-08-28,1.279795,1.192348,1.154667,1.154667,False,12.927028,0.30114,16,8.254134,6.449576,1987-09-12,1992-11-07,76.892446,False,113.100655,False
Kent State,1993,1993-08-28,1.124598,1.137576,1.154667,1.154667,False,39.509076,0.568402,61,14.318839,12.732403,1980-10-04,1992-11-07,42.383552,False,38.476921,False
Ohio,1993,1993-08-28,1.070901,1.109169,1.154667,1.154667,False,35.668476,0.54316,57,12.597809,11.763743,1980-09-20,1992-10-31,33.503371,False,21.927234,False
Miami (OH),1993,1993-08-28,1.248382,1.208406,1.154667,1.154667,False,40.329917,0.573439,62,25.724493,20.606272,1980-09-13,1992-11-14,96.639781,False,115.784666,False
Alabama,1993,1993-08-28,1.09953,1.119859,1.154667,1.154667,False,51.36717,0.631301,80,40.248572,36.605244,1980-09-06,1992-11-26,96.977927,False,78.936534,False
Auburn,1993,1993-08-28,1.203405,1.185682,1.154667,1.154667,False,52.502228,0.636373,83,42.743656,35.518934,1980-09-20,1992-11-14,142.094783,False,158.203063,False
Georgia,1993,1993-08-28,1.229488,1.201828,1.154667,1.154667,False,51.151845,0.630323,83,42.332703,34.431172,1980-09-13,1992-11-28,153.325381,False,179.355296,False
Georgia Tech,1993,1993-08-28,1.193427,1.177528,1.154667,1.154667,False,43.137747,0.589815,67,23.55854,19.740244,1980-09-20,1992-11-14,78.046941,False,85.086885,False
Florida,1993,1993-08-28,1.307398,1.250117,1.154667,1.154667,False,49.990384,0.624955,76,42.96223,32.860858,1980-09-13,1992-11-14,186.41061,False,244.030323,False
Florida State,1993,1993-08-28,1.068582,1.102848,1.154667,1.154667,False,45.36679,0.601947,69,38.161126,35.711921,1980-09-13,1992-11-28,124.53601,False,78.302541,False
Miami (FL),1993,1993-08-28,1.173209,1.166066,1.154667,1.154667,False,47.879746,0.614791,74,44.79532,38.181891,1980-09-27,1992-11-14,255.584656,False,273.362774,False
South Carolina,1993,1993-08-28,1.385988,1.293189,1.154667,1.154667,False,44.781583,0.598832,70,28.048627,20.237275,1980-10-04,1992-11-07,121.058944,False,160.478059,False
Clemson,1993,1993-08-28,1.14004,1.14604,1.154667,1.154667,False,43.135686,0.589804,67,35.075909,30.767252,1980-09-13,1992-11-21,125.924422,False,119.961319,False
Tennessee,1993,1993-08-28,1.081674,1.107444,1.154667,1.154667,False,54.974332,0.646952,85,40.585107,37.520654,1980-09-06,1992-11-21,81.037248,False,60.582528,False
Vanderbilt,1993,1993-08-28,1.185307,1.1731,1.154667,1.154667,False,45.30226,0.601606,70,16.734313,14.118131,1980-09-20,1992-11-28,53.56854,False,57.237273,False
Kentucky,1993,1993-08-28,1.344543,1.274027,1.154667,1.154667,False,50.780412,0.628623,79,29.236556,21.744606,1980-09-06,1992-11-07,104.602963,False,131.636693,False
LSU,1993,1993-08-28,1.09245,1.115263,1.154667,1.154667,False,51.815349,0.633321,81,30.311888,27.746717,1980-09-06,1992-11-21,59.619776,False,47.650217,False
Mississippi State,1993,1993-08-28,1.379457,1.281888,1.154667,1.154667,False,39.117583,0.565957,62,23.512359,17.044649,1980-09-13,1992-11-14,114.06036,False,154.173358,False
Ole Miss,1993,1993-08-28,1.179448,1.169904,1.154667,1.154667,False,47.897366,0.614878,74,29.112267,24.682962,1980-09-06,1992-11-28,78.769121,False,83.309566,False
Washington,1994,1994-08-28,1.15664,1.155239,1.152791,1.152791,False,52.42798,0.636046,84,43.748616,37.823876,1980-09-13,1993-11-20,137.659768,False,139.142733,False
Washington State,1994,1994-08-28,1.090489,1.116452,1.152791,1.152791,False,41.990661,0.583279,67,22.264649,20.41712,1980-09-13,1993-11-06,50.429116,False,39.120473,False
Oregon,1994,1994-08-28,1.08212,1.11136,1.152791,1.152791,False,42.506792,0.586246,67,22.851514,21.11736,1980-09-06,1993-11-20,49.018282,False,36.107009,False
Oregon State,1994,1994-08-28,1.324608,1.252425,1.152791,1.152791,False,41.408562,0.579882,66,10.449019,7.888383,1980-10-11,1993-11-06,57.128404,False,72.109782,False
California,1994,1994-08-28,1.302426,1.244195,1.152791,1.152791,False,47.089687,0.610843,75,26.060424,20.009136,1980-09-27,1993-11-13,95.133682,False,117.76066,False
Stanford,1994,1994-08-28,1.091512,1.114172,1.152791,1.152791,False,51.128152,0.630215,81,26.966834,24.70594,1980-09-13,1993-11-20,50.782868,False,40.69087,False
USC,1994,1994-08-28,1.149072,1.150465,1.152791,1.152791,False,50.069201,0.625324,80,34.7386,30.231882,1980-09-20,1993-11-20,87.201876,False,86.347934,False
UCLA,1994,1994-08-28,1.085574,1.111365,1.152791,1.152791,False,48.18766,0.616308,76,31.659847,29.164151,1980-09-13,1993-11-13,62.635554,False,47.731382,False
San Jose State,1994,1994-08-28,0.976813,1.081014,1.152791,1.152791,False,20.665113,0.407877,33,13.780782,14.107898,1980-10-11,1993-11-13,54.385883,False,-14.650064,False
Fresno State,1994,1994-08-28,1.313621,1.232631,1.152791,1.152791,False,29.57409,0.496425,43,25.874724,19.697253,1980-09-20,1993-11-20,172.75246,False,255.974909,False
San Diego State,1994,1994-08-28,1.136667,1.143279,1.152791,1.152791,False,43.159791,0.589939,69,23.427572,20.610766,1980-09-27,1993-11-27,59.747688,False,56.972295,False
Hawai'i,1994,1994-08-28,1.232111,1.204889,1.152791,1.152791,False,57.415042,0.65681,90,37.099678,30.11066,1980-10-04,1993-12-04,100.749107,False,114.68329,False
Nevada,1994,1994-08-28,1.397377,1.185226,1.152791,1.152791,False,4.586617,0.132612,5,3.648569,2.611012,1992-10-24,1993-11-06,80.176976,False,191.44782,False
UNLV,1994,1994-08-28,1.03178,1.092116,1.152791,1.152791,False,30.168411,0.501399,49,13.280845,12.871778,1980-09-13,1993-11-20,33.779835,False,11.709018,False
Arizona,1994,1994-08-28,1.178169,1.169009,1.152791,1.152791,False,53.117409,0.639065,86,35.366572,30.018251,1980-09-20,1993-11-06,90.044019,False,95.177493,False
Arizona State,1994,1994-08-28,1.138153,1.143368,1.152791,1.152791,False,54.19746,0.643695,88,35.179989,30.909728,1980-09-13,1993-11-26,76.109947,False,73.241508,False
BYU,1994,1994-08-28,1.144252,1.14735,1.152791,1.152791,False,52.686851,0.637185,83,43.204055,37.757464,1980-09-13,1993-11-27,133.788172,False,130.493556,False
Utah,1994,1994-08-28,1.256275,1.2138,1.152791,1.152791,False,43.091278,0.589554,68,26.236635,20.884476,1980-09-20,1993-11-13,93.337418,False,112.35862,False
Utah State,1994,1994-08-28,1.435961,1.286877,1.152791,1.152791,False,26.981876,0.473517,41,13.39268,9.326631,1980-10-04,1993-11-13,91.835344,False,137.381731,False
Colorado,1994,1994-08-28,1.141906,1.145883,1.152791,1.152791,False,52.101156,0.634597,84,33.995955,29.771248,1980-09-27,1993-11-13,93.115846,False,90.488809,False
Colorado State,1994,1994-08-28,1.251516,1.209819,1.152791,1.152791,False,41.030671,0.577647,66,20.484203,16.367517,1980-09-06,1993-10-30,80.054974,False,95.69671,False
Wyoming,1994,1994-08-28,1.267929,1.221628,1.152791,1.152791,False,44.60192,0.597866,70,29.698661,23.422968,1980-09-13,1993-11-20,101.637403,False,123.963049,False
Air Force,1994,1994-08-28,1.135226,1.142058,1.152791,1.152791,False,47.13046,0.611049,76,31.164476,27.452219,1980-09-20,1993-11-06,78.277277,False,74.377545,False
New Mexico,1994,1994-08-28,1.204785,1.183897,1.152791,1.152791,False,44.675752,0.598263,71,18.908193,15.694249,1980-09-06,1993-11-13,63.81053,False,70.867398,False
New Mexico State,1994,1994-08-28,0.721959,0.949919,1.152791,1.152791,False,26.698356,0.470884,40,5.129406,7.104842,1980-09-13,1993-11-20,-14.293511,False,-85.594911,False
UTEP,1994,1994-08-28,0.88688,0.995865,1.152791,1.152791,False,43.196861,0.590146,69,12.460252,14.049533,1980-09-20,1993-11-20,-1.461355,False,-41.06016,False
Kansas,1994,1994-08-28,1.082354,1.109047,1.152791,1.152791,False,49.164025,0.62104,80,22.145355,20.460368,1980-09-13,1993-11-20,43.9172,False,33.163654,False
Kansas State,1994,1994-08-28,1.439572,1.313573,1.152791,1.152791,False,38.281638,0.560643,61,19.016631,13.209919,1980-09-27,1993-11-13,108.498241,False,151.439992,False
Nebraska,1994,1994-08-28,1.147616,1.149377,1.152791,1.152791,False,58.167673,0.659739,93,52.743671,45.959324,1980-09-13,1993-11-26,201.256011,False,197.97214,False
Iowa State,1994,1994-08-28,1.219471,1.192931,1.152791,1.152791,False,45.374508,0.601987,74,20.252389,16.607527,1980-09-13,1993-11-20,70.071962,False,79.557165,False
Oklahoma State,1994,1994-08-28,1.061851,1.098412,1.152791,1.152791,False,44.620939,0.597968,71,23.788669,22.403021,1980-10-04,1993-11-20,49.33911,False,30.998163,False
Tulsa,1994,1994-08-28,1.228216,1.190786,1.152791,1.152791,False,30.452732,0.503745,46,18.90079,15.388811,1980-09-13,1993-11-25,86.230591,False,103.878739,False
Texas,1994,1994-08-28,1.246056,1.210835,1.152791,1.152791,False,49.440197,0.622357,81,35.142016,28.202605,1980-09-01,1993-11-20,111.528781,False,131.820928,False
Texas A&M,1994,1994-08-28,1.221397,1.195218,1.152791,1.152791,False,48.62029,0.618419,77,40.229408,32.937196,1980-09-20,1993-11-25,155.216695,False,180.538238,False
Baylor,1994,1994-08-28,1.088891,1.114765,1.152791,1.152791,False,44.089613,0.595085,69,27.252712,25.027952,1980-10-04,1993-11-13,60.006006,False,46.186786,False
TCU,1994,1994-08-28,1.095996,1.117892,1.152791,1.152791,False,47.815948,0.614475,76,21.103145,19.254768,1980-09-13,1993-11-20,43.325476,False,35.35671,False
Texas Tech,1994,1994-08-28,1.154026,1.153542,1.152791,1.152791,False,46.519604,0.607944,75,24.291545,21.049391,1980-09-06,1993-11-20,59.840138,False,60.028159,False
Houston,1994,1994-08-28,1.092618,1.117075,1.152791,1.152791,False,43.809731,0.59355,71,25.621372,23.449532,1980-09-20,1993-11-13,61.363502,False,48.431417,False
Rice,1994,1994-08-28,0.988782,1.055457,1.152791,1.152791,False,43.79397,0.593463,70,13.494434,13.647537,1980-09-27,1993-11-26,18.401307,False,-3.779028,False
SMU,1994,1994-08-28,0.909809,1.018516,1.152791,1.152791,False,37.056315,0.552615,59,16.160015,17.761981,1980-09-13,1993-11-13,9.523032,False,-46.818545,False
Louisiana Tech,1994,1994-08-28,1.250981,1.185183,1.152791,1.152791,False,14.76911,0.329895,20,11.625165,9.292842,1981-09-19,1993-11-06,112.011723,False,158.39029,False
Tulane,1994,1994-08-28,1.077954,1.106313,1.152791,1.152791,False,49.166425,0.621051,80,20.600392,19.110649,1980-09-06,1993-11-13,36.910602,False,27.143356,False
Louisiana,1994,1994-08-28,1.335142,1.232839,1.152791,1.152791,False,23.473718,0.438977,35,13.505021,10.115048,1980-09-06,1993-11-27,80.976853,False,116.728034,False
Memphis,1994,1994-08-28,1.074169,1.10693,1.152791,1.152791,False,41.99503,0.583305,66,20.080893,18.694353,1980-09-06,1993-11-13,41.68349,False,28.953115,False
Oklahoma,1994,1994-08-28,1.109429,1.125067,1.152791,1.152791,False,53.183032,0.63935,84,43.476502,39.18818,1980-09-13,1993-11-13,122.513663,False,105.209795,False
Arkansas,1994,1994-08-28,1.086176,1.109695,1.152791,1.152791,False,54.971879,0.646942,89,36.307662,33.427054,1980-09-20,1993-11-13,67.089969,False,52.291428,False
Missouri,1994,1994-08-28,1.149496,1.150737,1.152791,1.152791,False,49.672496,0.623459,82,24.074572,20.943585,1980-09-13,1993-11-06,62.125208,False,61.613345,False
Cincinnati,1994,1994-08-28,1.288988,1.220659,1.152791,1.152791,False,29.797652,0.498308,45,13.005089,10.089377,1980-11-08,1993-11-20,69.827542,False,90.64256,False
Louisville,1994,1994-08-28,1.275404,1.220386,1.152791,1.152791,False,36.858189,0.551289,57,19.977395,15.663581,1980-09-06,1993-10-23,88.148291,False,110.187777,False
Arkansas State,1994,1994-08-28,0.780739,1.064042,1.152791,1.152791,False,9.397916,0.238538,13,2.621034,3.357117,1980-09-20,1993-11-20,19.848829,False,-72.512741,False
ULM,1994,1994-08-28,0.697912,1.129587,1.152791,1.152791,False,1.612551,0.05101,4,0.793045,1.136312,1980-11-22,1981-11-14,94.386816,False,-175.746466,False
Southern Miss,1994,1994-08-28,1.286169,1.222453,1.152791,1.152791,False,32.799314,0.522288,53,24.986338,19.426948,1980-09-20,1993-11-20,124.012393,False,164.772189,False
Michigan,1994,1994-08-28,1.079985,1.105406,1.152791,1.152791,False,55.919768,0.650837,89,44.366014,41.080224,1980-09-13,1993-11-20,93.267195,False,68.814557,False
Michigan State,1994,1994-08-28,1.014931,1.066193,1.152791,1.152791,False,50.679325,0.628158,81,27.386056,26.983175,1980-09-27,1993-11-27,34.394534,False,7.735089,False
Ohio State,1994,1994-08-28,1.156966,1.155525,1.152791,1.152791,False,56.950277,0.654975,91,43.967464,38.002383,1980-09-13,1993-11-13,111.015827,False,112.162092,False
Indiana,1994,1994-08-28,1.18216,1.171319,1.152791,1.152791,False,51.27089,0.630864,81,32.242977,27.274635,1980-09-13,1993-11-20,82.414139,False,87.848107,False
Purdue,1994,1994-08-28,1.179139,1.169329,1.152791,1.152791,False,50.57375,0.62767,81,21.397232,18.146485,1980-09-20,1993-11-13,59.411377,False,62.785861,False
Illinois,1994,1994-08-28,1.265948,1.223899,1.152791,1.152791,False,50.732205,0.628401,80,33.880888,26.763257,1980-09-06,1993-11-20,110.13524,False,131.937802,False
Northwestern,1994,1994-08-28,1.124167,1.135299,1.152791,1.152791,False,47.137387,0.611084,75,11.769309,10.469359,1980-10-04,1993-11-20,33.446305,False,30.78558,False
Wisconsin,1994,1994-08-28,1.277744,1.233197,1.152791,1.152791,False,54.14954,0.643492,88,27.767099,21.73134,1980-09-13,1993-12-05,87.799824,False,104.482879,False
Minnesota,1994,1994-08-28,1.172979,1.165303,1.152791,1.152791,False,48.895684,0.619751,79,21.973192,18.732808,1980-09-13,1993-11-13,58.474982,False,61.151158,False
Iowa,1994,1994-08-28,1.088272,1.112547,1.152791,1.152791,False,49.733802,0.623748,79,34.042047,31.280839,1980-09-27,1993-11-20,69.791662,False,54.217786,False
Notre Dame,1994,1994-08-28,1.107307,1.12345,1.152791,1.152791,False,54.527557,0.645086,87,43.021916,38.852757,1980-09-06,1993-11-20,106.188395,False,90.993965,False
Toledo,1994,1994-08-28,1.251403,1.211247,1.152791,1.152791,False,43.672157,0.592791,69,32.71474,26.142458,1980-09-27,1993-11-19,119.237687,False,144.466525,False
Ball State,1994,1994-08-28,1.149448,1.150958,1.152791,1.152791,False,36.423747,0.548354,59,21.960095,19.104908,1980-09-20,1993-11-20,68.41541,False,67.720001,False
Western Michigan,1994,1994-08-28,1.218637,1.192816,1.152791,1.152791,False,46.50163,0.607851,74,30.654936,25.155095,1980-09-06,1993-11-20,89.322345,False,101.944818,False
Bowling Green,1994,1994-08-28,1.305292,1.237591,1.152791,1.152791,False,37.577635,0.556066,60,30.327856,23.23454,1980-09-13,1993-11-06,150.434,False,202.171773,False
Central Michigan,1994,1994-08-28,1.116626,1.131265,1.152791,1.152791,False,44.110503,0.595199,69,32.08089,28.73021,1980-09-06,1993-11-13,81.921849,False,72.177298,False
Eastern Michigan,1994,1994-08-28,1.016934,1.076668,1.152791,1.152791,False,38.231202,0.560318,60,16.746189,16.467331,1980-10-18,1993-11-13,30.65756,False,6.802635,False
Northern Illinois,1994,1994-08-28,1.32366,1.235882,1.152791,1.152791,False,28.398378,0.486287,48,17.369401,13.122252,1980-09-13,1993-10-23,93.763698,False,129.611035,False
Penn State,1994,1994-08-28,1.119373,1.131282,1.152791,1.152791,False,54.18326,0.643635,86,43.215911,38.607247,1980-09-27,1993-11-13,108.920598,False,97.885452,False
Pittsburgh,1994,1994-08-28,1.020409,1.067395,1.152791,1.152791,False,54.524655,0.645074,86,29.013684,28.433397,1980-09-13,1993-11-13,34.627791,False,10.439143,False
West Virginia,1994,1994-08-28,1.099222,1.11919,1.152791,1.152791,False,50.482116,0.627246,80,36.026985,32.774979,1980-09-06,1993-11-20,79.103688,False,65.10626,False
Maryland,1994,1994-08-28,1.029383,1.079066,1.152791,1.152791,False,44.51713,0.597408,71,21.795903,21.173754,1980-09-13,1993-11-06,34.3539,False,12.767443,False
Virginia,1994,1994-08-28,1.144655,1.147922,1.152791,1.152791,False,44.717581,0.598488,70,28.393615,24.805391,1980-09-13,1993-11-20,80.521004,False,78.691044,False
Virginia Tech,1994,1994-08-28,1.211346,1.186786,1.152791,1.152791,False,41.524221,0.580562,64,26.302354,21.713331,1980-10-18,1993-11-13,90.795611,False,103.267885,False
NC State,1994,1994-08-28,1.228937,1.19886,1.152791,1.152791,False,45.9515,0.605011,73,29.619436,24.101674,1980-09-27,1993-11-13,97.533435,False,113.003569,False
Wake Forest,1994,1994-08-28,0.738499,0.928998,1.152791,1.152791,False,35.243022,0.540181,56,9.538192,12.915642,1980-09-06,1993-11-20,-24.076884,False,-92.945492,False
Duke,1994,1994-08-28,1.18818,1.17367,1.152791,1.152791,False,43.168542,0.589988,69,21.271533,17.902621,1980-09-06,1993-11-06,61.446651,False,66.55061,False
North Carolina,1994,1994-08-28,1.091177,1.114662,1.152791,1.152791,False,48.705767,0.618834,78,29.909293,27.410111,1980-09-27,1993-11-26,66.619413,False,52.737973,False
East Carolina,1994,1994-08-28,1.173728,1.163738,1.152791,1.152791,False,32.875528,0.522867,49,16.126102,13.739211,1980-09-13,1993-11-06,62.627737,False,66.410656,False
Rutgers,1994,1994-08-28,1.152994,1.152906,1.152791,1.152791,False,39.142225,0.566112,61,19.240822,16.68771,1980-09-20,1993-11-26,57.303061,False,57.335792,False
Syracuse,1994,1994-08-28,1.055798,1.092338,1.152791,1.152791,False,49.632396,0.623269,80,33.635494,31.857891,1980-09-20,1993-11-06,63.24747,False,37.57913,False
Boston College,1994,1994-08-28,1.147977,1.149842,1.152791,1.152791,False,47.431247,0.61256,73,26.665772,23.228486,1980-09-20,1993-11-26,69.662836,False,68.788403,False
Temple,1994,1994-08-28,0.847261,0.990969,1.152791,1.152791,False,33.781316,0.529643,53,10.507425,12.401634,1980-09-13,1993-11-20,-3.211554,False,-55.964101,False
Army,1994,1994-08-28,1.299212,1.232847,1.152791,1.152791,False,36.189033,0.546753,56,19.832173,15.264768,1980-09-20,1993-12-04,83.705525,False,107.710713,False
Navy,1994,1994-08-28,1.121286,1.137333,1.152791,1.152791,False,28.898076,0.490645,46,10.308544,9.1935,1980-09-20,1993-11-20,41.942346,False,37.158507,False
Akron,1994,1994-08-28,1.260609,1.190033,1.152791,1.152791,False,15.830386,0.345412,20,10.523403,8.34787,1987-09-12,1993-11-13,82.330147,False,114.443292,False
Kent State,1994,1994-08-28,1.063768,1.101576,1.152791,1.152791,False,40.638474,0.575302,65,13.360583,12.559677,1980-10-04,1993-11-13,30.675349,False,19.417501,False
Ohio,1994,1994-08-28,1.13126,1.14076,1.152791,1.152791,False,37.99044,0.558761,62,13.640823,12.058079,1980-09-20,1993-11-06,41.921866,False,39.166933,False
Miami (OH),1994,1994-08-28,1.182722,1.170309,1.152791,1.152791,False,42.3412,0.585299,67,25.886569,21.88729,1980-09-13,1993-11-20,81.381492,False,87.431271,False
Alabama,1994,1994-08-28,1.068844,1.098978,1.152791,1.152791,False,53.575374,0.641043,86,42.255308,39.533636,1980-09-06,1993-11-13,89.474066,False,60.233465,False
Auburn,1994,1994-08-28,1.2575,1.220385,1.152791,1.152791,False,54.63661,0.645543,89,45.531109,36.207628,1980-09-20,1993-11-20,165.4572,False,200.113414,False
Georgia,1994,1994-08-28,1.179698,1.170016,1.152791,1.152791,False,53.369442,0.640156,89,42.320076,35.873654,1980-09-13,1993-11-13,123.419563,False,131.558458,False
Georgia Tech,1994,1994-08-28,1.163875,1.159439,1.152791,1.152791,False,44.964162,0.599809,72,23.868037,20.507381,1980-09-20,1993-11-25,68.511428,False,70.42551,False
Florida,1994,1994-08-28,1.293947,1.243076,1.152791,1.152791,False,53.242563,0.639607,83,45.735421,35.345657,1980-09-13,1993-11-27,186.922753,False,239.217767,False
Florida State,1994,1994-08-28,1.082403,1.109162,1.152791,1.152791,False,48.913361,0.619836,76,42.18992,38.97803,1980-09-13,1993-11-20,141.644838,False,101.275174,False
Miami (FL),1994,1994-08-28,1.169548,1.163216,1.152791,1.152791,False,49.395794,0.622146,79,46.517786,39.774162,1980-09-27,1993-11-27,265.92167,False,283.272932,False
South Carolina,1994,1994-08-28,1.31146,1.250727,1.152791,1.152791,False,48.376941,0.617234,77,28.991929,22.106613,1980-10-04,1993-11-20,106.098111,False,132.322731,False
Clemson,1994,1994-08-28,1.173803,1.165497,1.152791,1.152791,False,45.893495,0.604709,73,37.431307,31.888904,1980-09-13,1993-11-13,135.039934,False,143.009207,False
Tennessee,1994,1994-08-28,1.105825,1.121688,1.152791,1.152791,False,58.8235,0.662252,93,44.926345,40.626994,1980-09-06,1993-11-27,95.854086,False,82.371351,False
Vanderbilt,1994,1994-08-28,1.207169,1.186233,1.152791,1.152791,False,47.920069,0.61499,76,18.447318,15.281471,1980-09-20,1993-11-13,57.878625,False,64.192173,False
Kentucky,1994,1994-08-28,1.362225,1.286552,1.152791,1.152791,False,53.027898,0.638676,85,31.042185,22.787846,1980-09-06,1993-11-20,112.640947,False,142.598591,False
LSU,1994,1994-08-28,1.105286,1.122251,1.152791,1.152791,False,54.006068,0.642883,87,31.114999,28.151095,1980-09-06,1993-11-27,61.579864,False,52.925772,False
Mississippi State,1994,1994-08-28,1.307231,1.243015,1.152791,1.152791,False,42.150584,0.584203,68,24.30275,18.591012,1980-09-13,1993-11-27,96.0533,False,121.740328,False
Ole Miss,1994,1994-08-28,1.208644,1.18754,1.152791,1.152791,False,49.398447,0.622159,79,30.927452,25.58856,1980-09-06,1993-11-13,88.019217,False,98.286077,False
Washington,1995,1995-08-26,1.180457,1.168356,1.146337,1.146337,False,54.587303,0.645337,90,46.485713,39.379418,1980-09-13,1994-11-12,152.791496,False,166.477094,False
Washington State,1995,1995-08-26,1.112659,1.126329,1.146337,1.146337,False,43.907823,0.594089,72,23.607234,21.216961,1980-09-13,1994-11-19,53.135347,False,47.346076,False
Oregon,1995,1995-08-26,1.194018,1.175029,1.146337,1.146337,False,45.327797,0.601741,73,26.043961,21.812036,1980-09-06,1994-11-05,73.535458,False,81.586497,False
Oregon State,1995,1995-08-26,1.314303,1.245621,1.146337,1.146337,False,43.366982,0.591097,71,11.636172,8.853493,1980-10-11,1994-11-19,57.051491,False,71.769631,False
California,1995,1995-08-26,1.296736,1.240055,1.146337,1.146337,False,49.603129,0.62313,81,28.092293,21.663847,1980-09-27,1994-11-19,94.903258,False,117.414188,False
Stanford,1995,1995-08-26,1.087325,1.10856,1.146337,1.146337,False,53.37027,0.640159,87,27.522276,25.311915,1980-09-13,1994-11-12,47.639841,False,38.32853,False
USC,1995,1995-08-26,1.159646,1.154743,1.146337,1.146337,False,51.43858,0.631624,85,36.189041,31.206974,1980-09-20,1994-11-12,89.243971,False,92.260236,False
UCLA,1995,1995-08-26,1.096768,1.115213,1.146337,1.146337,False,50.623039,0.627898,82,33.315259,30.375861,1980-09-13,1994-11-19,64.111808,False,53.537321,False
San Jose State,1995,1995-08-26,0.960608,1.065634,1.146337,1.146337,False,23.05239,0.434521,37,13.801642,14.367606,1980-10-11,1994-11-05,38.913991,False,-22.575784,False
Fresno State,1995,1995-08-26,1.210782,1.181105,1.146337,1.146337,False,35.145014,0.539489,51,27.439227,22.662392,1980-09-20,1994-11-19,119.727423,False,142.276073,False
San Diego State,1995,1995-08-26,1.114362,1.126995,1.146337,1.146337,False,45.931125,0.604905,75,24.682744,22.149665,1980-09-27,1994-11-26,53.252959,False,47.926102,False
Hawai'i,1995,1995-08-26,1.171935,1.16333,1.146337,1.146337,False,59.241212,0.663832,96,35.565744,30.347869,1980-10-04,1994-12-03,76.515238,False,80.62083,False
Nevada,1995,1995-08-26,1.376543,1.195013,1.146337,1.146337,False,8.044222,0.211444,9,7.168618,5.207695,1992-10-24,1994-11-12,115.458311,False,273.619045,False
UNLV,1995,1995-08-26,1.154953,1.150842,1.146337,1.146337,False,32.877603,0.522883,54,16.164705,13.995988,1980-09-13,1994-11-26,55.559065,False,57.066065,False
Arizona,1995,1995-08-26,1.146945,1.146731,1.146337,1.146337,False,55.235686,0.648035,92,37.725773,32.892388,1980-09-20,1994-11-25,86.421817,False,86.554635,False
Arizona State,1995,1995-08-26,1.095412,1.113129,1.146337,1.146337,False,56.227767,0.652084,94,34.713326,31.689755,1980-09-13,1994-11-12,57.847347,False,48.611847,False
BYU,1995,1995-08-26,1.128141,1.134576,1.146337,1.146337,False,54.830914,0.646355,89,44.097914,39.089001,1980-09-13,1994-11-10,115.508444,False,109.210924,False
Utah,1995,1995-08-26,1.259598,1.213679,1.146337,1.146337,False,43.995684,0.594571,72,28.26303,22.438137,1980-09-20,1994-11-19,101.01482,False,123.625394,False
Utah State,1995,1995-08-26,1.240465,1.192563,1.146337,1.146337,False,28.949929,0.491094,45,13.4494,10.842222,1980-10-04,1994-11-19,65.738889,False,81.716371,False
Colorado,1995,1995-08-26,1.154788,1.15178,1.146337,1.146337,False,54.283518,0.644059,90,37.383554,32.372643,1980-09-27,1994-11-19,104.359524,False,106.54017,False
Colorado State,1995,1995-08-26,1.21329,1.186129,1.146337,1.146337,False,43.951208,0.594327,72,23.829262,19.640208,1980-09-06,1994-11-12,81.960266,False,93.898541,False
Wyoming,1995,1995-08-26,1.299197,1.239857,1.146337,1.146337,False,47.27973,0.6118,76,32.42408,24.95702,1980-09-13,1994-11-12,109.895387,False,138.939051,False
Air Force,1995,1995-08-26,1.15654,1.152696,1.146337,1.146337,False,49.631208,0.623263,82,31.920843,27.60029,1980-09-20,1994-11-12,79.28844,False,81.342958,False
New Mexico,1995,1995-08-26,1.154428,1.151251,1.146337,1.146337,False,46.412922,0.607396,76,19.543487,16.929158,1980-09-06,1994-11-19,54.354261,False,55.473818,False
New Mexico State,1995,1995-08-26,0.729187,0.945919,1.146337,1.146337,False,27.742011,0.480448,43,5.726176,7.85282,1980-09-13,1994-10-22,-15.818775,False,-84.785402,False
UTEP,1995,1995-08-26,0.902528,1.001264,1.146337,1.146337,False,44.079216,0.595028,73,12.570265,13.927836,1980-09-20,1994-10-22,0.435734,False,-34.450462,False
Kansas,1995,1995-08-26,1.072858,1.100207,1.146337,1.146337,False,50.602047,0.627801,85,22.551388,21.019918,1980-09-13,1994-11-12,39.882823,False,29.006536,False
Kansas State,1995,1995-08-26,1.366206,1.273797,1.146337,1.146337,False,41.378946,0.579708,67,22.45441,16.43559,1980-09-27,1994-11-19,113.076497,False,151.334075,False
Nebraska,1995,1995-08-26,1.161499,1.156441,1.146337,1.146337,False,59.936359,0.666431,99,54.873425,47.243634,1980-09-13,1994-11-05,210.585581,False,220.464529,False
Iowa State,1995,1995-08-26,1.132721,1.137958,1.146337,1.146337,False,48.00587,0.615414,80,19.37583,17.105564,1980-09-13,1994-11-12,48.553887,False,46.737711,False
Oklahoma State,1995,1995-08-26,1.046504,1.086717,1.146337,1.146337,False,44.47778,0.597195,74,23.143319,22.114888,1980-10-04,1994-11-12,42.557172,False,22.822011,False
Tulsa,1995,1995-08-26,1.165368,1.156188,1.146337,1.146337,False,32.187196,0.517586,50,18.584565,15.947373,1980-09-13,1994-10-22,67.684795,False,71.739304,False
Texas,1995,1995-08-26,1.245038,1.20884,1.146337,1.146337,False,51.800921,0.633256,87,36.56934,29.372073,1980-09-01,1994-11-12,110.822726,False,131.580061,False
Texas A&M,1995,1995-08-26,1.202039,1.181654,1.146337,1.146337,False,51.975074,0.634035,84,43.670522,36.33038,1980-09-20,1994-11-19,157.079484,False,178.814881,False
Baylor,1995,1995-08-26,1.094485,1.114991,1.146337,1.146337,False,45.860461,0.604537,74,29.195216,26.674846,1980-10-04,1994-11-24,62.018296,False,50.651753,False
TCU,1995,1995-08-26,1.140225,1.142536,1.146337,1.146337,False,49.341402,0.621887,81,22.529131,19.75849,1980-09-13,1994-11-25,50.842722,False,50.029178,False
Texas Tech,1995,1995-08-26,1.213086,1.188059,1.146337,1.146337,False,50.013913,0.625065,82,28.330161,23.353803,1980-09-06,1994-11-19,76.539631,False,86.76619,False
Houston,1995,1995-08-26,1.045423,1.085469,1.146337,1.146337,False,45.597961,0.603164,76,23.915795,22.876671,1980-09-20,1994-11-26,42.1874,False,22.425107,False
Rice,1995,1995-08-26,1.019024,1.069552,1.146337,1.146337,False,45.590008,0.603122,75,15.424738,15.136777,1980-09-27,1994-11-12,24.064216,False,6.64929,False
SMU,1995,1995-08-26,0.892965,1.004167,1.146337,1.146337,False,38.35495,0.561114,63,16.021248,17.941626,1980-09-13,1994-11-12,2.071166,False,-53.874093,False
North Texas,1995,1995-08-26,1.641115,1.175266,1.146337,1.146337,False,1.862976,0.058468,5,1.097527,0.668769,1980-10-04,1981-10-31,48.146102,False,171.443206,False
Louisiana Tech,1995,1995-08-26,1.153055,1.148817,1.146337,1.146337,False,17.550127,0.369087,24,11.787032,10.222437,1981-09-19,1994-11-12,76.245992,False,78.513042,False
Tulane,1995,1995-08-26,1.007453,1.05914,1.146337,1.146337,False,50.610933,0.627842,85,19.229054,19.086805,1980-09-06,1994-11-19,20.197824,False,2.564411,False
Louisiana,1995,1995-08-26,1.365266,1.247312,1.146337,1.146337,False,25.681552,0.461222,39,16.376457,11.99507,1980-09-06,1994-11-19,95.921522,False,143.270893,False
Memphis,1995,1995-08-26,1.063627,1.096779,1.146337,1.146337,False,44.846375,0.599179,72,22.508285,21.161817,1980-09-06,1994-11-19,40.133362,False,26.387877,False
Oklahoma,1995,1995-08-26,1.106008,1.12035,1.146337,1.146337,False,54.358715,0.644376,89,43.404525,39.24433,1980-09-13,1994-11-25,111.855291,False,97.04581,False
Arkansas,1995,1995-08-26,1.095814,1.113244,1.146337,1.146337,False,56.961907,0.655021,95,37.653648,34.361343,1980-09-20,1994-11-26,67.585192,False,56.847523,False
Missouri,1995,1995-08-26,1.072844,1.099418,1.146337,1.146337,False,52.968541,0.638417,89,22.946719,21.388685,1980-09-13,1994-11-26,39.604019,False,29.051267,False
Cincinnati,1995,1995-08-26,1.16058,1.153745,1.146337,1.146337,False,32.515232,0.520117,50,13.556101,11.680455,1980-11-08,1994-11-19,50.117508,False,52.29914,False
Louisville,1995,1995-08-26,1.268205,1.216029,1.146337,1.146337,False,40.071147,0.571864,63,22.421715,17.679878,1980-09-06,1994-11-26,89.947141,False,111.805718,False
Arkansas State,1995,1995-08-26,0.622072,1.008829,1.146337,1.146337,False,10.666296,0.262288,15,2.446556,3.932912,1980-09-20,1994-11-19,2.758728,False,-131.44916,False
ULM,1995,1995-08-26,0.697912,1.124913,1.146337,1.146337,False,1.505206,0.047776,4,0.740254,1.060669,1980-11-22,1981-11-14,90.555222,False,-175.746466,False
Southern Miss,1995,1995-08-26,1.337776,1.248562,1.146337,1.146337,False,34.375082,0.533981,57,26.146467,19.544724,1980-09-20,1994-10-29,132.306411,False,186.911359,False
Michigan,1995,1995-08-26,1.048109,1.081656,1.146337,1.146337,False,57.844159,0.658486,95,44.234843,42.204416,1980-09-13,1994-11-12,68.220667,False,38.944667,False
Michigan State,1995,1995-08-26,1.062158,1.092601,1.146337,1.146337,False,52.953802,0.638353,87,29.332177,27.615656,1980-09-27,1994-11-12,46.667122,False,31.263732,False
Ohio State,1995,1995-08-26,1.164756,1.158599,1.146337,1.146337,False,59.74593,0.665723,98,46.686641,40.082761,1980-09-13,1994-11-19,114.066988,False,119.061774,False
Indiana,1995,1995-08-26,1.157109,1.153239,1.146337,1.146337,False,53.50352,0.640734,87,32.906315,28.4384,1980-09-13,1994-11-12,74.997417,False,76.956332,False
Purdue,1995,1995-08-26,1.205723,1.184221,1.146337,1.146337,False,52.856529,0.637928,87,23.257277,19.289071,1980-09-20,1994-11-19,63.698227,False,70.987997,False
Illinois,1995,1995-08-26,1.202001,1.182105,1.146337,1.146337,False,53.933559,0.642574,87,34.440178,28.652371,1980-09-06,1994-11-12,90.036003,False,100.22433,False
Northwestern,1995,1995-08-26,1.022302,1.069581,1.146337,1.146337,False,48.704426,0.618827,80,10.985843,10.746185,1980-10-04,1994-11-05,17.441913,False,5.668667,False
Wisconsin,1995,1995-08-26,1.246605,1.211323,1.146337,1.146337,False,55.257316,0.648124,93,29.68789,23.814994,1980-09-13,1994-11-19,87.389862,False,102.002163,False
Minnesota,1995,1995-08-26,1.136313,1.140056,1.146337,1.146337,False,50.348204,0.626625,84,21.44745,18.874598,1980-09-13,1994-11-19,48.557821,False,47.279517,False
Iowa,1995,1995-08-26,1.131286,1.136726,1.146337,1.146337,False,53.00822,0.63859,86,36.008606,31.829793,1980-09-27,1994-11-12,79.561017,False,76.257391,False
Notre Dame,1995,1995-08-26,1.075286,1.099647,1.146337,1.146337,False,57.495389,0.657125,94,44.403195,41.294328,1980-09-06,1994-11-26,85.176784,False,63.051061,False
Toledo,1995,1995-08-26,1.268192,1.218522,1.146337,1.146337,False,43.598409,0.592382,72,32.428439,25.5706,1980-09-27,1994-11-12,121.160168,False,151.731179,False
Ball State,1995,1995-08-26,1.159969,1.154098,1.146337,1.146337,False,39.650938,0.569281,65,24.73527,21.324072,1980-09-20,1994-11-12,71.802062,False,74.606433,False
Western Michigan,1995,1995-08-26,1.204607,1.181955,1.146337,1.146337,False,47.172745,0.611262,78,32.380942,26.880919,1980-09-06,1994-11-05,93.910656,False,106.36473,False
Bowling Green,1995,1995-08-26,1.253741,1.207571,1.146337,1.146337,False,39.788547,0.57013,65,32.074383,25.582952,1980-09-13,1994-11-12,142.21506,False,179.93479,False
Central Michigan,1995,1995-08-26,1.170254,1.160798,1.146337,1.146337,False,45.877778,0.604627,74,34.648958,29.608055,1980-09-06,1994-11-05,100.071473,False,106.592685,False
Eastern Michigan,1995,1995-08-26,1.018823,1.073166,1.146337,1.146337,False,40.394874,0.573833,65,17.525405,17.201617,1980-10-18,1994-11-19,29.029674,False,7.505539,False
Northern Illinois,1995,1995-08-26,1.326459,1.236795,1.146337,1.146337,False,30.265501,0.502203,52,18.097093,13.643158,1980-09-13,1994-10-22,90.843451,False,125.933715,False
Penn State,1995,1995-08-26,1.129476,1.135342,1.146337,1.146337,False,56.229546,0.652091,92,45.992277,40.720028,1980-09-27,1994-11-26,118.761817,False,112.854489,False
Pittsburgh,1995,1995-08-26,1.041467,1.077822,1.146337,1.146337,False,56.53819,0.653332,92,29.910752,28.719828,1980-09-13,1994-11-19,38.241951,False,20.330434,False
West Virginia,1995,1995-08-26,1.109498,1.122849,1.146337,1.146337,False,52.778177,0.637586,86,37.405097,33.713546,1980-09-06,1994-11-24,81.26287,False,71.922321,False
Maryland,1995,1995-08-26,1.054544,1.090654,1.146337,1.146337,False,46.261092,0.606615,76,23.170913,21.972457,1980-09-13,1994-11-05,39.73091,False,23.885451,False
Virginia,1995,1995-08-26,1.149808,1.148429,1.146337,1.146337,False,45.517326,0.60274,74,29.330692,25.509215,1980-09-13,1994-11-25,80.821255,False,81.597793,False
Virginia Tech,1995,1995-08-26,1.176258,1.164195,1.146337,1.146337,False,44.411571,0.596837,70,29.25475,24.871032,1980-10-18,1994-11-19,89.836845,False,96.772618,False
NC State,1995,1995-08-26,1.246591,1.207835,1.146337,1.146337,False,47.603406,0.613419,78,31.410292,25.196949,1980-09-27,1994-11-19,104.122048,False,124.672802,False
Wake Forest,1995,1995-08-26,0.757221,0.929894,1.146337,1.146337,False,37.60434,0.556242,61,9.842722,12.998488,1980-09-06,1994-11-12,-23.420816,False,-84.759411,False
Duke,1995,1995-08-26,1.240455,1.203273,1.146337,1.146337,False,45.937691,0.604939,75,24.550083,19.791192,1980-09-06,1994-11-19,73.657867,False,87.190813,False
North Carolina,1995,1995-08-26,1.086133,1.108401,1.146337,1.146337,False,51.107881,0.630122,84,32.616926,30.030324,1980-09-27,1994-11-05,67.171765,False,53.048705,False
East Carolina,1995,1995-08-26,1.188624,1.168941,1.146337,1.146337,False,34.451205,0.534532,53,16.936564,14.248877,1980-09-13,1994-10-29,64.16724,False,71.545557,False
Rutgers,1995,1995-08-26,1.224054,1.192167,1.146337,1.146337,False,43.117945,0.589704,68,23.130264,18.896448,1980-09-20,1994-11-05,76.444488,False,89.099007,False
Syracuse,1995,1995-08-26,1.071405,1.098828,1.146337,1.146337,False,51.974098,0.634031,86,35.161856,32.818454,1980-09-20,1994-11-19,65.555697,False,46.826141,False
Boston College,1995,1995-08-26,1.158763,1.153986,1.146337,1.146337,False,48.040487,0.615584,77,27.720358,23.922379,1980-09-20,1994-11-12,73.342378,False,75.642909,False
Temple,1995,1995-08-26,0.799755,0.956704,1.146337,1.146337,False,36.247466,0.547152,58,9.807961,12.263714,1980-09-13,1994-11-19,-15.286515,False,-73.352257,False
Army,1995,1995-08-26,1.314626,1.240924,1.146337,1.146337,False,38.501169,0.562051,61,20.404721,15.521311,1980-09-20,1994-12-03,85.523196,False,111.749699,False
Navy,1995,1995-08-26,1.173501,1.160085,1.146337,1.146337,False,30.74106,0.5061,50,10.57057,9.007722,1980-09-20,1994-11-19,47.181898,False,50.991217,False
Akron,1995,1995-08-26,1.145513,1.146013,1.146337,1.146337,False,19.480262,0.393698,25,10.771126,9.402881,1987-09-12,1994-11-19,60.250983,False,60.043314,False
Kent State,1995,1995-08-26,1.089888,1.113199,1.146337,1.146337,False,42.648145,0.587051,70,14.351395,13.167771,1980-10-04,1994-11-19,33.793561,False,26.964386,False
Ohio,1995,1995-08-26,1.025049,1.076903,1.146337,1.146337,False,40.171371,0.572475,67,12.732774,12.42162,1980-09-20,1994-11-12,22.725805,False,7.493522,False
Miami (OH),1995,1995-08-26,1.190348,1.172333,1.146337,1.146337,False,43.290552,0.59067,71,26.996787,22.67974,1980-09-13,1994-11-12,83.699704,False,92.674137,False
Alabama,1995,1995-08-26,1.089219,1.109224,1.146337,1.146337,False,55.654576,0.649756,92,45.08807,41.394868,1980-09-06,1994-11-19,102.706309,False,81.877887,False
Auburn,1995,1995-08-26,1.246333,1.21133,1.146337,1.146337,False,55.701581,0.649948,94,47.202219,37.872865,1980-09-20,1994-11-05,170.396151,False,206.285549,False
Georgia,1995,1995-08-26,1.168174,1.160592,1.146337,1.146337,False,56.40668,0.652805,96,43.741648,37.444475,1980-09-13,1994-11-25,113.236041,False,119.29621,False
Georgia Tech,1995,1995-08-26,1.082122,1.107246,1.146337,1.146337,False,46.679289,0.60876,77,22.279177,20.588408,1980-09-20,1994-11-19,44.95912,False,34.446958,False
Florida,1995,1995-08-26,1.244644,1.210838,1.146337,1.146337,False,57.237928,0.656113,91,48.813797,39.219082,1980-09-13,1994-11-26,174.068105,False,210.103712,False
Florida State,1995,1995-08-26,1.092938,1.112872,1.146337,1.146337,False,50.364688,0.626702,81,44.088817,40.339728,1980-09-13,1994-11-12,149.939503,False,118.012303,False
Miami (FL),1995,1995-08-26,1.177741,1.166085,1.146337,1.146337,False,50.82752,0.628839,84,47.20287,40.07915,1980-09-27,1994-11-26,241.437849,False,267.890946,False
South Carolina,1995,1995-08-26,1.238426,1.204231,1.146337,1.146337,False,50.790947,0.628671,83,28.934697,23.364086,1980-10-04,1994-10-29,85.942078,False,100.470881,False
Clemson,1995,1995-08-26,1.146842,1.146647,1.146337,1.146337,False,47.553365,0.61317,78,37.770504,32.934345,1980-09-13,1994-11-19,114.46793,False,114.640933,False
Tennessee,1995,1995-08-26,1.105264,1.11887,1.146337,1.146337,False,60.562099,0.668736,99,45.711103,41.357615,1980-09-06,1994-11-19,90.283964,False,79.210811,False
Vanderbilt,1995,1995-08-26,1.125497,1.133274,1.146337,1.146337,False,50.387042,0.626806,82,19.098281,16.968759,1980-09-20,1994-11-26,43.667789,False,41.164291,False
Kentucky,1995,1995-08-26,1.275741,1.230646,1.146337,1.146337,False,56.088042,0.65152,92,29.910247,23.445397,1980-09-06,1994-11-12,86.133763,False,102.810394,False
LSU,1995,1995-08-26,1.099264,1.115674,1.146337,1.146337,False,56.055369,0.651387,93,30.921429,28.129213,1980-09-06,1994-11-12,55.518088,False,47.586909,False
Mississippi State,1995,1995-08-26,1.312032,1.245753,1.146337,1.146337,False,44.999056,0.599995,74,26.451612,20.160803,1980-09-13,1994-11-12,101.017715,False,128.55862,False
Ole Miss,1995,1995-08-26,1.179779,1.167366,1.146337,1.146337,False,50.823758,0.628822,84,29.813136,25.270111,1980-09-06,1994-11-26,74.956263,False,80.621742,False
Washington,1996,1996-08-24,1.159284,1.15209,1.138744,1.138744,False,55.651267,0.649742,95,46.203965,39.85562,1980-09-13,1995-11-18,131.41764,False,138.797414,False
Washington State,1996,1996-08-24,1.101718,1.116579,1.138744,1.138744,False,44.747586,0.598649,76,23.910503,21.702919,1980-09-13,1995-11-11,48.980732,False,42.703376,False
Oregon,1996,1996-08-24,1.128637,1.132574,1.138744,1.138744,False,47.012282,0.610452,78,27.132853,24.040375,1980-09-06,1995-11-18,60.670162,False,58.849464,False
Oregon State,1996,1996-08-24,1.176945,1.16151,1.138744,1.138744,False,44.24785,0.595948,75,10.859508,9.226862,1980-10-11,1995-11-11,38.626292,False,42.139664,False
California,1996,1996-08-24,1.276905,1.226322,1.138744,1.138744,False,51.941722,0.633886,87,28.101216,22.007294,1980-09-27,1995-11-11,87.176198,False,106.570653,False
Stanford,1996,1996-08-24,1.058954,1.087592,1.138744,1.138744,False,53.585964,0.641088,91,27.578013,26.042688,1980-09-13,1995-11-18,39.209725,False,26.383972,False
USC,1996,1996-08-24,1.136696,1.137422,1.138744,1.138744,False,54.597908,0.645381,92,38.945719,34.262224,1980-09-20,1995-11-18,84.212171,False,83.7376,False
UCLA,1996,1996-08-24,1.101716,1.115117,1.138744,1.138744,False,52.888565,0.638068,88,34.852031,31.63433,1980-09-13,1995-11-11,63.529897,False,55.899686,False
San Jose State,1996,1996-08-24,0.988555,1.070081,1.138744,1.138744,False,25.266666,0.457177,41,14.761889,14.932792,1980-10-11,1995-10-14,38.115979,False,-6.11367,False
Fresno State,1996,1996-08-24,1.21393,1.180522,1.138744,1.138744,False,37.515436,0.555657,56,28.429987,23.419788,1980-09-20,1995-11-25,111.953306,False,135.200825,False
San Diego State,1996,1996-08-24,1.141333,1.140356,1.138744,1.138744,False,49.46647,0.622482,82,27.739823,24.304752,1980-09-27,1995-11-25,59.5506,False,59.969728,False
Hawai'i,1996,1996-08-24,1.164764,1.156182,1.138744,1.138744,False,60.954109,0.670163,102,35.075846,30.114112,1980-10-04,1995-12-02,70.141223,False,74.032546,False
Nevada,1996,1996-08-24,1.253618,1.173762,1.138744,1.138744,False,13.155451,0.304839,15,11.400064,9.093733,1992-10-24,1995-11-18,122.272787,False,197.648424,False
UNLV,1996,1996-08-24,1.127039,1.132408,1.138744,1.138744,False,35.399353,0.54128,59,16.967253,15.054717,1980-09-13,1995-11-18,48.390903,False,46.440851,False
Arizona,1996,1996-08-24,1.114391,1.122862,1.138744,1.138744,False,56.252243,0.652183,97,37.082598,33.276106,1980-09-20,1995-11-11,70.537531,False,65.505427,False
Arizona State,1996,1996-08-24,1.122924,1.12831,1.138744,1.138744,False,58.126533,0.65958,100,36.158034,32.199885,1980-09-13,1995-11-24,64.021544,False,61.271731,False
BYU,1996,1996-08-24,1.123647,1.128864,1.138744,1.138744,False,56.825597,0.65448,95,44.924989,39.981404,1980-09-13,1995-11-18,104.841937,False,100.082542,False
Utah,1996,1996-08-24,1.17265,1.159549,1.138744,1.138744,False,47.638022,0.613591,79,29.202527,24.903021,1980-09-20,1995-10-28,75.48957,False,81.858776,False
Utah State,1996,1996-08-24,1.215421,1.177577,1.138744,1.138744,False,30.783059,0.506441,49,13.493684,11.102062,1980-10-04,1995-11-04,58.141833,False,70.188217,False
Boise State,1996,1996-08-24,,1.138744,1.138744,1.138744,False,0.0,0.0,0,0.0,0.0,,,71.369075,False,,False
Colorado,1996,1996-08-24,1.122735,1.1283,1.138744,1.138744,False,56.303467,0.652389,96,38.6463,34.421566,1980-09-27,1995-11-11,91.565594,False,87.412989,False
Colorado State,1996,1996-08-24,1.13085,1.134017,1.138744,1.138744,False,44.793081,0.598893,76,24.131489,21.339245,1980-09-06,1995-11-11,64.206218,False,62.685108,False
Wyoming,1996,1996-08-24,1.305233,1.242627,1.138744,1.138744,False,49.779659,0.623964,82,34.025345,26.068415,1980-09-13,1995-11-18,109.817624,False,140.040862,False
Air Force,1996,1996-08-24,1.149074,1.145293,1.138744,1.138744,False,51.961718,0.633975,88,33.548212,29.19586,1980-09-20,1995-11-18,76.338705,False,78.385801,False
New Mexico,1996,1996-08-24,1.102217,1.116094,1.138744,1.138744,False,48.963187,0.620076,82,20.119244,18.253436,1980-09-06,1995-11-11,41.456834,False,36.566136,False
New Mexico State,1996,1996-08-24,0.793593,0.964484,1.138744,1.138744,False,30.591524,0.504881,48,7.219196,9.096855,1980-09-13,1995-11-11,-10.406772,False,-63.466672,False
UTEP,1996,1996-08-24,0.932323,1.013954,1.138744,1.138744,False,45.860807,0.604539,78,12.679505,13.59991,1980-09-20,1995-11-25,4.656001,False,-23.08461,False
Kansas,1996,1996-08-24,1.090629,1.108047,1.138744,1.138744,False,52.868627,0.637981,91,25.743235,23.604034,1980-09-13,1995-11-11,47.878201,False,40.141143,False
Kansas State,1996,1996-08-24,1.308071,1.240528,1.138744,1.138744,False,45.208464,0.601109,74,26.598807,20.334382,1980-09-27,1995-11-18,116.749338,False,150.253508,False
Nebraska,1996,1996-08-24,1.15346,1.14864,1.138744,1.138744,False,61.592586,0.672463,105,56.867581,49.301733,1980-09-13,1995-11-24,216.187608,False,226.593571,False
Iowa State,1996,1996-08-24,1.169105,1.157914,1.138744,1.138744,False,51.386454,0.631388,87,20.899424,17.876435,1980-09-13,1995-11-11,54.827451,False,58.638906,False
Oklahoma State,1996,1996-08-24,1.034014,1.075751,1.138744,1.138744,False,45.27918,0.601483,78,21.598603,20.888107,1980-10-04,1995-11-18,36.380606,False,16.366195,False
Tulsa,1996,1996-08-24,1.206982,1.174895,1.138744,1.138744,False,33.798046,0.529766,54,19.220586,15.924496,1980-09-13,1995-11-18,71.753699,False,85.092679,False
Texas,1996,1996-08-24,1.274356,1.226464,1.138744,1.138744,False,54.949472,0.646849,94,40.263547,31.595221,1980-09-01,1995-11-23,122.130104,False,150.828557,False
Texas A&M,1996,1996-08-24,1.172813,1.160531,1.138744,1.138744,False,53.214665,0.639487,89,44.513632,37.9546,1980-09-20,1995-12-02,145.818027,False,159.241483,False
Baylor,1996,1996-08-24,1.10911,1.12058,1.138744,1.138744,False,47.511884,0.612963,79,30.078766,27.119726,1980-10-04,1995-11-18,62.471693,False,56.362347,False
TCU,1996,1996-08-24,1.130415,1.133509,1.138744,1.138744,False,50.763008,0.628543,86,24.790829,21.930733,1980-09-13,1995-11-25,53.729738,False,52.497284,False
Texas Tech,1996,1996-08-24,1.252435,1.210527,1.138744,1.138744,False,51.385595,0.631384,87,31.149139,24.87087,1980-09-06,1995-11-11,90.918299,False,109.320448,False
Houston,1996,1996-08-24,1.046167,1.082109,1.138744,1.138744,False,47.271934,0.611761,81,23.262745,22.236178,1980-09-20,1995-11-25,38.94479,False,21.933447,False
Rice,1996,1996-08-24,0.933484,1.012231,1.138744,1.138744,False,48.197401,0.616356,81,15.799436,16.925227,1980-09-27,1995-12-02,4.474479,False,-24.719207,False
SMU,1996,1996-08-24,0.888587,0.99363,1.138744,1.138744,False,41.444351,0.580093,69,15.886394,17.878255,1980-09-13,1995-11-18,-3.005135,False,-53.463894,False
North Texas,1996,1996-08-24,1.589695,1.187196,1.138744,1.138744,False,3.611349,0.107444,7,1.961253,1.233729,1980-10-04,1995-09-16,48.683546,False,147.505627,False
Louisiana Tech,1996,1996-08-24,1.214764,1.169287,1.138744,1.138744,False,20.147909,0.40177,28,13.82625,11.381836,1981-09-19,1995-11-18,83.766419,False,107.726301,False
Tulane,1996,1996-08-24,0.994169,1.047103,1.138744,1.138744,False,51.936549,0.633863,90,18.881335,18.992075,1980-09-06,1995-11-11,15.64066,False,-1.953965,False
Louisiana,1996,1996-08-24,1.336468,1.232043,1.138744,1.138744,False,26.803378,0.471862,42,17.171107,12.848121,1980-09-06,1995-11-18,92.414937,False,135.62485,False
Memphis,1996,1996-08-24,1.053039,1.08662,1.138744,1.138744,False,46.566735,0.608185,77,22.887415,21.734637,1980-09-06,1995-11-11,34.781879,False,21.312895,False
Oklahoma,1996,1996-08-24,1.085513,1.104002,1.138744,1.138744,False,56.371142,0.652662,95,43.318406,39.905943,1980-09-13,1995-11-11,91.406301,False,73.942436,False
Arkansas,1996,1996-08-24,1.153334,1.148458,1.138744,1.138744,False,59.753812,0.665752,102,40.793573,35.370119,1980-09-20,1995-11-11,85.824625,False,88.792666,False
Missouri,1996,1996-08-24,1.081072,1.101408,1.138744,1.138744,False,55.077535,0.64738,95,24.236097,22.418585,1980-09-13,1995-11-18,39.577379,False,31.668603,False
Cincinnati,1996,1996-08-24,1.260328,1.204252,1.138744,1.138744,False,35.046113,0.538789,55,15.477211,12.280304,1980-11-08,1995-10-21,64.246679,False,81.342745,False
Louisville,1996,1996-08-24,1.212974,1.182492,1.138744,1.138744,False,43.05688,0.589361,69,24.710619,20.371933,1980-09-06,1995-11-18,81.627939,False,95.481939,False
Arkansas State,1996,1996-08-24,0.957271,1.084545,1.138744,1.138744,False,12.775319,0.298661,18,4.163488,4.34933,1980-09-20,1995-11-04,24.632359,False,-12.794705,False
ULM,1996,1996-08-24,0.697912,1.119026,1.138744,1.138744,False,1.40474,0.04473,4,0.690845,0.989874,1980-11-22,1981-11-14,85.787714,False,-175.746466,False
Southern Miss,1996,1996-08-24,1.321302,1.238119,1.138744,1.138744,False,35.839511,0.544347,61,27.215641,20.597591,1980-09-20,1995-10-28,126.995581,False,177.997559,False
Michigan,1996,1996-08-24,1.064618,1.08917,1.138744,1.138744,False,60.573483,0.668777,102,46.931806,44.083252,1980-09-13,1995-11-25,75.841396,False,53.645627,False
Michigan State,1996,1996-08-24,1.063937,1.090029,1.138744,1.138744,False,56.011997,0.651211,94,30.671929,28.828698,1980-09-27,1995-11-25,44.563483,False,31.604027,False
Ohio State,1996,1996-08-24,1.178253,1.165419,1.138744,1.138744,False,62.350982,0.675152,105,50.163344,42.574327,1980-09-13,1995-11-18,125.748466,False,137.083347,False
Indiana,1996,1996-08-24,1.124019,1.129125,1.138744,1.138744,False,56.523607,0.653274,94,32.583926,28.988771,1980-09-13,1995-11-24,60.785083,False,58.340066,False
Purdue,1996,1996-08-24,1.220169,1.191103,1.138744,1.138744,False,54.039755,0.643026,92,23.590163,19.33352,1980-09-20,1995-11-18,64.682459,False,74.288427,False
Illinois,1996,1996-08-24,1.172341,1.160747,1.138744,1.138744,False,56.927645,0.654885,94,35.43966,30.229809,1980-09-06,1995-11-25,77.676943,False,83.432996,False
Northwestern,1996,1996-08-24,1.175701,1.162031,1.138744,1.138744,False,51.10425,0.630106,86,14.966238,12.729628,1980-10-04,1995-11-11,42.805915,False,46.267977,False
Wisconsin,1996,1996-08-24,1.192323,1.173893,1.138744,1.138744,False,57.213536,0.656017,99,30.057549,25.209242,1980-09-13,1995-11-18,72.776041,False,80.486677,False
Minnesota,1996,1996-08-24,1.160317,1.152486,1.138744,1.138744,False,52.639557,0.636978,90,22.833104,19.678329,1980-09-13,1995-11-11,52.878532,False,55.548454,False
Iowa,1996,1996-08-24,1.110891,1.120816,1.138744,1.138744,False,54.190069,0.643663,91,36.436146,32.799039,1980-09-27,1995-11-25,70.822458,False,64.79048,False
Notre Dame,1996,1996-08-24,1.084197,1.102522,1.138744,1.138744,False,59.300963,0.664057,100,46.148122,42.56433,1980-09-06,1995-11-04,87.712423,False,70.920953,False
Toledo,1996,1996-08-24,1.251772,1.206807,1.138744,1.138744,False,45.410822,0.602179,77,34.515412,27.573237,1980-09-27,1995-11-18,123.185866,False,153.242561,False
Ball State,1996,1996-08-24,1.199522,1.17376,1.138744,1.138744,False,40.774827,0.57612,69,25.91149,21.601508,1980-09-20,1995-11-11,78.361731,False,90.34889,False
Western Michigan,1996,1996-08-24,1.203049,1.178251,1.138744,1.138744,False,47.794247,0.614367,82,33.053107,27.474449,1980-09-06,1995-11-18,92.168333,False,105.886693,False
Bowling Green,1996,1996-08-24,1.175159,1.159951,1.138744,1.138744,False,41.833638,0.582368,70,31.816273,27.074019,1980-09-13,1995-11-04,109.36403,False,120.885866,False
Central Michigan,1996,1996-08-24,1.170511,1.158068,1.138744,1.138744,False,46.587301,0.60829,78,34.217743,29.233165,1980-09-06,1995-11-04,95.151684,False,103.308836,False
Eastern Michigan,1996,1996-08-24,1.045203,1.084472,1.138744,1.138744,False,41.461614,0.580194,69,19.171591,18.342459,1980-10-18,1995-11-11,34.469618,False,18.489156,False
Northern Illinois,1996,1996-08-24,1.27976,1.212558,1.138744,1.138744,False,32.951568,0.523443,57,18.76814,14.665359,1980-09-13,1995-11-11,80.169282,False,105.747619,False
Penn State,1996,1996-08-24,1.102912,1.115111,1.138744,1.138744,False,58.122112,0.659563,98,46.68794,42.331517,1980-09-27,1995-11-18,101.034188,False,89.166893,False
Pittsburgh,1996,1996-08-24,1.047565,1.078507,1.138744,1.138744,False,58.402661,0.660644,98,29.784572,28.432189,1980-09-13,1995-11-11,36.917909,False,22.35636,False
West Virginia,1996,1996-08-24,1.090238,1.107377,1.138744,1.138744,False,54.903467,0.646658,92,38.677498,35.476208,1980-09-06,1995-11-24,71.638478,False,59.65355,False
Maryland,1996,1996-08-24,1.094522,1.111558,1.138744,1.138744,False,47.874527,0.614765,81,24.4353,22.325093,1980-09-13,1995-11-11,47.094329,False,39.891104,False
Virginia,1996,1996-08-24,1.150428,1.145887,1.138744,1.138744,False,47.191296,0.611355,79,31.136799,27.065413,1980-09-13,1995-11-18,84.122659,False,86.840884,False
Virginia Tech,1996,1996-08-24,1.165435,1.155048,1.138744,1.138744,False,47.09258,0.610857,76,31.075048,26.663913,1980-10-18,1995-11-11,87.576649,False,93.711956,False
NC State,1996,1996-08-24,1.132015,1.134566,1.138744,1.138744,False,49.134588,0.620899,83,29.313792,25.895229,1980-09-27,1995-11-24,64.725884,False,63.472993,False
Wake Forest,1996,1996-08-24,0.701941,0.892225,1.138744,1.138744,False,38.866102,0.564372,65,9.185763,13.08623,1980-09-06,1995-11-18,-35.373595,False,-103.565139,False
Duke,1996,1996-08-24,1.169215,1.157431,1.138744,1.138744,False,47.575188,0.613278,80,24.791688,21.20371,1980-09-06,1995-10-28,58.866328,False,63.284384,False
North Carolina,1996,1996-08-24,1.096696,1.11183,1.138744,1.138744,False,53.349811,0.640071,90,34.21156,31.195114,1980-09-27,1995-11-18,69.804933,False,60.111132,False
East Carolina,1996,1996-08-24,1.224389,1.185964,1.138744,1.138744,False,36.866659,0.551346,58,20.521044,16.760228,1980-09-13,1995-11-18,78.921084,False,95.288466,False
Rutgers,1996,1996-08-24,1.20125,1.176541,1.138744,1.138744,False,45.891726,0.6047,74,23.467879,19.536223,1980-09-20,1995-11-24,67.869118,False,77.303603,False
Syracuse,1996,1996-08-24,1.077439,1.099294,1.138744,1.138744,False,54.153188,0.643507,92,37.527353,34.830158,1980-09-20,1995-11-18,67.162924,False,51.819333,False
Boston College,1996,1996-08-24,1.069477,1.095601,1.138744,1.138744,False,49.543887,0.62285,82,26.810867,25.069148,1980-09-20,1995-11-11,46.377095,False,33.659559,False
Temple,1996,1996-08-24,0.822818,0.963015,1.138744,1.138744,False,37.603537,0.556236,62,10.095296,12.269169,1980-09-13,1995-11-18,-12.583045,False,-62.492874,False
Army,1996,1996-08-24,1.282398,1.220573,1.138744,1.138744,False,39.706845,0.569626,65,19.993567,15.590763,1980-09-20,1995-12-02,76.960933,False,98.412741,False
Navy,1996,1996-08-24,1.066509,1.101205,1.138744,1.138744,False,32.4584,0.51968,54,10.813281,10.138948,1980-09-20,1995-11-18,31.62406,False,20.940124,False
Akron,1996,1996-08-24,1.166928,1.15065,1.138744,1.138744,False,21.941712,0.42243,29,11.936153,10.2287,1987-09-12,1995-10-28,61.127234,False,67.775722,False
Kent State,1996,1996-08-24,1.023325,1.069215,1.138744,1.138744,False,45.454735,0.602411,76,13.861992,13.546028,1980-10-04,1995-11-18,20.540924,False,6.998241,False
Ohio,1996,1996-08-24,0.996355,1.057098,1.138744,1.138744,False,40.32355,0.5734,70,11.882916,11.926383,1980-09-20,1995-11-11,16.712987,False,-1.08352,False
Miami (OH),1996,1996-08-24,1.184359,1.165908,1.138744,1.138744,False,44.167448,0.59551,75,28.027081,23.66434,1980-09-13,1995-11-18,82.535905,False,91.993444,False
Alabama,1996,1996-08-24,1.059955,1.086653,1.138744,1.138744,False,58.532494,0.661141,99,46.792302,44.145574,1980-09-06,1995-11-11,82.995136,False,55.606767,False
Auburn,1996,1996-08-24,1.242202,1.206786,1.138744,1.138744,False,57.638143,0.657683,100,48.764104,39.256192,1980-09-20,1995-11-18,167.777709,False,204.049823,False
Georgia,1996,1996-08-24,1.164408,1.155688,1.138744,1.138744,False,58.287425,0.660201,102,43.636784,37.475507,1980-09-13,1995-11-11,104.560545,False,111.0385,False
Georgia Tech,1996,1996-08-24,1.127837,1.132017,1.138744,1.138744,False,48.285361,0.616787,82,23.62022,20.942945,1980-09-20,1995-11-23,53.531773,False,51.842605,False
Florida,1996,1996-08-24,1.239306,1.205436,1.138744,1.138744,False,59.071991,0.663194,97,51.210134,41.321609,1980-09-13,1995-11-25,181.523714,False,221.145487,False
Florida State,1996,1996-08-24,1.095123,1.110957,1.138744,1.138744,False,52.648712,0.637018,87,46.791727,42.727379,1980-09-13,1995-11-18,157.819672,False,129.841766,False
Miami (FL),1996,1996-08-24,1.192106,1.172623,1.138744,1.138744,False,52.164952,0.634881,89,48.782232,40.921055,1980-09-27,1995-11-25,243.539427,False,288.773653,False
South Carolina,1996,1996-08-24,1.19311,1.173473,1.138744,1.138744,False,53.05527,0.638795,89,29.824361,24.997166,1980-10-04,1995-11-18,76.042359,False,84.732677,False
Clemson,1996,1996-08-24,1.129356,1.132917,1.138744,1.138744,False,49.086797,0.62067,83,37.142214,32.887954,1980-09-13,1995-11-11,97.867479,False,94.997819,False
Tennessee,1996,1996-08-24,1.11544,1.122949,1.138744,1.138744,False,63.107499,0.677792,106,49.247742,44.150936,1980-09-06,1995-11-25,100.010896,False,93.318754,False
Vanderbilt,1996,1996-08-24,1.111798,1.121577,1.138744,1.138744,False,52.670821,0.637115,88,19.71628,17.733682,1980-09-20,1995-11-11,39.340054,False,36.228943,False
Kentucky,1996,1996-08-24,1.31152,1.252613,1.138744,1.138744,False,57.99133,0.659057,98,29.802833,22.723894,1980-09-06,1995-11-18,90.842345,False,111.600189,False
LSU,1996,1996-08-24,1.140879,1.140159,1.138744,1.138744,False,58.907788,0.662572,100,34.04097,29.837495,1980-09-06,1995-11-18,67.678673,False,68.03137,False
Mississippi State,1996,1996-08-24,1.201312,1.177137,1.138744,1.138744,False,47.641234,0.613607,80,26.565056,22.113363,1980-09-13,1995-11-25,74.247043,False,84.455473,False
Ole Miss,1996,1996-08-24,1.20417,1.179997,1.138744,1.138744,False,51.198147,0.630533,88,30.646667,25.45045,1980-09-06,1995-10-28,81.378967,False,92.561604,False
UCF,1996,1996-08-24,,1.138744,1.138744,1.138744,False,0.0,0.0,0,0.0,0.0,,,71.369075,False,,False
UAB,1996,1996-08-24,,1.138744,1.138744,1.138744,False,0.0,0.0,0,0.0,0.0,,,71.369075,False,,False
Idaho,1996,1996-08-24,,1.138744,1.138744,1.138744,False,0.0,0.0,0,0.0,0.0,,,71.369075,False,,False
Washington,1997,1997-08-23,1.184329,1.169139,1.139977,1.139977,False,57.591185,0.6575,101,48.774449,41.183182,1980-09-13,1996-11-16,147.869924,False,164.282188,False
Washington State,1997,1997-08-23,1.142459,1.141485,1.139977,1.139977,False,46.475795,0.607719,81,25.135506,22.00124,1980-09-13,1996-11-23,58.970067,False,59.378048,False
Oregon,1997,1997-08-23,1.157454,1.150861,1.139977,1.139977,False,49.527579,0.622772,84,29.089813,25.132585,1980-09-06,1996-11-16,67.509266,False,70.502079,False
Oregon State,1997,1997-08-23,1.194753,1.173137,1.139977,1.139977,False,46.023193,0.605384,80,12.026159,10.065814,1980-10-11,1996-11-23,43.572497,False,48.718635,False
California,1997,1997-08-23,1.279158,1.229527,1.139977,1.139977,False,54.129243,0.643406,93,29.985998,23.441973,1980-09-27,1996-11-23,88.660896,False,107.866169,False
Stanford,1997,1997-08-23,1.106905,1.118487,1.139977,1.139977,False,55.663747,0.649794,97,29.511497,26.661271,1980-09-13,1996-11-16,52.418208,False,47.285785,False
USC,1997,1997-08-23,1.12696,1.131519,1.139977,1.139977,False,55.669919,0.649819,97,39.175989,34.762524,1980-09-20,1996-11-30,79.897929,False,76.969719,False
UCLA,1997,1997-08-23,1.093227,1.109907,1.139977,1.139977,False,54.079675,0.643196,93,35.359294,32.34397,1980-09-13,1996-11-23,60.479702,False,51.043596,False
San Jose State,1997,1997-08-23,1.016341,1.079972,1.139977,1.139977,False,28.290158,0.485333,46,15.664335,15.412479,1980-10-11,1996-11-23,40.824095,False,8.267137,False
Fresno State,1997,1997-08-23,1.205388,1.17762,1.139977,1.139977,False,40.668363,0.575482,62,29.35959,24.356956,1980-09-20,1996-11-16,103.295981,False,120.883779,False
San Diego State,1997,1997-08-23,1.203339,1.180109,1.139977,1.139977,False,51.827112,0.633373,88,31.550624,26.219242,1980-09-27,1996-11-28,79.170252,False,89.677924,False
Hawai'i,1997,1997-08-23,1.134902,1.136514,1.139977,1.139977,False,64.424109,0.682285,110,34.616138,30.501439,1980-10-04,1996-11-30,59.618501,False,58.912035,False
Nevada,1997,1997-08-23,1.232974,1.172393,1.139977,1.139977,False,16.052814,0.348574,19,14.414591,11.69091,1992-10-24,1996-11-16,147.293571,False,222.463785,False
UNLV,1997,1997-08-23,1.152143,1.146829,1.139977,1.139977,False,38.682244,0.563206,65,16.783014,14.566781,1980-09-13,1996-11-16,51.608355,False,53.449298,False
Arizona,1997,1997-08-23,1.148282,1.145456,1.139977,1.139977,False,58.152089,0.659679,103,39.312423,34.235849,1980-09-20,1996-11-23,83.827133,False,85.53485,False
Arizona State,1997,1997-08-23,1.1725,1.161758,1.139977,1.139977,False,60.828198,0.669706,107,40.326,34.393186,1980-09-13,1996-11-09,85.466177,False,91.403624,False
BYU,1997,1997-08-23,1.149396,1.146243,1.139977,1.139977,False,59.612884,0.665227,102,48.506591,42.201792,1980-09-13,1996-11-09,124.090754,False,127.208389,False
Utah,1997,1997-08-23,1.17758,1.163331,1.139977,1.139977,False,49.173307,0.621084,84,31.01879,26.341138,1980-09-20,1996-11-23,80.907301,False,88.193374,False
Utah State,1997,1997-08-23,1.244297,1.194966,1.139977,1.139977,False,33.440668,0.527117,54,15.417747,12.390727,1980-10-04,1996-11-09,65.200994,False,81.230924,False
Boise State,1997,1997-08-23,0.0,1.012586,1.139977,1.139977,False,3.774223,0.111749,4,0.0,1.734069,1996-08-31,1996-11-23,4.622481,False,-400.0,True
Colorado,1997,1997-08-23,1.112511,1.121853,1.139977,1.139977,False,58.198626,0.659859,102,40.783017,36.658543,1980-09-27,1996-11-16,91.156677,False,83.811585,False
Colorado State,1997,1997-08-23,1.118633,1.127002,1.139977,1.139977,False,46.513256,0.607911,81,25.346748,22.658675,1980-09-06,1996-11-16,62.463513,False,58.335625,False
Wyoming,1997,1997-08-23,1.317232,1.25246,1.139977,1.139977,False,52.097718,0.634582,88,37.394936,28.38902,1980-09-13,1996-11-02,122.99874,False,157.551707,False
Air Force,1997,1997-08-23,1.10981,1.120688,1.139977,1.139977,False,53.199655,0.639422,93,34.127462,30.750727,1980-09-20,1996-11-02,65.7656,False,59.685493,False
New Mexico,1997,1997-08-23,1.126989,1.131835,1.139977,1.139977,False,50.41129,0.626918,87,21.602338,19.168182,1980-09-06,1996-11-23,47.246919,False,45.536055,False
New Mexico State,1997,1997-08-23,0.705251,0.917747,1.139977,1.139977,False,31.374036,0.511194,51,6.737346,9.553125,1980-09-13,1996-11-16,-24.294801,False,-93.079287,False
UTEP,1997,1997-08-23,0.910402,0.99925,1.139977,1.139977,False,47.517223,0.612989,83,12.770184,14.026974,1980-09-20,1996-11-16,-0.244418,False,-29.936375,False
Kansas,1997,1997-08-23,1.029259,1.068775,1.139977,1.139977,False,54.054457,0.643089,96,24.959127,24.249614,1980-09-13,1996-11-16,30.111485,False,12.814882,False
Kansas State,1997,1997-08-23,1.273643,1.221496,1.139977,1.139977,False,46.897184,0.609869,79,28.588918,22.446575,1980-09-27,1996-11-23,116.638912,False,144.95006,False
Nebraska,1997,1997-08-23,1.153778,1.149333,1.139977,1.139977,False,63.140796,0.677907,111,58.731165,50.903364,1980-09-13,1996-11-29,227.677783,False,238.12335,False
Iowa State,1997,1997-08-23,1.162675,1.154438,1.139977,1.139977,False,52.6678,0.637102,92,20.443952,17.583554,1980-09-13,1996-11-16,52.065395,False,54.78056,False
Oklahoma State,1997,1997-08-23,1.081446,1.103982,1.139977,1.139977,False,47.917661,0.614978,84,23.924934,22.1231,1980-10-04,1996-11-23,47.816212,False,37.47051,False
Tulsa,1997,1997-08-23,1.210584,1.178615,1.139977,1.139977,False,36.258324,0.547227,59,19.817895,16.370521,1980-09-13,1996-11-09,70.543576,False,83.248002,False
Texas,1997,1997-08-23,1.263857,1.221104,1.139977,1.139977,False,56.927342,0.654884,100,42.283412,33.455841,1980-09-01,1996-11-29,123.794785,False,150.598382,False
Texas A&M,1997,1997-08-23,1.150524,1.146815,1.139977,1.139977,False,55.317195,0.648371,95,44.36974,38.564813,1980-09-20,1996-11-16,124.003219,False,127.557625,False
Baylor,1997,1997-08-23,1.057731,1.08894,1.139977,1.139977,False,49.061845,0.62055,84,29.953845,28.318951,1980-10-04,1996-11-16,46.132555,False,29.717695,False
TCU,1997,1997-08-23,1.114854,1.124035,1.139977,1.139977,False,52.092217,0.634557,91,25.023856,22.445863,1980-09-13,1996-11-16,49.976014,False,46.314953,False
Texas Tech,1997,1997-08-23,1.221972,1.192552,1.139977,1.139977,False,53.610231,0.641192,93,32.834254,26.869885,1980-09-06,1996-11-16,87.184936,False,100.789806,False
Houston,1997,1997-08-23,1.120147,1.127693,1.139977,1.139977,False,48.836659,0.619466,86,24.547273,21.914334,1980-09-20,1996-11-16,58.214512,False,54.792548,False
Rice,1997,1997-08-23,1.04031,1.077827,1.139977,1.139977,False,49.697854,0.623578,86,18.524086,17.806307,1980-09-27,1996-11-23,28.841241,False,15.032262,False
SMU,1997,1997-08-23,0.967063,1.037752,1.139977,1.139977,False,43.383949,0.591191,74,17.654171,18.25545,1980-09-13,1996-11-21,16.716854,False,-14.748716,False
North Texas,1997,1997-08-23,1.399292,1.195041,1.139977,1.139977,False,8.087709,0.212344,12,3.721823,2.659791,1980-10-04,1996-11-16,51.912604,False,103.238397,False
Louisiana Tech,1997,1997-08-23,1.257613,1.190477,1.139977,1.139977,False,22.566039,0.429289,32,14.791112,11.761262,1981-09-19,1996-10-26,86.17617,False,117.981855,False
Tulane,1997,1997-08-23,0.970734,1.031087,1.139977,1.139977,False,54.126892,0.643396,96,18.561811,19.121411,1980-09-06,1996-11-09,10.157862,False,-9.674082,False
Louisiana,1997,1997-08-23,1.319678,1.229415,1.139977,1.139977,False,29.725517,0.497702,47,19.795435,15.000201,1980-09-06,1996-11-09,100.153266,False,141.739909,False
Memphis,1997,1997-08-23,1.114088,1.123906,1.139977,1.139977,False,49.104292,0.620754,83,24.18572,21.708983,1980-09-06,1996-11-23,48.16525,False,44.360108,False
Oklahoma,1997,1997-08-23,1.072621,1.095515,1.139977,1.139977,False,58.261766,0.660102,101,41.369064,38.568209,1980-09-13,1996-11-23,77.245186,False,57.881252,False
Arkansas,1997,1997-08-23,1.144118,1.142773,1.139977,1.139977,False,62.359223,0.675181,109,40.899218,35.747368,1980-09-20,1996-11-29,80.478491,False,81.268307,False
Missouri,1997,1997-08-23,1.125785,1.130675,1.139977,1.139977,False,57.058254,0.655403,101,25.45066,22.60704,1980-09-13,1996-11-23,49.734465,False,47.884556,False
Cincinnati,1997,1997-08-23,1.239565,1.195855,1.139977,1.139977,False,38.351175,0.56109,61,18.212121,14.692343,1980-11-08,1996-11-23,66.891977,False,81.5042,False
Louisville,1997,1997-08-23,1.119647,1.127791,1.139977,1.139977,False,44.892914,0.599428,74,24.950252,22.284027,1980-09-06,1996-11-02,60.075929,False,56.208828,False
Arkansas State,1997,1997-08-23,1.01166,1.099533,1.139977,1.139977,False,13.80784,0.315191,20,4.832585,4.776888,1980-09-20,1996-11-09,29.656754,False,3.532882,False
ULM,1997,1997-08-23,0.476519,1.093752,1.139977,1.139977,False,2.246717,0.069673,5,0.644734,1.353007,1980-11-22,1996-09-07,47.246266,False,-263.71352,False
Southern Miss,1997,1997-08-23,1.321824,1.240656,1.139977,1.139977,False,37.211546,0.553648,65,29.163282,22.062912,1980-09-20,1996-11-02,136.753526,False,191.376252,False
Michigan,1997,1997-08-23,1.073203,1.094935,1.139977,1.139977,False,62.179872,0.674549,108,48.500467,45.192246,1980-09-13,1996-11-16,80.642775,False,60.842063,False
Michigan State,1997,1997-08-23,1.093889,1.109615,1.139977,1.139977,False,57.919079,0.658777,100,33.332123,30.471205,1980-09-27,1996-11-09,54.617176,False,46.700693,False
Ohio State,1997,1997-08-23,1.159615,1.153337,1.139977,1.139977,False,63.84123,0.680311,111,51.517552,44.426423,1980-09-13,1996-11-23,122.694901,False,128.484885,False
Indiana,1997,1997-08-23,1.122759,1.128665,1.139977,1.139977,False,57.46206,0.656994,99,31.346071,27.918796,1980-09-13,1996-11-16,58.31318,False,55.609778,False
Purdue,1997,1997-08-23,1.23145,1.199574,1.139977,1.139977,False,56.090987,0.651531,98,24.84281,20.173629,1980-09-20,1996-11-23,68.15761,False,78.802317,False
Illinois,1997,1997-08-23,1.148826,1.145836,1.139977,1.139977,False,58.784895,0.662105,100,34.953165,30.425117,1980-09-06,1996-11-23,69.160402,False,70.602075,False
Northwestern,1997,1997-08-23,1.205515,1.181656,1.139977,1.139977,False,52.406915,0.635953,91,18.680958,15.496249,1980-10-04,1996-11-16,57.374291,False,64.566319,False
Wisconsin,1997,1997-08-23,1.203167,1.181877,1.139977,1.139977,False,59.04417,0.663089,105,31.818028,26.445235,1980-09-13,1996-11-09,76.614112,False,85.619074,False
Minnesota,1997,1997-08-23,1.200616,1.17916,1.139977,1.139977,False,54.786769,0.646171,96,24.132551,20.100135,1980-09-13,1996-11-23,60.53678,False,67.634598,False
Iowa,1997,1997-08-23,1.124361,1.129794,1.139977,1.139977,False,56.22628,0.652078,97,37.765883,33.588742,1980-09-27,1996-11-16,74.240796,False,71.011172,False
Notre Dame,1997,1997-08-23,1.065659,1.089907,1.139977,1.139977,False,61.948031,0.673729,107,47.790385,44.845848,1980-09-06,1996-11-23,77.557565,False,55.480725,False
Toledo,1997,1997-08-23,1.213377,1.184814,1.139977,1.139977,False,47.093512,0.610862,82,35.043852,28.881262,1980-09-27,1996-11-09,110.002928,False,128.720323,False
Ball State,1997,1997-08-23,1.208394,1.180186,1.139977,1.139977,False,42.764464,0.587711,74,27.957452,23.136042,1980-09-20,1996-11-16,84.78067,False,98.578872,False
Western Michigan,1997,1997-08-23,1.159712,1.152158,1.139977,1.139977,False,48.375877,0.617229,86,31.795207,27.416458,1980-09-06,1996-11-16,76.704701,False,80.678862,False
Bowling Green,1997,1997-08-23,1.154499,1.148592,1.139977,1.139977,False,43.750069,0.593221,75,32.511103,28.160362,1980-09-13,1996-11-09,97.886211,False,102.11859,False
Central Michigan,1997,1997-08-23,1.153478,1.148298,1.139977,1.139977,False,48.182686,0.616283,83,34.757282,30.132586,1980-09-06,1996-10-26,87.588323,False,90.878887,False
Eastern Michigan,1997,1997-08-23,1.008196,1.061372,1.139977,1.139977,False,44.346131,0.596482,75,19.783441,19.622614,1980-10-18,1996-11-09,24.91533,False,3.340268,False
Northern Illinois,1997,1997-08-23,1.175173,1.158809,1.139977,1.139977,False,34.522604,0.535047,61,17.515448,14.90457,1980-09-13,1996-11-02,58.12277,False,64.088079,False
Penn State,1997,1997-08-23,1.103051,1.115123,1.139977,1.139977,False,61.767534,0.673087,106,50.153318,45.467813,1980-09-27,1996-11-23,104.130616,False,91.926681,False
Pittsburgh,1997,1997-08-23,1.082163,1.101402,1.139977,1.139977,False,60.148622,0.667216,104,31.56919,29.172316,1980-09-13,1996-11-30,46.77632,False,37.881157,False
West Virginia,1997,1997-08-23,1.092835,1.109113,1.139977,1.139977,False,56.882027,0.654704,98,39.848858,36.463749,1980-09-06,1996-11-02,70.299939,False,59.315343,False
Maryland,1997,1997-08-23,1.12344,1.12969,1.139977,1.139977,False,49.381181,0.622077,86,26.565698,23.646744,1980-09-13,1996-11-14,56.21316,False,53.485573,False
Virginia,1997,1997-08-23,1.162568,1.154064,1.139977,1.139977,False,49.692142,0.623551,85,33.762221,29.041061,1980-09-13,1996-11-16,90.746083,False,96.011698,False
Virginia Tech,1997,1997-08-23,1.178427,1.164109,1.139977,1.139977,False,50.566864,0.627638,83,35.618433,30.225414,1980-10-18,1996-11-29,102.965839,False,112.599275,False
NC State,1997,1997-08-23,1.118373,1.126418,1.139977,1.139977,False,50.567151,0.62764,88,29.253726,26.157389,1980-09-27,1996-11-23,60.843783,False,56.905777,False
Wake Forest,1997,1997-08-23,0.806523,0.94746,1.139977,1.139977,False,40.979375,0.577342,70,10.456641,12.965085,1980-09-06,1996-11-16,-16.78488,False,-64.205204,False
Duke,1997,1997-08-23,1.131628,1.134794,1.139977,1.139977,False,49.11843,0.620822,85,23.136951,20.445715,1980-09-06,1996-11-23,49.024768,False,47.878707,False
North Carolina,1997,1997-08-23,1.120564,1.127457,1.139977,1.139977,False,54.496364,0.644955,95,36.635508,32.693805,1980-09-27,1996-11-09,82.929382,False,78.254241,False
Marshall,1997,1997-08-23,0.687494,1.126343,1.139977,1.139977,False,0.93204,0.030132,3,0.30903,0.449502,1980-09-13,1980-11-15,43.264658,False,-111.51803,False
East Carolina,1997,1997-08-23,1.182307,1.163938,1.139977,1.139977,False,39.131817,0.566046,63,22.935585,19.399017,1980-09-13,1996-11-30,79.020697,False,87.989963,False
Rutgers,1997,1997-08-23,1.170916,1.158798,1.139977,1.139977,False,46.592487,0.608317,78,22.845979,19.511205,1980-09-20,1996-11-09,60.371111,False,64.940539,False
Syracuse,1997,1997-08-23,1.066828,1.092287,1.139977,1.139977,False,56.195629,0.651955,98,38.792985,36.362909,1980-09-20,1996-11-30,63.232806,False,45.211992,False
Boston College,1997,1997-08-23,1.080169,1.102078,1.139977,1.139977,False,51.896449,0.633684,88,27.852308,25.785145,1980-09-20,1996-11-16,49.023357,False,38.464836,False
Temple,1997,1997-08-23,0.790926,0.942978,1.139977,1.139977,False,38.867872,0.564383,66,9.421479,11.911965,1980-09-13,1996-11-23,-19.166348,False,-73.345127,False
Army,1997,1997-08-23,1.328625,1.250796,1.139977,1.139977,False,42.71602,0.587436,71,24.318518,18.303526,1980-09-20,1996-12-07,95.353406,False,125.619673,False
Navy,1997,1997-08-23,1.136733,1.138275,1.139977,1.139977,False,33.119143,0.524708,57,12.918741,11.364801,1980-09-20,1996-11-16,46.318505,False,45.813089,False
Akron,1997,1997-08-23,1.363793,1.242106,1.139977,1.139977,False,25.17835,0.456308,34,13.9679,10.24195,1987-09-12,1996-11-02,92.065853,False,138.538612,False
Kent State,1997,1997-08-23,1.044371,1.082486,1.139977,1.139977,False,45.250512,0.601332,79,13.877487,13.287892,1980-10-04,1996-11-02,24.031217,False,13.045627,False
Ohio,1997,1997-08-23,1.092998,1.112737,1.139977,1.139977,False,41.400982,0.579838,74,13.909125,12.725659,1980-09-20,1996-11-23,32.736861,False,27.119141,False
Miami (OH),1997,1997-08-23,1.15168,1.147056,1.139977,1.139977,False,45.924378,0.60487,80,28.978604,25.162026,1980-09-13,1996-11-09,74.866892,False,77.284873,False
Alabama,1997,1997-08-23,1.075235,1.096752,1.139977,1.139977,False,60.266377,0.66765,105,49.309792,45.859558,1980-09-06,1996-11-23,96.312122,False,72.70797,False
Auburn,1997,1997-08-23,1.197515,1.178417,1.139977,1.139977,False,60.381206,0.668073,107,50.212993,41.93099,1980-09-20,1996-11-16,148.540226,False,167.812596,False
Georgia,1997,1997-08-23,1.153657,1.1491,1.139977,1.139977,False,60.055197,0.666871,108,43.556443,37.755115,1980-09-13,1996-11-30,95.483923,False,98.648494,False
Georgia Tech,1997,1997-08-23,1.142965,1.141854,1.139977,1.139977,False,50.719069,0.628341,88,25.804973,22.57723,1980-09-20,1996-11-23,59.958113,False,60.427373,False
Florida,1997,1997-08-23,1.227193,1.198371,1.139977,1.139977,False,60.782344,0.669539,103,53.445232,43.550812,1980-09-13,1996-11-16,190.334654,False,227.876158,False
Florida State,1997,1997-08-23,1.113332,1.122552,1.139977,1.139977,False,56.690578,0.653942,95,51.224522,46.01012,1980-09-13,1996-11-30,179.691821,False,161.805709,False
Miami (FL),1997,1997-08-23,1.155572,1.149963,1.139977,1.139977,False,53.405602,0.640312,94,47.415215,41.031803,1980-09-27,1996-11-23,181.083549,False,189.945076,False
South Carolina,1997,1997-08-23,1.176697,1.16376,1.139977,1.139977,False,55.153439,0.647695,95,30.649658,26.047206,1980-10-04,1996-11-02,70.791314,False,76.438445,False
Clemson,1997,1997-08-23,1.140268,1.14016,1.139977,1.139977,False,50.536662,0.627499,88,38.439816,33.711215,1980-09-13,1996-11-23,101.267566,False,101.353947,False
Tennessee,1997,1997-08-23,1.111478,1.120432,1.139977,1.139977,False,65.486413,0.685819,113,51.613508,46.43681,1980-09-06,1996-11-23,101.396406,False,93.105332,False
Vanderbilt,1997,1997-08-23,1.101494,1.115105,1.139977,1.139977,False,54.81686,0.646297,94,19.346039,17.563457,1980-09-20,1996-11-30,36.369877,False,32.143313,False
Kentucky,1997,1997-08-23,1.356497,1.284143,1.139977,1.139977,False,59.775076,0.665832,104,31.591571,23.289084,1980-09-06,1996-11-16,99.579225,False,124.456249,False
LSU,1997,1997-08-23,1.118455,1.125506,1.139977,1.139977,False,61.57609,0.672404,107,37.422032,33.458672,1980-09-06,1996-11-23,68.799797,False,64.866369,False
Mississippi State,1997,1997-08-23,1.166256,1.156417,1.139977,1.139977,False,50.125807,0.625589,86,26.685939,22.881712,1980-09-13,1996-11-23,64.908293,False,69.005049,False
Ole Miss,1997,1997-08-23,1.153951,1.148811,1.139977,1.139977,False,51.561377,0.632179,92,29.545614,25.603866,1980-09-06,1996-11-30,67.232383,False,69.584434,False
UCF,1997,1997-08-23,0.73071,1.115704,1.139977,1.139977,False,1.891476,0.05931,2,0.948251,1.297711,1996-10-19,1996-11-16,69.981058,False,-135.644919,False
UAB,1997,1997-08-23,0.959959,1.119854,1.139977,1.139977,False,3.775448,0.111781,4,1.880206,1.958632,1996-09-14,1996-11-16,49.090701,False,-16.164859,False
Idaho,1997,1997-08-23,1.593921,1.166884,1.139977,1.139977,False,1.890217,0.059273,2,1.890217,1.185891,1996-10-19,1996-11-09,110.796348,False,400.0,True
Washington,1998,1998-08-29,1.146438,1.144871,1.141772,1.141772,False,59.326529,0.664154,107,48.278229,42.11149,1980-09-13,1997-11-22,119.716044,False,121.208538,False
Washington State,1998,1998-08-29,1.184487,1.168259,1.141772,1.141772,False,48.965563,0.620088,87,29.076085,24.54741,1980-09-13,1997-11-15,76.578906,False,84.110106,False
Oregon,1998,1998-08-29,1.146814,1.144965,1.141772,1.141772,False,51.802009,0.633261,90,30.8735,26.921101,1980-09-06,1997-11-22,66.819649,False,67.686428,False
Oregon State,1998,1998-08-29,1.220705,1.190909,1.141772,1.141772,False,49.474441,0.62252,87,14.023257,11.487838,1980-10-11,1997-11-15,50.030551,False,57.397528,False
California,1998,1998-08-29,1.266623,1.222638,1.141772,1.141772,False,55.155433,0.647703,98,29.828873,23.54992,1980-09-27,1997-11-08,85.180383,False,102.013525,False
Stanford,1998,1998-08-29,1.120395,1.127722,1.141772,1.141772,False,57.526368,0.657246,103,31.265616,27.905884,1980-09-13,1997-11-22,56.913946,False,53.637086,False
USC,1998,1998-08-29,1.114772,1.124026,1.141772,1.141772,False,57.532139,0.657269,103,39.341059,35.290677,1980-09-20,1997-11-22,73.181159,False,67.477416,False
UCLA,1998,1998-08-29,1.111087,1.121785,1.141772,1.141772,False,56.047476,0.651355,99,37.665297,33.899512,1980-09-13,1997-11-15,69.791876,False,63.426086,False
San Jose State,1998,1998-08-29,1.066187,1.103313,1.141772,1.141772,False,31.078019,0.508825,51,16.489619,15.465973,1980-10-11,1997-11-15,49.294258,False,31.500308,False
Fresno State,1998,1998-08-29,1.216337,1.185532,1.141772,1.141772,False,42.615621,0.586866,67,30.194184,24.823867,1980-09-20,1997-11-22,102.487894,False,120.868165,False
San Diego State,1998,1998-08-29,1.193028,1.174505,1.141772,1.141772,False,53.014666,0.638618,93,32.227694,27.013351,1980-09-27,1997-11-22,77.247565,False,85.68096,False
Hawai'i,1998,1998-08-29,1.149486,1.147091,1.141772,1.141772,False,66.639443,0.689568,117,34.136751,29.697417,1980-10-04,1997-11-29,61.470664,False,62.467951,False
Nevada,1998,1998-08-29,1.14717,1.14397,1.141772,1.141772,False,20.604615,0.407169,25,16.254314,14.169056,1992-10-24,1997-11-15,103.590839,False,106.191322,False
UNLV,1998,1998-08-29,1.191033,1.169868,1.141772,1.141772,False,39.822882,0.570341,69,17.519731,14.709696,1980-09-13,1997-11-22,58.108094,False,65.219257,False
Arizona,1998,1998-08-29,1.18365,1.169667,1.141772,1.141772,False,59.849277,0.666107,109,41.348445,34.933002,1980-09-20,1997-11-15,97.185644,False,105.698447,False
Arizona State,1998,1998-08-29,1.130849,1.134398,1.141772,1.141772,False,62.344578,0.67513,113,41.349902,36.565347,1980-09-13,1997-11-28,75.194332,False,73.129491,False
BYU,1998,1998-08-29,1.118843,1.126384,1.141772,1.141772,False,61.213101,0.6711,108,48.979119,43.776585,1980-09-13,1997-11-22,107.8681,False,100.619633,False
Utah,1998,1998-08-29,1.172046,1.160768,1.141772,1.141772,False,50.531455,0.627475,89,31.737188,27.078445,1980-09-20,1997-11-15,79.644878,False,85.399433,False
Utah State,1998,1998-08-29,1.171111,1.157555,1.141772,1.141772,False,34.926388,0.537938,58,16.256031,13.880859,1980-10-04,1997-11-01,56.988084,False,61.8025,False
Boise State,1998,1998-08-29,0.369304,1.006876,1.141772,1.141772,False,6.347316,0.17463,7,0.940723,2.547285,1996-08-31,1997-11-08,2.372964,False,-268.997469,False
Colorado,1998,1998-08-29,1.082215,1.102091,1.141772,1.141772,False,59.889995,0.666259,108,40.825095,37.723658,1980-09-27,1997-11-28,74.90177,False,59.76572,False
Colorado State,1998,1998-08-29,1.117305,1.12671,1.141772,1.141772,False,48.04992,0.615631,86,27.385427,24.510249,1980-09-06,1997-11-08,65.847265,False,60.918421,False
Wyoming,1998,1998-08-29,1.288702,1.235761,1.141772,1.141772,False,53.259539,0.639681,93,38.614347,29.963747,1980-09-13,1997-11-08,121.329396,False,151.25998,False
Air Force,1998,1998-08-29,1.1052,1.118074,1.141772,1.141772,False,55.224816,0.64799,99,36.507265,33.032263,1980-09-20,1997-11-15,68.249691,False,60.574726,False
New Mexico,1998,1998-08-29,1.152481,1.148549,1.141772,1.141772,False,51.695283,0.632782,92,23.902923,20.740402,1980-09-06,1997-11-22,55.727964,False,57.185255,False
New Mexico State,1998,1998-08-29,0.733565,0.927883,1.141772,1.141772,False,33.021516,0.523972,55,7.222536,9.845799,1980-09-13,1997-11-15,-20.885921,False,-82.043744,False
UTEP,1998,1998-08-29,0.984422,1.04418,1.141772,1.141772,False,48.994192,0.620225,88,14.731706,14.96483,1980-09-20,1997-11-15,14.529482,False,-5.196993,False
Kansas,1998,1998-08-29,1.092063,1.109401,1.141772,1.141772,False,56.009898,0.651203,102,27.949376,25.593194,1980-09-13,1997-11-01,48.629966,False,40.888362,False
Kansas State,1998,1998-08-29,1.277793,1.226372,1.141772,1.141772,False,49.358284,0.621968,85,32.294698,25.273818,1980-09-27,1997-11-15,130.097291,False,161.520287,False
Nebraska,1998,1998-08-29,1.146876,1.145256,1.141772,1.141772,False,64.490105,0.682506,117,60.38026,52.647594,1980-09-13,1997-11-15,240.060855,False,244.300641,False
Iowa State,1998,1998-08-29,1.159213,1.152969,1.141772,1.141772,False,53.794648,0.641982,97,19.997303,17.250756,1980-09-13,1997-11-22,50.634505,False,52.652767,False
Oklahoma State,1998,1998-08-29,1.092581,1.110958,1.141772,1.141772,False,50.304376,0.626421,90,26.052567,23.844979,1980-10-04,1997-11-15,51.339499,False,42.827403,False
Tulsa,1998,1998-08-29,1.165885,1.155325,1.141772,1.141772,False,38.501966,0.562056,64,19.415063,16.652637,1980-09-13,1997-11-15,59.053411,False,63.048352,False
Texas,1998,1998-08-29,1.227372,1.198422,1.141772,1.141772,False,58.704067,0.661797,106,42.231001,34.407671,1980-09-01,1997-11-15,109.922552,False,127.388801,False
Texas A&M,1998,1998-08-29,1.16028,1.153844,1.141772,1.141772,False,56.273727,0.65227,100,46.07053,39.706403,1980-09-20,1997-11-28,135.184515,False,141.761843,False
Baylor,1998,1998-08-29,1.064678,1.093433,1.141772,1.141772,False,50.432577,0.627017,89,28.861924,27.108586,1980-10-04,1997-11-22,46.488136,False,32.029611,False
TCU,1998,1998-08-29,1.101496,1.116008,1.141772,1.141772,False,53.260303,0.639684,96,24.270511,22.034133,1980-09-13,1997-11-20,45.830621,False,40.161256,False
Texas Tech,1998,1998-08-29,1.162628,1.15532,1.141772,1.141772,False,55.614958,0.649594,99,33.421716,28.746699,1980-09-06,1997-11-22,73.613365,False,77.129361,False
Houston,1998,1998-08-29,1.072178,1.098203,1.141772,1.141772,False,50.22271,0.626041,91,23.82041,22.216849,1980-09-20,1997-11-22,42.957913,False,31.637515,False
Rice,1998,1998-08-29,1.035986,1.075153,1.141772,1.141772,False,51.026596,0.629751,91,20.099441,19.401273,1980-09-27,1997-11-22,29.251144,False,14.086599,False
SMU,1998,1998-08-29,1.065764,1.095736,1.141772,1.141772,False,46.078893,0.605672,80,20.223136,18.97524,1980-09-13,1997-11-08,40.605577,False,28.01094,False
North Texas,1998,1998-08-29,1.364355,1.198933,1.141772,1.141772,False,10.366319,0.256806,15,4.417047,3.237461,1980-10-04,1997-11-22,53.599955,False,95.663188,False
Louisiana Tech,1998,1998-08-29,1.323953,1.225865,1.141772,1.141772,False,25.719315,0.461587,37,18.472964,13.95288,1981-09-19,1997-10-18,107.872197,False,159.477143,False
Tulane,1998,1998-08-29,1.037198,1.073639,1.141772,1.141772,False,56.091504,0.651534,102,21.06157,20.306214,1980-09-06,1997-11-15,24.000182,False,12.19386,False
Louisiana,1998,1998-08-29,1.187809,1.16568,1.141772,1.141772,False,32.412057,0.519324,52,18.449651,15.532504,1980-09-06,1997-11-15,69.024448,False,78.364171,False
Memphis,1998,1998-08-29,1.142926,1.142501,1.141772,1.141772,False,51.417877,0.631531,89,26.308153,23.018238,1980-09-06,1997-11-22,55.876641,False,56.043463,False
Oklahoma,1998,1998-08-29,1.09609,1.111325,1.141772,1.141772,False,59.95151,0.666487,107,41.3713,37.744451,1980-09-13,1997-11-15,83.84084,False,71.838987,False
Arkansas,1998,1998-08-29,1.1685,1.159949,1.141772,1.141772,False,63.772919,0.680078,115,40.939674,35.0361,1980-09-20,1997-11-22,87.55505,False,92.430208,False
Missouri,1998,1998-08-29,1.14616,1.144678,1.141772,1.141772,False,58.826067,0.662261,107,27.483341,23.978623,1980-09-13,1997-11-15,57.72472,False,58.313047,False
Cincinnati,1998,1998-08-29,1.246988,1.20277,1.141772,1.141772,False,41.384178,0.579739,67,21.66979,17.377711,1980-11-08,1997-11-08,77.226066,False,93.891154,False
Louisville,1998,1998-08-29,1.069167,1.097281,1.141772,1.141772,False,47.476528,0.612786,80,24.189757,22.624854,1980-09-06,1997-11-01,43.255411,False,30.740978,False
Arkansas State,1998,1998-08-29,0.844353,1.04371,1.141772,1.141772,False,14.756844,0.329711,22,4.504044,5.334312,1980-09-20,1997-11-22,13.675142,False,-50.882466,False
ULM,1998,1998-08-29,0.875539,1.110551,1.141772,1.141772,False,3.985445,0.117269,7,1.545381,1.765063,1980-11-22,1997-11-15,41.149922,False,-48.010471,False
Southern Miss,1998,1998-08-29,1.316512,1.239926,1.141772,1.141772,False,38.448407,0.561714,69,30.947301,23.507048,1980-09-20,1997-11-15,145.62273,False,202.37694,False
Michigan,1998,1998-08-29,1.103145,1.115403,1.141772,1.141772,False,64.538969,0.682671,115,51.789553,46.947173,1980-09-13,1997-11-22,101.198296,False,89.229368,False
Michigan State,1998,1998-08-29,1.116731,1.125113,1.141772,1.141772,False,59.628396,0.665285,106,34.82527,31.185018,1980-09-27,1997-11-29,62.82531,False,58.56146,False
Ohio State,1998,1998-08-29,1.156129,1.151646,1.141772,1.141772,False,66.078293,0.687755,118,54.592435,47.220017,1980-09-13,1997-11-15,132.62869,False,137.244122,False
Indiana,1998,1998-08-29,1.111484,1.12167,1.141772,1.141772,False,59.20117,0.663682,105,31.095238,27.976327,1980-09-13,1997-11-22,53.667677,False,49.148753,False
Purdue,1998,1998-08-29,1.327892,1.264387,1.141772,1.141772,False,57.923309,0.658794,104,27.852535,20.975004,1980-09-20,1997-11-15,88.672555,False,109.493199,False
Illinois,1998,1998-08-29,1.120194,1.127352,1.141772,1.141772,False,60.436589,0.668276,106,32.576889,29.081479,1980-09-06,1997-11-22,57.992375,False,54.720537,False
Northwestern,1998,1998-08-29,1.210574,1.186411,1.141772,1.141772,False,55.421704,0.648801,98,21.167658,17.485639,1980-10-04,1997-11-15,62.734165,False,70.498693,False
Wisconsin,1998,1998-08-29,1.225881,1.198053,1.141772,1.141772,False,60.673228,0.669142,111,34.351052,28.021525,1980-09-13,1997-11-15,87.715352,False,100.168287,False
Minnesota,1998,1998-08-29,1.187359,1.171587,1.141772,1.141772,False,56.712751,0.65403,102,24.374639,20.528448,1980-09-13,1997-11-15,57.446237,False,62.618728,False
Iowa,1998,1998-08-29,1.134544,1.137033,1.141772,1.141772,False,57.113679,0.655622,102,39.908304,35.175639,1980-09-27,1997-11-22,83.907668,False,82.302722,False
Notre Dame,1998,1998-08-29,1.067112,1.091097,1.141772,1.141772,False,63.385924,0.678752,113,48.311826,45.27342,1980-09-06,1997-11-22,74.43137,False,53.808605,False
Toledo,1998,1998-08-29,1.251473,1.210094,1.141772,1.141772,False,49.533782,0.622802,88,38.303313,30.606593,1980-09-27,1997-11-15,128.164778,False,156.968087,False
Ball State,1998,1998-08-29,1.249738,1.205747,1.141772,1.141772,False,43.627553,0.592544,78,28.888963,23.116006,1980-09-20,1997-11-08,94.935418,False,116.216575,False
Western Michigan,1998,1998-08-29,1.179078,1.16505,1.141772,1.141772,False,49.784126,0.623985,91,33.393704,28.321885,1980-09-06,1997-11-08,84.293084,False,91.828954,False
Bowling Green,1998,1998-08-29,1.157007,1.150875,1.141772,1.141772,False,44.533656,0.597497,79,32.174818,27.808673,1980-09-13,1997-10-25,96.949622,False,101.194322,False
Central Michigan,1998,1998-08-29,1.128558,1.133538,1.141772,1.141772,False,49.599072,0.623111,88,34.26296,30.35994,1980-09-06,1997-11-01,78.595608,False,75.495416,False
Eastern Michigan,1998,1998-08-29,0.990249,1.050033,1.141772,1.141772,False,46.034907,0.605444,80,20.321168,20.521265,1980-10-18,1997-11-01,20.112923,False,-3.937694,False
Northern Illinois,1998,1998-08-29,1.119845,1.129544,1.141772,1.141772,False,37.819993,0.557653,67,16.324668,14.577616,1980-09-13,1997-11-08,45.471489,False,42.10582,False
Penn State,1998,1998-08-29,1.099123,1.112849,1.141772,1.141772,False,63.215207,0.678164,112,51.444844,46.805359,1980-09-27,1997-11-22,104.271515,False,90.133947,False
Pittsburgh,1998,1998-08-29,1.130463,1.134201,1.141772,1.141772,False,60.765288,0.669477,109,32.241102,28.520266,1980-09-13,1997-11-22,59.785963,False,58.117673,False
West Virginia,1998,1998-08-29,1.109332,1.120309,1.141772,1.141772,False,58.661697,0.661635,104,41.83719,37.713851,1980-09-06,1997-11-28,78.216382,False,70.665389,False
Maryland,1998,1998-08-29,1.082683,1.10439,1.141772,1.141772,False,51.663399,0.632638,92,25.699114,23.736506,1980-09-13,1997-11-01,43.58374,False,34.520714,False
Virginia,1998,1998-08-29,1.17056,1.160024,1.141772,1.141772,False,51.967901,0.634003,91,35.243603,30.108321,1980-09-13,1997-11-29,92.661226,False,99.082538,False
Virginia Tech,1998,1998-08-29,1.158882,1.152681,1.141772,1.141772,False,52.773471,0.637565,89,37.901828,32.705518,1980-10-18,1997-11-08,102.206105,False,106.678582,False
NC State,1998,1998-08-29,1.151155,1.147755,1.141772,1.141772,False,52.785033,0.637616,94,31.042882,26.966734,1980-09-27,1997-11-22,70.874189,False,72.539069,False
Wake Forest,1998,1998-08-29,0.937624,1.021648,1.141772,1.141772,False,42.889208,0.588416,75,12.56009,13.39565,1980-09-06,1997-11-01,6.659229,False,-19.568023,False
Duke,1998,1998-08-29,1.169046,1.158997,1.141772,1.141772,False,51.419776,0.631539,91,23.439203,20.049849,1980-09-06,1997-11-15,55.852553,False,59.346184,False
North Carolina,1998,1998-08-29,1.120214,1.127697,1.141772,1.141772,False,56.434618,0.652917,101,38.84229,34.673976,1980-09-27,1997-11-22,86.707102,False,81.381229,False
Marshall,1998,1998-08-29,1.191984,1.148505,1.141772,1.141772,False,4.64535,0.134083,7,4.064695,3.410025,1980-09-13,1997-11-15,128.795407,False,178.717178,False
East Carolina,1998,1998-08-29,1.173657,1.160218,1.141772,1.141772,False,41.174756,0.578502,68,24.201914,20.620934,1980-09-13,1997-11-13,76.732254,False,83.259236,False
Rutgers,1998,1998-08-29,1.123257,1.130367,1.141772,1.141772,False,48.124477,0.615997,83,21.292805,18.956311,1980-09-20,1997-11-08,47.966199,False,45.381922,False
Syracuse,1998,1998-08-29,1.072515,1.095873,1.141772,1.141772,False,58.949281,0.662729,105,41.796494,38.970542,1980-09-20,1997-11-08,68.515856,False,51.132775,False
Boston College,1998,1998-08-29,1.114262,1.124085,1.141772,1.141772,False,54.016431,0.642927,94,28.787247,25.835252,1980-09-20,1997-11-22,56.217734,False,51.763964,False
Temple,1998,1998-08-29,0.9329,1.021257,1.141772,1.141772,False,40.919112,0.576983,71,11.599411,12.433707,1980-09-13,1997-11-01,6.953687,False,-22.41765,False
Army,1998,1998-08-29,1.256959,1.21059,1.141772,1.141772,False,44.524449,0.597448,76,24.554199,19.534602,1980-09-20,1997-12-06,80.980483,False,99.107511,False
Navy,1998,1998-08-29,1.142265,1.142036,1.141772,1.141772,False,34.637997,0.535877,61,14.870188,13.018158,1980-09-20,1997-11-22,52.665018,False,52.748359,False
Akron,1998,1998-08-29,1.368429,1.24962,1.141772,1.141772,False,27.232025,0.475818,38,14.903507,10.890961,1987-09-12,1997-11-08,90.855346,False,134.088724,False
Kent State,1998,1998-08-29,1.111747,1.123464,1.141772,1.141772,False,46.877812,0.60977,84,14.821736,13.331928,1980-10-04,1997-11-01,35.165609,False,31.913178,False
Ohio,1998,1998-08-29,1.091499,1.112346,1.141772,1.141772,False,42.345188,0.585321,78,15.776619,14.454089,1980-09-20,1997-11-08,36.231806,False,29.624219,False
Miami (OH),1998,1998-08-29,1.149519,1.14652,1.141772,1.141772,False,47.50341,0.61292,85,30.766462,26.764644,1980-09-13,1997-11-15,77.654315,False,79.296437,False
Alabama,1998,1998-08-29,1.024995,1.062764,1.141772,1.141772,False,62.756833,0.676574,112,47.828967,46.662634,1980-09-06,1997-11-15,55.967592,False,21.487056,False
Auburn,1998,1998-08-29,1.172323,1.162353,1.141772,1.141772,False,61.925604,0.673649,113,50.562221,43.129931,1980-09-20,1997-11-22,133.806591,False,143.458294,False
Georgia,1998,1998-08-29,1.179973,1.167591,1.141772,1.141772,False,62.552512,0.67586,115,46.228427,39.177514,1980-09-13,1997-11-15,107.416119,False,116.183499,False
Georgia Tech,1998,1998-08-29,1.161664,1.154386,1.141772,1.141772,False,51.991786,0.63411,93,26.877833,23.13735,1980-09-20,1997-11-29,65.209186,False,68.281321,False
Florida,1998,1998-08-29,1.230347,1.201554,1.141772,1.141772,False,62.288271,0.674932,109,55.44997,45.068575,1980-09-13,1997-11-22,202.93417,False,243.507844,False
Florida State,1998,1998-08-29,1.110666,1.121325,1.141772,1.141772,False,57.545148,0.65732,100,52.450699,47.224559,1980-09-13,1997-11-15,191.095738,False,168.380367,False
Miami (FL),1998,1998-08-29,1.122377,1.129187,1.141772,1.141772,False,55.433016,0.648848,100,47.026408,41.898951,1980-09-27,1997-11-29,143.011971,False,134.160933,False
South Carolina,1998,1998-08-29,1.162271,1.155207,1.141772,1.141772,False,57.057015,0.655398,101,31.384397,27.002648,1980-10-04,1997-11-22,67.019423,False,70.093278,False
Clemson,1998,1998-08-29,1.111578,1.12265,1.141772,1.141772,False,51.810852,0.6333,93,37.71171,33.926293,1980-09-13,1997-11-15,86.138414,False,77.837424,False
Tennessee,1998,1998-08-29,1.122385,1.1284,1.141772,1.141772,False,66.687522,0.689722,119,53.757761,47.896026,1980-09-06,1997-11-29,112.545056,False,106.604281,False
Vanderbilt,1998,1998-08-29,1.096687,1.112283,1.141772,1.141772,False,56.724215,0.654076,100,19.901042,18.146512,1980-09-20,1997-11-15,35.302367,False,30.481082,False
Kentucky,1998,1998-08-29,1.364094,1.291088,1.141772,1.141772,False,61.35695,0.671618,110,32.258533,23.648319,1980-09-06,1997-11-22,102.704937,False,127.902599,False
LSU,1998,1998-08-29,1.077353,1.097917,1.141772,1.141772,False,63.978586,0.680778,114,38.640686,35.866311,1980-09-06,1997-11-28,56.64218,False,44.58967,False
Mississippi State,1998,1998-08-29,1.194507,1.175513,1.141772,1.141772,False,53.293197,0.639827,93,29.56163,24.74797,1980-09-13,1997-11-29,73.081784,False,81.060807,False
Ole Miss,1998,1998-08-29,1.173956,1.16242,1.141772,1.141772,False,53.698826,0.641572,98,31.28832,26.652042,1980-09-06,1997-11-22,71.634428,False,76.805353,False
UCF,1998,1998-08-29,1.46272,1.184402,1.141772,1.141772,False,4.595108,0.132825,5,3.716007,2.540477,1996-10-19,1997-11-22,79.507262,False,226.590565,False
UAB,1998,1998-08-29,0.882038,1.108126,1.141772,1.141772,False,4.464511,0.129539,5,1.752381,1.986741,1996-09-14,1997-11-08,40.535697,False,-44.786438,False
Idaho,1998,1998-08-29,1.008075,1.124022,1.141772,1.141772,False,4.592661,0.132764,5,2.701185,2.679549,1996-10-19,1997-11-22,60.392439,False,3.843427,False
Washington,1999,1999-08-28,1.135479,1.138203,1.143744,1.143744,False,61.016108,0.670388,113,48.818769,42.993992,1980-09-13,1998-11-14,112.599753,False,110.087376,False
Washington State,1999,1999-08-28,1.124639,1.131685,1.143744,1.143744,False,51.344226,0.631197,93,29.006859,25.792153,1980-09-13,1998-11-21,60.55347,False,57.289966,False
Oregon,1999,1999-08-28,1.192502,1.175086,1.143744,1.143744,False,53.990104,0.642815,96,34.458482,28.895953,1980-09-06,1998-11-14,83.770658,False,92.411992,False
Oregon State,1999,1999-08-28,1.282672,1.231735,1.143744,1.143744,False,51.822907,0.633355,93,15.905748,12.400475,1980-10-11,1998-11-21,61.069706,False,73.606092,False
California,1999,1999-08-28,1.256939,1.21796,1.143744,1.143744,False,57.120974,0.655651,104,29.710647,23.637307,1980-09-27,1998-11-21,82.606684,False,97.316459,False
Stanford,1999,1999-08-28,1.115908,1.125256,1.143744,1.143744,False,59.327395,0.664157,109,31.062745,27.836298,1980-09-13,1998-11-14,54.377339,False,50.318515,False
USC,1999,1999-08-28,1.147964,1.146561,1.143744,1.143744,False,60.272455,0.667673,110,42.354828,36.895612,1980-09-20,1998-11-28,85.590988,False,86.461477,False
UCLA,1999,1999-08-28,1.123837,1.1307,1.143744,1.143744,False,57.016464,0.655238,104,39.861216,35.468862,1980-09-13,1998-11-21,79.578556,False,75.17664,False
San Jose State,1999,1999-08-28,1.049964,1.094123,1.143744,1.143744,False,33.709854,0.529115,56,17.267958,16.446246,1980-10-11,1998-11-14,42.594782,False,22.583937,False
Fresno State,1999,1999-08-28,1.221749,1.190332,1.143744,1.143744,False,44.487381,0.597247,72,31.956794,26.156588,1980-09-20,1998-11-21,106.409594,False,125.535972,False
San Diego State,1999,1999-08-28,1.206674,1.184496,1.143744,1.143744,False,55.126288,0.647582,99,33.85439,28.055953,1980-09-27,1998-11-21,82.525655,False,92.749375,False
Hawai'i,1999,1999-08-28,1.098244,1.111931,1.143744,1.143744,False,69.732085,0.699194,125,31.858271,29.008363,1980-10-04,1998-11-28,45.285391,False,39.791785,False
Nevada,1999,1999-08-28,1.071617,1.112445,1.143744,1.143744,False,22.998536,0.433947,29,16.113888,15.03698,1992-10-24,1998-11-21,74.224522,False,46.203405,False
UNLV,1999,1999-08-28,1.124955,1.132797,1.143744,1.143744,False,41.874791,0.582607,74,16.350365,14.534241,1980-09-13,1998-11-21,43.958428,False,41.409634,False
Arizona,1999,1999-08-28,1.184088,1.170862,1.143744,1.143744,False,61.515071,0.672185,115,43.308366,36.575301,1980-09-20,1998-11-27,101.350685,False,109.743505,False
Arizona State,1999,1999-08-28,1.122266,1.129134,1.143744,1.143744,False,63.822375,0.680247,119,42.353785,37.739522,1980-09-13,1998-11-07,72.3034,False,68.308211,False
BYU,1999,1999-08-28,1.152105,1.149374,1.143744,1.143744,False,61.836933,0.673334,113,50.419516,43.762934,1980-09-13,1998-11-07,127.686353,False,130.420375,False
Utah,1999,1999-08-28,1.13086,1.135528,1.143744,1.143744,False,52.805603,0.637706,95,33.379295,29.516727,1980-09-20,1998-11-21,71.333595,False,68.807527,False
Utah State,1999,1999-08-28,1.077114,1.106814,1.143744,1.143744,False,37.303872,0.55426,63,16.118003,14.96406,1980-10-04,1998-11-14,38.093986,False,27.602272,False
Boise State,1999,1999-08-28,0.480132,0.981708,1.143744,1.143744,False,9.691596,0.244172,11,1.821159,3.793034,1996-08-31,1998-11-21,-6.159165,False,-202.870782,False
Colorado,1999,1999-08-28,1.109265,1.120451,1.143744,1.143744,False,62.467725,0.675562,115,43.734602,39.426665,1980-09-27,1998-11-14,88.150184,False,79.529099,False
Colorado State,1999,1999-08-28,1.096325,1.114421,1.143744,1.143744,False,48.610706,0.618373,90,28.379743,25.886252,1980-09-06,1998-11-07,63.459935,False,53.317343,False
Wyoming,1999,1999-08-28,1.300414,1.244734,1.143744,1.143744,False,54.413337,0.644606,98,39.798655,30.604604,1980-09-13,1998-11-14,124.628513,False,156.073067,False
Air Force,1999,1999-08-28,1.138873,1.140549,1.143744,1.143744,False,57.182846,0.655896,105,39.71461,34.871862,1980-09-20,1998-11-21,84.239982,False,83.181194,False
New Mexico,1999,1999-08-28,1.08234,1.104546,1.143744,1.143744,False,52.954751,0.638357,97,23.243244,21.474988,1980-09-06,1998-11-14,39.334581,False,31.044297,False
New Mexico State,1999,1999-08-28,0.829808,0.973541,1.143744,1.143744,False,35.524868,0.542159,60,8.61567,10.382732,1980-09-13,1998-11-07,-7.525657,False,-50.417663,False
UTEP,1999,1999-08-28,1.019322,1.065729,1.143744,1.143744,False,50.432697,0.627017,93,15.63488,15.338511,1980-09-20,1998-11-14,21.740832,False,6.462095,False
Kansas,1999,1999-08-28,1.108646,1.120751,1.143744,1.143744,False,56.978888,0.655089,107,27.972836,25.231535,1980-09-13,1998-11-07,53.099793,False,47.760263,False
Kansas State,1999,1999-08-28,1.256125,1.214862,1.143744,1.143744,False,51.706968,0.632834,91,35.782302,28.486257,1980-09-27,1998-11-14,141.42011,False,170.839141,False
Nebraska,1999,1999-08-28,1.127825,1.132712,1.143744,1.143744,False,67.710129,0.692969,125,62.930119,55.797784,1980-09-13,1998-11-27,223.552753,False,211.29877,False
Iowa State,1999,1999-08-28,1.156136,1.151805,1.143744,1.143744,False,55.848499,0.650547,103,20.547802,17.772827,1980-09-13,1998-11-21,49.387535,False,50.762889,False
Oklahoma State,1999,1999-08-28,1.127355,1.133375,1.143744,1.143744,False,51.666706,0.632653,95,28.08912,24.91596,1980-10-04,1998-11-21,63.37725,False,60.502468,False
Tulsa,1999,1999-08-28,1.194477,1.172933,1.143744,1.143744,False,40.645805,0.575346,69,20.00318,16.746385,1980-09-13,1998-11-21,63.555744,False,71.397109,False
Texas,1999,1999-08-28,1.270996,1.229218,1.143744,1.143744,False,61.377034,0.67169,113,46.003474,36.194828,1980-09-01,1998-11-27,129.805649,False,156.494086,False
Texas A&M,1999,1999-08-28,1.187153,1.172382,1.143744,1.143744,False,58.168338,0.659742,106,48.646161,40.977175,1980-09-20,1998-11-14,155.45113,False,171.600786,False
Baylor,1999,1999-08-28,1.095712,1.113332,1.143744,1.143744,False,51.778824,0.633157,94,28.81322,26.296339,1980-10-04,1998-11-14,54.580569,False,45.989283,False
TCU,1999,1999-08-28,1.144039,1.143935,1.143744,1.143744,False,55.349783,0.648505,102,25.468982,22.262335,1980-09-13,1998-11-07,54.58128,False,54.620014,False
Texas Tech,1999,1999-08-28,1.175271,1.164468,1.143744,1.143744,False,57.546044,0.657323,105,35.889626,30.537307,1980-09-06,1998-11-14,80.219833,False,85.622832,False
Houston,1999,1999-08-28,1.038012,1.076899,1.143744,1.143744,False,51.569211,0.632214,96,23.169975,22.32149,1980-09-20,1998-11-07,32.665543,False,16.209085,False
Rice,1999,1999-08-28,1.083717,1.105591,1.143744,1.143744,False,52.325712,0.635594,96,22.52583,20.785714,1980-09-27,1998-11-14,42.566923,False,33.826651,False
SMU,1999,1999-08-28,1.066673,1.096068,1.143744,1.143744,False,48.655216,0.618589,86,21.704262,20.347632,1980-09-13,1998-11-14,40.314743,False,28.085373,False
North Texas,1999,1999-08-28,1.201318,1.162406,1.143744,1.143744,False,14.388078,0.324143,20,6.012452,5.004881,1980-10-04,1998-11-21,47.503066,False,58.577863,False
Louisiana Tech,1999,1999-08-28,1.285121,1.211685,1.143744,1.143744,False,27.755586,0.48057,41,20.058402,15.60818,1981-09-19,1998-10-17,105.902478,False,146.562932,False
Tulane,1999,1999-08-28,1.077098,1.099815,1.143744,1.143744,False,58.009193,0.659127,108,25.317356,23.505165,1980-09-06,1998-11-26,37.301619,False,28.885517,False
Louisiana,1999,1999-08-28,1.21412,1.18014,1.143744,1.143744,False,32.133892,0.517172,54,18.16019,14.957489,1980-09-06,1998-10-24,73.721594,False,87.808385,False
Memphis,1999,1999-08-28,1.134155,1.137594,1.143744,1.143744,False,53.642854,0.641332,95,26.43865,23.311329,1980-09-06,1998-11-21,52.902081,False,51.583162,False
Oklahoma,1999,1999-08-28,1.108174,1.119945,1.143744,1.143744,False,60.653687,0.66907,112,41.43717,37.392311,1980-09-13,1998-11-21,85.880032,False,77.067518,False
Arkansas,1999,1999-08-28,1.215638,1.192973,1.143744,1.143744,False,65.160596,0.684743,121,43.85137,36.072713,1980-09-20,1998-11-27,105.315456,False,118.502378,False
Missouri,1999,1999-08-28,1.158999,1.153891,1.143744,1.143744,False,59.605873,0.665201,112,29.406887,25.37267,1980-09-13,1998-11-21,64.486371,False,66.625996,False
Cincinnati,1999,1999-08-28,1.176771,1.163429,1.143744,1.143744,False,44.266015,0.596047,73,21.170417,17.990264,1980-11-08,1998-11-14,60.326917,False,65.181067,False
Louisville,1999,1999-08-28,1.122725,1.130706,1.143744,1.143744,False,49.011347,0.620308,85,26.344372,23.464673,1980-09-06,1998-11-21,58.189002,False,54.615388,False
Arkansas State,1999,1999-08-28,0.914133,1.05618,1.143744,1.143744,False,18.493062,0.381355,27,6.089884,6.661927,1980-09-20,1998-11-21,17.33731,False,-27.256888,False
ULM,1999,1999-08-28,1.141921,1.143417,1.143744,1.143744,False,6.55037,0.179215,10,3.332447,2.918281,1980-11-22,1998-11-07,52.392261,False,51.849907,False
Middle Tennessee,1999,1999-08-28,,1.143744,1.143744,1.143744,False,0.0,0.0,0,0.0,0.0,,,75.008168,False,,False
Southern Miss,1999,1999-08-28,1.287777,1.226563,1.143744,1.143744,False,40.58829,0.575,74,32.650869,25.354443,1980-09-20,1998-11-14,142.670656,False,189.475581,False
Michigan,1999,1999-08-28,1.109527,1.120233,1.143744,1.143744,False,65.87817,0.687103,121,53.043985,47.807761,1980-09-13,1998-11-14,103.89112,False,93.509853,False
Michigan State,1999,1999-08-28,1.115656,1.124791,1.143744,1.143744,False,62.237369,0.674752,113,37.209498,33.35213,1980-09-27,1998-11-21,64.817548,False,59.997647,False
Ohio State,1999,1999-08-28,1.153445,1.150454,1.143744,1.143744,False,67.316004,0.691726,124,55.651043,48.247673,1980-09-13,1998-11-21,132.068982,False,135.158487,False
Indiana,1999,1999-08-28,1.159609,1.154318,1.143744,1.143744,False,59.958404,0.666513,110,31.844468,27.461387,1980-09-13,1998-11-14,65.671135,False,67.934828,False
Purdue,1999,1999-08-28,1.334627,1.27079,1.143744,1.143744,False,59.705327,0.665572,110,31.641646,23.708228,1980-09-20,1998-11-21,100.918444,False,124.556304,False
Illinois,1999,1999-08-28,1.119145,1.127245,1.143744,1.143744,False,61.106347,0.670714,111,31.348258,28.010903,1980-09-06,1998-11-07,56.669541,False,53.060403,False
Northwestern,1999,1999-08-28,1.08969,1.108252,1.143744,1.143744,False,57.363185,0.656606,104,20.689304,18.98641,1980-10-04,1998-11-07,40.225622,False,33.481506,False
Wisconsin,1999,1999-08-28,1.251596,1.216529,1.143744,1.143744,False,62.269207,0.674864,117,37.703921,30.124684,1980-09-13,1998-11-21,101.469393,False,118.350969,False
Minnesota,1999,1999-08-28,1.238894,1.206667,1.143744,1.143744,False,58.575575,0.661306,108,26.510689,21.398669,1980-09-13,1998-11-21,69.850177,False,80.50678,False
Iowa,1999,1999-08-28,1.100461,1.11506,1.143744,1.143744,False,58.942234,0.662702,108,39.119816,35.548561,1980-09-27,1998-11-14,70.533489,False,61.297198,False
Notre Dame,1999,1999-08-28,1.105293,1.117461,1.143744,1.143744,False,64.803339,0.683555,119,50.735372,45.902189,1980-09-06,1998-11-21,97.43231,False,86.419855,False
Toledo,1999,1999-08-28,1.254315,1.213797,1.143744,1.143744,False,51.868254,0.633558,94,40.447896,32.24701,1980-09-27,1998-11-14,130.975048,False,159.634965,False
Ball State,1999,1999-08-28,1.204678,1.180133,1.143744,1.143744,False,44.478522,0.597199,82,27.900224,23.159907,1980-09-20,1998-11-07,82.316747,False,93.886267,False
Western Michigan,1999,1999-08-28,1.194114,1.175495,1.143744,1.143744,False,51.162058,0.630369,96,34.927399,29.249643,1980-09-06,1998-11-14,89.925099,False,100.04387,False
Bowling Green,1999,1999-08-28,1.21412,1.186439,1.143744,1.143744,False,46.272367,0.606673,84,33.800201,27.839253,1980-09-13,1998-11-07,117.879089,False,137.153621,False
Central Michigan,1999,1999-08-28,1.192115,1.17399,1.143744,1.143744,False,50.062731,0.625294,92,35.750238,29.988909,1980-09-06,1998-11-21,99.457458,False,110.726428,False
Eastern Michigan,1999,1999-08-28,0.960462,1.032119,1.143744,1.143744,False,46.732702,0.609032,84,19.913069,20.732805,1980-10-18,1998-11-21,13.030949,False,-16.135053,False
Northern Illinois,1999,1999-08-28,1.141139,1.14227,1.143744,1.143744,False,39.07611,0.565696,71,16.17704,14.176223,1980-09-13,1998-11-21,48.295661,False,47.918354,False
Penn State,1999,1999-08-28,1.120873,1.128122,1.143744,1.143744,False,64.649054,0.68304,118,53.664311,47.877227,1980-09-27,1998-11-28,121.023949,False,113.139397,False
Pittsburgh,1999,1999-08-28,1.052867,1.082382,1.143744,1.143744,False,62.369954,0.675219,115,31.028622,29.470607,1980-09-13,1998-11-27,37.039684,False,23.771456,False
West Virginia,1999,1999-08-28,1.116674,1.125658,1.143744,1.143744,False,60.393197,0.668117,110,42.813932,38.34059,1980-09-06,1998-11-21,80.360615,False,74.275643,False
Maryland,1999,1999-08-28,1.078492,1.102097,1.143744,1.143744,False,52.927495,0.638238,97,24.922036,23.108228,1980-09-13,1998-11-21,41.619824,False,32.019234,False
Virginia,1999,1999-08-28,1.187178,1.171517,1.143744,1.143744,False,53.201678,0.63943,96,37.593654,31.666389,1980-09-13,1998-11-14,103.969287,False,114.172198,False
Virginia Tech,1999,1999-08-28,1.133944,1.137406,1.143744,1.143744,False,54.908006,0.646676,95,39.137497,34.514493,1980-10-18,1998-11-28,93.037409,False,90.53854,False
NC State,1999,1999-08-28,1.199263,1.179645,1.143744,1.143744,False,54.899287,0.64664,100,33.667607,28.073583,1980-09-27,1998-11-07,86.601209,False,96.384793,False
Wake Forest,1999,1999-08-28,0.909009,1.003233,1.143744,1.143744,False,44.73734,0.598594,80,12.65714,13.924116,1980-09-06,1998-11-14,1.003376,False,-28.901907,False
Duke,1999,1999-08-28,1.134127,1.137655,1.143744,1.143744,False,51.764424,0.633092,95,22.817963,20.119413,1980-09-06,1998-11-21,48.567123,False,47.334869,False
North Carolina,1999,1999-08-28,1.105698,1.118622,1.143744,1.143744,False,58.316016,0.660311,107,40.025178,36.199013,1980-09-27,1998-11-28,79.767119,False,70.68293,False
Marshall,1999,1999-08-28,1.219845,1.159932,1.143744,1.143744,False,8.1057,0.212716,11,7.5638,6.200624,1980-09-13,1998-11-07,183.161585,False,293.379795,False
East Carolina,1999,1999-08-28,1.12458,1.132543,1.143744,1.143744,False,42.198187,0.584477,72,24.466738,21.756341,1980-09-13,1998-11-14,64.562418,False,60.630157,False
Rutgers,1999,1999-08-28,1.160499,1.154186,1.143744,1.143744,False,49.624774,0.623233,88,21.754309,18.745647,1980-09-20,1998-11-14,55.01844,False,57.23048,False
Syracuse,1999,1999-08-28,1.086035,1.10513,1.143744,1.143744,False,60.667853,0.669122,111,43.725446,40.261539,1980-09-20,1998-11-28,76.365607,False,61.801922,False
Boston College,1999,1999-08-28,1.087735,1.107261,1.143744,1.143744,False,56.055086,0.651386,100,28.738542,26.420527,1980-09-20,1998-11-07,48.940446,False,40.040728,False
Temple,1999,1999-08-28,0.876596,0.98797,1.143744,1.143744,False,41.959641,0.5831,75,10.825201,12.349139,1980-09-13,1998-11-21,-3.935437,False,-41.553735,False
Army,1999,1999-08-28,1.273085,1.22283,1.143744,1.143744,False,47.210827,0.611453,82,24.803067,19.482652,1980-09-20,1998-12-05,82.302272,False,100.963181,False
Navy,1999,1999-08-28,1.033495,1.082828,1.143744,1.143744,False,37.043493,0.552529,66,14.814649,14.334513,1980-09-20,1998-11-21,31.499978,False,12.821245,False
Buffalo,1999,1999-08-28,,1.143744,1.143744,1.143744,False,0.0,0.0,0,0.0,0.0,,,75.008168,False,,False
Akron,1999,1999-08-28,1.356068,1.250128,1.143744,1.143744,False,30.125594,0.501044,43,15.793981,11.646893,1987-09-12,1998-11-21,88.928248,False,126.305545,False
Kent State,1999,1999-08-28,1.058265,1.091344,1.143744,1.143744,False,47.521848,0.613012,88,13.83245,13.07087,1980-10-04,1998-11-21,25.703248,False,16.533509,False
Ohio,1999,1999-08-28,1.115302,1.126797,1.143744,1.143744,False,44.231234,0.595857,83,17.558298,15.743082,1980-09-20,1998-11-14,42.301798,False,38.536612,False
Miami (OH),1999,1999-08-28,1.149597,1.147348,1.143744,1.143744,False,48.103184,0.615893,89,32.483355,28.256307,1980-09-13,1998-11-14,85.046419,False,86.401036,False
Alabama,1999,1999-08-28,1.080651,1.100543,1.143744,1.143744,False,65.153218,0.684719,119,50.282249,46.529592,1980-09-06,1998-11-21,84.895316,False,66.896065,False
Auburn,1999,1999-08-28,1.139138,1.140602,1.143744,1.143744,False,64.383365,0.682147,120,49.076372,43.082018,1980-09-20,1998-11-14,102.483508,False,101.315894,False
Georgia,1999,1999-08-28,1.150403,1.148278,1.143744,1.143744,False,64.029337,0.680951,121,46.904581,40.772303,1980-09-13,1998-11-28,97.705355,False,99.227671,False
Georgia Tech,1999,1999-08-28,1.137545,1.139755,1.143744,1.143744,False,54.164715,0.643556,99,28.849289,25.360999,1980-09-20,1998-11-21,62.625558,False,61.631933,False
Florida,1999,1999-08-28,1.227476,1.20069,1.143744,1.143744,False,63.77893,0.680099,115,57.397056,46.76023,1980-09-13,1998-11-14,212.554618,False,253.590488,False
Florida State,1999,1999-08-28,1.129976,1.134551,1.143744,1.143744,False,60.293513,0.66775,107,55.539096,49.150665,1980-09-13,1998-11-21,208.736998,False,198.454373,False
Miami (FL),1999,1999-08-28,1.131245,1.135582,1.143744,1.143744,False,56.453949,0.652994,105,46.730742,41.309126,1980-09-27,1998-12-05,142.077398,False,136.826711,False
South Carolina,1999,1999-08-28,1.123335,1.130223,1.143744,1.143744,False,58.880599,0.662469,107,30.224119,26.905708,1980-10-04,1998-10-31,54.292582,False,51.418825,False
Clemson,1999,1999-08-28,1.084081,1.105387,1.143744,1.143744,False,54.006751,0.642886,99,37.08359,34.207399,1980-09-13,1998-11-21,68.581202,False,54.177018,False
Tennessee,1999,1999-08-28,1.129992,1.134206,1.143744,1.143744,False,67.89583,0.693552,125,55.829073,49.406596,1980-09-06,1998-11-21,124.259697,False,119.770753,False
Vanderbilt,1999,1999-08-28,1.13502,1.137974,1.143744,1.143744,False,58.598774,0.661395,106,20.460438,18.026493,1980-09-20,1998-11-28,42.276559,False,41.392937,False
Kentucky,1999,1999-08-28,1.367695,1.294648,1.143744,1.143744,False,61.975296,0.673825,115,33.875846,24.768561,1980-09-06,1998-11-14,107.442306,False,133.747979,False
LSU,1999,1999-08-28,1.037643,1.071024,1.143744,1.143744,False,65.352664,0.685378,120,38.878777,37.468362,1980-09-06,1998-11-07,41.885927,False,22.067374,False
Mississippi State,1999,1999-08-28,1.251084,1.212522,1.143744,1.143744,False,53.506567,0.640747,97,31.35898,25.065441,1980-09-13,1998-11-21,88.600522,False,104.989865,False
Ole Miss,1999,1999-08-28,1.163404,1.156527,1.143744,1.143744,False,55.761223,0.650192,104,32.961633,28.332057,1980-09-06,1998-11-26,71.143087,False,74.324994,False
UCF,1999,1999-08-28,1.276658,1.169251,1.143744,1.143744,False,7.124369,0.191905,8,6.303945,4.937851,1996-10-19,1998-11-21,132.184554,False,246.678894,False
UAB,1999,1999-08-28,0.833128,1.085064,1.143744,1.143744,False,6.98745,0.188914,8,2.574891,3.090632,1996-09-14,1998-10-24,33.362394,False,-66.301822,False
Idaho,1999,1999-08-28,0.892689,1.100881,1.143744,1.143744,False,6.176338,0.170729,7,3.467884,3.884762,1996-10-19,1998-11-14,55.246772,False,-55.222938,False
Washington,2000,2000-08-26,1.145245,1.145324,1.145488,1.145488,False,62.592932,0.676001,119,49.330758,43.074403,1980-09-13,1999-11-20,112.66952,False,112.601187,False
Washington State,2000,2000-08-26,1.117551,1.127581,1.145488,1.145488,False,53.561611,0.640983,99,28.950973,25.905736,1980-09-13,1999-11-13,56.295328,False,51.86524,False
Oregon,2000,2000-08-26,1.231964,1.20181,1.145488,1.145488,False,56.035908,0.651308,102,37.807937,30.689169,1980-09-06,1999-11-20,99.961372,False,115.814568,False
Oregon State,2000,2000-08-26,1.333725,1.26575,1.145488,1.145488,False,53.076364,0.638886,98,18.615797,13.957744,1980-10-11,1999-11-13,73.028284,False,90.509231,False
California,2000,2000-08-26,1.270581,1.227943,1.145488,1.145488,False,58.015815,0.659152,109,30.544791,24.040017,1980-09-27,1999-11-13,84.946874,False,100.782694,False
Stanford,2000,2000-08-26,1.134448,1.138087,1.145488,1.145488,False,61.020722,0.670405,115,33.70314,29.70885,1980-09-13,1999-11-27,62.331066,False,60.67759,False
USC,2000,2000-08-26,1.156619,1.152986,1.145488,1.145488,False,61.912527,0.673603,116,43.301864,37.438327,1980-09-20,1999-11-26,86.546702,False,88.730563,False
UCLA,2000,2000-08-26,1.119043,1.127971,1.145488,1.145488,False,58.856506,0.662377,110,40.959843,36.602571,1980-09-13,1999-11-13,79.294697,False,73.487273,False
San Jose State,2000,2000-08-26,1.054057,1.097359,1.145488,1.145488,False,33.343829,0.526394,58,17.053623,16.179034,1980-10-11,1999-11-06,43.028194,False,23.869975,False
Fresno State,2000,2000-08-26,1.266524,1.218894,1.145488,1.145488,False,46.235448,0.606482,77,34.541224,27.272456,1980-09-20,1999-11-20,123.110889,False,153.259454,False
San Diego State,2000,2000-08-26,1.17887,1.167119,1.145488,1.145488,False,55.222289,0.647979,103,32.544267,27.606333,1980-09-27,1999-11-27,73.951241,False,79.245012,False
Hawai'i,2000,2000-08-26,1.125858,1.131596,1.145488,1.145488,False,72.618676,0.707656,133,33.503567,29.75826,1980-10-04,1999-11-27,51.881501,False,49.641367,False
Nevada,2000,2000-08-26,1.000782,1.076791,1.145488,1.145488,False,27.114143,0.474736,35,16.922309,16.90908,1992-10-24,1999-11-20,43.841725,False,0.435717,False
UNLV,2000,2000-08-26,1.066475,1.098596,1.145488,1.145488,False,43.796025,0.593474,79,15.259049,14.307932,1980-09-13,1999-11-27,31.899727,False,21.634871,False
Arizona,2000,2000-08-26,1.136212,1.139203,1.145488,1.145488,False,63.053581,0.677605,121,43.236154,38.052888,1980-09-20,1999-11-06,83.139694,False,81.263723,False
Arizona State,2000,2000-08-26,1.12911,1.13427,1.145488,1.145488,False,65.213542,0.684919,125,43.293914,38.343394,1980-09-13,1999-11-27,74.35669,False,71.38402,False
BYU,2000,2000-08-26,1.155996,1.152619,1.145488,1.145488,False,63.353273,0.67864,119,50.811441,43.954704,1980-09-13,1999-11-20,121.724949,False,124.82876,False
Utah,2000,2000-08-26,1.117131,1.127259,1.145488,1.145488,False,53.994714,0.642835,100,34.919293,31.258024,1980-09-20,1999-11-13,70.682915,False,64.874241,False
Utah State,2000,2000-08-26,1.035009,1.083334,1.145488,1.145488,False,38.584232,0.562582,67,15.982919,15.442306,1980-10-04,1999-11-06,29.762788,False,12.586539,False
Boise State,2000,2000-08-26,1.106757,1.13331,1.145488,1.145488,False,13.758376,0.314417,16,6.413256,5.794637,1996-08-31,1999-11-13,48.096308,False,38.565396,False
Colorado,2000,2000-08-26,1.14247,1.143444,1.145488,1.145488,False,63.005527,0.677439,120,44.573428,39.01495,1980-09-27,1999-11-26,101.876171,False,101.139832,False
Colorado State,2000,2000-08-26,1.137297,1.14033,1.145488,1.145488,False,51.009843,0.629675,96,31.187236,27.422246,1980-09-06,1999-11-18,77.03405,False,75.334829,False
Wyoming,2000,2000-08-26,1.266212,1.223853,1.145488,1.145488,False,55.500147,0.649123,103,39.976984,31.572114,1980-09-13,1999-11-20,116.321786,False,140.371324,False
Air Force,2000,2000-08-26,1.090985,1.109749,1.145488,1.145488,False,57.139066,0.655723,109,38.956559,35.707697,1980-09-20,1999-11-13,68.38723,False,56.268162,False
New Mexico,2000,2000-08-26,1.102386,1.117755,1.145488,1.145488,False,54.137687,0.643442,102,23.585849,21.395265,1980-09-06,1999-11-27,43.637738,False,37.999266,False
New Mexico State,2000,2000-08-26,0.902614,1.013033,1.145488,1.145488,False,35.98719,0.545366,63,9.933341,11.005077,1980-09-13,1999-11-20,3.815802,False,-29.306135,False
UTEP,2000,2000-08-26,1.084156,1.106657,1.145488,1.145488,False,51.770192,0.633118,98,18.349243,16.924918,1980-09-20,1999-11-06,36.218178,False,28.696917,False
Kansas,2000,2000-08-26,1.149025,1.14783,1.145488,1.145488,False,58.835184,0.662296,113,29.882455,26.006803,1980-09-13,1999-11-20,64.08759,False,64.608598,False
Kansas State,2000,2000-08-26,1.220854,1.194207,1.145488,1.145488,False,54.849631,0.646433,98,39.987867,32.754025,1980-09-27,1999-11-20,152.335441,False,175.358645,False
Nebraska,2000,2000-08-26,1.143966,1.144428,1.145488,1.145488,False,68.836413,0.696468,131,64.375448,56.273915,1980-09-13,1999-11-13,238.029664,False,236.829874,False
Iowa State,2000,2000-08-26,1.121351,1.12969,1.145488,1.145488,False,56.829514,0.654495,108,20.112063,17.935561,1980-09-13,1999-11-13,41.711894,False,39.084181,False
Oklahoma State,2000,2000-08-26,1.146908,1.1464,1.145488,1.145488,False,53.865084,0.642283,101,29.97224,26.133085,1980-10-04,1999-11-13,69.916998,False,70.161604,False
Tulsa,2000,2000-08-26,1.08879,1.112201,1.145488,1.145488,False,42.655295,0.587091,74,18.668054,17.145686,1980-09-13,1999-11-20,39.99805,False,31.72869,False
Texas,2000,2000-08-26,1.257152,1.221459,1.145488,1.145488,False,63.855528,0.68036,120,47.635358,37.891493,1980-09-01,1999-11-13,126.590317,False,149.483796,False
Texas A&M,2000,2000-08-26,1.20146,1.182789,1.145488,1.145488,False,59.937568,0.666435,112,51.050954,42.490773,1980-09-20,1999-11-26,169.896579,False,191.656131,False
Baylor,2000,2000-08-26,1.070514,1.097298,1.145488,1.145488,False,53.974718,0.64275,100,27.829536,25.996422,1980-10-04,1999-11-20,44.979315,False,32.538549,False
TCU,2000,2000-08-26,1.172329,1.163107,1.145488,1.145488,False,57.317367,0.656426,108,28.496307,24.307437,1980-09-13,1999-11-26,65.360866,False,69.009168,False
Texas Tech,2000,2000-08-26,1.224839,1.197915,1.145488,1.145488,False,58.417509,0.660701,110,37.269581,30.428154,1980-09-06,1999-11-20,95.907242,False,109.38722,False
Houston,2000,2000-08-26,1.101999,1.11775,1.145488,1.145488,False,52.829603,0.637811,101,25.381413,23.032153,1980-09-20,1999-11-06,49.357349,False,42.80224,False
Rice,2000,2000-08-26,1.091256,1.110952,1.145488,1.145488,False,52.603615,0.63682,100,23.845753,21.851658,1980-09-27,1999-11-13,45.90981,False,37.803841,False
SMU,2000,2000-08-26,1.096851,1.115282,1.145488,1.145488,False,49.166508,0.621052,90,22.141692,20.186594,1980-09-13,1999-10-30,47.94802,False,40.380816,False
North Texas,2000,2000-08-26,0.9928,1.089854,1.145488,1.145488,False,17.196586,0.364361,24,6.55312,6.600646,1980-10-04,1999-11-27,28.980236,False,-2.355504,False
Louisiana Tech,2000,2000-08-26,1.270954,1.206859,1.145488,1.145488,False,28.725223,0.489146,44,20.607298,16.214036,1981-09-19,1999-11-06,106.695782,False,143.105137,False
Tulane,2000,2000-08-26,1.041269,1.07646,1.145488,1.145488,False,58.844753,0.662332,113,26.442224,25.394237,1980-09-06,1999-11-20,30.92806,False,16.75004,False
Louisiana,2000,2000-08-26,1.202587,1.175715,1.145488,1.145488,False,33.745757,0.52938,58,17.886303,14.873191,1980-09-06,1999-10-23,68.870206,False,79.41094,False
Memphis,2000,2000-08-26,1.105217,1.119313,1.145488,1.145488,False,55.708076,0.649975,101,26.557958,24.029627,1980-09-06,1999-11-13,45.65034,False,40.277292,False
Oklahoma,2000,2000-08-26,1.150302,1.148704,1.145488,1.145488,False,60.380769,0.668071,116,42.446871,36.900645,1980-09-13,1999-11-27,104.661678,False,105.861228,False
Arkansas,2000,2000-08-26,1.250923,1.218135,1.145488,1.145488,False,66.470807,0.689025,127,46.58388,37.239598,1980-09-20,1999-11-20,123.905528,False,144.234582,False
Missouri,2000,2000-08-26,1.128395,1.134013,1.145488,1.145488,False,61.270587,0.671307,118,30.26006,26.816905,1980-09-13,1999-11-13,57.428915,False,55.021678,False
Cincinnati,2000,2000-08-26,1.146424,1.146055,1.145488,1.145488,False,46.018885,0.605361,78,21.62886,18.86637,1980-11-08,1999-11-20,54.456787,False,54.592976,False
Louisville,2000,2000-08-26,1.096996,1.11487,1.145488,1.145488,False,51.390689,0.631407,91,27.413178,24.989309,1980-09-06,1999-11-20,50.885333,False,42.924209,False
Arkansas State,2000,2000-08-26,1.045545,1.1043,1.145488,1.145488,False,21.030401,0.412115,31,7.574881,7.24491,1980-09-20,1999-11-13,31.390866,False,13.851034,False
ULM,2000,2000-08-26,1.231688,1.163635,1.145488,1.145488,False,7.999614,0.210518,12,4.0545,3.291822,1980-11-22,1999-10-30,56.008597,False,78.908627,False
Middle Tennessee,2000,2000-08-26,0.0,1.110435,1.145488,1.145488,False,0.946992,0.0306,1,0.0,0.251559,1999-11-13,1999-11-13,25.279352,False,-400.0,True
Southern Miss,2000,2000-08-26,1.291045,1.230097,1.145488,1.145488,False,41.646238,0.581276,78,34.238605,26.520062,1980-09-20,1999-11-13,155.223633,False,206.248557,False
Michigan,2000,2000-08-26,1.10057,1.114444,1.145488,1.145488,False,67.128005,0.691129,127,54.20722,49.253757,1980-09-13,1999-11-20,101.721883,False,87.945876,False
Michigan State,2000,2000-08-26,1.179145,1.168372,1.145488,1.145488,False,63.727354,0.679923,119,40.369984,34.236666,1980-09-27,1999-11-20,88.014628,False,93.808644,False
Ohio State,2000,2000-08-26,1.133383,1.137036,1.145488,1.145488,False,69.405565,0.698206,131,56.632724,49.967843,1980-09-13,1999-11-13,119.936409,False,116.271805,False
Indiana,2000,2000-08-26,1.166892,1.159953,1.145488,1.145488,False,62.53658,0.675804,117,32.53368,27.880621,1980-09-13,1999-11-20,65.957484,False,68.822759,False
Purdue,2000,2000-08-26,1.303575,1.251665,1.145488,1.145488,False,61.362133,0.671636,116,33.282621,25.531808,1980-09-20,1999-11-06,98.511029,False,118.799717,False
Illinois,2000,2000-08-26,1.127182,1.133108,1.145488,1.145488,False,62.670926,0.676274,117,32.074381,28.455367,1980-09-06,1999-11-20,58.996177,False,56.371957,False
Northwestern,2000,2000-08-26,1.111571,1.122981,1.145488,1.145488,False,59.177591,0.663593,110,21.186093,19.059601,1980-10-04,1999-11-13,44.102486,False,40.122213,False
Wisconsin,2000,2000-08-26,1.23024,1.202847,1.145488,1.145488,False,62.819161,0.676791,122,38.955276,31.664789,1980-09-13,1999-11-13,102.009253,False,116.185842,False
Minnesota,2000,2000-08-26,1.211567,1.189617,1.145488,1.145488,False,60.311561,0.667817,114,27.55844,22.746113,1980-09-13,1999-11-13,65.725983,False,73.197815,False
Iowa,2000,2000-08-26,1.082052,1.103044,1.145488,1.145488,False,60.657505,0.669084,114,37.445719,34.6062,1980-09-27,1999-11-20,60.117387,False,47.648396,False
Notre Dame,2000,2000-08-26,1.106746,1.118721,1.145488,1.145488,False,67.063133,0.690923,126,52.048909,47.028757,1980-09-06,1999-11-20,94.283072,False,83.943481,False
Toledo,2000,2000-08-26,1.243899,1.208779,1.145488,1.145488,False,54.064083,0.643129,100,40.58414,32.626545,1980-09-27,1999-11-20,121.644258,False,144.508943,False
Ball State,2000,2000-08-26,1.158812,1.153502,1.145488,1.145488,False,45.278958,0.601482,86,26.038006,22.469576,1980-09-20,1999-11-20,66.827359,False,69.16181,False
Western Michigan,2000,2000-08-26,1.183605,1.169578,1.145488,1.145488,False,51.518877,0.631987,100,35.420819,29.926208,1980-09-06,1999-11-13,90.340495,False,98.263783,False
Bowling Green,2000,2000-08-26,1.246391,1.207056,1.145488,1.145488,False,46.955555,0.610165,88,34.375129,27.579726,1980-09-13,1999-11-13,126.954492,False,153.581751,False
Central Michigan,2000,2000-08-26,1.170647,1.16127,1.145488,1.145488,False,50.494187,0.627302,96,34.311057,29.309482,1980-09-06,1999-11-13,87.480309,False,92.869208,False
Eastern Michigan,2000,2000-08-26,1.023294,1.070668,1.145488,1.145488,False,47.380154,0.612304,88,21.409892,20.922518,1980-10-18,1999-11-06,28.439959,False,9.406817,False
Northern Illinois,2000,2000-08-26,1.173014,1.161257,1.145488,1.145488,False,40.238374,0.572883,75,17.929491,15.284975,1980-09-13,1999-11-20,57.231642,False,61.338317,False
Penn State,2000,2000-08-26,1.102349,1.115704,1.145488,1.145488,False,66.910423,0.690436,125,54.766138,49.681286,1980-09-27,1999-11-13,108.957906,False,94.870395,False
Pittsburgh,2000,2000-08-26,1.074592,1.096806,1.145488,1.145488,False,65.745063,0.686668,123,32.715538,30.444623,1980-09-13,1999-11-27,43.369291,False,33.426577,False
West Virginia,2000,2000-08-26,1.117305,1.126589,1.145488,1.145488,False,61.068357,0.670577,115,42.777224,38.286086,1980-09-06,1999-11-06,80.289277,False,74.061559,False
Maryland,2000,2000-08-26,1.064921,1.093657,1.145488,1.145488,False,54.109724,0.643323,102,25.138805,23.606271,1980-09-13,1999-11-20,37.941697,False,26.330379,False
Virginia,2000,2000-08-26,1.157313,1.153154,1.145488,1.145488,False,55.30508,0.648321,102,37.914149,32.760492,1980-09-13,1999-11-13,93.568703,False,96.248782,False
Virginia Tech,2000,2000-08-26,1.152749,1.150215,1.145488,1.145488,False,55.955039,0.65098,100,41.237143,35.772859,1980-10-18,1999-11-26,105.233791,False,107.167917,False
NC State,2000,2000-08-26,1.207874,1.185855,1.145488,1.145488,False,54.997923,0.64705,104,34.241393,28.348483,1980-09-27,1999-11-06,89.386955,False,100.393946,False
Wake Forest,2000,2000-08-26,0.985023,1.047214,1.145488,1.145488,False,47.405695,0.612432,86,15.581507,15.818421,1980-09-06,1999-11-20,15.348041,False,-4.929897,False
Duke,2000,2000-08-26,1.113232,1.124889,1.145488,1.145488,False,53.016771,0.638627,100,22.241955,19.979615,1980-09-06,1999-11-13,42.83388,False,38.883464,False
North Carolina,2000,2000-08-26,1.088124,1.107228,1.145488,1.145488,False,60.078987,0.666959,113,39.248554,36.06993,1980-09-27,1999-11-20,67.019541,False,54.752205,False
Marshall,2000,2000-08-26,1.185161,1.157008,1.145488,1.145488,False,12.275312,0.290366,16,11.769583,9.930785,1980-09-13,1999-11-26,247.072541,False,333.915844,False
East Carolina,2000,2000-08-26,1.210554,1.18486,1.145488,1.145488,False,45.96929,0.605104,79,28.480616,23.526928,1980-09-13,1999-11-20,87.700134,False,100.273747,False
Rutgers,2000,2000-08-26,1.1481,1.147144,1.145488,1.145488,False,51.963173,0.633982,94,21.249295,18.508229,1980-09-20,1999-11-13,50.835354,False,51.158811,False
Syracuse,2000,2000-08-26,1.07083,1.095106,1.145488,1.145488,False,62.259169,0.674829,117,44.566134,41.618316,1980-09-20,1999-11-06,69.526232,False,51.049328,False
Boston College,2000,2000-08-26,1.126972,1.133425,1.145488,1.145488,False,56.080338,0.651488,104,29.643829,26.30396,1980-09-20,1999-11-13,59.536428,False,56.656376,False
UConn,2000,2000-08-26,,1.145488,1.145488,1.145488,False,0.0,0.0,0,0.0,0.0,,,75.928602,False,,False
Temple,2000,2000-08-26,0.947238,1.028792,1.145488,1.145488,False,42.92661,0.588628,79,11.987867,12.655606,1980-09-13,1999-11-20,9.338902,False,-17.441341,False
Army,2000,2000-08-26,1.271783,1.224247,1.145488,1.145488,False,49.704988,0.623612,88,25.969388,20.419669,1980-09-20,1999-11-20,81.439662,False,98.743856,False
Navy,2000,2000-08-26,1.033338,1.081249,1.145488,1.145488,False,40.224189,0.572797,72,15.723601,15.216315,1980-09-20,1999-12-04,29.951983,False,12.371253,False
Buffalo,2000,2000-08-26,0.0,1.017935,1.145488,1.145488,False,3.759159,0.111352,4,0.0,1.854999,1999-09-11,1999-10-23,9.532638,False,-400.0,True
Akron,2000,2000-08-26,1.35759,1.256309,1.145488,1.145488,False,32.825989,0.522491,48,18.50647,13.631857,1987-09-12,1999-11-13,96.814166,False,135.514556,False
Kent State,2000,2000-08-26,1.135335,1.139188,1.145488,1.145488,False,49.056122,0.620523,93,14.7919,13.028669,1980-10-04,1999-11-06,38.22052,False,37.196874,False
Ohio,2000,2000-08-26,1.198307,1.177193,1.145488,1.145488,False,45.046908,0.60025,87,20.154275,16.818953,1980-09-20,1999-11-13,61.077508,False,68.189871,False
Miami (OH),2000,2000-08-26,1.110298,1.123559,1.145488,1.145488,False,49.607424,0.623151,94,33.146198,29.853418,1980-09-13,1999-11-20,73.736169,False,65.550653,False
Alabama,2000,2000-08-26,1.098683,1.1131,1.145488,1.145488,False,67.395899,0.691979,126,51.637296,46.999283,1980-09-06,1999-11-13,90.670027,False,78.200847,False
Auburn,2000,2000-08-26,1.121909,1.129298,1.145488,1.145488,False,65.736699,0.686641,126,47.682209,42.500957,1980-09-20,1999-11-20,87.560995,False,82.241171,False
Georgia,2000,2000-08-26,1.136782,1.13952,1.145488,1.145488,False,65.393806,0.685514,127,48.465061,42.633571,1980-09-13,1999-11-13,96.250228,False,94.193175,False
Georgia Tech,2000,2000-08-26,1.173108,1.163496,1.145488,1.145488,False,56.207258,0.652001,105,32.581527,27.773673,1980-09-20,1999-11-27,77.918466,False,82.584789,False
Florida,2000,2000-08-26,1.20317,1.185165,1.145488,1.145488,False,66.107115,0.687848,122,58.263479,48.424961,1980-09-13,1999-11-20,189.716195,False,214.515181,False
Florida State,2000,2000-08-26,1.131206,1.135821,1.145488,1.145488,False,62.844317,0.676878,114,58.407237,51.632706,1980-09-13,1999-11-13,223.735673,False,212.234361,False
Miami (FL),2000,2000-08-26,1.144309,1.144709,1.145488,1.145488,False,58.34932,0.660439,111,48.338114,42.242182,1980-09-27,1999-12-04,147.442694,False,146.968571,False
South Carolina,2000,2000-08-26,1.085374,1.105278,1.145488,1.145488,False,60.60622,0.668897,113,28.206791,25.988093,1980-10-04,1999-11-20,42.421541,False,34.436686,False
Clemson,2000,2000-08-26,1.118713,1.128152,1.145488,1.145488,False,55.100701,0.647476,104,37.429367,33.457524,1980-09-13,1999-11-06,81.064591,False,74.814384,False
Tennessee,2000,2000-08-26,1.127406,1.132833,1.145488,1.145488,False,69.956721,0.69987,132,58.695368,52.062325,1980-09-06,1999-11-27,133.998847,False,127.582097,False
Vanderbilt,2000,2000-08-26,1.104728,1.118408,1.145488,1.145488,False,59.386231,0.664378,111,20.03053,18.131647,1980-09-20,1999-11-13,36.100332,False,32.012855,False
Kentucky,2000,2000-08-26,1.352816,1.285604,1.145488,1.145488,False,62.541133,0.67582,120,33.496227,24.760367,1980-09-06,1999-11-20,103.731452,False,127.789257,False
LSU,2000,2000-08-26,1.030513,1.065861,1.145488,1.145488,False,67.579395,0.692558,127,39.103351,37.945503,1980-09-06,1999-11-26,38.184585,False,17.599474,False
Mississippi State,2000,2000-08-26,1.272544,1.228488,1.145488,1.145488,False,56.518428,0.653253,104,35.849095,28.171206,1980-09-13,1999-11-25,103.919767,False,124.834451,False
Ole Miss,2000,2000-08-26,1.117925,1.127355,1.145488,1.145488,False,57.688803,0.657881,110,33.583782,30.041169,1980-09-06,1999-11-20,59.229695,False,54.78631,False
UCF,2000,2000-08-26,1.039188,1.118086,1.145488,1.145488,False,10.419298,0.25778,12,6.827663,6.570189,1996-10-19,1999-11-20,69.524527,False,22.452819,False
South Florida,2000,2000-08-26,,1.145488,1.145488,1.145488,False,0.0,0.0,0,0.0,0.0,,,75.928602,False,,False
UAB,2000,2000-08-26,1.116417,1.137568,1.145488,1.145488,False,11.232217,0.272414,13,5.226463,4.681463,1996-09-14,1999-11-13,51.547734,False,43.65361,False
Idaho,2000,2000-08-26,0.987543,1.1074,1.145488,1.145488,False,9.533273,0.241146,11,6.057347,6.133752,1996-10-19,1999-11-20,61.172576,False,-6.733753,False
Washington,2001,2001-08-23,1.178693,1.169118,1.148662,1.148662,False,64.086351,0.681144,125,51.704671,43.866089,1980-09-13,2000-11-11,130.6233,False,139.232876,False
Washington State,2001,2001-08-23,1.078175,1.102861,1.148662,1.148662,False,55.658381,0.649772,105,27.969958,25.941946,1980-09-13,2000-11-18,43.874194,False,33.37657,False
Oregon,2001,2001-08-23,1.24744,1.213749,1.148662,1.148662,False,57.957141,0.658925,108,40.93935,32.818684,1980-09-06,2000-11-11,112.6045,False,131.875647,False
Oregon State,2001,2001-08-23,1.397206,1.308721,1.148662,1.148662,False,54.266743,0.643988,103,22.094061,15.813035,1980-10-11,2000-11-18,91.164098,False,115.728507,False
California,2001,2001-08-23,1.258074,1.221142,1.148662,1.148662,False,58.877023,0.662455,114,30.395303,24.160188,1980-09-27,2000-11-18,80.629931,False,94.007806,False
Stanford,2001,2001-08-23,1.128762,1.135208,1.148662,1.148662,False,62.618504,0.676091,121,34.293814,30.381792,1980-09-13,2000-11-11,60.379432,False,57.488598,False
USC,2001,2001-08-23,1.117453,1.127274,1.148662,1.148662,False,65.336001,0.685323,124,43.235455,38.691073,1980-09-20,2000-11-25,69.113482,False,63.587471,False
UCLA,2001,2001-08-23,1.159487,1.155939,1.148662,1.148662,False,61.535338,0.672258,117,42.934666,37.02903,1980-09-13,2000-11-18,92.598143,False,94.836042,False
San Jose State,2001,2001-08-23,1.07642,1.109809,1.148662,1.148662,False,34.908212,0.537809,62,17.807334,16.543111,1980-10-11,2000-11-25,46.454988,False,32.329078,False
Fresno State,2001,2001-08-23,1.277499,1.227874,1.148662,1.148662,False,47.886269,0.614823,82,36.96844,28.93813,1980-09-20,2000-11-18,135.121895,False,169.22543,False
San Diego State,2001,2001-08-23,1.097666,1.115401,1.148662,1.148662,False,56.263633,0.652229,108,30.383609,27.680204,1980-09-27,2000-11-25,49.530818,False,41.886952,False
Hawai'i,2001,2001-08-23,1.118456,1.127134,1.148662,1.148662,False,74.421389,0.712703,140,34.117512,30.504125,1980-10-04,2000-12-02,49.461969,False,46.116239,False
Nevada,2001,2001-08-23,1.01557,1.082085,1.148662,1.148662,False,30.028208,0.500235,40,16.747424,16.490663,1992-10-24,2000-11-18,43.291123,False,8.121107,False
UNLV,2001,2001-08-23,1.212092,1.18692,1.148662,1.148662,False,45.597528,0.603162,84,18.955161,15.638389,1980-09-13,2000-11-11,61.82329,False,69.931357,False
Arizona,2001,2001-08-23,1.082805,1.103706,1.148662,1.148662,False,64.525007,0.682624,127,42.245314,39.014698,1980-09-20,2000-11-24,60.405521,False,47.902132,False
Arizona State,2001,2001-08-23,1.115256,1.125637,1.148662,1.148662,False,66.534186,0.689229,131,43.236571,38.768297,1980-09-13,2000-11-04,68.397681,False,62.564286,False
BYU,2001,2001-08-23,1.146444,1.147146,1.148662,1.148662,False,64.8003,0.683545,125,51.210574,44.669061,1980-09-13,2000-11-18,114.285151,False,113.667434,False
Utah,2001,2001-08-23,1.055286,1.087836,1.148662,1.148662,False,56.060068,0.651406,106,33.547046,31.789537,1980-09-20,2000-11-24,46.033858,False,28.79413,False
Utah State,2001,2001-08-23,1.068509,1.103434,1.148662,1.148662,False,38.850823,0.564275,70,16.810212,15.732395,1980-10-04,2000-10-28,36.969779,False,24.589507,False
Boise State,2001,2001-08-23,1.138689,1.145238,1.148662,1.148662,False,15.684483,0.343322,19,8.827016,7.751909,1996-08-31,2000-11-18,66.171816,False,63.159435,False
Colorado,2001,2001-08-23,1.102315,1.11718,1.148662,1.148662,False,63.53419,0.679262,125,42.558974,38.608721,1980-09-27,2000-11-11,78.105823,False,67.829695,False
Colorado State,2001,2001-08-23,1.159291,1.155418,1.148662,1.148662,False,52.335474,0.635637,101,33.828917,29.180706,1980-09-06,2000-11-16,90.1684,False,92.496328,False
Wyoming,2001,2001-08-23,1.212727,1.190514,1.148662,1.148662,False,56.522097,0.653268,108,38.260194,31.548892,1980-09-13,2000-11-11,96.364105,False,108.216143,False
Air Force,2001,2001-08-23,1.118954,1.129075,1.148662,1.148662,False,58.062242,0.659332,114,40.143313,35.875734,1980-09-20,2000-11-18,79.10059,False,72.597022,False
New Mexico,2001,2001-08-23,1.098855,1.116383,1.148662,1.148662,False,55.245115,0.648074,107,23.90462,21.754125,1980-09-06,2000-11-04,42.465126,False,36.13393,False
New Mexico State,2001,2001-08-23,0.901657,1.010136,1.148662,1.148662,False,38.309629,0.560823,68,11.157264,12.374171,1980-09-13,2000-11-04,3.022733,False,-30.067567,False
UTEP,2001,2001-08-23,1.186951,1.173118,1.148662,1.148662,False,53.038538,0.638722,103,21.836452,18.39709,1980-09-20,2000-11-11,60.708413,False,65.434807,False
Kansas,2001,2001-08-23,1.154922,1.152827,1.148662,1.148662,False,59.643224,0.66534,118,29.779438,25.784795,1980-09-13,2000-11-11,64.188053,False,65.070905,False
Kansas State,2001,2001-08-23,1.203919,1.185237,1.148662,1.148662,False,58.731825,0.661903,106,43.914423,36.476214,1980-09-27,2000-11-11,155.26653,False,172.735262,False
Nebraska,2001,2001-08-23,1.135384,1.139371,1.148662,1.148662,False,69.9189,0.699757,137,65.754105,57.913528,1980-09-13,2000-11-24,252.077563,False,240.474468,False
Iowa State,2001,2001-08-23,1.154283,1.152382,1.148662,1.148662,False,58.705578,0.661803,114,22.541185,19.528303,1980-09-13,2000-11-18,50.849173,False,51.47021,False
Oklahoma State,2001,2001-08-23,1.127086,1.1347,1.148662,1.148662,False,55.014396,0.647119,106,28.930952,25.668811,1980-10-04,2000-11-25,62.603776,False,59.056341,False
Tulsa,2001,2001-08-23,1.138742,1.142684,1.148662,1.148662,False,45.481171,0.60255,80,20.265721,17.796595,1980-09-13,2000-11-25,49.964497,False,48.603583,False
Texas,2001,2001-08-23,1.26282,1.226872,1.148662,1.148662,False,65.268689,0.685101,126,50.125398,39.69321,1980-09-01,2000-11-24,136.958205,False,161.893846,False
Texas A&M,2001,2001-08-23,1.19969,1.182979,1.148662,1.148662,False,61.604758,0.672506,118,51.419708,42.860819,1980-09-20,2000-11-11,158.107997,False,175.669259,False
Baylor,2001,2001-08-23,1.053184,1.086474,1.148662,1.148662,False,56.042788,0.651336,106,26.920478,25.561032,1980-10-04,2000-11-11,38.139207,False,23.452936,False
TCU,2001,2001-08-23,1.191878,1.177338,1.148662,1.148662,False,59.169786,0.663563,114,32.262197,27.068381,1980-09-13,2000-11-18,78.164385,False,84.557923,False
Texas Tech,2001,2001-08-23,1.204968,1.186619,1.148662,1.148662,False,62.057833,0.674118,118,40.425521,33.54903,1980-09-06,2000-11-11,97.547812,False,107.5123,False
Houston,2001,2001-08-23,1.112165,1.125342,1.148662,1.148662,False,53.092788,0.638958,105,25.573473,22.994318,1980-09-20,2000-11-18,53.075062,False,47.531373,False
Rice,2001,2001-08-23,1.104979,1.120615,1.148662,1.148662,False,53.813775,0.642064,105,25.087127,22.703712,1980-09-27,2000-11-04,49.682611,False,43.273382,False
SMU,2001,2001-08-23,1.116163,1.128117,1.148662,1.148662,False,51.558668,0.632167,96,23.498713,21.053112,1980-09-13,2000-11-24,51.705604,False,46.944054,False
North Texas,2001,2001-08-23,0.980436,1.081723,1.148662,1.148662,False,19.82641,0.39791,28,7.06666,7.207671,1980-10-04,2000-11-18,25.10453,False,-6.123916,False
Louisiana Tech,2001,2001-08-23,1.249153,1.1978,1.148662,1.148662,False,28.706541,0.488984,46,20.181482,16.156137,1981-09-19,2000-11-04,100.991156,False,129.459922,False
Tulane,2001,2001-08-23,1.102831,1.118166,1.148662,1.148662,False,59.662185,0.665411,118,28.468574,25.814074,1980-09-06,2000-11-18,47.501402,False,41.37772,False
Louisiana,2001,2001-08-23,1.142313,1.145318,1.148662,1.148662,False,33.391247,0.526749,60,16.698807,14.618416,1980-09-06,2000-10-28,56.524274,False,55.359012,False
Memphis,2001,2001-08-23,1.068006,1.095609,1.148662,1.148662,False,57.65859,0.657763,107,26.671911,24.973561,1980-09-06,2000-11-11,36.554208,False,26.035862,False
Oklahoma,2001,2001-08-23,1.179465,1.169524,1.148662,1.148662,False,62.95589,0.677266,123,46.212648,39.181011,1980-09-13,2000-11-18,123.826235,False,131.78268,False
Arkansas,2001,2001-08-23,1.248004,1.217503,1.148662,1.148662,False,67.710334,0.69297,133,47.257802,37.866719,1980-09-20,2000-11-24,121.11407,False,139.597936,False
Missouri,2001,2001-08-23,1.106662,1.12037,1.148662,1.148662,False,61.9182,0.673623,123,29.192133,26.378541,1980-09-13,2000-11-18,50.323588,False,44.610712,False
Cincinnati,2001,2001-08-23,1.311092,1.249108,1.148662,1.148662,False,48.615547,0.618396,84,25.844809,19.712436,1980-11-08,2000-11-18,89.330465,False,111.344272,False
Louisville,2001,2001-08-23,1.110473,1.124172,1.148662,1.148662,False,53.631215,0.641282,97,30.302379,27.287806,1980-09-06,2000-11-11,58.185642,False,51.689231,False
Arkansas State,2001,2001-08-23,1.026029,1.094913,1.148662,1.148662,False,23.408529,0.438292,35,8.019326,7.815888,1980-09-20,2000-11-11,28.268498,False,7.855291,False
ULM,2001,2001-08-23,0.937612,1.098465,1.148662,1.148662,False,9.361953,0.237843,14,3.785316,4.037188,1980-11-22,2000-11-11,35.68539,False,-23.053996,False
Middle Tennessee,2001,2001-08-23,1.578367,1.206473,1.148662,1.148662,False,4.663492,0.134536,5,3.779372,2.394482,1999-11-13,2000-11-18,95.376328,False,291.886314,False
Southern Miss,2001,2001-08-23,1.215889,1.188131,1.148662,1.148662,False,42.657982,0.587107,82,33.846367,27.836735,1980-09-20,2000-11-24,130.896861,False,153.467991,False
Michigan,2001,2001-08-23,1.113989,1.124569,1.148662,1.148662,False,68.315322,0.694859,133,56.252366,50.496329,1980-09-13,2000-11-11,114.791589,False,103.599887,False
Michigan State,2001,2001-08-23,1.18485,1.173439,1.148662,1.148662,False,65.145432,0.684693,125,41.45663,34.988939,1980-09-27,2000-11-11,90.052961,False,96.157577,False
Ohio State,2001,2001-08-23,1.130644,1.136025,1.148662,1.148662,False,70.445439,0.70133,137,56.629663,50.086194,1980-09-13,2000-11-18,112.568804,False,107.531938,False
Indiana,2001,2001-08-23,1.176635,1.167711,1.148662,1.148662,False,64.034969,0.68097,123,33.19572,28.212411,1980-09-13,2000-11-11,68.015056,False,71.633204,False
Purdue,2001,2001-08-23,1.322919,1.266666,1.148662,1.148662,False,62.93227,0.677184,122,36.716995,27.754538,1980-09-20,2000-11-18,112.66785,False,136.735499,False
Illinois,2001,2001-08-23,1.116721,1.126898,1.148662,1.148662,False,64.156661,0.681382,123,33.705529,30.182588,1980-09-06,2000-11-11,58.48571,False,53.787345,False
Northwestern,2001,2001-08-23,1.184399,1.172604,1.148662,1.148662,False,60.897412,0.669958,116,24.485891,20.673687,1980-10-04,2000-11-18,61.979481,False,66.072505,False
Wisconsin,2001,2001-08-23,1.167017,1.161234,1.148662,1.148662,False,65.225774,0.684959,129,40.122999,34.38083,1980-09-13,2000-11-04,85.551407,False,88.697625,False
Minnesota,2001,2001-08-23,1.190516,1.176861,1.148662,1.148662,False,61.952694,0.673745,120,29.493168,24.773423,1980-09-13,2000-11-18,64.806718,False,69.758772,False
Iowa,2001,2001-08-23,1.113077,1.124645,1.148662,1.148662,False,62.280651,0.674905,120,36.848077,33.104712,1980-09-27,2000-11-11,69.508102,False,62.952721,False
Notre Dame,2001,2001-08-23,1.14354,1.145089,1.148662,1.148662,False,69.194597,0.697564,133,54.241096,47.432616,1980-09-06,2000-11-11,112.689587,False,111.346192,False
Toledo,2001,2001-08-23,1.244978,1.210683,1.148662,1.148662,False,54.253538,0.643932,104,41.668546,33.469312,1980-09-27,2000-11-22,129.597916,False,153.547073,False
Ball State,2001,2001-08-23,1.181151,1.168335,1.148662,1.148662,False,46.049691,0.605521,90,26.200248,22.181967,1980-09-20,2000-11-18,71.229354,False,76.699465,False
Western Michigan,2001,2001-08-23,1.212852,1.18933,1.148662,1.148662,False,51.869075,0.633561,104,36.839789,30.374525,1980-09-06,2000-11-18,103.012594,False,116.841117,False
Bowling Green,2001,2001-08-23,1.207091,1.184776,1.148662,1.148662,False,48.552311,0.618089,93,33.036501,27.368689,1980-09-13,2000-11-11,105.167938,False,118.596669,False
Central Michigan,2001,2001-08-23,1.173676,1.164508,1.148662,1.148662,False,51.849753,0.633475,101,33.916542,28.897702,1980-09-06,2000-11-11,85.862829,False,90.886969,False
Eastern Michigan,2001,2001-08-23,1.084377,1.10852,1.148662,1.148662,False,49.879818,0.624436,94,22.816755,21.041348,1980-10-18,2000-11-11,41.587397,False,32.40559,False
Northern Illinois,2001,2001-08-23,1.189956,1.172593,1.148662,1.148662,False,41.347515,0.579523,79,19.573656,16.449062,1980-09-13,2000-11-18,64.397343,False,70.784917,False
Penn State,2001,2001-08-23,1.111599,1.122931,1.148662,1.148662,False,68.117208,0.694243,131,54.898255,49.386765,1980-09-27,2000-11-18,109.12241,False,97.926831,False
Pittsburgh,2001,2001-08-23,1.111935,1.12329,1.148662,1.148662,False,67.030295,0.690818,129,35.247552,31.699284,1980-09-13,2000-11-24,55.816302,False,50.662374,False
West Virginia,2001,2001-08-23,1.121829,1.130429,1.148662,1.148662,False,63.604081,0.679501,122,43.699062,38.95339,1980-09-06,2000-11-18,77.844242,False,72.451439,False
Maryland,2001,2001-08-23,1.1199,1.129913,1.148662,1.148662,False,56.169741,0.65185,108,27.234157,24.31839,1980-09-13,2000-11-18,52.33605,False,48.310589,False
Virginia,2001,2001-08-23,1.153513,1.151827,1.148662,1.148662,False,56.34126,0.652542,107,38.231504,33.143542,1980-09-13,2000-11-18,89.32284,False,90.365544,False
Virginia Tech,2001,2001-08-23,1.150349,1.149773,1.148662,1.148662,False,57.890055,0.658664,106,44.1493,38.379057,1980-10-18,2000-11-25,115.20139,False,115.692784,False
NC State,2001,2001-08-23,1.231673,1.203048,1.148662,1.148662,False,56.999009,0.655168,110,36.675695,29.777128,1980-09-27,2000-11-25,100.56344,False,115.475467,False
Wake Forest,2001,2001-08-23,0.920094,1.006926,1.148662,1.148662,False,48.968813,0.620103,91,15.493123,16.83863,1980-09-06,2000-11-11,2.316123,False,-27.180717,False
Duke,2001,2001-08-23,1.067262,1.096264,1.148662,1.148662,False,54.20238,0.643716,105,20.765281,19.456589,1980-09-06,2000-11-18,32.248752,False,22.62791,False
North Carolina,2001,2001-08-23,1.09061,1.109594,1.148662,1.148662,False,61.736789,0.672977,119,39.463573,36.184878,1980-09-27,2000-11-11,65.071159,False,53.538205,False
Marshall,2001,2001-08-23,1.119037,1.138686,1.148662,1.148662,False,15.231825,0.33675,20,13.818949,12.348966,1980-09-13,2000-11-11,203.323948,False,163.927977,False
East Carolina,2001,2001-08-23,1.183846,1.17041,1.148662,1.148662,False,48.563502,0.618143,85,30.35535,25.64131,1980-09-13,2000-11-11,84.70025,False,91.595165,False
Rutgers,2001,2001-08-23,1.127093,1.134868,1.148662,1.148662,False,53.227482,0.639542,99,20.774617,18.432031,1980-09-20,2000-11-18,46.05018,False,43.447233,False
Syracuse,2001,2001-08-23,1.085105,1.105436,1.148662,1.148662,False,63.783523,0.680114,123,45.372959,41.814342,1980-09-20,2000-11-25,76.151751,False,60.797046,False
Boston College,2001,2001-08-23,1.168515,1.161748,1.148662,1.148662,False,58.009842,0.659129,110,32.388659,27.717791,1980-09-20,2000-11-04,73.388337,False,76.482994,False
UConn,2001,2001-08-23,0.0,1.080553,1.148662,1.148662,False,1.890931,0.059294,2,0.0,0.998814,2000-10-28,2000-11-04,29.98907,False,-400.0,True
Temple,2001,2001-08-23,0.939096,1.022112,1.148662,1.148662,False,45.731592,0.603864,85,13.067896,13.915404,1980-09-13,2000-11-18,7.178884,False,-20.149044,False
Army,2001,2001-08-23,1.254374,1.215278,1.148662,1.148662,False,51.117968,0.630168,93,25.188828,20.080802,1980-09-20,2000-11-18,75.148007,False,88.657978,False
Navy,2001,2001-08-23,0.962414,1.038728,1.148662,1.148662,False,43.216496,0.590256,78,15.630823,16.241267,1980-09-20,2000-12-02,14.179975,False,-13.923435,False
Buffalo,2001,2001-08-23,0.633071,1.037733,1.148662,1.148662,False,8.22379,0.215148,9,1.884676,2.97704,1999-09-11,2000-11-18,13.569938,False,-145.986195,False
Akron,2001,2001-08-23,1.276355,1.218577,1.148662,1.148662,False,36.301897,0.547524,54,20.102318,15.74978,1987-09-12,2000-11-11,84.910785,False,107.592491,False
Kent State,2001,2001-08-23,1.07012,1.099731,1.148662,1.148662,False,49.574828,0.622996,97,13.809845,12.904949,1980-10-04,2000-11-18,27.359498,False,19.385206,False
Ohio,2001,2001-08-23,1.194343,1.17627,1.148662,1.148662,False,45.828039,0.604368,91,21.649478,18.12668,1980-09-20,2000-11-18,64.564679,False,71.070618,False
Miami (OH),2001,2001-08-23,1.108229,1.123376,1.148662,1.148662,False,50.082006,0.625384,98,33.772583,30.474379,1980-09-13,2000-11-04,75.349609,False,65.768162,False
Troy,2001,2001-08-23,,1.148662,1.148662,1.148662,False,0.0,0.0,0,0.0,0.0,,,77.443873,False,,False
Alabama,2001,2001-08-23,1.077975,1.099488,1.148662,1.148662,False,68.570431,0.695649,132,51.027279,47.336247,1980-09-06,2000-11-18,76.249169,False,58.865124,False
Auburn,2001,2001-08-23,1.150507,1.149942,1.148662,1.148662,False,67.958367,0.693747,133,51.102539,44.417406,1980-09-20,2000-11-11,104.352582,False,104.782325,False
Georgia,2001,2001-08-23,1.144184,1.145586,1.148662,1.148662,False,65.772697,0.686758,132,49.018003,42.841024,1980-09-13,2000-11-25,99.855249,False,98.802254,False
Georgia Tech,2001,2001-08-23,1.174955,1.166003,1.148662,1.148662,False,58.116766,0.659543,111,35.123487,29.893485,1980-09-20,2000-11-09,84.920893,False,89.624725,False
Florida,2001,2001-08-23,1.211255,1.192153,1.148662,1.148662,False,68.303297,0.694822,129,60.98041,50.344802,1980-09-13,2000-11-11,202.559161,False,230.812717,False
Florida State,2001,2001-08-23,1.13261,1.137665,1.148662,1.148662,False,65.262142,0.68508,121,61.119646,53.963524,1980-09-13,2000-11-18,239.928976,False,225.979902,False
Miami (FL),2001,2001-08-23,1.170777,1.163339,1.148662,1.148662,False,59.204662,0.663695,116,49.858114,42.585498,1980-09-27,2000-11-25,168.409777,False,177.606912,False
South Carolina,2001,2001-08-23,1.182182,1.171277,1.148662,1.148662,False,62.216519,0.674679,119,31.023296,26.242394,1980-10-04,2000-10-28,67.037613,False,71.277826,False
Clemson,2001,2001-08-23,1.127302,1.134659,1.148662,1.148662,False,57.092777,0.65554,110,39.64983,35.172339,1980-09-13,2000-11-18,85.695607,False,80.737715,False
Tennessee,2001,2001-08-23,1.127518,1.1338,1.148662,1.148662,False,70.962512,0.70286,138,59.511479,52.780975,1980-09-06,2000-11-18,133.899621,False,126.528961,False
Vanderbilt,2001,2001-08-23,1.06294,1.091171,1.148662,1.148662,False,61.093815,0.670669,117,19.639258,18.476364,1980-09-20,2000-11-25,27.75939,False,19.275317,False
Kentucky,2001,2001-08-23,1.30264,1.253519,1.148662,1.148662,False,64.040478,0.680988,126,33.145796,25.445091,1980-09-06,2000-11-11,92.118195,False,109.713949,False
LSU,2001,2001-08-23,1.089511,1.107483,1.148662,1.148662,False,68.739219,0.696169,133,41.215156,37.829033,1980-09-06,2000-11-04,60.210334,False,50.000696,False
Mississippi State,2001,2001-08-23,1.263604,1.22419,1.148662,1.148662,False,57.487801,0.657095,109,37.242124,29.472939,1980-09-13,2000-11-18,106.112619,False,125.71113,False
Ole Miss,2001,2001-08-23,1.118602,1.128572,1.148662,1.148662,False,60.452316,0.668334,117,36.064217,32.240431,1980-09-06,2000-11-23,61.537844,False,56.686397,False
UCF,2001,2001-08-23,1.065574,1.125466,1.148662,1.148662,False,11.618481,0.279166,14,7.317948,6.867611,1996-10-19,2000-11-11,70.953334,False,36.421352,False
South Florida,2001,2001-08-23,,1.148662,1.148662,1.148662,False,0.0,0.0,0,0.0,0.0,,,77.443873,False,,False
UAB,2001,2001-08-23,1.184013,1.16055,1.148662,1.148662,False,15.20067,0.336293,18,7.705215,6.507712,1996-09-14,2000-11-11,61.645873,False,70.602182,False
Idaho,2001,2001-08-23,1.089838,1.133101,1.148662,1.148662,False,10.790028,0.264526,13,7.544873,6.92293,1996-10-19,2000-11-11,75.408558,False,49.72783,False
Washington,2002,2002-08-22,1.204994,1.186819,1.14716,1.14716,False,65.462908,0.685742,131,53.907651,44.736867,1980-09-13,2001-11-17,146.039499,False,163.120325,False
Washington State,2002,2002-08-22,1.105417,1.119869,1.14716,1.14716,False,56.648872,0.653775,110,29.863693,27.015777,1980-09-13,2001-11-04,51.676255,False,45.445004,False
Oregon,2002,2002-08-22,1.227578,1.200695,1.14716,1.14716,False,59.739625,0.6657,114,42.914114,34.958351,1980-09-06,2001-12-01,111.77178,False,128.142702,False
Oregon State,2002,2002-08-22,1.392359,1.305223,1.14716,1.14716,False,54.419203,0.644631,107,23.454077,16.844845,1980-10-11,2001-11-10,95.09942,False,120.84548,False
California,2002,2002-08-22,1.194786,1.179015,1.14716,1.14716,False,60.593786,0.668851,120,28.366549,23.741941,1980-09-27,2001-11-10,63.615184,False,69.143392,False
Stanford,2002,2002-08-22,1.160637,1.15634,1.14716,1.14716,False,64.099852,0.68119,127,36.723381,31.640716,1980-09-13,2001-11-25,70.854751,False,72.821073,False
USC,2002,2002-08-22,1.151884,1.150417,1.14716,1.14716,False,66.622914,0.689515,130,44.12156,38.303825,1980-09-20,2001-11-17,78.401372,False,79.197572,False
UCLA,2002,2002-08-22,1.175462,1.166248,1.14716,1.14716,False,62.151104,0.674448,122,43.844594,37.299894,1980-09-13,2001-12-01,98.396702,False,104.222066,False
San Jose State,2002,2002-08-22,1.074958,1.107597,1.14716,1.14716,False,36.363894,0.547947,66,18.51096,17.220171,1980-10-11,2001-12-01,45.57893,False,31.731522,False
Fresno State,2002,2002-08-22,1.258469,1.216913,1.14716,1.14716,False,50.355785,0.62666,88,39.223269,31.16745,1980-09-20,2001-12-01,137.582338,False,168.20335,False
San Diego State,2002,2002-08-22,1.072801,1.098376,1.14716,1.14716,False,57.223042,0.656054,113,29.304426,27.315819,1980-09-27,2001-11-18,41.100852,False,30.412957,False
Hawai'i,2002,2002-08-22,1.186147,1.175219,1.14716,1.14716,False,77.026486,0.719696,148,37.525177,31.6362,1980-10-04,2001-12-08,67.08967,False,71.23215,False
Nevada,2002,2002-08-22,1.055953,1.099565,1.14716,1.14716,False,32.740653,0.521841,45,17.514283,16.586234,1992-10-24,2001-11-17,48.186278,False,27.002771,False
UNLV,2002,2002-08-22,1.117261,1.128871,1.14716,1.14716,False,47.262022,0.611711,89,18.632317,16.676781,1980-09-13,2001-11-03,42.981332,False,39.169514,False
Arizona,2002,2002-08-22,1.062899,1.089267,1.14716,1.14716,False,65.86691,0.687066,133,41.300654,38.856617,1980-09-20,2001-11-11,50.038797,False,35.015455,False
Arizona State,2002,2002-08-22,1.115492,1.125118,1.14716,1.14716,False,68.696498,0.696038,138,44.111838,39.544721,1980-09-13,2001-11-23,67.392416,False,62.055735,False
BYU,2002,2002-08-22,1.1662,1.160258,1.14716,1.14716,False,66.123165,0.6879,131,53.440494,45.824478,1980-09-13,2001-11-18,126.630841,False,132.121031,False
Utah,2002,2002-08-22,1.087715,1.108207,1.14716,1.14716,False,57.025352,0.655273,111,36.014977,33.110678,1980-09-20,2001-11-10,58.87648,False,47.473683,False
Utah State,2002,2002-08-22,1.063768,1.099983,1.14716,1.14716,False,39.081307,0.565729,73,16.633041,15.635966,1980-10-04,2001-10-27,35.862013,False,22.973868,False
Boise State,2002,2002-08-22,1.123781,1.137725,1.14716,1.14716,False,20.298652,0.403563,25,12.96262,11.534824,1996-08-31,2001-11-24,76.79234,False,68.765321,False
Colorado,2002,2002-08-22,1.127835,1.133941,1.14716,1.14716,False,64.940313,0.684012,131,44.431138,39.39508,1980-09-27,2001-11-23,88.730539,False,84.487019,False
Colorado State,2002,2002-08-22,1.125216,1.133008,1.14716,1.14716,False,54.486352,0.644913,107,34.399086,30.571095,1980-09-06,2001-11-09,77.016214,False,72.382335,False
Wyoming,2002,2002-08-22,1.182994,1.170703,1.14716,1.14716,False,57.458506,0.65698,113,35.706492,30.183145,1980-09-13,2001-11-10,82.537268,False,88.650175,False
Air Force,2002,2002-08-22,1.12277,1.131,1.14716,1.14716,False,58.909858,0.66258,119,40.30348,35.896464,1980-09-20,2001-12-01,80.183876,False,74.906326,False
New Mexico,2002,2002-08-22,1.156814,1.153494,1.14716,1.14716,False,57.225952,0.656066,113,26.086358,22.550177,1980-09-06,2001-11-24,55.07918,False,56.254881,False
New Mexico State,2002,2002-08-22,0.905186,1.009598,1.14716,1.14716,False,39.524852,0.5685,72,12.302426,13.591045,1980-09-13,2001-11-10,3.071869,False,-30.992409,False
UTEP,2002,2002-08-22,1.130384,1.136428,1.14716,1.14716,False,53.279621,0.639768,107,21.318972,18.859934,1980-09-20,2001-11-25,48.283201,False,46.182477,False
Kansas,2002,2002-08-22,1.108407,1.121137,1.14716,1.14716,False,61.32906,0.671517,124,28.741662,25.930607,1980-09-13,2001-11-24,50.322645,False,45.035987,False
Kansas State,2002,2002-08-22,1.171898,1.163696,1.14716,1.14716,False,60.478296,0.668429,112,44.765229,38.198921,1980-09-27,2001-11-24,136.797567,False,144.360118,False
Nebraska,2002,2002-08-22,1.149611,1.148895,1.14716,1.14716,False,72.772102,0.708092,145,68.885289,59.920541,1980-09-13,2001-11-10,265.854715,False,268.053742,False
Iowa State,2002,2002-08-22,1.136091,1.139801,1.14716,1.14716,False,59.514146,0.664857,119,23.869944,21.010599,1980-09-13,2001-11-24,49.27706,False,47.991489,False
Oklahoma State,2002,2002-08-22,1.105646,1.120119,1.14716,1.14716,False,56.054472,0.651384,111,27.936207,25.266864,1980-10-04,2001-11-10,54.292781,False,47.760191,False
Tulsa,2002,2002-08-22,1.052997,1.089605,1.14716,1.14716,False,47.167228,0.611234,85,18.913073,17.961181,1980-09-13,2001-11-24,30.896997,False,18.368938,False
Texas,2002,2002-08-22,1.23941,1.211027,1.14716,1.14716,False,67.506389,0.692328,133,51.481453,41.537063,1980-09-01,2001-12-02,130.043116,False,149.886116,False
Texas A&M,2002,2002-08-22,1.205264,1.18636,1.14716,1.14716,False,62.20693,0.674645,123,51.751997,42.9383,1980-09-20,2001-11-23,157.52856,False,176.931435,False
Baylor,2002,2002-08-22,1.072742,1.098124,1.14716,1.14716,False,57.958723,0.658931,112,26.998328,25.167579,1980-10-04,2001-11-17,41.774109,False,30.984783,False
TCU,2002,2002-08-22,1.203825,1.18452,1.14716,1.14716,False,58.05929,0.65932,117,32.00211,26.583693,1980-09-13,2001-11-23,81.826779,False,90.370231,False
Texas Tech,2002,2002-08-22,1.220478,1.196733,1.14716,1.14716,False,62.630484,0.676133,123,40.552166,33.226462,1980-09-06,2001-11-17,99.92566,False,112.431176,False
Houston,2002,2002-08-22,1.061923,1.091937,1.14716,1.14716,False,55.197755,0.647878,111,23.866555,22.474845,1980-09-20,2001-11-18,37.64332,False,25.441564,False
Rice,2002,2002-08-22,1.144205,1.145249,1.14716,1.14716,False,54.939193,0.646806,110,28.129924,24.584683,1980-09-27,2001-11-18,64.514932,False,64.051263,False
SMU,2002,2002-08-22,1.1383,1.141473,1.14716,1.14716,False,53.775166,0.641899,102,23.824985,20.930317,1980-09-13,2001-11-24,55.049785,False,53.836781,False
North Texas,2002,2002-08-22,1.178673,1.160906,1.14716,1.14716,False,23.210137,0.436198,33,9.428256,7.999046,1980-10-04,2001-11-10,49.304657,False,54.617627,False
Louisiana Tech,2002,2002-08-22,1.355191,1.252133,1.14716,1.14716,False,30.557542,0.504603,50,22.601494,16.677723,1981-09-19,2001-11-03,123.179605,False,179.98278,False
Tulane,2002,2002-08-22,1.102407,1.117418,1.14716,1.14716,False,59.443093,0.664591,122,27.510751,24.955158,1980-09-06,2001-11-03,46.131385,False,40.284715,False
Louisiana,2002,2002-08-22,1.135272,1.140765,1.14716,1.14716,False,34.934566,0.537996,64,16.529072,14.559565,1980-09-06,2001-11-17,53.798267,False,51.711089,False
Memphis,2002,2002-08-22,1.086064,1.106767,1.14716,1.14716,False,58.533469,0.661145,112,27.720306,25.523628,1980-09-06,2001-11-24,40.854083,False,32.959075,False
Oklahoma,2002,2002-08-22,1.145713,1.146168,1.14716,1.14716,False,65.350289,0.685371,130,48.774714,42.571501,1980-09-13,2001-11-24,118.712681,False,118.309061,False
Arkansas,2002,2002-08-22,1.29116,1.247455,1.14716,1.14716,False,68.844858,0.696494,139,48.821174,37.811885,1980-09-20,2001-11-17,135.028549,False,161.288436,False
Missouri,2002,2002-08-22,1.079523,1.101461,1.14716,1.14716,False,62.494628,0.675657,128,28.191036,26.114339,1980-09-13,2001-11-10,42.216357,False,33.118285,False
Cincinnati,2002,2002-08-22,1.251159,1.212658,1.14716,1.14716,False,51.036193,0.629795,90,26.958087,21.546499,1980-11-08,2001-12-01,80.325745,False,94.730659,False
Louisville,2002,2002-08-22,1.134861,1.139215,1.14716,1.14716,False,54.755591,0.646041,102,32.983853,29.064215,1980-09-06,2001-11-10,69.642974,False,67.414615,False
Arkansas State,2002,2002-08-22,1.048245,1.101595,1.14716,1.14716,False,25.62297,0.460654,39,9.371239,8.939928,1980-09-20,2001-11-17,31.294245,False,14.987706,False
ULM,2002,2002-08-22,0.950019,1.089164,1.14716,1.14716,False,12.504107,0.294186,18,4.473742,4.709108,1980-11-22,2001-11-11,30.093678,False,-17.259748,False
Middle Tennessee,2002,2002-08-22,1.399925,1.205834,1.14716,1.14716,False,9.068938,0.232127,10,8.243829,5.888766,1999-11-13,2001-11-17,147.385883,False,353.316773,False
Southern Miss,2002,2002-08-22,1.197659,1.177332,1.14716,1.14716,False,44.531274,0.597484,87,35.355397,29.520423,1980-09-20,2001-12-08,126.385473,False,143.250338,False
Michigan,2002,2002-08-22,1.109893,1.121139,1.14716,1.14716,False,69.408387,0.698215,139,57.20071,51.537157,1980-09-13,2001-11-24,111.993251,False,100.075968,False
Michigan State,2002,2002-08-22,1.180855,1.170377,1.14716,1.14716,False,66.470131,0.689023,131,42.465231,35.961427,1980-09-27,2001-12-01,88.943029,False,94.590241,False
Ohio State,2002,2002-08-22,1.131564,1.136178,1.14716,1.14716,False,71.40256,0.704149,143,56.617986,50.035168,1980-09-13,2001-11-17,107.59748,False,103.517854,False
Indiana,2002,2002-08-22,1.181813,1.170919,1.14716,1.14716,False,65.428756,0.685629,129,33.82715,28.623091,1980-09-13,2001-12-01,67.897604,False,72.214371,False
Purdue,2002,2002-08-22,1.291887,1.245895,1.14716,1.14716,False,64.402152,0.682211,128,38.039406,29.444837,1980-09-20,2001-12-01,106.659661,False,127.038625,False
Illinois,2002,2002-08-22,1.159842,1.155859,1.14716,1.14716,False,65.530684,0.685965,129,37.112032,31.997494,1980-09-06,2001-11-22,74.637371,False,76.567493,False
Northwestern,2002,2002-08-22,1.128882,1.134871,1.14716,1.14716,False,61.55448,0.672326,121,24.733725,21.909925,1980-10-04,2001-11-17,49.601715,False,47.445286,False
Wisconsin,2002,2002-08-22,1.117872,1.126975,1.14716,1.14716,False,66.52256,0.689192,135,39.324666,35.178162,1980-09-13,2001-11-17,66.755156,False,61.8952,False
Minnesota,2002,2002-08-22,1.208283,1.188467,1.14716,1.14716,False,62.533272,0.675792,125,30.354174,25.121742,1980-09-13,2001-11-24,69.094045,False,76.272396,False
Iowa,2002,2002-08-22,1.153893,1.151739,1.14716,1.14716,False,63.771492,0.680073,126,39.091595,33.878002,1980-09-27,2001-11-17,83.401827,False,84.617844,False
Notre Dame,2002,2002-08-22,1.140789,1.142696,1.14716,1.14716,False,70.236439,0.700708,139,54.396343,47.683086,1980-09-06,2001-11-17,107.368246,False,105.780926,False
Toledo,2002,2002-08-22,1.253803,1.216731,1.14716,1.14716,False,56.29825,0.652368,110,44.553252,35.534487,1980-09-27,2001-12-01,142.358507,False,170.738714,False
Ball State,2002,2002-08-22,1.170985,1.161672,1.14716,1.14716,False,46.752933,0.609135,94,26.341172,22.494894,1980-09-20,2001-11-10,69.129068,False,73.145653,False
Western Michigan,2002,2002-08-22,1.19542,1.177804,1.14716,1.14716,False,52.188932,0.634987,108,37.212914,31.129584,1980-09-06,2001-11-24,99.140739,False,109.761406,False
Bowling Green,2002,2002-08-22,1.23433,1.201651,1.14716,1.14716,False,50.023375,0.62511,98,34.597084,28.029029,1980-09-13,2001-11-24,113.800886,False,133.452852,False
Central Michigan,2002,2002-08-22,1.160903,1.155885,1.14716,1.14716,False,52.162109,0.634868,105,32.600112,28.081693,1980-09-06,2001-11-10,78.310994,False,80.922058,False
Eastern Michigan,2002,2002-08-22,1.075393,1.102517,1.14716,1.14716,False,49.377556,0.622059,97,22.238673,20.679583,1980-10-18,2001-10-27,38.776981,False,28.592415,False
Northern Illinois,2002,2002-08-22,1.252362,1.209306,1.14716,1.14716,False,43.30161,0.590732,84,22.039982,17.598732,1980-09-13,2001-11-17,79.400407,False,95.55955,False
Penn State,2002,2002-08-22,1.128606,1.134216,1.14716,1.14716,False,69.224912,0.697657,137,54.073577,47.911835,1980-09-27,2001-11-17,109.301786,False,104.274876,False
Pittsburgh,2002,2002-08-22,1.115059,1.124959,1.14716,1.14716,False,67.271439,0.691585,134,34.792159,31.202084,1980-09-13,2001-12-01,56.176576,False,51.717853,False
West Virginia,2002,2002-08-22,1.100986,1.115564,1.14716,1.14716,False,65.019116,0.684274,128,43.603108,39.603702,1980-09-06,2001-11-24,68.890375,False,59.865435,False
Maryland,2002,2002-08-22,1.181974,1.17024,1.14716,1.14716,False,59.009715,0.662958,115,32.005455,27.077964,1980-09-13,2001-11-11,72.711198,False,77.771339,False
Virginia,2002,2002-08-22,1.168407,1.161185,1.14716,1.14716,False,58.257329,0.660085,113,38.518033,32.966268,1980-09-13,2001-12-01,92.065967,False,96.374081,False
Virginia Tech,2002,2002-08-22,1.125993,1.133074,1.14716,1.14716,False,59.675221,0.665459,112,44.95563,39.925336,1980-10-18,2001-12-01,105.328331,False,99.207823,False
NC State,2002,2002-08-22,1.19225,1.177027,1.14716,1.14716,False,58.85597,0.662375,116,37.058198,31.082567,1980-09-27,2001-11-24,87.446752,False,95.268195,False
Wake Forest,2002,2002-08-22,0.906504,0.996275,1.14716,1.14716,False,50.42334,0.626974,96,15.408896,16.998163,1980-09-06,2001-11-24,-1.218298,False,-31.181438,False
Duke,2002,2002-08-22,1.026596,1.06854,1.14716,1.14716,False,56.23238,0.652103,111,19.379289,18.877224,1980-09-06,2001-11-03,22.551048,False,8.81616,False
North Carolina,2002,2002-08-22,1.10272,1.117012,1.14716,1.14716,False,63.285216,0.678406,125,41.551289,37.680722,1980-09-27,2001-12-01,72.932316,False,63.741033,False
Marshall,2002,2002-08-22,1.129188,1.140423,1.14716,1.14716,False,17.992029,0.374896,24,16.673456,14.76588,1980-09-13,2001-11-17,225.573025,False,198.416629,False
East Carolina,2002,2002-08-22,1.117215,1.128572,1.14716,1.14716,False,49.098654,0.620727,89,29.272845,26.20163,1980-09-13,2001-11-23,63.530169,False,57.815335,False
Rutgers,2002,2002-08-22,1.061093,1.091018,1.14716,1.14716,False,56.283508,0.652309,106,20.331585,19.160985,1980-09-20,2001-11-23,31.406106,False,21.185891,False
Syracuse,2002,2002-08-22,1.116628,1.126158,1.14716,1.14716,False,66.115528,0.687876,130,48.000003,42.98657,1980-09-20,2001-11-25,89.367619,False,82.184983,False
Boston College,2002,2002-08-22,1.194136,1.178441,1.14716,1.14716,False,59.789469,0.665885,116,34.931037,29.25215,1980-09-20,2001-11-10,83.840742,False,91.332237,False
UConn,2002,2002-08-22,0.378857,1.027459,1.14716,1.14716,False,5.536571,0.155799,6,0.94108,2.483998,2000-10-28,2001-11-10,9.664026,False,-263.913304,False
Temple,2002,2002-08-22,0.968444,1.036888,1.14716,1.14716,False,48.334185,0.617025,91,15.022368,15.511862,1980-09-13,2001-11-24,12.39503,False,-10.745186,False
Army,2002,2002-08-22,1.258749,1.218131,1.14716,1.14716,False,52.417758,0.636001,98,25.3935,20.173604,1980-09-20,2001-11-10,74.541938,False,88.223667,False
Navy,2002,2002-08-22,0.907092,1.00187,1.14716,1.14716,False,45.988553,0.605204,84,14.587534,16.081655,1980-09-20,2001-12-01,0.6657,False,-33.713963,False
Buffalo,2002,2002-08-22,0.64561,1.000596,1.14716,1.14716,False,12.386247,0.292223,14,2.704976,4.1898,1999-09-11,2001-11-17,0.196566,False,-129.456499,False
Akron,2002,2002-08-22,1.265004,1.212742,1.14716,1.14716,False,37.646683,0.556519,58,21.584772,17.06301,1987-09-12,2001-11-24,86.787995,False,108.4858,False
Kent State,2002,2002-08-22,1.192472,1.17549,1.14716,1.14716,False,50.047803,0.625224,101,15.723883,13.185957,1980-10-04,2001-11-24,47.48221,False,51.875395,False
Ohio,2002,2002-08-22,1.081884,1.107157,1.14716,1.14716,False,47.484651,0.612827,96,20.20447,18.675268,1980-09-20,2001-11-10,39.16404,False,30.022235,False
Miami (OH),2002,2002-08-22,1.142162,1.144003,1.14716,1.14716,False,51.453432,0.631691,103,35.285241,30.893383,1980-09-13,2001-11-10,85.470999,False,84.327279,False
Troy,2002,2002-08-22,1.481624,1.157438,1.14716,1.14716,False,0.951134,0.03073,1,0.951134,0.641954,2001-12-01,2001-12-01,94.165029,False,400.0,True
Alabama,2002,2002-08-22,1.084069,1.102884,1.14716,1.14716,False,70.596147,0.701778,139,51.399397,47.413408,1980-09-06,2001-11-30,73.112831,False,59.086354,False
Auburn,2002,2002-08-22,1.165091,1.159661,1.14716,1.14716,False,69.068987,0.697181,139,52.389602,44.96612,1980-09-20,2001-11-17,110.75437,False,114.917709,False
Georgia,2002,2002-08-22,1.115667,1.125404,1.14716,1.14716,False,67.035496,0.690835,138,49.515662,44.382116,1980-09-13,2001-12-01,88.2181,False,80.848103,False
Georgia Tech,2002,2002-08-22,1.136734,1.14025,1.14716,1.14716,False,58.959077,0.662766,116,34.668644,30.49846,1980-09-20,2001-11-25,70.140349,False,68.345722,False
Florida,2002,2002-08-22,1.200771,1.184743,1.14716,1.14716,False,70.345977,0.701034,136,62.560727,52.100458,1980-09-13,2001-12-01,194.193095,False,217.49071,False
Florida State,2002,2002-08-22,1.122855,1.130406,1.14716,1.14716,False,66.567755,0.689337,127,60.81207,54.15843,1980-09-13,2001-12-01,198.733127,False,182.713921,False
Miami (FL),2002,2002-08-22,1.164065,1.158487,1.14716,1.14716,False,60.919415,0.670037,122,52.196708,44.840028,1980-09-27,2001-11-25,177.062302,False,184.697488,False
South Carolina,2002,2002-08-22,1.195113,1.179763,1.14716,1.14716,False,63.719322,0.679895,125,33.660579,28.165176,1980-10-04,2001-11-17,74.395638,False,80.743171,False
Clemson,2002,2002-08-22,1.084978,1.106177,1.14716,1.14716,False,57.996326,0.659077,115,38.88936,35.843468,1980-09-13,2001-12-01,66.716593,False,52.922803,False
Tennessee,2002,2002-08-22,1.129385,1.134619,1.14716,1.14716,False,71.883893,0.705547,144,60.256087,53.352987,1980-09-06,2001-11-24,132.456783,False,126.412315,False
Vanderbilt,2002,2002-08-22,0.976306,1.032192,1.14716,1.14716,False,61.716345,0.672905,122,18.328423,18.773241,1980-09-20,2001-11-10,9.870534,False,-7.359049,False
Kentucky,2002,2002-08-22,1.277739,1.236679,1.14716,1.14716,False,65.406351,0.685556,132,31.869551,24.942154,1980-09-06,2001-11-17,83.844874,False,98.077484,False
LSU,2002,2002-08-22,1.107151,1.118952,1.14716,1.14716,False,71.709685,0.705043,141,44.136637,39.865068,1980-09-06,2001-12-09,66.557473,False,59.819456,False
Mississippi State,2002,2002-08-22,1.230794,1.202995,1.14716,1.14716,False,60.257185,0.667616,116,37.587363,30.539127,1980-09-13,2001-12-02,94.135748,False,107.476951,False
Ole Miss,2002,2002-08-22,1.1053,1.119078,1.14716,1.14716,False,61.149319,0.67087,122,36.494135,33.017398,1980-09-06,2001-12-01,57.214998,False,50.487213,False
UCF,2002,2002-08-22,1.158262,1.150798,1.14716,1.14716,False,14.623806,0.327713,18,10.610315,9.160552,1996-10-19,2001-11-24,95.556209,False,100.679206,False
South Florida,2002,2002-08-22,1.402232,1.175693,1.14716,1.14716,False,3.778486,0.111861,4,3.778486,2.694622,2001-09-29,2001-11-25,133.067989,False,400.0,True
UAB,2002,2002-08-22,1.243818,1.183354,1.14716,1.14716,False,17.957939,0.374452,22,10.020443,8.056195,1996-09-14,2001-11-10,71.868797,False,95.657359,False
Idaho,2002,2002-08-22,0.98826,1.096976,1.14716,1.14716,False,13.848496,0.315826,17,7.987559,8.082444,1996-10-19,2001-11-18,48.518842,False,-5.718831,False
Washington,2003,2003-08-23,1.18935,1.176552,1.147686,1.147686,False,67.659577,0.69281,138,54.993039,46.237882,1980-09-13,2002-11-09,137.467694,False,149.168193,False
Washington State,2003,2003-08-23,1.119088,1.128782,1.147686,1.147686,False,58.500936,0.661021,116,32.563526,29.098282,1980-09-13,2002-11-23,58.50909,False,54.08188,False
Oregon,2003,2003-08-23,1.155368,1.152872,1.147686,1.147686,False,62.32001,0.675043,121,43.787533,37.899208,1980-09-06,2002-11-16,90.330679,False,91.902904,False
Oregon State,2003,2003-08-23,1.39013,1.305971,1.147686,1.147686,False,56.42334,0.652872,113,26.595245,19.131484,1980-10-11,2002-11-23,101.910726,False,129.014413,False
California,2003,2003-08-23,1.175588,1.166599,1.147686,1.147686,False,63.116874,0.677824,127,30.226127,25.711491,1980-09-27,2002-11-23,60.769102,False,64.019405,False
Stanford,2003,2003-08-23,1.15016,1.149375,1.147686,1.147686,False,64.516544,0.682595,132,36.139634,31.421393,1980-09-13,2002-11-16,66.780042,False,67.133144,False
USC,2003,2003-08-23,1.186614,1.174674,1.147686,1.147686,False,67.811613,0.693288,136,46.820096,39.456895,1980-09-20,2002-12-01,92.679437,False,99.41857,False
UCLA,2003,2003-08-23,1.149444,1.148881,1.147686,1.147686,False,63.642919,0.679634,128,42.783025,37.220611,1980-09-13,2002-12-07,83.144277,False,83.472576,False
San Jose State,2003,2003-08-23,1.081747,1.110965,1.147686,1.147686,False,37.704518,0.556898,70,19.155522,17.707943,1980-10-11,2002-11-23,46.875763,False,34.519815,False
Fresno State,2003,2003-08-23,1.256332,1.216888,1.147686,1.147686,False,52.634195,0.636954,94,41.304189,32.876819,1980-09-20,2002-11-17,140.394217,False,170.182625,False
San Diego State,2003,2003-08-23,1.108894,1.122105,1.147686,1.147686,False,58.094902,0.659458,118,29.224557,26.35468,1980-09-27,2002-11-17,49.443346,False,44.106451,False
Hawai'i,2003,2003-08-23,1.181056,1.171828,1.147686,1.147686,False,78.482009,0.723456,155,40.680277,34.443997,1980-10-04,2002-12-08,71.920875,False,75.768721,False
Nevada,2003,2003-08-23,1.145221,1.146338,1.147686,1.147686,False,36.198171,0.546815,51,20.104503,17.555133,1992-10-24,2002-11-23,69.312897,False,68.779489,False
UNLV,2003,2003-08-23,1.08067,1.105884,1.147686,1.147686,False,49.738375,0.62377,95,20.204823,18.696573,1980-09-13,2002-11-16,36.756273,False,28.079363,False
Arizona,2003,2003-08-23,1.063405,1.089443,1.147686,1.147686,False,67.107388,0.691064,139,40.406199,37.996992,1980-09-20,2002-11-29,48.262079,False,34.04088,False
Arizona State,2003,2003-08-23,1.13092,1.135963,1.147686,1.147686,False,69.737068,0.699209,144,44.914141,39.714695,1980-09-13,2002-11-09,71.053016,False,68.332521,False
BYU,2003,2003-08-23,1.166393,1.160628,1.147686,1.147686,False,67.340216,0.691803,137,53.617074,45.968263,1980-09-13,2002-11-16,121.242173,False,126.25841,False
Utah,2003,2003-08-23,1.098736,1.11544,1.147686,1.147686,False,57.914259,0.658758,116,36.430977,33.157185,1980-09-20,2002-11-23,60.753424,False,51.753871,False
Utah State,2003,2003-08-23,1.12442,1.134359,1.147686,1.147686,False,40.224571,0.572799,77,17.407184,15.481038,1980-10-04,2002-11-09,46.358939,False,42.985565,False
Boise State,2003,2003-08-23,1.179802,1.162153,1.147686,1.147686,False,24.590309,0.450452,31,17.746524,15.041947,1996-08-31,2002-11-16,104.153955,False,116.443171,False
Colorado,2003,2003-08-23,1.104301,1.117566,1.147686,1.147686,False,68.119119,0.694249,139,46.162412,41.802389,1980-09-27,2002-12-08,76.99606,False,67.950644,False
Colorado State,2003,2003-08-23,1.111435,1.124147,1.147686,1.147686,False,55.554045,0.649344,112,35.863857,32.268062,1980-09-06,2002-11-30,76.029519,False,68.012563,False
Wyoming,2003,2003-08-23,1.192682,1.177233,1.147686,1.147686,False,57.375988,0.656656,117,34.255073,28.721037,1980-09-13,2002-11-16,83.105133,False,90.497556,False
Air Force,2003,2003-08-23,1.118414,1.128007,1.147686,1.147686,False,61.548595,0.672305,126,41.352231,36.973989,1980-09-20,2002-11-23,75.844753,False,69.936725,False
New Mexico,2003,2003-08-23,1.179695,1.168796,1.147686,1.147686,False,58.104801,0.659496,118,28.115371,23.832738,1980-09-06,2002-11-30,63.072178,False,67.103715,False
New Mexico State,2003,2003-08-23,1.033934,1.081607,1.147686,1.147686,False,41.583339,0.580908,77,16.187532,15.656247,1980-09-13,2002-11-03,28.111523,False,11.759791,False
UTEP,2003,2003-08-23,1.140972,1.143385,1.147686,1.147686,False,53.480542,0.640635,111,20.831878,18.25801,1980-09-20,2002-11-16,49.78999,False,48.969366,False
Kansas,2003,2003-08-23,1.084853,1.105357,1.147686,1.147686,False,61.931302,0.673669,129,26.813102,24.715893,1980-09-13,2002-11-16,42.607067,False,34.351288,False
Kansas State,2003,2003-08-23,1.193281,1.178426,1.147686,1.147686,False,62.074799,0.674178,118,46.47285,38.945426,1980-09-27,2002-11-16,143.62517,False,156.957181,False
Nebraska,2003,2003-08-23,1.142426,1.143937,1.147686,1.147686,False,74.478067,0.712858,152,68.955551,60.358856,1980-09-13,2002-11-29,229.754765,False,226.161077,False
Iowa State,2003,2003-08-23,1.141324,1.143396,1.147686,1.147686,False,62.103604,0.67428,126,26.968179,23.62886,1980-09-13,2002-11-23,53.740952,False,52.973365,False
Oklahoma State,2003,2003-08-23,1.194137,1.178294,1.147686,1.147686,False,57.95768,0.658927,117,30.789164,25.783603,1980-10-04,2002-11-30,80.262455,False,87.39393,False
Tulsa,2003,2003-08-23,1.045915,1.084244,1.147686,1.147686,False,49.656723,0.623384,91,18.588488,17.772462,1980-09-13,2002-11-16,28.228059,False,15.483585,False
Texas,2003,2003-08-23,1.227258,1.203056,1.147686,1.147686,False,68.632587,0.695841,139,53.682921,43.742155,1980-09-01,2002-11-29,136.862893,False,155.641532,False
Texas A&M,2003,2003-08-23,1.167496,1.161216,1.147686,1.147686,False,64.625497,0.682961,130,51.100408,43.769225,1980-09-20,2002-11-16,127.821219,False,133.490807,False
Baylor,2003,2003-08-23,1.102499,1.117768,1.147686,1.147686,False,58.783356,0.662099,117,27.065695,24.549417,1980-10-04,2002-11-16,49.158532,False,42.802334,False
TCU,2003,2003-08-23,1.213901,1.191786,1.147686,1.147686,False,59.822594,0.666008,123,35.513846,29.255962,1980-09-13,2002-11-30,92.880231,False,103.737415,False
Texas Tech,2003,2003-08-23,1.245638,1.214406,1.147686,1.147686,False,64.087401,0.681148,129,42.552307,34.161047,1980-09-06,2002-11-16,109.195349,False,125.866036,False
Houston,2003,2003-08-23,1.084753,1.106415,1.147686,1.147686,False,57.157572,0.655796,117,25.096272,23.13548,1980-09-20,2002-11-30,42.799739,False,34.161457,False
Rice,2003,2003-08-23,1.130275,1.136352,1.147686,1.147686,False,55.960739,0.651003,115,28.127792,24.885792,1980-09-27,2002-11-16,60.003194,False,57.333704,False
SMU,2003,2003-08-23,1.113681,1.125568,1.147686,1.147686,False,55.816644,0.650417,108,24.11907,21.657079,1980-09-13,2002-11-23,48.661486,False,44.12807,False
North Texas,2003,2003-08-23,1.203218,1.173165,1.147686,1.147686,False,25.434799,0.458824,37,11.636779,9.671383,1980-10-04,2002-11-16,58.428697,False,68.381161,False
Louisiana Tech,2003,2003-08-23,1.373523,1.266364,1.147686,1.147686,False,33.224637,0.525501,55,24.850582,18.09259,1981-09-19,2002-12-06,131.859993,False,192.130565,False
Tulane,2003,2003-08-23,1.125518,1.132817,1.147686,1.147686,False,61.121386,0.670769,128,29.443973,26.160367,1980-09-06,2002-11-23,54.018587,False,51.076619,False
Louisiana,2003,2003-08-23,1.205456,1.179705,1.147686,1.147686,False,37.30181,0.554247,69,18.250927,15.140274,1980-09-06,2002-11-09,66.129382,False,75.525047,False
Memphis,2003,2003-08-23,1.072979,1.09807,1.147686,1.147686,False,59.324376,0.664145,117,27.748195,25.860905,1980-09-06,2002-11-23,37.134376,False,27.662979,False
Oklahoma,2003,2003-08-23,1.16458,1.159385,1.147686,1.147686,False,67.558114,0.692491,137,52.094757,44.732653,1980-09-13,2002-11-24,133.085954,False,137.961621,False
Arkansas,2003,2003-08-23,1.263394,1.229601,1.147686,1.147686,False,72.721893,0.707949,148,51.207059,40.531349,1980-09-20,2002-12-07,125.396714,False,145.582901,False
Missouri,2003,2003-08-23,1.090804,1.108966,1.147686,1.147686,False,63.958167,0.680709,134,29.119113,26.695097,1980-09-13,2002-11-23,45.203102,False,37.69682,False
Cincinnati,2003,2003-08-23,1.217952,1.192919,1.147686,1.147686,False,54.205958,0.643731,97,28.927558,23.750983,1980-11-08,2002-11-30,75.343842,False,85.091024,False
Louisville,2003,2003-08-23,1.088238,1.108799,1.147686,1.147686,False,56.739318,0.654136,108,33.60375,30.879034,1980-09-06,2002-11-23,55.943185,False,45.198136,False
Arkansas State,2003,2003-08-23,1.083347,1.116284,1.147686,1.147686,False,28.602332,0.488075,44,10.61889,9.801925,1980-09-20,2002-10-26,34.730645,False,25.029502,False
ULM,2003,2003-08-23,1.165763,1.15407,1.147686,1.147686,False,16.379996,0.353169,23,7.009518,6.012817,1980-11-22,2002-11-23,48.665119,False,52.276664,False
Middle Tennessee,2003,2003-08-23,1.374163,1.21336,1.147686,1.147686,False,12.252174,0.289977,14,10.532919,7.664971,1999-11-13,2002-11-30,133.866144,False,266.747185,False
Southern Miss,2003,2003-08-23,1.214194,1.18803,1.147686,1.147686,False,46.258021,0.606599,92,36.749774,30.266816,1980-09-20,2002-11-30,128.552586,False,149.524554,False
Michigan,2003,2003-08-23,1.123769,1.130849,1.147686,1.147686,False,71.339995,0.703967,146,59.006971,52.508088,1980-09-13,2002-11-16,117.500356,False,110.105161,False
Michigan State,2003,2003-08-23,1.122509,1.130098,1.147686,1.147686,False,69.530867,0.698586,139,42.425528,37.795269,1980-09-27,2002-11-16,67.84138,False,63.814961,False
Ohio State,2003,2003-08-23,1.159501,1.156097,1.147686,1.147686,False,74.138606,0.711922,151,60.346074,52.044878,1980-09-13,2002-11-23,124.836547,False,128.007571,False
Indiana,2003,2003-08-23,1.173801,1.16562,1.147686,1.147686,False,65.757167,0.686708,134,33.437554,28.486557,1980-09-13,2002-11-16,65.134555,False,68.340005,False
Purdue,2003,2003-08-23,1.278731,1.237667,1.147686,1.147686,False,65.73519,0.686636,134,38.312935,29.961675,1980-09-20,2002-11-23,102.676463,False,120.741437,False
Illinois,2003,2003-08-23,1.114981,1.125022,1.147686,1.147686,False,67.717467,0.692992,136,37.445255,33.583772,1980-09-06,2002-11-16,61.105836,False,56.166354,False
Northwestern,2003,2003-08-23,1.137331,1.140669,1.147686,1.147686,False,63.077352,0.677687,127,24.956812,21.943319,1980-10-04,2002-11-23,50.192566,False,49.029784,False
Wisconsin,2003,2003-08-23,1.128479,1.134265,1.147686,1.147686,False,69.583559,0.698745,143,41.379699,36.668562,1980-09-13,2002-11-23,68.569955,False,65.563179,False
Minnesota,2003,2003-08-23,1.21638,1.194455,1.147686,1.147686,False,63.99027,0.680818,131,32.074961,26.369184,1980-09-13,2002-11-16,73.370249,False,81.559781,False
Iowa,2003,2003-08-23,1.151157,1.150073,1.147686,1.147686,False,66.077562,0.687752,133,42.1167,36.586409,1980-09-27,2002-11-09,86.769562,False,87.420562,False
Notre Dame,2003,2003-08-23,1.143899,1.145022,1.147686,1.147686,False,71.174248,0.703482,145,55.451284,48.475664,1980-09-06,2002-11-23,109.499015,False,108.555741,False
Toledo,2003,2003-08-23,1.245675,1.21198,1.147686,1.147686,False,57.243452,0.656135,115,45.342062,36.399587,1980-09-27,2002-12-01,139.575495,False,165.508231,False
Ball State,2003,2003-08-23,1.174049,1.163831,1.147686,1.147686,False,47.395014,0.612378,98,27.412156,23.348384,1980-09-20,2002-11-23,71.869572,False,76.411415,False
Western Michigan,2003,2003-08-23,1.157359,1.15388,1.147686,1.147686,False,53.408233,0.640323,113,35.662927,30.814053,1980-09-06,2002-11-16,82.599826,False,84.557793,False
Bowling Green,2003,2003-08-23,1.232046,1.200948,1.147686,1.147686,False,51.381736,0.631367,103,36.990546,30.023673,1980-09-13,2002-11-23,123.246394,False,143.932793,False
Central Michigan,2003,2003-08-23,1.129878,1.136285,1.147686,1.147686,False,53.381993,0.64021,110,31.348388,27.744927,1980-09-06,2002-11-23,65.663056,False,62.513702,False
Eastern Michigan,2003,2003-08-23,1.083558,1.107656,1.147686,1.147686,False,49.834776,0.624224,101,21.687185,20.014784,1980-10-18,2002-11-16,39.840128,False,31.005222,False
Northern Illinois,2003,2003-08-23,1.283033,1.228973,1.147686,1.147686,False,45.109423,0.600583,89,24.324934,18.958929,1980-09-13,2002-11-23,88.0957,False,108.871104,False
Penn State,2003,2003-08-23,1.146449,1.146813,1.147686,1.147686,False,72.114751,0.706213,145,57.040594,49.754136,1980-09-27,2002-11-23,118.801475,False,118.471368,False
Pittsburgh,2003,2003-08-23,1.092652,1.109271,1.147686,1.147686,False,69.347715,0.69803,141,37.161278,34.010157,1980-09-13,2002-11-30,52.608807,False,44.567979,False
West Virginia,2003,2003-08-23,1.1291,1.134946,1.147686,1.147686,False,65.371239,0.68544,133,43.507039,38.532497,1980-09-06,2002-11-09,77.315121,False,73.818938,False
Maryland,2003,2003-08-23,1.18029,1.169616,1.147686,1.147686,False,61.636424,0.672619,122,34.572492,29.291517,1980-09-13,2002-11-30,74.871241,False,79.654771,False
Virginia,2003,2003-08-23,1.243066,1.211601,1.147686,1.147686,False,60.938098,0.670105,120,41.590404,33.457932,1980-09-13,2002-11-23,115.400111,False,133.600042,False
Virginia Tech,2003,2003-08-23,1.124369,1.131874,1.147686,1.147686,False,63.209297,0.678144,120,47.582323,42.319137,1980-10-18,2002-11-30,103.718088,False,97.301697,False
NC State,2003,2003-08-23,1.197969,1.181136,1.147686,1.147686,False,59.615453,0.665236,121,38.334572,31.999646,1980-09-27,2002-11-23,91.544174,False,100.446417,False
Wake Forest,2003,2003-08-23,0.952804,1.023502,1.147686,1.147686,False,52.696852,0.637229,102,18.146662,19.045532,1980-09-06,2002-11-23,8.13192,False,-16.554251,False
Duke,2003,2003-08-23,1.028898,1.069343,1.147686,1.147686,False,58.109878,0.659516,117,19.013437,18.479422,1980-09-06,2002-11-23,22.196749,False,9.325955,False
North Carolina,2003,2003-08-23,1.036099,1.071454,1.147686,1.147686,False,64.684617,0.683159,131,38.763205,37.412658,1980-09-27,2002-11-09,41.624849,False,20.891728,False
Marshall,2003,2003-08-23,1.205148,1.172287,1.147686,1.147686,False,22.458535,0.42812,30,21.228438,17.614802,1980-09-13,2002-12-07,230.250948,False,308.421474,False
East Carolina,2003,2003-08-23,1.142973,1.144729,1.147686,1.147686,False,50.526621,0.627452,94,30.135858,26.366206,1980-09-13,2002-12-07,70.014958,False,69.148778,False
Rutgers,2003,2003-08-23,1.041101,1.077764,1.147686,1.147686,False,57.215572,0.656025,111,19.904321,19.118522,1980-09-20,2002-11-16,26.326473,False,14.006278,False
Syracuse,2003,2003-08-23,1.112349,1.123346,1.147686,1.147686,False,66.39807,0.68879,135,46.670683,41.95688,1980-09-20,2002-11-30,84.629872,False,76.680213,False
Boston College,2003,2003-08-23,1.190648,1.176695,1.147686,1.147686,False,62.371178,0.675223,123,38.239126,32.116221,1980-09-20,2002-11-30,90.219086,False,97.503547,False
UConn,2003,2003-08-23,0.653704,1.025411,1.147686,1.147686,False,9.868722,0.24753,11,2.763152,4.226918,2000-10-28,2002-11-09,8.772088,False,-127.333511,False
Temple,2003,2003-08-23,0.96593,1.033464,1.147686,1.147686,False,50.740026,0.628437,97,14.956343,15.483878,1980-09-13,2002-11-23,10.880709,False,-11.24427,False
Army,2003,2003-08-23,1.227486,1.198854,1.147686,1.147686,False,53.611681,0.641198,103,23.689602,19.299281,1980-09-20,2002-11-09,66.368982,False,75.717925,False
Navy,2003,2003-08-23,0.864979,0.971654,1.147686,1.147686,False,49.505421,0.622667,91,14.56075,16.833652,1980-09-20,2002-12-07,-9.832126,False,-47.987899,False
Buffalo,2003,2003-08-23,0.470372,0.909545,1.147686,1.147686,False,16.267532,0.351597,19,2.523473,5.364845,1999-09-11,2002-11-09,-30.107712,False,-208.447011,False
Akron,2003,2003-08-23,1.265439,1.214161,1.147686,1.147686,False,38.891038,0.56453,62,22.030424,17.409314,1987-09-12,2002-11-16,87.844982,False,109.244805,False
Kent State,2003,2003-08-23,1.091345,1.11235,1.147686,1.147686,False,50.468798,0.627185,105,14.668814,13.44104,1980-10-04,2002-11-23,31.094329,False,25.413818,False
Ohio,2003,2003-08-23,1.134872,1.139796,1.147686,1.147686,False,48.07639,0.615761,100,21.677192,19.100996,1980-09-20,2002-11-23,50.403643,False,48.652363,False
Miami (OH),2003,2003-08-23,1.091775,1.112054,1.147686,1.147686,False,52.712099,0.637296,108,34.80157,31.876137,1980-09-13,2002-11-23,65.570485,False,53.366939,False
Troy,2003,2003-08-23,0.78384,1.126708,1.147686,1.147686,False,1.835564,0.057658,2,0.887313,1.132009,2001-12-01,2002-11-16,61.109871,False,-95.497047,False
Alabama,2003,2003-08-23,1.074891,1.096208,1.147686,1.147686,False,72.449313,0.707172,146,52.650427,48.98209,1980-09-06,2002-11-23,68.347062,False,52.521273,False
Auburn,2003,2003-08-23,1.172933,1.165366,1.147686,1.147686,False,70.0928,0.700278,145,52.642374,44.880969,1980-09-20,2002-11-16,112.31415,False,117.974463,False
Georgia,2003,2003-08-23,1.121061,1.129118,1.147686,1.147686,False,69.140454,0.697399,145,51.850283,46.251071,1980-09-13,2002-11-30,92.553972,False,86.282034,False
Georgia Tech,2003,2003-08-23,1.120788,1.129689,1.147686,1.147686,False,60.6561,0.669079,122,36.107836,32.216482,1980-09-20,2002-11-16,66.879069,False,62.196397,False
Florida,2003,2003-08-23,1.176698,1.168182,1.147686,1.147686,False,72.205912,0.706475,143,63.06534,53.595175,1980-09-13,2002-11-16,173.229105,False,184.646203,False
Florida State,2003,2003-08-23,1.126904,1.133282,1.147686,1.147686,False,67.757842,0.693119,133,61.443884,54.52451,1980-09-13,2002-12-01,192.043007,False,179.541856,False
Miami (FL),2003,2003-08-23,1.162316,1.157522,1.147686,1.147686,False,61.554025,0.672325,127,53.41661,45.957058,1980-09-27,2002-12-07,185.022612,False,192.084594,False
South Carolina,2003,2003-08-23,1.156525,1.153736,1.147686,1.147686,False,65.086919,0.684499,131,34.215405,29.584675,1980-10-04,2002-11-09,65.155322,False,66.337648,False
Clemson,2003,2003-08-23,1.110231,1.12262,1.147686,1.147686,False,60.701197,0.669244,122,40.983753,36.914606,1980-09-13,2002-11-24,74.085854,False,66.278307,False
Tennessee,2003,2003-08-23,1.114638,1.124117,1.147686,1.147686,False,74.591397,0.71317,152,60.914117,54.649241,1980-09-06,2002-11-30,117.259349,False,107.11422,False
Vanderbilt,2003,2003-08-23,0.973013,1.029212,1.147686,1.147686,False,63.243354,0.678261,128,18.043069,18.543501,1980-09-20,2002-11-23,8.881979,False,-8.315105,False
Kentucky,2003,2003-08-23,1.248938,1.217819,1.147686,1.147686,False,67.610237,0.692655,139,33.490305,26.815018,1980-09-06,2002-11-16,79.923723,False,91.147033,False
LSU,2003,2003-08-23,1.107409,1.119191,1.147686,1.147686,False,72.55686,0.707479,147,45.885528,41.435045,1980-09-06,2002-11-24,69.439339,False,62.399177,False
Mississippi State,2003,2003-08-23,1.204858,1.185997,1.147686,1.147686,False,60.93728,0.670102,121,36.007232,29.885038,1980-09-13,2002-11-23,82.833294,False,91.394444,False
Ole Miss,2003,2003-08-23,1.137392,1.14069,1.147686,1.147686,False,63.633693,0.679603,129,39.687133,34.893098,1980-09-06,2002-11-29,70.43884,False,68.741634,False
UCF,2003,2003-08-23,1.114037,1.134905,1.147686,1.147686,False,18.375193,0.379847,23,12.741867,11.437566,1996-10-19,2002-11-30,82.542893,False,69.122613,False
South Florida,2003,2003-08-23,1.557025,1.227783,1.147686,1.147686,False,7.298262,0.195673,8,7.298262,4.687313,2001-09-29,2002-11-17,141.488713,False,400.0,True
UAB,2003,2003-08-23,1.317751,1.22039,1.147686,1.147686,False,22.402372,0.427507,28,13.113508,9.951429,1996-09-14,2002-11-16,82.087569,False,118.697705,False
Idaho,2003,2003-08-23,1.079862,1.123432,1.147686,1.147686,False,16.699732,0.357598,21,9.334301,8.643977,1996-10-19,2002-11-23,55.03938,False,35.436462,False
Washington,2004,2004-08-28,1.190454,1.177724,1.148169,1.148169,False,69.646329,0.698935,145,55.956972,47.004723,1980-09-13,2003-11-22,136.918662,False,148.316681,False
Washington State,2004,2004-08-28,1.135055,1.139464,1.148169,1.148169,False,59.23636,0.663814,121,35.062294,30.890383,1980-09-13,2003-11-15,68.134361,False,65.950289,False
Oregon,2004,2004-08-28,1.200284,1.183604,1.148169,1.148169,False,63.730303,0.679933,127,45.519522,37.923955,1980-09-06,2003-11-22,105.090558,False,115.424054,False
Oregon State,2004,2004-08-28,1.358887,1.287241,1.148169,1.148169,False,58.232169,0.659988,119,29.489772,21.701411,1980-10-11,2003-11-15,105.605634,False,131.509033,False
California,2004,2004-08-28,1.190451,1.177023,1.148169,1.148169,False,64.461566,0.682411,133,31.932915,26.824208,1980-09-27,2003-11-15,65.574759,False,70.521442,False
Stanford,2004,2004-08-28,1.175549,1.166974,1.148169,1.148169,False,65.795215,0.686832,138,36.507582,31.055776,1980-09-13,2003-11-30,71.769338,False,75.464917,False
USC,2004,2004-08-28,1.186328,1.174748,1.148169,1.148169,False,68.856462,0.69653,142,49.292044,41.550093,1980-09-20,2003-12-06,100.403621,False,107.584115,False
UCLA,2004,2004-08-28,1.183052,1.172032,1.148169,1.148169,False,64.962344,0.684085,134,44.573609,37.676785,1980-09-13,2003-11-15,93.451237,False,99.780694,False
San Jose State,2004,2004-08-28,1.048126,1.091679,1.148169,1.148169,False,38.911626,0.56466,74,18.794143,17.931181,1980-10-11,2003-11-22,37.662335,False,19.788462,False
Fresno State,2004,2004-08-28,1.269535,1.226069,1.148169,1.148169,False,53.766182,0.64186,99,42.258192,33.286365,1980-09-20,2003-11-22,143.926007,False,176.366303,False
San Diego State,2004,2004-08-28,1.11791,1.128235,1.148169,1.148169,False,57.918984,0.658777,122,29.129572,26.057174,1980-09-27,2003-11-23,50.782131,False,46.706204,False
Hawai'i,2004,2004-08-28,1.196341,1.18306,1.148169,1.148169,False,78.818228,0.724311,161,42.635477,35.638245,1980-10-04,2003-12-07,79.806405,False,85.591503,False
Nevada,2004,2004-08-28,1.104018,1.123368,1.148169,1.148169,False,38.451261,0.561732,56,20.623103,18.680045,1992-10-24,2003-11-15,57.422811,False,48.381231,False
UNLV,2004,2004-08-28,1.052345,1.0874,1.148169,1.148169,False,52.006532,0.634175,101,20.701442,19.671717,1980-09-13,2003-11-23,30.084337,False,18.092928,False
Arizona,2004,2004-08-28,1.064893,1.090097,1.148169,1.148169,False,69.121173,0.69734,146,39.538367,37.128959,1980-09-20,2003-11-16,47.331803,False,33.981207,False
Arizona State,2004,2004-08-28,1.133029,1.137584,1.148169,1.148169,False,69.705944,0.699115,149,44.68664,39.439995,1980-09-13,2003-11-28,71.438572,False,68.997991,False
BYU,2004,2004-08-28,1.13912,1.141879,1.148169,1.148169,False,68.403499,0.695133,143,50.905017,44.688027,1980-09-13,2003-11-22,97.232595,False,95.177661,False
Utah,2004,2004-08-28,1.123765,1.131934,1.148169,1.148169,False,59.615855,0.665238,122,38.649879,34.393214,1980-09-20,2003-11-15,69.868546,False,65.393017,False
Utah State,2004,2004-08-28,1.1322,1.138835,1.148169,1.148169,False,42.203922,0.58451,82,19.049873,16.825543,1980-10-04,2003-11-15,48.42151,False,46.13824,False
Boise State,2004,2004-08-28,1.15861,1.153176,1.148169,1.148169,False,27.637581,0.479506,36,21.259068,18.348769,1996-08-31,2003-11-29,121.681761,False,126.482279,False
Colorado,2004,2004-08-28,1.106213,1.118909,1.148169,1.148169,False,69.137315,0.697389,145,45.845032,41.443227,1980-09-27,2003-11-28,74.175107,False,65.968622,False
Colorado State,2004,2004-08-28,1.097183,1.114681,1.148169,1.148169,False,57.413948,0.656805,118,36.253927,33.042745,1980-09-06,2003-11-15,66.621633,False,56.216784,False
Wyoming,2004,2004-08-28,1.19884,1.181604,1.148169,1.148169,False,58.195257,0.659846,122,33.812709,28.204519,1980-09-13,2003-11-29,81.686238,False,89.54372,False
Air Force,2004,2004-08-28,1.130255,1.136093,1.148169,1.148169,False,62.067894,0.674154,131,42.300093,37.425255,1980-09-20,2003-11-08,81.133074,False,77.498247,False
New Mexico,2004,2004-08-28,1.167027,1.160727,1.148169,1.148169,False,59.805926,0.665946,124,29.974742,25.684709,1980-09-06,2003-11-15,62.046643,False,64.47114,False
New Mexico State,2004,2004-08-28,0.975745,1.047058,1.148169,1.148169,False,42.53515,0.586407,81,16.032585,16.43112,1980-09-13,2003-11-26,16.754269,False,-8.717275,False
UTEP,2004,2004-08-28,1.090964,1.111259,1.148169,1.148169,False,54.561231,0.645227,116,19.415631,17.796765,1980-09-20,2003-11-29,37.627495,False,30.879248,False
Kansas,2004,2004-08-28,1.152466,1.151085,1.148169,1.148169,False,63.362863,0.678673,135,28.75317,24.949257,1980-09-13,2003-11-22,59.31411,False,59.852131,False
Kansas State,2004,2004-08-28,1.177872,1.168436,1.148169,1.148169,False,64.435028,0.682321,125,48.95679,41.56376,1980-09-27,2003-11-23,140.91816,False,149.812084,False
Nebraska,2004,2004-08-28,1.160861,1.157269,1.148169,1.148169,False,75.990034,0.716955,159,69.895973,60.210451,1980-09-13,2003-11-15,225.197755,False,232.791484,False
Iowa State,2004,2004-08-28,1.111356,1.123165,1.148169,1.148169,False,63.525922,0.679233,132,26.069254,23.457155,1980-09-13,2003-11-15,45.15352,False,40.879356,False
Oklahoma State,2004,2004-08-28,1.223471,1.198277,1.148169,1.148169,False,59.667021,0.665429,123,33.399632,27.299078,1980-10-04,2003-11-15,92.230626,False,103.996778,False
Tulsa,2004,2004-08-28,1.154631,1.152238,1.148169,1.148169,False,50.989476,0.629582,96,21.091429,18.26681,1980-09-13,2003-11-15,50.270955,False,51.044448,False
Texas,2004,2004-08-28,1.211537,1.19263,1.148169,1.148169,False,70.545872,0.701629,146,54.736092,45.179057,1980-09-01,2003-11-16,129.015274,False,143.457779,False
Texas A&M,2004,2004-08-28,1.169321,1.162767,1.148169,1.148169,False,66.816048,0.690134,137,51.379674,43.939763,1980-09-20,2003-11-28,121.556854,False,127.032716,False
Baylor,2004,2004-08-28,1.130246,1.136192,1.148169,1.148169,False,60.43267,0.668261,123,27.100856,23.977844,1980-10-04,2003-11-22,54.879023,False,52.500075,False
TCU,2004,2004-08-28,1.203893,1.185603,1.148169,1.148169,False,61.400871,0.671776,129,38.744742,32.182884,1980-09-13,2003-11-15,101.16734,False,111.399731,False
Texas Tech,2004,2004-08-28,1.242309,1.212697,1.148169,1.148169,False,65.371479,0.685441,135,44.352189,35.701413,1980-09-06,2003-11-22,113.069269,False,129.723172,False
Houston,2004,2004-08-28,1.087299,1.107835,1.148169,1.148169,False,58.92313,0.66263,123,26.210214,24.105797,1980-09-20,2003-11-29,43.430591,False,35.225852,False
Rice,2004,2004-08-28,1.140669,1.143232,1.148169,1.148169,False,57.81352,0.658367,121,29.047918,25.465675,1980-09-27,2003-11-22,62.011447,False,60.904978,False
SMU,2004,2004-08-28,1.052099,1.084969,1.148169,1.148169,False,57.681561,0.657853,114,22.479345,21.366184,1980-09-13,2003-11-29,32.614824,False,20.111262,False
North Texas,2004,2004-08-28,1.202994,1.174837,1.148169,1.148169,False,28.411966,0.486407,42,15.551999,12.927741,1980-10-04,2003-11-15,75.359492,False,87.493291,False
Louisiana Tech,2004,2004-08-28,1.281049,1.220351,1.148169,1.148169,False,35.675467,0.543208,60,24.10686,18.81806,1981-09-19,2003-11-29,107.31946,False,138.987206,False
Tulane,2004,2004-08-28,1.091751,1.110215,1.148169,1.148169,False,61.667973,0.672732,133,29.326403,26.861806,1980-09-06,2003-11-22,44.93942,False,37.454282,False
Louisiana,2004,2004-08-28,1.207133,1.181667,1.148169,1.148169,False,39.462013,0.568109,74,18.894986,15.652781,1980-09-06,2003-10-25,64.115406,False,72.984598,False
Memphis,2004,2004-08-28,1.07786,1.101053,1.148169,1.148169,False,60.945669,0.670133,123,29.627197,27.487063,1980-09-06,2003-11-29,39.594827,False,30.514491,False
Oklahoma,2004,2004-08-28,1.144246,1.145417,1.148169,1.148169,False,70.501308,0.701496,145,55.138268,48.187414,1980-09-13,2003-12-07,130.072032,False,128.890513,False
Arkansas,2004,2004-08-28,1.220964,1.200041,1.148169,1.148169,False,74.372895,0.712569,155,52.438042,42.948059,1980-09-20,2003-11-22,115.564094,False,128.698318,False
Missouri,2004,2004-08-28,1.178238,1.168769,1.148169,1.148169,False,65.260684,0.685075,140,32.790149,27.829816,1980-09-13,2003-11-29,70.69799,False,74.661421,False
Cincinnati,2004,2004-08-28,1.175097,1.165618,1.148169,1.148169,False,55.223408,0.647984,102,29.774745,25.338126,1980-11-08,2003-11-28,68.497653,False,72.420008,False
Louisville,2004,2004-08-28,1.090145,1.109807,1.148169,1.148169,False,58.535065,0.661151,114,36.025367,33.046398,1980-09-06,2003-11-22,59.526032,False,48.63268,False
Arkansas State,2004,2004-08-28,1.13455,1.141418,1.148169,1.148169,False,29.491094,0.495723,47,11.782178,10.38489,1980-09-20,2003-11-21,42.387463,False,40.367765,False
ULM,2004,2004-08-28,0.983001,1.086011,1.148169,1.148169,False,18.102719,0.376335,26,6.532979,6.645957,1980-11-22,2003-11-16,27.609174,False,-5.550863,False
FAU,2004,2004-08-28,,1.148169,1.148169,1.148169,False,0.0,0.0,0,0.0,0.0,,,77.253971,False,,False
Middle Tennessee,2004,2004-08-28,1.227884,1.176049,1.148169,1.148169,False,16.135542,0.349742,19,11.703479,9.531424,1999-11-13,2003-11-15,93.9398,False,123.98038,False
Southern Miss,2004,2004-08-28,1.237521,1.203491,1.148169,1.148169,False,48.769564,0.619142,98,38.96986,31.490263,1980-09-20,2003-11-21,137.110328,False,164.247205,False
Michigan,2004,2004-08-28,1.146735,1.147152,1.148169,1.148169,False,73.065137,0.708922,153,61.570569,53.692086,1980-09-13,2003-11-22,134.311734,False,133.850999,False
Michigan State,2004,2004-08-28,1.140152,1.142525,1.148169,1.148169,False,71.377757,0.704077,146,44.234947,38.797398,1980-09-27,2003-11-22,74.170634,False,72.907504,False
Ohio State,2004,2004-08-28,1.172945,1.165974,1.148169,1.148169,False,76.611895,0.718606,159,63.757042,54.356361,1980-09-13,2003-11-15,138.193919,False,145.192436,False
Indiana,2004,2004-08-28,1.166166,1.160542,1.148169,1.148169,False,66.001607,0.687505,139,32.110051,27.534711,1980-09-13,2003-11-22,61.652856,False,63.796183,False
Purdue,2004,2004-08-28,1.280137,1.239675,1.148169,1.148169,False,67.846324,0.693397,141,41.353864,32.304257,1980-09-20,2003-11-08,108.05512,False,126.929935,False
Illinois,2004,2004-08-28,1.054212,1.083027,1.148169,1.148169,False,67.821129,0.693318,141,34.899556,33.10487,1980-09-06,2003-11-22,39.001373,False,25.463133,False
Northwestern,2004,2004-08-28,1.155229,1.152986,1.148169,1.148169,False,64.434723,0.68232,133,25.149094,21.769792,1980-10-04,2003-11-15,52.640816,False,53.390442,False
Wisconsin,2004,2004-08-28,1.104654,1.117524,1.148169,1.148169,False,71.43828,0.704254,150,42.325886,38.31595,1980-09-13,2003-11-22,61.146647,False,54.354146,False
Minnesota,2004,2004-08-28,1.182394,1.171723,1.148169,1.148169,False,66.217913,0.688208,138,34.589657,29.253926,1980-09-13,2003-11-08,70.72769,False,75.107138,False
Iowa,2004,2004-08-28,1.174065,1.166151,1.148169,1.148169,False,68.164207,0.69439,140,45.832314,39.0373,1980-09-27,2003-11-15,101.303274,False,106.417553,False
Notre Dame,2004,2004-08-28,1.135568,1.139275,1.148169,1.148169,False,71.986151,0.705842,151,54.508673,48.001251,1980-09-06,2003-11-15,100.968515,False,98.037077,False
Toledo,2004,2004-08-28,1.272071,1.229865,1.148169,1.148169,False,58.069565,0.65936,120,46.977285,36.929759,1980-09-27,2003-11-23,154.698048,False,188.79501,False
Ball State,2004,2004-08-28,1.179977,1.167879,1.148169,1.148169,False,48.877809,0.619665,103,27.428758,23.245173,1980-09-20,2003-11-22,71.259647,False,76.43168,False
Western Michigan,2004,2004-08-28,1.150164,1.149456,1.148169,1.148169,False,54.489708,0.644927,118,35.131124,30.544436,1980-09-06,2003-11-15,76.984853,False,77.362425,False
Bowling Green,2004,2004-08-28,1.237458,1.205036,1.148169,1.148169,False,52.618365,0.636885,108,38.254961,30.914155,1980-09-13,2003-12-05,126.144287,False,147.887185,False
Central Michigan,2004,2004-08-28,1.123023,1.132055,1.148169,1.148169,False,53.52575,0.640829,114,30.16166,26.857571,1980-09-06,2003-11-08,62.308921,False,57.983795,False
Eastern Michigan,2004,2004-08-28,1.156457,1.153394,1.148169,1.148169,False,51.15918,0.630356,106,22.105517,19.114855,1980-10-18,2003-11-15,55.083163,False,56.162748,False
Northern Illinois,2004,2004-08-28,1.295093,1.238357,1.148169,1.148169,False,47.687981,0.61384,95,28.316517,21.86446,1980-09-13,2003-11-22,103.648805,False,128.75376,False
Penn State,2004,2004-08-28,1.117175,1.126134,1.148169,1.148169,False,73.785961,0.710944,152,55.97994,50.108462,1980-09-27,2003-11-15,97.340453,False,89.8724,False
Pittsburgh,2004,2004-08-28,1.095979,1.111592,1.148169,1.148169,False,70.282925,0.700846,147,38.394256,35.031924,1980-09-13,2003-11-30,55.055461,False,47.306161,False
West Virginia,2004,2004-08-28,1.137397,1.140711,1.148169,1.148169,False,67.520567,0.692373,140,45.273804,39.804738,1980-09-06,2003-11-29,80.788978,False,78.796022,False
Maryland,2004,2004-08-28,1.198574,1.182165,1.148169,1.148169,False,62.154566,0.67446,127,36.930564,30.812087,1980-09-13,2003-11-14,85.186555,False,93.073262,False
Virginia,2004,2004-08-28,1.273178,1.232613,1.148169,1.148169,False,62.449688,0.675499,126,43.475366,34.147121,1980-09-13,2003-11-29,125.419468,False,148.862479,False
Virginia Tech,2004,2004-08-28,1.141465,1.143592,1.148169,1.148169,False,64.553954,0.682721,126,49.041123,42.963333,1980-10-18,2003-11-22,110.912487,False,109.099853,False
NC State,2004,2004-08-28,1.212698,1.191474,1.148169,1.148169,False,61.212797,0.671099,127,40.430437,33.339247,1980-09-27,2003-11-22,97.658683,False,109.116521,False
Wake Forest,2004,2004-08-28,0.956019,1.023281,1.148169,1.148169,False,55.703197,0.649955,109,19.728924,20.636532,1980-09-06,2003-11-29,8.089502,False,-15.470717,False
Duke,2004,2004-08-28,1.062302,1.090988,1.148169,1.148169,False,59.80118,0.665929,123,19.602289,18.452645,1980-09-06,2003-11-08,28.618906,False,19.708231,False
North Carolina,2004,2004-08-28,1.017505,1.058367,1.148169,1.148169,False,65.930419,0.687273,137,37.07364,36.435846,1980-09-27,2003-11-22,32.233768,False,9.628965,False
Marshall,2004,2004-08-28,1.167391,1.156849,1.148169,1.148169,False,24.701793,0.451572,34,22.619764,19.376341,1980-09-13,2003-11-28,197.104219,False,216.733362,False
East Carolina,2004,2004-08-28,1.0876,1.10956,1.148169,1.148169,False,52.744039,0.637436,100,28.087084,25.824839,1980-09-13,2003-11-29,50.031888,False,39.973638,False
Rutgers,2004,2004-08-28,1.101374,1.117152,1.148169,1.148169,False,58.975226,0.662827,117,21.372126,19.404961,1980-09-20,2003-11-29,38.97748,False,33.817738,False
Syracuse,2004,2004-08-28,1.141136,1.143278,1.148169,1.148169,False,68.481702,0.695375,142,48.211485,42.248691,1980-09-20,2003-12-06,93.192322,False,91.715866,False
Boston College,2004,2004-08-28,1.129516,1.135484,1.148169,1.148169,False,63.772801,0.680078,129,37.520907,33.218561,1980-09-20,2003-11-08,69.140408,False,66.050691,False
UConn,2004,2004-08-28,0.936881,1.081269,1.148169,1.148169,False,13.900232,0.316632,16,6.341993,6.769264,2000-10-28,2003-11-08,32.488099,False,-25.124589,False
Temple,2004,2004-08-28,0.907197,0.99637,1.148169,1.148169,False,51.069677,0.629948,101,13.939542,15.365502,1980-09-13,2003-11-22,-1.187764,False,-31.022771,False
Army,2004,2004-08-28,1.171796,1.163516,1.148169,1.148169,False,55.601318,0.649538,109,22.079074,18.842078,1980-09-20,2003-11-15,53.190967,False,55.82128,False
Navy,2004,2004-08-28,0.986699,1.046607,1.148169,1.148169,False,50.859773,0.628987,96,18.290801,18.537359,1980-09-20,2003-12-06,17.202789,False,-4.958897,False
Buffalo,2004,2004-08-28,0.601372,0.93032,1.148169,1.148169,False,19.867731,0.398409,24,3.295141,5.479374,1999-09-11,2003-11-08,-21.935123,False,-141.889181,False
Akron,2004,2004-08-28,1.24514,1.203584,1.148169,1.148169,False,40.004649,0.571457,66,23.357397,18.758859,1987-09-12,2003-11-15,87.396719,False,105.732349,False
Kent State,2004,2004-08-28,1.109251,1.123533,1.148169,1.148169,False,51.748848,0.633022,110,15.558038,14.02572,1980-10-04,2003-11-22,34.739272,False,30.828665,False
Ohio,2004,2004-08-28,1.088537,1.111035,1.148169,1.148169,False,49.516608,0.62272,105,21.1442,19.42442,1980-09-20,2003-11-22,39.622931,False,31.675824,False
Miami (OH),2004,2004-08-28,1.122596,1.131747,1.148169,1.148169,False,53.838741,0.64217,113,37.145851,33.089235,1980-09-13,2003-11-13,79.597106,False,73.811411,False
Troy,2004,2004-08-28,1.302734,1.164719,1.148169,1.148169,False,3.597251,0.10707,4,2.713467,2.082901,2001-12-01,2003-11-22,92.684442,False,179.914052,False
Alabama,2004,2004-08-28,1.042993,1.073033,1.148169,1.148169,False,75.03369,0.714377,154,51.880725,49.74218,1980-09-06,2003-11-16,48.989401,False,28.421172,False
Auburn,2004,2004-08-28,1.159111,1.15586,1.148169,1.148169,False,70.980916,0.702914,151,52.837861,45.58483,1980-09-20,2003-11-23,106.045752,False,108.455185,False
Georgia,2004,2004-08-28,1.119437,1.127968,1.148169,1.148169,False,71.039096,0.703085,152,53.973436,48.214817,1980-09-13,2003-12-07,94.995535,False,88.08132,False
Georgia Tech,2004,2004-08-28,1.158665,1.155249,1.148169,1.148169,False,62.18274,0.674559,128,37.416888,32.293107,1980-09-20,2003-11-29,77.596835,False,79.342175,False
Florida,2004,2004-08-28,1.154324,1.15253,1.148169,1.148169,False,72.946457,0.708586,149,61.601338,53.365729,1980-09-13,2003-11-29,146.754177,False,148.837266,False
Florida State,2004,2004-08-28,1.137732,1.140902,1.148169,1.148169,False,68.789684,0.696325,139,61.964255,54.46294,1980-09-13,2003-11-15,188.342566,False,182.618012,False
Miami (FL),2004,2004-08-28,1.136937,1.140523,1.148169,1.148169,False,63.961777,0.680721,134,55.431846,48.755419,1980-09-27,2003-11-22,175.150329,False,169.651776,False
South Carolina,2004,2004-08-28,1.153087,1.151584,1.148169,1.148169,False,68.187729,0.694463,139,36.577606,31.721471,1980-10-04,2003-11-23,65.876621,False,66.530637,False
Clemson,2004,2004-08-28,1.149528,1.149086,1.148169,1.148169,False,62.220296,0.674692,128,42.910081,37.328441,1980-09-13,2003-11-15,90.655399,False,90.940361,False
Tennessee,2004,2004-08-28,1.11968,1.127735,1.148169,1.148169,False,76.106752,0.717266,159,62.418594,55.746828,1980-09-06,2003-11-22,121.060604,False,112.356831,False
Vanderbilt,2004,2004-08-28,0.970852,1.027095,1.148169,1.148169,False,64.580687,0.682811,134,17.76341,18.296715,1980-09-20,2003-11-15,8.116876,False,-8.854128,False
Kentucky,2004,2004-08-28,1.205422,1.188014,1.148169,1.148169,False,68.66481,0.69594,145,33.098679,27.458163,1980-09-06,2003-11-29,69.612565,False,75.960396,False
LSU,2004,2004-08-28,1.120065,1.128229,1.148169,1.148169,False,73.272462,0.709506,153,47.473646,42.384714,1980-09-06,2003-11-28,75.921017,False,70.929535,False
Mississippi State,2004,2004-08-28,1.195377,1.180057,1.148169,1.148169,False,62.441582,0.675471,127,35.439492,29.647132,1980-09-13,2003-11-28,78.15065,False,84.878479,False
Ole Miss,2004,2004-08-28,1.150707,1.149913,1.148169,1.148169,False,65.900198,0.687175,136,41.695157,36.234372,1980-09-06,2003-11-22,75.369037,False,75.780544,False
UCF,2004,2004-08-28,1.120767,1.136916,1.148169,1.148169,False,20.905884,0.410677,27,13.758316,12.275801,1996-10-19,2003-11-28,84.001732,False,73.616475,False
South Florida,2004,2004-08-28,1.313915,1.191368,1.148169,1.148169,False,10.575199,0.260632,12,8.686046,6.610811,2001-09-29,2003-11-23,106.882779,False,191.701106,False
UAB,2004,2004-08-28,1.18003,1.162833,1.148169,1.148169,False,25.58017,0.460239,33,14.107193,11.954939,1996-09-14,2003-11-08,64.852885,False,71.721129,False
Idaho,2004,2004-08-28,1.072885,1.117818,1.148169,1.148169,False,20.264523,0.403158,26,9.647963,8.992538,1996-10-19,2003-11-22,48.296752,False,29.871983,False
Washington,2005,2005-09-01,1.137565,1.142855,1.1553,1.1553,False,70.577813,0.701723,151,53.11239,46.689556,1980-09-13,2004-11-13,103.110784,False,98.951113,False
Washington State,2005,2005-09-01,1.06848,1.09744,1.1553,1.1553,False,59.937212,0.666434,126,33.638535,31.482606,1980-09-13,2004-11-21,47.722271,False,33.447606,False
Oregon,2005,2005-09-01,1.137521,1.143132,1.1553,1.1553,False,65.061878,0.684416,133,45.263001,39.790906,1980-09-06,2004-11-13,85.271049,False,81.741259,False
Oregon State,2005,2005-09-01,1.337406,1.276024,1.1553,1.1553,False,59.003436,0.662934,124,30.32131,22.671733,1980-10-11,2004-11-21,103.075033,False,125.804192,False
California,2005,2005-09-01,1.205199,1.18941,1.1553,1.1553,False,64.813862,0.683591,138,34.485148,28.613663,1980-09-27,2004-11-20,75.723388,False,82.054373,False
Stanford,2005,2005-09-01,1.191522,1.180317,1.1553,1.1553,False,66.978591,0.690653,144,36.845942,30.92342,1980-09-13,2004-11-13,75.587294,False,80.290933,False
USC,2005,2005-09-01,1.185938,1.176733,1.1553,1.1553,False,69.852978,0.699558,148,51.611717,43.519743,1980-09-20,2004-11-28,109.498641,False,115.749294,False
UCLA,2005,2005-09-01,1.171597,1.166516,1.1553,1.1553,False,66.219205,0.688212,140,44.381058,37.880835,1980-09-13,2004-12-04,88.193249,False,91.015219,False
San Jose State,2005,2005-09-01,1.077,1.11053,1.1553,1.1553,False,40.057052,0.571778,78,18.461842,17.141921,1980-10-11,2004-11-27,44.11649,False,30.784306,False
Fresno State,2005,2005-09-01,1.233393,1.205472,1.1553,1.1553,False,53.90733,0.642463,103,42.237625,34.245071,1980-09-20,2004-11-21,137.978052,False,159.695767,False
San Diego State,2005,2005-09-01,1.115805,1.129304,1.1553,1.1553,False,57.771766,0.658204,126,29.044563,26.030149,1980-09-27,2004-11-21,51.225035,False,45.888042,False
Hawai'i,2005,2005-09-01,1.251323,1.225159,1.1553,1.1553,False,80.10036,0.727521,168,46.364676,37.052515,1980-10-04,2004-12-05,99.339576,False,111.029742,False
Nevada,2005,2005-09-01,1.173217,1.1656,1.1553,1.1553,False,40.564618,0.574858,61,22.993401,19.598593,1992-10-24,2004-11-28,77.162176,False,80.758756,False
UNLV,2005,2005-09-01,0.982362,1.044729,1.1553,1.1553,False,53.187932,0.639371,106,20.240148,20.603556,1980-09-13,2004-11-07,15.468155,False,-6.148363,False
Arizona,2005,2005-09-01,1.070822,1.096143,1.1553,1.1553,False,70.089255,0.700268,152,37.812787,35.311931,1980-09-20,2004-11-26,48.720101,False,35.832637,False
Arizona State,2005,2005-09-01,1.183644,1.175194,1.1553,1.1553,False,70.632515,0.701886,155,47.305285,39.965815,1980-09-13,2004-11-14,91.693687,False,96.344899,False
BYU,2005,2005-09-01,1.136931,1.142474,1.1553,1.1553,False,69.419394,0.698248,149,50.282153,44.226232,1980-09-13,2004-11-13,93.723524,False,89.802231,False
Utah,2005,2005-09-01,1.134893,1.141604,1.1553,1.1553,False,61.230717,0.671163,128,41.682686,36.728295,1980-09-20,2004-11-21,81.096769,False,77.05912,False
Utah State,2005,2005-09-01,1.175952,1.167477,1.1553,1.1553,False,43.108118,0.589649,86,19.643894,16.704678,1980-10-04,2004-11-20,56.900589,False,59.727794,False
Boise State,2005,2005-09-01,1.174471,1.165246,1.1553,1.1553,False,32.346607,0.518819,43,26.399478,22.477764,1996-08-31,2004-11-20,148.763839,False,158.556362,False
Colorado,2005,2005-09-01,1.120337,1.130815,1.1553,1.1553,False,70.10197,0.700306,151,46.501549,41.506753,1980-09-27,2004-11-13,79.294369,False,72.691939,False
Colorado State,2005,2005-09-01,1.071152,1.099762,1.1553,1.1553,False,58.238038,0.660011,123,35.690471,33.319708,1980-09-06,2004-11-13,56.006923,False,39.696963,False
Wyoming,2005,2005-09-01,1.253468,1.220365,1.1553,1.1553,False,58.965073,0.662789,127,35.285262,28.150119,1980-09-13,2004-11-14,97.791916,False,112.749881,False
Air Force,2005,2005-09-01,1.112442,1.126191,1.1553,1.1553,False,63.517636,0.679205,137,41.326486,37.149336,1980-09-20,2004-11-20,70.623288,False,62.711365,False
New Mexico,2005,2005-09-01,1.176695,1.1696,1.1553,1.1553,False,60.458106,0.668355,129,30.772236,26.151405,1980-09-06,2004-11-20,65.522808,False,68.257808,False
New Mexico State,2005,2005-09-01,1.087923,1.115455,1.1553,1.1553,False,43.417275,0.591377,85,17.769584,16.333489,1980-09-13,2004-11-07,39.472641,False,30.161601,False
UTEP,2005,2005-09-01,1.178348,1.170269,1.1553,1.1553,False,55.581126,0.649455,121,21.876181,18.565131,1980-09-20,2004-11-20,59.092023,False,61.816987,False
Kansas,2005,2005-09-01,1.186818,1.176835,1.1553,1.1553,False,64.714141,0.683257,141,29.616859,24.954854,1980-09-13,2004-11-13,66.910327,False,70.646277,False
Kansas State,2005,2005-09-01,1.134255,1.140851,1.1553,1.1553,False,65.722525,0.686594,131,47.524228,41.89908,1980-09-27,2004-11-20,110.693533,False,105.11134,False
Nebraska,2005,2005-09-01,1.155953,1.155767,1.1553,1.1553,False,75.557296,0.715794,164,67.992101,58.819105,1980-09-13,2004-11-26,199.731483,False,200.05512,False
Iowa State,2005,2005-09-01,1.16124,1.159343,1.1553,1.1553,False,63.942569,0.680656,137,27.130683,23.363539,1980-09-13,2004-11-27,56.758043,False,57.421514,False
Oklahoma State,2005,2005-09-01,1.19445,1.181582,1.1553,1.1553,False,61.271976,0.671312,129,34.896407,29.215452,1980-10-04,2004-11-13,89.435452,False,95.840357,False
Tulsa,2005,2005-09-01,1.206052,1.187543,1.1553,1.1553,False,52.257736,0.635293,101,22.504545,18.659678,1980-09-13,2004-11-27,61.227457,False,67.119918,False
Texas,2005,2005-09-01,1.213805,1.196499,1.1553,1.1553,False,71.418856,0.704197,152,56.678304,46.694752,1980-09-01,2004-11-26,138.702502,False,152.955319,False
Texas A&M,2005,2005-09-01,1.219502,1.199836,1.1553,1.1553,False,67.940014,0.69369,143,52.602777,43.134653,1980-09-20,2004-11-13,141.417479,False,157.263107,False
Baylor,2005,2005-09-01,1.155557,1.155472,1.1553,1.1553,False,61.056173,0.670533,128,27.148924,23.494237,1980-10-04,2004-11-20,60.796114,False,60.828774,False
TCU,2005,2005-09-01,1.175424,1.168925,1.1553,1.1553,False,62.892193,0.677045,135,39.882368,33.930192,1980-09-13,2004-11-27,94.743611,False,98.496402,False
Texas Tech,2005,2005-09-01,1.241008,1.21413,1.1553,1.1553,False,65.662057,0.686396,140,45.121987,36.359151,1980-09-06,2004-11-27,115.296968,False,130.718562,False
Houston,2005,2005-09-01,1.112654,1.126926,1.1553,1.1553,False,59.647137,0.665355,128,27.262288,24.502027,1980-09-20,2004-11-20,51.709558,False,45.944047,False
Rice,2005,2005-09-01,1.159435,1.158035,1.1553,1.1553,False,58.6076,0.661429,126,29.893449,25.782782,1980-09-27,2004-11-30,67.456625,False,68.05281,False
SMU,2005,2005-09-01,1.139685,1.144979,1.1553,1.1553,False,58.483824,0.660955,119,23.787495,20.871992,1980-09-13,2004-11-13,53.252576,False,51.353479,False
North Texas,2005,2005-09-01,1.237684,1.196671,1.1553,1.1553,False,30.261213,0.502167,46,18.270975,14.762233,1980-10-04,2004-11-14,91.778537,False,111.360557,False
Louisiana Tech,2005,2005-09-01,1.323134,1.249045,1.1553,1.1553,False,37.958707,0.558555,65,26.230163,19.824267,1981-09-19,2004-11-14,119.636832,False,158.423748,False
Tulane,2005,2005-09-01,1.139101,1.144371,1.1553,1.1553,False,62.218328,0.674685,138,30.176656,26.491648,1980-09-06,2004-12-04,57.856113,False,55.763752,False
Louisiana,2005,2005-09-01,1.237364,1.202475,1.1553,1.1553,False,40.563765,0.574853,78,19.496771,15.756697,1980-09-06,2004-11-13,69.354681,False,81.101275,False
Memphis,2005,2005-09-01,1.102213,1.119793,1.1553,1.1553,False,60.594281,0.668853,127,30.449243,27.625557,1980-09-06,2004-11-13,47.584675,False,40.598788,False
FIU,2005,2005-09-01,,1.1553,1.1553,1.1553,False,0.0,0.0,0,0.0,0.0,,,80.810051,False,,False
Oklahoma,2005,2005-09-01,1.157791,1.157067,1.1553,1.1553,False,73.25487,0.709457,153,58.930844,50.899378,1980-09-13,2004-12-05,146.25168,False,147.037307,False
Arkansas,2005,2005-09-01,1.21019,1.194505,1.1553,1.1553,False,74.985826,0.714247,161,51.708656,42.727714,1980-09-20,2004-11-26,109.236118,False,118.671328,False
Missouri,2005,2005-09-01,1.133592,1.140341,1.1553,1.1553,False,66.489857,0.689086,146,33.380809,29.446935,1980-09-13,2004-11-20,60.602722,False,57.684386,False
Cincinnati,2005,2005-09-01,1.237934,1.209173,1.1553,1.1553,False,56.195304,0.651953,107,31.529171,25.469193,1980-11-08,2004-11-20,85.066556,False,96.826601,False
Louisville,2005,2005-09-01,1.119102,1.131265,1.1553,1.1553,False,59.285338,0.663999,119,38.297988,34.222057,1980-09-06,2004-11-27,73.456602,False,66.391765,False
Arkansas State,2005,2005-09-01,1.219667,1.188149,1.1553,1.1553,False,31.266846,0.510339,51,12.872334,10.553975,1980-09-20,2004-11-19,55.087019,False,64.042367,False
ULM,2005,2005-09-01,1.063971,1.118072,1.1553,1.1553,False,20.644396,0.407634,30,7.983697,7.503677,1980-11-22,2004-11-21,37.370886,False,20.394995,False
FAU,2005,2005-09-01,,1.1553,1.1553,1.1553,False,0.0,0.0,0,0.0,0.0,,,80.810051,False,,False
Middle Tennessee,2005,2005-09-01,1.285438,1.206967,1.1553,1.1553,False,19.752213,0.397012,24,14.683802,11.423191,1999-11-13,2004-11-13,105.534501,False,150.286006,False
Southern Miss,2005,2005-09-01,1.215186,1.192784,1.1553,1.1553,False,50.196545,0.625919,103,39.164713,32.229411,1980-09-20,2004-12-05,129.242691,False,146.541338,False
Michigan,2005,2005-09-01,1.167957,1.164298,1.1553,1.1553,False,73.760231,0.710872,159,63.043049,53.977203,1980-09-13,2004-11-13,150.172989,False,154.375222,False
Michigan State,2005,2005-09-01,1.153273,1.153868,1.1553,1.1553,False,72.193208,0.706438,152,45.005156,39.023851,1980-09-27,2004-11-13,78.823255,False,78.51089,False
Ohio State,2005,2005-09-01,1.176484,1.170549,1.1553,1.1553,False,77.072128,0.719815,165,64.146828,54.524175,1980-09-13,2004-11-20,142.733849,False,148.750816,False
Indiana,2005,2005-09-01,1.172921,1.167428,1.1553,1.1553,False,66.237073,0.68827,144,31.815615,27.125109,1980-09-13,2004-11-13,63.240777,False,65.295521,False
Purdue,2005,2005-09-01,1.238062,1.212958,1.1553,1.1553,False,68.903315,0.696673,147,42.319151,34.181773,1980-09-20,2004-11-20,100.882225,False,113.214493,False
Illinois,2005,2005-09-01,1.068118,1.094571,1.1553,1.1553,False,68.872114,0.696578,147,34.420202,32.225081,1980-09-06,2004-11-06,42.891875,False,30.913497,False
Northwestern,2005,2005-09-01,1.221508,1.200757,1.1553,1.1553,False,65.717421,0.686577,139,28.15386,23.048446,1980-10-04,2004-11-20,70.601393,False,77.654255,False
Wisconsin,2005,2005-09-01,1.132629,1.139281,1.1553,1.1553,False,72.2384,0.706568,156,45.0949,39.814373,1980-09-13,2004-11-06,74.927076,False,71.246881,False
Minnesota,2005,2005-09-01,1.191195,1.180029,1.1553,1.1553,False,66.43803,0.688919,143,36.002724,30.22404,1980-09-13,2004-11-13,76.627012,False,81.391735,False
Iowa,2005,2005-09-01,1.207595,1.19178,1.1553,1.1553,False,69.194519,0.697564,146,48.372949,40.057248,1980-09-27,2004-11-20,118.440997,False,129.016637,False
Notre Dame,2005,2005-09-01,1.130612,1.13782,1.1553,1.1553,False,72.756696,0.708048,157,53.634227,47.438227,1980-09-06,2004-11-13,94.578999,False,89.261999,False
Toledo,2005,2005-09-01,1.289595,1.244251,1.1553,1.1553,False,58.849676,0.662351,125,48.507576,37.614582,1980-09-27,2004-11-24,167.131002,False,205.578158,False
Ball State,2005,2005-09-01,1.170884,1.16506,1.1553,1.1553,False,50.272619,0.626274,108,27.457338,23.450089,1980-09-20,2004-11-13,69.303945,False,71.761806,False
Western Michigan,2005,2005-09-01,1.11654,1.130289,1.1553,1.1553,False,54.573862,0.64528,122,32.755179,29.336335,1980-09-06,2004-11-13,64.838169,False,57.868355,False
Bowling Green,2005,2005-09-01,1.236625,1.207172,1.1553,1.1553,False,52.835338,0.637836,112,39.443343,31.895949,1980-09-13,2004-11-13,134.886719,False,156.138826,False
Central Michigan,2005,2005-09-01,1.179843,1.171044,1.1553,1.1553,False,53.67511,0.64147,118,30.951321,26.23342,1980-09-06,2004-11-20,78.14988,False,82.251054,False
Eastern Michigan,2005,2005-09-01,1.130798,1.139719,1.1553,1.1553,False,52.399363,0.63592,111,22.488596,19.887363,1980-10-18,2004-11-20,50.201005,False,47.042877,False
Northern Illinois,2005,2005-09-01,1.273325,1.228062,1.1553,1.1553,False,48.225182,0.616492,99,29.21827,22.946437,1980-09-13,2004-11-10,103.910408,False,125.026009,False
Penn State,2005,2005-09-01,1.123252,1.132458,1.1553,1.1553,False,74.439811,0.712753,158,55.011026,48.974785,1980-09-27,2004-11-20,96.669537,False,89.488072,False
Pittsburgh,2005,2005-09-01,1.128007,1.136176,1.1553,1.1553,False,70.23242,0.700696,152,39.564313,35.074517,1980-09-13,2004-11-26,66.363271,False,62.343413,False
West Virginia,2005,2005-09-01,1.139246,1.144178,1.1553,1.1553,False,67.656704,0.692801,145,45.968414,40.349854,1980-09-06,2004-11-13,84.604536,False,81.561059,False
Maryland,2005,2005-09-01,1.191675,1.180016,1.1553,1.1553,False,63.592568,0.679462,133,38.193574,32.050318,1980-09-13,2004-11-27,85.656781,False,91.367589,False
Virginia,2005,2005-09-01,1.268284,1.232174,1.1553,1.1553,False,63.864851,0.680392,132,45.227684,35.660533,1980-09-13,2004-11-13,127.797744,False,149.38743,False
Virginia Tech,2005,2005-09-01,1.154126,1.15449,1.1553,1.1553,False,66.763134,0.689965,133,50.429741,43.695191,1980-10-18,2004-11-27,114.090019,False,113.793291,False
NC State,2005,2005-09-01,1.155361,1.155341,1.1553,1.1553,False,62.729296,0.676478,133,39.583289,34.260547,1980-09-27,2004-11-27,78.511182,False,78.521372,False
Wake Forest,2005,2005-09-01,0.956397,1.025265,1.1553,1.1553,False,56.645121,0.65376,114,20.275562,21.199942,1980-09-06,2004-11-13,8.838576,False,-15.442834,False
Duke,2005,2005-09-01,1.078207,1.10404,1.1553,1.1553,False,59.529893,0.664916,127,19.222664,17.828359,1980-09-06,2004-11-20,32.088007,False,24.250096,False
North Carolina,2005,2005-09-01,1.078214,1.10226,1.1553,1.1553,False,66.173175,0.688063,142,37.385827,34.673851,1980-09-27,2004-11-06,54.762111,False,41.814333,False
Marshall,2005,2005-09-01,1.146261,1.150958,1.1553,1.1553,False,27.736114,0.480395,39,24.861286,21.689025,1980-09-13,2004-11-20,187.911666,False,180.00182,False
East Carolina,2005,2005-09-01,1.106385,1.12388,1.1553,1.1553,False,53.879871,0.642346,105,28.070947,25.371768,1980-09-13,2004-11-20,54.070871,False,46.438988,False
Rutgers,2005,2005-09-01,1.115621,1.128893,1.1553,1.1553,False,59.689301,0.665512,122,22.737494,20.381019,1980-09-20,2004-11-25,43.857407,False,39.422036,False
Syracuse,2005,2005-09-01,1.177941,1.171049,1.1553,1.1553,False,68.553158,0.695596,147,48.714001,41.355205,1980-09-20,2004-11-06,106.682199,False,111.28441,False
Boston College,2005,2005-09-01,1.124681,1.134535,1.1553,1.1553,False,63.224365,0.678196,133,37.799297,33.608898,1980-09-20,2004-11-27,69.80215,False,64.592676,False
UConn,2005,2005-09-01,0.997993,1.095095,1.1553,1.1553,False,18.600787,0.382726,22,10.613174,10.634521,2000-10-28,2004-11-20,49.551098,False,-1.025915,False
Temple,2005,2005-09-01,0.923645,1.008066,1.1553,1.1553,False,52.321262,0.635574,106,13.942894,15.095518,1980-09-13,2004-11-20,2.557189,False,-24.745759,False
Army,2005,2005-09-01,1.181187,1.172214,1.1553,1.1553,False,56.54641,0.653365,114,21.52568,18.223774,1980-09-20,2004-11-20,54.826771,False,57.604948,False
Navy,2005,2005-09-01,1.043314,1.083756,1.1553,1.1553,False,53.071666,0.638866,102,21.764279,20.860718,1980-09-20,2004-12-04,32.574383,False,16.919102,False
Buffalo,2005,2005-09-01,0.799887,1.000197,1.1553,1.1553,False,23.229505,0.436403,29,4.956964,6.197082,1999-09-11,2004-11-13,0.058178,False,-63.049209,False
Akron,2005,2005-09-01,1.241787,1.205755,1.1553,1.1553,False,42.008304,0.583381,71,24.604717,19.813952,1987-09-12,2004-11-20,88.075641,False,103.927901,False
Kent State,2005,2005-09-01,1.123346,1.135034,1.1553,1.1553,False,52.016771,0.634221,114,16.395513,14.595251,1980-10-04,2004-11-13,38.438919,False,35.202704,False
Ohio,2005,2005-09-01,1.075076,1.105185,1.1553,1.1553,False,49.933353,0.624687,109,20.651538,19.209371,1980-09-20,2004-11-13,37.246904,False,26.688799,False
Miami (OH),2005,2005-09-01,1.113985,1.128582,1.1553,1.1553,False,54.90983,0.646684,118,38.396202,34.467441,1980-09-13,2004-12-03,80.949048,False,71.315809,False
Troy,2005,2005-09-01,1.623924,1.25457,1.1553,1.1553,False,8.062995,0.211833,9,7.238982,4.457711,2001-12-01,2004-11-21,124.718493,False,389.3561,False
Alabama,2005,2005-09-01,1.057534,1.085308,1.1553,1.1553,False,75.599771,0.715908,160,52.126724,49.290848,1980-09-06,2004-11-20,55.980036,False,37.28003,False
Auburn,2005,2005-09-01,1.178944,1.171978,1.1553,1.1553,False,71.819457,0.705361,157,54.903431,46.569996,1980-09-20,2004-11-13,121.38219,False,126.851759,False
Georgia,2005,2005-09-01,1.121899,1.131826,1.1553,1.1553,False,70.938863,0.70279,157,54.087537,48.210709,1980-09-13,2004-11-27,97.867469,False,89.795707,False
Georgia Tech,2005,2005-09-01,1.122024,1.132794,1.1553,1.1553,False,62.693606,0.676353,133,36.773528,32.774282,1980-09-20,2004-11-20,66.488911,False,61.009399,False
Florida,2005,2005-09-01,1.166891,1.163536,1.1553,1.1553,False,73.650985,0.710567,155,62.133314,53.246887,1980-09-13,2004-11-14,153.061648,False,156.879628,False
Florida State,2005,2005-09-01,1.126771,1.135348,1.1553,1.1553,False,69.782845,0.699347,145,62.471494,55.44294,1980-09-13,2004-11-21,180.391823,False,165.335209,False
Miami (FL),2005,2005-09-01,1.116803,1.128923,1.1553,1.1553,False,65.289897,0.685171,140,55.441964,49.643454,1980-09-27,2004-12-04,152.148642,False,135.26383,False
South Carolina,2005,2005-09-01,1.169244,1.165028,1.1553,1.1553,False,69.212671,0.697619,145,36.922101,31.577761,1980-10-04,2004-11-06,69.803552,False,71.587042,False
Clemson,2005,2005-09-01,1.176709,1.169851,1.1553,1.1553,False,63.655271,0.679676,134,44.715993,38.00089,1980-09-13,2004-11-20,102.264077,False,106.699164,False
Tennessee,2005,2005-09-01,1.101097,1.116085,1.1553,1.1553,False,78.491397,0.72348,167,62.895688,57.120927,1980-09-06,2004-12-04,105.784862,False,90.683029,False
Vanderbilt,2005,2005-09-01,0.956013,1.019001,1.1553,1.1553,False,64.917434,0.683936,139,17.50064,18.305862,1980-09-20,2004-11-20,5.631028,False,-13.248095,False
Kentucky,2005,2005-09-01,1.172749,1.167497,1.1553,1.1553,False,69.667472,0.698999,151,32.742376,27.919345,1980-09-06,2004-11-13,61.884598,False,63.800168,False
LSU,2005,2005-09-01,1.122878,1.13215,1.1553,1.1553,False,74.903038,0.714022,160,50.849016,45.284528,1980-09-06,2004-11-21,85.903315,False,79.609542,False
Mississippi State,2005,2005-09-01,1.232316,1.2077,1.1553,1.1553,False,63.860164,0.680376,133,35.862214,29.101465,1980-09-13,2004-11-20,86.614562,False,96.953495,False
Ole Miss,2005,2005-09-01,1.123078,1.133035,1.1553,1.1553,False,67.085053,0.690993,142,41.698568,37.128828,1980-09-06,2004-11-27,67.775964,False,62.58023,False
UCF,2005,2005-09-01,1.036303,1.102168,1.1553,1.1553,False,24.200671,0.446501,32,12.827831,12.378453,1996-10-19,2004-11-24,54.396611,False,19.197042,False
South Florida,2005,2005-09-01,1.040933,1.117889,1.1553,1.1553,False,14.584408,0.327119,17,9.044875,8.689196,2001-09-29,2004-12-04,61.340312,False,20.869242,False
UAB,2005,2005-09-01,1.26612,1.20934,1.1553,1.1553,False,28.552761,0.487642,38,16.911231,13.356742,1996-09-14,2004-11-13,82.300712,False,104.963552,False
Idaho,2005,2005-09-01,1.083939,1.124596,1.1553,1.1553,False,22.656035,0.430265,30,10.881381,10.038736,1996-10-19,2004-11-06,51.161569,False,34.44008,False
Washington,2006,2006-08-31,1.117548,1.126644,1.148325,1.148325,False,71.510029,0.704463,157,50.503461,45.1913,1980-09-13,2005-11-19,86.475598,False,79.901885,False
Washington State,2006,2006-08-31,1.031334,1.070055,1.148325,1.148325,False,60.642116,0.669028,131,32.326741,31.34459,1980-09-13,2005-11-13,33.80899,False,15.091007,False
Oregon,2006,2006-08-31,1.160684,1.156799,1.148325,1.148325,False,65.425978,0.68562,138,46.011254,39.641488,1980-09-06,2005-11-19,92.679309,False,95.128,False
Oregon State,2006,2006-08-31,1.24397,1.212005,1.148325,1.148325,False,59.765837,0.665797,129,30.170927,24.253747,1980-10-11,2005-11-12,83.2782,False,95.806168,False
California,2006,2006-08-31,1.171898,1.164469,1.148325,1.148325,False,65.192176,0.684848,143,35.000599,29.866589,1980-09-27,2005-11-12,69.734539,False,72.897575,False
Stanford,2006,2006-08-31,1.155449,1.153251,1.148325,1.148325,False,67.228879,0.69145,149,35.328966,30.575953,1980-09-13,2005-11-27,62.232728,False,63.12195,False
USC,2006,2006-08-31,1.175172,1.167186,1.148325,1.148325,False,70.852699,0.702536,154,53.828962,45.805193,1980-09-20,2005-12-03,113.941713,False,119.968561,False
UCLA,2006,2006-08-31,1.235435,1.208615,1.148325,1.148325,False,67.437675,0.692111,146,47.05713,38.089517,1980-09-13,2005-11-13,109.683589,False,124.801239,False
San Jose State,2006,2006-08-31,1.118157,1.130875,1.148325,1.148325,False,41.160293,0.578417,82,19.125556,17.104539,1980-10-11,2005-11-26,50.282135,False,45.432818,False
Fresno State,2006,2006-08-31,1.223396,1.196909,1.148325,1.148325,False,55.029359,0.647181,108,43.188685,35.302303,1980-09-20,2005-12-03,134.682657,False,155.589392,False
San Diego State,2006,2006-08-31,1.125011,1.132821,1.148325,1.148325,False,59.559616,0.665028,132,29.929771,26.603974,1980-09-27,2005-11-20,51.727643,False,48.696138,False
Hawai'i,2006,2006-08-31,1.237237,1.213284,1.148325,1.148325,False,81.356156,0.730594,175,46.107619,37.266594,1980-10-04,2005-12-04,92.898389,False,103.413987,False
Nevada,2006,2006-08-31,1.268269,1.219314,1.148325,1.148325,False,43.502764,0.591852,67,26.1695,20.634028,1992-10-24,2005-11-27,97.548113,False,119.844163,False
UNLV,2006,2006-08-31,1.011218,1.059983,1.148325,1.148325,False,54.347246,0.644327,111,20.764064,20.533711,1980-09-13,2005-11-19,20.312889,False,3.824225,False
Arizona,2006,2006-08-31,1.055723,1.08347,1.148325,1.148325,False,70.121893,0.700365,157,36.233965,34.321472,1980-09-20,2005-11-12,41.281412,False,27.543177,False
Arizona State,2006,2006-08-31,1.166173,1.160949,1.148325,1.148325,False,72.493435,0.707298,162,47.909579,41.082732,1980-09-13,2005-11-25,83.946174,False,86.793931,False
BYU,2006,2006-08-31,1.120211,1.128688,1.148325,1.148325,False,69.489089,0.698459,154,48.81088,43.572949,1980-09-13,2005-11-19,80.351603,False,74.762352,False
Utah,2006,2006-08-31,1.09798,1.114259,1.148325,1.148325,False,62.781461,0.67666,134,42.651003,38.844961,1980-09-20,2005-11-12,68.831421,False,58.630351,False
Utah State,2006,2006-08-31,1.190924,1.173871,1.148325,1.148325,False,44.942703,0.599694,91,20.210094,16.970102,1980-10-04,2005-11-19,58.666711,False,64.307004,False
Boise State,2006,2006-08-31,1.171003,1.16052,1.148325,1.148325,False,34.901623,0.537762,48,29.351439,25.06521,1996-08-31,2005-11-19,160.272558,False,173.024975,False
Colorado,2006,2006-08-31,1.118305,1.127133,1.148325,1.148325,False,72.016905,0.705931,158,48.093407,43.005632,1980-09-27,2005-12-03,77.677269,False,72.050517,False
Colorado State,2006,2006-08-31,1.116303,1.12709,1.148325,1.148325,False,59.05472,0.663128,128,37.066011,33.20426,1980-09-06,2005-11-12,69.093622,False,63.078923,False
Wyoming,2006,2006-08-31,1.205453,1.186353,1.148325,1.148325,False,59.729847,0.665663,132,34.803557,28.87176,1980-09-13,2005-11-12,82.862992,False,91.467468,False
Air Force,2006,2006-08-31,1.095977,1.112524,1.148325,1.148325,False,64.910909,0.683914,143,41.377661,37.754119,1980-09-20,2005-11-05,61.215913,False,52.011137,False
New Mexico,2006,2006-08-31,1.091556,1.110245,1.148325,1.148325,False,61.123967,0.670778,134,30.588557,28.0229,1980-09-06,2005-11-19,45.782442,False,38.018642,False
New Mexico State,2006,2006-08-31,0.988406,1.051392,1.148325,1.148325,False,46.168959,0.606139,91,16.583542,16.778059,1980-09-13,2005-11-26,17.332974,False,-3.951344,False
UTEP,2006,2006-08-31,1.198292,1.180979,1.148325,1.148325,False,56.579813,0.653499,126,24.177174,20.176355,1980-09-20,2005-11-19,65.413745,False,71.532291,False
Kansas,2006,2006-08-31,1.243868,1.214024,1.148325,1.148325,False,66.042565,0.687638,147,32.346795,26.005,1980-09-13,2005-11-26,80.584659,False,91.746814,False
Kansas State,2006,2006-08-31,1.144982,1.146016,1.148325,1.148325,False,66.979873,0.690657,137,48.11032,42.018425,1980-09-27,2005-11-19,107.415153,False,106.596987,False
Nebraska,2006,2006-08-31,1.169368,1.163421,1.148325,1.148325,False,76.153207,0.71739,170,67.209542,57.475085,1980-09-13,2005-11-12,184.92912,False,193.707826,False
Iowa State,2006,2006-08-31,1.217846,1.195749,1.148325,1.148325,False,64.382802,0.682145,142,29.088119,23.884882,1980-09-13,2005-11-13,69.38547,False,77.071023,False
Oklahoma State,2006,2006-08-31,1.182975,1.171662,1.148325,1.148325,False,61.886521,0.67351,134,34.44941,29.121002,1980-10-04,2005-11-12,83.65732,False,89.207677,False
Tulsa,2006,2006-08-31,1.187678,1.173534,1.148325,1.148325,False,53.467534,0.640579,106,23.828225,20.062866,1980-09-13,2005-11-12,59.22132,False,63.955329,False
Texas,2006,2006-08-31,1.2149,1.195374,1.148325,1.148325,False,72.290993,0.706719,158,58.534309,48.18037,1980-09-01,2005-11-12,145.151769,False,162.430763,False
Texas A&M,2006,2006-08-31,1.212984,1.193213,1.148325,1.148325,False,68.113082,0.69423,148,51.907525,42.793243,1980-09-20,2005-11-25,133.561149,False,148.993659,False
Baylor,2006,2006-08-31,1.149692,1.14924,1.148325,1.148325,False,60.75779,0.66945,132,26.284203,22.861946,1980-10-04,2005-11-19,57.030109,False,57.200602,False
TCU,2006,2006-08-31,1.206067,1.187521,1.148325,1.148325,False,63.401102,0.678805,140,41.927083,34.763467,1980-09-13,2005-11-13,108.133171,False,119.285127,False
Texas Tech,2006,2006-08-31,1.257492,1.223372,1.148325,1.148325,False,65.98628,0.687455,145,46.817171,37.230589,1980-09-06,2005-11-19,123.530317,False,144.036319,False
Houston,2006,2006-08-31,1.068608,1.095068,1.148325,1.148325,False,60.382519,0.668077,133,27.337532,25.582376,1980-09-20,2005-11-26,39.783938,False,28.76455,False
Rice,2006,2006-08-31,1.152782,1.151286,1.148325,1.148325,False,59.416236,0.66449,131,28.844285,25.021464,1980-09-27,2005-11-19,62.060377,False,62.668255,False
SMU,2006,2006-08-31,1.15791,1.154723,1.148325,1.148325,False,60.22096,0.667483,125,25.028259,21.615023,1980-09-13,2005-11-26,55.456419,False,56.570873,False
North Texas,2006,2006-08-31,1.045999,1.094758,1.148325,1.148325,False,32.957777,0.52349,51,17.051467,16.301607,1980-10-04,2005-11-26,43.141205,False,20.899178,False
Louisiana Tech,2006,2006-08-31,1.323433,1.248535,1.148325,1.148325,False,40.138066,0.572272,70,28.243741,21.341263,1981-09-19,2005-11-26,122.598394,False,163.202433,False
Tulane,2006,2006-08-31,1.057086,1.086589,1.148325,1.148325,False,62.77364,0.676632,143,28.162496,26.641638,1980-09-06,2005-11-19,34.232934,False,22.634564,False
Louisiana,2006,2006-08-31,1.236066,1.199315,1.148325,1.148325,False,41.62458,0.581149,82,20.085303,16.249384,1980-09-06,2005-11-13,67.443777,False,79.676187,False
Memphis,2006,2006-08-31,1.097727,1.114361,1.148325,1.148325,False,61.257841,0.671261,132,31.24659,28.464801,1980-09-06,2005-11-26,45.756104,False,39.087152,False
FIU,2006,2006-08-31,1.082352,1.144412,1.148325,1.148325,False,1.891131,0.0593,2,0.950052,0.877766,2005-10-15,2005-12-04,46.804394,False,26.692992,False
Oklahoma,2006,2006-08-31,1.149403,1.149092,1.148325,1.148325,False,74.009502,0.711565,159,59.707933,51.946925,1980-09-13,2005-11-26,139.745388,False,140.085393,False
Arkansas,2006,2006-08-31,1.177326,1.169015,1.148325,1.148325,False,74.688797,0.713436,166,50.144509,42.591865,1980-09-20,2005-11-19,94.247963,False,99.137459,False
Missouri,2006,2006-08-31,1.158153,1.155135,1.148325,1.148325,False,67.690977,0.692909,152,34.918382,30.150053,1980-09-13,2005-11-12,66.082524,False,67.373752,False
Cincinnati,2006,2006-08-31,1.235778,1.205344,1.148325,1.148325,False,56.206911,0.652,111,31.29907,25.32743,1980-11-08,2005-11-10,83.291947,False,95.652672,False
Louisville,2006,2006-08-31,1.136032,1.140085,1.148325,1.148325,False,60.982168,0.670265,125,41.395632,36.438791,1980-09-06,2005-11-26,83.83805,False,81.278038,False
Arkansas State,2006,2006-08-31,1.326223,1.242677,1.148325,1.148325,False,33.880192,0.530371,56,15.779825,11.898318,1980-09-20,2005-11-13,73.474051,False,97.958981,False
ULM,2006,2006-08-31,1.030417,1.097107,1.148325,1.148325,False,23.039582,0.434385,34,9.330482,9.055053,1980-11-22,2005-11-26,32.414235,False,10.222903,False
FAU,2006,2006-08-31,0.455874,1.054409,1.148325,1.148325,False,4.70726,0.135628,5,0.946094,2.075342,2005-09-08,2005-11-26,17.560907,False,-205.623295,False
Middle Tennessee,2006,2006-08-31,1.139311,1.1444,1.148325,1.148325,False,23.138043,0.435433,29,14.64856,12.857384,1999-11-13,2005-11-12,68.195803,False,65.726822,False
Southern Miss,2006,2006-08-31,1.183753,1.17057,1.148325,1.148325,False,50.623374,0.627899,107,38.440329,32.473259,1980-09-20,2005-11-26,110.731377,False,120.309345,False
Michigan,2006,2006-08-31,1.144884,1.145863,1.148325,1.148325,False,75.415962,0.715413,166,62.592074,54.671124,1980-09-13,2005-11-19,125.935639,False,124.934465,False
Michigan State,2006,2006-08-31,1.140136,1.14252,1.148325,1.148325,False,73.014931,0.70878,158,44.8133,39.305237,1980-09-27,2005-11-19,71.503994,False,70.281531,False
Ohio State,2006,2006-08-31,1.188127,1.177122,1.148325,1.148325,False,78.501974,0.723507,172,65.504355,55.132475,1980-09-13,2005-11-12,145.58793,False,156.652583,False
Indiana,2006,2006-08-31,1.175946,1.167362,1.148325,1.148325,False,66.526479,0.689204,149,31.567984,26.844752,1980-09-13,2005-11-19,62.176775,False,65.329353,False
Purdue,2006,2006-08-31,1.213807,1.194152,1.148325,1.148325,False,69.949592,0.699849,153,42.320312,34.865773,1980-09-20,2005-11-12,90.646415,False,100.110887,False
Illinois,2006,2006-08-31,1.066869,1.091327,1.148325,1.148325,False,69.91426,0.699743,153,33.991261,31.860769,1980-09-06,2005-11-19,40.445661,False,29.649857,False
Northwestern,2006,2006-08-31,1.232778,1.206649,1.148325,1.148325,False,66.965115,0.69061,145,30.027838,24.357873,1980-10-04,2005-11-05,73.656146,False,82.69586,False
Wisconsin,2006,2006-08-31,1.14947,1.149137,1.148325,1.148325,False,73.049603,0.708878,162,46.77172,40.689813,1980-09-13,2005-11-12,80.677296,False,80.864281,False
Minnesota,2006,2006-08-31,1.195474,1.180988,1.148325,1.148325,False,67.642794,0.692758,149,37.354249,31.246396,1980-09-13,2005-11-12,77.213394,False,83.432625,False
Iowa,2006,2006-08-31,1.198081,1.183046,1.148325,1.148325,False,69.279039,0.697821,151,48.904887,40.819344,1980-09-27,2005-11-19,115.373769,False,125.670506,False
Notre Dame,2006,2006-08-31,1.121027,1.128935,1.148325,1.148325,False,73.558288,0.710308,163,53.834988,48.022905,1980-09-06,2005-11-19,88.386547,False,82.592609,False
Toledo,2006,2006-08-31,1.259418,1.221838,1.148325,1.148325,False,58.685718,0.661727,129,48.086917,38.181851,1980-09-27,2005-11-17,156.750144,False,189.080286,False
Ball State,2006,2006-08-31,1.150569,1.149734,1.148325,1.148325,False,50.685435,0.628186,112,26.569518,23.092513,1980-09-20,2005-11-19,61.479606,False,61.822386,False
Western Michigan,2006,2006-08-31,1.133855,1.13898,1.148325,1.148325,False,54.699384,0.645806,126,33.397173,29.454533,1980-09-06,2005-11-12,68.072231,False,65.501961,False
Bowling Green,2006,2006-08-31,1.160804,1.156348,1.148325,1.148325,False,54.021207,0.642947,117,38.689084,33.329571,1980-09-13,2005-11-23,102.788606,False,105.930603,False
Central Michigan,2006,2006-08-31,1.179767,1.168642,1.148325,1.148325,False,54.792799,0.646196,123,30.770118,26.081525,1980-09-06,2005-11-05,73.84024,False,78.774635,False
Eastern Michigan,2006,2006-08-31,1.120956,1.130777,1.148325,1.148325,False,53.608628,0.641185,116,22.861013,20.394203,1980-10-18,2005-11-12,46.226636,False,42.803104,False
Northern Illinois,2006,2006-08-31,1.211863,1.187955,1.148325,1.148325,False,49.728081,0.623721,104,30.096524,24.834914,1980-09-13,2005-12-02,90.610817,False,102.434252,False
Penn State,2006,2006-08-31,1.16576,1.160827,1.148325,1.148325,False,76.042662,0.717095,165,57.910664,49.676334,1980-09-27,2005-11-05,115.383178,False,119.283303,False
Pittsburgh,2006,2006-08-31,1.159377,1.15607,1.148325,1.148325,False,70.247831,0.700742,157,40.692902,35.098924,1980-09-13,2005-11-12,74.572204,False,76.176532,False
West Virginia,2006,2006-08-31,1.158367,1.155288,1.148325,1.148325,False,67.850822,0.693411,150,46.671548,40.2908,1980-09-06,2005-11-25,90.390789,False,92.28871,False
Maryland,2006,2006-08-31,1.141494,1.143673,1.148325,1.148325,False,64.046889,0.68101,138,36.582901,32.048266,1980-09-13,2005-11-19,66.002791,False,64.986123,False
Virginia,2006,2006-08-31,1.280955,1.239183,1.148325,1.148325,False,65.252457,0.685047,138,46.911889,36.622579,1980-09-13,2005-11-19,134.023637,False,159.57213,False
Virginia Tech,2006,2006-08-31,1.14979,1.149342,1.148325,1.148325,False,67.957277,0.693744,139,51.76905,45.02477,1980-10-18,2005-11-27,112.489028,False,112.863336,False
NC State,2006,2006-08-31,1.129651,1.135598,1.148325,1.148325,False,64.193779,0.681508,139,39.780822,35.215143,1980-09-27,2005-11-26,67.499705,False,64.45694,False
Wake Forest,2006,2006-08-31,0.986242,1.041187,1.148325,1.148325,False,58.497996,0.661009,120,21.739262,22.04252,1980-09-06,2005-11-12,14.397789,False,-4.853454,False
Duke,2006,2006-08-31,1.025636,1.066416,1.148325,1.148325,False,60.256957,0.667616,132,17.939635,17.49123,1980-09-06,2005-10-29,20.269938,False,7.898955,False
North Carolina,2006,2006-08-31,1.113836,1.124457,1.148325,1.148325,False,67.411691,0.692029,148,38.663588,34.712116,1980-09-27,2005-11-19,64.22058,False,58.706742,False
Marshall,2006,2006-08-31,1.095979,1.121896,1.148325,1.148325,False,30.592268,0.504887,44,25.081566,22.885085,1980-09-13,2005-11-19,117.402675,False,89.389886,False
East Carolina,2006,2006-08-31,1.140014,1.142947,1.148325,1.148325,False,54.987839,0.647008,110,29.019383,25.455298,1980-09-13,2005-11-26,60.158897,False,58.926075,False
Rutgers,2006,2006-08-31,1.142505,1.144436,1.148325,1.148325,False,60.420744,0.668218,127,24.050641,21.050798,1980-09-20,2005-11-26,48.770675,False,48.131335,False
Syracuse,2006,2006-08-31,1.130627,1.135957,1.148325,1.148325,False,69.613017,0.698835,153,46.397403,41.036886,1980-09-20,2005-11-12,79.686674,False,76.449835,False
Boston College,2006,2006-08-31,1.135617,1.139645,1.148325,1.148325,False,64.641121,0.683013,139,39.976974,35.202859,1980-09-20,2005-11-13,74.784094,False,72.571292,False
UConn,2006,2006-08-31,0.983112,1.078293,1.148325,1.148325,False,22.073343,0.423889,27,12.726486,12.945102,2000-10-28,2005-12-04,42.816986,False,-9.039757,False
Temple,2006,2006-08-31,0.859216,0.963054,1.148325,1.148325,False,53.526968,0.640835,111,13.012266,15.144351,1980-09-13,2005-10-29,-11.807478,False,-46.34701,False
Army,2006,2006-08-31,1.137694,1.141301,1.148325,1.148325,False,58.421247,0.660715,120,21.036285,18.490287,1980-09-20,2005-12-03,44.224604,False,43.122299,False
Navy,2006,2006-08-31,1.055002,1.087873,1.148325,1.148325,False,55.17092,0.647767,108,24.084707,22.829065,1980-09-20,2005-11-19,35.051204,False,21.986066,False
Buffalo,2006,2006-08-31,0.652176,0.916145,1.148325,1.148325,False,26.387151,0.467964,34,4.626108,7.093345,1999-09-11,2005-11-19,-24.72132,False,-113.449962,False
Akron,2006,2006-08-31,1.19492,1.176009,1.148325,1.148325,False,43.917745,0.594143,76,25.794858,21.587104,1987-09-12,2005-11-24,78.679415,False,87.360277,False
Kent State,2006,2006-08-31,1.02196,1.068014,1.148325,1.148325,False,52.314232,0.635543,118,15.301184,14.972393,1980-10-04,2005-11-12,19.794971,False,6.463321,False
Ohio,2006,2006-08-31,1.141162,1.143805,1.148325,1.148325,False,51.307764,0.631032,114,22.087655,19.355404,1980-09-20,2005-11-22,49.409852,False,48.517943,False
Miami (OH),2006,2006-08-31,1.091235,1.111162,1.148325,1.148325,False,55.950465,0.650962,123,38.657388,35.425352,1980-09-13,2005-11-16,70.311325,False,57.229289,False
Troy,2006,2006-08-31,1.373043,1.209791,1.148325,1.148325,False,11.295454,0.273528,13,8.642622,6.2945,2001-12-01,2005-11-27,97.294365,False,185.212676,False
Alabama,2006,2006-08-31,1.080509,1.099499,1.148325,1.148325,False,77.1302,0.719967,167,54.277783,50.233547,1980-09-06,2005-11-12,64.946958,False,52.072717,False
Auburn,2006,2006-08-31,1.16304,1.15874,1.148325,1.148325,False,72.660066,0.707773,163,55.939325,48.097487,1980-09-20,2005-11-19,116.968443,False,120.490116,False
Georgia,2006,2006-08-31,1.119209,1.127786,1.148325,1.148325,False,71.844508,0.705433,163,55.171661,49.29521,1980-09-13,2005-11-19,96.821843,False,89.692398,False
Georgia Tech,2006,2006-08-31,1.109763,1.122049,1.148325,1.148325,False,64.156708,0.681382,139,38.078418,34.312205,1980-09-20,2005-11-27,61.873179,False,55.529715,False
Florida,2006,2006-08-31,1.206334,1.18981,1.148325,1.148325,False,75.316871,0.715145,162,64.567955,53.524094,1980-09-13,2005-11-26,172.631437,False,191.819271,False
Florida State,2006,2006-08-31,1.135955,1.139637,1.148325,1.148325,False,70.77617,0.702311,151,63.007982,55.466991,1980-09-13,2005-12-04,176.103762,False,170.011346,False
Miami (FL),2006,2006-08-31,1.116049,1.126074,1.148325,1.148325,False,66.587733,0.689402,146,56.449576,50.579824,1980-09-27,2005-11-26,143.920947,False,130.400984,False
South Carolina,2006,2006-08-31,1.19518,1.181287,1.148325,1.148325,False,71.175495,0.703486,152,39.156557,32.762055,1980-10-04,2005-11-20,76.326696,False,82.194687,False
Clemson,2006,2006-08-31,1.170732,1.163659,1.148325,1.148325,False,65.047035,0.684367,140,45.498442,38.863243,1980-09-13,2005-11-12,97.542039,False,102.04634,False
Tennessee,2006,2006-08-31,1.069629,1.091308,1.148325,1.148325,False,78.901488,0.724522,173,61.515959,57.511473,1980-09-06,2005-11-19,80.610335,False,60.201568,False
Vanderbilt,2006,2006-08-31,0.908174,0.983784,1.148325,1.148325,False,65.286157,0.685159,144,17.268641,19.014674,1980-09-20,2005-11-12,-4.9865,False,-28.812415,False
Kentucky,2006,2006-08-31,1.16884,1.162668,1.148325,1.148325,False,69.725625,0.699175,156,31.500548,26.950268,1980-09-06,2005-11-26,58.870249,False,61.067848,False
LSU,2006,2006-08-31,1.108751,1.119997,1.148325,1.148325,False,75.566753,0.71582,166,51.230668,46.20574,1980-09-06,2005-12-03,78.097435,False,70.475585,False
Mississippi State,2006,2006-08-31,1.222673,1.199023,1.148325,1.148325,False,64.309474,0.681898,138,34.417178,28.149126,1980-09-13,2005-11-26,80.384761,False,89.92057,False
Ole Miss,2006,2006-08-31,1.093115,1.110133,1.148325,1.148325,False,67.321789,0.691744,147,39.8577,36.462508,1980-09-06,2005-11-20,54.786624,False,46.198794,False
UCF,2006,2006-08-31,1.202413,1.174094,1.148325,1.148325,False,27.299589,0.476436,37,15.735964,13.086987,1996-10-19,2005-12-03,83.835999,False,97.652921,False
South Florida,2006,2006-08-31,1.158531,1.152069,1.148325,1.148325,False,17.381794,0.366845,21,11.261949,9.720885,2001-09-29,2005-12-04,76.688572,False,80.083043,False
UAB,2006,2006-08-31,1.108532,1.128292,1.148325,1.148325,False,30.413826,0.503425,42,16.721063,15.083969,1996-09-14,2005-11-12,54.36796,False,45.953322,False
Idaho,2006,2006-08-31,1.098289,1.125627,1.148325,1.148325,False,24.908365,0.453635,34,11.093679,10.100874,1996-10-19,2005-11-12,48.511118,False,38.007025,False
Washington,2007,2007-08-30,1.116353,1.125242,1.146684,1.146684,False,72.37484,0.706959,163,49.939612,44.73459,1980-09-13,2006-11-11,81.271131,False,75.222402,False
Washington State,2007,2007-08-30,1.015805,1.057943,1.146684,1.146684,False,63.179643,0.678041,138,32.982344,32.469156,1980-09-13,2006-11-18,27.953476,False,7.609617,False
Oregon,2007,2007-08-30,1.15137,1.149902,1.146684,1.146684,False,65.762048,0.686723,143,46.695821,40.556758,1980-09-06,2006-11-18,91.100596,False,92.054118,False
Oregon State,2007,2007-08-30,1.261278,1.223677,1.146684,1.146684,False,61.429507,0.671878,135,31.931515,25.316795,1980-10-11,2006-11-24,87.904399,False,102.684531,False
California,2007,2007-08-30,1.216486,1.194784,1.146684,1.146684,False,66.490296,0.689088,149,38.313875,31.495524,1980-09-27,2006-12-02,86.17327,False,95.91372,False
Stanford,2007,2007-08-30,1.109846,1.121187,1.146684,1.146684,False,67.448699,0.692146,154,32.970911,29.707655,1980-09-13,2006-11-18,48.015879,False,43.554191,False
USC,2007,2007-08-30,1.18958,1.176937,1.146684,1.146684,False,71.783543,0.705257,160,55.896066,46.988064,1980-09-20,2006-11-26,123.943495,False,133.996468,False
UCLA,2007,2007-08-30,1.272784,1.234773,1.146684,1.146684,False,69.523279,0.698563,153,49.559463,38.937848,1980-09-13,2006-12-02,123.680814,False,145.469146,False
San Jose State,2007,2007-08-30,1.237106,1.200482,1.146684,1.146684,False,44.067082,0.594962,88,22.556975,18.23367,1980-10-11,2006-12-02,75.927952,False,89.705225,False
Fresno State,2007,2007-08-30,1.191907,1.176313,1.146684,1.146684,False,56.99831,0.655166,114,43.133082,36.188297,1980-09-20,2006-11-18,114.821457,False,126.117809,False
San Diego State,2007,2007-08-30,1.141901,1.14349,1.146684,1.146684,False,60.294051,0.667752,137,30.770923,26.947098,1980-09-27,2006-12-03,55.389426,False,54.777585,False
Hawai'i,2007,2007-08-30,1.241776,1.216427,1.146684,1.146684,False,82.538139,0.733424,182,48.692237,39.211762,1980-10-04,2006-12-03,97.998705,False,109.693342,False
Nevada,2007,2007-08-30,1.27256,1.223038,1.146684,1.146684,False,46.253369,0.606575,73,29.128414,22.889611,1992-10-24,2006-11-25,105.180522,False,129.348546,False
UNLV,2007,2007-08-30,1.012774,1.059793,1.146684,1.146684,False,55.440622,0.648879,116,20.326763,20.07039,1980-09-13,2006-11-25,19.765103,False,4.254047,False
Arizona,2007,2007-08-30,1.049905,1.078626,1.146684,1.146684,False,71.088658,0.703231,163,35.695385,33.998681,1980-09-20,2006-11-25,37.441233,False,23.768386,False
Arizona State,2007,2007-08-30,1.159512,1.155753,1.146684,1.146684,False,72.364558,0.70693,167,47.535453,40.996073,1980-09-13,2006-11-19,80.63644,False,82.665325,False
BYU,2007,2007-08-30,1.139634,1.141738,1.146684,1.146684,False,70.498607,0.701488,160,51.200578,44.927218,1980-09-13,2006-11-18,91.883955,False,90.415258,False
Utah,2007,2007-08-30,1.102362,1.116613,1.146684,1.146684,False,63.307593,0.678483,139,42.633563,38.674725,1980-09-20,2006-11-25,68.542198,False,59.845993,False
Utah State,2007,2007-08-30,1.163668,1.157021,1.146684,1.146684,False,46.651283,0.608617,96,19.801167,17.016159,1980-10-04,2006-11-25,52.450989,False,54.628676,False
Boise State,2007,2007-08-30,1.17392,1.161775,1.146684,1.146684,False,37.27594,0.554075,53,32.096206,27.341042,1996-08-31,2006-11-18,172.939511,False,189.418598,False
Colorado,2007,2007-08-30,1.1035,1.116212,1.146684,1.146684,False,71.918023,0.705646,163,46.770555,42.383817,1980-09-27,2006-11-11,68.33189,False,60.6119,False
Colorado State,2007,2007-08-30,1.111603,1.12332,1.146684,1.146684,False,59.825145,0.666018,133,36.466696,32.805502,1980-09-06,2006-11-26,64.998237,False,58.702864,False
Wyoming,2007,2007-08-30,1.228852,1.201876,1.146684,1.146684,False,61.378425,0.671695,138,36.242427,29.49292,1980-09-13,2006-11-04,88.377903,False,100.384699,False
Air Force,2007,2007-08-30,1.092767,1.109575,1.146684,1.146684,False,66.23491,0.688263,149,40.495366,37.057635,1980-09-20,2006-11-19,56.501294,False,47.70475,False
New Mexico,2007,2007-08-30,1.084195,1.104419,1.146684,1.146684,False,62.694679,0.676357,140,31.375003,28.938517,1980-09-06,2006-11-25,43.083013,False,34.733054,False
New Mexico State,2007,2007-08-30,1.003917,1.058968,1.146684,1.146684,False,47.801243,0.614402,96,16.426534,16.362448,1980-09-13,2006-12-02,19.461092,False,1.305496,False
UTEP,2007,2007-08-30,1.153899,1.151452,1.146684,1.146684,False,58.452219,0.660834,132,25.383481,21.998007,1980-09-20,2006-11-26,56.843989,False,57.750034,False
Kansas,2007,2007-08-30,1.241783,1.212456,1.146684,1.146684,False,67.278542,0.691607,153,33.950908,27.340442,1980-09-13,2006-11-18,81.174926,False,92.368518,False
Kansas State,2007,2007-08-30,1.179263,1.169399,1.146684,1.146684,False,69.088303,0.69724,144,49.599794,42.060006,1980-09-27,2006-11-12,119.391114,False,126.924103,False
Nebraska,2007,2007-08-30,1.181189,1.171489,1.146684,1.146684,False,76.715438,0.718879,176,67.426393,57.083495,1980-09-13,2006-11-24,184.730361,False,198.377529,False
Iowa State,2007,2007-08-30,1.212394,1.191801,1.146684,1.146684,False,65.728339,0.686613,148,29.962246,24.713296,1980-09-13,2006-11-18,67.88534,False,75.043122,False
Oklahoma State,2007,2007-08-30,1.193565,1.178356,1.146684,1.146684,False,62.472575,0.675579,139,34.975831,29.303665,1980-10-04,2006-11-25,85.72361,False,93.075083,False
Tulsa,2007,2007-08-30,1.178476,1.167204,1.146684,1.146684,False,54.612126,0.645441,111,26.005018,22.066652,1980-09-13,2006-11-24,61.530322,False,65.635104,False
Texas,2007,2007-08-30,1.173975,1.166034,1.146684,1.146684,False,73.106383,0.709038,164,58.38444,49.732281,1980-09-01,2006-11-24,127.815526,False,134.868732,False
Texas A&M,2007,2007-08-30,1.201385,1.184999,1.146684,1.146684,False,70.146059,0.700438,155,52.192459,43.44357,1980-09-20,2006-11-11,120.470293,False,132.285291,False
Baylor,2007,2007-08-30,1.132839,1.137337,1.146684,1.146684,False,62.345442,0.675133,138,26.41076,23.31379,1980-10-04,2006-11-18,51.616719,False,49.94865,False
TCU,2007,2007-08-30,1.195405,1.179836,1.146684,1.146684,False,63.884479,0.680458,145,42.905531,35.892056,1980-09-13,2006-12-02,106.885138,False,116.594183,False
Texas Tech,2007,2007-08-30,1.242985,1.212982,1.146684,1.146684,False,66.291194,0.688445,150,46.518126,37.424522,1980-09-06,2006-11-18,117.341787,False,135.206713,False
Houston,2007,2007-08-30,1.127592,1.133754,1.146684,1.146684,False,62.945066,0.677229,140,31.165858,27.639309,1980-09-20,2006-12-02,56.314767,False,53.723732,False
Rice,2007,2007-08-30,1.199529,1.181945,1.146684,1.146684,False,60.15738,0.667249,136,29.756096,24.80649,1980-09-27,2006-11-25,72.982462,False,79.958294,False
SMU,2007,2007-08-30,1.222106,1.197219,1.146684,1.146684,False,60.917812,0.670032,130,27.127977,22.197723,1980-09-13,2006-11-18,69.961791,False,78.548888,False
North Texas,2007,2007-08-30,1.051143,1.094927,1.146684,1.146684,False,35.463799,0.541731,56,17.788036,16.922565,1980-10-04,2006-11-19,40.409438,False,21.779758,False
Louisiana Tech,2007,2007-08-30,1.259387,1.211926,1.146684,1.146684,False,41.238576,0.57888,74,27.300925,21.67794,1981-09-19,2006-11-25,102.73827,False,127.150343,False
Tulane,2007,2007-08-30,1.081796,1.10266,1.146684,1.146684,False,63.299213,0.678454,148,29.113536,26.912231,1980-09-06,2006-11-18,39.723716,False,31.707789,False
Louisiana,2007,2007-08-30,1.147927,1.14742,1.146684,1.146684,False,43.573062,0.592242,87,20.63189,17.973176,1980-09-06,2006-12-02,52.341089,False,52.519439,False
Memphis,2007,2007-08-30,1.038348,1.073359,1.146684,1.146684,False,62.830139,0.676829,138,29.161016,28.084052,1980-09-06,2006-11-18,28.380649,False,14.855714,False
FIU,2007,2007-08-30,0.346369,1.004464,1.146684,1.146684,False,6.483258,0.177705,7,0.88664,2.55981,2005-10-15,2006-12-03,1.389209,False,-259.966974,False
Oklahoma,2007,2007-08-30,1.161057,1.157012,1.146684,1.146684,False,76.59505,0.718561,167,62.308219,53.665061,1980-09-13,2006-12-03,145.064164,False,149.496851,False
Arkansas,2007,2007-08-30,1.184491,1.173724,1.146684,1.146684,False,75.346651,0.715226,172,50.558372,42.683638,1980-09-20,2006-11-24,96.580177,False,102.88741,False
Missouri,2007,2007-08-30,1.183834,1.172556,1.146684,1.146684,False,68.818192,0.696412,158,37.289442,31.498876,1980-09-13,2006-11-25,74.505988,False,79.4366,False
Cincinnati,2007,2007-08-30,1.296011,1.245163,1.146684,1.146684,False,58.10241,0.659487,117,33.922209,26.174331,1980-11-08,2006-11-19,98.15787,False,118.707388,False
Louisville,2007,2007-08-30,1.153172,1.151069,1.146684,1.146684,False,62.565069,0.675904,131,44.285849,38.403519,1980-09-06,2006-12-02,95.214491,False,96.642056,False
Arkansas State,2007,2007-08-30,1.306309,1.234098,1.146684,1.146684,False,36.315549,0.547617,61,17.54236,13.42895,1980-09-20,2006-11-11,74.225571,False,96.554369,False
ULM,2007,2007-08-30,0.965559,1.063863,1.146684,1.146684,False,25.275078,0.45726,38,9.656503,10.000944,1980-11-22,2006-11-26,22.010099,False,-11.998498,False
FAU,2007,2007-08-30,0.8357,1.080099,1.146684,1.146684,False,8.173332,0.214111,9,2.77532,3.320951,2005-09-08,2006-11-26,26.435454,False,-56.480876,False
Middle Tennessee,2007,2007-08-30,1.115088,1.13221,1.146684,1.146684,False,25.360212,0.458095,33,15.548924,13.944128,1999-11-13,2006-11-25,63.011046,False,54.669696,False
Southern Miss,2007,2007-08-30,1.200501,1.180802,1.146684,1.146684,False,51.961561,0.633975,112,39.648098,33.026304,1980-09-20,2006-11-26,114.45563,False,128.528315,False
Michigan,2007,2007-08-30,1.157492,1.154461,1.146684,1.146684,False,76.958651,0.719518,173,64.990702,56.14787,1980-09-13,2006-11-04,137.702887,False,141.005525,False
Michigan State,2007,2007-08-30,1.088595,1.105237,1.146684,1.146684,False,74.718069,0.713516,165,43.690665,40.134899,1980-09-27,2006-11-11,52.626475,False,44.215811,False
Ohio State,2007,2007-08-30,1.192284,1.17983,1.146684,1.146684,False,79.842442,0.726882,179,67.712357,56.792161,1980-09-13,2006-11-18,154.85457,False,168.321006,False
Indiana,2007,2007-08-30,1.208429,1.189475,1.146684,1.146684,False,67.72641,0.693021,155,32.27923,26.711726,1980-09-13,2006-11-11,68.350398,False,75.083798,False
Purdue,2007,2007-08-30,1.222165,1.199727,1.146684,1.146684,False,70.922305,0.702742,159,43.251245,35.389049,1980-09-20,2006-11-18,92.114136,False,102.809828,False
Illinois,2007,2007-08-30,1.008996,1.049937,1.146684,1.146684,False,70.893057,0.702655,159,31.722493,31.439654,1980-09-06,2006-11-11,21.610794,False,3.906594,False
Northwestern,2007,2007-08-30,1.185852,1.173764,1.146684,1.146684,False,67.208432,0.691385,150,29.907054,25.219888,1980-10-04,2006-11-18,64.161487,False,68.52239,False
Wisconsin,2007,2007-08-30,1.159945,1.156113,1.146684,1.146684,False,73.826634,0.711057,168,49.302685,42.504333,1980-09-13,2006-11-18,89.791535,False,92.105664,False
Minnesota,2007,2007-08-30,1.203464,1.186053,1.146684,1.146684,False,67.834804,0.693361,154,37.689297,31.317334,1980-09-13,2006-11-18,79.018415,False,86.455836,False
Iowa,2007,2007-08-30,1.171577,1.164132,1.146684,1.146684,False,70.304162,0.70091,157,48.460205,41.363223,1980-09-27,2006-11-11,101.598444,False,106.524693,False
Notre Dame,2007,2007-08-30,1.127648,1.133075,1.146684,1.146684,False,75.232467,0.714917,170,55.889519,49.562903,1980-09-06,2006-11-18,92.786071,False,88.705753,False
Toledo,2007,2007-08-30,1.249333,1.214919,1.146684,1.146684,False,59.48309,0.664741,134,47.705071,38.184446,1980-09-27,2006-11-22,144.244199,False,171.604347,False
Ball State,2007,2007-08-30,1.118932,1.129085,1.146684,1.146684,False,51.999851,0.634146,117,26.677803,23.842209,1980-09-20,2006-11-24,52.151601,False,48.049495,False
Western Michigan,2007,2007-08-30,1.180984,1.168984,1.146684,1.146684,False,55.750125,0.650146,131,35.869744,30.372757,1980-09-06,2006-11-04,84.601306,False,90.861738,False
Bowling Green,2007,2007-08-30,1.105392,1.119947,1.146684,1.146684,False,55.109393,0.647512,122,37.982685,34.361277,1980-09-13,2006-11-16,78.110093,False,68.200561,False
Central Michigan,2007,2007-08-30,1.252375,1.215435,1.146684,1.146684,False,55.834111,0.650489,128,32.481585,25.935991,1980-09-06,2006-11-11,90.849653,False,106.708972,False
Eastern Michigan,2007,2007-08-30,1.103532,1.118807,1.146684,1.146684,False,54.749514,0.646016,121,22.27747,20.187426,1980-10-18,2006-11-24,40.703023,False,35.547406,False
Northern Illinois,2007,2007-08-30,1.190639,1.174383,1.146684,1.146684,False,51.115127,0.630155,109,30.913486,25.963772,1980-09-13,2006-11-18,84.049006,False,92.096658,False
Penn State,2007,2007-08-30,1.157051,1.154134,1.146684,1.146684,False,76.61637,0.718617,171,58.753346,50.778511,1980-09-27,2006-11-18,113.871265,False,116.249983,False
Pittsburgh,2007,2007-08-30,1.142416,1.143681,1.146684,1.146684,False,71.20549,0.703573,163,39.849019,34.881361,1980-09-13,2006-11-25,66.101855,False,65.514762,False
West Virginia,2007,2007-08-30,1.159832,1.155847,1.146684,1.146684,False,68.977256,0.6969,156,48.262996,41.612059,1980-09-06,2006-12-03,92.582894,False,95.109704,False
Maryland,2007,2007-08-30,1.169355,1.162228,1.146684,1.146684,False,65.425022,0.685617,144,38.845346,33.219468,1980-09-13,2006-11-26,74.768499,False,78.136128,False
Virginia,2007,2007-08-30,1.284627,1.241762,1.146684,1.146684,False,66.542069,0.689255,144,47.548481,37.013445,1980-09-13,2006-11-18,131.004094,False,156.315352,False
Virginia Tech,2007,2007-08-30,1.146092,1.14627,1.146684,1.146684,False,70.013696,0.700041,146,53.96738,47.088173,1980-10-18,2006-11-25,113.804207,False,113.650351,False
NC State,2007,2007-08-30,1.113459,1.12389,1.146684,1.146684,False,65.555848,0.686047,145,39.002613,35.028328,1980-09-27,2006-11-26,59.241419,False,54.165728,False
Wake Forest,2007,2007-08-30,1.014421,1.058857,1.146684,1.146684,False,59.294346,0.664032,125,23.101736,22.773319,1980-09-06,2006-11-19,20.779917,False,5.125722,False
Duke,2007,2007-08-30,0.959214,1.020416,1.146684,1.146684,False,61.894092,0.673537,138,16.742242,17.454119,1980-09-06,2006-11-25,6.150233,False,-12.489068,False
North Carolina,2007,2007-08-30,1.085488,1.104116,1.146684,1.146684,False,68.55882,0.695613,154,37.030313,34.113962,1980-09-27,2006-11-18,51.049566,False,41.920836,False
Marshall,2007,2007-08-30,1.125952,1.135931,1.146684,1.146684,False,32.325614,0.518657,48,26.243432,23.307777,1980-09-13,2006-11-18,116.144181,False,106.47311,False
East Carolina,2007,2007-08-30,1.181899,1.169751,1.146684,1.146684,False,56.960403,0.655015,116,30.846812,26.099357,1980-09-13,2006-11-11,69.637259,False,74.619083,False
Rutgers,2007,2007-08-30,1.185254,1.172553,1.146684,1.146684,False,61.097331,0.670682,132,27.154774,22.910502,1980-09-20,2006-11-25,62.642154,False,67.173699,False
Syracuse,2007,2007-08-30,1.153383,1.151386,1.146684,1.146684,False,70.606932,0.70181,159,46.123849,39.990043,1980-09-20,2006-11-18,84.699063,False,85.855314,False
Boston College,2007,2007-08-30,1.165299,1.15948,1.146684,1.146684,False,65.97548,0.68742,145,42.957557,36.86399,1980-09-20,2006-11-18,88.793201,False,92.166209,False
UConn,2007,2007-08-30,0.947998,1.053958,1.146684,1.146684,False,26.252833,0.466694,33,13.764222,14.519259,2000-10-28,2006-11-25,26.912388,False,-25.644838,False
Temple,2007,2007-08-30,0.883424,0.976715,1.146684,1.146684,False,54.658099,0.645633,116,13.087337,14.814335,1980-09-13,2006-11-04,-7.261994,False,-37.365497,False
Army,2007,2007-08-30,1.093697,1.111703,1.146684,1.146684,False,58.282484,0.660182,124,20.567055,18.805074,1980-09-20,2006-11-04,35.739365,False,30.072239,False
Navy,2007,2007-08-30,1.014649,1.060104,1.146684,1.146684,False,57.141332,0.655732,114,25.307989,24.942608,1980-09-20,2006-12-02,25.323743,False,6.186384,False
Buffalo,2007,2007-08-30,0.765561,0.958263,1.146684,1.146684,False,29.333356,0.494382,39,6.195427,8.092668,1999-09-11,2006-11-24,-11.965616,False,-71.734915,False
Akron,2007,2007-08-30,1.210428,1.185168,1.146684,1.146684,False,45.705096,0.603725,81,27.843403,23.002948,1987-09-12,2006-11-24,84.566049,False,96.521298,False
Kent State,2007,2007-08-30,1.066845,1.095521,1.146684,1.146684,False,53.526156,0.640831,123,17.10673,16.034878,1980-10-04,2006-11-17,28.386771,False,19.988044,False
Ohio,2007,2007-08-30,1.137072,1.140563,1.146684,1.146684,False,52.600801,0.636807,119,23.442733,20.616757,1980-09-20,2006-12-01,49.492319,False,48.280489,False
Miami (OH),2007,2007-08-30,1.023404,1.065955,1.146684,1.146684,False,56.917562,0.654845,128,36.077176,35.25214,1980-09-13,2006-11-24,39.277471,False,13.774139,False
Troy,2007,2007-08-30,1.367885,1.21815,1.146684,1.146684,False,14.318563,0.323083,17,10.895265,7.965046,2001-12-01,2006-11-19,99.487015,False,178.594713,False
Alabama,2007,2007-08-30,1.058504,1.082662,1.146684,1.146684,False,79.503327,0.726036,175,56.284021,53.173184,1980-09-06,2006-11-18,57.165764,False,39.946467,False
Auburn,2007,2007-08-30,1.155116,1.152715,1.146684,1.146684,False,75.331532,0.715185,171,57.840904,50.07366,1980-09-20,2006-11-11,112.824132,False,114.785761,False
Georgia,2007,2007-08-30,1.094822,1.109834,1.146684,1.146684,False,73.638063,0.710531,170,55.253563,50.468097,1980-09-13,2006-11-25,81.476784,False,69.554167,False
Georgia Tech,2007,2007-08-30,1.107318,1.119561,1.146684,1.146684,False,66.462022,0.688997,146,40.240687,36.340662,1980-09-20,2006-12-02,61.957136,False,55.479781,False
Florida,2007,2007-08-30,1.23139,1.207612,1.146684,1.146684,False,76.869971,0.719285,169,66.838498,54.278908,1980-09-13,2006-12-02,186.523172,False,215.016576,False
Florida State,2007,2007-08-30,1.11724,1.125767,1.146684,1.146684,False,73.58985,0.710396,159,62.566848,56.001239,1980-09-13,2006-11-25,136.421828,False,125.483994,False
Miami (FL),2007,2007-08-30,1.116598,1.125828,1.146684,1.146684,False,67.790372,0.693221,152,56.449735,50.555129,1980-09-27,2006-11-24,132.592193,False,121.362055,False
South Carolina,2007,2007-08-30,1.16331,1.158424,1.146684,1.146684,False,72.071205,0.706088,158,38.427715,33.03307,1980-10-04,2006-11-18,66.174279,False,68.212041,False
Clemson,2007,2007-08-30,1.149318,1.148506,1.146684,1.146684,False,67.296829,0.691665,147,47.159571,41.032651,1980-09-13,2006-11-25,90.468479,False,90.995617,False
Tennessee,2007,2007-08-30,1.077859,1.096593,1.146684,1.146684,False,80.213,0.7278,180,62.106772,57.620489,1980-09-06,2006-11-25,81.421693,False,64.545239,False
Vanderbilt,2007,2007-08-30,0.883814,0.966272,1.146684,1.146684,False,65.637784,0.686316,149,17.054617,19.296607,1980-09-20,2006-11-18,-10.428747,False,-36.752066,False
Kentucky,2007,2007-08-30,1.225312,1.201893,1.146684,1.146684,False,70.724531,0.702158,162,34.110981,27.838618,1980-09-06,2006-11-18,73.149352,False,81.508134,False
LSU,2007,2007-08-30,1.108867,1.119367,1.146684,1.146684,False,78.045306,0.722339,174,55.333549,49.900997,1980-09-06,2006-11-19,86.264491,False,78.267157,False
Mississippi State,2007,2007-08-30,1.15613,1.153167,1.146684,1.146684,False,65.652235,0.686364,144,32.119981,27.78233,1980-09-13,2006-11-18,60.576524,False,61.738854,False
Ole Miss,2007,2007-08-30,1.12917,1.134506,1.146684,1.146684,False,68.47026,0.695339,153,40.019599,35.4416,1980-09-06,2006-11-25,64.37981,False,61.786944,False
UCF,2007,2007-08-30,1.066901,1.106056,1.146684,1.146684,False,31.128281,0.509229,43,15.634268,14.653906,1996-10-19,2006-11-25,46.858907,False,29.570631,False
South Florida,2007,2007-08-30,1.216697,1.175453,1.146684,1.146684,False,20.925829,0.410908,26,14.275874,11.733304,2001-09-29,2006-11-11,86.362199,False,108.039795,False
UAB,2007,2007-08-30,1.050141,1.09538,1.146684,1.146684,False,34.022859,0.531417,48,18.418267,17.538846,1996-09-14,2006-11-11,41.486448,False,21.738017,False
Idaho,2007,2007-08-30,1.060011,1.105611,1.146684,1.146684,False,27.021449,0.473882,38,11.293054,10.653718,1996-10-19,2006-11-25,39.789427,False,22.696514,False
Washington,2008,2008-08-28,1.115945,1.124468,1.145529,1.145529,False,74.135892,0.711915,170,48.488561,43.450687,1980-09-13,2007-11-25,75.683953,False,70.326995,False
Washington State,2008,2008-08-28,1.051579,1.08137,1.145529,1.145529,False,64.610654,0.682911,144,34.541713,32.847467,1980-09-13,2007-11-17,38.675941,False,24.478171,False
Oregon,2008,2008-08-28,1.155472,1.152427,1.145529,1.145529,False,67.960373,0.693754,150,48.27828,41.782286,1980-09-06,2007-12-01,90.853109,False,92.79522,False
Oregon State,2008,2008-08-28,1.25904,1.222038,1.145529,1.145529,False,62.031055,0.674023,140,33.563343,26.657892,1980-10-11,2007-11-11,90.228697,False,105.42806,False
California,2008,2008-08-28,1.1905,1.17669,1.145529,1.145529,False,67.691943,0.692912,155,39.508822,33.186734,1980-09-27,2007-11-11,81.522446,False,88.004728,False
Stanford,2008,2008-08-28,1.091081,1.107338,1.145529,1.145529,False,70.477525,0.701426,162,32.656568,29.930471,1980-09-13,2007-12-02,41.127012,False,34.952738,False
USC,2008,2008-08-28,1.168195,1.16157,1.145529,1.145529,False,72.639402,0.707715,166,56.872516,48.684088,1980-09-20,2007-12-01,119.419192,False,124.954537,False
UCLA,2008,2008-08-28,1.290632,1.247332,1.145529,1.145529,False,70.53231,0.701588,159,50.01489,38.752236,1980-09-13,2007-11-24,126.501693,False,150.543136,False
San Jose State,2008,2008-08-28,1.281676,1.227146,1.145529,1.145529,False,44.90141,0.599473,92,23.885929,18.636484,1980-10-11,2007-11-24,86.052032,False,106.646269,False
Fresno State,2008,2008-08-28,1.204616,1.184452,1.145529,1.145529,False,57.912043,0.65875,119,44.028675,36.54998,1980-09-20,2007-11-24,120.089467,False,134.811519,False
San Diego State,2008,2008-08-28,1.142397,1.14343,1.145529,1.145529,False,60.994635,0.67031,142,29.662115,25.96481,1980-09-27,2007-12-01,53.711664,False,53.327972,False
Hawai'i,2008,2008-08-28,1.244459,1.217903,1.145529,1.145529,False,81.757783,0.731562,187,50.170948,40.315455,1980-10-04,2007-12-02,104.815713,False,117.935478,False
Nevada,2008,2008-08-28,1.23378,1.199787,1.145529,1.145529,False,47.885377,0.614819,78,30.016256,24.328704,1992-10-24,2007-12-01,96.793001,False,113.829854,False
UNLV,2008,2008-08-28,0.986952,1.041396,1.145529,1.145529,False,57.379054,0.656668,122,19.907555,20.17075,1980-09-13,2007-11-11,13.51304,False,-4.300985,False
Arizona,2008,2008-08-28,1.07184,1.093716,1.145529,1.145529,False,71.05317,0.703127,168,36.143643,33.721117,1980-09-20,2007-11-16,43.57245,False,33.403982,False
Arizona State,2008,2008-08-28,1.180795,1.170725,1.145529,1.145529,False,75.060639,0.714451,175,50.940339,43.14073,1980-09-13,2007-12-02,90.207521,False,95.835012,False
BYU,2008,2008-08-28,1.163558,1.158177,1.145529,1.145529,False,70.503439,0.701503,165,52.49347,45.114616,1980-09-13,2007-11-24,103.488153,False,107.358419,False
Utah,2008,2008-08-28,1.111278,1.122126,1.145529,1.145529,False,64.726136,0.683298,145,44.497157,40.041426,1980-09-20,2007-11-17,73.892845,False,67.021925,False
Utah State,2008,2008-08-28,1.107275,1.121943,1.145529,1.145529,False,48.240466,0.616567,101,18.479525,16.689188,1980-10-04,2007-11-10,39.843827,False,35.130997,False
Boise State,2008,2008-08-28,1.170941,1.160118,1.145529,1.145529,False,40.436243,0.574083,59,35.602234,30.404811,1996-08-31,2007-11-17,187.590919,False,204.425073,False
Colorado,2008,2008-08-28,1.119982,1.127373,1.145529,1.145529,False,73.699205,0.710702,170,47.406782,42.328156,1980-09-27,2007-11-23,71.325767,False,67.052378,False
Colorado State,2008,2008-08-28,1.096562,1.112787,1.145529,1.145529,False,60.53985,0.668654,138,34.981133,31.900744,1980-09-06,2007-11-23,56.905289,False,48.633978,False
Wyoming,2008,2008-08-28,1.224396,1.198934,1.145529,1.145529,False,62.921985,0.677149,144,37.575275,30.688829,1980-09-13,2007-11-17,88.91569,False,100.497998,False
Air Force,2008,2008-08-28,1.140944,1.142369,1.145529,1.145529,False,66.524461,0.689198,154,42.502919,37.252419,1980-09-20,2007-11-17,73.774315,False,73.014741,False
New Mexico,2008,2008-08-28,1.102656,1.116453,1.145529,1.145529,False,63.221978,0.678187,145,33.053993,29.976699,1980-09-06,2007-11-24,49.437362,False,43.555975,False
New Mexico State,2008,2008-08-28,0.990099,1.048877,1.145529,1.145529,False,49.331558,0.62184,101,17.208914,17.381001,1980-09-13,2007-12-01,16.543483,False,-3.384975,False
UTEP,2008,2008-08-28,1.188863,1.174298,1.145529,1.145529,False,59.257133,0.663892,137,25.563039,21.502091,1980-09-20,2007-11-18,62.851729,False,67.991718,False
Kansas,2008,2008-08-28,1.224285,1.200511,1.145529,1.145529,False,69.377089,0.69812,160,37.325139,30.487286,1980-09-13,2007-11-25,84.550682,False,94.668445,False
Kansas State,2008,2008-08-28,1.178454,1.168495,1.145529,1.145529,False,69.183832,0.697531,149,49.108914,41.672322,1980-09-27,2007-11-17,114.206889,False,121.480482,False
Nebraska,2008,2008-08-28,1.174097,1.166174,1.145529,1.145529,False,78.170319,0.72266,183,66.681596,56.793928,1980-09-13,2007-11-10,162.050391,False,171.528226,False
Iowa State,2008,2008-08-28,1.261629,1.225717,1.145529,1.145529,False,66.985124,0.690674,154,30.78942,24.404491,1980-09-13,2007-11-10,77.877812,False,89.969277,False
Oklahoma State,2008,2008-08-28,1.188127,1.174387,1.145529,1.145529,False,63.00843,0.677449,144,35.455863,29.841807,1980-10-04,2007-11-11,82.537632,False,89.097338,False
Tulsa,2008,2008-08-28,1.221242,1.195017,1.145529,1.145529,False,56.60995,0.653619,117,28.974906,23.725771,1980-09-13,2007-11-10,74.8985,False,84.904069,False
Texas,2008,2008-08-28,1.161603,1.157002,1.145529,1.145529,False,74.800735,0.713742,171,59.183004,50.949425,1980-09-01,2007-11-10,119.346719,False,123.328763,False
Texas A&M,2008,2008-08-28,1.223506,1.200369,1.145529,1.145529,False,71.105484,0.70328,161,53.406625,43.650487,1980-09-20,2007-11-23,127.767047,False,144.300354,False
Baylor,2008,2008-08-28,1.114163,1.124293,1.145529,1.145529,False,62.893535,0.67705,143,25.582806,22.96145,1980-10-04,2007-11-18,45.365504,False,41.722225,False
TCU,2008,2008-08-28,1.182681,1.170981,1.145529,1.145529,False,65.264694,0.685088,151,44.743848,37.832563,1980-09-13,2007-11-18,106.516609,False,114.219715,False
Texas Tech,2008,2008-08-28,1.241064,1.211387,1.145529,1.145529,False,66.573419,0.689356,155,47.176534,38.012962,1980-09-06,2007-11-18,117.923894,False,135.909784,False
Houston,2008,2008-08-28,1.125146,1.131689,1.145529,1.145529,False,63.453303,0.678984,145,32.856636,29.202111,1980-09-20,2007-11-17,58.178873,False,55.275234,False
Rice,2008,2008-08-28,1.122639,1.130197,1.145529,1.145529,False,60.861359,0.669827,141,28.714844,25.577982,1980-09-27,2007-11-24,53.519372,False,50.436908,False
SMU,2008,2008-08-28,1.13256,1.136767,1.145529,1.145529,False,62.49534,0.675659,136,26.252329,23.179633,1980-09-13,2007-11-17,49.066212,False,47.584541,False
North Texas,2008,2008-08-28,1.057532,1.097014,1.145529,1.145529,False,36.864838,0.551334,60,17.541841,16.587522,1980-10-04,2007-11-10,39.361446,False,23.401481,False
Louisiana Tech,2008,2008-08-28,1.294946,1.232906,1.145529,1.145529,False,42.251871,0.584786,78,27.367317,21.133942,1981-09-19,2007-11-18,109.159601,False,139.987829,False
Tulane,2008,2008-08-28,1.056198,1.084492,1.145529,1.145529,False,64.718485,0.683272,154,28.116608,26.620594,1980-09-06,2007-11-11,32.039298,False,21.375998,False
Louisiana,2008,2008-08-28,1.090985,1.112696,1.145529,1.145529,False,45.367887,0.601952,92,20.194631,18.510456,1980-09-06,2007-11-25,39.250615,False,31.750518,False
Memphis,2008,2008-08-28,1.047134,1.07844,1.145529,1.145529,False,64.291462,0.681838,144,30.049902,28.697293,1980-09-06,2007-11-24,30.062754,False,18.086513,False
FIU,2008,2008-08-28,0.566923,0.992666,1.145529,1.145529,False,10.771582,0.264193,12,1.777512,3.135366,2005-10-15,2007-12-02,-2.068798,False,-142.347167,False
Oklahoma,2008,2008-08-28,1.174478,1.166442,1.145529,1.145529,False,78.068015,0.722397,174,64.734767,55.117888,1980-09-13,2007-11-24,157.320459,False,166.598432,False
Arkansas,2008,2008-08-28,1.172856,1.165187,1.145529,1.145529,False,76.904149,0.719375,179,51.891963,44.244121,1980-09-20,2007-11-17,93.69215,False,98.271932,False
Missouri,2008,2008-08-28,1.204241,1.186607,1.145529,1.145529,False,69.883037,0.699649,164,39.508642,32.807915,1980-09-13,2007-12-02,82.313484,False,90.250398,False
Cincinnati,2008,2008-08-28,1.281583,1.235686,1.145529,1.145529,False,58.930863,0.662659,122,34.475974,26.901096,1980-11-08,2007-11-18,94.925561,False,113.620237,False
Louisville,2008,2008-08-28,1.123037,1.130285,1.145529,1.145529,False,63.094059,0.677745,136,44.157731,39.319916,1980-09-06,2007-11-30,83.85968,False,78.907693,False
Arkansas State,2008,2008-08-28,1.323729,1.246855,1.145529,1.145529,False,39.542635,0.56861,67,21.078891,15.923875,1980-09-20,2007-11-16,85.408446,False,111.764154,False
ULM,2008,2008-08-28,0.971002,1.062301,1.145529,1.145529,False,27.348329,0.476881,42,10.894135,11.219476,1980-11-22,2007-11-03,21.901378,False,-10.286214,False
FAU,2008,2008-08-28,1.094321,1.130616,1.145529,1.145529,False,12.327006,0.291233,14,5.405874,4.939933,2005-09-08,2007-11-10,41.91865,False,30.385287,False
Middle Tennessee,2008,2008-08-28,1.068416,1.108695,1.145529,1.145529,False,27.434365,0.477665,37,16.392014,15.342349,1999-11-13,2007-11-10,52.966676,False,33.091969,False
Southern Miss,2008,2008-08-28,1.139356,1.141582,1.145529,1.145529,False,53.212551,0.639477,117,38.89145,34.134597,1980-09-20,2007-11-24,88.466638,False,86.963881,False
Michigan,2008,2008-08-28,1.155258,1.152566,1.145529,1.145529,False,78.402119,0.723253,180,65.350778,56.568103,1980-09-13,2007-11-17,131.190942,False,133.963801,False
Michigan State,2008,2008-08-28,1.115948,1.124296,1.145529,1.145529,False,76.308612,0.717803,172,45.467485,40.743369,1980-09-27,2007-11-17,61.064702,False,56.900932,False
Ohio State,2008,2008-08-28,1.175305,1.167196,1.145529,1.145529,False,80.159834,0.727668,185,67.893286,57.766547,1980-09-13,2007-11-10,148.219999,False,157.139147,False
Indiana,2008,2008-08-28,1.221319,1.198318,1.145529,1.145529,False,68.853745,0.696521,161,33.892843,27.751019,1980-09-13,2007-11-17,72.437224,False,80.743335,False
Purdue,2008,2008-08-28,1.211008,1.191718,1.145529,1.145529,False,71.835241,0.705407,165,44.125002,36.436598,1980-09-20,2007-11-10,89.177812,False,98.477266,False
Illinois,2008,2008-08-28,1.061654,1.08637,1.145529,1.145529,False,71.80672,0.705324,165,33.374502,31.436331,1980-09-06,2007-11-17,36.692569,False,26.241204,False
Northwestern,2008,2008-08-28,1.162262,1.157158,1.145529,1.145529,False,68.364275,0.695011,156,30.732911,26.442338,1980-10-04,2007-11-10,59.077934,False,60.962227,False
Wisconsin,2008,2008-08-28,1.179427,1.1697,1.145529,1.145529,False,74.540741,0.713031,174,51.653659,43.795538,1980-09-13,2007-11-10,101.195968,False,107.395403,False
Minnesota,2008,2008-08-28,1.158044,1.154249,1.145529,1.145529,False,68.944404,0.696799,160,36.10855,31.180645,1980-09-13,2007-11-17,64.481713,False,66.066771,False
Iowa,2008,2008-08-28,1.166832,1.160521,1.145529,1.145529,False,71.263383,0.703743,163,48.99148,41.986748,1980-09-27,2007-11-17,97.879264,False,101.983941,False
Notre Dame,2008,2008-08-28,1.086819,1.10331,1.145529,1.145529,False,76.803665,0.719111,177,53.106488,48.864168,1980-09-06,2007-11-17,67.021001,False,55.912741,False
Toledo,2008,2008-08-28,1.271378,1.229959,1.145529,1.145529,False,61.153132,0.670883,140,48.289053,37.981663,1980-09-27,2007-11-03,143.22866,False,173.390517,False
Ball State,2008,2008-08-28,1.081416,1.10479,1.145529,1.145529,False,52.287566,0.635425,121,26.78257,24.766214,1980-09-20,2007-11-14,43.57727,False,33.840539,False
Western Michigan,2008,2008-08-28,1.112342,1.12382,1.145529,1.145529,False,56.7404,0.65414,136,34.424205,30.947495,1980-09-06,2007-11-24,60.6684,False,54.924342,False
Bowling Green,2008,2008-08-28,1.103932,1.118578,1.145529,1.145529,False,55.205089,0.647908,126,38.277932,34.674169,1980-09-13,2007-11-23,77.122678,False,67.140939,False
Central Michigan,2008,2008-08-28,1.242363,1.208903,1.145529,1.145529,False,56.819161,0.654454,133,34.077964,27.429947,1980-09-06,2007-12-01,92.066786,False,107.213897,False
Eastern Michigan,2008,2008-08-28,1.099345,1.115672,1.145529,1.145529,False,54.861901,0.646484,125,21.734129,19.770073,1980-10-18,2007-11-10,38.723997,False,33.345353,False
Northern Illinois,2008,2008-08-28,1.129746,1.135492,1.145529,1.145529,False,52.408899,0.635962,114,29.796239,26.374287,1980-09-13,2007-11-24,63.040663,False,60.335922,False
Penn State,2008,2008-08-28,1.164569,1.159284,1.145529,1.145529,False,78.076621,0.722419,178,60.462114,51.918003,1980-09-27,2007-11-03,118.362852,False,122.737641,False
Pittsburgh,2008,2008-08-28,1.13344,1.136992,1.145529,1.145529,False,72.10028,0.706171,169,40.010047,35.299654,1980-09-13,2007-11-24,62.748584,False,61.109652,False
West Virginia,2008,2008-08-28,1.148341,1.147498,1.145529,1.145529,False,70.031176,0.700094,162,49.749451,43.322877,1980-09-06,2007-12-02,91.487796,False,92.048458,False
Maryland,2008,2008-08-28,1.164248,1.158384,1.145529,1.145529,False,65.76612,0.686737,149,38.138691,32.758212,1980-09-13,2007-11-11,70.456932,False,73.113755,False
Virginia,2008,2008-08-28,1.311623,1.260646,1.145529,1.145529,False,67.745972,0.693082,150,49.071513,37.412809,1980-09-13,2007-11-24,138.291327,False,168.094765,False
Virginia Tech,2008,2008-08-28,1.144655,1.144915,1.145529,1.145529,False,70.98554,0.702928,152,55.067021,48.107963,1980-10-18,2007-11-17,113.685543,False,113.457603,False
NC State,2008,2008-08-28,1.102555,1.11587,1.145529,1.145529,False,66.828096,0.690173,151,38.289035,34.72754,1980-09-27,2007-11-24,53.375307,False,47.173585,False
Wake Forest,2008,2008-08-28,1.056896,1.086123,1.145529,1.145529,False,60.976642,0.670245,131,26.264882,24.850973,1980-09-06,2007-11-17,31.888405,False,21.129539,False
Duke,2008,2008-08-28,0.925882,0.997143,1.145529,1.145529,False,62.46838,0.675565,143,15.624771,16.875554,1980-09-06,2007-11-10,-0.85324,False,-22.598515,False
North Carolina,2008,2008-08-28,1.111495,1.12184,1.145529,1.145529,False,68.693267,0.696028,159,37.391979,33.641162,1980-09-27,2007-11-24,58.465322,False,53.507196,False
Marshall,2008,2008-08-28,1.15222,1.149126,1.145529,1.145529,False,34.883845,0.537635,53,27.330084,23.719506,1980-09-13,2007-11-24,113.839214,False,116.472892,False
East Carolina,2008,2008-08-28,1.169039,1.161097,1.145529,1.145529,False,58.803841,0.662177,122,32.554796,27.847488,1980-09-13,2007-11-24,67.623537,False,70.977077,False
Rutgers,2008,2008-08-28,1.139502,1.141434,1.145529,1.145529,False,63.598775,0.679483,139,29.099561,25.537094,1980-09-20,2007-11-17,54.739812,False,53.99948,False
Syracuse,2008,2008-08-28,1.13344,1.136979,1.145529,1.145529,False,72.482053,0.707266,166,43.987613,38.808935,1980-09-20,2007-11-25,73.017603,False,71.0959,False
Boston College,2008,2008-08-28,1.138738,1.140814,1.145529,1.145529,False,68.161028,0.69438,152,44.784562,39.328232,1980-09-20,2007-12-01,82.226786,False,80.96659,False
UConn,2008,2008-08-28,1.096563,1.120984,1.145529,1.145529,False,30.153348,0.501275,39,18.498297,16.869342,2000-10-28,2007-11-17,61.814063,False,49.107294,False
Temple,2008,2008-08-28,0.987495,1.042208,1.145529,1.145529,False,56.653796,0.653795,122,15.043327,15.233819,1980-09-13,2007-11-17,12.765271,False,-3.837388,False
Army,2008,2008-08-28,1.118399,1.127631,1.145529,1.145529,False,58.164239,0.659726,128,21.072706,18.84185,1980-09-20,2007-11-17,41.182551,False,38.26068,False
Navy,2008,2008-08-28,1.016315,1.059881,1.145529,1.145529,False,58.978962,0.662842,120,27.391933,26.952208,1980-09-20,2007-12-01,26.238205,False,7.153601,False
Buffalo,2008,2008-08-28,0.922872,1.030463,1.145529,1.145529,False,32.084663,0.516789,44,8.606403,9.325674,1999-09-11,2007-11-17,8.571152,False,-22.343328,False
Akron,2008,2008-08-28,1.203831,1.181222,1.145529,1.145529,False,47.36067,0.612206,86,28.801657,23.925008,1987-09-12,2007-11-23,82.575748,False,93.225915,False
Kent State,2008,2008-08-28,0.950886,1.020627,1.145529,1.145529,False,53.727873,0.641696,127,15.96493,16.789531,1980-10-04,2007-11-24,6.333851,False,-15.325959,False
Ohio,2008,2008-08-28,1.148569,1.147481,1.145529,1.145529,False,53.800194,0.642006,124,24.712381,21.515805,1980-09-20,2007-11-24,51.915895,False,52.294148,False
Miami (OH),2008,2008-08-28,1.065729,1.092988,1.145529,1.145529,False,57.826147,0.658416,133,37.440673,35.131508,1980-09-13,2007-11-15,53.61034,False,37.604822,False
Western Kentucky,2008,2008-08-28,,1.145529,1.145529,1.145529,False,0.0,0.0,0,0.0,0.0,,,74.524132,False,,False
Troy,2008,2008-08-28,1.329852,1.214837,1.145529,1.145529,False,18.077809,0.376011,22,13.93313,10.477205,2001-12-01,2007-12-01,108.239103,False,176.02796,False
Alabama,2008,2008-08-28,1.063854,1.086161,1.145529,1.145529,False,79.844605,0.726887,181,55.345561,52.023649,1980-09-06,2007-11-17,56.899558,False,41.751101,False
Auburn,2008,2008-08-28,1.135568,1.138364,1.145529,1.145529,False,76.877749,0.719305,178,58.683425,51.677618,1980-09-20,2007-11-25,102.971077,False,100.691233,False
Georgia,2008,2008-08-28,1.118586,1.126331,1.145529,1.145529,False,74.368366,0.712557,176,56.276102,50.310044,1980-09-13,2007-11-17,91.042179,False,84.977654,False
Georgia Tech,2008,2008-08-28,1.08582,1.104157,1.145529,1.145529,False,67.683595,0.692886,152,40.383061,37.19132,1980-09-20,2007-11-24,53.613054,False,44.02931,False
Florida,2008,2008-08-28,1.198049,1.183505,1.145529,1.145529,False,78.33332,0.723077,176,67.08906,55.998617,1980-09-13,2007-11-24,165.966083,False,182.73509,False
Florida State,2008,2008-08-28,1.124584,1.130607,1.145529,1.145529,False,74.324754,0.712436,165,63.09516,56.105318,1980-09-13,2007-11-17,136.543124,False,129.059415,False
Miami (FL),2008,2008-08-28,1.094162,1.109597,1.145529,1.145529,False,69.843115,0.699529,159,56.427226,51.571157,1980-09-27,2007-11-11,107.783447,False,91.011485,False
South Carolina,2008,2008-08-28,1.115862,1.12451,1.145529,1.145529,False,72.909824,0.708483,164,38.674497,34.658866,1980-10-04,2007-11-25,54.481624,False,50.698609,False
Clemson,2008,2008-08-28,1.155433,1.152415,1.145529,1.145529,False,68.449833,0.695276,153,47.769289,41.343207,1980-09-13,2007-11-18,89.833696,False,91.728156,False
Tennessee,2008,2008-08-28,1.108505,1.118471,1.145529,1.145529,False,81.453014,0.730828,187,64.555298,58.236351,1980-09-06,2007-11-17,99.437349,False,90.204641,False
Vanderbilt,2008,2008-08-28,0.898235,0.974057,1.145529,1.145529,False,67.845639,0.693395,156,18.734554,20.857064,1980-09-20,2007-11-24,-8.110855,False,-32.444066,False
Kentucky,2008,2008-08-28,1.224654,1.201516,1.145529,1.145529,False,72.589105,0.707571,169,35.584826,29.057033,1980-09-06,2007-11-24,74.213747,False,82.619557,False
LSU,2008,2008-08-28,1.114602,1.123009,1.145529,1.145529,False,80.371848,0.728192,182,58.227572,52.240674,1980-09-06,2007-12-01,90.695416,False,84.089716,False
Mississippi State,2008,2008-08-28,1.170383,1.162615,1.145529,1.145529,False,65.979099,0.687432,149,32.810466,28.033954,1980-09-13,2007-11-23,65.210962,False,68.30453,False
Ole Miss,2008,2008-08-28,1.116056,1.124939,1.145529,1.145529,False,69.542946,0.698623,159,38.288295,34.306775,1980-09-06,2007-11-17,58.008412,False,53.851185,False
UCF,2008,2008-08-28,1.17701,1.162624,1.145529,1.145529,False,35.648266,0.543019,50,20.252318,17.206575,1996-10-19,2007-12-01,73.740541,False,80.338563,False
South Florida,2008,2008-08-28,1.227567,1.182191,1.145529,1.145529,False,24.238488,0.446887,31,17.087552,13.919857,2001-09-29,2007-11-18,92.501051,False,117.537864,False
UAB,2008,2008-08-28,1.050504,1.09401,1.145529,1.145529,False,35.526502,0.54217,52,18.130008,17.258388,1996-09-14,2007-11-11,39.338536,False,21.115347,False
Idaho,2008,2008-08-28,0.929288,1.037538,1.145529,1.145529,False,29.928332,0.499402,43,10.539292,11.341252,1996-10-19,2007-11-24,13.581927,False,-26.002586,False
Washington,2009,2009-09-03,1.073249,1.093488,1.144542,1.144542,False,75.676647,0.716115,177,45.192087,42.107722,1980-09-13,2008-11-16,53.015324,False,41.409781,False
Washington State,2009,2009-09-03,1.029966,1.065826,1.144542,1.144542,False,65.854709,0.687026,150,33.14076,32.176543,1980-09-13,2008-11-22,30.087266,False,13.696386,False
Oregon,2009,2009-09-03,1.155111,1.151908,1.144542,1.144542,False,68.973303,0.696888,156,49.693196,43.020265,1980-09-06,2008-11-15,92.433492,False,94.534505,False
Oregon State,2009,2009-09-03,1.265121,1.226418,1.144542,1.144542,False,63.464385,0.679022,146,35.983248,28.442527,1980-10-11,2008-11-30,96.600758,False,113.450318,False
California,2009,2009-09-03,1.241789,1.212521,1.144542,1.144542,False,69.681537,0.699042,162,43.414434,34.961214,1980-09-27,2008-12-06,100.022115,False,114.300252,False
Stanford,2009,2009-09-03,1.155888,1.152497,1.144542,1.144542,False,70.384289,0.701148,167,34.188301,29.577529,1980-09-13,2008-11-16,57.778267,False,59.047476,False
USC,2009,2009-09-03,1.174518,1.165817,1.144542,1.144542,False,73.352052,0.70973,172,58.657071,49.941416,1980-09-20,2008-11-30,128.138022,False,135.899601,False
UCLA,2009,2009-09-03,1.275456,1.237072,1.144542,1.144542,False,72.31808,0.706797,166,49.42739,38.752719,1980-09-13,2008-12-06,116.45056,False,136.546864,False
San Jose State,2009,2009-09-03,1.232617,1.198104,1.144542,1.144542,False,46.558363,0.608142,97,24.136912,19.581837,1980-10-11,2008-11-22,75.364248,False,88.449126,False
Fresno State,2009,2009-09-03,1.159878,1.15469,1.144542,1.144542,False,58.679645,0.661704,124,42.921507,37.005196,1980-09-20,2008-11-15,98.775997,False,102.355808,False
San Diego State,2009,2009-09-03,1.143717,1.143988,1.144542,1.144542,False,61.561777,0.672352,147,29.530594,25.819835,1980-09-27,2008-11-23,53.572028,False,53.472395,False
Hawai'i,2009,2009-09-03,1.214804,1.195961,1.144542,1.144542,False,81.865921,0.731822,193,50.538937,41.602545,1980-10-04,2008-12-07,98.140989,False,107.843781,False
Nevada,2009,2009-09-03,1.172943,1.162204,1.144542,1.144542,False,49.33805,0.621871,83,29.862787,25.459709,1992-10-24,2008-11-22,80.406167,False,85.847399,False
UNLV,2009,2009-09-03,1.059072,1.087543,1.144542,1.144542,False,60.060446,0.66689,129,22.313895,21.069289,1980-09-13,2008-11-14,28.082717,False,19.034541,False
Arizona,2009,2009-09-03,1.099664,1.112759,1.144542,1.144542,False,72.808915,0.708197,175,38.382658,34.904001,1980-09-20,2008-12-07,53.03909,False,46.869636,False
Arizona State,2009,2009-09-03,1.159643,1.155353,1.144542,1.144542,False,75.59997,0.715909,181,50.305671,43.380292,1980-09-13,2008-11-29,81.676559,False,84.037016,False
BYU,2009,2009-09-03,1.165427,1.159187,1.144542,1.144542,False,70.408233,0.70122,170,53.622664,46.011173,1980-09-13,2008-11-08,109.995751,False,114.800173,False
Utah,2009,2009-09-03,1.135733,1.138514,1.144542,1.144542,False,65.031037,0.684314,150,46.177316,40.658609,1980-09-20,2008-11-22,85.853025,False,84.017866,False
Utah State,2009,2009-09-03,1.178771,1.166031,1.144542,1.144542,False,50.605085,0.627815,107,20.051489,17.010509,1980-10-04,2008-11-29,54.375027,False,58.446333,False
Boise State,2009,2009-09-03,1.180976,1.165878,1.144542,1.144542,False,42.394803,0.585606,64,37.889432,32.083156,1996-08-31,2008-11-28,198.580897,False,223.777471,False
Colorado,2009,2009-09-03,1.138626,1.140343,1.144542,1.144542,False,73.395483,0.709852,175,47.005684,41.282807,1980-09-27,2008-11-16,76.451797,False,75.485494,False
Colorado State,2009,2009-09-03,1.1365,1.139148,1.144542,1.144542,False,61.128256,0.670794,143,35.423724,31.16913,1980-09-06,2008-11-15,67.591329,False,66.290528,False
Wyoming,2009,2009-09-03,1.188401,1.174445,1.144542,1.144542,False,64.27834,0.681793,150,36.896688,31.047336,1980-09-13,2008-11-22,76.388213,False,82.573341,False
Air Force,2009,2009-09-03,1.124851,1.130959,1.144542,1.144542,False,66.709581,0.689793,159,41.500366,36.894095,1980-09-20,2008-11-15,66.246442,False,63.090225,False
New Mexico,2009,2009-09-03,1.09142,1.108276,1.144542,1.144542,False,64.548467,0.682702,151,33.621699,30.805449,1980-09-06,2008-11-02,46.176575,False,38.960832,False
New Mexico State,2009,2009-09-03,0.950062,1.022366,1.144542,1.144542,False,50.692318,0.628217,106,16.038973,16.882032,1980-09-13,2008-11-22,7.415673,False,-16.80753,False
UTEP,2009,2009-09-03,1.223022,1.197112,1.144542,1.144542,False,60.866177,0.669844,143,26.648943,21.789416,1980-09-20,2008-11-16,69.700907,False,78.634797,False
Kansas,2009,2009-09-03,1.196067,1.180655,1.144542,1.144542,False,70.298332,0.700892,166,38.536997,32.219772,1980-09-13,2008-11-15,80.412166,False,87.34861,False
Kansas State,2009,2009-09-03,1.172042,1.163802,1.144542,1.144542,False,70.124463,0.700373,155,48.587323,41.455279,1980-09-27,2008-11-22,106.825814,False,112.538944,False
Nebraska,2009,2009-09-03,1.180229,1.170529,1.144542,1.144542,False,80.368644,0.728184,191,67.784703,57.433502,1980-09-13,2008-11-28,157.85456,False,168.73315,False
Iowa State,2009,2009-09-03,1.231659,1.204753,1.144542,1.144542,False,67.132864,0.691145,159,29.629823,24.056832,1980-09-13,2008-11-15,70.308663,False,79.321227,False
Oklahoma State,2009,2009-09-03,1.186818,1.173378,1.144542,1.144542,False,64.36781,0.682095,150,37.739602,31.798974,1980-10-04,2008-11-30,86.698087,False,93.53211,False
Tulsa,2009,2009-09-03,1.198692,1.180319,1.144542,1.144542,False,58.417369,0.6607,123,31.71121,26.454836,1980-09-13,2008-12-06,76.518923,False,84.341874,False
Texas,2009,2009-09-03,1.174244,1.165862,1.144542,1.144542,False,76.298094,0.717775,178,61.742128,52.580301,1980-09-01,2008-11-28,130.620889,False,138.347024,False
Texas A&M,2009,2009-09-03,1.184753,1.173024,1.144542,1.144542,False,72.846537,0.708303,168,51.656718,43.601242,1980-09-20,2008-11-08,105.241761,False,112.936464,False
Baylor,2009,2009-09-03,1.155251,1.151843,1.144542,1.144542,False,64.252876,0.681707,149,26.664344,23.080989,1980-10-04,2008-11-15,54.280179,False,55.47544,False
TCU,2009,2009-09-03,1.193424,1.178074,1.144542,1.144542,False,65.531717,0.685968,156,46.405972,38.884732,1980-09-13,2008-11-22,115.936012,False,126.65668,False
Texas Tech,2009,2009-09-03,1.254264,1.220245,1.144542,1.144542,False,66.759523,0.689953,160,48.681327,38.812671,1980-09-06,2008-11-29,127.745996,False,149.548584,False
Houston,2009,2009-09-03,1.135999,1.13873,1.144542,1.144542,False,63.8526,0.68035,150,34.401185,30.282752,1980-09-20,2008-11-22,63.30242,False,62.045536,False
Rice,2009,2009-09-03,1.188453,1.174193,1.144542,1.144542,False,62.37531,0.675238,147,32.414262,27.274323,1980-09-27,2008-11-29,73.397995,False,79.398923,False
SMU,2009,2009-09-03,1.100215,1.11452,1.144542,1.144542,False,62.957606,0.677272,141,24.467576,22.23891,1980-09-13,2008-11-29,40.22029,False,35.282203,False
North Texas,2009,2009-09-03,0.990421,1.05737,1.144542,1.144542,False,39.06156,0.565605,65,16.349267,16.507394,1980-10-04,2008-11-29,22.314005,False,-3.758004,False
Louisiana Tech,2009,2009-09-03,1.333319,1.256882,1.144542,1.144542,False,44.091132,0.595093,83,29.269888,21.952655,1981-09-19,2008-11-29,120.725947,False,159.066586,False
Tulane,2009,2009-09-03,1.015855,1.056089,1.144542,1.144542,False,65.953734,0.687349,160,28.078363,27.640125,1980-09-06,2008-11-15,21.566808,False,6.123797,False
Louisiana,2009,2009-09-03,1.126819,1.133724,1.144542,1.144542,False,46.998854,0.610384,97,22.591974,20.049343,1980-09-06,2008-12-04,48.287398,False,45.808407,False
Memphis,2009,2009-09-03,1.052154,1.081155,1.144542,1.144542,False,65.570059,0.686094,150,30.835429,29.306946,1980-09-06,2008-11-29,30.967424,False,19.924345,False
FIU,2009,2009-09-03,0.960096,1.083725,1.144542,1.144542,False,14.757803,0.329726,17,4.491568,4.678249,2005-10-15,2008-12-07,24.878534,False,-12.15782,False
Oklahoma,2009,2009-09-03,1.202515,1.186331,1.144542,1.144542,False,77.463912,0.720837,179,65.03712,54.084233,1980-09-13,2008-11-23,170.933234,False,189.652773,False
Arkansas,2009,2009-09-03,1.16086,1.156258,1.144542,1.144542,False,76.384872,0.718005,184,50.256124,43.292161,1980-09-20,2008-11-28,86.002141,False,88.637706,False
Missouri,2009,2009-09-03,1.180029,1.169365,1.144542,1.144542,False,69.830367,0.69949,169,40.580954,34.389801,1980-09-13,2008-11-09,80.049085,False,85.214496,False
Cincinnati,2009,2009-09-03,1.311565,1.255667,1.144542,1.144542,False,59.639762,0.665327,127,36.847429,28.094244,1980-11-08,2008-11-29,106.954364,False,130.974549,False
Louisville,2009,2009-09-03,1.108455,1.119805,1.144542,1.144542,False,65.387111,0.685492,143,43.974834,39.67219,1980-09-06,2008-11-22,72.021668,False,64.914283,False
Arkansas State,2009,2009-09-03,1.347474,1.261258,1.144542,1.144542,False,40.612469,0.575146,71,22.469125,16.674993,1980-09-20,2008-11-22,90.724814,False,120.638255,False
ULM,2009,2009-09-03,0.993903,1.07017,1.144542,1.144542,False,29.254641,0.493711,46,12.038165,12.112014,1980-11-22,2008-11-01,24.733866,False,-2.163607,False
FAU,2009,2009-09-03,1.171836,1.154113,1.144542,1.144542,False,16.201406,0.350669,19,8.811508,7.519405,2005-09-08,2008-11-29,58.778847,False,65.560831,False
Middle Tennessee,2009,2009-09-03,1.150539,1.147554,1.144542,1.144542,False,30.265113,0.5022,42,19.041456,16.550029,1999-11-13,2008-11-22,69.337597,False,70.783128,False
Southern Miss,2009,2009-09-03,1.116895,1.126626,1.144542,1.144542,False,55.231828,0.648019,123,39.069656,34.98059,1980-09-20,2008-11-15,76.780885,False,70.532481,False
Michigan,2009,2009-09-03,1.117015,1.124547,1.144542,1.144542,False,79.642136,0.726383,187,62.778878,56.202337,1980-09-13,2008-11-15,98.022644,False,91.453153,False
Michigan State,2009,2009-09-03,1.134837,1.137541,1.144542,1.144542,False,77.693437,0.721431,179,48.007951,42.303825,1980-09-27,2008-11-08,68.933747,False,67.545687,False
Ohio State,2009,2009-09-03,1.168358,1.161883,1.144542,1.144542,False,80.34693,0.72813,191,67.971809,58.177204,1980-09-13,2008-11-22,144.578063,False,151.710427,False
Indiana,2009,2009-09-03,1.194491,1.179618,1.144542,1.144542,False,70.749133,0.702231,168,33.463353,28.014733,1980-09-13,2008-11-08,63.655586,False,68.848924,False
Purdue,2009,2009-09-03,1.202527,1.185571,1.144542,1.144542,False,72.594342,0.707586,171,43.952209,36.549882,1980-09-20,2008-11-22,84.270894,False,92.209685,False
Illinois,2009,2009-09-03,1.050088,1.077969,1.144542,1.144542,False,71.630585,0.704813,170,33.925242,32.307054,1980-09-06,2008-11-15,33.982345,False,21.861946,False
Northwestern,2009,2009-09-03,1.168053,1.160954,1.144542,1.144542,False,69.358119,0.698062,162,32.40044,27.738844,1980-10-04,2008-11-22,61.670923,False,64.352256,False
Wisconsin,2009,2009-09-03,1.164649,1.15891,1.144542,1.144542,False,75.106292,0.714575,180,51.896409,44.559716,1980-09-13,2008-11-15,94.994103,False,98.645601,False
Minnesota,2009,2009-09-03,1.146587,1.145973,1.144542,1.144542,False,69.900245,0.6997,166,36.460769,31.799387,1980-09-13,2008-11-23,60.099746,False,60.352647,False
Iowa,2009,2009-09-03,1.197256,1.18176,1.144542,1.144542,False,72.056378,0.706045,169,50.361284,42.063934,1980-09-27,2008-11-15,109.876235,False,119.991964,False
Notre Dame,2009,2009-09-03,1.10319,1.11476,1.144542,1.144542,False,77.217512,0.720195,183,53.240444,48.260455,1980-09-06,2008-11-22,72.222408,False,64.640827,False
Toledo,2009,2009-09-03,1.230018,1.20234,1.144542,1.144542,False,62.645964,0.676187,146,45.953493,37.360007,1980-09-27,2008-11-28,117.937856,False,135.638293,False
Ball State,2009,2009-09-03,1.1206,1.129209,1.144542,1.144542,False,53.438467,0.640454,126,29.667417,26.474572,1980-09-20,2008-11-26,57.272758,False,53.422319,False
Western Michigan,2009,2009-09-03,1.150968,1.148767,1.144542,1.144542,False,57.589634,0.657494,141,36.790596,31.964906,1980-09-06,2008-11-15,75.16028,False,76.313703,False
Bowling Green,2009,2009-09-03,1.041509,1.077386,1.144542,1.144542,False,56.15602,0.651795,131,36.619206,35.159764,1980-09-13,2008-11-21,48.015535,False,25.399033,False
Central Michigan,2009,2009-09-03,1.241403,1.207896,1.144542,1.144542,False,56.721573,0.654065,137,34.579435,27.855115,1980-09-06,2008-11-20,92.757419,False,108.197173,False
Eastern Michigan,2009,2009-09-03,1.070149,1.096438,1.144542,1.144542,False,54.893834,0.646617,129,21.204974,19.814971,1980-10-18,2008-11-28,32.12273,False,23.467463,False
Northern Illinois,2009,2009-09-03,1.14477,1.144688,1.144542,1.144542,False,53.562948,0.640989,119,30.593795,26.724843,1980-09-13,2008-11-26,65.364435,False,65.40185,False
Penn State,2009,2009-09-03,1.180421,1.170493,1.144542,1.144542,False,78.410355,0.723274,184,61.993363,52.517997,1980-09-27,2008-11-22,129.688388,False,138.291149,False
Pittsburgh,2009,2009-09-03,1.129434,1.133842,1.144542,1.144542,False,72.836242,0.708274,175,41.05295,36.348237,1980-09-13,2008-11-28,61.565182,False,59.515316,False
West Virginia,2009,2009-09-03,1.164477,1.158552,1.144542,1.144542,False,70.922928,0.702743,168,51.07503,43.8609,1980-09-06,2008-12-07,97.433535,False,101.376558,False
Maryland,2009,2009-09-03,1.210574,1.19014,1.144542,1.144542,False,66.943015,0.69054,155,40.246294,33.245621,1980-09-13,2008-11-23,84.103787,False,93.388197,False
Virginia,2009,2009-09-03,1.294001,1.248611,1.144542,1.144542,False,68.783087,0.696304,156,48.5549,37.523068,1980-09-13,2008-11-22,127.348249,False,152.575747,False
Virginia Tech,2009,2009-09-03,1.162532,1.157182,1.144542,1.144542,False,70.87367,0.702598,157,56.037365,48.202873,1980-10-18,2008-11-29,124.017026,False,128.856133,False
NC State,2009,2009-09-03,1.136472,1.138944,1.144542,1.144542,False,67.932255,0.693666,157,38.516768,33.891515,1980-09-27,2008-11-29,61.362562,False,60.260497,False
Wake Forest,2009,2009-09-03,1.077514,1.099037,1.144542,1.144542,False,63.426153,0.678891,138,29.189569,27.089744,1980-09-06,2008-11-30,38.015223,False,29.794475,False
Duke,2009,2009-09-03,0.936566,1.003039,1.144542,1.144542,False,63.861817,0.680381,149,16.434714,17.547849,1980-09-06,2008-11-29,0.897802,False,-19.096699,False
North Carolina,2009,2009-09-03,1.151341,1.149295,1.144542,1.144542,False,69.67221,0.699013,165,38.615482,33.539556,1980-09-27,2008-11-22,69.002741,False,69.947234,False
Marshall,2009,2009-09-03,1.142161,1.143224,1.144542,1.144542,False,37.223464,0.553727,58,27.349956,23.945799,1980-09-13,2008-11-29,98.115371,False,97.334941,False
East Carolina,2009,2009-09-03,1.171588,1.162523,1.144542,1.144542,False,59.51138,0.664847,127,34.109528,29.113934,1980-09-13,2008-11-28,70.626461,False,74.616934,False
Rutgers,2009,2009-09-03,1.12441,1.130773,1.144542,1.144542,False,64.925217,0.683962,145,30.9042,27.484809,1980-09-20,2008-12-05,53.244939,False,50.668049,False
Syracuse,2009,2009-09-03,1.137126,1.139302,1.144542,1.144542,False,72.250042,0.706602,171,41.940717,36.883101,1980-09-20,2008-11-16,72.06591,False,70.926163,False
Boston College,2009,2009-09-03,1.130205,1.134542,1.144542,1.144542,False,69.175299,0.697505,158,45.510881,40.26782,1980-09-20,2008-11-29,77.782465,False,75.173055,False
UConn,2009,2009-09-03,1.107312,1.125094,1.144542,1.144542,False,32.810113,0.52237,44,20.053971,18.110498,2000-10-28,2008-12-06,61.376592,False,52.492803,False
Temple,2009,2009-09-03,1.053701,1.084843,1.144542,1.144542,False,57.510733,0.657185,127,16.858189,15.999023,1980-09-13,2008-11-28,25.260846,False,16.107668,False
Army,2009,2009-09-03,1.134273,1.137738,1.144542,1.144542,False,58.903997,0.662557,133,21.522248,18.97449,1980-09-20,2008-11-01,43.393973,False,42.326604,False
Navy,2009,2009-09-03,1.025426,1.065274,1.144542,1.144542,False,59.678482,0.665472,125,28.35171,27.648709,1980-09-20,2008-11-15,28.696777,False,11.180626,False
Buffalo,2009,2009-09-03,0.990667,1.061097,1.144542,1.144542,False,35.543906,0.542292,50,11.773545,11.884464,1999-09-11,2008-11-28,18.730128,False,-2.900703,False
Akron,2009,2009-09-03,1.130145,1.135623,1.144542,1.144542,False,48.843285,0.619498,91,27.788067,24.588053,1987-09-12,2008-11-14,60.366374,False,57.890552,False
Kent State,2009,2009-09-03,0.913662,0.995362,1.144542,1.144542,False,54.778535,0.646137,132,15.825296,17.320735,1980-10-04,2008-11-19,-1.430005,False,-27.141676,False
Ohio,2009,2009-09-03,1.113401,1.124535,1.144542,1.144542,False,53.912516,0.642485,128,23.979671,21.537308,1980-09-20,2008-11-22,43.279034,False,39.452395,False
Miami (OH),2009,2009-09-03,1.005155,1.052351,1.144542,1.144542,False,58.601775,0.661406,138,34.895284,34.716306,1980-09-13,2008-11-28,28.895929,False,2.820412,False
Western Kentucky,2009,2009-09-03,0.0,1.016751,1.144542,1.144542,False,3.770587,0.111653,4,0.0,1.566386,2008-10-11,2008-11-15,5.99806,False,-400.0,True
Troy,2009,2009-09-03,1.318705,1.215512,1.144542,1.144542,False,20.632297,0.407493,26,16.769392,12.716557,2001-12-01,2008-12-07,124.137811,False,197.726584,False
Alabama,2009,2009-09-03,1.08007,1.097494,1.144542,1.144542,False,81.002991,0.729737,188,58.169504,53.857175,1980-09-06,2008-11-29,67.658084,False,55.043333,False
Auburn,2009,2009-09-03,1.120544,1.127255,1.144542,1.144542,False,77.276578,0.720349,184,57.497172,51.311838,1980-09-20,2008-11-15,91.296207,False,86.114736,False
Georgia,2009,2009-09-03,1.097711,1.111218,1.144542,1.144542,False,74.01293,0.711574,181,55.264714,50.345408,1980-09-13,2008-11-29,79.621659,False,69.273985,False
Georgia Tech,2009,2009-09-03,1.110224,1.120752,1.144542,1.144542,False,67.789915,0.69322,157,41.403066,37.292533,1980-09-20,2008-11-21,61.424969,False,55.951847,False
Florida,2009,2009-09-03,1.198599,1.183672,1.144542,1.144542,False,78.639787,0.723858,182,67.222627,56.08432,1980-09-13,2008-11-15,164.541142,False,181.533401,False
Florida State,2009,2009-09-03,1.117979,1.125573,1.144542,1.144542,False,74.927298,0.714088,171,61.630167,55.126429,1980-09-13,2008-11-29,118.785307,False,110.589618,False
Miami (FL),2009,2009-09-03,1.107466,1.118611,1.144542,1.144542,False,69.798855,0.699395,164,55.41912,50.041377,1980-09-27,2008-11-14,107.317672,False,96.241492,False
South Carolina,2009,2009-09-03,1.122687,1.129016,1.144542,1.144542,False,73.587139,0.710389,170,39.803178,35.453499,1980-10-04,2008-11-08,56.961993,False,54.163106,False
Clemson,2009,2009-09-03,1.153071,1.150473,1.144542,1.144542,False,68.504271,0.695445,158,47.351268,41.065357,1980-09-13,2008-11-29,86.117353,False,87.694012,False
Tennessee,2009,2009-09-03,1.095856,1.108839,1.144542,1.144542,False,82.501848,0.733338,194,63.929656,58.337645,1980-09-06,2008-11-29,87.693632,False,76.393019,False
Vanderbilt,2009,2009-09-03,0.931092,0.995856,1.144542,1.144542,False,68.874745,0.696586,162,20.267757,21.767732,1980-09-20,2008-11-22,-1.309886,False,-22.113509,False
Kentucky,2009,2009-09-03,1.185271,1.173443,1.144542,1.144542,False,73.298372,0.709579,175,35.978873,30.354974,1980-09-06,2008-11-16,65.951067,False,70.406352,False
LSU,2009,2009-09-03,1.078823,1.096504,1.144542,1.144542,False,81.504721,0.730953,189,58.031394,53.7914,1980-09-06,2008-11-22,72.009689,False,58.22682,False
Mississippi State,2009,2009-09-03,1.180111,1.169019,1.144542,1.144542,False,66.201483,0.688154,154,33.409373,28.310356,1980-09-13,2008-11-22,67.010967,False,71.383426,False
Ole Miss,2009,2009-09-03,1.137929,1.139904,1.144542,1.144542,False,70.46025,0.701374,165,39.455758,34.673309,1980-09-06,2008-11-28,64.125554,False,63.21121,False
UCF,2009,2009-09-03,1.067567,1.10156,1.144542,1.144542,False,37.934314,0.558397,55,19.814055,18.560003,1996-10-19,2008-11-29,45.454659,False,30.208448,False
South Florida,2009,2009-09-03,1.174228,1.158685,1.144542,1.144542,False,27.298605,0.476427,36,18.749502,15.96751,2001-09-29,2008-11-24,82.323876,False,90.887305,False
UAB,2009,2009-09-03,1.060169,1.098021,1.144542,1.144542,False,36.870632,0.551373,56,17.838527,16.826109,1996-09-14,2008-11-23,39.28817,False,24.146507,False
Idaho,2009,2009-09-03,0.958218,1.047512,1.144542,1.144542,False,32.599107,0.52076,48,10.765114,11.23451,1996-10-19,2008-11-15,16.456854,False,-14.712018,False
Washington,2010,2010-09-02,1.144819,1.144949,1.145285,1.145285,False,77.211109,0.720178,184,46.885144,40.954208,1980-09-13,2009-12-05,80.388233,False,80.314381,False
Washington State,2010,2010-09-02,1.010837,1.052377,1.145285,1.145285,False,67.09702,0.691031,156,31.864851,31.523219,1980-09-13,2009-11-21,23.103678,False,4.788903,False
Oregon,2010,2010-09-02,1.193743,1.179343,1.145285,1.145285,False,70.956579,0.702843,163,52.963335,44.367463,1980-09-06,2009-12-04,110.70117,False,120.567234,False
Oregon State,2010,2010-09-02,1.223822,1.198738,1.145285,1.145285,False,63.93135,0.680618,151,36.41103,29.751903,1980-10-11,2009-11-14,88.090958,False,99.458277,False
California,2010,2010-09-02,1.237284,1.209612,1.145285,1.145285,False,69.736765,0.699208,167,43.339099,35.027599,1980-09-27,2009-11-15,97.981893,False,111.360801,False
Stanford,2010,2010-09-02,1.210244,1.191191,1.145285,1.145285,False,72.28248,0.706695,174,37.554886,31.030833,1980-09-13,2009-11-29,73.076287,False,80.30823,False
USC,2010,2010-09-02,1.152029,1.150085,1.145285,1.145285,False,74.11451,0.711856,178,58.50439,50.783803,1980-09-20,2009-12-05,115.596851,False,117.289235,False
UCLA,2010,2010-09-02,1.269308,1.233232,1.145285,1.145285,False,73.13414,0.709117,172,49.890394,39.305188,1980-09-13,2009-11-21,114.527592,False,133.414061,False
San Jose State,2010,2010-09-02,1.192117,1.174143,1.145285,1.145285,False,48.167349,0.616208,102,23.474669,19.691579,1980-10-11,2009-11-29,64.808009,False,71.44251,False
Fresno State,2010,2010-09-02,1.162761,1.156839,1.145285,1.145285,False,58.531319,0.661137,128,42.888876,36.885381,1980-09-20,2009-11-21,100.774666,False,104.900135,False
San Diego State,2010,2010-09-02,1.132977,1.136983,1.145285,1.145285,False,62.167331,0.674505,152,29.441899,25.986316,1980-09-27,2009-11-15,51.294934,False,49.806279,False
Hawai'i,2010,2010-09-02,1.218607,1.19898,1.145285,1.145285,False,82.074378,0.732321,199,50.005763,41.035185,1980-10-04,2009-12-06,97.471257,False,107.327216,False
Nevada,2010,2010-09-02,1.192703,1.175289,1.145285,1.145285,False,51.692707,0.63277,89,32.579996,27.316104,1992-10-24,2009-11-14,88.701153,False,97.827658,False
UNLV,2010,2010-09-02,1.125207,1.131775,1.145285,1.145285,False,61.698044,0.672839,135,23.654617,21.022462,1980-09-13,2009-11-29,41.428601,False,39.401607,False
Arizona,2010,2010-09-02,1.113823,1.123017,1.145285,1.145285,False,72.658801,0.70777,180,39.582816,35.537786,1980-09-20,2009-11-22,58.86514,False,54.443584,False
Arizona State,2010,2010-09-02,1.136647,1.139087,1.145285,1.145285,False,76.207323,0.717534,187,48.825515,42.955735,1980-09-13,2009-11-28,71.125562,False,69.838112,False
BYU,2010,2010-09-02,1.154454,1.15174,1.145285,1.145285,False,71.359094,0.704023,176,53.815466,46.615497,1980-09-13,2009-11-28,103.674058,False,105.719381,False
Utah,2010,2010-09-02,1.134097,1.137581,1.145285,1.145285,False,66.339548,0.688601,156,48.744231,42.980669,1980-09-20,2009-11-21,93.270147,False,90.724395,False
Utah State,2010,2010-09-02,1.209921,1.185983,1.145285,1.145285,False,51.004271,0.629649,111,20.601563,17.027196,1980-10-04,2009-11-21,60.5533,False,68.138855,False
Boise State,2010,2010-09-02,1.182529,1.167675,1.145285,1.145285,False,45.221752,0.601179,70,41.017095,34.685919,1996-08-31,2009-12-05,215.774203,False,243.535818,False
Colorado,2010,2010-09-02,1.158828,1.154926,1.145285,1.145285,False,74.144463,0.711939,181,46.690269,40.290956,1980-09-27,2009-11-27,80.458132,False,82.544055,False
Colorado State,2010,2010-09-02,1.096336,1.11234,1.145285,1.145285,False,61.758478,0.673055,148,33.995437,31.008219,1980-09-06,2009-11-27,52.819458,False,45.259504,False
Wyoming,2010,2010-09-02,1.198834,1.181868,1.145285,1.145285,False,64.692246,0.683184,155,36.311162,30.28874,1980-09-13,2009-11-21,78.369453,False,85.752167,False
Air Force,2010,2010-09-02,1.141898,1.142946,1.145285,1.145285,False,66.966185,0.690614,164,42.499744,37.2185,1980-09-20,2009-11-14,73.304943,False,72.752056,False
New Mexico,2010,2010-09-02,1.04852,1.078795,1.145285,1.145285,False,65.884726,0.687124,157,32.324948,30.829109,1980-09-06,2009-11-21,33.00082,False,20.316569,False
New Mexico State,2010,2010-09-02,0.934595,1.011668,1.145285,1.145285,False,52.008931,0.634186,111,15.90845,17.021766,1980-09-13,2009-11-22,3.817617,False,-21.763053,False
UTEP,2010,2010-09-02,1.256398,1.22034,1.145285,1.145285,False,62.445187,0.675483,149,27.699586,22.046826,1980-09-20,2009-11-28,75.943412,False,88.011188,False
Kansas,2010,2010-09-02,1.176947,1.167477,1.145285,1.145285,False,70.307908,0.700921,171,38.778079,32.948023,1980-09-13,2009-11-14,76.051146,False,80.402036,False
Kansas State,2010,2010-09-02,1.200186,1.183586,1.145285,1.145285,False,69.218301,0.697636,159,48.172578,40.137602,1980-09-27,2009-11-14,114.544071,False,125.59493,False
Nebraska,2010,2010-09-02,1.165472,1.160044,1.145285,1.145285,False,81.58614,0.731149,198,67.958711,58.310042,1980-09-13,2009-11-22,145.190037,False,151.025077,False
Iowa State,2010,2010-09-02,1.249632,1.217785,1.145285,1.145285,False,68.294817,0.694796,165,30.476671,24.388509,1980-09-13,2009-11-14,73.52122,False,84.000161,False
Oklahoma State,2010,2010-09-02,1.202425,1.184689,1.145285,1.145285,False,66.654555,0.689616,157,39.925052,33.20378,1980-10-04,2009-11-20,91.235102,False,100.198728,False
Tulsa,2010,2010-09-02,1.118764,1.127679,1.145285,1.145285,False,59.24247,0.663837,128,30.543055,27.300721,1980-09-13,2009-11-27,54.757394,False,50.933662,False
Texas,2010,2010-09-02,1.173191,1.165355,1.145285,1.145285,False,76.844942,0.719219,184,63.260524,53.921758,1980-09-01,2009-11-22,138.157875,False,145.951827,False
Texas A&M,2010,2010-09-02,1.210096,1.191502,1.145285,1.145285,False,74.57058,0.713112,175,52.906829,43.721183,1980-09-20,2009-11-27,112.688524,False,124.570934,False
Baylor,2010,2010-09-02,1.125906,1.132047,1.145285,1.145285,False,64.670959,0.683113,154,25.823197,22.935491,1980-10-04,2009-11-14,46.875175,False,44.732873,False
TCU,2010,2010-09-02,1.187666,1.174405,1.145285,1.145285,False,65.876067,0.687096,161,48.026882,40.438028,1980-09-13,2009-11-28,122.626761,False,132.734926,False
Texas Tech,2010,2010-09-02,1.25068,1.2184,1.145285,1.145285,False,67.950143,0.693722,166,50.136257,40.087199,1980-09-06,2009-11-21,130.482193,False,151.904534,False
Houston,2010,2010-09-02,1.157416,1.153557,1.145285,1.145285,False,64.310287,0.681901,155,36.824626,31.816249,1980-09-20,2009-11-29,74.390396,False,76.293325,False
Rice,2010,2010-09-02,1.147162,1.146562,1.145285,1.145285,False,63.863733,0.680388,153,32.144196,28.020618,1980-09-27,2009-11-21,60.62119,False,60.868791,False
SMU,2010,2010-09-02,1.152287,1.15004,1.145285,1.145285,False,63.476268,0.679063,146,26.614022,23.09669,1980-09-13,2009-11-28,53.547469,False,54.332626,False
North Texas,2010,2010-09-02,0.879615,0.990152,1.145285,1.145285,False,42.103588,0.583932,71,16.201607,18.418973,1980-10-04,2009-11-21,-3.871335,False,-48.041897,False
Louisiana Tech,2010,2010-09-02,1.351889,1.269161,1.145285,1.145285,False,44.922256,0.599585,87,30.145428,22.298752,1981-09-19,2009-12-05,127.503534,False,169.734527,False
Tulane,2010,2010-09-02,1.014274,1.05511,1.145285,1.145285,False,66.245815,0.688298,165,27.149092,26.767018,1980-09-06,2009-11-07,20.784042,False,5.411376,False
Louisiana,2010,2010-09-02,1.148507,1.147276,1.145285,1.145285,False,48.575217,0.6182,102,23.906269,20.815088,1980-09-06,2009-11-29,52.644779,False,53.082372,False
Memphis,2010,2010-09-02,1.023142,1.061354,1.145285,1.145285,False,65.893813,0.687154,155,29.717307,29.045143,1980-09-06,2009-11-14,22.933899,False,8.672392,False
FIU,2010,2010-09-02,0.981477,1.08282,1.145285,1.145285,False,18.491108,0.38133,22,6.081632,6.196407,2005-10-15,2009-12-06,24.855959,False,-5.662584,False
Oklahoma,2010,2010-09-02,1.213607,1.194453,1.145285,1.145285,False,77.007923,0.719647,184,65.410565,53.89763,1980-09-13,2009-11-28,179.92644,False,202.844676,False
Arkansas,2010,2010-09-02,1.191047,1.17821,1.145285,1.145285,False,76.944482,0.719481,190,51.623621,43.343049,1980-09-20,2009-11-21,96.68718,False,103.999527,False
Missouri,2010,2010-09-02,1.136132,1.138881,1.145285,1.145285,False,69.878694,0.699636,174,39.754552,34.991139,1980-09-13,2009-11-21,66.594665,False,65.252503,False
Cincinnati,2010,2010-09-02,1.299473,1.248292,1.145285,1.145285,False,60.378276,0.668062,132,39.107232,30.094678,1980-11-08,2009-11-27,113.712819,False,138.163547,False
Louisville,2010,2010-09-02,1.115135,1.124582,1.145285,1.145285,False,65.739327,0.686649,148,43.869212,39.339832,1980-09-06,2009-11-27,71.958258,False,66.280635,False
Arkansas State,2010,2010-09-02,1.301998,1.236405,1.145285,1.145285,False,41.674879,0.581443,75,22.86035,17.557894,1980-09-20,2009-11-28,83.395822,False,106.584942,False
ULM,2010,2010-09-02,1.053907,1.098791,1.145285,1.145285,False,31.075852,0.508808,50,14.05989,13.340727,1980-11-22,2009-11-28,35.970575,False,19.672178,False
FAU,2010,2010-09-02,1.01855,1.094844,1.145285,1.145285,False,19.834239,0.398004,24,10.118082,9.933807,2005-09-08,2009-11-28,38.888003,False,7.581127,False
Middle Tennessee,2010,2010-09-02,1.162347,1.154337,1.145285,1.145285,False,33.901591,0.530528,48,22.485984,19.345331,1999-11-13,2009-11-21,77.070084,False,81.261381,False
Southern Miss,2010,2010-09-02,1.151719,1.149481,1.145285,1.145285,False,56.247227,0.652163,128,41.16381,35.741196,1980-09-20,2009-11-22,91.178073,False,92.662445,False
Michigan,2010,2010-09-02,1.122188,1.128435,1.145285,1.145285,False,80.902777,0.729493,194,62.330548,55.543789,1980-09-13,2009-11-21,95.644332,False,90.541981,False
Michigan State,2010,2010-09-02,1.119614,1.126734,1.145285,1.145285,False,78.15677,0.722625,185,47.628129,42.539772,1980-09-27,2009-11-21,62.842602,False,59.239448,False
Ohio State,2010,2010-09-02,1.180192,1.170805,1.145285,1.145285,False,81.561932,0.731091,198,69.07777,58.53095,1980-09-13,2009-11-14,149.891087,False,160.151595,False
Indiana,2010,2010-09-02,1.20773,1.189133,1.145285,1.145285,False,70.733637,0.702185,173,33.105749,27.411548,1980-09-13,2009-11-21,65.459993,False,71.779701,False
Purdue,2010,2010-09-02,1.173406,1.165319,1.145285,1.145285,False,74.324288,0.712435,178,43.835609,37.357594,1980-09-20,2009-11-14,74.47567,False,78.201934,False
Illinois,2010,2010-09-02,1.02706,1.06198,1.145285,1.145285,False,71.567517,0.70463,175,32.604462,31.745446,1980-09-06,2009-12-05,26.134991,False,11.443223,False
Northwestern,2010,2010-09-02,1.167228,1.16067,1.145285,1.145285,False,70.374048,0.701118,168,34.002213,29.130735,1980-10-04,2009-11-21,63.709813,False,66.28285,False
Wisconsin,2010,2010-09-02,1.176153,1.167395,1.145285,1.145285,False,75.729825,0.716258,186,53.128021,45.170994,1980-09-13,2009-11-14,100.085298,False,105.713662,False
Minnesota,2010,2010-09-02,1.15817,1.154338,1.145285,1.145285,False,70.872662,0.702595,172,36.845614,31.813656,1980-09-13,2009-11-07,61.741059,False,63.271804,False
Iowa,2010,2010-09-02,1.179709,1.169672,1.145285,1.145285,False,72.897384,0.708447,175,51.705506,43.829047,1980-09-27,2009-11-21,107.962602,False,114.882711,False
Notre Dame,2010,2010-09-02,1.096889,1.110137,1.145285,1.145285,False,79.591045,0.726255,191,54.381073,49.577531,1980-09-06,2009-11-21,67.900347,False,59.426271,False
Toledo,2010,2010-09-02,1.23104,1.203702,1.145285,1.145285,False,64.106153,0.681211,152,45.709578,37.130851,1980-09-27,2009-11-21,113.220188,False,129.650514,False
Ball State,2010,2010-09-02,1.030795,1.071406,1.145285,1.145285,False,54.575173,0.645286,131,27.687246,26.860089,1980-09-20,2009-11-19,31.315892,False,13.493555,False
Western Michigan,2010,2010-09-02,1.126286,1.132799,1.145285,1.145285,False,57.513349,0.657195,145,36.213406,32.152927,1980-09-06,2009-11-25,67.144363,False,63.750142,False
Bowling Green,2010,2010-09-02,1.041617,1.076936,1.145285,1.145285,False,58.054957,0.659304,137,37.00389,35.525421,1980-09-13,2009-11-27,45.958528,False,24.568508,False
Central Michigan,2010,2010-09-02,1.243752,1.209683,1.145285,1.145285,False,56.706987,0.654007,141,36.04274,28.979036,1980-09-06,2009-11-27,99.379609,False,116.286911,False
Eastern Michigan,2010,2010-09-02,0.963639,1.027054,1.145285,1.145285,False,55.931605,0.650885,134,19.789634,20.536359,1980-10-18,2009-11-14,9.103291,False,-12.381476,False
Northern Illinois,2010,2010-09-02,1.144047,1.144485,1.145285,1.145285,False,54.69775,0.645799,124,32.324351,28.254389,1980-09-13,2009-11-12,68.003197,False,67.792867,False
Penn State,2010,2010-09-02,1.148965,1.147959,1.145285,1.145285,False,79.750881,0.726654,191,62.547299,54.437965,1980-09-27,2009-11-14,116.368803,False,117.253025,False
Pittsburgh,2010,2010-09-02,1.156251,1.153077,1.145285,1.145285,False,73.633975,0.71052,181,43.022208,37.208356,1980-09-13,2009-12-05,70.948295,False,72.446568,False
West Virginia,2010,2010-09-02,1.1932,1.179085,1.145285,1.145285,False,71.839066,0.705418,174,53.315929,44.683133,1980-09-06,2009-11-28,111.284488,False,121.025909,False
Maryland,2010,2010-09-02,1.169846,1.162337,1.145285,1.145285,False,68.122656,0.69426,161,38.498612,32.909122,1980-09-13,2009-11-28,68.922818,False,72.146795,False
Virginia,2010,2010-09-02,1.24429,1.214543,1.145285,1.145285,False,69.847413,0.699542,162,46.253902,37.172919,1980-09-13,2009-11-28,104.889699,False,120.15242,False
Virginia Tech,2010,2010-09-02,1.165969,1.159872,1.145285,1.145285,False,71.781847,0.705252,163,56.992575,48.880027,1980-10-18,2009-11-21,125.591424,False,131.11082,False
NC State,2010,2010-09-02,1.152104,1.150038,1.145285,1.145285,False,69.048035,0.697117,163,38.776726,33.657317,1980-09-27,2009-11-28,64.279775,False,65.171192,False
Wake Forest,2010,2010-09-02,1.085864,1.104662,1.145285,1.145285,False,64.829281,0.683642,144,30.054555,27.678022,1980-09-06,2009-11-14,39.540041,False,32.476909,False
Duke,2010,2010-09-02,0.922309,0.993948,1.145285,1.145285,False,63.374936,0.678715,153,16.280099,17.651457,1980-09-06,2009-11-28,-1.79178,False,-23.471489,False
North Carolina,2010,2010-09-02,1.167938,1.161124,1.145285,1.145285,False,69.729651,0.699187,170,38.86509,33.276673,1980-09-27,2009-11-14,72.239622,False,75.291417,False
Marshall,2010,2010-09-02,1.166032,1.157069,1.145285,1.145285,False,39.44941,0.568031,63,28.350239,24.313441,1980-09-13,2009-11-21,97.383273,False,103.298501,False
East Carolina,2010,2010-09-02,1.214056,1.191436,1.145285,1.145285,False,61.208162,0.671082,133,36.557115,30.111552,1980-09-13,2009-12-05,82.563473,False,92.544027,False
Rutgers,2010,2010-09-02,1.107349,1.119291,1.145285,1.145285,False,65.298662,0.6852,150,30.723485,27.745087,1980-09-20,2009-12-05,47.876998,False,43.109507,False
Syracuse,2010,2010-09-02,1.156812,1.153487,1.145285,1.145285,False,74.009045,0.711564,178,41.967131,36.278274,1980-09-20,2009-11-21,75.899231,False,77.555042,False
Boston College,2010,2010-09-02,1.163625,1.158134,1.145285,1.145285,False,70.200932,0.700602,164,47.16866,40.535952,1980-09-20,2009-11-21,89.152212,False,92.412042,False
UConn,2010,2010-09-02,1.079421,1.109662,1.145285,1.145285,False,35.338356,0.540852,49,21.555198,19.969221,2000-10-28,2009-12-06,54.285468,False,39.067511,False
Temple,2010,2010-09-02,1.131362,1.136088,1.145285,1.145285,False,58.382398,0.660566,132,20.443234,18.069571,1980-09-13,2009-11-21,43.601405,False,42.123513,False
Army,2010,2010-09-02,1.125477,1.132104,1.145285,1.145285,False,59.664097,0.665418,138,21.961654,19.513204,1980-09-20,2009-10-24,41.518111,False,39.478349,False
Navy,2010,2010-09-02,1.049401,1.081223,1.145285,1.145285,False,60.391886,0.668112,130,30.212457,28.790204,1980-09-20,2009-10-31,36.354759,False,22.086878,False
Buffalo,2010,2010-09-02,0.938082,1.029662,1.145285,1.145285,False,37.875872,0.558017,55,11.928792,12.716156,1999-09-11,2009-11-11,9.068706,False,-19.306343,False
Akron,2010,2010-09-02,1.135069,1.138886,1.145285,1.145285,False,50.298492,0.626394,96,27.826603,24.515342,1987-09-12,2009-11-27,59.601365,False,57.947177,False
Kent State,2010,2010-09-02,0.890644,0.979651,1.145285,1.145285,False,55.827579,0.650462,137,16.649946,18.694274,1980-10-04,2009-11-27,-6.481242,False,-35.520269,False
Ohio,2010,2010-09-02,1.121011,1.129575,1.145285,1.145285,False,55.026891,0.64717,133,25.215994,22.493982,1980-09-20,2009-11-27,45.795093,False,42.798251,False
Miami (OH),2010,2010-09-02,0.995473,1.045222,1.145285,1.145285,False,60.341013,0.667925,144,33.509759,33.662139,1980-09-13,2009-11-18,23.7429,False,-2.364443,False
Western Kentucky,2010,2010-09-02,0.0,0.898751,1.145285,1.145285,False,8.229205,0.21526,9,0.0,2.326129,2008-10-11,2009-12-04,-31.308577,False,-400.0,True
Troy,2010,2010-09-02,1.332129,1.228257,1.145285,1.145285,False,23.963834,0.444072,31,20.358761,15.28288,2001-12-01,2009-11-21,142.875837,False,229.628798,False
Alabama,2010,2010-09-02,1.094577,1.108253,1.145285,1.145285,False,81.23292,0.730296,194,59.923469,54.745755,1980-09-06,2009-11-07,77.714341,False,67.314592,False
Auburn,2010,2010-09-02,1.143507,1.143998,1.145285,1.145285,False,78.693684,0.723995,191,58.344956,51.022828,1980-09-20,2009-11-27,98.914093,False,98.548757,False
Georgia,2010,2010-09-02,1.091648,1.107153,1.145285,1.145285,False,73.777462,0.71092,186,54.394494,49.827884,1980-09-13,2009-11-22,74.292594,False,62.878537,False
Georgia Tech,2010,2010-09-02,1.130524,1.135044,1.145285,1.145285,False,67.971773,0.693789,162,42.39734,37.502391,1980-09-20,2009-11-29,68.324789,False,65.972001,False
Florida,2010,2010-09-02,1.192121,1.179235,1.145285,1.145285,False,79.043924,0.724882,188,68.388809,57.367343,1980-09-13,2009-11-28,170.936752,False,186.830222,False
Florida State,2010,2010-09-02,1.088376,1.104693,1.145285,1.145285,False,74.628647,0.713272,176,59.407556,54.58368,1980-09-13,2009-11-21,93.94517,False,77.976878,False
Miami (FL),2010,2010-09-02,1.122135,1.12909,1.145285,1.145285,False,69.849102,0.699547,169,55.486821,49.447556,1980-09-27,2009-11-21,113.210593,False,106.446131,False
South Carolina,2010,2010-09-02,1.166862,1.160657,1.145285,1.145285,False,74.325456,0.712438,176,41.850334,35.865714,1980-10-04,2009-11-28,70.744038,False,73.495031,False
Clemson,2010,2010-09-02,1.186662,1.174195,1.145285,1.145285,False,69.572394,0.698712,164,48.893926,41.202911,1980-09-13,2009-11-21,97.688368,False,105.202701,False
Tennessee,2010,2010-09-02,1.107434,1.11735,1.145285,1.145285,False,84.515548,0.738027,202,65.309536,58.97376,1980-09-06,2009-11-22,91.426663,False,83.040339,False
Vanderbilt,2010,2010-09-02,0.867588,0.951753,1.145285,1.145285,False,68.983087,0.696918,167,18.914972,21.801782,1980-09-20,2009-11-14,-15.23048,False,-42.72879,False
Kentucky,2010,2010-09-02,1.141807,1.142809,1.145285,1.145285,False,74.052741,0.711685,181,35.455862,31.052419,1980-09-06,2009-11-29,54.748262,False,54.366841,False
LSU,2010,2010-09-02,1.087385,1.102804,1.145285,1.145285,False,82.656743,0.733704,196,59.81015,55.003631,1980-09-06,2009-11-29,77.887448,False,65.581296,False
Mississippi State,2010,2010-09-02,1.1574,1.153669,1.145285,1.145285,False,67.435786,0.692105,160,32.128053,27.758825,1980-09-13,2009-11-28,58.848017,False,60.260659,False
Ole Miss,2010,2010-09-02,1.161869,1.156917,1.145285,1.145285,False,70.47402,0.701415,170,40.599113,34.942922,1980-09-06,2009-11-21,71.883303,False,74.186026,False
UCF,2010,2010-09-02,1.163218,1.155646,1.145285,1.145285,False,41.055505,0.577795,61,23.203615,19.947777,1996-10-19,2009-11-21,68.477382,False,71.845429,False
South Florida,2010,2010-09-02,1.181478,1.163154,1.145285,1.145285,False,29.256809,0.493729,40,19.388989,16.410796,2001-09-29,2009-11-28,79.186606,False,88.503003,False
UAB,2010,2010-09-02,1.102375,1.121002,1.145285,1.145285,False,39.109989,0.565909,61,19.464733,17.657091,1996-09-14,2009-11-28,47.584326,False,40.282911,False
Idaho,2010,2010-09-02,1.071391,1.10494,1.145285,1.145285,False,36.076402,0.54598,54,13.806105,12.886151,1996-10-19,2009-11-28,35.740793,False,24.427092,False
Washington,2011,2011-09-01,1.15452,1.150993,1.141859,1.141859,False,77.700567,0.72145,190,46.579044,40.344938,1980-09-13,2010-11-19,79.837783,False,81.735236,False
Washington State,2011,2011-09-01,0.992952,1.038849,1.141859,1.141859,False,67.331722,0.691776,161,29.738011,29.949094,1980-09-13,2010-12-05,16.779578,False,-3.055477,False
Oregon,2011,2011-09-01,1.198219,1.181467,1.141859,1.141859,False,70.928505,0.70276,168,54.136232,45.180578,1980-09-06,2010-11-27,117.006089,False,129.195813,False
Oregon State,2011,2011-09-01,1.226557,1.199902,1.141859,1.141859,False,65.325965,0.68529,157,37.746542,30.774379,1980-10-11,2010-12-04,90.658286,False,103.037645,False
California,2011,2011-09-01,1.243964,1.213558,1.141859,1.141859,False,70.741384,0.702208,173,43.263413,34.778677,1980-09-27,2010-11-27,96.719136,False,110.893359,False
Stanford,2011,2011-09-01,1.234904,1.207583,1.141859,1.141859,False,72.170356,0.706373,179,39.760677,32.19739,1980-09-13,2010-11-28,82.99882,False,93.933329,False
USC,2011,2011-09-01,1.128735,1.132491,1.141859,1.141859,False,74.820126,0.713795,184,57.4206,50.87165,1980-09-20,2010-11-28,97.551865,False,94.515906,False
UCLA,2011,2011-09-01,1.262682,1.227796,1.141859,1.141859,False,73.901107,0.711264,178,49.380117,39.107318,1980-09-13,2010-12-05,109.115726,False,126.699762,False
San Jose State,2011,2011-09-01,1.145826,1.144314,1.141859,1.141859,False,48.731219,0.618957,106,21.907837,19.119697,1980-10-11,2010-11-28,52.373949,False,52.915929,False
Fresno State,2011,2011-09-01,1.170331,1.16087,1.141859,1.141859,False,60.284596,0.667717,134,43.799936,37.425242,1980-09-20,2010-12-04,100.528478,False,106.915812,False
San Diego State,2011,2011-09-01,1.183381,1.170086,1.141859,1.141859,False,63.691527,0.6798,158,32.202845,27.212572,1980-09-27,2010-12-24,64.563701,False,69.586606,False
Hawai'i,2011,2011-09-01,1.230461,1.206782,1.141859,1.141859,False,82.251066,0.732742,205,51.38946,41.764384,1980-10-04,2010-12-05,103.933657,False,116.199363,False
Nevada,2011,2011-09-01,1.22003,1.192076,1.141859,1.141859,False,53.893296,0.642403,95,36.056276,29.553594,1992-10-24,2010-11-27,104.916717,False,121.019571,False
UNLV,2011,2011-09-01,1.15215,1.148838,1.141859,1.141859,False,63.227236,0.678206,141,23.959562,20.795526,1980-09-13,2010-11-19,46.04818,False,47.049264,False
Arizona,2011,2011-09-01,1.088248,1.103793,1.141859,1.141859,False,73.461231,0.710036,186,39.757129,36.533158,1980-09-20,2010-12-03,49.513451,False,42.056449,False
Arizona State,2011,2011-09-01,1.140634,1.140984,1.141859,1.141859,False,74.896617,0.714004,191,47.458638,41.607254,1980-09-13,2010-11-26,71.400553,False,71.217846,False
BYU,2011,2011-09-01,1.157066,1.152604,1.141859,1.141859,False,72.24148,0.706577,182,54.931476,47.474796,1980-09-13,2010-11-20,104.893044,False,108.297684,False
Utah,2011,2011-09-01,1.136633,1.13824,1.141859,1.141859,False,67.553246,0.692476,162,50.187503,44.154518,1980-09-20,2010-11-27,95.775757,False,94.570274,False
Utah State,2011,2011-09-01,1.197506,1.177224,1.141859,1.141859,False,52.309329,0.635521,116,21.109919,17.628234,1980-10-04,2010-11-20,57.58484,False,64.003553,False
Boise State,2011,2011-09-01,1.179063,1.164729,1.141859,1.141859,False,47.866026,0.614723,76,43.942012,37.268572,1996-08-31,2010-12-04,226.347278,False,256.247269,False
Colorado,2011,2011-09-01,1.190382,1.176498,1.141859,1.141859,False,74.847173,0.713869,187,47.342016,39.770445,1980-09-27,2010-11-20,87.930268,False,95.063289,False
Colorado State,2011,2011-09-01,1.130998,1.134527,1.141859,1.141859,False,62.343044,0.675124,153,34.548389,30.546805,1980-09-06,2010-11-13,61.870197,False,60.237352,False
Wyoming,2011,2011-09-01,1.18604,1.1721,1.141859,1.141859,False,65.07994,0.684476,160,34.834901,29.370762,1980-09-13,2010-11-20,71.757148,False,77.577574,False
Air Force,2011,2011-09-01,1.159093,1.153774,1.141859,1.141859,False,67.199423,0.691356,169,43.422428,37.462405,1980-09-20,2010-11-13,80.31092,False,83.184527,False
New Mexico,2011,2011-09-01,1.044331,1.074453,1.141859,1.141859,False,67.133044,0.691145,163,31.112236,29.791534,1980-09-06,2010-11-27,30.324048,False,18.07113,False
New Mexico State,2011,2011-09-01,0.977499,1.036067,1.141859,1.141859,False,54.189645,0.643662,117,16.730222,17.115336,1980-09-13,2010-11-27,11.477473,False,-7.252459,False
UTEP,2011,2011-09-01,1.282607,1.237194,1.141859,1.141859,False,62.978563,0.677345,154,29.609569,23.085464,1980-09-20,2010-11-07,83.408354,False,99.008402,False
Kansas,2011,2011-09-01,1.180343,1.168942,1.141859,1.141859,False,71.262589,0.703741,177,39.006835,33.047025,1980-09-13,2010-11-20,75.561014,False,80.707751,False
Kansas State,2011,2011-09-01,1.223269,1.198673,1.141859,1.141859,False,69.2973,0.697877,164,47.77323,39.05374,1980-09-27,2010-11-07,117.269647,False,132.677059,False
Nebraska,2011,2011-09-01,1.156874,1.152845,1.141859,1.141859,False,81.788445,0.731636,204,68.129508,58.89103,1980-09-13,2010-11-26,140.504465,False,144.875291,False
Iowa State,2011,2011-09-01,1.270866,1.231924,1.141859,1.141859,False,69.384231,0.698141,171,31.258083,24.59589,1980-09-13,2010-11-21,77.895247,False,90.609682,False
Oklahoma State,2011,2011-09-01,1.202168,1.183853,1.141859,1.141859,False,68.784389,0.696308,164,41.947843,34.893484,1980-10-04,2010-11-28,90.696986,False,100.00182,False
Tulsa,2011,2011-09-01,1.162065,1.15533,1.141859,1.141859,False,60.004841,0.666685,133,33.220988,28.587897,1980-09-13,2010-11-26,68.707432,False,71.712886,False
Texas,2011,2011-09-01,1.1095,1.118462,1.141859,1.141859,False,78.316032,0.723033,191,60.92036,54.907934,1980-09-01,2010-11-26,94.37987,False,86.56615,False
Texas A&M,2011,2011-09-01,1.250022,1.219189,1.141859,1.141859,False,75.241292,0.714941,181,54.082422,43.265163,1980-09-20,2010-11-21,125.249122,False,144.589906,False
Baylor,2011,2011-09-01,1.147179,1.1455,1.141859,1.141859,False,65.064021,0.684423,159,26.915374,23.462224,1980-10-04,2010-11-21,51.060111,False,51.638891,False
TCU,2011,2011-09-01,1.179899,1.168034,1.141859,1.141859,False,66.184732,0.6881,166,49.526902,41.97554,1980-09-13,2010-11-13,127.486071,False,137.360359,False
Texas Tech,2011,2011-09-01,1.240364,1.210246,1.141859,1.141859,False,68.11971,0.694251,171,49.617473,40.002347,1980-09-06,2010-11-28,122.887251,False,142.252203,False
Houston,2011,2011-09-01,1.119865,1.126831,1.141859,1.141859,False,64.721161,0.683281,160,36.238929,32.360098,1980-09-20,2010-11-14,61.17583,False,57.773932,False
Rice,2011,2011-09-01,1.19101,1.175529,1.141859,1.141859,False,65.250337,0.68504,159,32.835752,27.56968,1980-09-27,2010-11-27,69.461125,False,75.536122,False
SMU,2011,2011-09-01,1.135415,1.137432,1.141859,1.141859,False,65.83222,0.686953,153,28.596131,25.185613,1980-09-13,2010-12-30,50.805745,False,50.070879,False
North Texas,2011,2011-09-01,0.788578,0.930001,1.141859,1.141859,False,44.941147,0.599686,77,15.120221,19.174041,1980-10-04,2010-11-27,-26.742667,False,-83.013435,False
Louisiana Tech,2011,2011-09-01,1.325874,1.254709,1.141859,1.141859,False,47.572939,0.613267,93,30.014261,22.637345,1981-09-19,2010-12-04,111.708894,False,144.228012,False
Tulane,2011,2011-09-01,0.98157,1.030899,1.141859,1.141859,False,67.480918,0.692247,171,26.283102,26.776591,1980-09-06,2010-11-20,11.473487,False,-6.894217,False
Louisiana,2011,2011-09-01,1.084347,1.105904,1.141859,1.141859,False,50.034911,0.625164,107,23.245479,21.437314,1980-09-06,2010-11-21,38.187563,False,30.454728,False
Memphis,2011,2011-09-01,1.012113,1.052179,1.141859,1.141859,False,67.148653,0.691195,161,28.669898,28.326781,1980-09-06,2010-11-27,18.957125,False,4.41884,False
FIU,2011,2011-09-01,1.050325,1.103158,1.141859,1.141859,False,21.975084,0.4228,27,8.508988,8.101287,2005-10-15,2010-12-04,33.006232,False,16.209987,False
Oklahoma,2011,2011-09-01,1.22077,1.198749,1.141859,1.141859,False,77.503465,0.720939,190,66.68018,54.621432,1980-09-13,2010-11-13,187.63045,False,215.2796,False
Arkansas,2011,2011-09-01,1.205133,1.187314,1.141859,1.141859,False,76.526907,0.718381,195,51.958767,43.114536,1980-09-20,2010-11-27,102.201149,False,112.466569,False
Missouri,2011,2011-09-01,1.173993,1.164345,1.141859,1.141859,False,69.916457,0.699749,179,41.802971,35.607508,1980-09-13,2010-11-13,80.424722,False,85.289828,False
Cincinnati,2011,2011-09-01,1.224032,1.197239,1.141859,1.141859,False,62.008772,0.673944,138,38.384355,31.358935,1980-11-08,2010-12-04,90.617599,False,103.266879,False
Louisville,2011,2011-09-01,1.091574,1.107126,1.141859,1.141859,False,67.001806,0.690727,154,42.823294,39.230764,1980-09-06,2010-11-20,58.509299,False,49.805324,False
Arkansas State,2011,2011-09-01,1.277694,1.222327,1.141859,1.141859,False,43.60066,0.592395,80,24.157242,18.906909,1980-09-20,2010-11-13,80.154816,False,100.227341,False
ULM,2011,2011-09-01,1.107315,1.123822,1.141859,1.141859,False,32.781049,0.522149,54,15.952218,14.40622,1980-11-22,2010-11-27,46.245257,False,40.088799,False
FAU,2011,2011-09-01,1.017125,1.088691,1.141859,1.141859,False,22.287454,0.426249,28,11.332601,11.141796,2005-09-08,2010-12-04,36.285538,False,6.987114,False
Middle Tennessee,2011,2011-09-01,1.093548,1.115392,1.141859,1.141859,False,36.348391,0.547841,53,22.876084,20.919142,1999-11-13,2010-11-27,56.82328,False,45.804104,False
Southern Miss,2011,2011-09-01,1.135969,1.137995,1.141859,1.141859,False,57.198767,0.655958,133,41.238689,36.302647,1980-09-20,2010-11-21,82.901887,False,81.59375,False
Michigan,2011,2011-09-01,1.122701,1.127872,1.141859,1.141859,False,81.146912,0.730087,200,60.986038,54.320841,1980-09-13,2010-11-20,89.794394,False,85.869762,False
Michigan State,2011,2011-09-01,1.158911,1.1542,1.141859,1.141859,False,78.581875,0.723711,191,50.090889,43.22237,1980-09-27,2010-11-20,77.602,False,80.055157,False
Ohio State,2011,2011-09-01,1.184425,1.173187,1.141859,1.141859,False,83.636426,0.736,206,71.985527,60.776782,1980-09-13,2010-11-27,159.203365,False,172.471874,False
Indiana,2011,2011-09-01,1.198571,1.181678,1.141859,1.141859,False,70.717894,0.702138,178,32.7745,27.344657,1980-09-13,2010-11-06,62.98054,False,68.729718,False
Purdue,2011,2011-09-01,1.136433,1.137983,1.141859,1.141859,False,75.017515,0.714333,184,42.786945,37.6502,1980-09-20,2010-11-27,61.984182,False,61.27713,False
Illinois,2011,2011-09-01,1.027273,1.061141,1.141859,1.141859,False,71.497379,0.704426,180,33.250263,32.36751,1980-09-06,2010-11-13,26.286588,False,11.749248,False
Northwestern,2011,2011-09-01,1.132088,1.135008,1.141859,1.141859,False,70.389829,0.701165,173,33.616143,29.693936,1980-10-04,2010-11-20,54.013157,False,52.854251,False
Wisconsin,2011,2011-09-01,1.184727,1.172631,1.141859,1.141859,False,76.321745,0.717838,192,55.228513,46.617073,1980-09-13,2010-11-27,108.895991,False,117.224728,False
Minnesota,2011,2011-09-01,1.134937,1.136977,1.141859,1.141859,False,71.789113,0.705273,178,35.33494,31.133821,1980-09-13,2010-11-27,53.225491,False,52.438055,False
Iowa,2011,2011-09-01,1.178144,1.167645,1.141859,1.141859,False,73.676013,0.710637,181,52.008919,44.144782,1980-09-27,2010-11-20,104.466236,False,111.523395,False
Notre Dame,2011,2011-09-01,1.096943,1.109099,1.141859,1.141859,False,80.855071,0.729376,198,54.511985,49.69444,1980-09-06,2010-11-13,64.846837,False,57.374622,False
Toledo,2011,2011-09-01,1.225182,1.199001,1.141859,1.141859,False,65.47837,0.685793,158,46.437495,37.90252,1980-09-27,2010-11-26,109.649485,False,125.229784,False
Ball State,2011,2011-09-01,0.99318,1.045837,1.141859,1.141859,False,54.705617,0.645832,135,26.78408,26.968016,1980-09-20,2010-11-20,20.125507,False,-2.993274,False
Western Michigan,2011,2011-09-01,1.10145,1.115165,1.141859,1.141859,False,58.386287,0.660581,150,35.689764,32.402528,1980-09-06,2010-11-20,56.641388,False,49.751139,False
Bowling Green,2011,2011-09-01,1.012829,1.056375,1.141859,1.141859,False,58.891211,0.662509,142,35.470133,35.020854,1980-09-13,2010-11-26,31.810062,False,7.163629,False
Central Michigan,2011,2011-09-01,1.166246,1.157807,1.141859,1.141859,False,56.689946,0.653939,145,34.581702,29.652139,1980-09-06,2010-11-05,76.379052,False,80.585856,False
Eastern Michigan,2011,2011-09-01,0.918346,0.995509,1.141859,1.141859,False,56.898711,0.65477,139,18.468762,20.110899,1980-10-18,2010-11-26,-1.4888,False,-27.532959,False
Northern Illinois,2011,2011-09-01,1.183041,1.168474,1.141859,1.141859,False,54.815709,0.646292,128,33.935637,28.68509,1980-09-13,2010-11-10,80.038783,False,87.190135,False
Penn State,2011,2011-09-01,1.144776,1.143981,1.141859,1.141859,False,80.078326,0.727467,197,62.134568,54.27663,1980-09-27,2010-11-27,110.15558,False,110.828552,False
Pittsburgh,2011,2011-09-01,1.145831,1.144679,1.141859,1.141859,False,73.429136,0.709946,186,42.97516,37.505659,1980-09-13,2010-11-26,67.147372,False,67.692076,False
West Virginia,2011,2011-09-01,1.186992,1.173808,1.141859,1.141859,False,72.699061,0.707884,180,54.469933,45.889055,1980-09-06,2010-12-04,110.495917,False,119.850122,False
Maryland,2011,2011-09-01,1.20568,1.186201,1.141859,1.141859,False,68.291409,0.694785,166,39.69711,32.925083,1980-09-13,2010-11-27,78.262096,False,86.58787,False
Virginia,2011,2011-09-01,1.241151,1.211332,1.141859,1.141859,False,69.897072,0.699691,167,45.052569,36.299036,1980-09-13,2010-11-13,100.75574,False,115.529639,False
Virginia Tech,2011,2011-09-01,1.168821,1.160941,1.141859,1.141859,False,72.643143,0.707725,169,58.840991,50.342174,1980-10-18,2010-11-27,132.965501,False,140.625604,False
NC State,2011,2011-09-01,1.191124,1.176217,1.141859,1.141859,False,69.142848,0.697406,168,39.953434,33.542625,1980-09-27,2010-11-13,75.531258,False,81.993065,False
Wake Forest,2011,2011-09-01,1.050122,1.079028,1.141859,1.141859,False,65.20766,0.684899,149,28.983394,27.600031,1980-09-06,2010-11-20,29.357956,False,18.665415,False
Duke,2011,2011-09-01,0.866916,0.953924,1.141859,1.141859,False,64.798985,0.683541,159,16.13831,18.615777,1980-09-06,2010-11-27,-14.029903,False,-41.551687,False
North Carolina,2011,2011-09-01,1.144537,1.143732,1.141859,1.141859,False,69.78345,0.699349,175,38.149428,33.33175,1980-09-27,2010-11-20,63.31819,False,63.672516,False
Marshall,2011,2011-09-01,1.187543,1.168631,1.141859,1.141859,False,42.467353,0.58602,69,30.233608,25.458962,1980-09-13,2010-11-27,98.709431,False,110.502724,False
East Carolina,2011,2011-09-01,1.195162,1.177925,1.141859,1.141859,False,62.768097,0.676613,139,37.869132,31.685347,1980-09-13,2010-11-26,78.647926,False,86.464812,False
Rutgers,2011,2011-09-01,1.071198,1.093144,1.141859,1.141859,False,66.591435,0.689413,156,30.553558,28.522795,1980-09-20,2010-11-26,37.079175,False,28.379758,False
Syracuse,2011,2011-09-01,1.080777,1.098594,1.141859,1.141859,False,72.851322,0.708317,182,39.166007,36.238745,1980-09-20,2010-11-27,48.696924,False,39.869356,False
Boston College,2011,2011-09-01,1.159807,1.154484,1.141859,1.141859,False,71.159537,0.703439,170,46.846141,40.391339,1980-09-20,2010-11-20,83.683134,False,86.694429,False
UConn,2011,2011-09-01,1.187184,1.167097,1.141859,1.141859,False,37.693701,0.556827,54,24.830509,20.915465,2000-10-28,2010-11-27,81.158364,False,91.377983,False
Temple,2011,2011-09-01,1.157808,1.152443,1.141859,1.141859,False,59.187689,0.663631,137,22.833987,19.721736,1980-09-13,2010-11-17,51.810923,False,53.590159,False
Army,2011,2011-09-01,1.089192,1.106858,1.141859,1.141859,False,59.436141,0.664565,142,21.431902,19.676876,1980-09-20,2010-11-06,33.561904,False,28.098182,False
Navy,2011,2011-09-01,1.060815,1.087788,1.141859,1.141859,False,60.139098,0.667181,134,31.030431,29.25151,1980-09-20,2010-11-20,39.719415,False,27.467667,False
Buffalo,2011,2011-09-01,0.801211,0.947071,1.141859,1.141859,False,40.063094,0.571815,60,11.132597,13.894721,1999-09-11,2010-11-20,-16.541734,False,-64.45663,False
Akron,2011,2011-09-01,1.109678,1.121502,1.141859,1.141859,False,51.651051,0.632583,101,26.917729,24.257246,1987-09-12,2010-11-26,50.0169,False,45.140272,False
Kent State,2011,2011-09-01,0.924921,0.999879,1.141859,1.141859,False,56.824106,0.654474,142,18.370479,19.861678,1980-10-04,2010-11-26,-0.039622,False,-24.848354,False
Ohio,2011,2011-09-01,1.124177,1.130341,1.141859,1.141859,False,56.057907,0.651398,138,27.301908,24.286135,1980-09-20,2010-11-04,48.933541,False,46.630239,False
Miami (OH),2011,2011-09-01,1.041184,1.074369,1.141859,1.141859,False,61.013439,0.670378,149,35.030724,33.645083,1980-09-13,2010-11-24,37.746696,False,20.823949,False
Western Kentucky,2011,2011-09-01,0.0,0.808055,1.141859,1.141859,False,12.392886,0.292334,14,0.0,3.570706,2008-10-11,2010-11-20,-58.085683,False,-400.0,True
Troy,2011,2011-09-01,1.277529,1.206212,1.141859,1.141859,False,27.071081,0.47434,36,22.760538,17.81607,2001-12-01,2010-11-27,136.648348,False,197.969729,False
Alabama,2011,2011-09-01,1.097505,1.109444,1.141859,1.141859,False,81.454157,0.730831,200,60.618589,55.23307,1980-09-06,2010-11-26,79.212994,False,70.014046,False
Auburn,2011,2011-09-01,1.18207,1.171105,1.141859,1.141859,False,80.016347,0.727313,198,61.025808,51.626238,1980-09-20,2010-11-13,116.408432,False,124.742212,False
Georgia,2011,2011-09-01,1.099356,1.111669,1.141859,1.141859,False,73.552539,0.710292,191,54.527207,49.599232,1980-09-13,2010-11-28,76.709362,False,67.674004,False
Georgia Tech,2011,2011-09-01,1.127082,1.131599,1.141859,1.141859,False,68.146644,0.694335,167,42.395763,37.615511,1980-09-20,2010-11-20,65.850688,False,63.526808,False
Florida,2011,2011-09-01,1.148743,1.146855,1.141859,1.141859,False,79.401064,0.72578,194,66.629949,58.00251,1980-09-13,2010-11-14,136.383325,False,138.483578,False
Florida State,2011,2011-09-01,1.103303,1.114287,1.141859,1.141859,False,75.30174,0.715104,182,60.151752,54.519711,1980-09-13,2010-11-27,99.482585,False,88.926488,False
Miami (FL),2011,2011-09-01,1.096542,1.11015,1.141859,1.141859,False,69.910117,0.69973,174,53.670485,48.945196,1980-09-27,2010-11-27,90.963238,False,78.905831,False
South Carolina,2011,2011-09-01,1.198016,1.181972,1.141859,1.141859,False,75.008261,0.714308,182,43.755875,36.523612,1980-10-04,2010-11-20,81.036637,False,88.281095,False
Clemson,2011,2011-09-01,1.190464,1.175966,1.141859,1.141859,False,70.577969,0.701724,170,49.392325,41.489977,1980-09-13,2010-11-28,96.839991,False,105.395217,False
Tennessee,2011,2011-09-01,1.121098,1.126536,1.141859,1.141859,False,84.519816,0.738037,208,63.782449,56.892854,1980-09-06,2010-11-27,93.670695,False,89.314294,False
Vanderbilt,2011,2011-09-01,0.822827,0.917617,1.141859,1.141859,False,70.970544,0.702884,174,18.59231,22.595649,1980-09-20,2010-11-28,-26.61475,False,-58.808323,False
Kentucky,2011,2011-09-01,1.142903,1.142604,1.141859,1.141859,False,74.750319,0.713605,187,36.847453,32.240219,1980-09-06,2010-11-13,56.291565,False,56.408952,False
LSU,2011,2011-09-01,1.120067,1.125863,1.141859,1.141859,False,82.790416,0.73402,202,61.468734,54.87951,1980-09-06,2010-11-20,94.81277,False,90.102433,False
Mississippi State,2011,2011-09-01,1.143516,1.143012,1.141859,1.141859,False,68.573626,0.695659,166,33.740505,29.50592,1980-09-13,2010-11-21,56.941504,False,57.141203,False
Ole Miss,2011,2011-09-01,1.134126,1.136413,1.141859,1.141859,False,71.419409,0.704199,176,40.710056,35.89553,1980-09-06,2010-11-28,63.296439,False,62.222457,False
UCF,2011,2011-09-01,1.144236,1.143272,1.141859,1.141859,False,43.971431,0.594438,67,25.430134,22.224545,1996-10-19,2010-12-04,64.770118,False,65.213418,False
South Florida,2011,2011-09-01,1.109284,1.124805,1.141859,1.141859,False,32.961497,0.523518,46,20.915077,18.85458,2001-09-29,2010-12-05,61.184003,False,53.37388,False
UAB,2011,2011-09-01,1.079646,1.105515,1.141859,1.141859,False,42.148273,0.58419,67,20.99007,19.441625,1996-09-14,2010-11-20,42.021619,False,31.738728,False
Idaho,2011,2011-09-01,1.10194,1.119451,1.141859,1.141859,False,38.387862,0.561326,59,15.71308,14.259466,1996-10-19,2010-12-04,42.841784,False,36.629104,False
Washington,2012,2012-08-30,1.1725,1.164211,1.142614,1.142614,False,78.165228,0.722647,196,48.175915,41.088187,1980-09-13,2011-11-27,86.996886,False,91.502364,False
Washington State,2012,2012-08-30,1.008201,1.049538,1.142614,1.142614,False,67.549685,0.692464,166,29.634251,29.393197,1980-09-13,2011-11-19,20.914129,False,3.475256,False
Oregon,2012,2012-08-30,1.188109,1.174832,1.142614,1.142614,False,72.799692,0.70817,175,56.180699,47.28581,1980-09-06,2011-12-03,117.296433,False,127.402043,False
Oregon State,2012,2012-08-30,1.222037,1.197133,1.142614,1.142614,False,65.676176,0.686442,162,37.114306,30.370851,1980-10-11,2011-11-19,86.821786,False,97.980696,False
California,2012,2012-08-30,1.267229,1.230115,1.142614,1.142614,False,70.727476,0.702167,178,44.142639,34.833981,1980-09-27,2011-11-12,103.612341,False,120.925234,False
Stanford,2012,2012-08-30,1.212439,1.192288,1.142614,1.142614,False,73.950602,0.711401,186,42.757856,35.265984,1980-09-13,2011-11-27,84.579256,False,93.533642,False
USC,2012,2012-08-30,1.151293,1.148846,1.142614,1.142614,False,76.408166,0.718067,191,59.22622,51.443208,1980-09-20,2011-11-27,107.167207,False,109.134857,False
UCLA,2012,2012-08-30,1.298922,1.254098,1.142614,1.142614,False,74.615609,0.713236,184,50.795197,39.105659,1980-09-13,2011-11-20,119.830083,False,142.298879,False
San Jose State,2012,2012-08-30,1.199491,1.178211,1.142614,1.142614,False,50.18532,0.625867,111,23.271351,19.40103,1980-10-11,2011-11-19,63.585849,False,71.066406,False
Fresno State,2012,2012-08-30,1.11656,1.125152,1.142614,1.142614,False,60.974519,0.670237,139,41.817739,37.452289,1980-09-20,2011-11-27,75.594182,False,70.162359,False
San Diego State,2012,2012-08-30,1.149555,1.147365,1.142614,1.142614,False,65.102857,0.684552,164,32.884606,28.60639,1980-09-27,2011-12-04,58.284472,False,59.147874,False
Hawai'i,2012,2012-08-30,1.197632,1.182951,1.142614,1.142614,False,82.42885,0.733165,211,50.784523,42.404107,1980-10-04,2011-12-04,92.357864,False,99.975655,False
Nevada,2012,2012-08-30,1.189628,1.173221,1.142614,1.142614,False,55.962889,0.651012,101,38.369061,32.252984,1992-10-24,2011-12-03,102.858691,False,113.209891,False
UNLV,2012,2012-08-30,1.193586,1.177104,1.142614,1.142614,False,62.780754,0.676657,145,24.240219,20.30874,1980-09-13,2011-11-27,54.531364,False,59.46496,False
Arizona,2012,2012-08-30,1.078452,1.097091,1.142614,1.142614,False,73.267398,0.709492,191,38.994276,36.157652,1980-09-20,2011-11-26,45.34395,False,36.604408,False
Arizona State,2012,2012-08-30,1.150985,1.148606,1.142614,1.142614,False,75.548443,0.71577,197,48.045688,41.743116,1980-09-13,2011-11-26,74.041313,False,75.264222,False
BYU,2012,2012-08-30,1.155486,1.15174,1.142614,1.142614,False,73.065678,0.708923,188,55.974771,48.442609,1980-09-13,2011-11-20,106.301765,False,109.226317,False
Utah,2012,2012-08-30,1.115021,1.123488,1.142614,1.142614,False,67.760881,0.693129,167,48.727382,43.700876,1980-09-20,2011-11-25,81.169594,False,75.272307,False
Utah State,2012,2012-08-30,1.211021,1.186453,1.142614,1.142614,False,53.532467,0.640858,121,22.535636,18.60879,1980-10-04,2011-11-26,61.137696,False,69.004086,False
Boise State,2012,2012-08-30,1.159486,1.153185,1.142614,1.142614,False,50.334181,0.62656,82,45.725984,39.436433,1996-08-31,2011-12-03,208.48503,False,220.820382,False
Colorado,2012,2012-08-30,1.170426,1.162446,1.142614,1.142614,False,74.558144,0.713078,192,45.128236,38.5571,1980-09-27,2011-11-12,78.427578,False,82.356562,False
Colorado State,2012,2012-08-30,1.090696,1.107461,1.142614,1.142614,False,62.906155,0.677094,158,32.242435,29.561336,1980-09-06,2011-12-03,48.207588,False,40.687554,False
Wyoming,2012,2012-08-30,1.192204,1.176462,1.142614,1.142614,False,64.506743,0.682562,164,34.398254,28.852657,1980-09-13,2011-11-19,73.477137,False,80.03343,False
Air Force,2012,2012-08-30,1.123012,1.129048,1.142614,1.142614,False,67.428187,0.692081,174,42.416358,37.770173,1980-09-20,2011-11-19,67.209727,False,63.986625,False
New Mexico,2012,2012-08-30,1.025283,1.06144,1.142614,1.142614,False,67.350524,0.691835,168,29.981902,29.242563,1980-09-06,2011-11-13,24.465859,False,10.087403,False
New Mexico State,2012,2012-08-30,0.994433,1.04599,1.142614,1.142614,False,56.223943,0.652069,123,17.501084,17.599051,1980-09-13,2011-12-03,14.33443,False,-1.754727,False
UTEP,2012,2012-08-30,1.283761,1.23847,1.142614,1.142614,False,63.493318,0.679121,159,29.522042,22.996522,1980-09-20,2011-11-19,82.496401,False,97.757017,False
Kansas,2012,2012-08-30,1.185439,1.172745,1.142614,1.142614,False,71.209236,0.703584,182,37.338148,31.497321,1980-09-13,2011-11-12,74.936332,False,80.450256,False
Kansas State,2012,2012-08-30,1.268791,1.231061,1.142614,1.142614,False,70.32606,0.700975,170,49.295046,38.85198,1980-09-27,2011-12-03,130.987932,False,153.943934,False
Nebraska,2012,2012-08-30,1.173132,1.164956,1.142614,1.142614,False,81.977224,0.732088,210,68.285124,58.207557,1980-09-13,2011-11-25,144.731352,False,153.284476,False
Iowa State,2012,2012-08-30,1.308156,1.258224,1.142614,1.142614,False,69.461088,0.698375,176,31.998781,24.460985,1980-09-13,2011-11-19,86.080864,False,102.216063,False
Oklahoma State,2012,2012-08-30,1.217,1.194649,1.142614,1.142614,False,69.840093,0.69952,170,44.79477,36.80753,1980-10-04,2011-12-04,101.900599,False,114.130229,False
Tulsa,2012,2012-08-30,1.148282,1.146427,1.142614,1.142614,False,61.653997,0.672682,139,34.773149,30.282764,1980-09-13,2011-11-25,66.867267,False,67.724551,False
Texas,2012,2012-08-30,1.109031,1.118297,1.142614,1.142614,False,78.734444,0.724098,197,60.611247,54.652438,1980-09-01,2011-11-20,91.204156,False,83.433394,False
Texas A&M,2012,2012-08-30,1.209139,1.190453,1.142614,1.142614,False,76.806922,0.719119,188,54.230965,44.850894,1980-09-20,2011-11-25,109.818385,False,121.46152,False
Baylor,2012,2012-08-30,1.256653,1.221154,1.142614,1.142614,False,66.374296,0.688714,165,30.771906,24.487189,1980-10-04,2011-12-03,78.124581,False,90.420738,False
TCU,2012,2012-08-30,1.147581,1.146036,1.142614,1.142614,False,66.481417,0.689059,171,49.996843,43.567177,1980-09-13,2011-12-03,119.708349,False,121.085209,False
Texas Tech,2012,2012-08-30,1.190665,1.175998,1.142614,1.142614,False,68.280939,0.694753,176,47.243059,39.677882,1980-09-06,2011-11-12,99.319215,False,108.123943,False
Houston,2012,2012-08-30,1.139773,1.14066,1.142614,1.142614,False,66.057701,0.687688,166,38.526663,33.802052,1980-09-20,2011-12-03,68.569797,False,68.127811,False
Rice,2012,2012-08-30,1.215388,1.192552,1.142614,1.142614,False,65.60436,0.686207,164,34.410977,28.31274,1980-09-27,2011-11-19,77.062555,False,86.173313,False
SMU,2012,2012-08-30,1.1516,1.148797,1.142614,1.142614,False,66.153677,0.687999,158,30.456841,26.447402,1980-09-13,2011-11-26,56.745098,False,57.802994,False
North Texas,2012,2012-08-30,0.883748,0.983834,1.142614,1.142614,False,47.593271,0.613369,83,17.880381,20.232448,1980-10-04,2011-12-03,-6.023818,False,-44.010301,False
UTSA,2012,2012-08-30,,1.142614,1.142614,1.142614,False,0.0,0.0,0,0.0,0.0,,,71.505351,False,,False
Texas State,2012,2012-08-30,,1.142614,1.142614,1.142614,False,0.0,0.0,0,0.0,0.0,,,71.505351,False,,False
Louisiana Tech,2012,2012-08-30,1.289493,1.23312,1.142614,1.142614,False,48.164521,0.616194,97,29.903134,23.189832,1981-09-19,2011-11-26,102.356562,False,128.008985,False
Tulane,2012,2012-08-30,0.919273,0.987866,1.142614,1.142614,False,67.681043,0.692878,176,24.528819,26.682846,1980-09-06,2011-11-11,-4.499321,False,-30.300937,False
Louisiana,2012,2012-08-30,1.155508,1.150701,1.142614,1.142614,False,50.459628,0.627142,111,25.458275,22.032101,1980-09-06,2011-11-05,55.027129,False,56.777505,False
Memphis,2012,2012-08-30,0.976682,1.027805,1.142614,1.142614,False,67.371886,0.691903,166,26.756307,27.395102,1980-09-06,2011-11-18,9.919854,False,-8.377265,False
FIU,2012,2012-08-30,1.057575,1.103016,1.142614,1.142614,False,26.142749,0.465648,33,11.699536,11.062608,2005-10-15,2011-11-12,37.870907,False,21.22681,False
Oklahoma,2012,2012-08-30,1.203871,1.186851,1.142614,1.142614,False,77.976286,0.722161,196,66.932899,55.598067,1980-09-13,2011-11-26,179.649789,False,201.144948,False
Arkansas,2012,2012-08-30,1.229719,1.205313,1.142614,1.142614,False,77.068123,0.719805,201,54.1398,44.026162,1980-09-20,2011-11-19,114.648479,False,129.306359,False
Missouri,2012,2012-08-30,1.199231,1.182239,1.142614,1.142614,False,69.960301,0.699881,184,42.780938,35.673649,1980-09-13,2011-11-19,88.19665,False,96.732312,False
Cincinnati,2012,2012-08-30,1.238843,1.207661,1.142614,1.142614,False,62.580252,0.675957,143,39.586569,31.954472,1980-11-08,2011-12-03,95.55864,False,110.420591,False
Louisville,2012,2012-08-30,1.064072,1.088305,1.142614,1.142614,False,67.23499,0.691469,159,41.850939,39.330932,1980-09-06,2011-11-12,47.177188,False,34.025579,False
Arkansas State,2012,2012-08-30,1.309059,1.24284,1.142614,1.142614,False,45.406698,0.602157,85,27.261044,20.824917,1980-09-20,2011-12-03,93.654966,False,119.872828,False
ULM,2012,2012-08-30,1.033969,1.084604,1.142614,1.142614,False,34.369915,0.533944,58,15.833571,15.313384,1980-11-22,2011-11-19,31.457923,False,12.650578,False
FAU,2012,2012-08-30,0.983331,1.069389,1.142614,1.142614,False,25.526772,0.45972,33,11.524809,11.720167,2005-09-08,2011-12-03,26.661523,False,-6.428513,False
Middle Tennessee,2012,2012-08-30,1.019375,1.072515,1.142614,1.142614,False,39.574745,0.568809,59,22.287787,21.864168,1999-11-13,2011-11-26,34.013952,False,9.01487,False
South Alabama,2012,2012-08-30,,1.142614,1.142614,1.142614,False,0.0,0.0,0,0.0,0.0,,,71.505351,False,,False
Southern Miss,2012,2012-08-30,1.158179,1.152878,1.142614,1.142614,False,58.090759,0.659442,138,43.195948,37.296443,1980-09-20,2011-11-26,94.698661,False,98.307931,False
Michigan,2012,2012-08-30,1.165299,1.15929,1.142614,1.142614,False,83.250901,0.735101,208,64.435678,55.295395,1980-09-13,2011-11-26,110.943002,False,115.629527,False
Michigan State,2012,2012-08-30,1.176693,1.167312,1.142614,1.142614,False,78.984841,0.724732,197,52.395504,44.527751,1980-09-27,2011-11-19,88.288905,False,93.474669,False
Ohio State,2012,2012-08-30,1.170986,1.163561,1.142614,1.142614,False,84.634387,0.738298,213,71.875201,61.380056,1980-09-13,2011-11-19,148.625948,False,157.005174,False
Indiana,2012,2012-08-30,1.151593,1.148918,1.142614,1.142614,False,70.703239,0.702095,183,30.586945,26.560541,1980-09-13,2011-11-26,50.731072,False,51.625293,False
Purdue,2012,2012-08-30,1.187788,1.174962,1.142614,1.142614,False,75.658398,0.716066,190,43.692966,36.785159,1980-09-20,2011-11-19,76.161083,False,81.847251,False
Illinois,2012,2012-08-30,1.03239,1.064399,1.142614,1.142614,False,73.305385,0.709599,187,34.776573,33.685507,1980-09-06,2011-11-19,27.611208,False,13.903887,False
Northwestern,2012,2012-08-30,1.106368,1.117197,1.142614,1.142614,False,70.41583,0.701242,178,33.265857,30.067634,1980-10-04,2011-11-26,46.99297,False,42.679366,False
Wisconsin,2012,2012-08-30,1.185294,1.173313,1.142614,1.142614,False,76.86917,0.719283,198,57.18382,48.24443,1980-09-13,2011-11-26,116.270469,False,125.180761,False
Minnesota,2012,2012-08-30,1.159718,1.154719,1.142614,1.142614,False,72.649062,0.707742,184,35.804773,30.873699,1980-09-13,2011-11-26,59.36932,False,61.268764,False
Iowa,2012,2012-08-30,1.203676,1.186131,1.142614,1.142614,False,74.40623,0.712661,187,53.239227,44.230527,1980-09-27,2011-11-12,113.747049,False,125.429146,False
Notre Dame,2012,2012-08-30,1.088236,1.102919,1.142614,1.142614,False,81.101143,0.729976,204,54.640404,50.210073,1980-09-06,2011-11-19,61.276697,False,52.251577,False
Toledo,2012,2012-08-30,1.23026,1.202818,1.142614,1.142614,False,65.815902,0.6869,163,46.16571,37.525176,1980-09-27,2011-11-09,109.617644,False,125.609003,False
Ball State,2012,2012-08-30,1.016113,1.060365,1.142614,1.142614,False,55.758275,0.65018,140,27.812119,27.371101,1980-09-20,2011-11-25,26.177831,False,6.983556,False
Western Michigan,2012,2012-08-30,1.123695,1.130126,1.142614,1.142614,False,58.257192,0.660084,154,37.075564,32.994345,1980-09-06,2011-11-25,66.188059,False,62.810353,False
Bowling Green,2012,2012-08-30,1.003553,1.050076,1.142614,1.142614,False,59.672529,0.665449,147,34.044987,33.92444,1980-09-13,2011-11-17,26.84905,False,1.891922,False
Central Michigan,2012,2012-08-30,1.153918,1.150006,1.142614,1.142614,False,56.679066,0.653896,149,33.212107,28.782028,1980-09-06,2011-11-19,70.235565,False,72.102868,False
Eastern Michigan,2012,2012-08-30,0.973744,1.03206,1.142614,1.142614,False,56.872814,0.654668,143,20.06306,20.604041,1980-10-18,2011-11-12,10.711651,False,-8.869001,False
Northern Illinois,2012,2012-08-30,1.201337,1.180821,1.142614,1.142614,False,55.86676,0.650621,133,36.380342,30.283204,1980-09-13,2011-11-25,90.852042,False,101.683913,False
Penn State,2012,2012-08-30,1.148031,1.146559,1.142614,1.142614,False,80.37622,0.728202,203,61.749186,53.787023,1980-09-27,2011-11-12,108.984391,False,110.191374,False
Pittsburgh,2012,2012-08-30,1.135818,1.137758,1.142614,1.142614,False,75.116424,0.714602,193,43.871864,38.625784,1980-09-13,2011-12-03,63.664779,False,62.753123,False
West Virginia,2012,2012-08-30,1.170418,1.162358,1.142614,1.142614,False,73.489877,0.710117,186,54.595111,46.645839,1980-09-06,2011-11-26,103.23409,False,108.893841,False
Maryland,2012,2012-08-30,1.149594,1.147487,1.142614,1.142614,False,69.370324,0.698099,172,37.981641,33.03917,1980-09-13,2011-11-05,60.626905,False,61.498417,False
Virginia,2012,2012-08-30,1.227899,1.202538,1.142614,1.142614,False,70.88578,0.702634,173,44.871262,36.543131,1980-09-13,2011-11-26,94.966906,False,107.2508,False
Virginia Tech,2012,2012-08-30,1.15846,1.153822,1.142614,1.142614,False,72.498537,0.707313,174,58.679036,50.65263,1980-10-18,2011-11-18,128.2864,False,132.813688,False
NC State,2012,2012-08-30,1.222226,1.198161,1.142614,1.142614,False,69.247076,0.697724,173,41.067346,33.600454,1980-09-27,2011-11-26,85.065255,False,95.558298,False
Wake Forest,2012,2012-08-30,1.087404,1.104566,1.142614,1.142614,False,66.51207,0.689158,155,29.870909,27.469931,1980-09-06,2011-11-26,38.138713,False,31.927098,False
Duke,2012,2012-08-30,0.825921,0.924764,1.142614,1.142614,False,66.120465,0.687892,165,15.998485,19.370473,1980-09-06,2011-11-19,-23.252411,False,-55.402432,False
North Carolina,2012,2012-08-30,1.151653,1.148962,1.142614,1.142614,False,70.769754,0.702292,181,40.306086,34.998475,1980-09-27,2011-11-26,67.934845,False,69.16999,False
Marshall,2012,2012-08-30,1.240192,1.200813,1.142614,1.142614,False,44.338301,0.59644,74,31.983769,25.789373,1980-09-13,2011-11-26,112.813932,False,136.777612,False
East Carolina,2012,2012-08-30,1.199561,1.18143,1.142614,1.142614,False,64.225499,0.681615,145,38.169983,31.819948,1980-09-13,2011-11-20,78.478895,False,86.49193,False
Rutgers,2012,2012-08-30,1.157462,1.152908,1.142614,1.142614,False,67.800765,0.693254,162,33.224676,28.704763,1980-09-20,2011-11-19,58.853883,False,60.595184,False
Syracuse,2012,2012-08-30,1.070094,1.091087,1.142614,1.142614,False,73.635199,0.710523,188,39.364946,36.786426,1980-09-20,2011-11-26,44.345862,False,34.095283,False
Boston College,2012,2012-08-30,1.13396,1.136528,1.142614,1.142614,False,71.108983,0.70329,175,44.665458,39.388905,1980-09-20,2011-11-12,70.764601,False,69.396433,False
UConn,2012,2012-08-30,1.18805,1.168807,1.142614,1.142614,False,40.834365,0.576477,60,26.007709,21.891097,2000-10-28,2011-11-26,76.892763,False,85.967413,False
Temple,2012,2012-08-30,1.122161,1.128912,1.142614,1.142614,False,60.894439,0.669947,143,25.092514,22.360878,1980-09-13,2011-11-25,47.978905,False,45.501859,False
Army,2012,2012-08-30,1.127193,1.132433,1.142614,1.142614,False,58.278561,0.660167,145,21.876091,19.407588,1980-09-20,2011-10-01,41.260926,False,39.661355,False
Navy,2012,2012-08-30,1.035451,1.071215,1.142614,1.142614,False,59.890656,0.666261,138,29.904122,28.880291,1980-09-20,2011-11-05,31.307176,False,15.56522,False
Buffalo,2012,2012-08-30,0.856228,0.975383,1.142614,1.142614,False,42.104336,0.583936,65,12.276726,14.338152,1999-09-11,2011-11-25,-7.634039,False,-45.867575,False
Akron,2012,2012-08-30,1.060947,1.090497,1.142614,1.142614,False,52.910256,0.638163,106,25.121087,23.677979,1987-09-12,2011-11-12,35.836748,False,24.16907,False
Kent State,2012,2012-08-30,0.958929,1.021733,1.142614,1.142614,False,57.743046,0.658093,147,19.980101,20.835842,1980-10-04,2011-11-19,7.130614,False,-13.619228,False
Ohio,2012,2012-08-30,1.162957,1.155944,1.142614,1.142614,False,57.02459,0.65527,143,29.246849,25.148697,1980-09-20,2011-11-23,58.861339,False,61.505312,False
Miami (OH),2012,2012-08-30,1.027979,1.065121,1.142614,1.142614,False,62.591861,0.675997,155,35.520468,34.553676,1980-09-13,2011-11-17,32.873472,False,14.067465,False
Western Kentucky,2012,2012-08-30,0.554024,0.935607,1.142614,1.142614,False,16.274925,0.351701,19,2.835779,5.118514,2008-10-11,2011-11-26,-19.825732,False,-159.344324,False
Troy,2012,2012-08-30,1.199203,1.170897,1.142614,1.142614,False,29.974648,0.499789,41,24.064642,20.067194,2001-12-01,2011-11-19,114.249386,False,136.741481,False
Alabama,2012,2012-08-30,1.087567,1.102358,1.142614,1.142614,False,81.651662,0.731307,206,61.26176,56.329173,1980-09-06,2011-11-06,77.364349,False,65.490806,False
Auburn,2012,2012-08-30,1.18231,1.171515,1.142614,1.142614,False,80.314672,0.728051,204,61.643059,52.137805,1980-09-20,2011-11-26,119.591849,False,128.039419,False
Georgia,2012,2012-08-30,1.103331,1.114631,1.142614,1.142614,False,74.288727,0.712337,197,54.664618,49.545085,1980-09-13,2011-11-19,77.691763,False,69.532081,False
Georgia Tech,2012,2012-08-30,1.148467,1.146698,1.142614,1.142614,False,69.249698,0.697732,173,43.323052,37.722513,1980-09-20,2011-11-26,72.168642,False,73.065674,False
Florida,2012,2012-08-30,1.149503,1.14762,1.142614,1.142614,False,79.738327,0.726622,200,65.932078,57.357022,1980-09-13,2011-11-27,131.347735,False,133.321707,False
Florida State,2012,2012-08-30,1.090717,1.105415,1.142614,1.142614,False,75.925093,0.716781,188,59.9025,54.920312,1980-09-13,2011-11-20,90.504776,False,76.776298,False
Miami (FL),2012,2012-08-30,1.083408,1.101012,1.142614,1.142614,False,70.896353,0.702665,180,52.911474,48.837975,1980-09-27,2011-11-25,78.497983,False,64.06516,False
South Carolina,2012,2012-08-30,1.194374,1.179676,1.142614,1.142614,False,75.648512,0.71604,188,45.543504,38.131688,1980-10-04,2011-11-27,83.508946,False,90.493289,False
Clemson,2012,2012-08-30,1.231452,1.205195,1.142614,1.142614,False,71.502489,0.704441,176,51.730895,42.008042,1980-09-13,2011-11-12,114.496557,False,130.592636,False
Tennessee,2012,2012-08-30,1.122157,1.127472,1.142614,1.142614,False,85.46878,0.74019,215,63.291049,56.401259,1980-09-06,2011-11-20,90.783481,False,86.723669,False
Vanderbilt,2012,2012-08-30,0.922908,0.987605,1.142614,1.142614,False,71.877598,0.705529,180,21.110721,22.874139,1980-09-20,2011-11-12,-3.89091,False,-24.596224,False
Kentucky,2012,2012-08-30,1.151811,1.149193,1.142614,1.142614,False,75.40637,0.715387,193,37.216344,32.311157,1980-09-06,2011-11-26,57.912723,False,58.921688,False
LSU,2012,2012-08-30,1.131198,1.134257,1.142614,1.142614,False,81.979963,0.732095,207,62.08141,54.881111,1980-09-06,2011-11-25,103.392798,False,100.811492,False
Mississippi State,2012,2012-08-30,1.115003,1.123395,1.142614,1.142614,False,68.706029,0.696067,171,33.3746,29.93229,1980-09-13,2011-11-27,49.582712,False,46.22663,False
Ole Miss,2012,2012-08-30,1.09385,1.10815,1.142614,1.142614,False,72.300634,0.706747,182,37.992836,34.733125,1980-09-06,2011-11-20,48.553074,False,42.11338,False
UCF,2012,2012-08-30,1.15702,1.151315,1.142614,1.142614,False,45.748239,0.603951,72,27.499834,23.767804,1996-10-19,2011-11-26,70.740402,False,73.474949,False
South Florida,2012,2012-08-30,1.036013,1.084161,1.142614,1.142614,False,36.421451,0.548339,52,21.391273,20.647694,2001-09-29,2011-12-02,39.985347,False,16.968862,False
UAB,2012,2012-08-30,1.118686,1.128381,1.142614,1.142614,False,44.045143,0.594842,72,21.478398,19.199671,1996-09-14,2011-11-18,49.877259,False,46.130005,False
Idaho,2012,2012-08-30,0.975283,1.04646,1.142614,1.142614,False,40.527172,0.574632,64,14.6643,15.035944,1996-10-19,2011-11-19,16.528537,False,-8.889828,False
Massachusetts,2012,2012-08-30,,1.142614,1.142614,1.142614,False,0.0,0.0,0,0.0,0.0,,,71.505351,False,,False
Washington,2013,2013-08-29,1.208738,1.189288,1.138944,1.138944,False,77.651345,0.721323,201,48.722608,40.308648,1980-09-13,2012-11-11,97.950884,False,108.335529,False
Washington State,2013,2013-08-29,1.009747,1.049397,1.138944,1.138944,False,67.753097,0.693104,171,28.604724,28.328602,1980-09-13,2012-11-23,20.523107,False,4.066594,False
Oregon,2013,2013-08-29,1.17389,1.163768,1.138944,1.138944,False,73.577902,0.710363,181,57.120624,48.659255,1980-09-06,2012-11-18,113.939886,False,121.922263,False
Oregon State,2013,2013-08-29,1.245243,1.21235,1.138944,1.138944,False,66.950925,0.690565,168,39.346825,31.597705,1980-10-11,2012-11-24,95.975575,False,111.217665,False
California,2013,2013-08-29,1.226672,1.200782,1.138944,1.138944,False,71.652366,0.704877,184,42.136319,34.350102,1980-09-27,2012-11-11,86.782831,False,98.170332,False
Stanford,2013,2013-08-29,1.21875,1.196078,1.138944,1.138944,False,75.598828,0.715906,193,46.488062,38.144054,1980-09-13,2012-12-01,93.927218,False,105.050804,False
USC,2013,2013-08-29,1.14795,1.145424,1.138944,1.138944,False,76.961251,0.719525,197,59.032497,51.424266,1980-09-20,2012-11-25,103.39108,False,105.378573,False
UCLA,2013,2013-08-29,1.3172,1.266857,1.138944,1.138944,False,76.225857,0.717583,191,52.109406,39.56074,1980-09-13,2012-11-24,122.893037,False,147.637006,False
San Jose State,2013,2013-08-29,1.24519,1.206106,1.138944,1.138944,False,51.552922,0.632141,116,25.494265,20.474199,1980-10-11,2012-11-25,73.727213,False,87.574954,False
Fresno State,2013,2013-08-29,1.148771,1.145553,1.138944,1.138944,False,61.615723,0.672545,144,43.737575,38.073368,1980-09-20,2012-11-24,88.667148,False,90.761682,False
San Diego State,2013,2013-08-29,1.164132,1.156294,1.138944,1.138944,False,66.400833,0.688799,170,35.395495,30.405044,1980-09-27,2012-11-10,64.091455,False,67.321392,False
Hawai'i,2013,2013-08-29,1.197891,1.182052,1.138944,1.138944,False,81.650971,0.731306,216,49.29372,41.150425,1980-10-04,2012-12-02,89.133913,False,97.065226,False
Nevada,2013,2013-08-29,1.117265,1.124745,1.138944,1.138944,False,56.940944,0.654938,106,36.747924,32.890978,1992-10-24,2012-12-01,72.961907,False,68.446803,False
UNLV,2013,2013-08-29,1.184838,1.170227,1.138944,1.138944,False,64.230718,0.681632,151,24.504642,20.681857,1980-09-13,2012-11-17,51.635749,False,55.944924,False
Arizona,2013,2013-08-29,1.120998,1.126127,1.138944,1.138944,False,74.965489,0.714192,198,41.092577,36.657126,1980-09-20,2012-11-24,57.558916,False,55.203472,False
Arizona State,2013,2013-08-29,1.146086,1.14405,1.138944,1.138944,False,75.211541,0.71486,202,47.658741,41.583899,1980-09-13,2012-11-17,71.618236,False,72.661113,False
BYU,2013,2013-08-29,1.146247,1.144117,1.138944,1.138944,False,72.888059,0.708421,193,55.996816,48.852327,1980-09-13,2012-11-11,102.91578,False,104.606365,False
Utah,2013,2013-08-29,1.135448,1.136519,1.138944,1.138944,False,67.95019,0.693722,172,48.299911,42.538188,1980-09-20,2012-11-18,86.310302,False,85.592541,False
Utah State,2013,2013-08-29,1.239564,1.203912,1.138944,1.138944,False,54.668797,0.645678,126,25.74087,20.766068,1980-10-04,2012-11-24,73.971993,False,86.675917,False
Boise State,2013,2013-08-29,1.143274,1.141702,1.138944,1.138944,False,52.623623,0.636908,88,47.377986,41.440618,1996-08-31,2012-11-17,189.91067,False,192.812116,False
Colorado,2013,2013-08-29,1.141293,1.140618,1.138944,1.138944,False,74.301815,0.712373,197,42.116123,36.902101,1980-09-27,2012-11-23,65.526725,False,65.843902,False
Colorado State,2013,2013-08-29,1.122143,1.127538,1.138944,1.138944,False,63.423257,0.678881,163,32.929039,29.34478,1980-09-06,2012-11-25,55.428241,False,53.085418,False
Wyoming,2013,2013-08-29,1.154194,1.149374,1.138944,1.138944,False,64.914159,0.683925,169,33.047157,28.632236,1980-09-13,2012-11-24,60.956944,False,62.917124,False
Air Force,2013,2013-08-29,1.143119,1.141836,1.138944,1.138944,False,67.639327,0.692747,179,43.357099,37.928772,1980-09-20,2012-11-17,73.798346,False,74.487348,False
New Mexico,2013,2013-08-29,1.022688,1.058433,1.138944,1.138944,False,67.57061,0.69253,173,28.920571,28.278985,1980-09-06,2012-11-17,22.66137,False,8.825131,False
New Mexico State,2013,2013-08-29,0.944774,1.011586,1.138944,1.138944,False,57.185981,0.655908,128,16.332963,17.287691,1980-09-13,2012-11-24,3.597341,False,-17.427971,False
UTEP,2013,2013-08-29,1.260138,1.221827,1.138944,1.138944,False,64.903053,0.683888,165,29.430354,23.354873,1980-09-20,2012-11-25,76.128483,False,88.933482,False
Kansas,2013,2013-08-29,1.149688,1.146502,1.138944,1.138944,False,71.159465,0.703439,187,34.845989,30.309091,1980-09-13,2012-11-18,61.893407,False,63.232344,False
Kansas State,2013,2013-08-29,1.295852,1.249375,1.138944,1.138944,False,71.281526,0.703796,176,51.65424,39.861221,1980-09-27,2012-12-02,142.470521,False,171.730591,False
Nebraska,2013,2013-08-29,1.200543,1.184065,1.138944,1.138944,False,82.15127,0.732504,216,69.373058,57.784736,1980-09-13,2012-11-17,157.97188,False,175.436635,False
Iowa State,2013,2013-08-29,1.280066,1.23793,1.138944,1.138944,False,70.474984,0.701418,182,31.740193,24.795747,1980-09-13,2012-11-23,78.091355,False,91.510552,False
Oklahoma State,2013,2013-08-29,1.215855,1.192972,1.138944,1.138944,False,70.832605,0.702477,176,46.520365,38.261444,1980-10-04,2012-11-17,103.524451,False,116.488775,False
Tulsa,2013,2013-08-29,1.184698,1.169969,1.138944,1.138944,False,63.19168,0.678083,145,38.105011,32.164316,1980-09-13,2012-12-01,80.92217,False,88.124337,False
Texas,2013,2013-08-29,1.106981,1.115768,1.138944,1.138944,False,79.124939,0.725086,203,60.323126,54.493389,1980-09-01,2012-11-23,86.948807,False,79.81833,False
Texas A&M,2013,2013-08-29,1.193008,1.177626,1.138944,1.138944,False,75.444948,0.715491,192,52.498657,44.005282,1980-09-20,2012-11-25,101.041166,False,110.404414,False
Baylor,2013,2013-08-29,1.287611,1.24147,1.138944,1.138944,False,66.661206,0.689638,170,32.494041,25.235912,1980-10-04,2012-12-01,86.817061,False,103.125212,False
TCU,2013,2013-08-29,1.098689,1.11117,1.138944,1.138944,False,66.759714,0.689954,176,47.597108,43.32173,1980-09-13,2012-12-01,85.810727,False,75.717934,False
Texas Tech,2013,2013-08-29,1.175146,1.164113,1.138944,1.138944,False,68.431417,0.695219,181,46.913056,39.92103,1980-09-06,2012-11-10,93.200373,False,99.81655,False
Houston,2013,2013-08-29,1.109444,1.118453,1.138944,1.138944,False,68.236647,0.694615,173,39.728279,35.809166,1980-09-20,2012-11-24,58.822266,False,54.261819,False
Rice,2013,2013-08-29,1.244886,1.211755,1.138944,1.138944,False,65.92816,0.687266,169,34.946208,28.071806,1980-09-27,2012-11-17,82.250824,False,95.061634,False
SMU,2013,2013-08-29,1.170303,1.160644,1.138944,1.138944,False,67.3935,0.691971,164,32.204598,27.51816,1980-09-13,2012-11-24,62.386477,False,66.099061,False
North Texas,2013,2013-08-29,0.915534,1.001256,1.138944,1.138944,False,48.186689,0.616303,87,18.574831,20.288514,1980-10-04,2012-11-10,0.458439,False,-31.240781,False
UTSA,2013,2013-08-29,0.79647,1.109379,1.138944,1.138944,False,2.834524,0.086328,3,0.948611,1.191018,2012-10-20,2012-11-24,33.235976,False,-65.008703,False
Texas State,2013,2013-08-29,0.822815,1.096041,1.138944,1.138944,False,4.710657,0.135712,5,1.890951,2.298148,2012-09-08,2012-12-01,37.858618,False,-70.100071,False
Louisiana Tech,2013,2013-08-29,1.23186,1.197277,1.138944,1.138944,False,50.601449,0.627798,103,31.670321,25.709348,1981-09-19,2012-11-17,92.971981,False,109.883467,False
Tulane,2013,2013-08-29,0.931617,0.993971,1.138944,1.138944,False,69.750185,0.699249,183,24.77629,26.59492,1980-09-06,2012-11-17,-2.161826,False,-24.823751,False
Louisiana,2013,2013-08-29,1.171658,1.159661,1.138944,1.138944,False,51.809268,0.633293,116,27.5336,23.499697,1980-09-06,2012-11-24,60.730215,False,65.305555,False
Memphis,2013,2013-08-29,1.019464,1.056193,1.138944,1.138944,False,67.588421,0.692586,171,27.805154,27.274299,1980-09-06,2012-11-24,19.738512,False,6.868445,False
FIU,2013,2013-08-29,0.913689,1.026236,1.138944,1.138944,False,30.042768,0.500356,39,11.853493,12.973231,2005-10-15,2012-11-24,9.824074,False,-32.762182,False
Oklahoma,2013,2013-08-29,1.179752,1.168363,1.138944,1.138944,False,77.489842,0.720904,201,65.302454,55.352674,1980-09-13,2012-11-24,157.054435,False,170.378447,False
Arkansas,2013,2013-08-29,1.19577,1.179922,1.138944,1.138944,False,77.575522,0.721126,207,52.412121,43.831284,1980-09-20,2012-11-23,98.054142,False,107.1536,False
Missouri,2013,2013-08-29,1.148199,1.145448,1.138944,1.138944,False,70.933722,0.702775,190,41.805172,36.409334,1980-09-13,2012-11-18,70.377548,False,71.743597,False
Cincinnati,2013,2013-08-29,1.251447,1.215202,1.138944,1.138944,False,63.118594,0.67783,148,40.712288,32.532171,1980-11-08,2012-11-24,99.104236,False,116.542977,False
Louisville,2013,2013-08-29,1.083118,1.100139,1.138944,1.138944,False,68.396587,0.695111,165,43.758201,40.400218,1980-09-06,2012-11-24,53.715382,False,44.363032,False
Arkansas State,2013,2013-08-29,1.289896,1.231149,1.138944,1.138944,False,47.086296,0.610826,90,29.213203,22.647721,1980-09-20,2012-12-01,94.85896,False,119.868267,False
ULM,2013,2013-08-29,1.025228,1.076306,1.138944,1.138944,False,36.79024,0.550833,63,17.608941,17.175632,1980-11-22,2012-11-17,30.141937,False,9.964428,False
FAU,2013,2013-08-29,0.971163,1.058545,1.138944,1.138944,False,27.60236,0.479188,37,11.699162,12.046548,2005-09-08,2012-12-01,21.575719,False,-10.710409,False
Georgia State,2013,2013-08-29,,1.138944,1.138944,1.138944,False,0.0,0.0,0,0.0,0.0,,,69.271433,False,,False
Middle Tennessee,2013,2013-08-29,1.069204,1.098797,1.138944,1.138944,False,40.700177,0.575673,63,23.627218,22.097948,1999-11-13,2012-11-24,44.930969,False,31.332307,False
South Alabama,2013,2013-08-29,0.357779,1.033007,1.138944,1.138944,False,4.706711,0.135614,5,0.942331,2.633834,2012-09-01,2012-11-17,13.692747,False,-295.633803,False
Southern Miss,2013,2013-08-29,1.079187,1.099136,1.138944,1.138944,False,59.862837,0.666158,144,40.312806,37.354801,1980-09-20,2012-11-18,56.952518,False,45.107123,False
Michigan,2013,2013-08-29,1.176954,1.166893,1.138944,1.138944,False,83.342063,0.735315,214,65.782674,55.892324,1980-09-13,2012-11-17,119.254762,False,127.476838,False
Michigan State,2013,2013-08-29,1.110746,1.118416,1.138944,1.138944,False,80.292013,0.727995,204,50.769277,45.707367,1980-09-27,2012-11-17,62.250613,False,58.113382,False
Ohio State,2013,2013-08-29,1.19581,1.181167,1.138944,1.138944,False,86.503085,0.742496,221,74.595519,62.380741,1980-09-13,2012-11-24,163.806945,False,180.971723,False
Indiana,2013,2013-08-29,1.135552,1.136562,1.138944,1.138944,False,70.692395,0.702063,188,29.490237,25.969964,1980-09-13,2012-11-10,45.739685,False,45.40762,False
Purdue,2013,2013-08-29,1.185496,1.172353,1.138944,1.138944,False,76.257562,0.717667,196,43.599936,36.777815,1980-09-20,2012-11-24,73.832475,False,79.551851,False
Illinois,2013,2013-08-29,0.989533,1.032608,1.138944,1.138944,False,74.059303,0.711703,193,33.388996,33.742162,1980-09-06,2012-11-17,13.611915,False,-4.381895,False
Northwestern,2013,2013-08-29,1.130579,1.133055,1.138944,1.138944,False,71.360106,0.704026,184,35.747402,31.618665,1980-10-04,2012-11-24,54.827174,False,53.80947,False
Wisconsin,2013,2013-08-29,1.165748,1.15826,1.138944,1.138944,False,77.385189,0.720632,204,57.122816,49.000992,1980-09-13,2012-11-17,106.529346,False,112.061306,False
Minnesota,2013,2013-08-29,1.157269,1.151955,1.138944,1.138944,False,73.451771,0.71001,190,36.23215,31.308313,1980-09-13,2012-11-24,57.510284,False,59.503363,False
Iowa,2013,2013-08-29,1.148215,1.145568,1.138944,1.138944,False,75.08774,0.714524,193,50.624322,44.089584,1980-09-27,2012-11-23,86.058429,False,87.706244,False
Notre Dame,2013,2013-08-29,1.115565,1.121812,1.138944,1.138944,False,82.27561,0.7328,211,57.581011,51.616009,1980-09-06,2012-11-17,74.416583,False,70.404745,False
Toledo,2013,2013-08-29,1.222316,1.196299,1.138944,1.138944,False,66.134856,0.687938,168,46.850674,38.329431,1980-09-27,2012-11-21,108.488381,False,124.058277,False
Ball State,2013,2013-08-29,1.069454,1.093489,1.138944,1.138944,False,56.735146,0.654119,145,29.714444,27.784696,1980-09-20,2012-11-15,39.803631,False,29.547178,False
Western Michigan,2013,2013-08-29,1.096696,1.110925,1.138944,1.138944,False,59.075462,0.663207,159,36.478098,33.261812,1980-09-06,2012-11-17,55.247493,False,48.005297,False
Bowling Green,2013,2013-08-29,1.02996,1.066125,1.138944,1.138944,False,60.404941,0.66816,152,35.540575,34.50676,1980-09-13,2012-11-23,35.135864,False,15.815306,False
Central Michigan,2013,2013-08-29,1.124487,1.129385,1.138944,1.138944,False,58.550017,0.661208,155,32.886278,29.245577,1980-09-06,2012-11-17,59.432274,False,57.155077,False
Eastern Michigan,2013,2013-08-29,0.95103,1.015242,1.138944,1.138944,False,57.794565,0.658293,148,19.666268,20.678913,1980-10-18,2012-11-23,5.03378,False,-16.383898,False
Northern Illinois,2013,2013-08-29,1.211712,1.186576,1.138944,1.138944,False,56.846725,0.654564,138,38.66094,31.906035,1980-09-13,2012-11-15,99.510931,False,113.847239,False
Penn State,2013,2013-08-29,1.15452,1.150333,1.138944,1.138944,False,81.59787,0.731178,210,62.336917,53.993791,1980-09-27,2012-11-24,107.07044,False,110.356218,False
Pittsburgh,2013,2013-08-29,1.17069,1.161521,1.138944,1.138944,False,73.872095,0.711183,197,43.771894,37.389832,1980-09-13,2012-11-24,72.871945,False,77.0917,False
West Virginia,2013,2013-08-29,1.156142,1.151237,1.138944,1.138944,False,75.178846,0.714772,193,54.710524,47.321613,1980-09-06,2012-12-01,95.372899,False,98.735612,False
Maryland,2013,2013-08-29,1.126417,1.130196,1.138944,1.138944,False,69.450599,0.698343,177,36.386362,32.302737,1980-09-13,2012-11-17,52.264114,False,50.745274,False
Virginia,2013,2013-08-29,1.170934,1.161507,1.138944,1.138944,False,71.80457,0.705318,179,43.757244,37.369508,1980-09-13,2012-11-16,75.091517,False,79.574477,False
Virginia Tech,2013,2013-08-29,1.173249,1.163196,1.138944,1.138944,False,72.366656,0.706936,179,58.523632,49.881676,1980-10-18,2012-11-24,132.228656,False,141.836192,False
NC State,2013,2013-08-29,1.24094,1.210138,1.138944,1.138944,False,69.340777,0.698009,178,42.097084,33.923546,1980-09-27,2012-11-24,90.684807,False,104.281509,False
Wake Forest,2013,2013-08-29,1.095064,1.108535,1.138944,1.138944,False,67.720121,0.693001,161,30.69418,28.029568,1980-09-06,2012-11-24,39.419062,False,34.564981,False
Duke,2013,2013-08-29,0.91912,0.98686,1.138944,1.138944,False,67.353766,0.691846,171,18.683762,20.327888,1980-09-06,2012-11-24,-4.039047,False,-25.302009,False
North Carolina,2013,2013-08-29,1.170204,1.160983,1.138944,1.138944,False,71.700218,0.705015,187,42.323773,36.167869,1980-09-27,2012-11-24,74.675192,False,79.009745,False
Marshall,2013,2013-08-29,1.204675,1.17876,1.138944,1.138944,False,46.090786,0.605734,79,31.741181,26.348333,1980-09-13,2012-11-17,95.666669,False,110.29343,False
East Carolina,2013,2013-08-29,1.214772,1.190739,1.138944,1.138944,False,64.65524,0.68306,150,39.395233,32.430158,1980-09-13,2012-11-23,83.498692,False,94.324154,False
Rutgers,2013,2013-08-29,1.131528,1.133798,1.138944,1.138944,False,67.995637,0.693864,167,33.834077,29.901231,1980-09-20,2012-11-30,53.327006,False,52.424386,False
Syracuse,2013,2013-08-29,1.10666,1.116111,1.138944,1.138944,False,72.482054,0.707266,192,39.565583,35.752235,1980-09-20,2012-11-10,54.896846,False,50.410274,False
Boston College,2013,2013-08-29,1.116982,1.123501,1.138944,1.138944,False,71.072167,0.703182,180,42.627816,38.163379,1980-09-20,2012-11-17,61.591109,False,58.283132,False
UConn,2013,2013-08-29,1.150179,1.145609,1.138944,1.138944,False,43.75258,0.593235,66,27.089738,23.552618,2000-10-28,2012-12-01,65.74325,False,67.858558,False
Temple,2013,2013-08-29,1.062944,1.087851,1.138944,1.138944,False,61.541535,0.67228,148,24.357528,22.915146,1980-09-13,2012-11-23,32.641238,False,23.463223,False
Army,2013,2013-08-29,1.120331,1.126533,1.138944,1.138944,False,60.041495,0.66682,151,22.300625,19.905386,1980-09-20,2012-11-17,38.801079,False,36.93787,False
Navy,2013,2013-08-29,1.05513,1.083172,1.138944,1.138944,False,59.666317,0.665426,142,30.742671,29.136393,1980-09-20,2012-11-17,36.694043,False,24.284546,False
Buffalo,2013,2013-08-29,0.915108,1.005843,1.138944,1.138944,False,44.007703,0.594637,70,13.348239,14.586516,1999-09-11,2012-11-10,1.763156,False,-26.163042,False
Akron,2013,2013-08-29,1.022351,1.063952,1.138944,1.138944,False,54.078818,0.643192,111,23.444364,22.931812,1987-09-12,2012-11-10,24.619393,False,8.638584,False
Kent State,2013,2013-08-29,1.035612,1.070974,1.138944,1.138944,False,57.66313,0.657781,151,22.420698,21.649715,1980-10-04,2012-11-23,23.987166,False,12.092843,False
Ohio,2013,2013-08-29,1.140422,1.139918,1.138944,1.138944,False,57.92442,0.658798,148,31.054988,27.231138,1980-09-20,2012-11-08,57.940729,False,58.150282,False
Miami (OH),2013,2013-08-29,1.050987,1.079609,1.138944,1.138944,False,62.189571,0.674584,159,35.030551,33.331107,1980-09-13,2012-11-23,39.320818,False,25.118179,False
Western Kentucky,2013,2013-08-29,0.561088,0.908443,1.138944,1.138944,False,19.907675,0.39889,24,4.53245,8.077971,2008-10-11,2012-11-24,-35.353319,False,-186.166344,False
Troy,2013,2013-08-29,1.167211,1.153882,1.138944,1.138944,False,33.621411,0.528461,47,24.346856,20.858995,2001-12-01,2012-11-17,88.651608,False,96.991185,False
Alabama,2013,2013-08-29,1.072492,1.090316,1.138944,1.138944,False,81.851182,0.731786,212,61.876124,57.693769,1980-09-06,2012-11-24,72.283704,False,57.2287,False
Auburn,2013,2013-08-29,1.165992,1.158656,1.138944,1.138944,False,80.60197,0.728757,210,59.409583,50.95195,1980-09-20,2012-11-11,105.185999,False,110.485706,False
Georgia,2013,2013-08-29,1.115109,1.121921,1.138944,1.138944,False,74.969346,0.714202,203,56.655061,50.806764,1980-09-13,2012-11-24,86.280884,False,81.055207,False
Georgia Tech,2013,2013-08-29,1.128087,1.131335,1.138944,1.138944,False,70.272859,0.700816,179,43.257201,38.345624,1980-09-20,2012-11-17,63.99524,False,62.372298,False
Florida,2013,2013-08-29,1.175172,1.165297,1.138944,1.138944,False,80.060178,0.727422,206,67.175436,57.162211,1980-09-13,2012-11-10,146.507654,False,157.176514,False
Florida State,2013,2013-08-29,1.090244,1.104084,1.138944,1.138944,False,75.564304,0.715813,193,59.662539,54.724001,1980-09-13,2012-11-24,89.010553,False,76.13025,False
Miami (FL),2013,2013-08-29,1.098145,1.110278,1.138944,1.138944,False,70.878332,0.702612,185,52.210277,47.544048,1980-09-27,2012-11-17,80.958326,False,71.551027,False
South Carolina,2013,2013-08-29,1.205729,1.186869,1.138944,1.138944,False,76.237089,0.717613,194,48.141459,39.927277,1980-10-04,2012-11-10,92.040537,False,101.662209,False
Clemson,2013,2013-08-29,1.219756,1.196078,1.138944,1.138944,False,72.389255,0.707001,182,52.988538,43.441907,1980-09-13,2012-11-25,113.48979,False,128.619524,False
Tennessee,2013,2013-08-29,1.112696,1.119518,1.138944,1.138944,False,85.419412,0.740078,221,61.897432,55.62835,1980-09-06,2012-11-24,83.347668,False,78.299037,False
Vanderbilt,2013,2013-08-29,0.956002,1.009921,1.138944,1.138944,False,71.78786,0.705269,185,22.535117,23.572248,1980-09-20,2012-11-18,3.184605,False,-14.30216,False
Kentucky,2013,2013-08-29,1.124862,1.128847,1.138944,1.138944,False,76.009846,0.717007,199,35.667164,31.708043,1980-09-06,2012-11-03,48.946733,False,47.446741,False
LSU,2013,2013-08-29,1.13758,1.137942,1.138944,1.138944,False,83.092785,0.734731,214,63.577357,55.888248,1980-09-06,2012-11-17,107.978688,False,107.666051,False
Mississippi State,2013,2013-08-29,1.14931,1.146193,1.138944,1.138944,False,69.768165,0.699303,177,35.850117,31.19273,1980-09-13,2012-11-17,59.47796,False,60.745359,False
Ole Miss,2013,2013-08-29,1.108212,1.117152,1.138944,1.138944,False,73.121974,0.709082,188,38.2817,34.543665,1980-09-06,2012-11-25,50.849224,False,46.961831,False
UCF,2013,2013-08-29,1.196131,1.174232,1.138944,1.138944,False,48.343776,0.617072,78,30.37479,25.394207,1996-10-19,2012-11-24,81.634003,False,92.296451,False
South Florida,2013,2013-08-29,0.987805,1.053801,1.138944,1.138944,False,38.70327,0.56334,57,20.908336,21.166461,2001-09-29,2012-12-02,24.246531,False,-5.463745,False
UAB,2013,2013-08-29,1.05667,1.089226,1.138944,1.138944,False,45.813288,0.604291,77,20.990902,19.865152,1996-09-14,2012-11-17,34.303701,False,21.836654,False
Idaho,2013,2013-08-29,0.955281,1.032244,1.138944,1.138944,False,41.591516,0.580956,68,14.625352,15.31,1996-10-19,2012-11-17,11.288805,False,-15.859912,False
Massachusetts,2013,2013-08-29,0.0,0.98435,1.138944,1.138944,False,4.711545,0.135734,5,0.0,1.764637,2012-09-08,2012-11-23,-5.144195,False,-400.0,True
Washington,2014,2014-08-28,1.231988,1.205901,1.137969,1.137969,False,78.12163,0.722535,207,50.182681,40.733079,1980-09-13,2013-11-29,106.450088,False,120.482586,False
Washington State,2014,2014-08-28,1.02028,1.056329,1.137969,1.137969,False,67.941675,0.693695,176,28.581608,28.0135,1980-09-13,2013-11-23,23.121423,False,8.357729,False
Oregon,2014,2014-08-28,1.178965,1.167176,1.137969,1.137969,False,74.325066,0.712437,187,58.966239,50.015256,1980-09-06,2013-11-30,121.844681,False,131.791425,False
Oregon State,2014,2014-08-28,1.187161,1.171977,1.137969,1.137969,False,67.193242,0.691337,173,38.594205,32.509675,1980-10-11,2013-11-24,79.313832,False,86.453575,False
California,2014,2014-08-28,1.168932,1.159871,1.137969,1.137969,False,72.513031,0.707354,190,39.323903,33.640874,1980-09-27,2013-11-09,66.611936,False,70.395465,False
Stanford,2014,2014-08-28,1.244073,1.214367,1.137969,1.137969,False,77.152214,0.720024,200,49.984465,40.178067,1980-09-13,2013-12-01,107.050297,False,122.522822,False
USC,2014,2014-08-28,1.161762,1.155178,1.137969,1.137969,False,78.414945,0.723285,204,59.797779,51.471607,1980-09-20,2013-12-01,105.543972,False,110.506369,False
UCLA,2014,2014-08-28,1.304544,1.25775,1.137969,1.137969,False,76.79165,0.719079,197,53.336077,40.88484,1980-09-13,2013-11-24,123.914197,False,148.072885,False
San Jose State,2014,2014-08-28,1.196093,1.175044,1.137969,1.137969,False,52.83873,0.637851,121,25.685908,21.474835,1980-10-11,2013-11-29,63.657161,False,71.255416,False
Fresno State,2014,2014-08-28,1.175746,1.163581,1.137969,1.137969,False,63.161361,0.677978,150,46.476502,39.529385,1980-09-20,2013-12-08,102.63356,False,110.987259,False
San Diego State,2014,2014-08-28,1.160359,1.153412,1.137969,1.137969,False,66.683603,0.68971,175,35.866638,30.909945,1980-09-27,2013-11-24,63.140234,False,66.016284,False
Hawai'i,2014,2014-08-28,1.179894,1.168649,1.137969,1.137969,False,81.85467,0.731795,222,46.95363,39.794799,1980-10-04,2013-12-01,79.041055,False,84.361306,False
Nevada,2014,2014-08-28,1.122173,1.127567,1.137969,1.137969,False,57.857645,0.658539,111,37.118966,33.077762,1992-10-24,2013-11-30,73.157216,False,69.965833,False
UNLV,2014,2014-08-28,1.221007,1.194948,1.137969,1.137969,False,65.597315,0.686184,157,25.696644,21.04545,1980-09-13,2013-12-01,57.947857,False,65.441886,False
Arizona,2014,2014-08-28,1.125374,1.128984,1.137969,1.137969,False,74.682883,0.71342,203,41.177216,36.5898,1980-09-20,2013-11-23,58.671749,False,57.017867,False
Arizona State,2014,2014-08-28,1.166462,1.158458,1.137969,1.137969,False,76.799015,0.719099,209,50.133929,42.979494,1980-09-13,2013-12-08,79.843287,False,84.040722,False
BYU,2014,2014-08-28,1.156067,1.150781,1.137969,1.137969,False,72.718708,0.70794,198,56.017367,48.455126,1980-09-13,2013-10-26,105.391333,False,109.525329,False
Utah,2014,2014-08-28,1.151551,1.147438,1.137969,1.137969,False,69.061208,0.697157,178,47.900485,41.596481,1980-09-20,2013-11-30,88.479831,False,91.079103,False
Utah State,2014,2014-08-28,1.194073,1.174443,1.137969,1.137969,False,55.744301,0.650123,131,26.866098,22.499547,1980-10-04,2013-11-30,67.140081,False,74.621164,False
Boise State,2014,2014-08-28,1.14748,1.144076,1.137969,1.137969,False,53.82617,0.642117,93,48.930657,42.641827,1996-08-31,2013-12-01,198.997443,False,205.71878,False
Colorado,2014,2014-08-28,1.146275,1.143859,1.137969,1.137969,False,73.122227,0.709083,201,40.252406,35.115823,1980-09-27,2013-11-24,65.530236,False,66.634631,False
Colorado State,2014,2014-08-28,1.133184,1.134713,1.137969,1.137969,False,63.910674,0.680547,168,33.565717,29.620713,1980-09-06,2013-11-30,58.239634,False,57.578805,False
Wyoming,2014,2014-08-28,1.153646,1.148711,1.137969,1.137969,False,65.294565,0.685187,174,33.665943,29.182204,1980-09-13,2013-11-23,61.164397,False,63.193716,False
Air Force,2014,2014-08-28,1.118623,1.124499,1.137969,1.137969,False,68.774812,0.696279,185,41.408038,37.016977,1980-09-20,2013-11-22,61.545586,False,58.591585,False
New Mexico,2014,2014-08-28,1.009934,1.048847,1.137969,1.137969,False,68.709077,0.696077,179,28.876173,28.592148,1980-09-06,2013-11-17,18.614626,False,3.799733,False
New Mexico State,2014,2014-08-28,0.924647,0.996539,1.137969,1.137969,False,59.017598,0.662988,134,16.19268,17.512292,1980-09-13,2013-11-30,-1.061408,False,-23.539406,False
UTEP,2014,2014-08-28,1.204832,1.183777,1.137969,1.137969,False,65.272218,0.685113,170,28.413536,23.582992,1980-09-20,2013-11-17,62.689179,False,69.706498,False
Kansas,2014,2014-08-28,1.1851,1.171247,1.137969,1.137969,False,72.070184,0.706085,193,34.404859,29.031197,1980-09-13,2013-11-30,70.115022,False,75.723289,False
Kansas State,2014,2014-08-28,1.273563,1.234115,1.137969,1.137969,False,73.120198,0.709077,183,52.913258,41.547428,1980-09-27,2013-11-23,135.773626,False,160.921325,False
Nebraska,2014,2014-08-28,1.180734,1.169406,1.137969,1.137969,False,83.254468,0.73511,223,68.496012,58.011404,1980-09-13,2013-11-29,138.481343,False,149.419957,False
Iowa State,2014,2014-08-28,1.23248,1.204263,1.137969,1.137969,False,70.485119,0.701448,187,30.570464,24.804033,1980-09-13,2013-11-24,67.18175,False,76.206022,False
Oklahoma State,2014,2014-08-28,1.225793,1.199664,1.137969,1.137969,False,70.833015,0.702478,181,47.192378,38.499458,1980-10-04,2013-12-07,107.025061,False,121.901068,False
Tulsa,2014,2014-08-28,1.102392,1.113671,1.137969,1.137969,False,64.628697,0.682971,151,36.496517,33.106665,1980-09-13,2013-11-30,53.306487,False,47.957605,False
Texas,2014,2014-08-28,1.103821,1.113177,1.137969,1.137969,False,79.493144,0.72601,209,60.062649,54.41338,1980-09-01,2013-11-29,83.706256,False,76.280686,False
Texas A&M,2014,2014-08-28,1.162596,1.155691,1.137969,1.137969,False,76.993388,0.719609,199,53.700239,46.189948,1980-09-20,2013-11-09,92.909975,False,97.294549,False
Baylor,2014,2014-08-28,1.29707,1.248297,1.137969,1.137969,False,67.863434,0.69345,176,35.976779,27.736967,1980-10-04,2013-12-07,97.604802,False,116.705484,False
TCU,2014,2014-08-28,1.070893,1.091634,1.137969,1.137969,False,67.021748,0.690791,181,46.29987,43.234822,1980-09-13,2013-11-30,68.29697,False,52.37007,False
Texas Tech,2014,2014-08-28,1.154669,1.149586,1.137969,1.137969,False,68.569002,0.695645,186,46.595967,40.354408,1980-09-06,2013-11-09,85.079015,False,88.114125,False
Houston,2014,2014-08-28,1.116489,1.123037,1.137969,1.137969,False,68.408339,0.695148,178,39.911839,35.747624,1980-09-20,2013-11-29,60.002144,False,56.745864,False
Rice,2014,2014-08-28,1.262236,1.22388,1.137969,1.137969,False,67.194537,0.691341,175,38.280496,30.32752,1980-09-27,2013-12-07,93.241752,False,109.375596,False
SMU,2014,2014-08-28,1.146676,1.144,1.137969,1.137969,False,67.610785,0.692657,169,31.946016,27.859679,1980-09-13,2013-12-07,55.825975,False,56.85426,False
North Texas,2014,2014-08-28,1.000433,1.051612,1.137969,1.137969,False,50.620401,0.627886,93,22.036395,22.026862,1980-10-04,2013-11-23,19.321827,False,0.162879,False
UTSA,2014,2014-08-28,1.012968,1.110881,1.137969,1.137969,False,8.299393,0.216698,9,3.724843,3.67716,2012-10-20,2013-11-30,37.876205,False,4.452816,False
Texas State,2014,2014-08-28,1.057867,1.11931,1.137969,1.137969,False,9.110608,0.232945,10,4.589235,4.338195,2012-09-08,2013-11-24,43.181179,False,20.924017,False
Louisiana Tech,2014,2014-08-28,1.154521,1.14839,1.137969,1.137969,False,50.997154,0.629617,107,30.502737,26.420264,1981-09-19,2013-11-24,71.010103,False,74.008036,False
Tulane,2014,2014-08-28,0.99584,1.038563,1.137969,1.137969,False,69.802617,0.699407,188,26.895684,27.008046,1980-09-06,2013-11-23,13.728086,False,-1.491545,False
Louisiana,2014,2014-08-28,1.150693,1.146045,1.137969,1.137969,False,52.131859,0.634734,120,28.526434,24.790656,1980-09-06,2013-12-01,59.249698,False,61.147955,False
Memphis,2014,2014-08-28,0.983266,1.030276,1.137969,1.137969,False,68.725886,0.696128,177,26.886618,27.344205,1980-09-06,2013-11-30,10.514188,False,-5.851898,False
FIU,2014,2014-08-28,0.826438,0.975376,1.137969,1.137969,False,32.750504,0.521916,44,11.062324,13.385546,2005-10-15,2013-11-23,-9.046733,False,-65.497542,False
Oklahoma,2014,2014-08-28,1.186382,1.172928,1.137969,1.137969,False,77.953048,0.722101,207,66.579115,56.119474,1980-09-13,2013-11-16,165.576766,False,182.174707,False
Arkansas,2014,2014-08-28,1.173399,1.163561,1.137969,1.137969,False,78.040504,0.722326,213,50.783541,43.278993,1980-09-20,2013-11-23,86.45471,False,91.845015,False
Missouri,2014,2014-08-28,1.189407,1.174256,1.137969,1.137969,False,71.85344,0.705459,196,43.725511,36.762454,1980-09-13,2013-12-01,82.541432,False,89.979457,False
Cincinnati,2014,2014-08-28,1.250795,1.21464,1.137969,1.137969,False,63.619769,0.679555,153,41.758033,33.385195,1980-11-08,2013-12-06,100.817888,False,118.70147,False
Louisville,2014,2014-08-28,1.085352,1.101219,1.137969,1.137969,False,69.481729,0.698437,171,45.545518,41.963837,1980-09-06,2013-11-23,56.339754,False,47.248292,False
Arkansas State,2014,2014-08-28,1.279741,1.22567,1.137969,1.137969,False,48.659495,0.618609,95,31.036307,24.252025,1980-09-20,2013-11-23,96.783942,False,121.0814,False
ULM,2014,2014-08-28,0.978775,1.048902,1.137969,1.137969,False,38.102564,0.559488,67,17.377204,17.754042,1980-11-22,2013-11-10,19.072058,False,-8.29352,False
FAU,2014,2014-08-28,1.000848,1.068862,1.137969,1.137969,False,30.481578,0.503981,42,13.761433,13.749779,2005-09-08,2013-11-29,26.521938,False,0.328094,False
Georgia Southern,2014,2014-08-28,,1.137969,1.137969,1.137969,False,0.0,0.0,0,0.0,0.0,,,68.550423,False,,False
Georgia State,2014,2014-08-28,0.0,1.010536,1.137969,1.137969,False,3.78314,0.111983,4,0.0,1.281752,2013-10-12,2013-11-30,3.010763,False,-400.0,True
Middle Tennessee,2014,2014-08-28,1.119336,1.127025,1.137969,1.137969,False,42.69873,0.587338,68,25.825486,23.072149,1999-11-13,2013-11-30,57.837585,False,54.262651,False
South Alabama,2014,2014-08-28,1.096217,1.128239,1.137969,1.137969,False,9.115924,0.233049,10,4.657962,4.249124,2012-09-01,2013-12-08,44.156611,False,33.140063,False
Southern Miss,2014,2014-08-28,1.043695,1.074918,1.137969,1.137969,False,60.580237,0.668802,149,37.622101,36.047032,1980-09-20,2013-11-23,40.605032,False,23.47176,False
Michigan,2014,2014-08-28,1.175569,1.165706,1.137969,1.137969,False,84.362197,0.737676,221,66.078855,56.210082,1980-09-13,2013-11-30,117.689758,False,125.65624,False
Michigan State,2014,2014-08-28,1.125125,1.12861,1.137969,1.137969,False,80.579448,0.728702,210,53.027226,47.130064,1980-09-27,2013-11-30,70.954851,False,68.959385,False
Ohio State,2014,2014-08-28,1.200242,1.184188,1.137969,1.137969,False,86.371303,0.742204,227,75.258515,62.702773,1980-09-13,2013-11-23,170.938697,False,190.747433,False
Indiana,2014,2014-08-28,1.158386,1.152414,1.137969,1.137969,False,72.563075,0.707497,195,31.29378,27.014993,1980-09-13,2013-11-30,51.414893,False,53.388411,False
Purdue,2014,2014-08-28,1.142562,1.141272,1.137969,1.137969,False,76.823175,0.719162,202,40.68983,35.612801,1980-09-20,2013-11-23,58.44657,False,58.982089,False
Illinois,2014,2014-08-28,0.989356,1.031532,1.137969,1.137969,False,75.709007,0.716202,200,33.033858,33.389255,1980-09-06,2013-11-30,12.936302,False,-4.383429,False
Northwestern,2014,2014-08-28,1.095212,1.107757,1.137969,1.137969,False,72.24655,0.706592,190,35.232538,32.169603,1980-10-04,2013-11-23,44.293338,False,39.150713,False
Wisconsin,2014,2014-08-28,1.163758,1.156586,1.137969,1.137969,False,77.875406,0.721901,210,58.015586,49.851931,1980-09-13,2013-11-30,106.891865,False,112.29248,False
Minnesota,2014,2014-08-28,1.194632,1.178318,1.137969,1.137969,False,74.196646,0.712083,196,37.574079,31.452421,1980-09-13,2013-11-23,66.407656,False,72.424697,False
Iowa,2014,2014-08-28,1.158001,1.152317,1.137969,1.137969,False,75.723767,0.716242,199,50.0749,43.242532,1980-09-27,2013-11-23,85.52086,False,88.859101,False
Notre Dame,2014,2014-08-28,1.129318,1.131626,1.137969,1.137969,False,82.429378,0.733166,217,58.444453,51.751992,1980-09-06,2013-11-23,80.441551,False,78.946091,False
Toledo,2014,2014-08-28,1.228206,1.200137,1.137969,1.137969,False,66.442703,0.688934,173,47.497406,38.672172,1980-09-27,2013-11-21,110.866144,False,127.80549,False
Ball State,2014,2014-08-28,1.102482,1.114627,1.137969,1.137969,False,57.658259,0.657762,150,32.441072,29.425484,1980-09-20,2013-11-29,51.663879,False,46.139036,False
Western Michigan,2014,2014-08-28,1.056137,1.083751,1.137969,1.137969,False,58.901776,0.662549,163,34.043344,32.233844,1980-09-06,2013-11-16,40.118295,False,26.777943,False
Bowling Green,2014,2014-08-28,1.048998,1.078305,1.137969,1.137969,False,61.075237,0.670602,157,36.926876,35.202049,1980-09-13,2013-11-13,42.249021,False,26.279875,False
Central Michigan,2014,2014-08-28,1.113552,1.121836,1.137969,1.137969,False,58.420027,0.66071,159,32.589563,29.26632,1980-09-06,2013-11-29,56.464499,False,52.584425,False
Eastern Michigan,2014,2014-08-28,0.953712,1.016734,1.137969,1.137969,False,57.711401,0.657969,152,19.299724,20.23642,1980-10-18,2013-11-23,5.437121,False,-15.241645,False
Northern Illinois,2014,2014-08-28,1.205997,1.182494,1.137969,1.137969,False,56.833439,0.654511,142,39.861476,33.052712,1980-09-13,2013-11-27,104.973241,False,119.56737,False
Penn State,2014,2014-08-28,1.142303,1.14115,1.137969,1.137969,False,82.741724,0.733905,217,62.881654,55.048131,1980-09-27,2013-11-23,100.551962,False,101.45066,False
Pittsburgh,2014,2014-08-28,1.158961,1.15294,1.137969,1.137969,False,74.593585,0.713176,203,43.671259,37.681393,1980-09-13,2013-11-29,68.434536,False,71.176155,False
West Virginia,2014,2014-08-28,1.154504,1.149774,1.137969,1.137969,False,74.874135,0.713943,198,52.93351,45.849571,1980-09-06,2013-11-30,90.170336,False,93.220502,False
Maryland,2014,2014-08-28,1.132151,1.133889,1.137969,1.137969,False,70.465386,0.70139,183,36.769756,32.477771,1980-09-13,2013-11-23,52.767142,False,52.082127,False
Virginia,2014,2014-08-28,1.140329,1.139645,1.137969,1.137969,False,73.600839,0.710427,186,41.770247,36.630001,1980-09-13,2013-11-30,61.982316,False,62.288166,False
Virginia Tech,2014,2014-08-28,1.153814,1.149165,1.137969,1.137969,False,72.245678,0.706589,184,57.435681,49.778973,1980-10-18,2013-11-16,117.20189,False,121.404779,False
NC State,2014,2014-08-28,1.199844,1.181521,1.137969,1.137969,False,71.306154,0.703868,185,41.159478,34.304026,1980-09-27,2013-11-30,76.103051,False,83.864097,False
Wake Forest,2014,2014-08-28,1.108188,1.117313,1.137969,1.137969,False,67.913055,0.693606,166,30.527638,27.547352,1980-09-06,2013-11-23,41.729355,False,38.515469,False
Duke,2014,2014-08-28,0.984217,1.031043,1.137969,1.137969,False,68.504732,0.695446,177,21.209809,21.549935,1980-09-06,2013-11-16,9.569719,False,-4.916671,False
North Carolina,2014,2014-08-28,1.138725,1.138504,1.137969,1.137969,False,72.569494,0.707515,193,42.323372,37.167317,1980-09-27,2013-11-30,64.668516,False,64.773117,False
Old Dominion,2014,2014-08-28,,1.137969,1.137969,1.137969,False,0.0,0.0,0,0.0,0.0,,,68.550423,False,,False
Marshall,2014,2014-08-28,1.239136,1.20009,1.137969,1.137969,False,47.728488,0.614041,84,34.336656,27.710162,1980-09-13,2013-11-29,109.648371,False,132.824782,False
East Carolina,2014,2014-08-28,1.213151,1.189421,1.137969,1.137969,False,65.046146,0.684364,155,40.536043,33.413859,1980-09-13,2013-11-16,85.783531,False,96.905065,False
Appalachian State,2014,2014-08-28,0.0,1.134078,1.137969,1.137969,False,0.102914,0.003419,1,0.0,0.067189,1981-11-07,1981-11-07,72.335258,False,-400.0,True
Rutgers,2014,2014-08-28,1.136242,1.136765,1.137969,1.137969,False,69.11774,0.69733,173,35.345381,31.107272,1980-09-20,2013-12-08,55.154772,False,54.943782,False
Syracuse,2014,2014-08-28,1.117935,1.123806,1.137969,1.137969,False,72.364679,0.70693,197,39.756798,35.56271,1980-09-20,2013-11-30,57.625285,False,54.879657,False
Boston College,2014,2014-08-28,1.169634,1.160232,1.137969,1.137969,False,71.03386,0.70307,185,43.549464,37.233408,1980-09-20,2013-11-16,78.148973,False,82.857449,False
UConn,2014,2014-08-28,1.116128,1.124694,1.137969,1.137969,False,46.494071,0.607813,72,27.182621,24.35439,2000-10-28,2013-12-07,54.653479,False,50.847142,False
Temple,2014,2014-08-28,1.031648,1.066262,1.137969,1.137969,False,62.147057,0.674433,153,23.6741,22.947854,1980-09-13,2013-11-24,24.297555,False,11.661705,False
Army,2014,2014-08-28,1.092038,1.107383,1.137969,1.137969,False,59.794589,0.665904,155,21.753235,19.919853,1980-09-20,2013-11-09,33.112706,False,28.455047,False
Navy,2014,2014-08-28,1.106637,1.117144,1.137969,1.137969,False,59.460708,0.664657,146,32.46759,29.338959,1980-09-20,2013-11-16,52.001587,False,47.290879,False
Buffalo,2014,2014-08-28,1.001341,1.055425,1.137969,1.137969,False,45.78637,0.60415,75,16.223601,16.20187,1999-09-11,2013-11-29,17.352602,False,0.42405,False
Akron,2014,2014-08-28,1.071108,1.094655,1.137969,1.137969,False,55.184571,0.647824,116,23.774083,22.195782,1987-09-12,2013-11-29,35.276224,False,26.571113,False
Kent State,2014,2014-08-28,1.002816,1.049112,1.137969,1.137969,False,57.579622,0.657455,155,21.871205,21.809795,1980-10-04,2013-11-14,16.724446,False,0.965402,False
Ohio,2014,2014-08-28,1.126766,1.130512,1.137969,1.137969,False,59.711761,0.665596,154,32.746597,29.062471,1980-09-20,2013-11-29,55.849224,False,54.234872,False
Miami (OH),2014,2014-08-28,1.020561,1.058536,1.137969,1.137969,False,62.751811,0.676556,164,32.692414,32.033754,1980-09-13,2013-11-20,28.043331,False,9.838316,False
Western Kentucky,2014,2014-08-28,0.654489,0.93154,1.137969,1.137969,False,22.352756,0.426964,28,6.118383,9.34834,2008-10-11,2013-11-30,-25.671018,False,-137.868992,False
Troy,2014,2014-08-28,1.172492,1.156594,1.137969,1.137969,False,35.144937,0.539488,51,25.544939,21.78688,2001-12-01,2013-11-29,88.565707,False,98.376256,False
Alabama,2014,2014-08-28,1.07722,1.093486,1.137969,1.137969,False,82.035908,0.732229,218,63.394099,58.849748,1980-09-06,2013-11-10,79.168101,False,64.466679,False
Auburn,2014,2014-08-28,1.2318,1.206623,1.137969,1.137969,False,81.807326,0.731681,217,62.029439,50.356762,1980-09-20,2013-11-30,133.159641,False,151.41738,False
Georgia,2014,2014-08-28,1.118035,1.123749,1.137969,1.137969,False,74.666108,0.713374,208,56.633142,50.654163,1980-09-13,2013-11-24,87.703278,False,83.301034,False
Georgia Tech,2014,2014-08-28,1.128423,1.131278,1.137969,1.137969,False,70.295054,0.700883,184,43.194476,38.278629,1980-09-20,2013-11-30,62.989784,False,61.585103,False
Florida,2014,2014-08-28,1.164819,1.157458,1.137969,1.137969,False,79.42325,0.725835,211,65.502543,56.234093,1980-09-13,2013-11-30,135.797172,False,143.343139,False
Florida State,2014,2014-08-28,1.095499,1.107498,1.137969,1.137969,False,76.1812,0.717464,199,61.340808,55.993488,1980-09-13,2013-11-23,96.899793,False,84.93937,False
Miami (FL),2014,2014-08-28,1.123102,1.127484,1.137969,1.137969,False,71.794267,0.705288,191,53.42595,47.569977,1980-09-27,2013-11-23,91.222318,False,87.861422,False
South Carolina,2014,2014-08-28,1.224344,1.200081,1.137969,1.137969,False,76.800192,0.719102,200,50.579824,41.31179,1980-10-04,2013-12-01,102.404956,False,115.476061,False
Clemson,2014,2014-08-28,1.213027,1.191007,1.137969,1.137969,False,72.260716,0.706632,187,53.212403,43.867449,1980-09-13,2013-11-15,112.707707,False,127.073316,False
Tennessee,2014,2014-08-28,1.116499,1.122082,1.137969,1.137969,False,85.368515,0.739964,227,60.58181,54.260533,1980-09-06,2013-11-24,81.217276,False,77.303304,False
Vanderbilt,2014,2014-08-28,0.979598,1.025884,1.137969,1.137969,False,72.64773,0.707738,191,24.809132,25.325826,1980-09-20,2013-11-30,8.749157,False,-6.962752,False
Kentucky,2014,2014-08-28,1.11153,1.118972,1.137969,1.137969,False,76.583269,0.71853,205,34.221386,30.787627,1980-09-06,2013-12-01,44.413282,False,41.664957,False
LSU,2014,2014-08-28,1.157883,1.152605,1.137969,1.137969,False,83.194363,0.734969,220,64.981505,56.120971,1980-09-06,2013-11-29,121.425537,False,126.16215,False
Mississippi State,2014,2014-08-28,1.183944,1.170257,1.137969,1.137969,False,70.770137,0.702293,183,37.22861,31.444576,1980-09-13,2013-11-29,68.536095,False,74.053496,False
Ole Miss,2014,2014-08-28,1.112694,1.119991,1.137969,1.137969,False,73.910808,0.711291,194,39.505921,35.504762,1980-09-06,2013-11-24,53.052734,False,49.815704,False
UCF,2014,2014-08-28,1.176797,1.162377,1.137969,1.137969,False,50.777035,0.628607,84,33.068818,28.100696,1996-10-19,2013-11-30,83.324531,False,91.062671,False
South Florida,2014,2014-08-28,0.948137,1.027482,1.137969,1.137969,False,41.774405,0.582024,63,20.452626,21.571389,2001-09-29,2013-11-24,11.797035,False,-22.244963,False
UAB,2014,2014-08-28,0.970278,1.036006,1.137969,1.137969,False,46.53842,0.60804,81,19.58985,20.189928,1996-09-14,2013-11-30,13.839524,False,-11.496009,False
Idaho,2014,2014-08-28,0.978708,1.044541,1.137969,1.137969,False,42.574806,0.586633,72,14.587756,14.905118,1996-10-19,2013-11-02,15.142,False,-7.328337,False
Massachusetts,2014,2014-08-28,0.290751,0.940603,1.137969,1.137969,False,9.111258,0.232957,10,0.94108,3.23672,2012-09-08,2013-11-16,-19.62195,False,-311.321588,False
Washington,2015,2015-09-03,1.208233,1.187571,1.133539,1.133539,False,78.4539,0.723385,213,49.589506,41.043001,1980-09-13,2014-11-23,96.154489,False,107.094617,False
Washington State,2015,2015-09-03,0.951382,1.006601,1.133539,1.133539,False,68.964617,0.696861,182,26.638499,27.999784,1980-09-13,2014-11-30,2.659986,False,-19.749157,False
Oregon,2015,2015-09-03,1.180537,1.167097,1.133539,1.133539,False,74.911163,0.714044,193,59.658096,50.534725,1980-09-06,2014-11-22,122.188134,False,133.598729,False
Oregon State,2015,2015-09-03,1.156197,1.149281,1.133539,1.133539,False,68.285973,0.694768,179,37.852937,32.739175,1980-10-11,2014-11-30,67.404289,False,70.567364,False
California,2015,2015-09-03,1.138832,1.137294,1.133539,1.133539,False,73.239803,0.709414,196,37.58782,33.005598,1980-09-27,2014-11-29,55.506482,False,56.125803,False
Stanford,2015,2015-09-03,1.206886,1.186245,1.133539,1.133539,False,76.603767,0.718584,205,49.403303,40.934536,1980-09-13,2014-11-15,96.046602,False,107.117991,False
USC,2015,2015-09-03,1.17229,1.161598,1.133539,1.133539,False,78.728009,0.724082,210,60.43794,51.555444,1980-09-20,2014-11-29,108.546114,False,116.577143,False
UCLA,2015,2015-09-03,1.260229,1.224782,1.133539,1.133539,False,77.223103,0.72021,203,52.535126,41.686982,1980-09-13,2014-11-28,108.956431,False,127.190489,False
San Jose State,2015,2015-09-03,1.131747,1.132395,1.133539,1.133539,False,53.012463,0.638608,125,24.878423,21.982321,1980-10-11,2014-11-15,48.620127,False,48.383621,False
Fresno State,2015,2015-09-03,1.177714,1.163552,1.133539,1.133539,False,63.578543,0.679414,155,46.149207,39.185408,1980-09-20,2014-11-30,98.828645,False,108.120773,False
San Diego State,2015,2015-09-03,1.181268,1.166486,1.133539,1.133539,False,66.869719,0.690306,180,38.147832,32.293976,1980-09-27,2014-11-29,72.321198,False,78.842055,False
Hawai'i,2015,2015-09-03,1.180295,1.167763,1.133539,1.133539,False,81.929959,0.731975,228,45.649047,38.675967,1980-10-04,2014-11-23,75.754232,False,81.43102,False
Nevada,2015,2015-09-03,1.113723,1.120431,1.133539,1.133539,False,58.627889,0.661506,116,36.47282,32.748547,1992-10-24,2014-11-23,65.390732,False,61.666243,False
UNLV,2015,2015-09-03,1.161182,1.15253,1.133539,1.133539,False,65.849601,0.68701,162,24.889499,21.434618,1980-09-13,2014-11-30,45.63989,False,48.162067,False
Arizona,2015,2015-09-03,1.139543,1.137847,1.133539,1.133539,False,76.188814,0.717484,210,44.021008,38.630411,1980-09-20,2014-11-28,64.899554,False,65.710688,False
Arizona State,2015,2015-09-03,1.190413,1.174361,1.133539,1.133539,False,76.292235,0.717759,214,50.502805,42.424605,1980-09-13,2014-11-22,86.865125,False,95.246458,False
BYU,2015,2015-09-03,1.121636,1.125121,1.133539,1.133539,False,72.471836,0.707237,203,55.026088,49.058779,1980-09-13,2014-11-16,89.221327,False,86.506973,False
Utah,2015,2015-09-03,1.135977,1.135239,1.133539,1.133539,False,69.072112,0.69719,183,46.520109,40.951635,1980-09-20,2014-11-22,78.065227,False,78.50834,False
Utah State,2015,2015-09-03,1.214857,1.186708,1.133539,1.133539,False,56.665182,0.65384,136,29.750252,24.488695,1980-10-04,2014-11-22,77.45874,False,89.163562,False
Boise State,2015,2015-09-03,1.187849,1.169071,1.133539,1.133539,False,56.765403,0.65424,100,52.202708,43.947252,1996-08-31,2014-12-07,214.5268,False,251.478233,False
Colorado,2015,2015-09-03,1.125331,1.127704,1.133539,1.133539,False,73.79527,0.710969,207,38.451955,34.169454,1980-09-27,2014-11-29,56.225774,False,55.184618,False
Colorado State,2015,2015-09-03,1.151802,1.145991,1.133539,1.133539,False,64.280096,0.681799,173,35.998127,31.253748,1980-09-06,2014-11-22,67.521518,False,70.228451,False
Wyoming,2015,2015-09-03,1.153971,1.147557,1.133539,1.133539,False,65.558868,0.686057,179,33.247056,28.810991,1980-09-13,2014-11-23,59.250053,False,61.817648,False
Air Force,2015,2015-09-03,1.187956,1.171434,1.133539,1.133539,False,68.810709,0.696389,190,43.304454,36.452915,1980-09-20,2014-11-28,83.348237,False,91.627923,False
New Mexico,2015,2015-09-03,0.989519,1.032866,1.133539,1.133539,False,69.674869,0.699021,185,27.861649,28.156765,1980-09-06,2014-11-29,12.281746,False,-3.937295,False
New Mexico State,2015,2015-09-03,0.875499,0.961784,1.133539,1.133539,False,59.716294,0.665613,139,15.091828,17.237979,1980-09-13,2014-11-22,-11.678234,False,-38.986389,False
UTEP,2015,2015-09-03,1.251842,1.215057,1.133539,1.133539,False,66.482361,0.689062,176,31.195716,24.919851,1980-09-20,2014-11-30,75.095966,False,87.698111,False
Kansas,2015,2015-09-03,1.213061,1.189644,1.133539,1.133539,False,71.874714,0.705521,198,33.946789,27.984401,1980-09-13,2014-11-15,75.403753,False,84.564347,False
Kansas State,2015,2015-09-03,1.268107,1.229213,1.133539,1.133539,False,73.795513,0.71097,189,54.026596,42.604129,1980-09-27,2014-11-29,135.4979,False,160.978268,False
Nebraska,2015,2015-09-03,1.176855,1.165379,1.133539,1.133539,False,83.233867,0.735062,229,68.531407,58.232689,1980-09-13,2014-11-22,135.099288,False,146.187766,False
Iowa State,2015,2015-09-03,1.191645,1.174444,1.133539,1.133539,False,71.343717,0.703978,193,29.431974,24.698619,1980-09-13,2014-11-29,56.415915,False,61.829025,False
Oklahoma State,2015,2015-09-03,1.197862,1.178702,1.133539,1.133539,False,70.71648,0.702134,186,46.794438,39.064966,1980-10-04,2014-11-16,96.700351,False,107.661723,False
Tulsa,2015,2015-09-03,1.083328,1.09904,1.133539,1.133539,False,65.872786,0.687085,157,35.892347,33.131557,1980-09-13,2014-11-29,45.211139,False,37.989697,False
Texas,2015,2015-09-03,1.102893,1.111271,1.133539,1.133539,False,79.7281,0.726597,215,58.797957,53.312493,1980-09-01,2014-11-28,77.639604,False,71.433893,False
Texas A&M,2015,2015-09-03,1.1275,1.129202,1.133539,1.133539,False,76.472348,0.718237,204,51.928062,46.055931,1980-09-20,2014-11-28,76.218442,False,75.168287,False
Baylor,2015,2015-09-03,1.299311,1.248545,1.133539,1.133539,False,67.96331,0.693763,181,38.244455,29.434419,1980-10-04,2014-12-07,104.912998,False,126.546974,False
TCU,2015,2015-09-03,1.113908,1.11991,1.133539,1.133539,False,68.117034,0.694243,187,48.803924,43.813236,1980-09-13,2014-12-06,88.686619,False,84.012884,False
Texas Tech,2015,2015-09-03,1.11213,1.118643,1.133539,1.133539,False,68.612804,0.69578,191,44.36924,39.895719,1980-09-06,2014-11-15,65.764849,False,62.047995,False
Houston,2015,2015-09-03,1.102708,1.112014,1.133539,1.133539,False,69.397761,0.698182,184,40.023151,36.295315,1980-09-20,2014-11-22,53.770011,False,49.232119,False
Rice,2015,2015-09-03,1.256148,1.218358,1.133539,1.133539,False,67.335539,0.691788,180,39.451114,31.406422,1980-09-27,2014-11-22,93.968234,False,110.538723,False
SMU,2015,2015-09-03,1.079638,1.096027,1.133539,1.133539,False,68.665837,0.695943,175,29.774179,27.577922,1980-09-13,2014-11-28,36.231161,False,30.098671,False
North Texas,2015,2015-09-03,1.012785,1.057027,1.133539,1.133539,False,51.880723,0.633613,98,23.364237,23.069305,1980-10-04,2014-11-22,21.476635,False,4.831241,False
UTSA,2015,2015-09-03,0.905841,1.063294,1.133539,1.133539,False,13.383862,0.308499,15,6.305966,6.96145,2012-10-20,2014-11-29,25.958063,False,-38.401701,False
Texas State,2015,2015-09-03,1.022895,1.099736,1.133539,1.133539,False,13.19739,0.305514,15,6.162992,6.025049,2012-09-08,2014-11-21,36.324829,False,8.372897,False
Louisiana Tech,2015,2015-09-03,1.190345,1.169384,1.133539,1.133539,False,51.30199,0.631005,111,32.200878,27.051717,1981-09-19,2014-11-29,82.13241,False,92.681306,False
Tulane,2015,2015-09-03,0.964069,1.015027,1.133539,1.133539,False,69.770461,0.69931,193,26.007201,26.976499,1980-09-06,2014-12-07,5.291476,False,-12.768758,False
Louisiana,2015,2015-09-03,1.13445,1.134122,1.133539,1.133539,False,53.292617,0.639824,125,29.411037,25.925378,1980-09-06,2014-11-22,55.218504,False,55.35473,False
Memphis,2015,2015-09-03,1.005836,1.044624,1.133539,1.133539,False,68.769053,0.696261,182,28.83438,28.667082,1980-09-06,2014-11-29,16.291112,False,2.140414,False
FIU,2015,2015-09-03,0.908482,1.010527,1.133539,1.133539,False,36.1639,0.546581,50,12.194576,13.423029,2005-10-15,2014-11-15,3.67893,False,-32.625946,False
Oklahoma,2015,2015-09-03,1.148799,1.144572,1.133539,1.133539,False,78.303979,0.723002,213,64.867509,56.465483,1980-09-13,2014-12-06,132.240074,False,136.880155,False
Arkansas,2015,2015-09-03,1.201703,1.182836,1.133539,1.133539,False,78.387911,0.723216,219,51.10309,42.525567,1980-09-20,2014-11-22,93.367142,False,103.367891,False
Missouri,2015,2015-09-03,1.173302,1.161677,1.133539,1.133539,False,72.613631,0.707641,202,44.522045,37.945933,1980-09-13,2014-11-28,78.091613,False,83.913008,False
Cincinnati,2015,2015-09-03,1.255283,1.216814,1.133539,1.133539,False,64.94189,0.684017,159,43.627833,34.755388,1980-11-08,2014-12-06,104.735071,False,124.500122,False
Louisville,2015,2015-09-03,1.08803,1.101756,1.133539,1.133539,False,69.461196,0.698375,176,46.209052,42.470397,1980-09-06,2014-11-29,58.46064,False,50.314703,False
Arkansas State,2015,2015-09-03,1.281231,1.225892,1.133539,1.133539,False,50.065616,0.625307,100,32.69444,25.517985,1980-09-20,2014-11-29,99.243353,False,124.948338,False
ULM,2015,2015-09-03,0.991325,1.052097,1.133539,1.133539,False,40.203742,0.572672,72,18.998783,19.165046,1980-11-22,2014-11-16,20.768576,False,-3.459113,False
FAU,2015,2015-09-03,1.06203,1.09602,1.133539,1.133539,False,33.114761,0.524675,47,15.639134,14.725699,2005-09-08,2014-11-29,35.485593,False,22.976895,False
Georgia Southern,2015,2015-09-03,1.31699,1.154012,1.133539,1.133539,False,3.768647,0.111602,4,3.768647,2.861561,2014-09-25,2014-11-29,149.29397,False,400.0,True
Georgia State,2015,2015-09-03,0.0,0.889628,1.133539,1.133539,False,8.225175,0.215177,9,0.0,2.600557,2013-10-12,2014-11-29,-33.398334,False,-400.0,True
Middle Tennessee,2015,2015-09-03,1.163637,1.151517,1.133539,1.133539,False,44.501501,0.597324,73,27.831795,23.917929,1999-11-13,2014-11-23,68.662042,False,74.327958,False
South Alabama,2015,2015-09-03,1.001613,1.091267,1.133539,1.133539,False,14.145059,0.320422,16,7.170797,7.159251,2012-09-01,2014-11-28,36.177097,False,0.638761,False
Southern Miss,2015,2015-09-03,1.038649,1.069873,1.133539,1.133539,False,61.171102,0.670948,154,36.000471,34.660872,1980-09-20,2014-11-29,36.154049,False,19.876354,False
Michigan,2015,2015-09-03,1.166766,1.158113,1.133539,1.133539,False,85.198281,0.739579,228,65.337145,55.998478,1980-09-13,2014-11-22,107.434959,False,113.986517,False
Michigan State,2015,2015-09-03,1.11643,1.121064,1.133539,1.133539,False,80.748177,0.729115,216,54.124065,48.479607,1980-09-27,2014-11-22,70.196909,False,67.402019,False
Ohio State,2015,2015-09-03,1.188215,1.174206,1.133539,1.133539,False,87.086162,0.743778,234,75.795087,63.789054,1980-09-13,2014-11-29,164.551642,False,181.9548,False
Indiana,2015,2015-09-03,1.136977,1.135969,1.133539,1.133539,False,72.340352,0.70686,200,31.053479,27.312313,1980-09-13,2014-11-29,46.274479,False,46.611733,False
Purdue,2015,2015-09-03,1.133032,1.133174,1.133539,1.133539,False,77.235718,0.720242,208,38.855918,34.293741,1980-09-20,2014-11-22,53.737645,False,53.68052,False
Illinois,2015,2015-09-03,1.030774,1.059802,1.133539,1.133539,False,76.206021,0.71753,206,34.547448,33.516027,1980-09-06,2014-11-22,24.222408,False,12.493549,False
Northwestern,2015,2015-09-03,1.035711,1.064212,1.133539,1.133539,False,72.973988,0.708664,196,33.775851,32.611269,1980-10-04,2014-11-29,26.206244,False,14.595296,False
Wisconsin,2015,2015-09-03,1.179795,1.166974,1.133539,1.133539,False,78.231373,0.722816,216,59.721715,50.620417,1980-09-13,2014-11-29,116.600306,False,126.69673,False
Minnesota,2015,2015-09-03,1.23481,1.205819,1.133539,1.133539,False,74.793961,0.713724,202,39.71507,32.162897,1980-09-13,2014-11-15,77.262038,False,88.083465,False
Iowa,2015,2015-09-03,1.147024,1.143216,1.133539,1.133539,False,76.223373,0.717576,205,49.487601,43.144342,1980-09-27,2014-11-28,78.201859,False,80.362056,False
Notre Dame,2015,2015-09-03,1.131442,1.132001,1.133539,1.133539,False,82.463287,0.733246,223,58.215523,51.452519,1980-09-06,2014-11-22,79.105414,False,78.750338,False
Toledo,2015,2015-09-03,1.243348,1.209253,1.133539,1.133539,False,66.621984,0.689512,178,48.031066,38.630434,1980-09-27,2014-11-20,114.67088,False,135.170541,False
Ball State,2015,2015-09-03,1.092222,1.106386,1.133539,1.133539,False,57.512378,0.657191,154,32.125261,29.412761,1980-09-20,2014-11-22,47.59774,False,41.20926,False
Western Michigan,2015,2015-09-03,1.046486,1.075938,1.133539,1.133539,False,58.672801,0.661678,167,33.617346,32.124023,1980-09-06,2014-11-28,36.374617,False,22.172587,False
Bowling Green,2015,2015-09-03,1.033722,1.066402,1.133539,1.133539,False,61.63174,0.672603,162,37.235585,36.020878,1980-09-13,2014-11-28,36.012994,False,18.15487,False
Central Michigan,2015,2015-09-03,1.066553,1.089093,1.133539,1.133539,False,59.156323,0.663512,164,32.258652,30.245718,1980-09-06,2014-11-22,41.971162,False,31.28935,False
Eastern Michigan,2015,2015-09-03,0.975318,1.029526,1.133539,1.133539,False,57.562091,0.657386,156,18.927471,19.406469,1980-10-18,2014-11-28,9.41031,False,-7.961065,False
Northern Illinois,2015,2015-09-03,1.189949,1.170438,1.133539,1.133539,False,56.734689,0.654118,146,39.976728,33.595338,1980-09-13,2014-11-12,100.535021,False,112.949166,False
Penn State,2015,2015-09-03,1.111252,1.117132,1.133539,1.133539,False,83.704398,0.736158,224,61.422466,55.273217,1980-09-27,2014-11-29,82.694512,False,78.277936,False
Pittsburgh,2015,2015-09-03,1.108784,1.115845,1.133539,1.133539,False,75.169789,0.714747,209,42.590361,38.411791,1980-09-13,2014-11-22,51.938058,False,48.73885,False
West Virginia,2015,2015-09-03,1.153414,1.147708,1.133539,1.133539,False,74.490358,0.712892,203,51.21451,44.402546,1980-09-06,2014-11-21,85.734099,False,89.243304,False
Maryland,2015,2015-09-03,1.089152,1.102417,1.133539,1.133539,False,70.384222,0.701148,188,35.211059,32.328865,1980-09-13,2014-11-29,39.986853,False,34.816542,False
Virginia,2015,2015-09-03,1.182693,1.168545,1.133539,1.133539,False,74.230117,0.712175,192,42.688814,36.094581,1980-09-13,2014-11-23,73.259627,False,79.468577,False
Virginia Tech,2015,2015-09-03,1.112155,1.118385,1.133539,1.133539,False,72.97671,0.708672,190,55.416888,49.828393,1980-10-18,2014-11-29,87.112763,False,82.118047,False
NC State,2015,2015-09-03,1.205943,1.184667,1.133539,1.133539,False,72.092511,0.706149,191,41.17334,34.14204,1980-09-27,2014-11-15,75.810634,False,84.616784,False
Wake Forest,2015,2015-09-03,1.128465,1.130018,1.133539,1.133539,False,68.007527,0.693901,171,30.335673,26.882236,1980-09-06,2014-11-22,45.453502,False,44.917374,False
Duke,2015,2015-09-03,0.990695,1.033763,1.133539,1.133539,False,69.501544,0.698497,183,23.528682,23.749684,1980-09-06,2014-11-30,11.105078,False,-3.085632,False
North Carolina,2015,2015-09-03,1.142095,1.139587,1.133539,1.133539,False,72.34404,0.706871,198,42.266994,37.008295,1980-09-27,2014-11-29,64.090862,False,65.257416,False
Old Dominion,2015,2015-09-03,1.252887,1.149713,1.133539,1.133539,False,4.702958,0.13552,5,2.827038,2.25642,2014-09-13,2014-11-22,66.018557,False,112.614236,False
Marshall,2015,2015-09-03,1.225302,1.190953,1.133539,1.133539,False,50.145093,0.625679,90,36.715269,29.964249,1980-09-13,2014-12-06,109.14031,False,130.657183,False
East Carolina,2015,2015-09-03,1.207109,1.183959,1.133539,1.133539,False,65.337702,0.685329,160,41.544217,34.416299,1980-09-13,2014-12-05,86.398954,False,97.704604,False
Appalachian State,2015,2015-09-03,1.065647,1.125779,1.133539,1.133539,False,3.871531,0.1143,5,2.837031,2.662262,1981-11-07,2014-11-29,88.222874,False,44.186867,False
Charlotte,2015,2015-09-03,,1.133539,1.133539,1.133539,False,0.0,0.0,0,0.0,0.0,,,66.040638,False,,False
Rutgers,2015,2015-09-03,1.137848,1.136544,1.133539,1.133539,False,69.119423,0.697335,178,35.764453,31.431648,1980-09-20,2014-11-15,55.728727,False,56.262109,False
Syracuse,2015,2015-09-03,1.058486,1.080528,1.133539,1.133539,False,72.147745,0.706308,202,37.053949,35.006566,1980-09-20,2014-11-08,36.768792,False,26.703572,False
Boston College,2015,2015-09-03,1.15473,1.148488,1.133539,1.133539,False,71.845156,0.705435,191,42.47241,36.781245,1980-09-20,2014-11-29,70.117757,False,73.116418,False
UConn,2015,2015-09-03,1.083458,1.102481,1.133539,1.133539,False,48.978556,0.62015,78,26.278206,24.254012,2000-10-28,2014-12-06,42.759511,False,34.795901,False
Temple,2015,2015-09-03,1.030093,1.063595,1.133539,1.133539,False,62.632486,0.67614,158,23.94804,23.248436,1980-09-13,2014-11-29,23.08273,False,10.974835,False
Army,2015,2015-09-03,1.121638,1.125628,1.133539,1.133539,False,59.485084,0.664749,159,22.146542,19.744816,1980-09-20,2014-11-01,38.060534,False,36.876489,False
Navy,2015,2015-09-03,1.103929,1.11389,1.133539,1.133539,False,59.18015,0.663602,150,32.148719,29.122086,1980-09-20,2014-11-15,49.61,False,45.232792,False
Buffalo,2015,2015-09-03,1.015085,1.061578,1.133539,1.133539,False,46.433675,0.607503,79,17.003538,16.750858,1999-09-11,2014-11-12,19.732309,False,4.874372,False
Akron,2015,2015-09-03,1.080402,1.098908,1.133539,1.133539,False,56.138489,0.651724,121,24.983037,23.123836,1987-09-12,2014-11-19,37.598679,False,30.619728,False
Kent State,2015,2015-09-03,0.995488,1.041863,1.133539,1.133539,False,59.304714,0.664071,161,22.273811,22.374766,1980-10-04,2014-11-28,14.176954,False,-1.538994,False
Ohio,2015,2015-09-03,1.156239,1.148703,1.133539,1.133539,False,60.360576,0.667997,159,33.341984,28.836575,1980-09-20,2014-11-19,62.179186,False,65.351673,False
Miami (OH),2015,2015-09-03,1.039936,1.070069,1.133539,1.133539,False,63.190592,0.678079,169,32.350748,31.108392,1980-09-13,2014-11-26,32.454541,False,18.494995,False
Western Kentucky,2015,2015-09-03,0.860687,1.005604,1.133539,1.133539,False,26.484501,0.468881,34,10.415233,12.101075,2008-10-11,2014-11-22,2.207751,False,-55.579381,False
Troy,2015,2015-09-03,1.139953,1.137101,1.133539,1.133539,False,37.46359,0.555316,56,25.692945,22.538596,2001-12-01,2014-11-29,73.985133,False,75.613018,False
Alabama,2015,2015-09-03,1.092966,1.103824,1.133539,1.133539,False,82.099246,0.73238,224,64.724792,59.219409,1980-09-06,2014-11-30,89.610021,False,79.402247,False
Auburn,2015,2015-09-03,1.223735,1.199548,1.133539,1.133539,False,81.874756,0.731843,223,62.496622,51.07038,1980-09-20,2014-11-08,130.680153,False,148.608983,False
Georgia,2015,2015-09-03,1.131847,1.132329,1.133539,1.133539,False,75.229229,0.714908,214,57.473616,50.778615,1980-09-13,2014-11-29,93.354042,False,92.980446,False
Georgia Tech,2015,2015-09-03,1.147333,1.143204,1.133539,1.133539,False,70.219014,0.700656,189,44.021027,38.368137,1980-09-20,2014-11-15,68.676578,False,70.720428,False
Florida,2015,2015-09-03,1.138485,1.13712,1.133539,1.133539,False,78.719156,0.72406,216,62.917839,55.264547,1980-09-13,2014-11-15,112.100447,False,113.366518,False
Florida State,2015,2015-09-03,1.103494,1.111945,1.133539,1.133539,False,76.658963,0.71873,205,62.82749,56.935059,1980-09-13,2014-11-29,104.916879,False,95.984372,False
Miami (FL),2015,2015-09-03,1.136075,1.135333,1.133539,1.133539,False,72.564028,0.7075,197,53.54941,47.135447,1980-09-27,2014-11-30,92.271525,False,92.814167,False
South Carolina,2015,2015-09-03,1.189502,1.173842,1.133539,1.133539,False,77.207709,0.720169,206,49.956985,41.998242,1980-10-04,2014-11-22,88.475156,False,96.80718,False
Clemson,2015,2015-09-03,1.22304,1.196972,1.133539,1.133539,False,73.002144,0.708744,193,55.248822,45.173352,1980-09-13,2014-11-29,121.095545,False,139.19233,False
Tennessee,2015,2015-09-03,1.118896,1.122709,1.133539,1.133539,False,85.205466,0.739596,233,59.27543,52.976728,1980-09-06,2014-11-23,78.29111,False,75.740593,False
Vanderbilt,2015,2015-09-03,0.943462,0.998143,1.133539,1.133539,False,74.282759,0.712321,198,25.000926,26.499126,1980-09-20,2014-11-29,-0.646045,False,-19.908104,False
Kentucky,2015,2015-09-03,1.167653,1.158089,1.133539,1.133539,False,77.013315,0.719661,211,35.644218,30.526391,1980-09-06,2014-11-08,57.660853,False,61.097643,False
LSU,2015,2015-09-03,1.150584,1.146066,1.133539,1.133539,False,83.175136,0.734924,226,64.319362,55.901489,1980-09-06,2014-11-09,114.001615,False,117.931832,False
Mississippi State,2015,2015-09-03,1.203771,1.183032,1.133539,1.133539,False,71.594365,0.704708,189,40.333144,33.505673,1980-09-13,2014-11-23,79.168626,False,88.23366,False
Ole Miss,2015,2015-09-03,1.141783,1.139417,1.133539,1.133539,False,74.530056,0.713001,200,41.520587,36.364703,1980-09-06,2014-11-29,63.195123,False,64.274846,False
UCF,2015,2015-09-03,1.197735,1.174261,1.133539,1.133539,False,52.041308,0.634331,89,35.536977,29.670146,1996-10-19,2014-11-22,94.525245,False,108.092383,False
South Florida,2015,2015-09-03,0.943072,1.019698,1.133539,1.133539,False,44.570785,0.597698,69,19.998255,21.205428,2001-09-29,2014-11-28,8.050849,False,-23.373791,False
Idaho,2015,2015-09-03,0.932599,1.013641,1.133539,1.133539,False,44.383319,0.596684,77,14.537094,15.587721,1996-10-19,2014-11-15,4.576695,False,-22.988363,False
Massachusetts,2015,2015-09-03,0.592322,0.960243,1.133539,1.133539,False,14.130392,0.320196,16,2.763915,4.666241,2012-09-08,2014-11-28,-12.058816,False,-139.778957,False
Washington,2016,2016-08-27,1.207272,1.185973,1.129925,1.129925,False,78.944213,0.72463,219,49.154526,40.715386,1980-09-13,2015-11-27,91.551162,False,102.328812,False
Washington State,2016,2016-08-27,0.982454,1.027079,1.129925,1.129925,False,69.140583,0.697399,187,28.657393,29.169192,1980-09-13,2015-11-22,11.250031,False,-7.325085,False
Oregon,2016,2016-08-27,1.159648,1.151207,1.129925,1.129925,False,75.637141,0.716009,199,59.509508,51.316858,1980-09-06,2015-11-27,110.545507,False,117.559271,False
Oregon State,2016,2016-08-27,1.131148,1.130776,1.129925,1.129925,False,68.501454,0.695436,184,36.297113,32.088729,1980-10-11,2015-11-21,57.732672,False,57.89818,False
California,2016,2016-08-27,1.167439,1.156527,1.129925,1.129925,False,73.132804,0.709113,201,38.884371,33.30741,1980-09-27,2015-11-29,63.372762,False,67.785646,False
Stanford,2016,2016-08-27,1.205758,1.184725,1.129925,1.129925,False,78.164724,0.722645,212,51.808504,42.967598,1980-09-13,2015-11-29,98.535722,False,110.343444,False
USC,2016,2016-08-27,1.173406,1.161562,1.129925,1.129925,False,80.129946,0.727595,217,61.166753,52.127506,1980-09-20,2015-11-28,106.922165,False,115.650152,False
UCLA,2016,2016-08-27,1.235023,1.20577,1.129925,1.129925,False,77.783037,0.721663,209,52.834357,42.780058,1980-09-13,2015-11-15,101.615527,False,116.936441,False
San Jose State,2016,2016-08-27,1.125794,1.127265,1.129925,1.129925,False,54.239926,0.643874,130,25.121568,22.314538,1980-10-11,2015-11-27,45.967735,False,45.439882,False
Fresno State,2016,2016-08-27,1.166115,1.154578,1.129925,1.129925,False,64.106558,0.681212,160,44.051807,37.776567,1980-09-20,2015-11-29,88.074576,False,95.023677,False
San Diego State,2016,2016-08-27,1.191639,1.172773,1.129925,1.129925,False,68.133552,0.694294,186,40.366121,33.874463,1980-09-27,2015-12-06,77.457488,False,86.118422,False
Hawai'i,2016,2016-08-27,1.165566,1.156037,1.129925,1.129925,False,82.199247,0.732619,234,44.526623,38.201703,1980-10-04,2015-11-29,68.11621,False,72.272496,False
Nevada,2016,2016-08-27,1.108755,1.115853,1.129925,1.129925,False,59.472824,0.664703,121,36.901671,33.282072,1992-10-24,2015-11-14,62.083269,False,58.193429,False
UNLV,2016,2016-08-27,1.155122,1.147267,1.129925,1.129925,False,66.228226,0.688241,167,24.196018,20.946726,1980-09-13,2015-11-22,43.647263,False,45.914254,False
Arizona,2016,2016-08-27,1.140961,1.137834,1.129925,1.129925,False,75.874884,0.716647,215,43.944009,38.514904,1980-09-20,2015-11-15,64.764564,False,66.257504,False
Arizona State,2016,2016-08-27,1.177311,1.164016,1.129925,1.129925,False,76.92348,0.719426,220,50.94983,43.276448,1980-09-13,2015-11-21,82.511749,False,89.514304,False
BYU,2016,2016-08-27,1.155556,1.148047,1.129925,1.129925,False,72.405197,0.707046,208,56.108421,48.55535,1980-09-13,2015-11-21,104.841759,False,110.807734,False
Utah,2016,2016-08-27,1.145348,1.140772,1.129925,1.129925,False,71.118392,0.703318,190,49.103406,42.872048,1980-09-20,2015-11-28,82.818114,False,85.648465,False
Utah State,2016,2016-08-27,1.242422,1.20392,1.129925,1.129925,False,57.656918,0.657757,141,31.565086,25.4061,1980-10-04,2015-11-28,85.508437,False,101.798057,False
Boise State,2016,2016-08-27,1.151057,1.143832,1.129925,1.129925,False,57.739823,0.65808,105,51.582205,44.812908,1996-08-31,2015-11-21,172.747321,False,184.510564,False
Colorado,2016,2016-08-27,1.114986,1.11931,1.129925,1.129925,False,73.645403,0.710552,212,36.855258,33.054458,1980-09-27,2015-11-14,51.241057,False,49.395718,False
Colorado State,2016,2016-08-27,1.146895,1.141523,1.129925,1.129925,False,64.756711,0.6834,178,35.516446,30.967467,1980-09-06,2015-11-15,64.06224,False,66.501739,False
Wyoming,2016,2016-08-27,1.131449,1.130973,1.129925,1.129925,False,65.952363,0.687345,184,32.948899,29.12097,1980-09-13,2015-11-28,52.189041,False,52.378269,False
Air Force,2016,2016-08-27,1.195596,1.175694,1.129925,1.129925,False,68.991624,0.696944,195,45.165203,37.776305,1980-09-20,2015-11-14,90.261425,False,100.929069,False
New Mexico,2016,2016-08-27,1.052044,1.075235,1.129925,1.129925,False,70.747319,0.702225,191,29.80374,28.329372,1980-09-06,2015-11-29,27.777404,False,19.262294,False
New Mexico State,2016,2016-08-27,0.877442,0.961144,1.129925,1.129925,False,60.494044,0.668486,144,15.042543,17.143629,1980-09-13,2015-11-28,-11.710736,False,-37.846487,False
UTEP,2016,2016-08-27,1.262582,1.221075,1.129925,1.129925,False,65.880716,0.687111,180,31.030135,24.57673,1980-09-20,2015-11-21,76.401832,False,90.462571,False
Kansas,2016,2016-08-27,1.180762,1.165926,1.129925,1.129925,False,72.80174,0.708176,204,31.711064,26.856448,1980-09-13,2015-11-28,64.154567,False,69.767997,False
Kansas State,2016,2016-08-27,1.268725,1.228916,1.129925,1.129925,False,74.599618,0.713192,195,53.304425,42.01417,1980-09-27,2015-12-05,129.323884,False,153.855212,False
Nebraska,2016,2016-08-27,1.156686,1.149665,1.129925,1.129925,False,84.339939,0.737624,236,66.838005,57.784034,1980-09-13,2015-11-27,114.83696,False,120.929745,False
Iowa State,2016,2016-08-27,1.209854,1.186196,1.129925,1.129925,False,71.353696,0.704007,198,29.377546,24.281894,1980-09-13,2015-11-14,59.433089,False,66.761483,False
Oklahoma State,2016,2016-08-27,1.197505,1.177575,1.129925,1.129925,False,71.72265,0.70508,192,47.477985,39.647417,1980-10-04,2015-11-29,95.762184,False,107.09335,False
Tulsa,2016,2016-08-27,1.0934,1.104675,1.129925,1.129925,False,67.186506,0.691315,163,36.34944,33.244401,1980-09-13,2015-11-22,46.728928,False,41.663699,False
Texas,2016,2016-08-27,1.098913,1.107361,1.129925,1.129925,False,80.126824,0.727587,221,57.750596,52.552488,1980-09-01,2015-11-27,71.348748,False,65.449738,False
Texas A&M,2016,2016-08-27,1.126583,1.12752,1.129925,1.129925,False,77.08046,0.719837,210,52.264766,46.392273,1980-09-20,2015-11-08,74.719507,False,74.145694,False
Baylor,2016,2016-08-27,1.234264,1.202391,1.129925,1.129925,False,68.208636,0.694528,186,38.549112,31.232472,1980-10-04,2015-12-05,92.014344,False,106.685287,False
TCU,2016,2016-08-27,1.121001,1.123723,1.129925,1.129925,False,68.348123,0.694961,192,50.306968,44.876843,1980-09-13,2015-11-28,96.152344,False,93.898687,False
Texas Tech,2016,2016-08-27,1.125122,1.126581,1.129925,1.129925,False,68.800143,0.696357,196,44.270547,39.347318,1980-09-06,2015-11-14,68.458914,False,67.646239,False
Houston,2016,2016-08-27,1.158692,1.150185,1.129925,1.129925,False,71.443684,0.704269,191,44.003676,37.977012,1980-09-20,2015-12-05,73.291955,False,77.585725,False
Rice,2016,2016-08-27,1.222064,1.19375,1.129925,1.129925,False,67.624522,0.6927,185,38.745612,31.705062,1980-09-27,2015-11-28,82.693798,False,94.951218,False
SMU,2016,2016-08-27,1.090768,1.10254,1.129925,1.129925,False,69.791698,0.699374,181,29.697429,27.226154,1980-09-13,2015-11-22,37.703516,False,33.420818,False
North Texas,2016,2016-08-27,1.004276,1.050113,1.129925,1.129925,False,52.236461,0.635198,102,22.769954,22.673002,1980-10-04,2015-11-28,18.509827,False,1.586425,False
UTSA,2016,2016-08-27,0.816341,1.011676,1.129925,1.129925,False,18.160946,0.377089,21,6.839088,8.377736,2012-10-20,2015-11-28,4.302139,False,-69.1622,False
Texas State,2016,2016-08-27,0.919961,1.053841,1.129925,1.129925,False,17.049217,0.36237,20,7.648395,8.313823,2012-09-08,2015-11-20,20.894847,False,-31.237402,False
Louisiana Tech,2016,2016-08-27,1.179184,1.161302,1.129925,1.129925,False,52.639428,0.636977,116,33.846798,28.703578,1981-09-19,2015-11-28,81.624903,False,91.082735,False
Tulane,2016,2016-08-27,0.952096,1.005506,1.129925,1.129925,False,69.88641,0.699659,198,25.233849,26.503462,1980-09-06,2015-11-28,1.899834,False,-16.706088,False
Louisiana,2016,2016-08-27,1.059035,1.084202,1.129925,1.129925,False,54.505233,0.644992,130,29.359237,27.722623,1980-09-06,2015-12-05,36.613784,False,25.620554,False
Memphis,2016,2016-08-27,1.029511,1.059952,1.129925,1.129925,False,68.959692,0.696846,187,30.70919,29.828922,1980-09-06,2015-11-28,22.698663,False,11.203941,False
FIU,2016,2016-08-27,1.016287,1.066748,1.129925,1.129925,False,37.560089,0.555951,54,14.221128,13.993222,2005-10-15,2015-11-21,22.933473,False,5.63937,False
Oklahoma,2016,2016-08-27,1.168936,1.158179,1.129925,1.129925,False,78.795422,0.724253,219,66.243874,56.670247,1980-09-13,2015-11-22,144.768925,False,156.97224,False
Arkansas,2016,2016-08-27,1.160729,1.152241,1.129925,1.129925,False,78.873507,0.724451,225,50.564507,43.562721,1980-09-20,2015-11-27,78.680544,False,83.207537,False
Missouri,2016,2016-08-27,1.150525,1.144498,1.129925,1.129925,False,72.542482,0.707438,207,43.466291,37.779543,1980-09-13,2015-11-22,69.328011,False,72.298664,False
Cincinnati,2016,2016-08-27,1.252607,1.214018,1.129925,1.129925,False,65.374745,0.685451,164,44.52851,35.548673,1980-11-08,2015-11-15,105.183214,False,125.498011,False
Louisville,2016,2016-08-27,1.077867,1.093548,1.129925,1.129925,False,69.594816,0.69878,181,46.001689,42.678465,1980-09-06,2015-11-14,53.725425,False,44.459215,False
Arkansas State,2016,2016-08-27,1.282874,1.226561,1.129925,1.129925,False,51.481461,0.631818,105,34.318608,26.751356,1980-09-20,2015-12-05,103.757248,False,131.234645,False
ULM,2016,2016-08-27,0.982687,1.044608,1.129925,1.129925,False,41.335147,0.57945,76,18.698302,19.027721,1980-11-22,2015-12-05,17.33564,False,-6.742637,False
FAU,2016,2016-08-27,1.003317,1.060364,1.129925,1.129925,False,36.580717,0.549419,53,15.553624,15.502207,2005-09-08,2015-11-14,21.253446,False,1.176268,False
Georgia Southern,2016,2016-08-27,1.191221,1.143137,1.129925,1.129925,False,8.24256,0.215534,9,7.291787,6.12127,2014-09-25,2015-12-05,125.684312,False,182.997406,False
Georgia State,2016,2016-08-27,0.513368,0.949593,1.129925,1.129925,False,12.401823,0.292483,14,1.897581,3.69634,2013-10-12,2015-11-27,-14.496385,False,-165.821234,False
Middle Tennessee,2016,2016-08-27,1.20078,1.172915,1.129925,1.129925,False,46.283059,0.606728,78,29.77174,24.79366,1999-11-13,2015-11-21,78.013564,False,91.117693,False
South Alabama,2016,2016-08-27,1.019568,1.088632,1.129925,1.129925,False,17.936811,0.374176,21,8.591077,8.426196,2012-09-01,2015-12-06,33.197397,False,7.347716,False
Southern Miss,2016,2016-08-27,1.069701,1.089371,1.129925,1.129925,False,61.85124,0.673385,159,37.403667,34.966461,1980-09-20,2015-11-21,46.575078,False,36.161519,False
Michigan,2016,2016-08-27,1.169876,1.159559,1.129925,1.129925,False,86.176034,0.741771,235,65.731462,56.186704,1980-09-13,2015-11-28,105.815835,False,113.415243,False
Michigan State,2016,2016-08-27,1.128339,1.128764,1.129925,1.129925,False,82.02045,0.732192,223,57.149794,50.649473,1980-09-27,2015-11-28,79.423732,False,79.14761,False
Ohio State,2016,2016-08-27,1.165929,1.156771,1.129925,1.129925,False,87.938678,0.745631,241,76.442979,65.564005,1980-09-13,2015-11-21,155.697358,False,167.404767,False
Indiana,2016,2016-08-27,1.130194,1.130116,1.129925,1.129925,False,73.223107,0.709367,206,30.881202,27.323811,1980-09-13,2015-11-14,43.771923,False,43.79773,False
Purdue,2016,2016-08-27,1.122932,1.124878,1.129925,1.129925,False,77.804652,0.721719,214,37.241358,33.164385,1980-09-20,2015-11-28,48.793275,False,48.037769,False
Illinois,2016,2016-08-27,1.060401,1.080098,1.129925,1.129925,False,75.889528,0.716686,211,35.084359,33.085945,1980-09-06,2015-11-14,32.168527,False,24.292345,False
Northwestern,2016,2016-08-27,1.092609,1.103393,1.129925,1.129925,False,73.815015,0.711024,202,36.256483,33.18339,1980-10-04,2015-11-14,42.135143,False,37.752213,False
Wisconsin,2016,2016-08-27,1.144018,1.140163,1.129925,1.129925,False,79.664378,0.726438,223,60.486036,52.871566,1980-09-13,2015-11-21,102.419675,False,105.537943,False
Minnesota,2016,2016-08-27,1.198324,1.17905,1.129925,1.129925,False,76.461792,0.718209,209,39.922906,33.315626,1980-09-13,2015-11-28,68.181366,False,75.476059,False
Iowa,2016,2016-08-27,1.169664,1.158507,1.129925,1.129925,False,76.859333,0.719257,211,51.884372,44.358366,1980-09-27,2015-11-21,89.602606,False,96.253034,False
Notre Dame,2016,2016-08-27,1.158909,1.151192,1.129925,1.129925,False,82.67167,0.73374,229,60.020856,51.79083,1980-09-06,2015-11-14,92.374338,False,97.457987,False
Toledo,2016,2016-08-27,1.199904,1.178457,1.129925,1.129925,False,67.886889,0.693524,184,48.625836,40.524782,1980-09-27,2015-11-27,102.241666,False,115.571608,False
Ball State,2016,2016-08-27,1.05681,1.081611,1.129925,1.129925,False,58.442752,0.660798,159,30.95398,29.290005,1980-09-20,2015-11-25,35.90648,False,24.962899,False
Western Michigan,2016,2016-08-27,1.051192,1.077577,1.129925,1.129925,False,59.519081,0.664876,172,34.23282,32.565723,1980-09-06,2015-11-12,37.525927,False,24.669531,False
Bowling Green,2016,2016-08-27,1.032065,1.063877,1.129925,1.129925,False,62.285275,0.674921,167,37.611332,36.442786,1980-09-13,2015-11-17,34.375073,False,17.130689,False
Central Michigan,2016,2016-08-27,1.069346,1.089545,1.129925,1.129925,False,59.971676,0.666562,169,32.964884,30.827153,1980-09-06,2015-11-27,42.304429,False,32.705038,False
Eastern Michigan,2016,2016-08-27,0.890828,0.971051,1.129925,1.129925,False,59.412606,0.664477,162,17.680913,19.847725,1980-10-18,2015-11-14,-9.193739,False,-35.387386,False
Northern Illinois,2016,2016-08-27,1.182524,1.164534,1.129925,1.129925,False,57.713464,0.657977,151,41.110206,34.764811,1980-09-13,2015-11-25,99.066082,False,110.801261,False
Penn State,2016,2016-08-27,1.13791,1.135823,1.129925,1.129925,False,84.7757,0.738621,231,63.012999,55.376067,1980-09-27,2015-11-21,93.359232,False,94.909505,False
Pittsburgh,2016,2016-08-27,1.080545,1.094661,1.129925,1.129925,False,74.947288,0.714142,214,41.674346,38.567885,1980-09-13,2015-11-27,42.476324,False,36.09649,False
West Virginia,2016,2016-08-27,1.164192,1.154424,1.129925,1.129925,False,75.240127,0.714938,209,52.556497,45.144176,1980-09-06,2015-11-28,89.881888,False,95.960988,False
Maryland,2016,2016-08-27,1.056015,1.078088,1.129925,1.129925,False,70.454915,0.701359,193,33.82905,32.034638,1980-09-13,2015-11-21,30.434499,False,21.849626,False
Virginia,2016,2016-08-27,1.194412,1.175987,1.129925,1.129925,False,74.999522,0.714284,198,42.712044,35.759882,1980-09-13,2015-11-28,74.109038,False,81.919721,False
Virginia Tech,2016,2016-08-27,1.088488,1.100572,1.129925,1.129925,False,72.877185,0.70839,195,52.707871,48.423003,1980-10-18,2015-11-21,69.203193,False,60.428529,False
NC State,2016,2016-08-27,1.161199,1.152007,1.129925,1.129925,False,72.06073,0.706057,196,40.344422,34.743754,1980-09-27,2015-11-28,64.072829,False,67.968982,False
Wake Forest,2016,2016-08-27,1.090486,1.10253,1.129925,1.129925,False,68.243308,0.694636,176,28.337775,25.986361,1980-09-06,2015-11-28,35.236936,False,31.146343,False
Duke,2016,2016-08-27,0.978718,1.024249,1.129925,1.129925,False,69.630345,0.698887,188,23.85679,24.375549,1980-09-06,2015-11-14,8.03287,False,-7.108219,False
North Carolina,2016,2016-08-27,1.182247,1.166902,1.129925,1.129925,False,72.294389,0.706729,203,44.198209,37.384931,1980-09-27,2015-11-14,77.035457,False,84.294207,False
Old Dominion,2016,2016-08-27,1.109794,1.124873,1.129925,1.129925,False,10.051385,0.250962,11,4.529815,4.081671,2014-09-13,2015-11-28,44.224528,False,38.93329,False
Marshall,2016,2016-08-27,1.226235,1.190804,1.129925,1.129925,False,51.54746,0.632116,95,39.002119,31.806404,1980-09-13,2015-11-14,116.6474,False,140.931725,False
East Carolina,2016,2016-08-27,1.173464,1.159823,1.129925,1.129925,False,65.753073,0.686694,165,40.688327,34.673682,1980-09-13,2015-11-28,73.944641,False,80.44537,False
Appalachian State,2016,2016-08-27,1.060802,1.114891,1.129925,1.129925,False,8.33844,0.217496,10,6.426516,6.058167,1981-11-07,2015-11-28,90.297141,False,45.169177,False
Charlotte,2016,2016-08-27,0.0,0.976537,1.129925,1.129925,False,4.712218,0.135751,5,0.0,1.996205,2015-09-26,2015-11-14,-8.211271,False,-400.0,True
Rutgers,2016,2016-08-27,1.081292,1.09585,1.129925,1.129925,False,70.222011,0.700665,184,34.347244,31.76501,1980-09-20,2015-11-28,39.26068,False,33.300373,False
Syracuse,2016,2016-08-27,1.093264,1.103937,1.129925,1.129925,False,73.046789,0.70887,208,37.435816,34.242243,1980-09-20,2015-11-28,46.17525,False,41.436781,False
Boston College,2016,2016-08-27,1.121391,1.123905,1.129925,1.129925,False,71.819599,0.705361,196,40.613416,36.217012,1980-09-20,2015-11-07,57.25921,False,56.086869,False
UConn,2016,2016-08-27,1.137288,1.134543,1.129925,1.129925,False,50.46133,0.62715,83,27.375818,24.071146,2000-10-28,2015-11-21,54.176549,False,55.285643,False
Temple,2016,2016-08-27,1.087684,1.101141,1.129925,1.129925,False,64.16732,0.681418,164,27.085961,24.902417,1980-09-13,2015-11-29,37.645149,False,32.681862,False
Army,2016,2016-08-27,1.054498,1.079826,1.129925,1.129925,False,59.34036,0.664206,163,20.687977,19.618787,1980-09-20,2015-11-21,24.164901,False,16.577538,False
Navy,2016,2016-08-27,1.136702,1.134443,1.129925,1.129925,False,59.993714,0.666643,155,34.742565,30.564348,1980-09-20,2015-11-14,61.545017,False,62.598394,False
Buffalo,2016,2016-08-27,0.950493,1.019424,1.129925,1.129925,False,48.092456,0.61584,84,16.826915,17.703352,1999-09-11,2015-11-27,6.333475,False,-16.362785,False
Akron,2016,2016-08-27,1.074005,1.093253,1.129925,1.129925,False,57.158496,0.655799,126,25.235244,23.496383,1987-09-12,2015-11-27,35.153659,False,27.954139,False
Kent State,2016,2016-08-27,0.971995,1.024573,1.129925,1.129925,False,60.113295,0.667086,166,21.746338,22.37288,1980-10-04,2015-11-19,8.258356,False,-9.497671,False
Ohio,2016,2016-08-27,1.172179,1.158264,1.129925,1.129925,False,61.097843,0.670684,164,34.916715,29.787867,1980-09-20,2015-11-18,68.134879,False,74.200188,False
Miami (OH),2016,2016-08-27,1.032927,1.063968,1.129925,1.129925,False,63.74468,0.679982,174,31.165872,30.172399,1980-09-13,2015-11-14,28.657745,False,14.767963,False
Western Kentucky,2016,2016-08-27,1.003735,1.066412,1.129925,1.129925,False,30.400587,0.503316,40,15.389636,15.332365,2008-10-11,2015-12-05,29.377532,False,1.647433,False
Troy,2016,2016-08-27,1.09905,1.112519,1.129925,1.129925,False,38.770422,0.563766,60,24.94655,22.698275,2001-12-01,2015-11-14,57.459073,False,50.372508,False
Alabama,2016,2016-08-27,1.085257,1.097186,1.129925,1.129925,False,82.333199,0.732937,230,65.165863,60.046493,1980-09-06,2015-11-08,85.928797,False,74.469325,False
Auburn,2016,2016-08-27,1.191097,1.174734,1.129925,1.129925,False,82.149442,0.7325,229,60.268337,50.599017,1980-09-20,2015-11-28,110.773692,False,122.114948,False
Georgia,2016,2016-08-27,1.139553,1.136826,1.129925,1.129925,False,75.921742,0.716772,220,58.396035,51.244703,1980-09-13,2015-11-22,96.312424,False,98.436076,False
Georgia Tech,2016,2016-08-27,1.117296,1.121038,1.129925,1.129925,False,71.251143,0.703707,195,43.000778,38.486478,1980-09-20,2015-11-28,57.675777,False,55.856259,False
Florida,2016,2016-08-27,1.152068,1.146036,1.129925,1.129925,False,80.126345,0.727586,223,64.416006,55.913365,1980-09-13,2015-11-29,117.931007,False,123.514463,False
Florida State,2016,2016-08-27,1.108795,1.114705,1.129925,1.129925,False,77.254982,0.720293,211,64.334445,58.021959,1980-09-13,2015-11-14,112.26431,False,105.614624,False
Miami (FL),2016,2016-08-27,1.172803,1.160254,1.129925,1.129925,False,72.501147,0.70732,202,53.795601,45.869256,1980-09-27,2015-11-21,104.968798,False,113.908376,False
South Carolina,2016,2016-08-27,1.176241,1.163235,1.129925,1.129925,False,76.835272,0.719194,211,48.547033,41.273048,1980-10-04,2015-11-28,81.83724,False,88.608811,False
Clemson,2016,2016-08-27,1.231001,1.201801,1.129925,1.129925,False,73.846315,0.711112,199,57.262222,46.516807,1980-09-13,2015-11-21,129.197059,False,150.772758,False
Tennessee,2016,2016-08-27,1.112072,1.116719,1.129925,1.129925,False,85.25203,0.739701,239,59.154528,53.193055,1980-09-06,2015-11-28,74.28925,False,71.196837,False
Vanderbilt,2016,2016-08-27,0.962974,1.011087,1.129925,1.129925,False,74.099221,0.711813,203,25.24459,26.215222,1980-09-20,2015-11-22,3.792496,False,-12.796123,False
Kentucky,2016,2016-08-27,1.175162,1.162658,1.129925,1.129925,False,78.53498,0.723591,218,36.117852,30.734366,1980-09-06,2015-11-28,58.346799,False,62.752796,False
LSU,2016,2016-08-27,1.160063,1.152153,1.129925,1.129925,False,84.296485,0.737525,233,65.735375,56.665351,1980-09-06,2015-11-29,117.464492,False,124.342937,False
Mississippi State,2016,2016-08-27,1.168822,1.157442,1.129925,1.129925,False,72.5377,0.707425,195,40.502736,34.652605,1980-09-13,2015-11-29,69.58473,False,74.66145,False
Ole Miss,2016,2016-08-27,1.14369,1.139768,1.129925,1.129925,False,75.273425,0.715028,206,43.492216,38.027967,1980-09-06,2015-11-21,66.256513,False,68.138553,False
UCF,2016,2016-08-27,1.11817,1.122402,1.129925,1.129925,False,53.329373,0.639983,94,33.196523,29.688266,1996-10-19,2015-11-27,64.413943,False,62.127156,False
South Florida,2016,2016-08-27,1.045181,1.078478,1.129925,1.129925,False,46.354031,0.607093,74,22.460546,21.489626,2001-09-29,2015-11-21,31.137225,False,17.94908,False
Idaho,2016,2016-08-27,0.963825,1.029242,1.129925,1.129925,False,46.172697,0.606158,82,15.472421,16.053138,1996-10-19,2015-11-28,9.603709,False,-12.037384,False
Massachusetts,2016,2016-08-27,0.564884,0.911852,1.129925,1.129925,False,18.855407,0.385943,22,3.521358,6.233772,2012-09-08,2015-11-21,-26.941991,False,-150.214452,False
Washington,2017,2017-08-26,1.199661,1.180235,1.128869,1.128869,False,79.323563,0.725585,225,50.575037,42.157762,1980-09-13,2016-11-20,93.116791,False,103.490151,False
Washington State,2017,2017-08-26,1.00827,1.044383,1.128869,1.128869,False,70.186771,0.700559,193,31.456327,31.198304,1980-09-13,2016-11-25,19.437416,False,3.630839,False
Oregon,2017,2017-08-26,1.144723,1.140206,1.128869,1.128869,False,75.295025,0.715086,204,57.417901,50.15878,1980-09-06,2016-11-12,97.909621,False,101.393833,False
Oregon State,2017,2017-08-26,1.17918,1.164025,1.128869,1.128869,False,69.59298,0.698774,190,36.713281,31.134591,1980-10-11,2016-11-26,69.851507,False,76.329464,False
California,2017,2017-08-26,1.209743,1.186395,1.128869,1.128869,False,73.915221,0.711303,207,40.058558,33.113286,1980-09-27,2016-11-27,73.642447,False,82.863702,False
Stanford,2017,2017-08-26,1.180391,1.166158,1.128869,1.128869,False,78.598775,0.723754,218,52.117591,44.152825,1980-09-13,2016-11-27,90.978357,False,99.160112,False
USC,2017,2017-08-26,1.192523,1.175231,1.128869,1.128869,False,80.437278,0.728353,223,62.739795,52.610975,1980-09-20,2016-11-26,117.643165,False,130.885319,False
UCLA,2017,2017-08-26,1.219184,1.194153,1.128869,1.128869,False,78.244156,0.722849,215,52.130632,42.758629,1980-09-13,2016-11-20,95.418068,False,108.344619,False
San Jose State,2017,2017-08-26,1.132567,1.131267,1.128869,1.128869,False,55.332769,0.648435,135,25.331622,22.366561,1980-10-11,2016-11-20,46.445503,False,46.901553,False
Fresno State,2017,2017-08-26,1.136624,1.134163,1.128869,1.128869,False,64.550345,0.682709,165,41.111541,36.169864,1980-09-20,2016-11-26,72.434814,False,73.802893,False
San Diego State,2017,2017-08-26,1.180721,1.164897,1.128869,1.128869,False,68.301401,0.694816,191,41.437633,35.095197,1980-09-27,2016-11-27,77.304265,False,84.938769,False
Hawai'i,2017,2017-08-26,1.15378,1.147074,1.128869,1.128869,False,81.436129,0.730787,239,43.444008,37.653635,1980-10-04,2016-11-27,63.619112,False,66.514501,False
Nevada,2017,2017-08-26,1.135809,1.133501,1.128869,1.128869,False,60.219979,0.667479,126,37.264776,32.809016,1992-10-24,2016-11-19,69.487292,False,70.719176,False
UNLV,2017,2017-08-26,1.128438,1.128572,1.128869,1.128869,False,66.525565,0.689202,172,24.467683,21.682781,1980-09-13,2016-11-26,38.77463,False,38.735127,False
Arizona,2017,2017-08-26,1.128261,1.128433,1.128869,1.128869,False,76.469442,0.718229,221,42.897608,38.02098,1980-09-20,2016-11-26,59.018359,False,58.938991,False
Arizona State,2017,2017-08-26,1.193565,1.17534,1.128869,1.128869,False,76.494609,0.718296,225,50.364371,42.196572,1980-09-13,2016-11-11,85.851298,False,95.190324,False
BYU,2017,2017-08-26,1.159319,1.150388,1.128869,1.128869,False,72.289013,0.706713,213,56.142817,48.427418,1980-09-13,2016-11-27,106.543424,False,113.654689,False
Utah,2017,2017-08-26,1.136438,1.134192,1.128869,1.128869,False,71.079143,0.703203,195,48.640832,42.801117,1980-09-20,2016-11-19,77.890228,False,79.256085,False
Utah State,2017,2017-08-26,1.209959,1.182477,1.128869,1.128869,False,58.51901,0.66109,146,31.338639,25.900571,1980-10-04,2016-11-13,75.75282,False,87.215018,False
Boise State,2017,2017-08-26,1.167888,1.154815,1.128869,1.128869,False,59.540691,0.664957,111,53.794067,46.060978,1996-08-31,2016-11-19,186.568596,False,208.96444,False
Colorado,2017,2017-08-26,1.155985,1.148122,1.128869,1.128869,False,73.455015,0.710019,217,39.120453,33.841653,1980-09-27,2016-11-27,64.786419,False,68.219587,False
Colorado State,2017,2017-08-26,1.172109,1.158475,1.128869,1.128869,False,65.144938,0.684692,183,36.916681,31.495949,1980-09-06,2016-11-20,71.739496,False,77.960872,False
Wyoming,2017,2017-08-26,1.220272,1.192065,1.128869,1.128869,False,67.215322,0.691407,190,35.463742,29.062168,1980-09-13,2016-12-04,74.635949,False,85.569561,False
Air Force,2017,2017-08-26,1.207356,1.183596,1.128869,1.128869,False,69.101672,0.697281,200,45.922335,38.035452,1980-09-20,2016-11-25,94.629304,False,107.490543,False
New Mexico,2017,2017-08-26,1.090039,1.101602,1.128869,1.128869,False,70.744449,0.702217,196,31.592953,28.983326,1980-09-06,2016-11-27,38.275049,False,33.950637,False
New Mexico State,2017,2017-08-26,0.96961,1.022013,1.128869,1.128869,False,61.173062,0.670955,149,16.862336,17.390849,1980-09-13,2016-11-26,6.516803,False,-9.120244,False
UTEP,2017,2017-08-26,1.230326,1.198989,1.128869,1.128869,False,67.128593,0.691131,186,30.843192,25.069131,1980-09-20,2016-11-26,68.469397,False,79.04161,False
Kansas,2017,2017-08-26,1.184498,1.168241,1.128869,1.128869,False,72.657468,0.707766,209,30.542739,25.785389,1980-09-13,2016-11-19,63.402361,False,69.371787,False
Kansas State,2017,2017-08-26,1.27676,1.234237,1.128869,1.128869,False,74.336592,0.712469,200,53.517026,41.91627,1980-09-27,2016-11-26,131.597852,False,157.779021,False
Nebraska,2017,2017-08-26,1.169016,1.15857,1.128869,1.128869,False,85.296126,0.7398,243,68.96237,58.9918,1980-09-13,2016-11-19,125.593236,False,135.180309,False
Iowa State,2017,2017-08-26,1.210842,1.186793,1.128869,1.128869,False,72.256463,0.70662,204,29.3032,24.200678,1980-09-13,2016-11-26,58.789648,False,66.122311,False
Oklahoma State,2017,2017-08-26,1.219678,1.193121,1.128869,1.128869,False,72.579861,0.707545,198,49.017684,40.189028,1980-10-04,2016-11-12,103.238864,False,118.370803,False
Tulsa,2017,2017-08-26,1.127437,1.127878,1.128869,1.128869,False,67.415966,0.692042,168,38.63714,34.269877,1980-09-13,2016-11-26,58.921794,False,58.715576,False
Texas,2017,2017-08-26,1.118182,1.121086,1.128869,1.128869,False,80.431891,0.728339,227,57.652856,51.559437,1980-09-01,2016-11-25,77.87551,False,75.905226,False
Texas A&M,2017,2017-08-26,1.133635,1.132306,1.128869,1.128869,False,77.600124,0.72119,216,52.544267,46.350258,1980-09-20,2016-11-25,76.576027,False,77.380226,False
Baylor,2017,2017-08-26,1.190238,1.171521,1.128869,1.128869,False,68.365928,0.695016,191,38.792063,32.591865,1980-10-04,2016-11-19,81.74941,False,90.794982,False
TCU,2017,2017-08-26,1.047555,1.072086,1.128869,1.128869,False,69.441878,0.698316,198,47.886178,45.712348,1980-09-13,2016-12-03,53.399205,False,34.828944,False
Texas Tech,2017,2017-08-26,1.112254,1.117293,1.128869,1.128869,False,68.91542,0.696711,201,43.191957,38.832811,1980-09-06,2016-11-05,62.129582,False,59.400548,False
Houston,2017,2017-08-26,1.180359,1.165125,1.128869,1.128869,False,71.395938,0.70413,196,45.787432,38.791103,1980-09-20,2016-11-18,84.545779,False,92.713101,False
Rice,2017,2017-08-26,1.165065,1.153965,1.128869,1.128869,False,67.822045,0.693321,190,37.107762,31.850375,1980-09-27,2016-11-19,65.499155,False,70.260773,False
SMU,2017,2017-08-26,1.082573,1.096481,1.128869,1.128869,False,69.858534,0.699575,186,28.65848,26.472564,1980-09-13,2016-11-26,34.808624,False,29.845899,False
North Texas,2017,2017-08-26,1.024099,1.061759,1.128869,1.128869,False,53.458581,0.64054,107,23.139132,22.594633,1980-10-04,2016-11-19,22.161373,False,8.683382,False
UTSA,2017,2017-08-26,0.922762,1.042443,1.128869,1.128869,False,21.663881,0.419324,26,9.217501,9.989034,2012-10-20,2016-11-27,16.492524,False,-30.26528,False
Texas State,2017,2017-08-26,0.829322,1.006778,1.128869,1.128869,False,20.640164,0.407585,25,7.137898,8.606905,2012-09-08,2016-12-04,2.500044,False,-64.513294,False
Louisiana Tech,2017,2017-08-26,1.20028,1.174437,1.128869,1.128869,False,52.897463,0.638107,120,35.35916,29.459082,1981-09-19,2016-11-12,91.872774,False,106.30647,False
Tulane,2017,2017-08-26,0.948725,1.002805,1.128869,1.128869,False,69.931884,0.699796,203,24.488004,25.811482,1980-09-06,2016-11-19,0.951506,False,-17.592857,False
Louisiana,2017,2017-08-26,1.077242,1.09534,1.128869,1.128869,False,55.575583,0.649433,135,29.286127,27.186221,1980-09-06,2016-11-26,40.134888,False,32.489757,False
Memphis,2017,2017-08-26,1.048921,1.072902,1.128869,1.128869,False,70.014023,0.700042,193,32.424746,30.912474,1980-09-06,2016-11-25,27.922974,False,18.768313,False
FIU,2017,2017-08-26,1.009861,1.059699,1.128869,1.128869,False,41.636652,0.58122,61,15.159833,15.011805,2005-10-15,2016-11-20,19.641582,False,3.273568,False
Oklahoma,2017,2017-08-26,1.165003,1.155076,1.128869,1.128869,False,79.193106,0.725257,225,66.542338,57.117719,1980-09-13,2016-12-03,142.815195,False,154.080774,False
Arkansas,2017,2017-08-26,1.170703,1.159216,1.128869,1.128869,False,79.256121,0.725416,231,50.94873,43.519764,1980-09-20,2016-11-13,81.64943,False,87.735937,False
Missouri,2017,2017-08-26,1.154097,1.146774,1.128869,1.128869,False,73.357332,0.709745,213,43.397165,37.602714,1980-09-13,2016-11-25,68.972988,False,72.494822,False
Cincinnati,2017,2017-08-26,1.21885,1.190923,1.128869,1.128869,False,66.662801,0.689643,170,43.437877,35.638423,1980-11-08,2016-11-19,90.600888,False,104.482606,False
Louisville,2017,2017-08-26,1.076832,1.09235,1.128869,1.128869,False,70.602488,0.701797,187,47.634589,44.235848,1980-09-06,2016-11-26,55.706936,False,46.048356,False
Arkansas State,2017,2017-08-26,1.281456,1.22614,1.128869,1.128869,False,52.753602,0.637478,110,35.8018,27.938372,1980-09-20,2016-11-12,106.747152,False,134.734671,False
ULM,2017,2017-08-26,1.008763,1.058561,1.128869,1.128869,False,42.355409,0.58538,80,19.33798,19.169994,1980-11-22,2016-12-03,22.11455,False,3.316729,False
FAU,2017,2017-08-26,0.948607,1.027143,1.128869,1.128869,False,38.857962,0.564321,58,15.462479,16.300197,2005-09-08,2016-11-19,9.605949,False,-18.387438,False
Georgia Southern,2017,2017-08-26,1.132205,1.129792,1.128869,1.128869,False,11.471092,0.276605,13,8.692846,7.677804,2014-09-25,2016-12-03,93.208453,False,95.111771,False
Georgia State,2017,2017-08-26,0.65738,0.962948,1.128869,1.128869,False,16.289713,0.351908,19,3.659899,5.567399,2013-10-12,2016-11-19,-11.437123,False,-115.387826,False
Middle Tennessee,2017,2017-08-26,1.17671,1.158063,1.128869,1.128869,False,46.969311,0.610234,82,29.672344,25.216362,1999-11-13,2016-11-26,70.84523,False,79.497184,False
South Alabama,2017,2017-08-26,1.111125,1.121471,1.128869,1.128869,False,21.453116,0.416945,26,10.852565,9.767183,2012-09-01,2016-12-03,44.417204,False,40.642881,False
Southern Miss,2017,2017-08-26,1.056324,1.079868,1.128869,1.128869,False,62.438938,0.675461,164,37.740419,35.728073,1980-09-20,2016-11-25,42.457161,False,29.770451,False
Michigan,2017,2017-08-26,1.177319,1.164996,1.128869,1.128869,False,87.946282,0.745647,243,68.866297,58.494145,1980-09-13,2016-11-19,116.086558,False,125.916293,False
Michigan State,2017,2017-08-26,1.091544,1.101523,1.128869,1.128869,False,82.206585,0.732636,229,54.282286,49.729815,1980-09-27,2016-11-19,60.291348,False,54.176352,False
Ohio State,2017,2017-08-26,1.170534,1.16,1.128869,1.128869,False,88.659486,0.747176,248,77.931075,66.577371,1980-09-13,2016-11-26,164.108938,False,178.411658,False
Indiana,2017,2017-08-26,1.119041,1.121851,1.128869,1.128869,False,74.932354,0.714102,213,32.589395,29.122598,1980-09-13,2016-11-26,42.677082,False,41.706585,False
Purdue,2017,2017-08-26,1.11804,1.121041,1.128869,1.128869,False,78.267188,0.722908,220,35.693886,31.925411,1980-09-20,2016-11-19,46.014766,False,44.88548,False
Illinois,2017,2017-08-26,1.03246,1.059624,1.128869,1.128869,False,76.476137,0.718247,217,33.688365,32.629207,1980-09-06,2016-11-19,23.430558,False,12.79164,False
Northwestern,2017,2017-08-26,1.077726,1.092403,1.128869,1.128869,False,74.536535,0.713019,208,36.666416,34.022006,1980-10-04,2016-11-26,37.839227,False,31.839149,False
Wisconsin,2017,2017-08-26,1.146494,1.141687,1.128869,1.128869,False,80.002979,0.72728,229,61.162556,53.347489,1980-09-13,2016-11-26,105.228104,False,109.195967,False
Minnesota,2017,2017-08-26,1.210789,1.187822,1.128869,1.128869,False,77.008777,0.719649,215,41.96798,34.661686,1980-09-13,2016-11-19,73.909889,False,82.953085,False
Iowa,2017,2017-08-26,1.173667,1.161151,1.128869,1.128869,False,77.37874,0.720615,217,52.18805,44.465797,1980-09-27,2016-11-25,90.520512,False,97.936518,False
Notre Dame,2017,2017-08-26,1.130304,1.129922,1.128869,1.128869,False,82.799343,0.734041,235,57.894941,51.220682,1980-09-06,2016-11-19,76.349336,False,76.585585,False
Toledo,2017,2017-08-26,1.178563,1.163361,1.128869,1.128869,False,68.069925,0.694096,189,49.150342,41.703628,1980-09-27,2016-11-17,98.206005,False,108.113847,False
Ball State,2017,2017-08-26,0.996839,1.041688,1.128869,1.128869,False,58.3163,0.660312,163,28.887937,28.979538,1980-09-20,2016-11-09,18.107658,False,-1.371779,False
Western Michigan,2017,2017-08-26,1.078753,1.095409,1.128869,1.128869,False,60.266197,0.66765,177,36.667684,33.990811,1980-09-06,2016-11-25,48.653984,False,40.026419,False
Bowling Green,2017,2017-08-26,1.002971,1.043651,1.128869,1.128869,False,62.844726,0.67688,172,36.99798,36.888384,1980-09-13,2016-11-25,23.127687,False,1.560399,False
Central Michigan,2017,2017-08-26,1.064586,1.085854,1.128869,1.128869,False,60.678195,0.66916,174,33.590036,31.552194,1980-09-06,2016-11-16,40.93878,False,30.735897,False
Eastern Michigan,2017,2017-08-26,0.917024,0.987508,1.128869,1.128869,False,60.167184,0.667285,167,18.387808,20.051615,1980-10-18,2016-11-23,-3.916409,False,-26.472241,False
Northern Illinois,2017,2017-08-26,1.17331,1.158095,1.128869,1.128869,False,57.628717,0.657646,155,40.2547,34.308679,1980-09-13,2016-11-02,92.898203,False,102.480604,False
Penn State,2017,2017-08-26,1.179191,1.166144,1.128869,1.128869,False,85.707613,0.740726,238,65.397477,55.45962,1980-09-27,2016-11-26,113.919491,False,123.907088,False
Pittsburgh,2017,2017-08-26,1.097446,1.106373,1.128869,1.128869,False,75.602698,0.715916,220,43.606459,39.73448,1980-09-13,2016-11-26,48.755589,False,44.61216,False
West Virginia,2017,2017-08-26,1.172284,1.159983,1.128869,1.128869,False,75.880308,0.716661,215,53.762281,45.861156,1980-09-06,2016-12-03,94.257274,False,102.064596,False
Maryland,2017,2017-08-26,1.082854,1.096593,1.128869,1.128869,False,70.473531,0.701414,198,34.403318,31.770971,1980-09-13,2016-11-26,37.359958,False,32.057438,False
Virginia,2017,2017-08-26,1.170627,1.158663,1.128869,1.128869,False,74.708525,0.71349,203,40.799428,34.852618,1980-09-13,2016-11-12,64.959749,False,69.859517,False
Virginia Tech,2017,2017-08-26,1.090764,1.101892,1.128869,1.128869,False,72.727528,0.707965,200,52.957436,48.550777,1980-10-18,2016-11-26,70.142335,False,62.026462,False
NC State,2017,2017-08-26,1.13861,1.13577,1.128869,1.128869,False,72.906631,0.708474,202,40.468784,35.542276,1980-09-27,2016-11-19,57.708709,False,58.922272,False
Wake Forest,2017,2017-08-26,1.108151,1.114407,1.128869,1.128869,False,69.351382,0.698041,182,29.266949,26.410619,1980-09-06,2016-11-26,38.927722,False,36.826463,False
Duke,2017,2017-08-26,0.976837,1.022588,1.128869,1.128869,False,69.691302,0.699071,193,24.151988,24.724684,1980-09-06,2016-11-11,7.504188,False,-7.758016,False
North Carolina,2017,2017-08-26,1.154468,1.146883,1.128869,1.128869,False,71.243067,0.703683,207,43.132131,37.361038,1980-09-27,2016-11-25,68.403945,False,72.015833,False
Old Dominion,2017,2017-08-26,1.34346,1.197485,1.128869,1.128869,False,14.101685,0.319754,16,8.948656,6.660904,2014-09-13,2016-11-26,78.469392,False,139.192601,False
Marshall,2017,2017-08-26,1.188094,1.166883,1.128869,1.128869,False,53.764337,0.641852,101,38.288042,32.226446,1980-09-13,2016-11-27,98.374462,False,111.878152,False
East Carolina,2017,2017-08-26,1.153026,1.145483,1.128869,1.128869,False,66.079273,0.687758,170,39.852774,34.563648,1980-09-13,2016-11-19,66.001037,False,69.501792,False
Coastal Carolina,2017,2017-08-26,,1.128869,1.128869,1.128869,False,0.0,0.0,0,0.0,0.0,,,63.545897,False,,False
Appalachian State,2017,2017-08-26,1.047013,1.103555,1.128869,1.128869,False,13.431287,0.309254,16,10.709996,10.229091,1981-11-07,2016-11-19,96.093381,False,40.402517,False
Charlotte,2017,2017-08-26,0.0,0.865888,1.128869,1.128869,False,9.111368,0.23296,10,0.0,4.05971,2015-09-26,2016-11-19,-48.304823,False,-400.0,True
Rutgers,2017,2017-08-26,1.051556,1.074478,1.128869,1.128869,False,71.187065,0.703519,190,32.991696,31.374175,1980-09-20,2016-11-20,29.933215,False,20.737109,False
Syracuse,2017,2017-08-26,1.083861,1.096985,1.128869,1.128869,False,72.881167,0.708401,213,35.879111,33.103053,1980-09-20,2016-11-19,41.988706,False,36.325745,False
Boston College,2017,2017-08-26,1.113958,1.118354,1.128869,1.128869,False,71.743181,0.70514,201,39.790372,35.719824,1980-09-20,2016-11-19,54.392551,False,52.356096,False
UConn,2017,2017-08-26,1.093816,1.106525,1.128869,1.128869,False,52.747477,0.637451,89,27.426305,25.073956,2000-10-28,2016-11-26,42.260713,False,37.216442,False
Temple,2017,2017-08-26,1.10891,1.115177,1.128869,1.128869,False,65.533665,0.685975,170,29.993008,27.047294,1980-09-13,2016-11-27,45.337388,False,42.885623,False
Army,2017,2017-08-26,1.020243,1.057189,1.128869,1.128869,False,58.204346,0.659881,166,20.242882,19.84124,1980-09-20,2016-11-05,17.681555,False,6.301833,False
Navy,2017,2017-08-26,1.158022,1.14838,1.128869,1.128869,False,60.706845,0.669264,160,36.190326,31.251839,1980-09-20,2016-12-03,68.145135,False,72.688503,False
Buffalo,2017,2017-08-26,0.972101,1.031188,1.128869,1.128869,False,49.594528,0.62309,89,17.586139,18.090856,1999-09-11,2016-11-12,10.022167,False,-9.06885,False
Akron,2017,2017-08-26,1.021806,1.058282,1.128869,1.128869,False,58.056166,0.659308,131,24.491623,23.968946,1987-09-12,2016-11-10,22.076759,False,8.295906,False
Kent State,2017,2017-08-26,0.932319,0.997923,1.128869,1.128869,False,59.879476,0.66622,170,20.294865,21.768159,1980-10-04,2016-11-25,-0.689285,False,-22.761662,False
Ohio,2017,2017-08-26,1.138276,1.135199,1.128869,1.128869,False,61.731365,0.672958,169,35.421245,31.118332,1980-09-20,2016-11-23,60.280126,False,61.6712,False
Miami (OH),2017,2017-08-26,1.067644,1.087142,1.128869,1.128869,False,64.202953,0.681539,179,31.922184,29.899648,1980-09-13,2016-11-23,38.052217,False,29.556354,False
Western Kentucky,2017,2017-08-26,0.993262,1.056797,1.128869,1.128869,False,34.030749,0.531475,46,19.083487,19.212946,2008-10-11,2016-12-03,30.471257,False,-3.578891,False
Troy,2017,2017-08-26,1.116249,1.121589,1.128869,1.128869,False,40.903662,0.576891,65,27.054402,24.236887,2001-12-01,2016-11-18,63.626346,False,60.721211,False
Alabama,2017,2017-08-26,1.086957,1.098135,1.128869,1.128869,False,82.490982,0.733312,236,66.46949,61.151891,1980-09-06,2016-11-26,92.074282,False,80.549083,False
Auburn,2017,2017-08-26,1.191607,1.174986,1.128869,1.128869,False,83.240374,0.735077,236,60.948085,51.147827,1980-09-20,2016-11-05,110.194778,False,121.618059,False
Georgia,2017,2017-08-26,1.111158,1.11619,1.128869,1.128869,False,75.580496,0.715857,225,56.393596,50.752115,1980-09-13,2016-11-26,79.821656,False,76.106127,False
Georgia Tech,2017,2017-08-26,1.146933,1.141628,1.128869,1.128869,False,72.144467,0.706298,201,43.902346,38.278031,1980-09-20,2016-11-19,65.990398,False,68.5249,False
Florida,2017,2017-08-26,1.15599,1.148558,1.128869,1.128869,False,79.474438,0.725963,228,64.812696,56.06681,1980-09-13,2016-11-12,123.941017,False,131.169482,False
Florida State,2017,2017-08-26,1.101813,1.109411,1.128869,1.128869,False,76.821336,0.719157,216,62.879056,57.068732,1980-09-13,2016-11-27,102.82295,False,94.78423,False
Miami (FL),2017,2017-08-26,1.1737,1.160563,1.128869,1.128869,False,72.375868,0.706962,207,53.035961,45.186983,1980-09-27,2016-11-26,101.368184,False,110.328977,False
South Carolina,2017,2017-08-26,1.199511,1.179771,1.128869,1.128869,False,77.357646,0.72056,217,49.077149,40.914308,1980-10-04,2016-11-05,88.817803,False,98.970926,False
Clemson,2017,2017-08-26,1.203389,1.182011,1.128869,1.128869,False,74.577174,0.713131,205,58.153005,48.324378,1980-09-13,2016-11-27,124.212345,False,140.94676,False
Tennessee,2017,2017-08-26,1.126789,1.127331,1.128869,1.128869,False,85.208391,0.739602,245,59.910811,53.169496,1980-09-06,2016-11-19,81.327527,False,80.962418,False
Vanderbilt,2017,2017-08-26,1.017503,1.049671,1.128869,1.128869,False,73.861071,0.711153,208,26.393482,25.939456,1980-09-20,2016-11-27,16.576857,False,5.87952,False
Kentucky,2017,2017-08-26,1.206859,1.18538,1.128869,1.128869,False,78.932496,0.7246,224,37.466298,31.044474,1980-09-06,2016-11-05,65.584583,False,73.045987,False
LSU,2017,2017-08-26,1.161237,1.152743,1.128869,1.128869,False,84.326057,0.737593,239,65.109657,56.069234,1980-09-06,2016-11-19,114.756806,False,121.909053,False
Mississippi State,2017,2017-08-26,1.134722,1.133007,1.128869,1.128869,False,72.401244,0.707035,200,39.680827,34.969649,1980-09-13,2016-11-20,59.122827,False,59.890048,False
Ole Miss,2017,2017-08-26,1.128799,1.128819,1.128869,1.128869,False,75.903657,0.716724,212,43.412735,38.45923,1980-09-06,2016-11-26,60.852087,False,60.842616,False
UCF,2017,2017-08-26,1.104479,1.113043,1.128869,1.128869,False,55.443283,0.64889,100,32.873525,29.763831,1996-10-19,2016-12-17,56.072177,False,51.760061,False
South Florida,2017,2017-08-26,1.09789,1.109667,1.128869,1.128869,False,48.910572,0.619823,80,25.673646,23.384538,2001-09-29,2016-11-26,44.706268,False,39.89795,False
UAB,2017,2017-08-26,0.977492,1.040642,1.128869,1.128869,False,41.912419,0.582826,86,17.549354,17.953451,1996-09-14,2014-11-22,15.426406,False,-8.597621,False
Idaho,2017,2017-08-26,1.012822,1.05811,1.128869,1.128869,False,46.872601,0.609744,86,17.281962,17.063179,1996-10-19,2016-12-03,19.570195,False,4.350288,False
Massachusetts,2017,2017-08-26,0.586734,0.897774,1.128869,1.128869,False,22.289282,0.426269,27,4.223304,7.197993,2012-09-08,2016-10-15,-30.962293,False,-139.668282,False
Washington,2018,2018-08-25,1.205942,1.184475,1.127449,1.127449,False,79.695635,0.726516,231,52.865948,43.837894,1980-09-13,2017-11-26,100.933159,False,113.233185,False
Washington State,2018,2018-08-25,1.081606,1.095203,1.127449,1.127449,False,71.141844,0.703387,199,34.996489,32.356047,1980-09-13,2017-11-04,42.093548,False,36.090712,False
Oregon,2018,2018-08-25,1.17719,1.163103,1.127449,1.127449,False,75.9283,0.71679,210,58.303496,49.527679,1980-09-06,2017-11-26,109.811862,False,120.443704,False
Oregon State,2018,2018-08-25,1.136389,1.133697,1.127449,1.127449,False,69.658042,0.698971,195,34.26283,30.150627,1980-10-11,2017-11-18,55.092123,False,56.196775,False
California,2018,2018-08-25,1.226205,1.197632,1.127449,1.127449,False,73.688199,0.710671,212,40.20969,32.791992,1980-09-27,2017-11-04,77.441557,False,88.643371,False
Stanford,2018,2018-08-25,1.22669,1.19938,1.127449,1.127449,False,79.017792,0.724816,224,54.304112,44.268822,1980-09-13,2017-11-26,108.708459,False,124.662478,False
USC,2018,2018-08-25,1.201802,1.181824,1.127449,1.127449,False,81.653227,0.731311,230,65.136974,54.199444,1980-09-20,2017-11-19,126.916723,False,143.225932,False
UCLA,2018,2018-08-25,1.276079,1.235048,1.127449,1.127449,False,78.671668,0.723939,221,54.301108,42.553095,1980-09-13,2017-11-25,113.366688,False,134.586219,False
San Jose State,2018,2018-08-25,1.111513,1.117049,1.127449,1.127449,False,56.347175,0.652565,140,24.590358,22.123325,1980-10-11,2017-11-25,40.518307,False,38.621061,False
Fresno State,2018,2018-08-25,1.174793,1.159837,1.127449,1.127449,False,64.963777,0.68409,170,42.144753,35.874184,1980-09-20,2017-11-25,85.078331,False,93.338299,False
San Diego State,2018,2018-08-25,1.164283,1.153166,1.127449,1.127449,False,69.402708,0.698197,197,42.446424,36.45715,1980-09-27,2017-11-24,73.261124,False,78.742583,False
Hawai'i,2018,2018-08-25,1.120298,1.122235,1.127449,1.127449,False,80.723947,0.729056,244,41.486461,37.031646,1980-10-04,2017-11-26,51.99492,False,51.174311,False
Nevada,2018,2018-08-25,1.164977,1.152594,1.127449,1.127449,False,60.916924,0.670028,131,37.614918,32.288127,1992-10-24,2017-11-25,76.672389,False,83.058806,False
UNLV,2018,2018-08-25,1.088169,1.100343,1.127449,1.127449,False,66.801777,0.690088,177,24.719958,22.717012,1980-09-13,2017-11-11,31.286035,False,27.543389,False
Arizona,2018,2018-08-25,1.148228,1.142351,1.127449,1.127449,False,76.073563,0.717177,226,42.86836,37.334369,1980-09-20,2017-11-12,64.121925,False,66.792836,False
Arizona State,2018,2018-08-25,1.236865,1.206466,1.127449,1.127449,False,77.979799,0.72217,232,51.713067,41.809791,1980-09-13,2017-11-25,98.656653,False,113.97635,False
BYU,2018,2018-08-25,1.121965,1.123575,1.127449,1.127449,False,72.170383,0.706373,218,53.340007,47.541614,1980-09-13,2017-11-18,82.642865,False,81.484747,False
Utah,2018,2018-08-25,1.109672,1.1149,1.127449,1.127449,False,71.998622,0.705878,201,48.226853,43.460461,1980-09-20,2017-11-26,65.86949,False,62.764273,False
Utah State,2018,2018-08-25,1.193167,1.171096,1.127449,1.127449,False,59.328198,0.66416,151,31.134645,26.09412,1980-10-04,2017-11-18,69.64888,False,78.642336,False
Boise State,2018,2018-08-25,1.17133,1.157046,1.127449,1.127449,False,62.164657,0.674496,118,55.863368,47.692254,1996-08-31,2017-12-03,179.116893,False,202.012503,False
Colorado,2018,2018-08-25,1.132936,1.131341,1.127449,1.127449,False,73.258726,0.709468,222,38.389549,33.885025,1980-09-27,2017-11-11,58.06055,False,58.762863,False
Colorado State,2018,2018-08-25,1.148812,1.142102,1.127449,1.127449,False,65.512103,0.685904,188,37.276309,32.447713,1980-09-06,2017-11-18,66.248989,False,69.403252,False
Wyoming,2018,2018-08-25,1.23904,1.205012,1.127449,1.127449,False,68.382315,0.695067,196,36.864784,29.752705,1980-09-13,2017-11-18,79.078659,False,92.203985,False
Air Force,2018,2018-08-25,1.163581,1.152655,1.127449,1.127449,False,69.212232,0.697618,205,44.748883,38.457903,1980-09-20,2017-11-26,78.145306,False,83.955438,False
New Mexico,2018,2018-08-25,1.040012,1.066051,1.127449,1.127449,False,70.735163,0.702189,201,30.423735,29.253258,1980-09-06,2017-11-18,24.944501,False,15.14748,False
New Mexico State,2018,2018-08-25,0.996277,1.039138,1.127449,1.127449,False,61.810533,0.67324,154,18.575537,18.644961,1980-09-13,2017-12-02,12.008453,False,-1.153898,False
UTEP,2018,2018-08-25,1.184662,1.167032,1.127449,1.127449,False,67.354757,0.691849,191,28.784543,24.297677,1980-09-20,2017-11-18,56.293217,False,62.105662,False
Kansas,2018,2018-08-25,1.144108,1.139277,1.127449,1.127449,False,73.461048,0.710036,215,28.504144,24.913865,1980-09-13,2017-11-18,51.210536,False,52.942484,False
Kansas State,2018,2018-08-25,1.256531,1.219661,1.127449,1.127449,False,75.03186,0.714372,206,52.76972,41.996359,1980-09-27,2017-11-25,121.635394,False,143.612969,False
Nebraska,2018,2018-08-25,1.147775,1.142527,1.127449,1.127449,False,86.1908,0.741804,250,66.23233,57.704956,1980-09-13,2017-11-24,104.687887,False,108.943352,False
Iowa State,2018,2018-08-25,1.193784,1.174301,1.127449,1.127449,False,72.142135,0.706292,209,29.23379,24.488343,1980-09-13,2017-11-11,55.67863,False,61.715337,False
Oklahoma State,2018,2018-08-25,1.163527,1.153058,1.127449,1.127449,False,73.393307,0.709846,204,48.571591,41.745147,1980-10-04,2017-11-25,84.49927,False,90.562296,False
Tulsa,2018,2018-08-25,1.105065,1.111878,1.127449,1.127449,False,68.5669,0.695638,174,37.93599,34.329188,1980-09-13,2017-11-25,50.594157,False,47.484888,False
Texas,2018,2018-08-25,1.097495,1.105611,1.127449,1.127449,False,80.714095,0.729032,233,56.62823,51.597726,1980-09-01,2017-11-25,67.258828,False,61.872675,False
Texas A&M,2018,2018-08-25,1.13636,1.133886,1.127449,1.127449,False,78.075215,0.722416,222,51.860792,45.637642,1980-09-20,2017-11-12,75.140104,False,76.58563,False
Baylor,2018,2018-08-25,1.133725,1.131813,1.127449,1.127449,False,68.513075,0.695472,196,36.202862,31.932674,1980-10-04,2017-11-18,61.138475,False,62.027203,False
TCU,2018,2018-08-25,1.060828,1.08091,1.127449,1.127449,False,69.523107,0.698562,203,49.406157,46.573188,1980-09-13,2017-11-24,62.360062,False,46.370558,False
Texas Tech,2018,2018-08-25,1.091091,1.102105,1.127449,1.127449,False,69.029637,0.69706,206,41.24624,37.80274,1980-09-06,2017-11-18,52.041118,False,46.354443,False
Houston,2018,2018-08-25,1.165476,1.154323,1.127449,1.127449,False,72.284789,0.706701,202,46.504267,39.901513,1980-09-20,2017-11-24,79.732925,False,85.76481,False
Rice,2018,2018-08-25,1.11385,1.118012,1.127449,1.127449,False,68.015149,0.693925,195,34.63098,31.091236,1980-09-27,2017-11-25,49.009992,False,47.281312,False
SMU,2018,2018-08-25,1.133658,1.131811,1.127449,1.127449,False,70.848943,0.702525,192,31.453078,27.744764,1980-09-13,2017-11-25,48.390806,False,49.060111,False
North Texas,2018,2018-08-25,1.109028,1.115559,1.127449,1.127449,False,54.610374,0.645434,112,26.314616,23.727647,1980-10-04,2017-11-18,42.594486,False,40.205013,False
UTSA,2018,2018-08-25,0.912629,1.031979,1.127449,1.127449,False,23.997461,0.444418,30,10.493929,11.498575,2012-10-20,2017-11-19,12.718273,False,-34.931271,False
Texas State,2018,2018-08-25,0.728995,0.950476,1.127449,1.127449,False,23.971179,0.444148,30,6.661474,9.137892,2012-09-08,2017-11-11,-17.376929,False,-100.05072,False
Louisiana Tech,2018,2018-08-25,1.160796,1.14903,1.127449,1.127449,False,55.027641,0.647174,126,34.888255,30.05547,1981-09-19,2017-11-26,74.264516,False,80.337584,False
Tulane,2018,2018-08-25,1.004301,1.041253,1.127449,1.127449,False,69.980394,0.699941,208,25.680735,25.570744,1980-09-06,2017-11-18,13.735281,False,1.442633,False
Louisiana,2018,2018-08-25,1.050883,1.077703,1.127449,1.127449,False,55.643758,0.649712,139,29.221272,27.806393,1980-09-06,2017-11-25,33.344824,False,21.803671,False
Memphis,2018,2018-08-25,1.080786,1.094517,1.127449,1.127449,False,71.952242,0.705745,200,35.916047,33.231408,1980-09-06,2017-12-30,38.009165,False,32.497004,False
FIU,2018,2018-08-25,1.136752,1.133007,1.127449,1.127449,False,44.532223,0.59749,67,18.875446,16.604721,2005-10-15,2017-12-02,44.078476,False,45.297407,False
Oklahoma,2018,2018-08-25,1.148948,1.143061,1.127449,1.127449,False,79.560849,0.72618,231,66.813743,58.1521,1980-09-13,2017-11-25,136.033384,False,142.837261,False
Arkansas,2018,2018-08-25,1.146781,1.141491,1.127449,1.127449,False,79.627871,0.726347,237,49.433332,43.106163,1980-09-20,2017-11-24,71.19998,False,73.922483,False
Missouri,2018,2018-08-25,1.165591,1.1546,1.127449,1.127449,False,74.108125,0.711838,219,43.336724,37.180042,1980-09-13,2017-11-12,70.341281,False,75.448403,False
Cincinnati,2018,2018-08-25,1.176685,1.161447,1.127449,1.127449,False,66.933452,0.690509,175,41.488099,35.258463,1980-11-08,2017-11-25,74.230125,False,81.434911,False
Louisville,2018,2018-08-25,1.068536,1.086104,1.127449,1.127449,False,70.60268,0.701797,192,47.288656,44.255558,1980-09-06,2017-11-18,52.190741,False,41.243143,False
Arkansas State,2018,2018-08-25,1.267122,1.216648,1.127449,1.127449,False,53.016573,0.638626,114,36.245276,28.604415,1980-09-20,2017-12-03,104.464738,False,130.634969,False
ULM,2018,2018-08-25,1.034252,1.071912,1.127449,1.127449,False,44.242043,0.595916,85,19.932462,19.272336,1980-11-22,2017-11-25,26.230934,False,12.527322,False
FAU,2018,2018-08-25,1.087741,1.104086,1.127449,1.127449,False,42.880342,0.588366,65,20.11191,18.489615,2005-09-08,2017-12-20,37.826324,False,31.925579,False
Georgia Southern,2018,2018-08-25,1.060447,1.105635,1.127449,1.127449,False,14.48177,0.325566,17,9.060887,8.544407,2014-09-25,2017-11-18,59.943778,False,33.929296,False
Georgia State,2018,2018-08-25,0.608136,0.926147,1.127449,1.127449,False,18.990076,0.387631,23,4.359737,7.169012,2013-10-12,2017-12-02,-24.200563,False,-140.055166,False
Middle Tennessee,2018,2018-08-25,1.18958,1.16613,1.127449,1.127449,False,49.486227,0.622576,88,31.466038,26.451381,1999-11-13,2017-11-25,73.429569,False,84.188924,False
South Alabama,2018,2018-08-25,1.114396,1.121551,1.127449,1.127449,False,24.731129,0.451866,31,12.01842,10.784691,2012-09-01,2017-11-11,43.228117,False,40.694793,False
Southern Miss,2018,2018-08-25,1.009808,1.047765,1.127449,1.127449,False,62.980082,0.67735,169,37.111634,36.751177,1980-09-20,2017-11-18,25.812465,False,5.251672,False
Michigan,2018,2018-08-25,1.159732,1.151505,1.127449,1.127449,False,87.729595,0.745179,249,68.032882,58.662591,1980-09-13,2017-11-25,107.173478,False,113.676668,False
Michigan State,2018,2018-08-25,1.12303,1.1242,1.127449,1.127449,False,83.304974,0.735228,236,56.306095,50.137674,1980-09-27,2017-11-18,72.720689,False,72.004599,False
Ohio State,2018,2018-08-25,1.167323,1.157299,1.127449,1.127449,False,89.333239,0.748603,255,78.385166,67.149494,1980-09-13,2017-11-18,160.849484,False,174.320993,False
Indiana,2018,2018-08-25,1.112374,1.116696,1.127449,1.127449,False,74.639447,0.713301,218,32.300672,29.037607,1980-09-13,2017-11-18,41.145024,False,39.641406,False
Purdue,2018,2018-08-25,1.144227,1.139596,1.127449,1.127449,False,78.697604,0.724005,226,37.08318,32.408946,1980-09-20,2017-11-25,52.933881,False,54.672506,False
Illinois,2018,2018-08-25,1.025995,1.054186,1.127449,1.127449,False,77.964525,0.722131,224,33.310223,32.466266,1980-09-06,2017-11-25,20.999111,False,10.105931,False
Northwestern,2018,2018-08-25,1.116234,1.119403,1.127449,1.127449,False,76.15687,0.717399,215,39.873694,35.721629,1980-10-04,2017-11-18,50.109441,False,48.776125,False
Wisconsin,2018,2018-08-25,1.155228,1.147737,1.127449,1.127449,False,81.253274,0.730345,236,63.670368,55.114969,1980-09-13,2017-11-18,114.770488,False,121.381282,False
Minnesota,2018,2018-08-25,1.186339,1.17005,1.127449,1.127449,False,78.461251,0.723404,222,42.928138,36.185379,1980-09-13,2017-11-25,69.438818,False,76.10655,False
Iowa,2018,2018-08-25,1.180811,1.166098,1.127449,1.127449,False,78.802935,0.724272,224,53.407137,45.229182,1980-09-27,2017-11-18,93.123493,False,101.866357,False
Notre Dame,2018,2018-08-25,1.155889,1.148395,1.127449,1.127449,False,83.864242,0.736528,242,59.686363,51.636782,1980-09-06,2017-11-18,86.628158,False,91.297222,False
Toledo,2018,2018-08-25,1.200758,1.178372,1.127449,1.127449,False,68.242188,0.694632,194,50.585406,42.127887,1980-09-27,2017-11-24,108.674732,False,123.779032,False
Ball State,2018,2018-08-25,0.975241,1.026464,1.127449,1.127449,False,59.144065,0.663466,168,27.89553,28.603726,1980-09-20,2017-11-22,11.155109,False,-10.446593,False
Western Michigan,2018,2018-08-25,1.038156,1.067608,1.127449,1.127449,False,60.954305,0.670164,182,37.043363,35.681884,1980-09-06,2017-11-09,36.641463,False,20.538732,False
Bowling Green,2018,2018-08-25,0.970948,1.021748,1.127449,1.127449,False,62.422676,0.675404,176,34.528526,35.561653,1980-09-13,2017-11-16,11.115364,False,-14.74081,False
Central Michigan,2018,2018-08-25,1.071342,1.089961,1.127449,1.127449,False,60.404352,0.668158,178,33.244011,31.030242,1980-09-06,2017-11-24,42.067778,False,33.309505,False
Eastern Michigan,2018,2018-08-25,0.947961,1.007223,1.127449,1.127449,False,60.861402,0.669827,172,19.989166,21.086476,1980-10-18,2017-11-22,2.313921,False,-16.885254,False
Northern Illinois,2018,2018-08-25,1.177677,1.16065,1.127449,1.127449,False,58.496291,0.661003,160,41.34742,35.109306,1980-09-13,2017-11-16,95.068509,False,105.933336,False
Penn State,2018,2018-08-25,1.187983,1.172405,1.127449,1.127449,False,86.572156,0.742649,245,67.617634,56.917999,1980-09-27,2017-11-18,123.215879,False,135.907504,False
Pittsburgh,2018,2018-08-25,1.101808,1.10905,1.127449,1.127449,False,76.215597,0.717556,226,43.529201,39.507081,1980-09-13,2017-11-24,49.429159,False,46.108181,False
West Virginia,2018,2018-08-25,1.161456,1.151789,1.127449,1.127449,False,75.531802,0.715726,220,52.997327,45.630062,1980-09-06,2017-11-18,88.31214,False,94.33332,False
Maryland,2018,2018-08-25,1.066137,1.084441,1.127449,1.127449,False,70.490911,0.701466,203,33.051526,31.00119,1980-09-13,2017-11-25,32.054766,False,25.129431,False
Virginia,2018,2018-08-25,1.17251,1.159681,1.127449,1.127449,False,75.373968,0.7153,209,40.899681,34.882172,1980-09-13,2017-11-25,64.215732,False,69.370253,False
Virginia Tech,2018,2018-08-25,1.095425,1.10479,1.127449,1.127449,False,72.587115,0.707566,205,53.196939,48.56282,1980-10-18,2017-11-18,73.337927,False,66.359588,False
NC State,2018,2018-08-25,1.150091,1.14348,1.127449,1.127449,False,72.751431,0.708033,207,41.532935,36.112743,1980-09-27,2017-11-25,62.82177,False,65.743252,False
Wake Forest,2018,2018-08-25,1.118061,1.120893,1.127449,1.127449,False,69.441354,0.698315,187,30.143398,26.960433,1980-09-06,2017-11-25,41.428239,False,40.469728,False
Duke,2018,2018-08-25,0.99707,1.035917,1.127449,1.127449,False,70.685173,0.702042,199,25.360916,25.43544,1980-09-06,2017-11-18,11.877584,False,-0.97518,False
North Carolina,2018,2018-08-25,1.094148,1.103931,1.127449,1.127449,False,72.123536,0.706238,213,40.253249,36.789577,1980-09-27,2017-10-28,46.438287,False,42.037977,False
Old Dominion,2018,2018-08-25,1.192091,1.151584,1.127449,1.127449,False,17.875194,0.373371,21,10.245357,8.594444,2014-09-13,2017-11-18,61.049997,False,77.709662,False
Marshall,2018,2018-08-25,1.198222,1.173485,1.127449,1.127449,False,55.830233,0.650473,107,39.492922,32.959603,1980-09-13,2017-11-25,97.90091,False,112.947074,False
East Carolina,2018,2018-08-25,1.146047,1.140314,1.127449,1.127449,False,67.324594,0.691753,176,39.084251,34.103525,1980-09-13,2017-11-18,61.483616,False,64.034653,False
Coastal Carolina,2018,2018-08-25,0.719874,1.072067,1.127449,1.127449,False,4.717461,0.135882,5,1.885268,2.618885,2017-09-02,2017-12-02,42.870951,False,-156.444194,False
Appalachian State,2018,2018-08-25,1.06884,1.106048,1.127449,1.127449,False,17.254567,0.365141,21,13.776683,12.889376,1981-11-07,2017-12-02,90.056365,False,55.765826,False
Charlotte,2018,2018-08-25,0.200407,0.84386,1.127449,1.127449,False,13.221901,0.305907,15,0.943225,4.706545,2015-09-26,2017-11-25,-51.841642,False,-384.184661,False
Rutgers,2018,2018-08-25,1.070472,1.087216,1.127449,1.127449,False,72.083814,0.706124,196,32.678603,30.527291,1980-09-20,2017-11-25,34.169063,False,27.633467,False
Syracuse,2018,2018-08-25,1.109804,1.11491,1.127449,1.127449,False,73.668404,0.710616,219,36.303835,32.711945,1980-09-20,2017-11-25,48.361701,False,46.223204,False
Boston College,2018,2018-08-25,1.086931,1.098778,1.127449,1.127449,False,72.599021,0.7076,207,39.01849,35.89787,1980-09-20,2017-11-11,44.358027,False,39.015387,False
UConn,2018,2018-08-25,1.08189,1.098173,1.127449,1.127449,False,53.9392,0.642598,94,26.538944,24.53016,2000-10-28,2017-11-04,37.725142,False,31.48607,False
Temple,2018,2018-08-25,1.075346,1.09165,1.127449,1.127449,False,65.871634,0.687082,175,29.873463,27.780318,1980-09-13,2017-11-18,36.816006,False,30.298525,False
Army,2018,2018-08-25,1.080496,1.096318,1.127449,1.127449,False,59.02686,0.663023,171,23.599158,21.841045,1980-09-20,2017-11-11,32.102253,False,26.886525,False
Navy,2018,2018-08-25,1.185494,1.166631,1.127449,1.127449,False,62.315306,0.675027,166,38.491933,32.469097,1980-09-20,2017-12-28,76.689072,False,85.69567,False
Buffalo,2018,2018-08-25,1.049417,1.078317,1.127449,1.127449,False,51.001015,0.629634,94,19.246351,18.340038,1999-09-11,2017-11-24,24.672723,False,15.647549,False
Akron,2018,2018-08-25,1.091273,1.103481,1.127449,1.127449,False,58.900033,0.662542,136,26.638797,24.41076,1987-09-12,2017-11-22,38.91092,False,34.358806,False
Kent State,2018,2018-08-25,0.913679,0.985208,1.127449,1.127449,False,59.657135,0.665392,174,19.882244,21.760652,1980-10-04,2017-11-15,-4.882796,False,-28.916777,False
Ohio,2018,2018-08-25,1.151174,1.143465,1.127449,1.127449,False,62.323822,0.675057,174,36.829065,31.992618,1980-09-20,2017-11-09,65.195474,False,68.770972,False
Miami (OH),2018,2018-08-25,1.035005,1.064311,1.127449,1.127449,False,64.633135,0.682986,184,31.681195,30.609715,1980-09-13,2017-11-16,28.010088,False,15.255595,False
Liberty,2018,2018-08-25,,1.127449,1.127449,1.127449,False,0.0,0.0,0,0.0,0.0,,,62.669842,False,,False
Western Kentucky,2018,2018-08-25,0.960207,1.035689,1.127449,1.127449,False,36.469255,0.548664,51,20.638197,21.493486,2008-10-11,2017-11-18,20.098093,False,-22.046442,False
Troy,2018,2018-08-25,1.093979,1.107754,1.127449,1.127449,False,42.892727,0.588436,70,29.02623,26.532709,2001-12-01,2017-11-24,61.266321,False,53.12636,False
Alabama,2018,2018-08-25,1.089461,1.099579,1.127449,1.127449,False,82.62855,0.733638,242,67.676423,62.119205,1980-09-06,2017-11-05,98.616556,False,87.458862,False
Auburn,2018,2018-08-25,1.220276,1.195707,1.127449,1.127449,False,83.343885,0.735319,242,62.53951,51.250278,1980-09-20,2017-11-25,124.176757,False,141.539088,False
Georgia,2018,2018-08-25,1.132906,1.131351,1.127449,1.127449,False,75.244506,0.714949,230,57.338248,50.61164,1980-09-13,2017-11-18,91.854172,False,93.045943,False
Georgia Tech,2018,2018-08-25,1.182419,1.166259,1.127449,1.127449,False,72.046566,0.706017,206,44.739973,37.837649,1980-09-20,2017-11-25,76.499507,False,84.180505,False
Florida,2018,2018-08-25,1.142286,1.138233,1.127449,1.127449,False,79.826777,0.726843,234,63.311436,55.425195,1980-09-13,2017-11-25,107.570238,False,111.128493,False
Florida State,2018,2018-08-25,1.074156,1.08918,1.127449,1.127449,False,76.412528,0.718078,221,60.578661,56.396518,1980-09-13,2017-12-02,79.228715,False,64.824291,False
Miami (FL),2018,2018-08-25,1.196698,1.176754,1.127449,1.127449,False,74.165874,0.711998,214,55.160802,46.094184,1980-09-27,2017-12-31,110.354039,False,124.001559,False
South Carolina,2018,2018-08-25,1.217775,1.19265,1.127449,1.127449,False,77.851452,0.72184,223,49.571883,40.70694,1980-10-04,2017-11-26,92.771835,False,105.396254,False
Clemson,2018,2018-08-25,1.19672,1.176973,1.127449,1.127449,False,75.240303,0.714938,211,59.912376,50.063838,1980-09-13,2017-11-11,129.806642,False,146.666317,False
Tennessee,2018,2018-08-25,1.100856,1.107782,1.127449,1.127449,False,85.184451,0.739548,251,57.795986,52.500931,1980-09-06,2017-11-25,66.871844,False,62.413506,False
Vanderbilt,2018,2018-08-25,1.017043,1.048712,1.127449,1.127449,False,74.588252,0.713161,214,26.514548,26.070233,1980-09-20,2017-11-19,16.05163,False,5.652473,False
Kentucky,2018,2018-08-25,1.187492,1.171015,1.127449,1.127449,False,79.322243,0.725582,230,37.790261,31.82359,1980-09-06,2017-11-25,61.315918,False,67.133454,False
LSU,2018,2018-08-25,1.154803,1.147567,1.127449,1.127449,False,83.414016,0.735482,244,64.540753,55.888982,1980-09-06,2017-11-26,111.99504,False,118.145862,False
Mississippi State,2018,2018-08-25,1.132626,1.131121,1.127449,1.127449,False,73.233192,0.709396,206,40.800218,36.022684,1980-09-13,2017-11-24,59.87163,False,60.564479,False
Ole Miss,2018,2018-08-25,1.107398,1.113046,1.127449,1.127449,False,76.497013,0.718302,218,43.338583,39.135525,1980-09-06,2017-11-19,53.335258,False,50.645641,False
UCF,2018,2018-08-25,1.150654,1.142689,1.127449,1.127449,False,57.405368,0.656772,106,36.342043,31.58381,1996-10-19,2017-12-02,73.2163,False,77.433801,False
South Florida,2018,2018-08-25,1.09344,1.106137,1.127449,1.127449,False,50.3552,0.626658,85,27.724759,25.355541,2001-09-29,2017-11-17,46.370366,False,40.789731,False
UAB,2018,2018-08-25,1.073091,1.095179,1.127449,1.127449,False,43.829869,0.59366,91,21.092933,19.656241,1996-09-14,2017-11-25,37.846727,False,29.094518,False
Massachusetts,2018,2018-08-25,0.734086,0.946723,1.127449,1.127449,False,25.497739,0.459437,32,5.829121,7.940646,2012-09-08,2017-10-28,-15.403398,False,-82.212246,False
Washington,2019,2019-08-24,1.214586,1.190637,1.127497,1.127497,False,79.091744,0.725002,236,54.052822,44.503086,1980-09-13,2018-11-17,107.972556,False,122.379526,False
Washington State,2019,2019-08-24,1.10258,1.109904,1.127497,1.127497,False,72.055905,0.706043,205,37.373584,33.896489,1980-09-13,2018-11-24,49.781074,False,46.454978,False
Oregon,2019,2019-08-24,1.197953,1.178108,1.127497,1.127497,False,76.506613,0.718327,216,59.119782,49.350656,1980-09-06,2018-11-18,118.587279,False,133.556791,False
Oregon State,2019,2019-08-24,1.097167,1.106291,1.127497,1.127497,False,69.726268,0.699177,200,31.975935,29.144094,1980-10-11,2018-11-23,42.596007,False,38.965109,False
California,2019,2019-08-24,1.206482,1.183792,1.127497,1.127497,False,74.430895,0.712729,218,40.354533,33.448104,1980-09-27,2018-12-01,72.165915,False,81.090026,False
Stanford,2019,2019-08-24,1.220403,1.194702,1.127497,1.127497,False,78.446659,0.723366,229,53.49713,43.835642,1980-09-13,2018-11-11,104.755554,False,119.498896,False
USC,2019,2019-08-24,1.176273,1.163191,1.127497,1.127497,False,81.859444,0.731806,236,63.604238,54.072687,1980-09-20,2018-11-25,111.700652,False,121.854474,False
UCLA,2019,2019-08-24,1.254162,1.219623,1.127497,1.127497,False,80.018698,0.727319,228,52.5684,41.91515,1980-09-13,2018-11-24,101.936492,False,118.745002,False
San Jose State,2019,2019-08-24,1.095316,1.106495,1.127497,1.127497,False,56.359351,0.652614,144,23.893537,21.814283,1980-10-11,2018-11-17,36.297259,False,32.525817,False
Fresno State,2019,2019-08-24,1.181149,1.164269,1.127497,1.127497,False,65.352311,0.685377,175,44.056358,37.299567,1980-09-20,2018-11-25,92.681658,False,102.693458,False
San Diego State,2019,2019-08-24,1.142699,1.138158,1.127497,1.127497,False,70.428182,0.701279,203,43.37425,37.957727,1980-09-27,2018-11-25,68.447576,False,70.764345,False
Hawai'i,2019,2019-08-24,1.141234,1.13752,1.127497,1.127497,False,80.985211,0.729694,250,42.477339,37.220549,1980-10-04,2018-11-18,58.04294,False,59.605567,False
Nevada,2019,2019-08-24,1.18796,1.16815,1.127497,1.127497,False,61.562848,0.672356,136,37.933097,31.931285,1992-10-24,2018-11-11,82.149849,False,92.082631,False
UNLV,2019,2019-08-24,1.095483,1.105378,1.127497,1.127497,False,67.058517,0.690908,182,24.955614,22.780459,1980-09-13,2018-11-25,33.120853,False,30.056909,False
Arizona,2019,2019-08-24,1.147629,1.141966,1.127497,1.127497,False,76.651112,0.718709,232,42.838378,37.327709,1980-09-20,2018-11-24,62.509754,False,65.022388,False
Arizona State,2019,2019-08-24,1.258926,1.22256,1.127497,1.127497,False,78.420998,0.723301,238,52.96441,42.071098,1980-09-13,2018-11-10,106.824669,False,125.398568,False
BYU,2019,2019-08-24,1.100667,1.108553,1.127497,1.127497,False,72.065023,0.70607,223,51.670376,46.944595,1980-09-13,2018-11-18,69.649841,False,64.318115,False
Utah,2019,2019-08-24,1.121287,1.123115,1.127497,1.127497,False,71.912246,0.705629,206,48.78998,43.51249,1980-09-20,2018-11-25,70.615522,False,69.522713,False
Utah State,2019,2019-08-24,1.215129,1.185943,1.127497,1.127497,False,60.076062,0.666948,156,33.764306,27.786596,1980-10-04,2018-11-10,80.692511,False,93.503422,False
Boise State,2019,2019-08-24,1.153808,1.145467,1.127497,1.127497,False,64.628849,0.682972,125,56.856468,49.277236,1996-08-31,2018-12-02,155.70706,False,167.395239,False
Colorado,2019,2019-08-24,1.110161,1.115206,1.127497,1.127497,False,73.088942,0.708989,227,37.707409,33.965701,1980-09-27,2018-11-17,51.332075,False,49.092018,False
Colorado State,2019,2019-08-24,1.137697,1.134504,1.127497,1.127497,False,65.84315,0.686989,193,36.665988,32.228256,1980-09-06,2018-11-17,61.484584,False,62.951894,False
Wyoming,2019,2019-08-24,1.21903,1.19116,1.127497,1.127497,False,68.529271,0.695522,201,36.298205,29.776312,1980-09-13,2018-11-17,73.205465,False,83.848797,False
Air Force,2019,2019-08-24,1.161698,1.151367,1.127497,1.127497,False,69.313434,0.697926,210,44.598955,38.391169,1980-09-20,2018-11-22,76.848632,False,82.292189,False
New Mexico,2019,2019-08-24,0.998976,1.037249,1.127497,1.127497,False,70.740273,0.702205,206,28.393083,28.422179,1980-09-06,2018-11-24,13.774447,False,-0.380437,False
New Mexico State,2019,2019-08-24,0.972906,1.023625,1.127497,1.127497,False,61.439665,0.671915,158,18.276602,18.785586,1980-09-13,2018-10-20,7.232607,False,-8.395084,False
UTEP,2019,2019-08-24,1.149829,1.142963,1.127497,1.127497,False,67.57905,0.692557,196,26.8633,23.362873,1980-09-20,2018-11-24,47.333221,False,49.556341,False
Kansas,2019,2019-08-24,1.178263,1.163516,1.127497,1.127497,False,73.273842,0.70951,220,28.483076,24.173792,1980-09-13,2018-11-23,58.298024,False,63.386582,False
Kansas State,2019,2019-08-24,1.27452,1.232781,1.127497,1.127497,False,75.673217,0.716106,212,53.021767,41.601352,1980-09-27,2018-11-17,124.993197,False,149.065482,False
Nebraska,2019,2019-08-24,1.161925,1.153028,1.127497,1.127497,False,86.088598,0.741577,256,64.650078,55.640498,1980-09-13,2018-11-17,105.971412,False,112.696565,False
Iowa State,2019,2019-08-24,1.236046,1.204425,1.127497,1.127497,False,72.985304,0.708696,215,32.003924,25.892178,1980-09-13,2018-11-25,67.484546,False,77.620524,False
Oklahoma State,2019,2019-08-24,1.164845,1.154086,1.127497,1.127497,False,74.139376,0.711925,210,49.095453,42.147628,1980-10-04,2018-11-17,84.762552,False,90.964365,False
Tulsa,2019,2019-08-24,1.102009,1.109755,1.127497,1.127497,False,68.708857,0.696076,179,37.299173,33.846524,1980-09-13,2018-11-24,48.539301,False,45.091992,False
Texas,2019,2019-08-24,1.123014,1.124226,1.127497,1.127497,False,80.974218,0.729667,239,57.550246,51.246235,1980-09-01,2018-11-18,77.792471,False,76.992944,False
Texas A&M,2019,2019-08-24,1.167224,1.156241,1.127497,1.127497,False,78.522588,0.72356,228,53.122127,45.511527,1980-09-20,2018-11-25,86.472505,False,92.876357,False
Baylor,2019,2019-08-24,1.160529,1.150483,1.127497,1.127497,False,68.65004,0.695895,201,36.611162,31.546971,1980-10-04,2018-11-17,67.652255,False,72.176838,False
TCU,2019,2019-08-24,1.063235,1.08259,1.127497,1.127497,False,69.602483,0.698803,208,48.94341,46.032557,1980-09-13,2018-11-25,61.281913,False,46.459649,False
Texas Tech,2019,2019-08-24,1.076164,1.091698,1.127497,1.127497,False,69.134974,0.697382,211,40.373439,37.516054,1980-09-06,2018-11-11,45.933825,False,38.082463,False
Houston,2019,2019-08-24,1.193135,1.173863,1.127497,1.127497,False,72.176096,0.706389,207,47.16914,39.533799,1980-09-20,2018-11-16,88.1924,False,98.502749,False
Rice,2019,2019-08-24,1.100306,1.108614,1.127497,1.127497,False,68.18787,0.694463,200,33.269024,30.236163,1980-09-27,2018-11-24,44.007257,False,40.651845,False
SMU,2019,2019-08-24,1.150046,1.143337,1.127497,1.127497,False,70.832512,0.702477,197,31.237683,27.162126,1980-09-13,2018-11-17,51.273634,False,53.634436,False
North Texas,2019,2019-08-24,1.126679,1.126965,1.127497,1.127497,False,55.67386,0.649835,117,28.327248,25.142246,1980-10-04,2018-11-16,48.692289,False,48.583003,False
UTSA,2019,2019-08-24,0.87379,1.004909,1.127497,1.127497,False,28.048008,0.483186,36,11.671205,13.356988,2012-10-20,2018-11-25,1.954884,False,-50.694748,False
Texas State,2019,2019-08-24,0.732827,0.940204,1.127497,1.127497,False,27.094527,0.474556,35,7.161329,9.772193,2012-09-08,2018-11-24,-20.178764,False,-95.145456,False
Louisiana Tech,2019,2019-08-24,1.109298,1.115711,1.127497,1.127497,False,55.135416,0.64762,130,34.450012,31.055689,1981-09-19,2018-11-24,60.421954,False,56.989152,False
Tulane,2019,2019-08-24,1.022314,1.053862,1.127497,1.127497,False,70.023027,0.700069,213,26.802634,26.217607,1980-09-06,2018-11-24,18.32266,False,7.633754,False
Louisiana,2019,2019-08-24,1.096225,1.107052,1.127497,1.127497,False,56.6497,0.653778,144,31.052573,28.326818,1980-09-06,2018-11-17,45.692915,False,41.03765,False
Memphis,2019,2019-08-24,1.103916,1.110797,1.127497,1.127497,False,72.803969,0.708182,206,38.23106,34.632224,1980-09-06,2018-11-23,46.400222,False,43.513741,False
FIU,2019,2019-08-24,1.122573,1.124486,1.127497,1.127497,False,47.211811,0.611458,73,20.437771,18.206179,2005-10-15,2018-11-24,41.99951,False,41.363719,False
Oklahoma,2019,2019-08-24,1.146487,1.141347,1.127497,1.127497,False,80.838342,0.729336,238,68.94205,60.133312,1980-09-13,2018-11-18,143.571078,False,150.043301,False
Arkansas,2019,2019-08-24,1.125861,1.126307,1.127497,1.127497,False,79.967609,0.727192,243,47.077097,41.814319,1980-09-20,2018-11-11,61.395357,False,61.1756,False
Missouri,2019,2019-08-24,1.156899,1.148484,1.127497,1.127497,False,74.819721,0.713794,225,44.219471,38.22242,1980-09-13,2018-11-23,68.956288,False,72.953085,False
Cincinnati,2019,2019-08-24,1.203837,1.180272,1.127497,1.127497,False,67.187121,0.691317,180,43.440134,36.084731,1980-11-08,2018-11-23,85.076996,False,96.683644,False
Louisville,2019,2019-08-24,1.030568,1.059203,1.127497,1.127497,False,71.549678,0.704578,198,45.069325,43.732508,1980-09-06,2018-11-25,34.192866,False,17.496958,False
Arkansas State,2019,2019-08-24,1.262013,1.214082,1.127497,1.127497,False,54.194463,0.643682,119,37.60114,29.79458,1980-09-20,2018-11-17,105.786943,False,131.444562,False
ULM,2019,2019-08-24,1.028111,1.06783,1.127497,1.127497,False,45.065777,0.600351,89,20.491016,19.930744,1980-11-22,2018-11-24,25.059331,False,10.411542,False
FAU,2019,2019-08-24,1.054966,1.084081,1.127497,1.127497,False,44.735528,0.598584,70,21.592979,20.467936,2005-09-08,2018-11-24,32.754214,False,21.441971,False
Georgia Southern,2019,2019-08-24,1.223031,1.163597,1.127497,1.127497,False,18.222221,0.37788,22,12.216166,9.988437,2014-09-25,2018-11-10,81.758444,False,112.71114,False
Georgia State,2019,2019-08-24,0.571648,0.889639,1.127497,1.127497,False,22.439996,0.427918,28,5.008218,8.761012,2013-10-12,2018-11-24,-36.517585,False,-155.365156,False
Middle Tennessee,2019,2019-08-24,1.210465,1.179703,1.127497,1.127497,False,50.911954,0.629227,93,33.143762,27.381011,1999-11-13,2018-12-01,80.324393,False,94.724794,False
South Alabama,2019,2019-08-24,1.141196,1.134084,1.127497,1.127497,False,27.792174,0.480899,36,13.102555,11.481428,2012-09-01,2018-11-23,45.644567,False,48.041731,False
Southern Miss,2019,2019-08-24,1.038411,1.066999,1.127497,1.127497,False,63.487609,0.679102,174,38.41003,36.989222,1980-09-20,2018-11-17,35.855693,False,20.405524,False
Michigan,2019,2019-08-24,1.173127,1.161571,1.127497,1.127497,False,88.461652,0.746753,256,70.079608,59.737447,1980-09-13,2018-11-17,117.737938,False,127.368157,False
Michigan State,2019,2019-08-24,1.105815,1.111504,1.127497,1.127497,False,84.34345,0.737633,243,56.31569,50.926859,1980-09-27,2018-11-24,65.32577,False,61.870316,False
Ohio State,2019,2019-08-24,1.16637,1.156648,1.127497,1.127497,False,89.957034,0.74991,262,79.739697,68.36568,1980-09-13,2018-11-24,168.868695,False,182.933947,False
Indiana,2019,2019-08-24,1.075982,1.090528,1.127497,1.127497,False,76.250234,0.717648,225,32.964452,30.636607,1980-09-13,2018-11-24,32.697234,False,27.488487,False
Purdue,2019,2019-08-24,1.141038,1.137345,1.127497,1.127497,False,80.027354,0.727341,233,37.435225,32.808056,1980-09-20,2018-11-17,51.366551,False,52.732907,False
Illinois,2019,2019-08-24,1.041174,1.065271,1.127497,1.127497,False,77.469412,0.720851,229,32.96714,31.663432,1980-09-06,2018-11-17,24.870152,False,15.733136,False
Northwestern,2019,2019-08-24,1.074256,1.08909,1.127497,1.127497,False,77.66762,0.721365,222,40.048262,37.280012,1980-10-04,2018-11-24,38.438227,False,32.031023,False
Wisconsin,2019,2019-08-24,1.119169,1.121391,1.127497,1.127497,False,82.416378,0.733135,243,64.120562,57.293027,1980-09-13,2018-11-24,99.137887,False,97.126641,False
Minnesota,2019,2019-08-24,1.224347,1.197888,1.127497,1.127497,False,79.811606,0.726805,229,44.761201,36.559258,1980-09-13,2018-11-17,79.979673,False,90.720466,False
Iowa,2019,2019-08-24,1.185139,1.169302,1.127497,1.127497,False,79.191366,0.725253,230,53.605231,45.231159,1980-09-27,2018-11-23,92.719011,False,101.915274,False
Notre Dame,2019,2019-08-24,1.170361,1.159071,1.127497,1.127497,False,83.9025,0.736617,248,61.338389,52.409793,1980-09-06,2018-11-11,95.873879,False,103.259762,False
Toledo,2019,2019-08-24,1.189414,1.170715,1.127497,1.127497,False,69.341002,0.69801,200,50.982527,42.863582,1980-09-27,2018-11-23,103.549484,False,116.01402,False
Ball State,2019,2019-08-24,0.989468,1.035525,1.127497,1.127497,False,59.905635,0.666317,173,27.920629,28.217833,1980-09-20,2018-11-13,14.531465,False,-4.31658,False
Western Michigan,2019,2019-08-24,1.017714,1.053669,1.127497,1.127497,False,61.599377,0.672487,187,36.460573,35.825946,1980-09-06,2018-11-21,28.453459,False,9.321937,False
Bowling Green,2019,2019-08-24,0.927003,0.991702,1.127497,1.127497,False,62.966698,0.677304,181,32.223897,34.76136,1980-09-13,2018-11-23,-4.07981,False,-35.722359,False
Central Michigan,2019,2019-08-24,0.99488,1.038561,1.127497,1.127497,False,61.081274,0.670624,183,31.025117,31.184788,1980-09-06,2018-11-10,17.745235,False,-2.352071,False
Eastern Michigan,2019,2019-08-24,0.978062,1.027048,1.127497,1.127497,False,61.51782,0.672195,177,21.489675,21.971681,1980-10-18,2018-11-10,8.819576,False,-7.221918,False
Northern Illinois,2019,2019-08-24,1.163535,1.151428,1.127497,1.127497,False,59.301133,0.664058,165,41.413246,35.592597,1980-09-13,2018-11-15,88.461007,False,96.026812,False
Penn State,2019,2019-08-24,1.176949,1.164311,1.127497,1.127497,False,87.387746,0.744437,252,67.816909,57.620928,1980-09-27,2018-11-24,116.783895,False,126.927564,False
Pittsburgh,2019,2019-08-24,1.134972,1.132853,1.127497,1.127497,False,75.833626,0.716536,231,44.392991,39.113729,1980-09-13,2018-11-10,59.442048,False,60.406296,False
West Virginia,2019,2019-08-24,1.17659,1.162591,1.127497,1.127497,False,75.209955,0.714856,225,53.230047,45.240938,1980-09-06,2018-11-24,94.357832,False,103.12286,False
Maryland,2019,2019-08-24,1.072937,1.089072,1.127497,1.127497,False,71.441594,0.704263,209,33.670159,31.381292,1980-09-13,2018-11-17,33.927815,False,27.801485,False
Virginia,2019,2019-08-24,1.20645,1.184104,1.127497,1.127497,False,75.99729,0.716974,215,42.878457,35.541028,1980-09-13,2018-11-10,74.865163,False,83.984277,False
Virginia Tech,2019,2019-08-24,1.077312,1.091869,1.127497,1.127497,False,73.421352,0.709925,211,51.546378,47.847203,1980-10-18,2018-12-01,60.016676,False,50.117709,False
NC State,2019,2019-08-24,1.150881,1.144106,1.127497,1.127497,False,73.554842,0.710298,213,43.473233,37.773889,1980-09-27,2018-12-01,65.785645,False,68.92898,False
Wake Forest,2019,2019-08-24,1.052605,1.07497,1.127497,1.127497,False,70.455479,0.70136,193,29.070931,27.618092,1980-09-06,2018-11-17,26.06308,False,18.340667,False
Duke,2019,2019-08-24,0.954573,1.006099,1.127497,1.127497,False,70.680765,0.702028,204,25.549495,26.765373,1980-09-06,2018-11-24,2.107369,False,-15.820586,False
North Carolina,2019,2019-08-24,1.093756,1.10377,1.127497,1.127497,False,71.085048,0.70322,217,38.504746,35.204146,1980-09-27,2018-11-24,45.119481,False,40.751999,False
Old Dominion,2019,2019-08-24,1.227209,1.168999,1.127497,1.127497,False,21.38951,0.416223,26,11.446743,9.327463,2014-09-13,2018-11-10,62.725904,False,84.455791,False
Marshall,2019,2019-08-24,1.182737,1.163649,1.127497,1.127497,False,56.821045,0.654462,112,39.695409,33.562331,1980-09-13,2018-11-17,91.701425,False,103.131707,False
East Carolina,2019,2019-08-24,1.153884,1.145846,1.127497,1.127497,False,68.485544,0.695387,182,39.299188,34.058176,1980-09-13,2018-11-18,62.805711,False,66.31504,False
Coastal Carolina,2019,2019-08-24,0.655237,1.017387,1.127497,1.127497,False,9.121278,0.233154,10,2.695172,4.113278,2017-09-02,2018-11-17,7.275412,False,-153.886526,False
Appalachian State,2019,2019-08-24,1.122124,1.125295,1.127497,1.127497,False,20.834133,0.409845,26,17.588383,15.67419,1981-11-07,2018-12-01,112.928472,False,109.522195,False
Charlotte,2019,2019-08-24,0.673595,0.963033,1.127497,1.127497,False,17.046462,0.362332,20,3.703347,5.497885,2015-09-26,2018-11-17,-11.174331,False,-108.300953,False
Rutgers,2019,2019-08-24,1.04379,1.067968,1.127497,1.127497,False,73.863919,0.711161,203,31.431943,30.113271,1980-09-20,2018-11-17,26.231516,False,16.931887,False
Syracuse,2019,2019-08-24,1.154253,1.146495,1.127497,1.127497,False,73.461262,0.710036,224,38.590615,33.433399,1980-09-20,2018-11-10,63.230415,False,66.573607,False
Boston College,2019,2019-08-24,1.104829,1.111405,1.127497,1.127497,False,73.410276,0.709893,213,40.174417,36.362578,1980-09-20,2018-11-24,49.788544,False,46.830049,False
UConn,2019,2019-08-24,1.047847,1.075941,1.127497,1.127497,False,55.053589,0.647281,99,24.767585,23.636646,2000-10-28,2018-11-24,28.515025,False,18.005222,False
Temple,2019,2019-08-24,1.08973,1.10151,1.127497,1.127497,False,66.180794,0.688087,180,31.649608,29.043521,1980-09-13,2018-11-17,41.921537,False,37.065011,False
Army,2019,2019-08-24,1.117349,1.120775,1.127497,1.127497,False,58.848752,0.662348,175,25.785695,23.077568,1980-09-20,2018-11-03,42.589857,False,41.394888,False
Navy,2019,2019-08-24,1.195477,1.173292,1.127497,1.127497,False,61.925216,0.673648,170,37.806752,31.624822,1980-09-20,2018-11-17,77.359847,False,87.590606,False
Buffalo,2019,2019-08-24,1.082116,1.098657,1.127497,1.127497,False,52.306996,0.635511,99,21.732344,20.083196,1999-09-11,2018-11-07,33.026109,False,27.552561,False
Akron,2019,2019-08-24,1.042172,1.071015,1.127497,1.127497,False,58.74754,0.661962,140,25.805252,24.761019,1987-09-12,2018-11-17,27.001026,False,16.076537,False
Kent State,2019,2019-08-24,0.876689,0.9608,1.127497,1.127497,False,59.45645,0.664641,178,18.55519,21.16507,1980-10-04,2018-11-23,-12.784695,False,-41.013719,False
Ohio,2019,2019-08-24,1.172051,1.157661,1.127497,1.127497,False,62.888019,0.67703,179,39.094927,33.355996,1980-09-20,2018-11-23,75.311869,False,82.412983,False
Miami (OH),2019,2019-08-24,1.037798,1.065839,1.127497,1.127497,False,65.966614,0.687391,190,32.404189,31.223981,1980-09-13,2018-11-21,28.43117,False,16.333512,False
Liberty,2019,2019-08-24,1.424528,1.160611,1.127497,1.127497,False,3.764206,0.111485,4,2.825979,1.983801,2018-09-01,2018-11-24,69.42509,False,197.837052,False
Western Kentucky,2019,2019-08-24,0.925543,1.014889,1.127497,1.127497,False,37.810699,0.557592,55,20.209118,21.834888,2008-10-11,2018-11-18,7.931156,False,-39.146186,False
Troy,2019,2019-08-24,1.097123,1.109315,1.127497,1.127497,False,44.738144,0.598599,75,30.86268,28.130547,2001-12-01,2018-11-17,64.04049,False,56.5746,False
Alabama,2019,2019-08-24,1.092588,1.101875,1.127497,1.127497,False,82.765367,0.733961,248,68.811229,62.980039,1980-09-06,2018-11-24,105.875068,False,94.960386,False
Auburn,2019,2019-08-24,1.191584,1.174635,1.127497,1.127497,False,83.431683,0.735524,248,62.136955,52.146503,1980-09-20,2018-11-17,113.388041,False,125.503834,False
Georgia,2019,2019-08-24,1.135011,1.132882,1.127497,1.127497,False,75.884373,0.716672,236,59.17328,52.134551,1980-09-13,2018-11-24,98.927717,False,100.689047,False
Georgia Tech,2019,2019-08-24,1.185827,1.168663,1.127497,1.127497,False,71.952866,0.705746,211,44.58867,37.601326,1980-09-20,2018-11-17,77.413349,False,85.555145,False
Florida,2019,2019-08-24,1.138724,1.135639,1.127497,1.127497,False,79.204853,0.725287,239,61.910368,54.368215,1980-09-13,2018-11-10,101.395504,False,103.965069,False
Florida State,2019,2019-08-24,1.08242,1.095062,1.127497,1.127497,False,76.971043,0.71955,227,59.365001,54.844683,1980-09-13,2018-11-24,78.336834,False,67.173633,False
Miami (FL),2019,2019-08-24,1.200321,1.1793,1.127497,1.127497,False,73.929115,0.711342,219,55.246814,46.026701,1980-09-27,2018-11-24,111.539714,False,125.948092,False
South Carolina,2019,2019-08-24,1.206671,1.18474,1.127497,1.127497,False,78.303386,0.723,229,50.033645,41.464187,1980-10-04,2018-12-01,90.469205,False,101.662516,False
Clemson,2019,2019-08-24,1.192508,1.174088,1.127497,1.127497,False,75.881876,0.716665,217,61.577022,51.636563,1980-09-13,2018-11-25,136.133501,False,153.185676,False
Tennessee,2019,2019-08-24,1.11171,1.115822,1.127497,1.127497,False,85.158169,0.739489,257,56.768062,51.063742,1980-09-06,2018-11-17,70.250842,False,67.663313,False
Vanderbilt,2019,2019-08-24,1.045702,1.069014,1.127497,1.127497,False,75.258184,0.714987,220,28.51299,27.266851,1980-09-20,2018-11-24,23.174702,False,15.410098,False
Kentucky,2019,2019-08-24,1.234199,1.205013,1.127497,1.127497,False,79.677234,0.72647,236,39.971596,32.386671,1980-09-06,2018-11-17,73.751342,False,84.113976,False
LSU,2019,2019-08-24,1.169341,1.158281,1.127497,1.127497,False,83.503915,0.735692,250,64.944446,55.539358,1980-09-06,2018-11-18,119.561578,False,128.992946,False
Mississippi State,2019,2019-08-24,1.142198,1.137957,1.127497,1.127497,False,74.000836,0.711541,212,42.793148,37.46562,1980-09-13,2018-11-17,65.649255,False,67.694311,False
Ole Miss,2019,2019-08-24,1.077562,1.091556,1.127497,1.127497,False,77.04539,0.719745,224,42.32487,39.278366,1980-09-06,2018-11-23,43.209639,False,36.571318,False
UCF,2019,2019-08-24,1.16671,1.153665,1.127497,1.127497,False,60.183625,0.667345,113,40.526186,34.735447,1996-10-19,2018-12-01,85.685945,False,93.347492,False
South Florida,2019,2019-08-24,1.057431,1.08286,1.127497,1.127497,False,52.66103,0.637072,91,28.691619,27.133324,2001-09-29,2018-12-21,37.769838,False,26.133134,False
UAB,2019,2019-08-24,1.140252,1.135192,1.127497,1.127497,False,45.617002,0.603264,96,24.397657,21.396718,1996-09-14,2018-11-11,56.094414,False,58.199732,False
Massachusetts,2019,2019-08-24,0.795052,0.965505,1.127497,1.127497,False,28.510776,0.487274,37,7.324013,9.211992,2012-09-08,2018-11-10,-10.113308,False,-63.054327,False
Washington,2020,2020-09-04,1.18394,1.169265,1.130488,1.130488,False,79.268834,0.725448,242,53.140816,44.884705,1980-09-13,2019-11-29,94.751702,False,103.396213,False
Washington State,2020,2020-09-04,1.101283,1.109891,1.130488,1.130488,False,71.783418,0.705257,210,38.559653,35.013397,1980-09-13,2019-11-24,51.793765,False,47.709897,False
Oregon,2020,2020-09-04,1.212426,1.189426,1.130488,1.130488,False,76.872719,0.719292,222,60.686366,50.053657,1980-09-06,2019-11-30,129.039023,False,147.238867,False
Oregon State,2020,2020-09-04,1.088934,1.101449,1.130488,1.130488,False,69.611937,0.698831,205,30.714243,28.205786,1980-10-11,2019-11-17,39.5393,False,34.705115,False
California,2020,2020-09-04,1.179172,1.165128,1.130488,1.130488,False,73.995463,0.711526,223,39.447756,33.453785,1980-09-27,2019-11-17,64.959216,False,70.487406,False
Stanford,2020,2020-09-04,1.207594,1.186491,1.130488,1.130488,False,79.61546,0.726316,236,52.616337,43.571215,1980-09-13,2019-11-30,96.865619,False,108.402887,False
USC,2020,2020-09-04,1.203869,1.184185,1.130488,1.130488,False,81.841169,0.731762,242,63.902814,53.081211,1980-09-20,2019-11-23,122.087099,False,137.077359,False
UCLA,2020,2020-09-04,1.215232,1.192148,1.130488,1.130488,False,80.135,0.727607,234,50.824539,41.82292,1980-09-13,2019-12-01,88.36561,False,99.365438,False
San Jose State,2020,2020-09-04,1.111665,1.118143,1.130488,1.130488,False,57.173116,0.655857,149,24.130818,21.706914,1980-10-11,2019-12-01,39.481043,False,37.3433,False
Fresno State,2020,2020-09-04,1.110324,1.116655,1.130488,1.130488,False,65.548898,0.686025,180,41.955379,37.786605,1980-09-20,2019-11-24,64.99372,False,61.365976,False
San Diego State,2020,2020-09-04,1.151276,1.145057,1.130488,1.130488,False,70.280739,0.70084,208,43.213821,37.535598,1980-09-27,2019-12-01,70.180373,False,73.277659,False
Hawai'i,2020,2020-09-04,1.153825,1.147573,1.130488,1.130488,False,81.983773,0.732104,257,44.250022,38.350707,1980-10-04,2019-12-01,62.651613,False,65.309319,False
Nevada,2020,2020-09-04,1.174564,1.160194,1.130488,1.130488,False,62.013423,0.673961,141,38.129426,32.462612,1992-10-24,2019-11-30,77.644855,False,84.800007,False
UNLV,2020,2020-09-04,1.058579,1.080788,1.130488,1.130488,False,67.136055,0.691155,187,24.17972,22.841669,1980-09-13,2019-11-23,25.308223,False,18.418633,False
Arizona,2020,2020-09-04,1.147253,1.142511,1.130488,1.130488,False,76.061493,0.717145,237,41.75278,36.393685,1980-09-20,2019-11-24,61.421979,False,63.477331,False
Arizona State,2020,2020-09-04,1.251749,1.218268,1.130488,1.130488,False,78.654784,0.723896,244,53.075101,42.400757,1980-09-13,2019-12-01,105.701976,False,122.932835,False
BYU,2020,2020-09-04,1.124032,1.125935,1.130488,1.130488,False,71.777799,0.70524,228,50.923374,45.304221,1980-09-13,2019-11-10,77.901984,False,76.656351,False
Utah,2020,2020-09-04,1.141367,1.138186,1.130488,1.130488,False,72.595755,0.70759,212,51.06997,44.744581,1980-09-20,2019-12-01,82.153951,False,84.159488,False
Utah State,2020,2020-09-04,1.194198,1.173112,1.130488,1.130488,False,60.643185,0.669032,161,34.257195,28.686355,1980-10-04,2019-11-24,77.003435,False,86.503037,False
Boise State,2020,2020-09-04,1.165148,1.154296,1.130488,1.130488,False,65.816336,0.686901,131,58.580601,50.277406,1996-08-31,2019-12-07,167.962421,False,184.076651,False
Colorado,2020,2020-09-04,1.129093,1.129497,1.130488,1.130488,False,73.683171,0.710657,233,37.929335,33.592733,1980-09-27,2019-11-24,55.678242,False,55.505684,False
Colorado State,2020,2020-09-04,1.115681,1.120308,1.130488,1.130488,False,66.009419,0.687531,198,35.077782,31.440687,1980-09-06,2019-11-29,53.338114,False,51.286821,False
Wyoming,2020,2020-09-04,1.263257,1.222819,1.130488,1.130488,False,68.497407,0.695423,206,38.491741,30.47023,1980-09-13,2019-11-23,87.075654,False,102.997568,False
Air Force,2020,2020-09-04,1.191921,1.17335,1.130488,1.130488,False,69.238651,0.697698,215,46.230587,38.78661,1980-09-20,2019-11-30,90.101577,False,100.263994,False
New Mexico,2020,2020-09-04,0.979532,1.024562,1.130488,1.130488,False,70.569317,0.701698,211,27.368591,27.940477,1980-09-06,2019-11-30,9.010107,False,-7.55584,False
UTEP,2020,2020-09-04,1.095144,1.106005,1.130488,1.130488,False,67.623136,0.692696,201,25.008518,22.835832,1980-09-20,2019-11-30,34.584894,False,31.099982,False
Kansas,2020,2020-09-04,1.14461,1.140531,1.130488,1.130488,False,73.856372,0.71114,226,27.458608,23.989478,1980-09-13,2019-11-30,49.346631,False,50.738599,False
Kansas State,2020,2020-09-04,1.283106,1.239952,1.130488,1.130488,False,76.097758,0.717242,218,53.125963,41.404183,1980-09-27,2019-12-01,126.556841,False,151.001141,False
Nebraska,2020,2020-09-04,1.156707,1.149968,1.130488,1.130488,False,86.723515,0.742982,263,62.991747,54.457836,1980-09-13,2019-11-29,98.823318,False,103.587473,False
Iowa State,2020,2020-09-04,1.215272,1.190718,1.130488,1.130488,False,73.590248,0.710397,221,33.561611,27.61655,1980-09-13,2019-11-23,66.191639,False,74.530519,False
Oklahoma State,2020,2020-09-04,1.172568,1.160399,1.130488,1.130488,False,73.736397,0.710805,215,48.532125,41.389612,1980-10-04,2019-12-01,86.146827,False,92.985887,False
Tulsa,2020,2020-09-04,1.104824,1.112553,1.130488,1.130488,False,69.609241,0.698823,185,36.604417,33.131459,1980-09-13,2019-11-24,48.153561,False,44.837458,False
Texas,2020,2020-09-04,1.135999,1.13451,1.130488,1.130488,False,81.018862,0.729776,245,58.278771,51.301776,1980-09-01,2019-11-29,83.953838,False,84.941794,False
Texas A&M,2020,2020-09-04,1.153814,1.147379,1.130488,1.130488,False,78.740212,0.724113,234,53.217964,46.123517,1980-09-20,2019-11-17,83.638446,False,87.474591,False
Baylor,2020,2020-09-04,1.187155,1.170079,1.130488,1.130488,False,69.556817,0.698665,207,38.783976,32.669683,1980-10-04,2019-11-23,77.242891,False,85.0694,False
TCU,2020,2020-09-04,1.039996,1.067278,1.130488,1.130488,False,69.504899,0.698507,213,47.443413,45.618862,1980-09-13,2019-11-29,48.041138,False,28.206502,False
Texas Tech,2020,2020-09-04,1.068806,1.087485,1.130488,1.130488,False,69.067716,0.697177,216,39.45786,36.917705,1980-09-06,2019-11-24,42.913229,False,33.697242,False
Houston,2020,2020-09-04,1.165966,1.155425,1.130488,1.130488,False,70.968654,0.702878,211,43.912337,37.661767,1980-09-20,2019-12-01,75.798095,False,81.108082,False
Rice,2020,2020-09-04,1.107488,1.114449,1.130488,1.130488,False,69.119057,0.697334,206,31.919129,28.821192,1980-09-27,2019-11-23,45.138043,False,42.412069,False
SMU,2020,2020-09-04,1.197204,1.177501,1.130488,1.130488,False,71.582365,0.704673,203,34.721369,29.002061,1980-09-13,2019-11-30,66.753197,False,74.071969,False
North Texas,2020,2020-09-04,1.109454,1.116746,1.130488,1.130488,False,56.535834,0.653323,122,29.191607,26.311691,1980-10-04,2019-11-30,46.463787,False,43.566681,False
UTSA,2020,2020-09-04,0.872983,1.0,1.130488,1.130488,False,30.819739,0.506739,41,11.806265,13.524045,2012-10-20,2019-11-23,0.00011,False,-49.781525,False
Texas State,2020,2020-09-04,0.783919,0.957426,1.130488,1.130488,False,29.923172,0.499359,40,8.547446,10.903481,2012-09-08,2019-11-16,-14.21678,False,-75.197756,False
Louisiana Tech,2020,2020-09-04,1.13561,1.133824,1.130488,1.130488,False,56.038137,0.651317,135,36.780961,32.388716,1981-09-19,2019-11-30,73.025597,False,74.040164,False
Tulane,2020,2020-09-04,1.03549,1.064022,1.130488,1.130488,False,69.886253,0.699658,218,28.70285,27.719094,1980-09-06,2019-11-23,23.174538,False,12.903437,False
Louisiana,2020,2020-09-04,1.110111,1.117102,1.130488,1.130488,False,57.450223,0.656948,149,32.68116,29.439535,1980-09-06,2019-12-01,51.548794,False,48.434397,False
Memphis,2020,2020-09-04,1.165563,1.155389,1.130488,1.130488,False,73.428625,0.709945,212,41.242809,35.384451,1980-09-06,2019-12-07,65.21393,False,69.526548,False
FIU,2020,2020-09-04,1.172345,1.156569,1.130488,1.130488,False,49.595206,0.623093,79,23.736354,20.246907,2005-10-15,2019-11-24,55.778126,False,61.332542,False
Oklahoma,2020,2020-09-04,1.149576,1.144368,1.130488,1.130488,False,79.959461,0.727172,243,68.88455,59.921704,1980-09-13,2019-11-24,151.144353,False,158.041271,False
Arkansas,2020,2020-09-04,1.100504,1.108674,1.130488,1.130488,False,80.094031,0.727506,249,44.761322,40.673491,1980-09-20,2019-11-29,51.571752,False,47.670396,False
Missouri,2020,2020-09-04,1.144368,1.140414,1.130488,1.130488,False,75.294446,0.715085,231,44.913732,39.247622,1980-09-13,2019-11-24,66.641632,False,68.56346,False
Cincinnati,2020,2020-09-04,1.218508,1.191614,1.130488,1.130488,False,68.185998,0.694457,186,46.078628,37.815602,1980-11-08,2019-11-24,95.689251,False,109.944938,False
Louisville,2020,2020-09-04,1.068013,1.086513,1.130488,1.130488,False,71.310868,0.703882,203,44.785232,41.933238,1980-09-06,2019-11-23,48.748824,False,38.119256,False
Arkansas State,2020,2020-09-04,1.242696,1.203168,1.130488,1.130488,False,55.160569,0.647724,124,37.840199,30.450092,1980-09-20,2019-11-23,99.584809,False,120.431695,False
ULM,2020,2020-09-04,1.045932,1.07902,1.130488,1.130488,False,46.664998,0.608687,94,21.905199,20.943237,1980-11-22,2019-11-23,29.452902,False,17.146646,False
FAU,2020,2020-09-04,1.095413,1.108859,1.130488,1.130488,False,48.255558,0.616641,77,24.836737,22.673409,2005-09-08,2019-12-21,42.982046,False,37.671807,False
Georgia Southern,2020,2020-09-04,1.269029,1.188605,1.130488,1.130488,False,21.67862,0.419489,27,15.150096,11.938335,2014-09-25,2019-11-30,91.902857,False,133.770793,False
Georgia State,2020,2020-09-04,0.830364,0.992286,1.130488,1.130488,False,25.605344,0.460484,33,8.431053,10.153438,2013-10-12,2019-11-23,-2.598073,False,-58.918371,False
Middle Tennessee,2020,2020-09-04,1.198934,1.173925,1.130488,1.130488,False,52.105042,0.634614,98,33.683072,28.094182,1999-11-13,2019-11-23,77.787626,False,89.459161,False
South Alabama,2020,2020-09-04,1.163751,1.14728,1.130488,1.130488,False,30.582295,0.504806,41,13.146137,11.296345,2012-09-01,2019-11-29,48.20194,False,53.498493,False
Southern Miss,2020,2020-09-04,1.046893,1.073896,1.130488,1.130488,False,62.872735,0.676977,178,38.579471,36.851382,1980-09-20,2019-11-23,39.668017,False,24.98763,False
Michigan,2020,2020-09-04,1.187419,1.173058,1.130488,1.130488,False,88.931483,0.747754,263,70.870201,59.684237,1980-09-13,2019-11-30,125.033857,False,137.032203,False
Michigan State,2020,2020-09-04,1.084825,1.096728,1.130488,1.130488,False,85.092458,0.73934,250,56.178398,51.785655,1980-09-27,2019-11-30,56.857042,False,49.651906,False
Ohio State,2020,2020-09-04,1.169355,1.159664,1.130488,1.130488,False,90.319857,0.750665,269,80.807978,69.104728,1980-09-13,2019-11-23,178.271272,False,193.212939,False
Indiana,2020,2020-09-04,1.084873,1.097821,1.130488,1.130488,False,75.686336,0.716141,230,33.507386,30.886009,1980-09-13,2019-11-23,36.316222,False,31.550499,False
Purdue,2020,2020-09-04,1.130171,1.130257,1.130488,1.130488,False,81.08075,0.729926,240,37.66699,33.328571,1980-09-20,2019-11-30,47.987711,False,47.956508,False
Illinois,2020,2020-09-04,1.040497,1.065334,1.130488,1.130488,False,78.695865,0.724001,236,33.507415,32.203277,1980-09-06,2019-11-30,25.025738,False,15.553975,False
Northwestern,2020,2020-09-04,1.036067,1.062079,1.130488,1.130488,False,78.896427,0.724509,229,39.163708,37.800344,1980-10-04,2019-11-23,27.065108,False,15.726499,False
Wisconsin,2020,2020-09-04,1.134236,1.133244,1.130488,1.130488,False,83.302314,0.735222,250,66.269736,58.426757,1980-09-13,2019-11-23,112.284356,False,113.2337,False
Minnesota,2020,2020-09-04,1.227657,1.201144,1.130488,1.130488,False,79.948967,0.727146,235,46.370194,37.771279,1980-09-13,2019-11-30,84.540219,False,95.806334,False
Iowa,2020,2020-09-04,1.20002,1.181108,1.130488,1.130488,False,80.300004,0.728015,237,55.540816,46.283254,1980-09-27,2019-11-23,100.560141,False,111.820633,False
Notre Dame,2020,2020-09-04,1.182201,1.168675,1.130488,1.130488,False,84.695812,0.738439,255,63.689645,53.873792,1980-09-06,2019-11-23,106.240635,False,115.672492,False
Toledo,2020,2020-09-04,1.212535,1.187737,1.130488,1.130488,False,69.260729,0.697766,205,51.224264,42.245609,1980-09-27,2019-11-14,110.277316,False,126.428855,False
Ball State,2020,2020-09-04,0.991173,1.037364,1.130488,1.130488,False,60.481328,0.66844,178,27.881995,28.130307,1980-09-20,2019-11-29,14.895847,False,-3.528171,False
Western Michigan,2020,2020-09-04,1.067175,1.087811,1.130488,1.130488,False,62.043992,0.674069,192,38.640901,36.208576,1980-09-06,2019-11-06,46.518169,False,35.399361,False
Bowling Green,2020,2020-09-04,0.941293,1.002111,1.130488,1.130488,False,63.324412,0.678541,186,31.882048,33.870484,1980-09-13,2019-11-20,1.015255,False,-28.148508,False
Central Michigan,2020,2020-09-04,1.064908,1.086393,1.130488,1.130488,False,61.568289,0.672376,188,33.587366,31.540164,1980-09-06,2019-11-29,39.679455,False,29.758683,False
Eastern Michigan,2020,2020-09-04,0.943643,1.005212,1.130488,1.130488,False,61.042518,0.670484,181,20.946817,22.197815,1980-10-18,2019-11-29,1.713689,False,-18.757518,False
Northern Illinois,2020,2020-09-04,1.140716,1.137268,1.130488,1.130488,False,58.981753,0.662852,169,40.443903,35.45483,1980-09-13,2019-11-27,79.972288,False,82.095375,False
Penn State,2020,2020-09-04,1.186375,1.172044,1.130488,1.130488,False,86.995795,0.743581,258,68.776231,57.971748,1980-09-27,2019-11-30,125.702595,False,137.769149,False
Pittsburgh,2020,2020-09-04,1.113456,1.118266,1.130488,1.130488,False,76.235534,0.717609,237,44.142949,39.644993,1980-09-13,2019-11-30,53.134272,False,50.94301,False
West Virginia,2020,2020-09-04,1.15234,1.14608,1.130488,1.130488,False,74.721627,0.713526,230,50.48944,43.814721,1980-09-06,2019-11-23,80.305187,False,83.924844,False
Maryland,2020,2020-09-04,1.061531,1.08197,1.130488,1.130488,False,71.210961,0.703589,214,32.278827,30.407808,1980-09-13,2019-11-23,30.527494,False,22.948241,False
Virginia,2020,2020-09-04,1.229144,1.201328,1.130488,1.130488,False,76.40161,0.718049,221,45.569474,37.074145,1980-09-13,2019-11-29,86.224813,False,98.305923,False
Virginia Tech,2020,2020-09-04,1.10791,1.114483,1.130488,1.130488,False,73.055103,0.708894,216,51.753511,46.712722,1980-10-18,2019-11-23,72.625868,False,68.230655,False
NC State,2020,2020-09-04,1.134632,1.133438,1.130488,1.130488,False,74.123356,0.71188,219,43.279196,38.143834,1980-09-27,2019-12-01,61.494407,False,62.052609,False
Wake Forest,2020,2020-09-04,1.079153,1.094366,1.130488,1.130488,False,71.228862,0.703642,199,31.762066,29.432416,1980-09-06,2019-11-24,34.305855,False,28.811672,False
Duke,2020,2020-09-04,0.936383,0.994314,1.130488,1.130488,False,70.518014,0.701546,209,25.673507,27.417746,1980-09-06,2019-11-30,-2.006802,False,-22.647776,False
North Carolina,2020,2020-09-04,1.104259,1.11206,1.130488,1.130488,False,70.869205,0.702585,222,37.721939,34.160403,1980-09-27,2019-11-02,47.390892,False,44.087517,False
Marshall,2020,2020-09-04,1.215338,1.18659,1.130488,1.130488,False,58.545804,0.661192,118,41.665452,34.283018,1980-09-13,2019-11-30,102.271584,False,119.353836,False
East Carolina,2020,2020-09-04,1.122108,1.124686,1.130488,1.130488,False,67.529159,0.6924,186,36.585768,32.604502,1980-09-13,2019-11-30,52.36372,False,51.27522,False
Coastal Carolina,2020,2020-09-04,0.770407,1.020465,1.130488,1.130488,False,13.199656,0.30555,15,4.400918,5.71246,2017-09-02,2019-11-30,7.8164,False,-91.657865,False
Appalachian State,2020,2020-09-04,1.109176,1.120791,1.130488,1.130488,False,25.047215,0.455013,32,21.082344,19.007217,1981-11-07,2019-12-07,111.222622,False,98.646738,False
Charlotte,2020,2020-09-04,1.030213,1.089695,1.130488,1.130488,False,20.574044,0.40681,25,7.215048,7.00345,2015-09-26,2019-11-23,26.560576,False,9.051752,False
Rutgers,2020,2020-09-04,1.05803,1.078664,1.130488,1.130488,False,75.346443,0.715225,210,31.135886,29.428166,1980-09-20,2019-11-23,29.482486,False,21.793004,False
Syracuse,2020,2020-09-04,1.150883,1.144948,1.130488,1.130488,False,73.092259,0.708999,229,37.810463,32.853439,1980-09-20,2019-11-30,61.281905,False,63.782151,False
Boston College,2020,2020-09-04,1.086765,1.099496,1.130488,1.130488,False,73.031054,0.708826,218,39.27366,36.138135,1980-09-20,2019-11-09,44.086031,False,38.420407,False
Temple,2020,2020-09-04,1.143673,1.139606,1.130488,1.130488,False,67.259308,0.691546,186,34.170183,29.877574,1980-09-13,2019-11-30,57.606935,False,59.284524,False
Army,2020,2020-09-04,1.056781,1.081754,1.130488,1.130488,False,58.542758,0.661181,179,25.88199,24.491353,1980-09-20,2019-11-09,31.410127,False,21.862839,False
Navy,2020,2020-09-04,1.267402,1.222927,1.130488,1.130488,False,62.352878,0.675159,175,39.899678,31.481468,1980-09-20,2019-11-23,97.819178,False,118.344839,False
Buffalo,2020,2020-09-04,1.112528,1.118988,1.130488,1.130488,False,53.406982,0.640318,104,24.004959,21.576956,1999-09-11,2019-11-29,41.762168,False,39.52118,False
Akron,2020,2020-09-04,1.007706,1.048482,1.130488,1.130488,False,60.334111,0.6679,146,24.023523,23.839817,1987-09-12,2019-11-26,17.97759,False,2.87294,False
Kent State,2020,2020-09-04,0.951882,1.012004,1.130488,1.130488,False,59.12224,0.663384,182,20.102864,21.119074,1980-10-04,2019-11-23,3.850328,False,-15.625669,False
Ohio,2020,2020-09-04,1.09268,1.104843,1.130488,1.130488,False,63.251867,0.678291,184,37.336511,34.169679,1980-09-20,2019-11-12,50.241445,False,44.315237,False
Miami (OH),2020,2020-09-04,1.075968,1.093152,1.130488,1.130488,False,65.182363,0.684816,194,33.937262,31.541142,1980-09-13,2019-11-21,41.291195,False,33.669598,False
Liberty,2020,2020-09-04,1.516778,1.205728,1.130488,1.130488,False,7.256759,0.194777,8,5.45112,3.59388,2018-09-01,2019-11-30,89.240329,False,241.073791,False
Western Kentucky,2020,2020-09-04,0.990986,1.05085,1.130488,1.130488,False,39.909598,0.570874,60,22.579918,22.785312,2008-10-11,2019-11-30,26.967282,False,-4.731986,False
Troy,2020,2020-09-04,1.068338,1.092757,1.130488,1.130488,False,46.354473,0.607096,80,30.616962,28.658497,2001-12-01,2019-11-29,52.486475,False,38.306613,False
Alabama,2020,2020-09-04,1.078824,1.092578,1.130488,1.130488,False,82.68521,0.733772,254,68.749881,63.726681,1980-09-06,2019-11-09,100.50103,False,83.862375,False
Auburn,2020,2020-09-04,1.203102,1.183878,1.130488,1.130488,False,83.314137,0.735249,254,62.543794,51.985432,1980-09-20,2019-11-30,119.55373,False,133.412148,False
Georgia,2020,2020-09-04,1.131947,1.131535,1.130488,1.130488,False,76.288248,0.717749,242,59.791323,52.821665,1980-09-13,2019-11-23,99.320104,False,99.666676,False
Georgia Tech,2020,2020-09-04,1.168576,1.157443,1.130488,1.130488,False,72.641443,0.70772,217,43.390459,37.131064,1980-09-20,2019-11-30,70.590496,False,75.701415,False
Florida,2020,2020-09-04,1.150198,1.144698,1.130488,1.130488,False,77.503726,0.72094,243,61.403342,53.385026,1980-09-13,2019-12-01,110.054939,False,114.790363,False
Florida State,2020,2020-09-04,1.099532,1.108188,1.130488,1.130488,False,77.280815,0.72036,233,59.014789,53.672664,1980-09-13,2019-11-02,83.793545,False,76.580487,False
Miami (FL),2020,2020-09-04,1.189929,1.172704,1.130488,1.130488,False,73.524195,0.710213,224,54.252512,45.593073,1980-09-27,2019-11-09,105.709786,False,117.223764,False
South Carolina,2020,2020-09-04,1.202417,1.182537,1.130488,1.130488,False,78.546317,0.72362,235,48.459625,40.301839,1980-10-04,2019-11-30,86.999987,False,96.798321,False
Clemson,2020,2020-09-04,1.185776,1.170169,1.130488,1.130488,False,76.271676,0.717705,223,62.954504,53.091389,1980-09-13,2019-11-16,142.798019,False,158.540481,False
Tennessee,2020,2020-09-04,1.134322,1.133329,1.130488,1.130488,False,85.856073,0.741058,264,56.622138,49.917182,1980-09-06,2019-11-30,78.623133,False,79.231724,False
Vanderbilt,2020,2020-09-04,1.045967,1.069957,1.130488,1.130488,False,75.6937,0.716161,226,28.422365,27.173301,1980-09-20,2019-11-16,23.382473,False,15.429804,False
Kentucky,2020,2020-09-04,1.236254,1.207604,1.130488,1.130488,False,80.751271,0.729123,243,41.907607,33.898874,1980-09-06,2019-11-30,76.76903,False,87.289115,False
LSU,2020,2020-09-04,1.1786,1.16587,1.130488,1.130488,False,83.386911,0.735419,256,66.108884,56.091045,1980-09-06,2019-12-01,128.897638,False,140.300683,False
Mississippi State,2020,2020-09-04,1.133646,1.13274,1.130488,1.130488,False,74.530518,0.713002,218,42.656084,37.627346,1980-09-13,2019-11-29,63.17887,False,63.615689,False
Ole Miss,2020,2020-09-04,1.079641,1.093849,1.130488,1.130488,False,77.36518,0.72058,230,42.219035,39.104699,1980-09-06,2019-11-17,44.079911,False,37.372368,False
UCF,2020,2020-09-04,1.16805,1.15563,1.130488,1.130488,False,60.732801,0.669359,118,42.432614,36.327743,1996-10-19,2019-11-30,93.424721,False,101.38138,False
South Florida,2020,2020-09-04,1.040183,1.072179,1.130488,1.130488,False,54.671609,0.64569,97,27.650252,26.582102,2001-09-29,2019-11-23,31.318881,False,17.437401,False
UAB,2020,2020-09-04,1.159717,1.148355,1.130488,1.130488,False,47.175673,0.611276,101,27.421422,23.644922,1996-09-14,2019-11-23,68.598553,False,73.912574,False
Massachusetts,2020,2020-09-04,0.768043,0.945573,1.130488,1.130488,False,31.248045,0.510188,42,7.755484,10.097727,2012-09-08,2019-11-23,-16.159292,False,-72.466331,False
Washington,2021,2021-08-28,1.173403,1.160848,1.128266,1.128266,False,77.858333,0.721857,246,52.495692,44.737995,1980-09-13,2020-12-05,91.5868,False,99.12249,False
Washington State,2021,2021-08-28,1.09393,1.104439,1.128266,1.128266,False,68.015682,0.693927,211,36.026962,32.933524,1980-09-13,2020-11-15,48.801152,False,43.867147,False
Oregon,2021,2021-08-28,1.212229,1.187943,1.128266,1.128266,False,73.717698,0.710753,224,58.594504,48.336159,1980-09-06,2020-11-21,130.21876,False,149.89107,False
Oregon State,2021,2021-08-28,1.085023,1.098024,1.128266,1.128266,False,69.789035,0.699366,210,30.59462,28.197197,1980-10-11,2020-12-20,37.510309,False,32.578568,False
California,2021,2021-08-28,1.184643,1.167903,1.128266,1.128266,False,71.035547,0.703075,225,37.807686,31.914849,1980-09-27,2020-12-06,65.744884,False,72.302077,False
Stanford,2021,2021-08-28,1.199384,1.179129,1.128266,1.128266,False,75.333117,0.715189,237,49.160369,40.988007,1980-09-13,2020-11-14,92.027668,False,102.915696,False
USC,2021,2021-08-28,1.199399,1.179878,1.128266,1.128266,False,79.315816,0.725566,245,61.602392,51.361036,1980-09-20,2020-12-19,117.655284,False,132.24661,False
UCLA,2021,2021-08-28,1.206847,1.185154,1.128266,1.128266,False,78.674104,0.723945,238,49.383124,40.919133,1980-09-13,2020-12-20,84.31966,False,94.515827,False
San Jose State,2021,2021-08-28,1.19314,1.170824,1.128266,1.128266,False,57.211234,0.656008,153,26.339234,22.075562,1980-10-11,2020-12-12,57.938342,False,65.396922,False
Fresno State,2021,2021-08-28,1.116348,1.120187,1.128266,1.128266,False,63.131014,0.677873,182,40.143949,35.960069,1980-09-20,2020-10-30,65.582,False,63.430412,False
San Diego State,2021,2021-08-28,1.145769,1.140489,1.128266,1.128266,False,69.451615,0.698346,212,43.216783,37.718577,1980-09-27,2020-12-06,69.124909,False,71.807425,False
Hawai'i,2021,2021-08-28,1.167285,1.156681,1.128266,1.128266,False,80.395135,0.728249,261,44.191397,37.858286,1980-10-04,2020-12-13,67.069366,False,71.622779,False
Nevada,2021,2021-08-28,1.223663,1.192463,1.128266,1.128266,False,61.728217,0.672947,145,39.412978,32.209008,1992-10-24,2020-12-06,91.990092,False,107.509257,False
UNLV,2021,2021-08-28,1.017282,1.052122,1.128266,1.128266,False,65.566121,0.686081,190,22.591538,22.207746,1980-09-13,2020-11-27,16.249027,False,5.422229,False
Arizona,2021,2021-08-28,1.128407,1.128366,1.128266,1.128266,False,73.915574,0.711304,240,39.010357,34.571169,1980-09-20,2020-12-12,54.27345,False,54.290725,False
Arizona State,2021,2021-08-28,1.23857,1.206885,1.128266,1.128266,False,74.439502,0.712752,245,49.589001,40.037306,1980-09-13,2020-12-06,99.32161,False,115.38065,False
BYU,2021,2021-08-28,1.135398,1.133315,1.128266,1.128266,False,72.722141,0.70795,234,53.237485,46.888813,1980-09-13,2020-12-13,86.628634,False,88.084604,False
Utah,2021,2021-08-28,1.139448,1.136116,1.128266,1.128266,False,70.680178,0.702027,215,49.619828,43.54726,1980-09-20,2020-12-19,80.147618,False,82.226626,False
Utah State,2021,2021-08-28,1.169857,1.156062,1.128266,1.128266,False,60.451569,0.668331,165,32.956431,28.17134,1980-10-04,2020-12-04,67.58056,False,73.590645,False
Boise State,2021,2021-08-28,1.155192,1.146629,1.128266,1.128266,False,64.329133,0.681965,134,56.622923,49.016028,1996-08-31,2020-11-13,154.551228,False,166.424675,False
Colorado,2021,2021-08-28,1.136119,1.133802,1.128266,1.128266,False,71.690945,0.704988,236,37.33347,32.86052,1980-09-27,2020-12-12,57.09542,False,58.080286,False
Colorado State,2021,2021-08-28,1.136946,1.134135,1.128266,1.128266,False,62.619317,0.676093,199,33.719344,29.657817,1980-09-06,2020-11-06,58.965502,False,60.2018,False
Wyoming,2021,2021-08-28,1.274398,1.228682,1.128266,1.128266,False,65.894849,0.687157,208,36.90799,28.961108,1980-09-13,2020-12-12,88.224961,False,105.956027,False
Air Force,2021,2021-08-28,1.181429,1.165075,1.128266,1.128266,False,67.523093,0.692381,218,45.081775,38.158685,1980-09-20,2020-11-21,86.7982,False,95.836644,False
New Mexico,2021,2021-08-28,1.020053,1.052605,1.128266,1.128266,False,69.728797,0.699184,215,27.474128,26.934007,1980-09-06,2020-12-13,18.851786,False,7.220478,False
New Mexico State,2021,2021-08-28,0.964801,1.0212,1.128266,1.128266,False,56.951788,0.654981,162,16.782083,17.394341,1980-09-13,2019-11-23,6.480717,False,-10.906459,False
UTEP,2021,2021-08-28,1.075434,1.092271,1.128266,1.128266,False,64.133342,0.681303,202,23.365899,21.726943,1980-09-20,2020-12-11,30.110372,False,24.689698,False
Kansas,2021,2021-08-28,1.104958,1.111762,1.128266,1.128266,False,72.774867,0.7081,230,25.655061,23.218125,1980-09-13,2020-11-29,38.953585,False,36.635244,False
Kansas State,2021,2021-08-28,1.24989,1.215407,1.128266,1.128266,False,75.814418,0.716485,223,51.519221,41.219015,1980-09-27,2020-12-05,111.962937,False,130.924425,False
Nebraska,2021,2021-08-28,1.144453,1.140188,1.128266,1.128266,False,83.874586,0.736552,266,59.801289,52.253186,1980-09-13,2020-12-12,90.228991,False,93.141283,False
Iowa State,2021,2021-08-28,1.233177,1.203035,1.128266,1.128266,False,74.417535,0.712692,227,36.082338,29.25966,1980-09-13,2020-12-05,73.335169,False,84.057416,False
Oklahoma State,2021,2021-08-28,1.182588,1.166859,1.128266,1.128266,False,73.605636,0.71044,220,49.112362,41.529548,1980-10-04,2020-11-28,89.137475,False,97.994555,False
Tulsa,2021,2021-08-28,1.13511,1.133012,1.128266,1.128266,False,67.876859,0.693492,188,37.039872,32.631075,1980-09-13,2020-11-20,57.34907,False,58.259423,False
Texas,2021,2021-08-28,1.126331,1.126857,1.128266,1.128266,False,80.411028,0.728288,250,57.275756,50.8516,1980-09-01,2020-11-27,78.413783,False,78.070752,False
Texas A&M,2021,2021-08-28,1.169308,1.157837,1.128266,1.128266,False,77.341485,0.720518,238,53.495599,45.749811,1980-09-20,2020-11-29,91.292233,False,98.337611,False
Baylor,2021,2021-08-28,1.17089,1.157944,1.128266,1.128266,False,68.772592,0.696272,211,38.124469,32.560248,1980-10-04,2020-12-12,71.597379,False,77.512828,False
TCU,2021,2021-08-28,1.025637,1.056239,1.128266,1.128266,False,70.61055,0.701821,219,47.175941,45.996731,1980-09-13,2020-12-13,38.66169,False,17.401355,False
Texas Tech,2021,2021-08-28,1.095003,1.105056,1.128266,1.128266,False,69.255057,0.697748,221,39.707163,36.262165,1980-09-06,2020-12-05,50.594632,False,45.720297,False
Houston,2021,2021-08-28,1.162082,1.151945,1.128266,1.128266,False,70.081072,0.700243,215,42.915427,36.929772,1980-09-20,2020-11-14,73.202355,False,78.227401,False
Rice,2021,2021-08-28,1.068004,1.086743,1.128266,1.128266,False,66.474413,0.689037,208,29.822604,27.923677,1980-09-27,2020-12-12,34.263441,False,26.897577,False
SMU,2021,2021-08-28,1.20789,1.183933,1.128266,1.128266,False,69.70802,0.699121,206,34.324739,28.417108,1980-09-13,2020-10-31,69.016672,False,77.9036,False
North Texas,2021,2021-08-28,1.065499,1.08701,1.128266,1.128266,False,57.538444,0.657293,127,28.222483,26.487566,1980-10-04,2020-12-03,33.920262,False,25.5587,False
UTSA,2021,2021-08-28,1.011039,1.066408,1.128266,1.128266,False,33.515531,0.527675,46,14.808935,14.647243,2012-10-20,2020-11-28,24.923028,False,4.157898,False
Texas State,2021,2021-08-28,0.789261,0.949128,1.128266,1.128266,False,33.616133,0.528422,46,8.93428,11.319802,2012-09-08,2020-11-28,-16.387773,False,-70.879174,False
Louisiana Tech,2021,2021-08-28,1.144589,1.138841,1.128266,1.128266,False,55.184592,0.647824,138,36.2503,31.671007,1981-09-19,2020-10-31,74.680947,False,77.903203,False
Tulane,2021,2021-08-28,1.051424,1.074473,1.128266,1.128266,False,70.016975,0.700051,223,29.659822,28.209181,1980-09-06,2020-12-05,26.879283,False,18.618382,False
Louisiana,2021,2021-08-28,1.101608,1.110753,1.128266,1.128266,False,57.449144,0.656943,153,33.365535,30.288018,1980-09-06,2020-11-14,50.546794,False,46.311393,False
Memphis,2021,2021-08-28,1.182221,1.166555,1.128266,1.128266,False,73.323298,0.709649,217,43.251524,36.584977,1980-09-06,2020-12-12,73.350868,False,80.385855,False
FIU,2021,2021-08-28,1.126523,1.127191,1.128266,1.128266,False,48.225388,0.616493,81,22.177294,19.686495,2005-10-15,2020-11-14,45.55034,False,45.31349,False
Oklahoma,2021,2021-08-28,1.136084,1.133922,1.128266,1.128266,False,78.490876,0.723479,247,67.205166,59.155094,1980-09-13,2020-12-06,140.542452,False,143.348898,False
Arkansas,2021,2021-08-28,1.120205,1.122412,1.128266,1.128266,False,79.559663,0.726177,254,43.709178,39.018905,1980-09-20,2020-12-12,56.636855,False,55.610606,False
Missouri,2021,2021-08-28,1.144986,1.140213,1.128266,1.128266,False,75.082699,0.714511,236,44.807199,39.133388,1980-09-13,2020-12-12,66.919985,False,69.252025,False
Cincinnati,2021,2021-08-28,1.222818,1.194274,1.128266,1.128266,False,69.375767,0.698116,192,48.720462,39.842781,1980-11-08,2020-12-20,103.750885,False,120.205859,False
Louisville,2021,2021-08-28,1.087585,1.099516,1.128266,1.128266,False,72.287886,0.70671,209,45.623058,41.948969,1980-09-06,2020-12-12,54.246698,False,47.588473,False
Arkansas State,2021,2021-08-28,1.208871,1.18053,1.128266,1.128266,False,55.323869,0.648399,128,37.247153,30.81151,1980-09-20,2020-12-05,88.417336,False,103.179934,False
ULM,2021,2021-08-28,0.969373,1.030244,1.128266,1.128266,False,48.3086,0.6169,99,20.466412,21.113051,1980-11-22,2020-11-28,11.391391,False,-11.588789,False
FAU,2021,2021-08-28,1.113482,1.119106,1.128266,1.128266,False,48.863955,0.619598,81,26.983338,24.233285,2005-09-08,2020-11-21,51.01081,False,48.5881,False
Georgia Southern,2021,2021-08-28,1.313427,1.214121,1.128266,1.128266,False,25.936347,0.463676,33,18.884594,14.378105,2014-09-25,2020-12-12,107.422711,False,161.809622,False
Georgia State,2021,2021-08-28,0.909034,1.021193,1.128266,1.128266,False,28.639703,0.488401,38,10.712001,11.783936,2013-10-12,2020-11-28,7.387045,False,-32.25206,False
Middle Tennessee,2021,2021-08-28,1.15191,1.143207,1.128266,1.128266,False,51.501086,0.631907,101,31.470687,27.320439,1999-11-13,2020-10-17,62.490981,False,66.381094,False
South Alabama,2021,2021-08-28,1.080955,1.103052,1.128266,1.128266,False,34.231406,0.532939,47,14.167865,13.106802,2012-09-01,2020-12-05,34.237241,False,26.965987,False
Southern Miss,2021,2021-08-28,1.006051,1.044892,1.128266,1.128266,False,64.397033,0.682193,184,36.997155,36.77462,1980-09-20,2020-12-10,23.151241,False,3.097448,False
Michigan,2021,2021-08-28,1.153439,1.146925,1.128266,1.128266,False,85.93141,0.741226,266,66.215275,57.406838,1980-09-13,2020-11-28,102.631882,False,107.682589,False
Michigan State,2021,2021-08-28,1.069564,1.085108,1.128266,1.128266,False,83.293882,0.735202,254,53.437976,49.962412,1980-09-27,2020-12-05,49.215391,False,40.033629,False
Ohio State,2021,2021-08-28,1.167092,1.157156,1.128266,1.128266,False,87.224821,0.744082,272,78.337705,67.122105,1980-09-13,2020-11-21,179.862618,False,195.69048,False
Indiana,2021,2021-08-28,1.135721,1.133561,1.128266,1.128266,False,73.553546,0.710295,233,34.145011,30.064607,1980-09-13,2020-11-28,49.514841,False,50.306081,False
Purdue,2021,2021-08-28,1.093267,1.102852,1.128266,1.128266,False,79.545673,0.726142,244,36.136157,33.05337,1980-09-20,2020-12-05,38.150041,False,34.621542,False
Illinois,2021,2021-08-28,1.014389,1.046507,1.128266,1.128266,False,76.367919,0.71796,239,31.306567,30.862489,1980-09-06,2020-12-05,17.607317,False,5.470064,False
Northwestern,2021,2021-08-28,1.079763,1.093298,1.128266,1.128266,False,77.503567,0.720939,233,40.380589,37.397649,1980-10-04,2020-12-12,40.87428,False,34.932572,False
Wisconsin,2021,2021-08-28,1.12318,1.124558,1.128266,1.128266,False,80.678119,0.728944,253,63.813508,56.815038,1980-09-13,2020-12-19,104.702108,False,103.400209,False
Minnesota,2021,2021-08-28,1.209673,1.186962,1.128266,1.128266,False,77.536194,0.721024,238,44.272738,36.598935,1980-09-13,2020-11-21,77.726383,False,87.248857,False
Iowa,2021,2021-08-28,1.197636,1.178511,1.128266,1.128266,False,78.817288,0.724309,241,54.739864,45.706599,1980-09-27,2020-12-12,99.388727,False,110.826065,False
Notre Dame,2021,2021-08-28,1.189355,1.173389,1.128266,1.128266,False,84.784888,0.738642,261,65.158457,54.784704,1980-09-06,2020-12-05,114.689802,False,126.561687,False
Toledo,2021,2021-08-28,1.211324,1.185783,1.128266,1.128266,False,67.558442,0.692492,208,49.757143,41.07665,1980-09-27,2020-12-12,107.366863,False,123.694846,False
Ball State,2021,2021-08-28,1.031442,1.06395,1.128266,1.128266,False,59.355329,0.664262,181,28.897199,28.016304,1980-09-20,2020-12-12,25.685737,False,12.637697,False
Western Michigan,2021,2021-08-28,1.056538,1.080233,1.128266,1.128266,False,60.81571,0.669661,195,37.999017,35.965577,1980-09-06,2020-12-05,43.251888,False,30.28111,False
Bowling Green,2021,2021-08-28,0.932963,0.997307,1.128266,1.128266,False,61.059275,0.670544,188,29.787958,31.928329,1980-09-13,2020-11-18,-1.279855,False,-31.809354,False
Central Michigan,2021,2021-08-28,1.049215,1.075458,1.128266,1.128266,False,60.368375,0.668025,191,32.326642,30.810327,1980-09-06,2020-12-05,34.09506,False,22.197633,False
Eastern Michigan,2021,2021-08-28,0.933606,0.998578,1.128266,1.128266,False,59.882357,0.66623,184,20.523017,21.982523,1980-10-18,2020-12-12,-0.468063,False,-22.126898,False
Northern Illinois,2021,2021-08-28,1.114572,1.119243,1.128266,1.128266,False,57.950471,0.658899,172,37.78745,33.903106,1980-09-13,2020-12-05,66.454979,False,63.761908,False
Penn State,2021,2021-08-28,1.16055,1.152203,1.128266,1.128266,False,86.025506,0.741436,263,66.164182,57.011037,1980-09-27,2020-12-19,108.099399,False,114.712744,False
Pittsburgh,2021,2021-08-28,1.108657,1.11421,1.128266,1.128266,False,75.934357,0.716806,242,44.066992,39.748098,1980-09-13,2020-11-21,51.806642,False,49.252505,False
West Virginia,2021,2021-08-28,1.189182,1.17154,1.128266,1.128266,False,73.586648,0.710387,234,50.94609,42.841284,1980-09-06,2020-11-14,93.776378,False,104.068798,False
Maryland,2021,2021-08-28,1.065269,1.08447,1.128266,1.128266,False,68.429991,0.695215,216,31.102976,29.197288,1980-09-13,2020-12-12,31.576721,False,24.43073,False
Virginia,2021,2021-08-28,1.235792,1.20539,1.128266,1.128266,False,76.104741,0.717261,226,46.357011,37.51197,1980-09-13,2020-12-05,89.395964,False,102.904006,False
Virginia Tech,2021,2021-08-28,1.100901,1.1088,1.128266,1.128266,False,73.933122,0.711353,222,51.18699,46.495534,1980-10-18,2020-12-13,66.985388,False,61.898376,False
NC State,2021,2021-08-28,1.17376,1.160752,1.128266,1.128266,False,74.925997,0.714084,225,45.162021,38.476377,1980-09-27,2020-12-05,73.062713,False,79.10656,False
Wake Forest,2021,2021-08-28,1.121638,1.123639,1.128266,1.128266,False,69.371315,0.698102,202,31.561056,28.138363,1980-09-06,2020-10-24,44.224041,False,43.515431,False
Duke,2021,2021-08-28,0.914021,0.977909,1.128266,1.128266,False,70.603843,0.701801,214,24.931689,27.276934,1980-09-06,2020-12-06,-7.720626,False,-30.364485,False
North Carolina,2021,2021-08-28,1.122976,1.124548,1.128266,1.128266,False,70.930353,0.702765,227,39.010948,34.738908,1980-09-27,2020-11-27,53.425327,False,52.747431,False
Old Dominion,2021,2021-08-28,1.031494,1.086264,1.128266,1.128266,False,23.006142,0.434028,31,9.956462,9.652463,2014-09-13,2019-11-30,30.699059,False,11.249939,False
Marshall,2021,2021-08-28,1.195594,1.173245,1.128266,1.128266,False,60.377383,0.668059,124,42.701698,35.715874,1980-09-13,2020-12-19,97.550286,False,111.055599,False
East Carolina,2021,2021-08-28,1.126072,1.126752,1.128266,1.128266,False,66.869127,0.690304,190,35.132238,31.19892,1980-09-13,2020-11-28,51.921804,False,51.643111,False
Coastal Carolina,2021,2021-08-28,1.164856,1.14153,1.128266,1.128266,False,17.060308,0.36252,20,8.839492,7.588486,2017-09-02,2020-12-05,54.121194,False,62.962656,False
Appalachian State,2021,2021-08-28,1.102643,1.115867,1.128266,1.128266,False,28.127934,0.483897,37,23.472712,21.287686,1981-11-07,2020-12-05,104.020112,False,90.268921,False
Charlotte,2021,2021-08-28,1.012232,1.080331,1.128266,1.128266,False,21.11687,0.41311,27,7.684372,7.591513,2015-09-26,2020-12-06,24.813855,False,3.824221,False
Rutgers,2021,2021-08-28,1.007512,1.041966,1.128266,1.128266,False,75.141484,0.71467,215,29.090806,28.873913,1980-09-20,2020-12-19,15.486628,False,2.784346,False
Syracuse,2021,2021-08-28,1.116476,1.119878,1.128266,1.128266,False,73.95203,0.711405,235,36.265208,32.481862,1980-09-20,2020-11-28,49.06763,False,47.684801,False
Boston College,2021,2021-08-28,1.116052,1.119579,1.128266,1.128266,False,73.89235,0.71124,224,40.465757,36.257954,1980-09-20,2020-11-28,52.310276,False,50.757559,False
UConn,2021,2021-08-28,1.002268,1.048208,1.128266,1.128266,False,52.28041,0.635393,104,21.54303,21.494273,2000-10-28,2019-11-23,17.642789,False,0.834845,False
Temple,2021,2021-08-28,1.115385,1.119424,1.128266,1.128266,False,65.677513,0.686447,189,32.867776,29.467643,1980-09-13,2020-11-21,49.639059,False,47.96126,False
Army,2021,2021-08-28,1.136548,1.13374,1.128266,1.128266,False,58.469314,0.660899,183,27.953784,24.595332,1980-09-20,2020-12-19,50.598584,False,51.653192,False
Navy,2021,2021-08-28,1.220021,1.190415,1.128266,1.128266,False,62.976831,0.677339,180,38.219694,31.327078,1980-09-20,2020-12-05,81.3528,False,94.393038,False
Buffalo,2021,2021-08-28,1.134262,1.132088,1.128266,1.128266,False,52.747084,0.637449,107,25.276256,22.284311,1999-09-11,2020-12-12,48.911996,False,49.708898,False
Akron,2021,2021-08-28,1.026717,1.060864,1.128266,1.128266,False,59.216702,0.66374,149,23.396374,22.787565,1987-09-12,2020-12-05,22.177684,False,9.782723,False
Kent State,2021,2021-08-28,0.977524,1.029425,1.128266,1.128266,False,57.131856,0.655694,184,20.675367,21.150751,1980-10-04,2020-11-18,9.807926,False,-7.565827,False
Ohio,2021,2021-08-28,1.094515,1.105642,1.128266,1.128266,False,60.993296,0.670305,186,36.780123,33.604038,1980-09-20,2020-11-28,52.56401,False,46.920338,False
Miami (OH),2021,2021-08-28,1.089809,1.10237,1.128266,1.128266,False,61.846404,0.673368,195,32.653557,29.962647,1980-09-13,2020-11-05,45.229399,False,39.671021,False
Liberty,2021,2021-08-28,1.365116,1.189895,1.128266,1.128266,False,10.551623,0.260202,12,8.864583,6.493646,2018-09-01,2020-11-27,124.091019,False,268.999701,False
Western Kentucky,2021,2021-08-28,0.975176,1.039806,1.128266,1.128266,False,41.061186,0.577829,64,22.992057,23.577344,2008-10-11,2020-11-21,20.835149,False,-12.847643,False
Troy,2021,2021-08-28,1.020653,1.062529,1.128266,1.128266,False,47.094035,0.610865,84,29.546689,28.948808,2001-12-01,2020-12-12,34.861272,False,11.35274,False
Alabama,2021,2021-08-28,1.091155,1.101097,1.128266,1.128266,False,81.978113,0.732091,259,68.958089,63.197359,1980-09-06,2020-11-28,110.459316,False,98.069546,False
Auburn,2021,2021-08-28,1.211968,1.18966,1.128266,1.128266,False,82.564496,0.733486,259,62.207625,51.32777,1980-09-20,2020-12-05,122.07913,False,138.06707,False
Georgia,2021,2021-08-28,1.140884,1.137248,1.128266,1.128266,False,74.106079,0.711832,245,58.692712,51.444964,1980-09-13,2020-11-22,104.411811,False,107.535369,False
Georgia Tech,2021,2021-08-28,1.165719,1.154867,1.128266,1.128266,False,73.535703,0.710245,223,42.430705,36.398744,1980-09-20,2020-12-11,67.237665,False,72.029976,False
Florida,2021,2021-08-28,1.143136,1.138972,1.128266,1.128266,False,77.145948,0.720008,248,61.150858,53.493952,1980-09-13,2020-12-13,106.833234,False,110.446495,False
Florida State,2021,2021-08-28,1.10426,1.111055,1.128266,1.128266,False,75.980307,0.716929,237,57.032566,51.647787,1980-09-13,2020-12-12,82.670027,False,77.255656,False
Miami (FL),2021,2021-08-28,1.207004,1.184161,1.128266,1.128266,False,73.406149,0.709882,229,54.44824,45.110243,1980-09-27,2020-12-12,109.677764,False,124.654829,False
South Carolina,2021,2021-08-28,1.189668,1.172629,1.128266,1.128266,False,78.111442,0.722509,240,46.218653,38.850056,1980-10-04,2020-11-29,79.227141,False,87.209539,False
Clemson,2021,2021-08-28,1.180822,1.165945,1.128266,1.128266,False,75.979559,0.716927,228,63.53709,53.807513,1980-09-13,2020-11-28,147.062408,False,163.122914,False
Tennessee,2021,2021-08-28,1.119641,1.121892,1.128266,1.128266,False,84.945587,0.739007,269,53.842534,48.089085,1980-09-06,2020-12-19,69.812974,False,68.486736,False
Vanderbilt,2021,2021-08-28,1.007539,1.041887,1.128266,1.128266,False,75.446919,0.715497,231,26.555516,26.3568,1980-09-20,2020-12-12,13.894032,False,2.517933,False
Kentucky,2021,2021-08-28,1.21454,1.191047,1.128266,1.128266,False,80.169954,0.727693,248,41.993683,34.575787,1980-09-06,2020-12-06,72.828643,False,81.750747,False
LSU,2021,2021-08-28,1.144132,1.139906,1.128266,1.128266,False,82.636289,0.733656,261,63.663221,55.643256,1980-09-06,2020-12-19,108.094655,False,111.725086,False
Mississippi State,2021,2021-08-28,1.113232,1.117553,1.128266,1.128266,False,74.367876,0.712555,223,41.753367,37.506444,1980-09-13,2020-12-19,55.954839,False,53.880829,False
Ole Miss,2021,2021-08-28,1.084847,1.09702,1.128266,1.128266,False,77.002505,0.719633,235,41.34267,38.109214,1980-09-06,2020-11-28,44.497271,False,38.893009,False
UCF,2021,2021-08-28,1.142854,1.138019,1.128266,1.128266,False,60.521846,0.668588,122,41.535935,36.344042,1996-10-19,2020-11-21,82.593231,False,85.645027,False
South Florida,2021,2021-08-28,1.003892,1.048357,1.128266,1.128266,False,53.913746,0.64249,100,25.834117,25.733959,2001-09-29,2020-11-27,20.767417,False,1.673688,False
UAB,2021,2021-08-28,1.153789,1.143832,1.128266,1.128266,False,46.901733,0.609892,104,27.501764,23.836051,1996-09-14,2020-10-24,66.912057,False,71.610131,False
Massachusetts,2021,2021-08-28,0.768043,0.950602,1.128266,1.128266,False,29.195598,0.493206,42,7.246085,9.434484,2012-09-08,2019-11-23,-14.648201,False,-72.466331,False
Washington,2022,2022-08-27,1.141755,1.137762,1.12734,1.12734,False,78.321582,0.723047,252,50.867219,44.551794,1980-09-13,2021-11-27,75.916907,False,78.198433,False
Washington State,2022,2022-08-27,1.094929,1.104739,1.12734,1.12734,False,69.121756,0.697342,217,36.453265,33.292803,1980-09-13,2021-11-20,48.049429,False,43.532047,False
Oregon,2022,2022-08-27,1.214673,1.18959,1.12734,1.12734,False,74.453397,0.712791,230,60.33961,49.675593,1980-09-06,2021-11-27,137.613854,False,159.374821,False
Oregon State,2022,2022-08-27,1.164008,1.15299,1.12734,1.12734,False,69.845134,0.699535,215,33.266776,28.579514,1980-10-11,2021-11-21,57.968412,False,62.097608,False
California,2022,2022-08-27,1.204459,1.181554,1.12734,1.12734,False,71.007037,0.702991,230,38.122845,31.651438,1980-09-27,2021-12-05,69.751308,False,78.555656,False
Stanford,2022,2022-08-27,1.169769,1.157757,1.12734,1.12734,False,75.971174,0.716904,243,46.818602,40.023811,1980-09-13,2021-11-28,77.720105,False,83.803028,False
USC,2022,2022-08-27,1.147343,1.141918,1.12734,1.12734,False,80.613966,0.728787,252,59.369674,51.745349,1980-09-20,2021-11-28,88.875088,False,92.56169,False
UCLA,2022,2022-08-27,1.193446,1.175418,1.12734,1.12734,False,80.007776,0.727292,245,49.851805,41.771308,1980-09-13,2021-11-28,79.218253,False,87.605877,False
San Jose State,2022,2022-08-27,1.150953,1.142914,1.12734,1.12734,False,58.11506,0.659536,158,26.465336,22.994277,1980-10-11,2021-11-25,49.585352,False,52.340463,False
Fresno State,2022,2022-08-27,1.113715,1.11808,1.12734,1.12734,False,63.624905,0.679572,187,41.226392,37.017019,1980-09-20,2021-11-14,66.374184,False,63.843789,False
San Diego State,2022,2022-08-27,1.13504,1.132762,1.12734,1.12734,False,71.42051,0.704202,219,45.041308,39.682565,1980-09-27,2021-12-04,67.158912,False,68.350383,False
Hawai'i,2022,2022-08-27,1.189429,1.172456,1.12734,1.12734,False,79.743669,0.726636,266,44.0733,37.054173,1980-10-04,2021-11-21,72.85186,False,80.034824,False
Nevada,2022,2022-08-27,1.227026,1.194636,1.12734,1.12734,False,62.329824,0.675078,150,40.555779,33.052092,1992-10-24,2021-11-20,94.945028,False,111.489298,False
UNLV,2022,2022-08-27,1.012607,1.048495,1.12734,1.12734,False,65.907288,0.687198,195,22.030643,21.756367,1980-09-13,2021-11-20,14.899247,False,3.9006,False
Arizona,2022,2022-08-27,1.123293,1.124463,1.12734,1.12734,False,73.694798,0.710689,245,37.35232,33.252531,1980-09-20,2021-11-13,51.036113,False,50.558014,False
Arizona State,2022,2022-08-27,1.232009,1.202139,1.12734,1.12734,False,75.125935,0.714628,251,50.989617,41.38739,1980-09-13,2021-11-27,100.254527,False,116.031266,False
BYU,2022,2022-08-27,1.132344,1.130881,1.12734,1.12734,False,72.565114,0.707503,239,53.440251,47.19434,1980-09-13,2021-10-31,86.067899,False,87.105574,False
Utah,2022,2022-08-27,1.168323,1.156112,1.12734,1.12734,False,70.685381,0.702042,220,51.030718,43.678592,1980-09-20,2021-11-26,92.735006,False,100.567443,False
Utah State,2022,2022-08-27,1.166261,1.153448,1.12734,1.12734,False,61.130524,0.670802,170,32.644437,27.990683,1980-10-04,2021-11-21,64.558577,False,69.964265,False
Boise State,2022,2022-08-27,1.125154,1.125839,1.12734,1.12734,False,65.685387,0.686473,140,55.674749,49.481898,1996-08-31,2021-11-21,121.683893,False,120.890833,False
Colorado,2022,2022-08-27,1.16061,1.150788,1.12734,1.12734,False,71.618299,0.704778,241,37.677581,32.46361,1980-09-27,2021-11-20,62.860906,False,66.937467,False
Colorado State,2022,2022-08-27,1.082532,1.096962,1.12734,1.12734,False,63.157729,0.677966,204,32.409447,29.938552,1980-09-06,2021-11-28,41.874314,False,35.652573,False
Wyoming,2022,2022-08-27,1.21774,1.189553,1.12734,1.12734,False,66.214079,0.688195,213,36.327258,29.831693,1980-09-13,2021-11-27,74.671295,False,85.82456,False
Air Force,2022,2022-08-27,1.155409,1.146792,1.12734,1.12734,False,67.724884,0.693016,223,44.901221,38.861741,1980-09-20,2021-11-26,78.097492,False,82.893772,False
New Mexico,2022,2022-08-27,0.981791,1.025549,1.12734,1.12734,False,69.786952,0.699359,220,26.576086,27.068978,1980-09-06,2021-11-26,9.202059,False,-6.603536,False
New Mexico State,2022,2022-08-27,0.947277,1.009426,1.12734,1.12734,False,56.917586,0.654845,166,16.611463,17.536015,1980-09-13,2021-11-27,2.882403,False,-16.365518,False
UTEP,2022,2022-08-27,1.128802,1.128338,1.12734,1.12734,False,64.567093,0.682765,207,25.574785,22.656578,1980-09-20,2021-11-20,42.396281,False,42.546649,False
Kansas,2022,2022-08-27,1.077604,1.092141,1.12734,1.12734,False,72.635066,0.707702,235,23.942697,22.218463,1980-09-13,2021-11-28,31.637152,False,26.73671,False
Kansas State,2022,2022-08-27,1.242484,1.210022,1.12734,1.12734,False,76.412284,0.718078,229,50.908989,40.973548,1980-09-27,2021-11-20,105.806558,False,122.968524,False
Nebraska,2022,2022-08-27,1.136522,1.134104,1.12734,1.12734,False,83.9318,0.736685,272,57.685024,50.755765,1980-09-13,2021-11-26,81.872747,False,83.416322,False
Iowa State,2022,2022-08-27,1.240484,1.207897,1.12734,1.12734,False,74.163989,0.711993,232,37.451763,30.191258,1980-09-13,2021-11-26,77.449062,False,89.465334,False
Oklahoma State,2022,2022-08-27,1.211851,1.187554,1.12734,1.12734,False,74.347559,0.712499,226,51.489104,42.487991,1980-10-04,2021-11-28,102.069657,False,116.283382,False
Tulsa,2022,2022-08-27,1.113039,1.117414,1.12734,1.12734,False,68.057348,0.694057,193,37.395,33.597197,1980-09-13,2021-11-20,52.064348,False,50.10946,False
Texas,2022,2022-08-27,1.126936,1.127045,1.12734,1.12734,False,80.692297,0.728978,256,57.212059,50.767798,1980-09-01,2021-11-26,77.481175,False,77.410831,False
Texas A&M,2022,2022-08-27,1.173765,1.160848,1.12734,1.12734,False,77.820265,0.721759,244,54.626515,46.53957,1980-09-20,2021-11-06,96.101156,False,104.359864,False
Baylor,2022,2022-08-27,1.253512,1.215602,1.12734,1.12734,False,69.844224,0.699532,217,41.24173,32.900934,1980-10-04,2021-11-27,96.687129,False,114.00464,False
TCU,2022,2022-08-27,1.009891,1.044588,1.12734,1.12734,False,71.548251,0.704574,225,46.856875,46.397961,1980-09-13,2021-11-20,30.001853,False,6.566138,False
Texas Tech,2022,2022-08-27,1.085562,1.098178,1.12734,1.12734,False,69.348934,0.698034,226,38.940855,35.871606,1980-09-06,2021-11-21,46.529366,False,40.525382,False
Houston,2022,2022-08-27,1.181554,1.165155,1.12734,1.12734,False,69.177646,0.697512,219,43.82519,37.09115,1980-09-20,2021-11-20,81.374336,False,89.781149,False
Rice,2022,2022-08-27,1.05295,1.076016,1.12734,1.12734,False,66.753728,0.689934,213,29.721059,28.226456,1980-09-27,2021-11-27,29.732252,False,20.74432,False
SMU,2022,2022-08-27,1.200062,1.178195,1.12734,1.12734,False,69.769894,0.699308,211,35.798782,29.830774,1980-09-13,2021-11-27,70.2854,False,78.87488,False
North Texas,2022,2022-08-27,1.085314,1.099574,1.12734,1.12734,False,58.416506,0.660697,132,28.235258,26.015748,1980-10-04,2021-11-27,37.716047,False,32.344098,False
UTSA,2022,2022-08-27,1.106295,1.115726,1.12734,1.12734,False,36.942958,0.551857,52,19.484946,17.6128,2012-10-20,2021-12-04,48.587734,False,44.618561,False
Texas State,2022,2022-08-27,0.812607,0.955489,1.12734,1.12734,False,36.082319,0.546021,51,10.224413,12.582236,2012-09-08,2021-11-13,-14.263515,False,-62.227447,False
Louisiana Tech,2022,2022-08-27,1.131385,1.129978,1.12734,1.12734,False,56.214935,0.652032,143,35.715969,31.568355,1981-09-19,2021-11-20,67.093877,False,67.842783,False
Tulane,2022,2022-08-27,1.018355,1.05103,1.12734,1.12734,False,70.062138,0.700186,228,28.628408,28.112391,1980-09-06,2021-11-20,18.365811,False,6.637454,False
Louisiana,2022,2022-08-27,1.133412,1.131372,1.12734,1.12734,False,59.282864,0.663989,159,36.806731,32.474272,1980-09-06,2021-12-04,64.122379,False,65.146062,False
Memphis,2022,2022-08-27,1.183481,1.1673,1.12734,1.12734,False,74.088527,0.711784,223,44.138696,37.295646,1980-09-06,2021-11-28,73.549498,False,80.825314,False
FIU,2022,2022-08-27,1.042781,1.074602,1.12734,1.12734,False,49.720225,0.623684,86,20.697056,19.847939,2005-10-15,2021-11-21,26.226092,False,15.099688,False
Oklahoma,2022,2022-08-27,1.141571,1.13765,1.12734,1.12734,False,78.896357,0.724509,253,68.363918,59.885818,1980-09-13,2021-11-20,148.722595,False,154.102622,False
Arkansas,2022,2022-08-27,1.159639,1.150822,1.12734,1.12734,False,79.893653,0.727009,260,45.494059,39.231214,1980-09-20,2021-11-26,68.75671,False,72.81828,False
Missouri,2022,2022-08-27,1.169138,1.157277,1.12734,1.12734,False,75.723162,0.71624,242,45.586973,38.991959,1980-09-13,2021-11-20,73.705724,False,79.416301,False
Cincinnati,2022,2022-08-27,1.216737,1.190026,1.12734,1.12734,False,70.407007,0.701216,198,51.130353,42.022532,1980-11-08,2021-12-04,110.159138,False,127.123929,False
Louisville,2022,2022-08-27,1.092988,1.102981,1.12734,1.12734,False,73.126153,0.709094,215,45.404937,41.542029,1980-09-06,2021-11-28,53.77971,False,48.450923,False
Arkansas State,2022,2022-08-27,1.170486,1.155496,1.12734,1.12734,False,56.345457,0.652558,133,34.761067,29.697966,1980-09-20,2021-11-27,73.140244,False,80.438072,False
ULM,2022,2022-08-27,1.051345,1.079916,1.12734,1.12734,False,49.795707,0.62404,104,21.923971,20.853269,1980-11-22,2021-11-13,29.291759,False,18.857923,False
FAU,2022,2022-08-27,1.100948,1.110806,1.12734,1.12734,False,50.317614,0.626483,86,28.002008,25.434447,2005-09-08,2021-11-28,48.007289,False,43.705525,False
Georgia Southern,2022,2022-08-27,1.264853,1.194837,1.12734,1.12734,False,28.921373,0.490847,38,18.563604,14.676497,2014-09-25,2021-11-20,90.368785,False,123.900968,False
Georgia State,2022,2022-08-27,0.960849,1.040918,1.12734,1.12734,False,32.380064,0.519077,44,13.774989,14.336266,2013-10-12,2021-11-27,15.315033,False,-14.759195,False
Middle Tennessee,2022,2022-08-27,1.165546,1.151542,1.12734,1.12734,False,51.842807,0.633444,105,32.2011,27.627472,1999-11-13,2021-11-20,66.626006,False,72.962505,False
South Alabama,2022,2022-08-27,1.156426,1.143335,1.12734,1.12734,False,36.656358,0.54993,52,16.042989,13.872904,2012-09-01,2021-11-26,46.861366,False,51.07128,False
Southern Miss,2022,2022-08-27,0.980536,1.026986,1.12734,1.12734,False,64.813733,0.68359,189,35.477266,36.181513,1980-09-20,2021-11-27,13.511696,False,-9.683104,False
Michigan,2022,2022-08-27,1.181522,1.167603,1.12734,1.12734,False,86.77995,0.743107,273,68.379782,57.874314,1980-09-13,2021-11-27,118.080714,False,129.287471,False
Michigan State,2022,2022-08-27,1.1062,1.111839,1.12734,1.12734,False,82.45306,0.733222,259,54.589906,49.34905,1980-09-27,2021-11-27,64.114506,False,60.764249,False
Ohio State,2022,2022-08-27,1.155615,1.148426,1.12734,1.12734,False,87.994332,0.74575,279,78.764656,68.158242,1980-09-13,2021-11-20,171.416815,False,182.74924,False
Indiana,2022,2022-08-27,1.07283,1.088651,1.12734,1.12734,False,73.361589,0.709757,238,31.86598,29.702719,1980-09-13,2021-11-20,32.499564,False,26.747963,False
Purdue,2022,2022-08-27,1.111018,1.115474,1.12734,1.12734,False,79.887011,0.726992,250,37.492192,33.745795,1980-09-20,2021-11-27,43.175537,False,41.521652,False
Illinois,2022,2022-08-27,1.012069,1.044133,1.12734,1.12734,False,77.849609,0.721835,246,32.039229,31.657167,1980-09-06,2021-11-27,16.544027,False,4.541993,False
Northwestern,2022,2022-08-27,1.06817,1.084755,1.12734,1.12734,False,77.035449,0.719719,238,39.565559,37.040492,1980-10-04,2021-11-06,36.863782,False,29.641437,False
Wisconsin,2022,2022-08-27,1.114062,1.117622,1.12734,1.12734,False,81.884784,0.731867,260,64.271845,57.691435,1980-09-13,2021-11-20,97.144702,False,93.87897,False
Minnesota,2022,2022-08-27,1.195093,1.176437,1.12734,1.12734,False,78.949715,0.724644,245,45.088172,37.72776,1980-09-13,2021-11-27,74.834656,False,82.81762,False
Iowa,2022,2022-08-27,1.197612,1.178472,1.12734,1.12734,False,80.144217,0.72763,248,56.731883,47.370831,1980-09-27,2021-11-20,102.065865,False,113.941589,False
Notre Dame,2022,2022-08-27,1.181254,1.167277,1.12734,1.12734,False,85.719747,0.740753,268,66.463821,56.265491,1980-09-06,2021-11-20,114.415733,False,125.207218,False
Toledo,2022,2022-08-27,1.174853,1.160273,1.12734,1.12734,False,67.764666,0.693141,213,48.328807,41.136028,1980-09-27,2021-11-27,91.489959,False,100.462621,False
Ball State,2022,2022-08-27,1.016428,1.053353,1.12734,1.12734,False,60.111406,0.667079,186,28.856881,28.390492,1980-09-20,2021-11-24,21.223344,False,6.540967,False
Western Michigan,2022,2022-08-27,1.041853,1.069891,1.12734,1.12734,False,61.469097,0.67202,200,38.2894,36.751258,1980-09-06,2021-11-10,38.080606,False,22.624891,False
Bowling Green,2022,2022-08-27,0.914322,0.984012,1.12734,1.12734,False,61.699482,0.672844,193,28.749073,31.44305,1980-09-13,2021-11-26,-7.365582,False,-39.524497,False
Central Michigan,2022,2022-08-27,1.082385,1.097195,1.12734,1.12734,False,61.058437,0.670541,196,33.945142,31.361443,1980-09-06,2021-11-26,43.790303,False,37.065926,False
Eastern Michigan,2022,2022-08-27,0.990805,1.036015,1.12734,1.12734,False,60.600556,0.668876,189,21.979855,22.183835,1980-10-18,2021-11-17,11.629719,False,-2.993352,False
Northern Illinois,2022,2022-08-27,1.12705,1.127148,1.12734,1.12734,False,58.795316,0.662144,177,38.093381,33.799198,1980-09-13,2021-11-24,68.4256,False,68.371109,False
Penn State,2022,2022-08-27,1.156181,1.148718,1.12734,1.12734,False,85.934337,0.741233,269,65.508453,56.659338,1980-09-27,2021-11-20,103.393456,False,109.136316,False
Pittsburgh,2022,2022-08-27,1.10234,1.109381,1.12734,1.12734,False,76.520312,0.718364,248,44.898494,40.730161,1980-09-13,2021-11-20,50.508509,False,47.208965,False
West Virginia,2022,2022-08-27,1.203828,1.181634,1.12734,1.12734,False,73.389978,0.709836,239,50.37537,41.845989,1980-09-06,2021-11-20,95.653855,False,108.090279,False
Maryland,2022,2022-08-27,1.08677,1.099,1.12734,1.12734,False,69.513246,0.698533,222,31.844188,29.301684,1980-09-13,2021-11-20,36.218997,False,31.772134,False
Virginia,2022,2022-08-27,1.199648,1.179314,1.12734,1.12734,False,76.680746,0.718787,232,46.083817,38.414463,1980-09-13,2021-11-27,79.020729,False,88.154844,False
Virginia Tech,2022,2022-08-27,1.08765,1.099029,1.12734,1.12734,False,74.641375,0.713307,228,50.587527,46.51084,1980-10-18,2021-11-13,59.319812,False,52.259342,False
NC State,2022,2022-08-27,1.206019,1.183662,1.12734,1.12734,False,75.579094,0.715853,231,47.801734,39.635985,1980-09-27,2021-11-27,86.803142,False,97.757772,False
Wake Forest,2022,2022-08-27,1.184037,1.166933,1.12734,1.12734,False,69.443504,0.698321,207,34.156915,28.847841,1980-09-06,2021-11-14,60.506807,False,66.6582,False
Duke,2022,2022-08-27,0.912942,0.976279,1.12734,1.12734,False,71.55059,0.704581,220,25.142814,27.540441,1980-09-06,2021-11-27,-8.299141,False,-30.790846,False
North Carolina,2022,2022-08-27,1.141145,1.137078,1.12734,1.12734,False,71.836682,0.705411,233,41.107036,36.022636,1980-09-27,2021-11-06,59.98834,False,61.789126,False
James Madison,2022,2022-08-27,,1.12734,1.12734,1.12734,False,0.0,0.0,0,0.0,0.0,,,62.285714,False,,False
Old Dominion,2022,2022-08-27,1.146549,1.136293,1.12734,1.12734,False,26.191763,0.466114,36,12.132893,10.582098,2014-09-13,2021-11-27,46.553552,False,50.021154,False
Marshall,2022,2022-08-27,1.147479,1.140844,1.12734,1.12734,False,61.066141,0.670569,129,41.736747,36.37257,1980-09-13,2021-11-27,78.948371,False,82.853474,False
East Carolina,2022,2022-08-27,1.128301,1.128004,1.12734,1.12734,False,67.1203,0.691105,195,35.616642,31.566612,1980-09-13,2021-11-26,52.935824,False,53.058984,False
Coastal Carolina,2022,2022-08-27,1.090694,1.11201,1.12734,1.12734,False,21.574229,0.418314,26,12.955125,11.877873,2017-09-02,2021-11-20,60.354086,False,48.774613,False
Appalachian State,2022,2022-08-27,1.145638,1.136771,1.12734,1.12734,False,31.906198,0.515396,43,27.561691,24.057933,1981-11-07,2021-11-27,127.267412,False,137.666029,False
Charlotte,2022,2022-08-27,1.108679,1.118967,1.12734,1.12734,False,24.416629,0.448698,32,9.989574,9.010337,2015-09-26,2021-11-20,36.350601,False,33.254466,False
Rutgers,2022,2022-08-27,0.987943,1.027833,1.12734,1.12734,False,74.836054,0.713839,220,28.083616,28.426349,1980-09-20,2021-11-27,10.163397,False,-4.427679,False
Syracuse,2022,2022-08-27,1.115166,1.118655,1.12734,1.12734,False,74.666704,0.713376,241,35.727369,32.037707,1980-09-20,2021-11-28,47.328969,False,45.949827,False
Boston College,2022,2022-08-27,1.108331,1.113831,1.12734,1.12734,False,73.683873,0.710659,229,39.648625,35.773285,1980-09-20,2021-11-27,48.513186,False,46.160063,False
UConn,2022,2022-08-27,0.976949,1.031599,1.12734,1.12734,False,52.557441,0.636617,108,20.105126,20.579501,2000-10-28,2021-11-27,11.37188,False,-8.364959,False
Temple,2022,2022-08-27,1.117983,1.120907,1.12734,1.12734,False,66.011261,0.687537,194,31.613468,28.277225,1980-09-13,2021-11-27,48.764246,False,47.591132,False
Army,2022,2022-08-27,1.100168,1.109203,1.12734,1.12734,False,60.221199,0.667484,189,29.847186,27.12967,1980-09-20,2021-12-11,44.919868,False,41.212511,False
Navy,2022,2022-08-27,1.20015,1.177015,1.12734,1.12734,False,64.415305,0.682255,186,36.608169,30.502994,1980-09-20,2021-11-20,72.795813,False,82.457309,False
Buffalo,2022,2022-08-27,1.051392,1.078536,1.12734,1.12734,False,53.937243,0.64259,112,24.531149,23.332068,1999-09-11,2021-11-18,29.655771,False,19.454143,False
Akron,2022,2022-08-27,0.984176,1.03191,1.12734,1.12734,False,59.975948,0.666578,154,21.834768,22.185825,1987-09-12,2021-11-20,11.368961,False,-5.686125,False
Kent State,2022,2022-08-27,1.044588,1.073092,1.12734,1.12734,False,57.093457,0.655542,188,23.07028,22.085536,1980-10-04,2021-11-27,25.041458,False,15.337702,False
Ohio,2022,2022-08-27,1.052367,1.076912,1.12734,1.12734,False,61.633429,0.672609,191,35.270226,33.515143,1980-09-20,2021-11-17,37.105451,False,25.171089,False
Miami (OH),2022,2022-08-27,1.123648,1.124859,1.12734,1.12734,False,61.494036,0.67211,199,34.249684,30.480788,1980-09-13,2021-11-17,56.430461,False,55.879254,False
Liberty,2022,2022-08-27,1.186841,1.146788,1.12734,1.12734,False,14.567292,0.326861,17,11.095093,9.348426,2018-09-01,2021-11-27,103.832991,False,135.216749,False
Western Kentucky,2022,2022-08-27,0.988449,1.045497,1.12734,1.12734,False,43.038121,0.589256,69,24.295901,24.57983,2008-10-11,2021-11-20,23.310723,False,-5.860469,False
Troy,2022,2022-08-27,1.024719,1.063853,1.12734,1.12734,False,48.66815,0.618651,89,29.461033,28.750364,2001-12-01,2021-11-20,33.782265,False,12.948126,False
Alabama,2022,2022-08-27,1.090826,1.100592,1.12734,1.12734,False,82.168332,0.732545,265,70.017339,64.187433,1980-09-06,2021-11-20,116.651418,False,103.568147,False
Auburn,2022,2022-08-27,1.200228,1.180827,1.12734,1.12734,False,82.708101,0.733826,265,60.872737,50.717634,1980-09-20,2021-11-27,113.818838,False,127.19113,False
Georgia,2022,2022-08-27,1.144418,1.139485,1.12734,1.12734,False,73.85972,0.711149,250,59.475128,51.969764,1980-09-13,2021-11-06,110.688818,False,115.179898,False
Georgia Tech,2022,2022-08-27,1.106857,1.112803,1.12734,1.12734,False,73.342465,0.709703,228,39.59864,35.775745,1980-09-20,2021-11-27,48.339059,False,45.773965,False
Florida,2022,2022-08-27,1.150689,1.144124,1.12734,1.12734,False,76.696728,0.718829,253,60.832259,52.865953,1980-09-13,2021-11-27,110.974384,False,116.710901,False
Florida State,2022,2022-08-27,1.106765,1.112557,1.12734,1.12734,False,76.557276,0.718461,243,56.055581,50.64814,1980-09-13,2021-11-13,79.876875,False,75.521365,False
Miami (FL),2022,2022-08-27,1.212263,1.187803,1.12734,1.12734,False,74.155834,0.71197,235,54.587184,45.02916,1980-09-27,2021-11-21,108.90127,False,124.469054,False
South Carolina,2022,2022-08-27,1.223436,1.196881,1.12734,1.12734,False,78.561372,0.723659,246,46.909371,38.342316,1980-10-04,2021-11-28,88.259853,False,100.424042,False
Clemson,2022,2022-08-27,1.185069,1.168672,1.12734,1.12734,False,75.62443,0.715975,233,64.012442,54.015811,1980-09-13,2021-11-20,153.620455,False,172.195779,False
Tennessee,2022,2022-08-27,1.106584,1.111958,1.12734,1.12734,False,85.873522,0.741097,276,54.021761,48.818485,1980-09-06,2021-11-27,64.500605,False,61.326488,False
Vanderbilt,2022,2022-08-27,0.99303,1.03102,1.12734,1.12734,False,76.0609,0.717144,237,25.722524,25.903065,1980-09-20,2021-11-14,10.25528,False,-2.322519,False
Kentucky,2022,2022-08-27,1.218518,1.193755,1.12734,1.12734,False,80.463372,0.728417,254,43.889466,36.018732,1980-09-06,2021-11-20,77.268469,False,87.159822,False
LSU,2022,2022-08-27,1.152241,1.145618,1.12734,1.12734,False,82.784575,0.734006,267,63.191054,54.841852,1980-09-06,2021-11-28,108.564646,False,114.029826,False
Mississippi State,2022,2022-08-27,1.10573,1.111902,1.12734,1.12734,False,75.048385,0.714417,229,41.781222,37.786082,1980-09-13,2021-11-26,52.314585,False,49.407452,False
Ole Miss,2022,2022-08-27,1.139782,1.136311,1.12734,1.12734,False,77.525366,0.720996,241,44.24567,38.819398,1980-09-06,2021-11-21,62.970087,False,64.592402,False
UCF,2022,2022-08-27,1.177918,1.161451,1.12734,1.12734,False,62.143501,0.674421,128,44.424817,37.714707,1996-10-19,2021-11-26,98.368189,False,109.208112,False
South Florida,2022,2022-08-27,1.007316,1.049663,1.12734,1.12734,False,55.02872,0.647178,105,25.053028,24.871066,2001-09-29,2021-11-12,20.785881,False,3.069618,False
UAB,2022,2022-08-27,1.111149,1.117337,1.12734,1.12734,False,48.489733,0.617784,109,28.501929,25.650867,1996-09-14,2021-11-26,57.053751,False,54.000254,False
Massachusetts,2022,2022-08-27,0.787237,0.954501,1.12734,1.12734,False,30.999833,0.508195,46,7.703163,9.785058,2012-09-08,2021-10-09,-13.320146,False,-65.36695,False
Washington,2023,2023-08-26,1.18733,1.170193,1.125214,1.125214,False,78.740153,0.724113,258,53.118249,44.737564,1980-09-13,2022-11-20,93.735552,False,103.697113,False
Washington State,2023,2023-08-26,1.079586,1.093252,1.125214,1.125214,False,70.163843,0.700491,223,36.843615,34.127532,1980-09-13,2022-11-27,42.661115,False,36.38731,False
Oregon,2023,2023-08-26,1.216183,1.189992,1.125214,1.125214,False,74.199416,0.712091,235,60.080492,49.40085,1980-09-06,2022-11-20,136.639969,False,159.12409,False
Oregon State,2023,2023-08-26,1.188623,1.169758,1.125214,1.125214,False,70.838591,0.702495,221,35.763274,30.087998,1980-10-11,2022-11-26,66.376275,False,73.704045,False
California,2023,2023-08-26,1.217903,1.190622,1.125214,1.125214,False,71.927055,0.705672,236,38.400526,31.530039,1980-09-27,2022-11-25,72.02662,False,82.329168,False
Stanford,2023,2023-08-26,1.149505,1.142605,1.125214,1.125214,False,75.615717,0.715951,248,44.636889,38.831404,1980-09-13,2022-11-27,67.470937,False,70.787574,False
USC,2023,2023-08-26,1.184576,1.168651,1.125214,1.125214,False,81.82796,0.731731,259,62.001632,52.340782,1980-09-20,2022-11-27,106.551507,False,117.782215,False
UCLA,2023,2023-08-26,1.179162,1.164615,1.125214,1.125214,False,81.259537,0.73036,252,51.220744,43.438269,1980-09-13,2022-11-20,76.966875,False,83.985672,False
San Jose State,2023,2023-08-26,1.187614,1.16657,1.125214,1.125214,False,58.955343,0.662752,163,29.4181,24.770762,1980-10-11,2022-11-26,61.823486,False,69.582799,False
Fresno State,2023,2023-08-26,1.135456,1.132191,1.125214,1.125214,False,64.096369,0.681178,192,42.256945,37.215827,1980-09-20,2022-11-26,73.28754,False,75.16925,False
San Diego State,2023,2023-08-26,1.144229,1.138653,1.125214,1.125214,False,72.309721,0.706773,225,45.80703,40.033089,1980-09-27,2022-11-27,69.243735,False,72.128068,False
Hawai'i,2023,2023-08-26,1.172208,1.1594,1.125214,1.125214,False,80.071642,0.72745,272,43.022182,36.701844,1980-10-04,2022-11-20,66.244305,False,71.554266,False
Nevada,2023,2023-08-26,1.185102,1.165759,1.125214,1.125214,False,62.883803,0.677016,155,38.783352,32.725762,1992-10-24,2022-11-20,79.205583,False,88.720693,False
UNLV,2023,2023-08-26,1.046266,1.07088,1.125214,1.125214,False,66.223373,0.688225,200,23.386159,22.352023,1980-09-13,2022-11-26,22.043159,False,14.45281,False
Arizona,2023,2023-08-26,1.107455,1.112557,1.125214,1.125214,False,74.434519,0.712739,251,36.748198,33.18256,1980-09-20,2022-11-25,45.32774,False,43.28439,False
Arizona State,2023,2023-08-26,1.202644,1.180484,1.125214,1.125214,False,74.822056,0.713801,256,48.527005,40.350253,1980-09-13,2022-11-19,87.081781,False,98.231796,False
BYU,2023,2023-08-26,1.135919,1.132783,1.125214,1.125214,False,72.421775,0.707094,244,52.686962,46.382689,1980-09-13,2022-10-29,83.894118,False,86.019152,False
Utah,2023,2023-08-26,1.177855,1.162169,1.125214,1.125214,False,70.67913,0.702024,225,52.33633,44.433578,1980-09-20,2022-11-13,100.038957,False,110.657603,False
Utah State,2023,2023-08-26,1.174558,1.158425,1.125214,1.125214,False,61.756696,0.673048,175,34.233705,29.14603,1980-10-04,2022-11-20,69.22402,False,76.323495,False
Boise State,2023,2023-08-26,1.110486,1.115042,1.125214,1.125214,False,66.971865,0.690632,146,55.732886,50.187838,1996-08-31,2022-12-03,106.137063,False,101.274402,False
Colorado,2023,2023-08-26,1.148067,1.141378,1.125214,1.125214,False,72.492508,0.707296,247,36.10474,31.448282,1980-09-27,2022-11-26,57.143146,False,59.821946,False
Colorado State,2023,2023-08-26,1.068753,1.086838,1.125214,1.125214,False,63.659663,0.679691,209,32.138813,30.071311,1980-09-06,2022-11-25,37.075017,False,29.367906,False
Wyoming,2023,2023-08-26,1.242025,1.20571,1.125214,1.125214,False,66.497362,0.689111,218,36.717451,29.562563,1980-09-13,2022-11-20,79.070709,False,93.078529,False
Air Force,2023,2023-08-26,1.149474,1.142112,1.125214,1.125214,False,68.856628,0.69653,229,46.613119,40.551678,1980-09-20,2022-11-20,78.866381,False,83.165036,False
New Mexico,2023,2023-08-26,0.986811,1.028401,1.125214,1.125214,False,69.834071,0.699501,225,25.739407,26.083415,1980-09-06,2022-11-19,10.010663,False,-4.682935,False
New Mexico State,2023,2023-08-26,0.968682,1.022738,1.125214,1.125214,False,56.872224,0.654665,170,17.383277,17.945288,1980-09-13,2022-10-16,6.992731,False,-9.750873,False
UTEP,2023,2023-08-26,1.148903,1.141493,1.125214,1.125214,False,65.901227,0.687178,213,27.633397,24.051985,1980-09-20,2022-11-19,47.762459,False,50.221073,False
Kansas,2023,2023-08-26,1.140977,1.136364,1.125214,1.125214,False,72.499399,0.707315,240,25.168061,22.058333,1980-09-13,2022-11-19,45.351151,False,46.837509,False
Kansas State,2023,2023-08-26,1.223045,1.195607,1.125214,1.125214,False,76.964193,0.719532,235,51.280416,41.928468,1980-09-27,2022-11-27,99.863519,False,114.571748,False
Nebraska,2023,2023-08-26,1.115619,1.118144,1.125214,1.125214,False,83.980373,0.736797,278,54.774273,49.097671,1980-09-13,2022-11-19,68.902187,False,67.38799,False
Iowa State,2023,2023-08-26,1.186414,1.168906,1.125214,1.125214,False,74.86844,0.713927,238,36.834736,31.047121,1980-09-13,2022-11-20,63.335943,False,69.84157,False
Oklahoma State,2023,2023-08-26,1.209562,1.185471,1.125214,1.125214,False,75.03551,0.714382,232,52.753247,43.613512,1980-10-04,2022-11-26,102.841312,False,117.327325,False
Tulsa,2023,2023-08-26,1.093388,1.103108,1.125214,1.125214,False,68.228491,0.69459,198,36.783034,33.641322,1980-09-13,2022-11-19,45.323446,False,41.027686,False
Texas,2023,2023-08-26,1.142399,1.137792,1.125214,1.125214,False,81.891954,0.731884,263,58.096012,50.85438,1980-09-01,2022-11-25,82.400845,False,85.32325,False
Texas A&M,2023,2023-08-26,1.15182,1.144449,1.125214,1.125214,False,78.287152,0.722959,250,53.815533,46.722154,1980-09-20,2022-11-27,85.398707,False,90.00497,False
Baylor,2023,2023-08-26,1.203276,1.179834,1.125214,1.125214,False,69.897528,0.699692,222,40.36923,33.549424,1980-10-04,2022-11-19,82.015175,False,92.850118,False
TCU,2023,2023-08-26,1.055392,1.076031,1.125214,1.125214,False,71.492813,0.704413,230,48.449479,45.906615,1980-09-13,2022-11-26,50.667114,False,36.603347,False
Texas Tech,2023,2023-08-26,1.134045,1.131406,1.125214,1.125214,False,70.378725,0.701132,232,41.055774,36.202942,1980-09-06,2022-11-27,60.774734,False,62.007422,False
Houston,2023,2023-08-26,1.116381,1.119025,1.125214,1.125214,False,70.216004,0.700647,225,43.729746,39.170997,1980-09-20,2022-11-27,62.007405,False,60.591175,False
Rice,2023,2023-08-26,1.095501,1.10469,1.125214,1.125214,False,67.012767,0.690762,218,30.559138,27.895114,1980-09-27,2022-11-19,40.678588,False,37.13167,False
SMU,2023,2023-08-26,1.214683,1.187797,1.125214,1.125214,False,69.831548,0.699494,216,36.246409,29.840219,1980-09-13,2022-11-26,73.038554,False,83.462845,False
North Texas,2023,2023-08-26,1.112483,1.116763,1.125214,1.125214,False,59.228646,0.663785,137,30.127369,27.08119,1980-10-04,2022-11-26,45.075499,False,43.428047,False
UTSA,2023,2023-08-26,1.115336,1.119561,1.125214,1.125214,False,40.142895,0.572302,58,22.915634,20.54594,2012-10-20,2022-12-03,55.748756,False,53.758183,False
Texas State,2023,2023-08-26,0.8834,0.989472,1.125214,1.125214,False,38.391427,0.561349,56,12.366688,13.998972,2012-09-08,2022-11-26,-3.444678,False,-38.987625,False
Sam Houston,2023,2023-08-26,,1.125214,1.125214,1.125214,False,0.0,0.0,0,0.0,0.0,,,61.175715,False,,False
Louisiana Tech,2023,2023-08-26,1.152248,1.142844,1.125214,1.125214,False,56.242026,0.652142,147,35.21854,30.565069,1981-09-19,2022-11-26,70.792321,False,75.582013,False
Tulane,2023,2023-08-26,1.054012,1.074956,1.125214,1.125214,False,71.9883,0.705849,235,31.434873,29.824028,1980-09-06,2022-12-03,27.3986,False,19.788902,False
Louisiana,2023,2023-08-26,1.125729,1.125557,1.125214,1.125214,False,60.036973,0.666804,164,37.175816,33.023782,1980-09-06,2022-11-11,61.24494,False,61.330743,False
Memphis,2023,2023-08-26,1.175207,1.160895,1.125214,1.125214,False,74.791212,0.713716,229,44.954123,38.252098,1980-09-06,2022-11-11,72.15175,False,78.727805,False
FIU,2023,2023-08-26,1.011923,1.053818,1.125214,1.125214,False,51.125473,0.630202,91,20.260096,20.021382,2005-10-15,2022-11-26,18.73397,False,4.174923,False
Oklahoma,2023,2023-08-26,1.134374,1.131859,1.125214,1.125214,False,79.275143,0.725464,259,67.56156,59.558448,1980-09-13,2022-11-20,135.105572,False,138.258372,False
Arkansas,2023,2023-08-26,1.162709,1.152503,1.125214,1.125214,False,80.211962,0.727797,266,45.276191,38.940244,1980-09-20,2022-11-20,67.822363,False,72.400315,False
Missouri,2023,2023-08-26,1.182051,1.166015,1.125214,1.125214,False,76.329482,0.717858,248,46.319545,39.185753,1980-09-13,2022-11-25,78.064402,False,85.836244,False
Cincinnati,2023,2023-08-26,1.198477,1.176592,1.125214,1.125214,False,70.428651,0.70128,203,51.4893,42.962294,1980-11-08,2022-11-25,106.323521,False,120.76264,False
Louisville,2023,2023-08-26,1.138146,1.134412,1.125214,1.125214,False,73.902198,0.711267,221,47.09445,41.378218,1980-09-06,2022-11-19,68.726072,False,70.696693,False
Arkansas State,2023,2023-08-26,1.170775,1.155119,1.125214,1.125214,False,57.305821,0.65638,138,34.327383,29.32023,1980-09-20,2022-11-26,71.272873,False,78.665242,False
ULM,2023,2023-08-26,1.087137,1.101372,1.125214,1.125214,False,50.246611,0.626152,108,22.344781,20.553778,1980-11-22,2022-11-26,36.479594,False,31.389653,False
FAU,2023,2023-08-26,1.135329,1.131613,1.125214,1.125214,False,51.66533,0.632647,91,28.952702,25.501587,2005-09-08,2022-11-26,55.191415,False,56.761454,False
Georgia Southern,2023,2023-08-26,1.297417,1.213708,1.125214,1.125214,False,31.714692,0.513892,43,20.154274,15.534151,2014-09-25,2022-11-26,93.386067,False,131.026434,False
Georgia State,2023,2023-08-26,0.89257,0.998539,1.125214,1.125214,False,35.861617,0.544499,50,14.74077,16.514975,2013-10-12,2022-11-12,-0.571221,False,-42.421498,False
Jacksonville State,2023,2023-08-26,,1.125214,1.125214,1.125214,False,0.0,0.0,0,0.0,0.0,,,61.175715,False,,False
Middle Tennessee,2023,2023-08-26,1.161851,1.148473,1.125214,1.125214,False,52.159036,0.634855,109,31.947059,27.496687,1999-11-13,2022-11-19,63.748195,False,69.636833,False
South Alabama,2023,2023-08-26,1.153872,1.141399,1.125214,1.125214,False,38.929275,0.564771,57,18.748891,16.248672,2012-09-01,2022-11-26,51.495585,False,56.001738,False
Southern Miss,2023,2023-08-26,0.981438,1.026744,1.125214,1.125214,False,65.202272,0.684881,194,34.995407,35.657277,1980-09-20,2022-11-19,12.952749,False,-8.947689,False
Michigan,2023,2023-08-26,1.181844,1.167509,1.125214,1.125214,False,88.515078,0.746868,281,71.34304,60.365881,1980-09-13,2022-11-19,125.970751,False,138.541384,False
Michigan State,2023,2023-08-26,1.101279,1.107603,1.125214,1.125214,False,83.535896,0.735766,266,54.705287,49.67432,1980-09-27,2022-11-19,61.270916,False,57.553029,False
Ohio State,2023,2023-08-26,1.148468,1.142637,1.125214,1.125214,False,89.645735,0.74926,287,80.082588,69.729942,1980-09-13,2022-11-26,165.890265,False,175.020524,False
Indiana,2023,2023-08-26,1.099655,1.10702,1.125214,1.125214,False,74.114439,0.711856,244,31.61054,28.745869,1980-09-13,2022-11-26,38.070559,False,35.485651,False
Purdue,2023,2023-08-26,1.081119,1.093226,1.125214,1.125214,False,79.263403,0.725434,255,37.818202,34.980605,1980-09-20,2022-11-19,36.729165,False,31.977726,False
Illinois,2023,2023-08-26,1.018067,1.047748,1.125214,1.125214,False,78.297899,0.722986,252,33.652437,33.055222,1980-09-06,2022-11-12,18.33142,False,6.95501,False
Northwestern,2023,2023-08-26,1.030812,1.057378,1.125214,1.125214,False,76.6036,0.718584,243,36.92473,35.821008,1980-10-04,2022-11-26,24.492845,False,13.157776,False
Wisconsin,2023,2023-08-26,1.100857,1.107377,1.125214,1.125214,False,82.069993,0.73231,266,62.807919,57.053656,1980-09-13,2022-11-26,84.38774,False,78.833259,False
Minnesota,2023,2023-08-26,1.162101,1.15198,1.125214,1.125214,False,79.330659,0.725603,251,45.841502,39.44708,1980-09-13,2022-11-19,68.16443,False,72.753573,False
Iowa,2023,2023-08-26,1.172267,1.159486,1.125214,1.125214,False,80.447932,0.728379,254,55.773729,47.577683,1980-09-27,2022-11-25,90.117225,False,97.83335,False
Notre Dame,2023,2023-08-26,1.158939,1.150191,1.125214,1.125214,False,85.650228,0.740597,274,65.801841,56.777651,1980-09-06,2022-11-19,104.057456,False,110.795379,False
Toledo,2023,2023-08-26,1.173231,1.158525,1.125214,1.125214,False,67.953017,0.693731,218,48.866706,41.651376,1980-09-27,2022-11-16,91.565479,False,100.762552,False
Ball State,2023,2023-08-26,1.007832,1.046611,1.125214,1.125214,False,60.807351,0.66963,191,28.812256,28.588356,1980-09-20,2022-11-16,18.371839,False,3.091019,False
Western Michigan,2023,2023-08-26,1.00792,1.046134,1.125214,1.125214,False,62.081942,0.674203,205,36.68308,36.394833,1980-09-06,2022-11-25,24.065799,False,4.098343,False
Bowling Green,2023,2023-08-26,0.946083,1.00431,1.125214,1.125214,False,62.292816,0.674948,198,29.654347,31.344353,1980-09-13,2022-11-10,1.956433,False,-24.498265,False
Central Michigan,2023,2023-08-26,1.016352,1.051968,1.125214,1.125214,False,61.697259,0.672836,201,32.626084,32.101156,1980-09-06,2022-11-17,23.448022,False,7.358588,False
Eastern Michigan,2023,2023-08-26,0.945641,1.004666,1.125214,1.125214,False,61.269216,0.671302,194,22.4016,23.68933,1980-10-18,2022-11-25,1.589301,False,-18.700112,False
Northern Illinois,2023,2023-08-26,1.038395,1.067467,1.125214,1.125214,False,59.591286,0.665146,182,35.550813,34.236314,1980-09-13,2022-11-26,35.29901,False,19.972137,False
Penn State,2023,2023-08-26,1.172983,1.160713,1.125214,1.125214,False,86.796238,0.743142,276,66.789214,56.939641,1980-09-27,2022-11-26,111.293531,False,120.832995,False
Pittsburgh,2023,2023-08-26,1.085315,1.096495,1.125214,1.125214,False,77.057151,0.719776,254,45.670563,42.080481,1980-09-13,2022-11-19,46.048099,False,40.63484,False
West Virginia,2023,2023-08-26,1.203132,1.180483,1.125214,1.125214,False,73.208591,0.709327,244,48.901641,40.645291,1980-09-06,2022-11-19,92.807126,False,105.052906,False
Maryland,2023,2023-08-26,1.099991,1.107448,1.125214,1.125214,False,71.466198,0.704335,229,34.422413,31.293367,1980-09-13,2022-11-26,41.170037,False,38.322907,False
Virginia,2023,2023-08-26,1.163115,1.152416,1.125214,1.125214,False,76.277549,0.71772,237,43.944904,37.782093,1980-09-13,2022-11-12,65.986796,False,70.667102,False
Virginia Tech,2023,2023-08-26,1.065409,1.082757,1.125214,1.125214,False,73.420881,0.709923,232,48.146944,45.191025,1980-10-18,2022-11-05,47.88581,False,37.618771,False
NC State,2023,2023-08-26,1.198392,1.177718,1.125214,1.125214,False,76.187653,0.717481,237,49.317319,41.152895,1980-09-27,2022-11-12,87.765947,False,98.418554,False
Wake Forest,2023,2023-08-26,1.17251,1.158387,1.125214,1.125214,False,70.463209,0.701383,213,35.646449,30.401831,1980-09-06,2022-11-20,59.7064,False,65.010479,False
Duke,2023,2023-08-26,0.973849,1.018593,1.125214,1.125214,False,71.487345,0.704397,225,27.234935,27.966268,1980-09-06,2022-11-26,6.48817,False,-9.183435,False
North Carolina,2023,2023-08-26,1.11131,1.115409,1.125214,1.125214,False,71.761836,0.705194,238,40.247452,36.21624,1980-09-27,2022-11-25,50.551368,False,48.741361,False
James Madison,2023,2023-08-26,1.21695,1.137673,1.125214,1.125214,False,4.714955,0.135819,5,3.77173,3.099331,2022-09-03,2022-11-26,79.042329,False,132.737675,False
Old Dominion,2023,2023-08-26,1.08813,1.106644,1.125214,1.125214,False,30.091546,0.500762,42,13.195619,12.126881,2014-09-13,2022-11-12,35.866548,False,29.691839,False
Marshall,2023,2023-08-26,1.12234,1.12329,1.125214,1.125214,False,60.77266,0.669504,133,40.847503,36.394929,1980-09-13,2022-11-26,68.473681,False,67.924509,False
East Carolina,2023,2023-08-26,1.12099,1.12228,1.125214,1.125214,False,68.282219,0.694757,201,36.060322,32.168269,1980-09-13,2022-11-19,50.033109,False,49.50436,False
Coastal Carolina,2023,2023-08-26,1.096618,1.111998,1.125214,1.125214,False,25.779713,0.46217,32,16.793924,15.314291,2017-09-02,2022-11-13,66.667105,False,57.280842,False
Appalachian State,2023,2023-08-26,1.121845,1.123413,1.125214,1.125214,False,34.47724,0.53472,48,28.549988,25.449135,1981-11-07,2022-11-19,103.135973,False,101.607939,False
Charlotte,2023,2023-08-26,0.987747,1.059469,1.125214,1.125214,False,27.499347,0.478255,37,10.271064,10.398481,2015-09-26,2022-11-19,18.772805,False,-3.913276,False
Rutgers,2023,2023-08-26,0.966919,1.012338,1.125214,1.125214,False,74.557053,0.713075,225,27.152382,28.081335,1980-09-20,2022-11-19,4.4773,False,-12.087266,False
Syracuse,2023,2023-08-26,1.158943,1.149336,1.125214,1.125214,False,75.326352,0.715171,247,37.094397,32.007088,1980-09-20,2022-11-13,57.726264,False,61.397959,False
Boston College,2023,2023-08-26,1.086331,1.097604,1.125214,1.125214,False,73.475732,0.710077,234,37.941725,34.926492,1980-09-20,2022-11-27,40.591252,False,35.90146,False
UConn,2023,2023-08-26,1.097233,1.107254,1.125214,1.125214,False,53.761697,0.641841,113,22.539696,20.542311,2000-10-28,2022-11-12,38.229728,False,34.70038,False
Temple,2023,2023-08-26,1.125293,1.125269,1.125214,1.125214,False,67.267046,0.691571,200,31.387368,27.892619,1980-09-13,2022-11-26,49.103779,False,49.113253,False
Army,2023,2023-08-26,1.089628,1.101494,1.125214,1.125214,False,59.968383,0.66655,193,29.746492,27.299686,1980-09-20,2022-11-19,41.462309,False,36.621435,False
Navy,2023,2023-08-26,1.172771,1.157574,1.125214,1.125214,False,63.880028,0.680443,190,36.049935,30.739109,1980-09-20,2022-10-29,65.638478,False,72.056498,False
Buffalo,2023,2023-08-26,1.073278,1.0918,1.125214,1.125214,False,54.11997,0.643366,116,25.727093,23.970578,1999-09-11,2022-12-02,35.066654,False,28.022543,False
Akron,2023,2023-08-26,0.941627,1.002997,1.125214,1.125214,False,59.745193,0.66572,158,20.377392,21.640609,1987-09-12,2022-11-09,1.049576,False,-20.707751,False
Kent State,2023,2023-08-26,1.028313,1.061705,1.125214,1.125214,False,57.058144,0.655403,192,23.413138,22.768488,1980-10-04,2022-11-16,21.616072,False,9.961483,False
Ohio,2023,2023-08-26,1.122913,1.123661,1.125214,1.125214,False,62.232096,0.674734,196,37.628522,33.509738,1980-09-20,2022-11-23,59.066511,False,58.701415,False
Miami (OH),2023,2023-08-26,1.12026,1.12189,1.125214,1.125214,False,61.168947,0.670941,203,33.85336,30.219198,1980-09-13,2022-11-23,54.095116,False,53.366684,False
Liberty,2023,2023-08-26,1.099283,1.115386,1.125214,1.125214,False,18.309939,0.37901,22,13.171733,11.98211,2018-09-01,2022-11-26,83.181346,False,70.984961,False
Western Kentucky,2023,2023-08-26,0.968813,1.031475,1.125214,1.125214,False,44.87791,0.599348,74,25.502699,26.323661,2008-10-11,2022-11-12,16.676183,False,-16.318174,False
Troy,2023,2023-08-26,1.085603,1.100258,1.125214,1.125214,False,51.0867,0.630026,95,33.161575,30.546688,2001-12-01,2022-12-03,54.206604,False,46.058922,False
Alabama,2023,2023-08-26,1.095561,1.103481,1.125214,1.125214,False,82.327293,0.732923,271,70.987326,64.7954,1980-09-06,2022-11-26,124.273665,False,113.055921,False
Auburn,2023,2023-08-26,1.200624,1.180741,1.125214,1.125214,False,83.778014,0.736329,272,60.579133,50.456354,1980-09-20,2022-11-19,108.2177,False,121.121852,False
Georgia,2023,2023-08-26,1.142611,1.137576,1.125214,1.125214,False,73.646073,0.710553,255,60.22159,52.70522,1980-09-13,2022-11-26,115.822341,False,120.74071,False
Georgia Tech,2023,2023-08-26,1.092164,1.101864,1.125214,1.125214,False,72.214737,0.7065,232,37.896326,34.69839,1980-09-20,2022-11-12,42.766354,False,38.680125,False
Florida,2023,2023-08-26,1.15926,1.149733,1.125214,1.125214,False,77.214455,0.720187,259,60.531161,52.21535,1980-09-13,2022-11-12,109.936463,False,117.822457,False
Florida State,2023,2023-08-26,1.105723,1.111182,1.125214,1.125214,False,77.109503,0.719913,249,56.09476,50.731308,1980-09-13,2022-11-26,77.615125,False,73.584521,False
Miami (FL),2023,2023-08-26,1.145079,1.139395,1.125214,1.125214,False,74.859592,0.713903,241,51.879464,45.306468,1980-09-27,2022-11-27,78.692539,False,82.070237,False
South Carolina,2023,2023-08-26,1.246701,1.213253,1.125214,1.125214,False,78.96358,0.724679,252,47.542752,38.134862,1980-10-04,2022-11-20,94.905619,False,110.166526,False
Clemson,2023,2023-08-26,1.182861,1.166583,1.125214,1.125214,False,76.241439,0.717624,239,64.45499,54.490767,1980-09-13,2022-11-26,149.795408,False,167.975022,False
Tennessee,2023,2023-08-26,1.131803,1.130096,1.125214,1.125214,False,85.78463,0.740898,282,56.058835,49.530543,1980-09-06,2022-11-12,76.993888,False,78.042621,False
Vanderbilt,2023,2023-08-26,0.979223,1.020656,1.125214,1.125214,False,75.704302,0.716189,242,24.953908,25.483387,1980-09-20,2022-11-27,6.718783,False,-6.820619,False
Kentucky,2023,2023-08-26,1.189615,1.172318,1.125214,1.125214,False,81.692962,0.731407,261,44.724241,37.595549,1980-09-06,2022-11-26,71.502283,False,78.708548,False
LSU,2023,2023-08-26,1.17929,1.164922,1.125214,1.125214,False,82.912385,0.734307,273,63.685924,54.003611,1980-09-06,2022-11-20,120.212144,False,131.920346,False
Mississippi State,2023,2023-08-26,1.13629,1.133146,1.125214,1.125214,False,75.685055,0.716138,235,43.691159,38.450711,1980-09-13,2022-11-13,62.98288,False,64.490624,False
Ole Miss,2023,2023-08-26,1.141699,1.13712,1.125214,1.125214,False,78.001376,0.722226,247,45.046632,39.455802,1980-09-06,2022-11-25,63.615152,False,65.768876,False
UCF,2023,2023-08-26,1.165436,1.15255,1.125214,1.125214,False,63.644011,0.679638,134,45.224162,38.804503,1996-10-19,2022-11-19,93.084982,False,101.534277,False
South Florida,2023,2023-08-26,0.983345,1.03334,1.125214,1.125214,False,55.128943,0.647593,109,23.380847,23.776854,2001-09-29,2022-11-27,13.627394,False,-6.841292,False
UAB,2023,2023-08-26,1.136288,1.132134,1.125214,1.125214,False,49.965657,0.624839,114,30.366217,26.72404,1996-09-14,2022-11-12,64.709343,False,66.789976,False
Massachusetts,2023,2023-08-26,0.736982,0.922717,1.125214,1.125214,False,32.707415,0.521588,50,7.189011,9.754659,2012-09-08,2022-11-26,-22.476478,False,-81.206146,False
Washington,2024,2024-08-24,1.196826,1.177072,1.124347,1.124347,False,80.075107,0.727459,265,56.163354,46.926926,1980-09-13,2023-11-25,103.332693,False,115.71159,False
Washington State,2024,2024-08-24,1.089069,1.099632,1.124347,1.124347,False,70.190813,0.700571,228,37.206678,34.163751,1980-09-13,2023-11-18,44.999452,False,40.207803,False
Oregon,2024,2024-08-24,1.216475,1.19013,1.124347,1.124347,False,74.907956,0.714035,241,61.731408,50.746137,1980-09-06,2023-11-25,143.553168,False,167.827269,False
Oregon State,2024,2024-08-24,1.196587,1.175092,1.124347,1.124347,False,70.824452,0.702453,226,37.141829,31.039798,1980-10-11,2023-11-19,70.927072,False,79.607377,False
California,2024,2024-08-24,1.217414,1.189997,1.124347,1.124347,False,71.833997,0.705403,241,37.723923,30.986928,1980-09-27,2023-11-11,70.520752,False,80.663459,False
Stanford,2024,2024-08-24,1.115405,1.11793,1.124347,1.124347,False,76.232222,0.7176,254,41.657571,37.347474,1980-09-13,2023-11-26,53.992432,False,52.830207,False
USC,2024,2024-08-24,1.164854,1.154095,1.124347,1.124347,False,82.948431,0.734392,266,61.608035,52.889069,1980-09-20,2023-11-18,95.686178,False,103.007775,False
UCLA,2024,2024-08-24,1.156398,1.1477,1.124347,1.124347,False,80.552553,0.728636,257,50.621856,43.775477,1980-09-13,2023-11-26,70.320864,False,74.585525,False
San Jose State,2024,2024-08-24,1.21117,1.182142,1.124347,1.124347,False,59.732056,0.665671,168,30.293397,25.011687,1980-10-11,2023-11-19,67.788815,False,78.505795,False
Fresno State,2024,2024-08-24,1.120894,1.12199,1.124347,1.124347,False,64.535275,0.682658,197,43.205107,38.54521,1980-09-20,2023-11-19,71.172823,False,70.507895,False
San Diego State,2024,2024-08-24,1.118555,1.12024,1.124347,1.124347,False,73.12941,0.709103,231,44.632555,39.901983,1980-09-27,2023-11-26,57.996027,False,57.164489,False
Hawai'i,2024,2024-08-24,1.193147,1.174448,1.124347,1.124347,False,80.38378,0.728221,278,42.985905,36.027347,1980-10-04,2023-11-26,70.513001,False,78.037878,False
Nevada,2024,2024-08-24,1.149718,1.141569,1.124347,1.124347,False,63.405798,0.678821,160,37.139391,32.303045,1992-10-24,2023-11-26,65.773469,False,69.622228,False
UNLV,2024,2024-08-24,1.087947,1.099151,1.124347,1.124347,False,67.470206,0.692214,206,25.591906,23.523109,1980-09-13,2023-12-02,31.189149,False,27.713225,False
Arizona,2024,2024-08-24,1.154337,1.145701,1.124347,1.124347,False,74.181972,0.712042,256,38.071397,32.981169,1980-09-20,2023-11-18,58.03509,False,61.457702,False
Arizona State,2024,2024-08-24,1.182048,1.165782,1.124347,1.124347,False,76.42263,0.718105,263,46.232696,39.11238,1980-09-13,2023-11-25,76.217414,False,83.864926,False
BYU,2024,2024-08-24,1.156735,1.147237,1.124347,1.124347,False,72.300729,0.706747,249,51.987707,44.943486,1980-09-13,2023-11-18,89.145138,False,95.317462,False
Utah,2024,2024-08-24,1.172922,1.158581,1.124347,1.124347,False,71.615847,0.70477,231,53.552871,45.657671,1980-09-20,2023-11-25,100.279081,False,110.279513,False
Utah State,2024,2024-08-24,1.162732,1.150263,1.124347,1.124347,False,62.351406,0.675154,180,33.836647,29.100979,1980-10-04,2023-11-19,64.643951,False,70.025941,False
Boise State,2024,2024-08-24,1.1191,1.120719,1.124347,1.124347,False,67.219404,0.69142,151,55.794841,49.856887,1996-08-31,2023-11-24,107.814342,False,106.135588,False
Colorado,2024,2024-08-24,1.127615,1.126666,1.124347,1.124347,False,73.301197,0.709587,253,35.567801,31.542502,1980-09-27,2023-11-11,50.753686,False,51.130465,False
Colorado State,2024,2024-08-24,1.100429,1.108052,1.124347,1.124347,False,64.127205,0.681282,214,32.831261,29.834961,1980-09-06,2023-11-18,45.407893,False,42.211446,False
Wyoming,2024,2024-08-24,1.30683,1.2508,1.124347,1.124347,False,67.706033,0.692957,224,39.913803,30.542455,1980-09-13,2023-11-18,97.955461,False,120.200147,False
Air Force,2024,2024-08-24,1.14134,1.136139,1.124347,1.124347,False,68.027604,0.693964,233,46.320502,40.584327,1980-09-20,2023-11-18,76.799401,False,79.888604,False
New Mexico,2024,2024-08-24,0.965614,1.013286,1.124347,1.124347,False,69.890373,0.699671,230,24.964639,25.853639,1980-09-06,2023-11-24,4.606676,False,-12.032079,False
New Mexico State,2024,2024-08-24,1.026817,1.060147,1.124347,1.124347,False,57.786732,0.658263,175,20.000245,19.477901,1980-09-13,2023-11-25,19.161029,False,8.595445,False
UTEP,2024,2024-08-24,1.077233,1.091922,1.124347,1.124347,False,66.218778,0.688211,218,25.788988,23.940032,1980-09-20,2023-11-25,30.715087,False,25.860113,False
Kansas,2024,2024-08-24,1.197521,1.176273,1.124347,1.124347,False,73.314789,0.709625,246,27.24719,22.752988,1980-09-13,2023-11-19,57.53827,False,64.206326,False
Kansas State,2024,2024-08-24,1.218971,1.19256,1.124347,1.124347,False,77.485697,0.720893,241,52.566509,43.123691,1980-09-27,2023-11-26,100.871016,False,115.52858,False
Nebraska,2024,2024-08-24,1.120315,1.121367,1.124347,1.124347,False,84.973756,0.739071,285,54.88124,48.987321,1980-09-13,2023-11-24,68.861264,False,68.248139,False
Iowa State,2024,2024-08-24,1.162703,1.1518,1.124347,1.124347,False,75.535984,0.715737,244,36.255305,31.181915,1980-09-13,2023-12-29,55.968598,False,59.94845,False
Oklahoma State,2024,2024-08-24,1.238945,1.206415,1.124347,1.124347,False,75.686618,0.716142,238,53.954619,43.548847,1980-10-04,2023-11-25,112.948118,False,132.469851,False
Tulsa,2024,2024-08-24,1.040233,1.065881,1.124347,1.124347,False,68.387486,0.695083,203,35.267043,33.903015,1980-09-13,2023-11-18,28.781998,False,17.558793,False
Texas,2024,2024-08-24,1.156342,1.147778,1.124347,1.124347,False,82.076875,0.732327,269,59.869208,51.774648,1980-09-01,2023-11-25,91.522078,False,97.240055,False
Texas A&M,2024,2024-08-24,1.160991,1.150878,1.124347,1.124347,False,78.703901,0.724021,256,54.924933,47.308661,1980-09-20,2023-11-12,89.900052,False,96.320558,False
Baylor,2024,2024-08-24,1.118966,1.120552,1.124347,1.124347,False,71.821437,0.705367,229,37.67476,33.669248,1980-10-04,2023-11-26,53.154806,False,52.456094,False
TCU,2024,2024-08-24,1.031507,1.058714,1.124347,1.124347,False,72.370747,0.706948,236,48.044137,46.576646,1980-09-13,2023-11-18,38.802251,False,20.599225,False
Texas Tech,2024,2024-08-24,1.143858,1.138027,1.124347,1.124347,False,70.392061,0.701172,237,41.14858,35.973508,1980-09-06,2023-11-18,62.354588,False,65.016232,False
Houston,2024,2024-08-24,1.110178,1.11434,1.124347,1.124347,False,72.119534,0.706227,232,43.625313,39.295798,1980-09-20,2023-11-18,56.775464,False,54.666115,False
Rice,2024,2024-08-24,1.109774,1.114226,1.124347,1.124347,False,68.195614,0.694487,224,31.34417,28.24375,1980-09-27,2023-11-25,43.892445,False,42.194767,False
SMU,2024,2024-08-24,1.222877,1.193284,1.124347,1.124347,False,69.885547,0.699656,221,38.542069,31.517526,1980-09-13,2023-11-25,80.509811,False,92.927768,False
North Texas,2024,2024-08-24,1.106813,1.112658,1.124347,1.124347,False,59.991584,0.666635,142,30.007983,27.112065,1980-10-04,2023-11-25,43.127199,False,40.89761,False
UTSA,2024,2024-08-24,1.102072,1.111211,1.124347,1.124347,False,43.118124,0.589705,64,26.103905,23.686205,2012-10-20,2023-11-18,57.585639,False,52.763508,False
Texas State,2024,2024-08-24,0.991378,1.047921,1.124347,1.124347,False,40.549071,0.574764,61,15.316891,15.450102,2012-09-08,2023-11-26,15.999663,False,-2.903568,False
Sam Houston,2024,2024-08-24,0.514701,1.056197,1.124347,1.124347,False,3.775615,0.111785,4,0.949511,1.844783,2023-09-29,2023-11-25,21.135903,False,-198.165127,False
Louisiana Tech,2024,2024-08-24,1.101846,1.109588,1.124347,1.124347,False,57.189826,0.655923,152,33.801287,30.676952,1981-09-19,2023-11-11,52.457976,False,48.702724,False
Tulane,2024,2024-08-24,1.055161,1.07516,1.124347,1.124347,False,73.783598,0.710937,242,34.050426,32.270361,1980-09-06,2023-12-02,29.033323,False,21.340563,False
Louisiana,2024,2024-08-24,1.115505,1.118428,1.124347,1.124347,False,60.748443,0.669416,169,37.522953,33.637648,1980-09-06,2023-11-25,57.434469,False,55.981973,False
Memphis,2024,2024-08-24,1.170249,1.157073,1.124347,1.124347,False,74.511103,0.712949,234,44.775464,38.261482,1980-09-06,2023-11-18,70.170452,False,76.198673,False
FIU,2024,2024-08-24,0.987412,1.037254,1.124347,1.124347,False,52.421923,0.636019,96,19.84356,20.096534,2005-10-15,2023-11-25,12.776549,False,-4.35226,False
Oklahoma,2024,2024-08-24,1.151429,1.144018,1.124347,1.124347,False,79.633305,0.726361,265,68.701553,59.666332,1980-09-13,2023-11-24,146.921664,False,156.508017,False
Arkansas,2024,2024-08-24,1.118803,1.120307,1.124347,1.124347,False,80.518859,0.728553,272,44.138369,39.451438,1980-09-20,2023-11-24,53.76127,False,53.085088,False
Missouri,2024,2024-08-24,1.214557,1.189238,1.124347,1.124347,False,76.886909,0.71933,254,47.939283,39.470583,1980-09-13,2023-11-19,88.526926,False,100.841547,False
Cincinnati,2024,2024-08-24,1.109757,1.114074,1.124347,1.124347,False,71.383677,0.704094,209,48.052613,43.300134,1980-11-08,2023-11-26,65.452129,False,62.878791,False
Louisville,2024,2024-08-24,1.139952,1.135478,1.124347,1.124347,False,74.635033,0.713289,227,48.667075,42.692215,1980-09-06,2023-11-25,71.737092,False,74.196755,False
Arkansas State,2024,2024-08-24,1.218741,1.186631,1.124347,1.124347,False,58.192081,0.659833,143,34.868391,28.610183,1980-09-20,2023-11-18,82.143633,False,96.648844,False
ULM,2024,2024-08-24,1.061083,1.084342,1.124347,1.124347,False,51.599209,0.632349,113,21.787859,20.533598,1980-11-22,2023-11-11,29.610883,False,21.495558,False
FAU,2024,2024-08-24,1.098093,1.10759,1.124347,1.124347,False,52.931821,0.638257,96,27.960958,25.463206,2005-09-08,2023-11-18,43.771326,False,39.904222,False
Georgia Southern,2024,2024-08-24,1.316479,1.226849,1.124347,1.124347,False,34.308682,0.5335,48,22.571621,17.14545,2014-09-25,2023-11-18,99.87217,False,141.143711,False
Georgia State,2024,2024-08-24,0.885579,0.990643,1.124347,1.124347,False,38.177921,0.559975,55,15.634598,17.654652,2013-10-12,2023-11-11,-3.64383,False,-44.996472,False
Jacksonville State,2024,2024-08-24,1.308618,1.149322,1.124347,1.124347,False,4.703499,0.135534,5,3.762241,2.874973,2023-08-26,2023-11-18,74.869191,False,170.259399,False
Kennesaw State,2024,2024-08-24,,1.124347,1.124347,1.124347,False,0.0,0.0,0,0.0,0.0,,,60.539229,False,,False
Middle Tennessee,2024,2024-08-24,1.154045,1.143361,1.124347,1.124347,False,53.39274,0.640256,114,32.651232,28.292864,1999-11-13,2023-11-18,61.670891,False,66.38194,False
South Alabama,2024,2024-08-24,1.105007,1.113173,1.124347,1.124347,False,41.051373,0.57777,62,20.335236,18.402808,2012-09-01,2023-11-18,44.311166,False,41.117015,False
Southern Miss,2024,2024-08-24,0.957063,1.009578,1.124347,1.124347,False,65.562727,0.68607,199,33.60535,35.113008,1980-09-20,2023-11-25,4.502811,False,-20.118022,False
Michigan,2024,2024-08-24,1.183794,1.168831,1.124347,1.124347,False,89.189739,0.7483,288,73.163861,61.804544,1980-09-13,2023-11-25,134.04055,False,148.147717,False
Michigan State,2024,2024-08-24,1.104575,1.10984,1.124347,1.124347,False,82.658723,0.733709,271,52.933999,47.922497,1980-09-27,2023-11-04,60.900405,False,57.897571,False
Ohio State,2024,2024-08-24,1.151453,1.144584,1.124347,1.124347,False,88.378622,0.746576,292,79.453774,69.003049,1980-09-13,2023-11-18,171.931922,False,183.161748,False
Indiana,2024,2024-08-24,1.103147,1.109269,1.124347,1.124347,False,73.877554,0.711198,249,31.384635,28.450094,1980-09-13,2023-11-18,38.638361,False,36.502919,False
Purdue,2024,2024-08-24,1.070414,1.085048,1.124347,1.124347,False,80.560389,0.728655,262,38.129978,35.621723,1980-09-20,2023-11-25,33.287341,False,27.580094,False
Illinois,2024,2024-08-24,0.988968,1.026003,1.124347,1.124347,False,79.662008,0.726432,259,34.225996,34.607777,1980-09-06,2023-11-25,10.205992,False,-4.342904,False
Northwestern,2024,2024-08-24,1.106173,1.111307,1.124347,1.124347,False,76.19681,0.717506,248,38.226858,34.557755,1980-10-04,2023-11-18,46.195702,False,44.068326,False
Wisconsin,2024,2024-08-24,1.087506,1.097271,1.124347,1.124347,False,83.186251,0.73495,273,62.376393,57.357287,1980-09-13,2023-11-19,73.714434,False,65.818088,False
Minnesota,2024,2024-08-24,1.146045,1.140161,1.124347,1.124347,False,80.625658,0.728815,258,46.535788,40.605556,1980-09-13,2023-11-25,63.196654,False,65.881239,False
Iowa,2024,2024-08-24,1.185096,1.168776,1.124347,1.124347,False,81.668522,0.731348,261,57.697989,48.686328,1980-09-27,2023-11-18,95.771335,False,105.787895,False
Notre Dame,2024,2024-08-24,1.158106,1.149272,1.124347,1.124347,False,84.643358,0.738319,279,65.181538,56.282871,1980-09-06,2023-11-18,104.069719,False,110.922602,False
Toledo,2024,2024-08-24,1.183703,1.165555,1.124347,1.124347,False,68.123779,0.694264,223,50.311396,42.503409,1980-09-27,2023-11-09,99.378175,False,111.380625,False
Ball State,2024,2024-08-24,1.012685,1.049307,1.124347,1.124347,False,61.469911,0.672023,196,28.780639,28.42014,1980-09-20,2023-11-25,19.171634,False,4.940664,False
Western Michigan,2024,2024-08-24,1.011331,1.048299,1.124347,1.124347,False,61.715112,0.6729,209,36.12057,35.715863,1980-09-06,2023-11-22,24.547868,False,5.719424,False
Bowling Green,2024,2024-08-24,0.954206,1.009741,1.124347,1.124347,False,61.9094,0.673592,202,29.56347,30.98227,1980-09-13,2023-11-15,4.394987,False,-20.680197,False
Central Michigan,2024,2024-08-24,1.052457,1.076065,1.124347,1.124347,False,61.35503,0.671611,205,33.274898,31.616386,1980-09-06,2023-11-24,34.123889,False,23.486956,False
Eastern Michigan,2024,2024-08-24,0.964046,1.015841,1.124347,1.124347,False,62.846379,0.676886,200,24.673778,25.593985,1980-10-18,2023-12-24,5.645994,False,-12.904895,False
Northern Illinois,2024,2024-08-24,1.066077,1.085429,1.124347,1.124347,False,60.331415,0.66789,187,36.01086,33.778863,1980-09-13,2023-11-15,43.085338,False,33.214831,False
Penn State,2024,2024-08-24,1.167771,1.156603,1.124347,1.124347,False,86.657382,0.742837,282,67.038749,57.407468,1980-09-27,2023-11-18,111.225972,False,120.13301,False
Pittsburgh,2024,2024-08-24,1.082726,1.094436,1.124347,1.124347,False,76.623841,0.718637,259,44.512295,41.111327,1980-09-13,2023-11-17,44.249459,False,38.695579,False
West Virginia,2024,2024-08-24,1.227677,1.197591,1.124347,1.124347,False,73.034653,0.708836,249,49.406862,40.244181,1980-09-06,2023-11-18,99.313095,False,115.335381,False
Maryland,2024,2024-08-24,1.077488,1.091224,1.124347,1.124347,False,72.344112,0.706871,235,34.936881,32.424377,1980-09-13,2023-11-18,36.344346,False,30.883626,False
Virginia,2024,2024-08-24,1.140656,1.136036,1.124347,1.124347,False,75.903636,0.716724,242,41.960023,36.785872,1980-09-13,2023-11-25,57.246946,False,59.198328,False
Virginia Tech,2024,2024-08-24,1.089651,1.099644,1.124347,1.124347,False,74.164762,0.711995,238,48.693763,44.687472,1980-10-18,2023-11-18,55.632073,False,49.893209,False
NC State,2024,2024-08-24,1.228151,1.198981,1.124347,1.124347,False,76.758298,0.718991,243,49.80641,40.55399,1980-09-27,2023-11-26,94.958816,False,109.497348,False
Wake Forest,2024,2024-08-24,1.145986,1.139524,1.124347,1.124347,False,70.468756,0.7014,218,35.146166,30.668942,1980-09-06,2023-11-11,52.733732,False,55.167423,False
Duke,2024,2024-08-24,1.051743,1.073021,1.124347,1.124347,False,72.364396,0.706929,231,30.126168,28.644043,1980-09-06,2023-11-25,25.338686,False,17.996809,False
North Carolina,2024,2024-08-24,1.13084,1.128942,1.124347,1.124347,False,72.617856,0.707653,244,42.263695,37.373714,1980-09-27,2023-11-12,57.608399,False,58.468738,False
James Madison,2024,2024-08-24,1.081217,1.114291,1.124347,1.124347,False,9.1216,0.23316,10,7.29308,6.745249,2022-09-03,2023-11-18,93.874434,False,64.096376,False
Old Dominion,2024,2024-08-24,1.16928,1.147813,1.124347,1.124347,False,32.794256,0.522249,47,15.143343,12.951001,2014-09-13,2023-11-25,48.120907,False,55.005068,False
Marshall,2024,2024-08-24,1.140708,1.13534,1.124347,1.124347,False,61.4336,0.671893,138,41.895493,36.727621,1980-09-13,2023-11-25,75.039057,False,78.161748,False
East Carolina,2024,2024-08-24,1.054413,1.075725,1.124347,1.124347,False,68.440502,0.695247,206,33.653452,31.916772,1980-09-13,2023-11-25,30.534824,False,21.949195,False
Coastal Carolina,2024,2024-08-24,1.13799,1.131026,1.124347,1.124347,False,28.773618,0.489567,37,18.50021,16.256924,2017-09-02,2023-11-25,70.735356,False,74.600063,False
Appalachian State,2024,2024-08-24,1.15081,1.138942,1.124347,1.124347,False,36.893998,0.551529,53,30.421106,26.434506,1981-11-07,2023-11-25,108.410909,False,119.368742,False
Charlotte,2024,2024-08-24,0.828056,0.975263,1.124347,1.124347,False,30.382381,0.503166,42,9.585515,11.575927,2015-09-26,2023-11-18,-7.851455,False,-56.331601,False
Rutgers,2024,2024-08-24,1.014797,1.04603,1.124347,1.124347,False,75.225303,0.714897,231,29.089442,28.665282,1980-09-20,2023-11-25,16.645465,False,5.371727,False
Syracuse,2024,2024-08-24,1.167202,1.154958,1.124347,1.124347,False,75.007149,0.714305,252,37.441982,32.078421,1980-09-20,2023-11-25,59.375574,False,64.020917,False
Boston College,2024,2024-08-24,1.063369,1.080921,1.124347,1.124347,False,74.223298,0.712156,240,37.293233,35.07083,1980-09-20,2023-11-24,33.51257,False,26.247798,False
UConn,2024,2024-08-24,1.020013,1.056895,1.124347,1.124347,False,54.865384,0.646499,118,21.035269,20.622546,2000-10-28,2023-10-21,19.959814,False,7.062252,False
Temple,2024,2024-08-24,1.141189,1.136055,1.124347,1.124347,False,68.428819,0.695211,206,31.172627,27.315928,1980-09-13,2023-11-24,51.482409,False,53.399537,False
Army,2024,2024-08-24,1.053311,1.077058,1.124347,1.124347,False,59.741179,0.665705,197,28.709293,27.256238,1980-09-20,2023-11-18,31.699766,False,21.947255,False
Navy,2024,2024-08-24,1.184377,1.165286,1.124347,1.124347,False,64.334977,0.681984,195,36.479723,30.80077,1980-09-20,2023-11-18,68.345777,False,76.36127,False
Buffalo,2024,2024-08-24,1.004255,1.04653,1.124347,1.124347,False,55.222797,0.647982,121,24.950644,24.844917,1999-09-11,2023-11-22,17.863329,False,1.638785,False
Akron,2024,2024-08-24,0.931473,0.9961,1.124347,1.124347,False,59.532184,0.664925,162,19.962486,21.431095,1987-09-12,2023-11-24,-1.351533,False,-24.07838,False
Kent State,2024,2024-08-24,0.974811,1.026358,1.124347,1.124347,False,57.028603,0.655286,196,21.850413,22.415015,1980-10-04,2023-11-25,9.114454,False,-8.781931,False
Ohio,2024,2024-08-24,1.117141,1.119471,1.124347,1.124347,False,62.791673,0.676695,201,38.885801,34.808317,1980-09-20,2023-11-16,59.455379,False,58.266361,False
Miami (OH),2024,2024-08-24,1.134072,1.130861,1.124347,1.124347,False,60.864657,0.669839,207,34.429041,30.358771,1980-09-13,2023-11-16,58.343273,False,59.789523,False
Liberty,2024,2024-08-24,1.171505,1.145609,1.124347,1.124347,False,24.632688,0.450878,30,19.837434,16.933288,2018-09-01,2023-12-02,115.517658,False,139.343066,False
Western Kentucky,2024,2024-08-24,0.974489,1.033184,1.124347,1.124347,False,46.595122,0.60833,79,26.622367,27.319306,2008-10-11,2023-11-18,17.428924,False,-13.241941,False
Troy,2024,2024-08-24,1.115483,1.118674,1.124347,1.124347,False,53.337215,0.640017,101,35.671532,31.97855,2001-12-01,2023-12-02,64.380544,False,62.577893,False
Alabama,2024,2024-08-24,1.101725,1.107759,1.124347,1.124347,False,82.471696,0.733266,277,70.952885,64.401619,1980-09-06,2023-11-04,124.321494,False,116.074983,False
Auburn,2024,2024-08-24,1.179679,1.165098,1.124347,1.124347,False,83.84563,0.736485,278,58.414713,49.517453,1980-09-20,2023-11-25,96.768525,False,105.85111,False
Georgia,2024,2024-08-24,1.140295,1.135711,1.124347,1.124347,False,74.375091,0.712575,261,61.846634,54.237413,1980-09-13,2023-11-12,122.101697,False,126.960734,False
Georgia Tech,2024,2024-08-24,1.082275,1.094635,1.124347,1.124347,False,72.120196,0.706229,237,37.259999,34.42747,1980-09-20,2023-11-26,39.689038,False,34.490164,False
Florida,2024,2024-08-24,1.15806,1.148587,1.124347,1.124347,False,76.772082,0.719028,264,59.306899,51.212283,1980-09-13,2023-11-26,106.728479,False,114.323848,False
Florida State,2024,2024-08-24,1.116102,1.118421,1.124347,1.124347,False,76.671606,0.718763,254,57.059506,51.123901,1980-09-13,2023-11-11,85.152182,False,83.363169,False
Miami (FL),2024,2024-08-24,1.158386,1.148708,1.124347,1.124347,False,75.510129,0.715667,247,52.174673,45.040833,1980-09-27,2023-11-18,81.969791,False,87.596542,False
South Carolina,2024,2024-08-24,1.264616,1.226138,1.124347,1.124347,False,79.364152,0.725687,258,48.148863,38.073891,1980-10-04,2023-11-26,98.551742,False,115.761762,False
Clemson,2024,2024-08-24,1.191673,1.172763,1.124347,1.124347,False,76.809739,0.719127,245,64.871758,54.437561,1980-09-13,2023-11-18,151.421702,False,172.062506,False
Tennessee,2024,2024-08-24,1.142871,1.138068,1.124347,1.124347,False,85.722048,0.740758,288,57.03207,49.902471,1980-09-06,2023-11-25,83.200855,False,86.224162,False
Vanderbilt,2024,2024-08-24,0.960807,1.007377,1.124347,1.124347,False,75.350031,0.715235,247,24.221598,25.209643,1980-09-20,2023-11-04,2.406941,False,-12.925063,False
Kentucky,2024,2024-08-24,1.175808,1.16201,1.124347,1.124347,False,81.884705,0.731867,267,44.550042,37.888863,1980-09-06,2023-11-11,67.503112,False,73.269695,False
LSU,2024,2024-08-24,1.180105,1.165308,1.124347,1.124347,False,83.046882,0.734623,279,65.103703,55.16771,1980-09-06,2023-11-25,126.512095,False,139.38316,False
Mississippi State,2024,2024-08-24,1.112834,1.116055,1.124347,1.124347,False,77.229816,0.720227,242,43.599675,39.178961,1980-09-13,2023-11-24,54.49163,False,52.964579,False
Ole Miss,2024,2024-08-24,1.17744,1.162753,1.124347,1.124347,False,78.450765,0.723377,253,47.695606,40.507879,1980-09-06,2023-11-18,78.055566,False,85.274961,False
UCF,2024,2024-08-24,1.159518,1.148307,1.124347,1.124347,False,64.110646,0.681226,139,45.036289,38.840509,1996-10-19,2023-11-25,88.518995,False,95.666509,False
South Florida,2024,2024-08-24,1.025407,1.059855,1.124347,1.124347,False,56.16319,0.651823,114,24.655187,24.044292,2001-09-29,2023-11-26,24.054954,False,10.238981,False
UAB,2024,2024-08-24,1.142558,1.135842,1.124347,1.124347,False,51.345581,0.631203,119,31.174112,27.284488,1996-09-14,2023-11-18,64.526949,False,67.79023,False
Massachusetts,2024,2024-08-24,0.63609,0.860651,1.124347,1.124347,False,35.228008,0.540075,55,6.709175,10.547531,2012-09-08,2023-11-25,-41.133995,False,-116.67155,False
Washington,2025,2025-08-23,1.216138,1.191004,1.124453,1.124453,False,79.439113,0.725875,270,57.123365,46.971137,1980-09-13,2024-11-16,113.246445,False,129.504322,False
Washington State,2025,2025-08-23,1.099407,1.106904,1.124453,1.124453,False,70.221193,0.700662,233,38.487832,35.0078,1980-09-13,2024-11-30,49.785804,False,46.269121,False
Oregon,2025,2025-08-23,1.217383,1.190975,1.124453,1.124453,False,75.56939,0.715827,247,63.272319,51.974053,1980-09-06,2024-12-01,151.062921,False,177.133423,False
Oregon State,2025,2025-08-23,1.189648,1.170426,1.124453,1.124453,False,71.753423,0.70517,232,37.491592,31.514867,1980-10-11,2024-11-24,69.077804,False,76.838614,False
California,2025,2025-08-23,1.186472,1.168356,1.124453,1.124453,False,72.702916,0.707895,247,38.037164,32.059043,1980-09-27,2024-11-23,63.642588,False,70.479507,False
Stanford,2025,2025-08-23,1.111052,1.11485,1.124453,1.124453,False,75.855404,0.716595,259,39.82536,35.844721,1980-09-13,2024-11-16,50.967062,False,49.280962,False
USC,2025,2025-08-23,1.164164,1.153628,1.124453,1.124453,False,83.072848,0.734684,272,61.264085,52.624951,1980-09-20,2024-11-30,94.360412,False,101.426686,False
UCLA,2025,2025-08-23,1.137947,1.134295,1.124453,1.124453,False,80.842261,0.729345,263,49.140832,43.183751,1980-09-13,2024-11-30,62.760857,False,64.50479,False
San Jose State,2025,2025-08-23,1.199408,1.17481,1.124453,1.124453,False,61.414664,0.671825,174,32.042966,26.715646,1980-10-11,2024-11-29,68.045611,False,77.588219,False
Fresno State,2025,2025-08-23,1.129129,1.127651,1.124453,1.124453,False,64.947042,0.684034,202,43.152862,38.217835,1980-09-20,2024-11-24,71.690323,False,72.552538,False
San Diego State,2025,2025-08-23,1.102278,1.108739,1.124453,1.124453,False,72.967759,0.708647,236,42.594427,38.642169,1980-09-27,2024-12-01,50.715283,False,47.659014,False
Hawai'i,2025,2025-08-23,1.200137,1.179446,1.124453,1.124453,False,79.737943,0.726621,283,42.012395,35.006337,1980-10-04,2024-12-01,70.71053,False,78.800348,False
Nevada,2025,2025-08-23,1.114873,1.117904,1.124453,1.124453,False,64.823709,0.683623,166,35.602471,31.934109,1992-10-24,2024-11-24,52.390997,False,51.036448,False
UNLV,2025,2025-08-23,1.058466,1.07873,1.124453,1.124453,False,67.690923,0.692909,211,26.722616,25.246557,1980-09-13,2024-12-01,26.782765,False,19.949275,False
Arizona,2025,2025-08-23,1.112077,1.115617,1.124453,1.124453,False,74.892949,0.713994,262,37.413219,33.642647,1980-09-20,2024-11-30,46.378051,False,44.964579,False
Arizona State,2025,2025-08-23,1.231579,1.201535,1.124453,1.124453,False,76.971895,0.719553,269,48.797009,39.621513,1980-09-13,2024-11-23,92.7676,False,107.132509,False
BYU,2025,2025-08-23,1.173423,1.159048,1.124453,1.124453,False,72.197957,0.706452,254,52.29231,44.563917,1980-09-13,2024-12-01,95.062217,False,104.356898,False
Utah,2025,2025-08-23,1.130331,1.128595,1.124453,1.124453,False,71.551457,0.704583,236,50.914186,45.04359,1980-09-20,2024-11-24,77.685688,False,78.800892,False
Utah State,2025,2025-08-23,1.160846,1.149095,1.124453,1.124453,False,62.909662,0.677106,185,33.475959,28.837551,1980-10-04,2024-11-23,62.490013,False,67.413503,False
Boise State,2025,2025-08-23,1.134602,1.131508,1.124453,1.124453,False,68.408712,0.695149,157,57.746688,50.895996,1996-08-31,2024-12-07,120.690239,False,124.093846,False
Colorado,2025,2025-08-23,1.156628,1.147269,1.124453,1.124453,False,73.132719,0.709113,258,36.975711,31.96854,1980-09-27,2024-11-29,59.585864,False,63.344241,False
Colorado State,2025,2025-08-23,1.160607,1.14925,1.124453,1.124453,False,65.507496,0.685889,220,35.363439,30.469784,1980-09-06,2024-11-29,61.760677,False,66.46872,False
Wyoming,2025,2025-08-23,1.256001,1.21569,1.124453,1.124453,False,67.899904,0.693565,229,38.189382,30.405537,1980-09-13,2024-11-24,83.104168,False,98.757368,False
Air Force,2025,2025-08-23,1.136126,1.13256,1.124453,1.124453,False,68.202343,0.694508,238,45.124232,39.717617,1980-09-20,2024-11-16,71.257782,False,73.253809,False
New Mexico,2025,2025-08-23,0.98089,1.024394,1.124453,1.124453,False,69.000037,0.69697,234,25.188761,25.679492,1980-09-06,2024-11-17,8.461401,False,-6.681505,False
New Mexico State,2025,2025-08-23,0.980492,1.029212,1.124453,1.124453,False,58.645739,0.661574,180,19.608004,19.998127,1980-09-13,2024-11-30,9.320413,False,-6.282968,False
UTEP,2025,2025-08-23,1.08831,1.099655,1.124453,1.124453,False,65.5751,0.686111,222,25.957544,23.85123,1980-09-20,2024-11-09,33.04848,False,29.331168,False
Kansas,2025,2025-08-23,1.197521,1.175249,1.124453,1.124453,False,68.421346,0.695188,246,25.428559,21.234325,1980-09-13,2023-11-19,57.215653,False,64.206326,False
Kansas State,2025,2025-08-23,1.213545,1.188574,1.124453,1.124453,False,77.033098,0.719713,246,52.828728,43.532566,1980-09-27,2024-11-24,100.502139,False,114.681465,False
Nebraska,2025,2025-08-23,1.127206,1.126487,1.124453,1.124453,False,84.946554,0.739009,291,54.978622,48.774256,1980-09-13,2024-11-23,70.152009,False,70.562223,False
Iowa State,2025,2025-08-23,1.197145,1.176603,1.124453,1.124453,False,76.161579,0.717412,250,38.55698,32.207432,1980-09-13,2024-12-01,66.086903,False,73.732211,False
Oklahoma State,2025,2025-08-23,1.192981,1.173466,1.124453,1.124453,False,75.344798,0.715221,243,51.28912,42.992395,1980-10-04,2024-11-23,91.844306,False,102.837384,False
Tulsa,2025,2025-08-23,1.030455,1.059071,1.124453,1.124453,False,68.543945,0.695567,208,33.857601,32.856939,1980-09-13,2024-11-30,25.099737,False,12.940095,False
Texas,2025,2025-08-23,1.1485,1.14218,1.124453,1.124453,False,84.142252,0.73717,277,62.473625,54.395824,1980-09-01,2024-12-21,93.424139,False,97.921693,False
Texas A&M,2025,2025-08-23,1.172977,1.159635,1.124453,1.124453,False,79.108065,0.725043,262,55.030792,46.915503,1980-09-20,2024-12-01,93.441915,False,101.752845,False
Baylor,2025,2025-08-23,1.161905,1.150862,1.124453,1.124453,False,71.745289,0.705146,234,38.938281,33.512451,1980-10-04,2024-11-30,64.953031,False,69.717856,False
TCU,2025,2025-08-23,1.025576,1.054584,1.124453,1.124453,False,72.259001,0.706627,241,47.678561,46.489537,1980-09-13,2024-11-23,35.354397,False,16.376878,False
Texas Tech,2025,2025-08-23,1.139843,1.135287,1.124453,1.124453,False,71.349547,0.703995,243,42.167724,36.99433,1980-09-06,2024-11-30,61.49446,False,63.593454,False
Houston,2025,2025-08-23,1.13807,1.134102,1.124453,1.124453,False,72.956901,0.708616,238,43.540885,38.258527,1980-09-20,2024-11-24,64.129389,False,66.064985,False
Rice,2025,2025-08-23,1.14055,1.13564,1.124453,1.124453,False,68.356303,0.694987,229,32.090564,28.136052,1980-09-27,2024-11-30,51.458127,False,53.303799,False
SMU,2025,2025-08-23,1.231609,1.199742,1.124453,1.124453,False,70.879366,0.702615,227,40.69237,33.040004,1980-09-13,2024-11-30,85.621819,False,99.52128,False
North Texas,2025,2025-08-23,1.094331,1.104294,1.124453,1.124453,False,60.706088,0.669261,147,29.88278,27.306886,1980-10-04,2024-11-23,39.486546,False,35.729978,False
UTSA,2025,2025-08-23,1.174956,1.154998,1.124453,1.124453,False,45.916325,0.604828,70,30.037732,25.564991,2012-10-20,2024-12-23,81.076363,False,92.000089,False
Texas State,2025,2025-08-23,0.954316,1.02376,1.124453,1.124453,False,43.500071,0.591837,67,17.120696,17.940274,2012-09-08,2024-11-24,8.630763,False,-16.749935,False
Sam Houston,2025,2025-08-23,1.166468,1.133504,1.124453,1.124453,False,8.237295,0.215426,9,4.657132,3.992507,2023-09-29,2024-11-29,49.270188,False,61.549778,False
Louisiana Tech,2025,2025-08-23,1.11497,1.118199,1.124453,1.124453,False,58.094381,0.659456,157,34.381707,30.836453,1981-09-19,2024-11-30,55.493512,False,53.954824,False
Tulane,2025,2025-08-23,1.0371,1.062402,1.124453,1.124453,False,73.574884,0.710354,247,34.607398,33.369383,1980-09-06,2024-11-29,25.305358,False,15.069456,False
Louisiana,2025,2025-08-23,1.09811,1.106665,1.124453,1.124453,False,62.371099,0.675223,175,37.856934,34.474642,1980-09-06,2024-12-08,50.611522,False,46.47303,False
Memphis,2025,2025-08-23,1.187263,1.169351,1.124453,1.124453,False,75.196148,0.714818,240,47.445234,39.961852,1980-09-06,2024-11-17,79.660765,False,88.410186,False
FIU,2025,2025-08-23,0.987412,1.039504,1.124453,1.124453,False,48.922988,0.619883,96,18.519089,18.755178,2005-10-15,2023-11-25,13.54358,False,-4.35226,False
Oklahoma,2025,2025-08-23,1.144262,1.138857,1.124453,1.124453,False,79.956307,0.727164,271,67.87275,59.315765,1980-09-13,2024-11-24,136.930713,False,143.479136,False
Arkansas,2025,2025-08-23,1.132661,1.130439,1.124453,1.124453,False,80.809,0.729264,278,44.01954,38.863822,1980-09-20,2024-11-23,57.293428,False,58.273802,False
Missouri,2025,2025-08-23,1.227539,1.198746,1.124453,1.124453,False,77.407157,0.720689,260,50.391658,41.050961,1980-09-13,2024-11-30,97.784639,False,112.73752,False
Cincinnati,2025,2025-08-23,1.100342,1.10748,1.124453,1.124453,False,71.334081,0.70395,214,46.726762,42.465677,1980-11-08,2024-11-30,59.108524,False,55.067022,False
Louisville,2025,2025-08-23,1.12302,1.123432,1.124453,1.124453,False,74.360892,0.712536,232,48.242234,42.957608,1980-09-06,2024-11-23,65.721676,False,65.494703,False
Arkansas State,2025,2025-08-23,1.249938,1.207653,1.124453,1.124453,False,59.029235,0.663032,148,36.311527,29.050667,1980-09-20,2024-11-30,90.822851,False,109.958667,False
ULM,2025,2025-08-23,1.127921,1.126665,1.124453,1.124453,False,52.871384,0.637993,118,23.152047,20.526303,1980-11-22,2024-11-30,43.55701,False,43.983465,False
FAU,2025,2025-08-23,1.054936,1.079731,1.124453,1.124453,False,54.10861,0.643318,101,27.031666,25.623982,2005-09-08,2024-11-23,31.608999,False,21.793542,False
Georgia Southern,2025,2025-08-23,1.320674,1.232468,1.124453,1.124453,False,36.737622,0.550478,53,23.901214,18.097735,2014-09-25,2024-11-30,99.563727,False,138.94894,False
Georgia State,2025,2025-08-23,0.826548,0.953591,1.124453,1.124453,False,40.347162,0.573544,60,15.528037,18.786619,2013-10-12,2024-11-30,-17.874598,False,-67.789046,False
Jacksonville State,2025,2025-08-23,1.242489,1.156115,1.124453,1.124453,False,10.997282,0.268244,12,9.184531,7.392044,2023-08-26,2024-12-07,97.175669,False,164.753702,False
Kennesaw State,2025,2025-08-23,1.182799,1.132382,1.124453,1.124453,False,4.717984,0.135895,5,1.893453,1.600824,2024-09-07,2024-11-23,40.558299,False,55.643458,False
Middle Tennessee,2025,2025-08-23,1.121078,1.122275,1.124453,1.124453,False,54.543405,0.645153,119,31.414592,28.021781,1999-11-13,2024-11-23,50.764303,False,50.26092,False
Missouri State,2025,2025-08-23,,1.124453,1.124453,1.124453,False,0.0,0.0,0,0.0,0.0,,,60.45805,False,,False
South Alabama,2025,2025-08-23,1.011449,1.05787,1.124453,1.124453,False,43.029183,0.589205,67,20.864936,20.628757,2012-09-01,2024-11-29,24.420154,False,4.827056,False
Southern Miss,2025,2025-08-23,0.926284,0.988273,1.124453,1.124453,False,65.904132,0.687188,204,31.362339,33.85825,1980-09-20,2024-11-23,-5.335852,False,-33.536446,False
Michigan,2025,2025-08-23,1.170272,1.158889,1.124453,1.124453,False,90.76135,0.751576,296,73.923658,63.167926,1980-09-13,2024-11-23,126.510609,False,137.123373,False
Michigan State,2025,2025-08-23,1.106132,1.111004,1.124453,1.124453,False,82.804648,0.734054,277,52.227938,47.216729,1980-09-27,2024-11-30,59.891115,False,57.194689,False
Ohio State,2025,2025-08-23,1.144951,1.139868,1.124453,1.124453,False,90.975421,0.752016,301,81.695494,71.352806,1980-09-13,2024-12-22,167.759749,False,176.059048,False
Indiana,2025,2025-08-23,1.15856,1.148865,1.124453,1.124453,False,75.544393,0.715759,256,35.887692,30.97613,1980-09-13,2024-12-01,55.7546,False,59.339013,False
Purdue,2025,2025-08-23,1.031331,1.056751,1.124453,1.124453,False,79.896998,0.727017,267,35.584967,34.503932,1980-09-20,2024-11-16,21.939097,False,12.135189,False
Illinois,2025,2025-08-23,1.046018,1.06741,1.124453,1.124453,False,79.996817,0.727265,265,36.647727,35.035474,1980-09-06,2024-11-16,26.44057,False,18.070598,False
Northwestern,2025,2025-08-23,1.106173,1.111597,1.124453,1.124453,False,71.111004,0.703296,248,35.675382,32.251175,1980-10-04,2023-11-18,46.315759,False,44.068326,False
Wisconsin,2025,2025-08-23,1.075281,1.088302,1.124453,1.124453,False,83.289631,0.735192,279,60.088257,55.881424,1980-09-13,2024-11-29,63.916328,False,54.03731,False
Minnesota,2025,2025-08-23,1.146534,1.14056,1.124453,1.124453,False,80.888484,0.729458,264,46.25191,40.340641,1980-09-13,2024-11-23,62.274921,False,64.94953,False
Iowa,2025,2025-08-23,1.209201,1.186475,1.124453,1.124453,False,81.873182,0.731839,267,58.56684,48.434345,1980-09-27,2024-11-30,104.213236,False,118.113513,False
Notre Dame,2025,2025-08-23,1.14936,1.142896,1.124453,1.124453,False,85.599184,0.740483,286,66.500619,57.858842,1980-09-06,2024-12-21,103.503104,False,108.723491,False
Toledo,2025,2025-08-23,1.163247,1.151407,1.124453,1.124453,False,68.294613,0.694795,228,49.7775,42.791865,1980-09-27,2024-11-21,90.4812,False,98.177466,False
Ball State,2025,2025-08-23,0.999497,1.040625,1.124453,1.124453,False,61.148227,0.670866,200,27.804136,27.818114,1980-09-20,2024-11-23,15.528195,False,-0.192617,False
Western Michigan,2025,2025-08-23,1.025528,1.058005,1.124453,1.124453,False,61.379754,0.6717,213,36.546905,35.63717,1980-09-06,2024-11-30,29.509345,False,12.90092,False
Bowling Green,2025,2025-08-23,0.926905,0.990975,1.124453,1.124453,False,62.500192,0.675676,207,29.481173,31.806021,1980-09-13,2024-11-29,-4.099592,False,-33.223032,False
Central Michigan,2025,2025-08-23,1.080584,1.094893,1.124453,1.124453,False,61.974945,0.673824,210,33.880615,31.353996,1980-09-06,2024-11-20,41.325006,False,35.05835,False
Eastern Michigan,2025,2025-08-23,0.963389,1.01514,1.124453,1.124453,False,63.368721,0.678693,205,24.907117,25.853656,1980-10-18,2024-11-21,5.330808,False,-12.983197,False
Northern Illinois,2025,2025-08-23,1.040516,1.06818,1.124453,1.124453,False,61.025394,0.670422,192,36.446679,35.027494,1980-09-13,2024-11-30,35.44173,False,20.945352,False
Penn State,2025,2025-08-23,1.164279,1.15419,1.124453,1.124453,False,88.425788,0.746677,290,69.170878,59.410893,1980-09-27,2024-12-21,112.882654,False,121.237133,False
Pittsburgh,2025,2025-08-23,1.090287,1.099852,1.124453,1.124453,False,77.162525,0.720051,265,45.298863,41.547656,1980-09-13,2024-11-16,47.042173,False,42.470128,False
West Virginia,2025,2025-08-23,1.198982,1.177445,1.124453,1.124453,False,73.815768,0.711027,255,47.996906,40.031367,1980-09-06,2024-11-23,85.516545,False,96.325506,False
Maryland,2025,2025-08-23,1.032735,1.059405,1.124453,1.124453,False,73.168649,0.709214,241,34.482716,33.389719,1980-09-13,2024-11-23,23.987574,False,13.230242,False
Virginia,2025,2025-08-23,1.107855,1.112572,1.124453,1.124453,False,75.551243,0.715778,247,40.100097,36.196156,1980-09-13,2024-11-23,46.36981,False,44.426944,False
Virginia Tech,2025,2025-08-23,1.105946,1.11124,1.124453,1.124453,False,74.873842,0.713942,244,49.217703,44.502822,1980-10-18,2024-12-01,60.493588,False,57.520796,False
NC State,2025,2025-08-23,1.181995,1.165905,1.124453,1.124453,False,77.287071,0.720376,249,49.304238,41.712741,1980-09-27,2024-11-09,80.676016,False,88.790997,False
Wake Forest,2025,2025-08-23,1.080739,1.09367,1.124453,1.124453,False,71.417203,0.704192,224,32.800312,30.349893,1980-09-06,2024-11-30,34.706092,False,29.940505,False
Duke,2025,2025-08-23,1.088668,1.099167,1.124453,1.124453,False,72.248238,0.706596,236,31.884569,29.287701,1980-09-06,2024-11-24,34.901629,False,31.233935,False
North Carolina,2025,2025-08-23,1.087363,1.098121,1.124453,1.124453,False,73.426793,0.70994,250,41.326945,38.006578,1980-09-27,2024-11-30,43.846082,False,39.001143,False
James Madison,2025,2025-08-23,1.044651,1.100022,1.124453,1.124453,False,13.236287,0.306138,15,10.578859,10.126693,2022-09-03,2024-12-01,92.333065,False,38.197603,False
Old Dominion,2025,2025-08-23,1.122278,1.123263,1.124453,1.124453,False,36.263387,0.547261,53,16.019936,14.274476,2014-09-13,2024-11-24,39.580051,False,39.268077,False
Marshall,2025,2025-08-23,1.173126,1.157263,1.124453,1.124453,False,62.050223,0.674091,143,43.816199,37.349942,1980-09-13,2024-11-16,87.854819,False,97.353796,False
East Carolina,2025,2025-08-23,1.066038,1.083813,1.124453,1.124453,False,68.590734,0.695712,211,34.237995,32.11704,1980-09-13,2024-11-29,33.853387,False,26.677621,False
Coastal Carolina,2025,2025-08-23,1.091957,1.10779,1.124453,1.124453,False,31.571602,0.512762,42,19.152936,17.540004,2017-09-02,2024-11-23,54.687022,False,46.543473,False
Appalachian State,2025,2025-08-23,1.186139,1.159008,1.124453,1.124453,False,38.209079,0.560176,57,31.230354,26.32942,1981-11-07,2024-11-23,117.066311,False,141.011425,False
Charlotte,2025,2025-08-23,0.902483,1.008058,1.124453,1.124453,False,33.074283,0.52437,47,10.837219,12.008224,2015-09-26,2024-11-30,2.480398,False,-30.683539,False
Rutgers,2025,2025-08-23,1.025617,1.053626,1.124453,1.124453,False,75.861253,0.71661,237,29.970051,29.221473,1980-09-20,2024-11-23,19.380965,False,9.289341,False
Syracuse,2025,2025-08-23,1.233316,1.202405,1.124453,1.124453,False,75.655047,0.716057,258,39.659143,32.156526,1980-09-20,2024-11-30,76.78175,False,88.399121,False
Boston College,2025,2025-08-23,1.113681,1.11676,1.124453,1.124453,False,74.93867,0.714119,246,39.529226,35.494207,1980-09-20,2024-11-30,47.777369,False,46.514607,False
UConn,2025,2025-08-23,1.08543,1.098909,1.124453,1.124453,False,56.85504,0.654597,124,24.339713,22.424021,2000-10-28,2024-11-01,35.415388,False,30.63284,False
Temple,2025,2025-08-23,1.164892,1.152702,1.124453,1.124453,False,69.518067,0.698547,212,31.921692,27.403125,1980-09-13,2024-11-30,56.310531,False,60.736459,False
Army,2025,2025-08-23,1.109822,1.114623,1.124453,1.124453,False,61.425685,0.671865,203,32.465042,29.252477,1980-09-20,2024-12-07,49.381761,False,47.306171,False
Navy,2025,2025-08-23,1.203102,1.177949,1.124453,1.124453,False,63.806337,0.680192,199,36.862049,30.639171,1980-09-20,2024-11-16,74.141233,False,84.815359,False
Buffalo,2025,2025-08-23,1.044962,1.072609,1.124453,1.124453,False,56.257038,0.652202,126,27.062194,25.897778,1999-09-11,2024-11-27,28.631479,False,17.748808,False
Akron,2025,2025-08-23,0.974718,1.024998,1.124453,1.124453,False,59.339838,0.664204,166,20.524788,21.05716,1987-09-12,2024-11-27,8.433541,False,-8.620606,False
Kent State,2025,2025-08-23,0.930803,0.997579,1.124453,1.124453,False,56.999242,0.655169,200,20.391993,21.907964,1980-10-04,2024-11-20,-0.825496,False,-23.895682,False
Ohio,2025,2025-08-23,1.145306,1.138602,1.124453,1.124453,False,63.318775,0.678521,206,41.008517,35.805715,1980-09-20,2024-11-29,71.073721,False,74.650802,False
Miami (OH),2025,2025-08-23,1.153202,1.143874,1.124453,1.124453,False,62.463226,0.675547,213,36.855092,31.958932,1980-09-13,2024-11-20,65.997596,False,70.352487,False
Delaware,2025,2025-08-23,,1.124453,1.124453,1.124453,False,0.0,0.0,0,0.0,0.0,,,60.45805,False,,False
Liberty,2025,2025-08-23,1.144039,1.133855,1.124453,1.124453,False,27.699736,0.480067,35,22.279348,19.474292,2018-09-01,2024-11-23,109.958154,False,119.558028,False
Western Kentucky,2025,2025-08-23,1.004467,1.050492,1.124453,1.124453,False,48.209341,0.616414,84,28.62143,28.494149,2008-10-11,2024-11-30,27.206039,False,2.38161,False
Troy,2025,2025-08-23,1.073392,1.091523,1.124453,1.124453,False,54.488029,0.64492,106,35.187121,32.781228,2001-12-01,2024-11-30,49.727264,False,39.644936,False
Alabama,2025,2025-08-23,1.118236,1.119892,1.124453,1.124453,False,82.614,0.733603,283,71.86402,64.26551,1980-09-06,2024-11-30,138.773986,False,136.423796,False
Auburn,2025,2025-08-23,1.153209,1.145697,1.124453,1.124453,False,84.843394,0.738775,285,57.350708,49.731423,1980-09-20,2024-11-24,82.904143,False,87.379178,False
Georgia,2025,2025-08-23,1.139864,1.135424,1.124453,1.124453,False,74.142287,0.711933,266,62.45005,54.7873,1980-09-13,2024-11-30,128.156302,False,133.177837,False
Georgia Tech,2025,2025-08-23,1.127995,1.126944,1.124453,1.124453,False,71.078383,0.703201,241,38.544952,34.171211,1980-09-20,2024-11-22,53.537169,False,53.984255,False
Florida,2025,2025-08-23,1.183195,1.166771,1.124453,1.124453,False,77.301065,0.720413,270,59.130131,49.974961,1980-09-13,2024-11-23,112.860529,False,125.257351,False
Florida State,2025,2025-08-23,1.086675,1.097247,1.124453,1.124453,False,77.201578,0.720153,260,54.189258,49.867041,1980-09-13,2024-12-01,65.064055,False,57.70812,False
Miami (FL),2025,2025-08-23,1.166779,1.154708,1.124453,1.124453,False,75.186157,0.714791,252,53.408242,45.774067,1980-09-27,2024-11-23,88.871885,False,96.284494,False
South Carolina,2025,2025-08-23,1.272473,1.231998,1.124453,1.124453,False,79.71135,0.726555,264,48.701842,38.273379,1980-10-04,2024-11-16,100.830777,False,118.901618,False
Clemson,2025,2025-08-23,1.170671,1.157753,1.124453,1.124453,False,77.336371,0.720505,251,64.29869,54.924657,1980-09-13,2024-11-30,135.196596,False,148.547702,False
Tennessee,2025,2025-08-23,1.155286,1.147289,1.124453,1.124453,False,85.665071,0.74063,294,58.890024,50.974395,1980-09-06,2024-11-23,93.289544,False,98.64113,False
Vanderbilt,2025,2025-08-23,1.012529,1.044211,1.124453,1.124453,False,75.981431,0.716932,253,25.423354,25.108776,1980-09-20,2024-11-30,14.312201,False,4.084188,False
Kentucky,2025,2025-08-23,1.128319,1.127292,1.124453,1.124453,False,83.001922,0.734518,274,43.449242,38.507957,1980-09-06,2024-11-30,53.232584,False,53.662158,False
LSU,2025,2025-08-23,1.195291,1.176513,1.124453,1.124453,False,83.171353,0.734915,285,65.478632,54.780475,1980-09-06,2024-12-01,131.375753,False,147.410278,False
Mississippi State,2025,2025-08-23,1.085767,1.09654,1.124453,1.124453,False,77.733219,0.721534,248,41.635321,38.346446,1980-09-13,2024-11-23,44.112687,False,39.171198,False
Ole Miss,2025,2025-08-23,1.17641,1.162093,1.124453,1.124453,False,78.870018,0.724442,259,49.228159,41.846096,1980-09-06,2024-11-29,81.500563,False,88.918028,False
UCF,2025,2025-08-23,1.117385,1.119606,1.124453,1.124453,False,65.48971,0.68583,145,43.911784,39.298697,1996-10-19,2024-11-30,68.237728,False,66.917744,False
South Florida,2025,2025-08-23,1.016874,1.054318,1.124453,1.124453,False,56.192495,0.651942,118,24.902296,24.489061,2001-09-29,2024-11-23,21.997664,False,6.851763,False
UAB,2025,2025-08-23,1.144432,1.137179,1.124453,1.124453,False,52.64092,0.636984,124,30.988621,27.077727,1996-09-14,2024-11-23,62.305268,False,65.65224,False
Massachusetts,2025,2025-08-23,0.597107,0.834464,1.124453,1.124453,False,36.652184,0.549902,59,6.261367,10.486175,2012-09-08,2024-11-30,-48.61372,False,-130.116988,False
Washington,2026,2026-08-29,1.215918,1.191283,1.125842,1.125842,False,79.690767,0.726504,276,57.004408,46.881787,1980-09-13,2025-11-29,112.764697,False,128.572223,False
Washington State,2026,2026-08-29,1.127417,1.126945,1.125842,1.125842,False,70.158796,0.700476,238,39.645833,35.165204,1980-09-13,2025-11-29,59.16203,False,59.384409,False
Oregon,2026,2026-08-29,1.203476,1.181717,1.125842,1.125842,False,77.035986,0.71972,254,64.634205,53.706285,1980-09-06,2025-12-21,148.226606,False,170.300729,False
Oregon State,2026,2026-08-29,1.14493,1.139344,1.125842,1.125842,False,72.512565,0.707353,238,35.887221,31.344478,1980-10-11,2025-11-09,54.941734,False,57.126542,False
California,2026,2026-08-29,1.213956,1.18816,1.125842,1.125842,False,72.471949,0.707237,252,38.278803,31.532277,1980-09-27,2025-11-30,69.961141,False,79.528935,False
Stanford,2026,2026-08-29,1.175094,1.161201,1.125842,1.125842,False,76.357301,0.717932,265,40.882573,34.790905,1980-09-13,2025-11-30,68.950289,False,74.886498,False
USC,2026,2026-08-29,1.186397,1.170463,1.125842,1.125842,False,84.013224,0.736873,279,63.68712,53.681132,1980-09-20,2025-11-30,107.022551,False,118.218394,False
UCLA,2026,2026-08-29,1.126407,1.126255,1.125842,1.125842,False,80.991194,0.729708,269,47.68146,42.330566,1980-09-13,2025-11-23,57.447338,False,57.517937,False
San Jose State,2026,2026-08-29,1.179915,1.162273,1.125842,1.125842,False,61.952226,0.673744,179,31.748671,26.90759,1980-10-11,2025-11-30,62.199386,False,68.929351,False
Fresno State,2026,2026-08-29,1.116026,1.119118,1.125842,1.125842,False,65.243556,0.685018,207,43.039388,38.564871,1980-09-20,2025-11-23,66.654301,False,64.863418,False
San Diego State,2026,2026-08-29,1.148288,1.141733,1.125842,1.125842,False,72.723791,0.707955,241,44.415377,38.679657,1980-09-27,2025-11-23,67.099257,False,70.283261,False
Hawai'i,2026,2026-08-29,1.252711,1.218395,1.125842,1.125842,False,80.911553,0.729514,290,44.813602,35.773293,1980-10-04,2025-12-25,85.288299,False,98.669655,False
Nevada,2026,2026-08-29,1.105854,1.112157,1.125842,1.125842,False,65.133243,0.684653,171,34.129044,30.862151,1992-10-24,2025-11-30,48.618434,False,45.881834,False
UNLV,2026,2026-08-29,1.06876,1.086269,1.125842,1.125842,False,67.80428,0.693265,216,28.676707,26.831746,1980-09-13,2025-11-22,31.004989,False,24.760024,False
Arizona,2026,2026-08-29,1.162601,1.152143,1.125842,1.125842,False,75.444913,0.715491,268,39.572325,34.037742,1980-09-20,2025-11-22,60.474896,False,64.62203,False
Arizona State,2026,2026-08-29,1.226977,1.198725,1.125842,1.125842,False,77.395015,0.720657,275,49.242671,40.133343,1980-09-13,2025-11-29,91.203019,False,104.700802,False
Sacramento State,2026,2026-08-29,,1.125842,1.125842,1.125842,False,0.0,0.0,0,0.0,0.0,,,60.913956,False,,False
BYU,2026,2026-08-29,1.189035,1.17045,1.125842,1.125842,False,72.00259,0.70589,259,53.45022,44.95259,1980-09-13,2025-11-29,104.566351,False,117.12176,False
Utah,2026,2026-08-29,1.142627,1.137661,1.125842,1.125842,False,71.401256,0.704146,241,51.230021,44.835289,1980-09-20,2025-11-22,82.268023,False,85.445862,False
Utah State,2026,2026-08-29,1.187543,1.167712,1.125842,1.125842,False,63.339162,0.678592,190,34.957166,29.436549,1980-10-04,2025-11-28,70.2875,False,78.640501,False
Boise State,2026,2026-08-29,1.138472,1.134661,1.125842,1.125842,False,69.422758,0.698258,163,58.541108,51.420776,1996-08-31,2025-12-06,121.891045,False,126.034739,False
Colorado,2026,2026-08-29,1.146269,1.140418,1.125842,1.125842,False,74.737767,0.71357,265,37.27431,32.517937,1980-09-27,2025-11-23,55.52817,False,57.823873,False
Colorado State,2026,2026-08-29,1.112729,1.116797,1.125842,1.125842,False,66.707323,0.689786,226,33.899993,30.465622,1980-09-06,2025-11-28,46.838581,False,45.212507,False
Wyoming,2026,2026-08-29,1.235078,1.201635,1.125842,1.125842,False,67.991345,0.693851,234,37.477041,30.343876,1980-09-13,2025-11-22,76.90283,False,89.716196,False
Air Force,2026,2026-08-29,1.10207,1.109327,1.125842,1.125842,False,68.275726,0.694736,243,42.998453,39.016079,1980-09-20,2025-11-23,56.452347,False,52.615761,False
New Mexico,2026,2026-08-29,1.036466,1.063542,1.125842,1.125842,False,69.029025,0.697059,239,28.19624,27.204215,1980-09-06,2025-11-28,23.100699,False,13.305415,False
New Mexico State,2026,2026-08-29,0.970765,1.022821,1.125842,1.125842,False,59.370814,0.66432,185,20.14893,20.755732,1980-09-13,2025-11-29,7.34777,False,-9.505502,False
UTEP,2026,2026-08-29,1.00802,1.044906,1.125842,1.125842,False,65.826919,0.686936,227,24.192831,24.000344,1980-09-20,2025-11-22,14.873093,False,2.672151,False
Kansas,2026,2026-08-29,1.138381,1.134597,1.125842,1.125842,False,69.414008,0.698232,252,26.513284,23.290343,1980-09-13,2025-11-28,47.180405,False,48.474026,False
Kansas State,2026,2026-08-29,1.207441,1.184456,1.125842,1.125842,False,76.50347,0.718319,251,52.065649,43.120659,1980-09-27,2025-11-29,96.770623,False,109.568177,False
Nebraska,2026,2026-08-29,1.117366,1.119581,1.125842,1.125842,False,84.819484,0.73872,297,54.058118,48.379944,1980-09-13,2025-11-28,64.793649,False,63.564191,False
Iowa State,2026,2026-08-29,1.192554,1.173618,1.125842,1.125842,False,75.692442,0.716158,255,38.756672,32.498894,1980-09-13,2025-11-22,65.266966,False,72.365463,False
Oklahoma State,2026,2026-08-29,1.148935,1.142392,1.125842,1.125842,False,75.87692,0.716652,249,47.802251,41.605693,1980-10-04,2025-11-29,72.929515,False,76.393654,False
Tulsa,2026,2026-08-29,1.014972,1.048706,1.125842,1.125842,False,68.597884,0.695734,213,32.502798,32.02336,1980-09-13,2025-11-29,20.331266,False,6.254714,False
Texas,2026,2026-08-29,1.167244,1.156355,1.125842,1.125842,False,84.071508,0.737007,283,63.876014,54.723804,1980-09-01,2025-11-29,105.791515,False,113.917866,False
Texas A&M,2026,2026-08-29,1.177845,1.163703,1.125842,1.125842,False,80.316403,0.728055,269,56.92271,48.327838,1980-09-20,2025-12-20,97.501617,False,106.559114,False
Baylor,2026,2026-08-29,1.114744,1.117992,1.125842,1.125842,False,72.518587,0.70737,240,38.175031,34.245564,1980-10-04,2025-11-29,50.35135,False,48.96373,False
TCU,2026,2026-08-29,1.045157,1.068874,1.125842,1.125842,False,72.060177,0.706056,246,48.205093,46.122363,1980-09-13,2025-11-29,43.673217,False,28.35767,False
Texas Tech,2026,2026-08-29,1.158467,1.148885,1.125842,1.125842,False,72.145784,0.706302,249,44.947875,38.799452,1980-09-06,2025-11-15,72.110883,False,76.861369,False
Houston,2026,2026-08-29,1.12194,1.123079,1.125842,1.125842,False,72.706693,0.707906,243,42.458309,37.843669,1980-09-20,2025-11-22,57.709648,False,57.167204,False
Rice,2026,2026-08-29,1.107857,1.113287,1.125842,1.125842,False,69.364787,0.698082,235,31.797861,28.702128,1980-09-27,2025-11-23,42.823342,False,40.786916,False
SMU,2026,2026-08-29,1.239075,1.205364,1.125842,1.125842,False,70.768083,0.702287,232,41.698842,33.653198,1980-09-13,2025-11-22,89.633898,False,104.700905,False
North Texas,2026,2026-08-29,1.143819,1.137972,1.125842,1.125842,False,62.229301,0.674724,153,32.560959,28.466873,1980-10-04,2025-11-28,52.785015,False,55.019209,False
UTSA,2026,2026-08-29,1.179313,1.158618,1.125842,1.125842,False,47.511823,0.612962,75,30.828723,26.141261,2012-10-20,2025-11-29,80.668009,False,91.645962,False
Texas State,2026,2026-08-29,0.965915,1.029666,1.125842,1.125842,False,45.258773,0.601375,72,18.787945,19.450922,2012-09-08,2025-11-29,11.277835,False,-13.04727,False
Sam Houston,2026,2026-08-29,1.166468,1.13412,1.125842,1.125842,False,7.677286,0.203764,9,4.340519,3.721078,2023-09-29,2024-11-29,49.499108,False,61.549778,False
Louisiana Tech,2026,2026-08-29,1.142036,1.136568,1.125842,1.125842,False,58.852816,0.662363,162,35.809729,31.356043,1981-09-19,2025-11-22,63.70985,False,66.317031,False
Tulane,2026,2026-08-29,1.089731,1.100031,1.125842,1.125842,False,75.171891,0.714753,254,38.853593,35.654305,1980-09-06,2025-12-06,42.510905,False,38.135031,False
Louisiana,2026,2026-08-29,1.113893,1.117754,1.125842,1.125842,False,62.839881,0.676863,180,38.116897,34.21953,1980-09-06,2025-11-29,54.884682,False,53.04729,False
Memphis,2026,2026-08-29,1.174469,1.160549,1.125842,1.125842,False,74.798893,0.713737,245,47.039548,40.05175,1980-09-06,2025-11-28,75.711337,False,82.510625,False
FIU,2026,2026-08-29,1.039504,1.071757,1.125842,1.125842,False,50.307449,0.626436,101,20.091056,19.327547,2005-10-15,2025-11-22,24.140912,False,13.352629,False
Oklahoma,2026,2026-08-29,1.147798,1.14187,1.125842,1.125842,False,81.12575,0.730036,278,67.967161,59.215288,1980-09-13,2025-12-20,131.470482,False,138.091665,False
Arkansas,2026,2026-08-29,1.081527,1.09361,1.125842,1.125842,False,80.032649,0.727354,283,41.02689,37.934216,1980-09-20,2025-11-29,40.136095,False,34.959288,False
Missouri,2026,2026-08-29,1.214516,1.190049,1.125842,1.125842,False,78.723732,0.724071,267,51.658414,42.534144,1980-09-13,2025-11-16,95.980726,False,109.020512,False
Cincinnati,2026,2026-08-29,1.116977,1.119581,1.125842,1.125842,False,72.137802,0.706279,220,47.307979,42.353575,1980-11-08,2025-11-23,63.900797,False,62.463528,False
Louisville,2026,2026-08-29,1.08665,1.097753,1.125842,1.125842,False,75.901913,0.716719,239,48.726541,44.841052,1980-09-06,2025-11-29,53.373004,False,47.1557,False
Arkansas State,2026,2026-08-29,1.226159,1.192619,1.125842,1.125842,False,59.728399,0.665658,153,35.725602,29.136183,1980-09-20,2025-11-21,83.120198,False,97.979333,False
ULM,2026,2026-08-29,1.095274,1.106316,1.125842,1.125842,False,53.048616,0.638766,122,22.516291,20.557675,1980-11-22,2025-11-15,36.333102,False,32.598587,False
North Dakota State,2026,2026-08-29,,1.125842,1.125842,1.125842,False,0.0,0.0,0,0.0,0.0,,,60.913956,False,,False
FAU,2026,2026-08-29,1.065126,1.086517,1.125842,1.125842,False,55.152504,0.647691,106,27.080387,25.42458,2005-09-08,2025-11-29,33.698219,False,25.387734,False
Georgia Southern,2026,2026-08-29,1.320287,1.235689,1.125842,1.125842,False,38.953527,0.564924,58,25.101002,19.011781,2014-09-25,2025-11-22,98.66233,False,135.456741,False
Georgia State,2026,2026-08-29,0.781354,0.924278,1.125842,1.125842,False,42.308727,0.585112,65,14.47237,18.522169,2013-10-12,2025-11-15,-28.374914,False,-83.933198,False
Jacksonville State,2026,2026-08-29,1.329562,1.193667,1.125842,1.125842,False,14.973024,0.332933,17,12.332739,9.275794,2023-08-26,2025-12-06,103.070798,False,194.037871,False
Kennesaw State,2026,2026-08-29,1.751078,1.271419,1.125842,1.125842,False,9.104999,0.232835,10,6.472492,3.69629,2024-09-07,2025-11-22,90.267431,False,262.10873,False
Middle Tennessee,2026,2026-08-29,1.08964,1.102335,1.125842,1.125842,False,55.55039,0.649329,124,30.227135,27.740469,1999-11-13,2025-11-22,40.99796,False,35.889781,False
Missouri State,2026,2026-08-29,0.675717,1.064711,1.125842,1.125842,False,4.714587,0.13581,5,1.891112,2.798675,2025-09-13,2025-11-29,30.035262,False,-144.490675,False
South Alabama,2026,2026-08-29,0.927712,1.007166,1.125842,1.125842,False,44.809326,0.59898,72,20.394693,21.983856,2012-09-01,2025-11-22,3.038288,False,-30.635493,False
Southern Miss,2026,2026-08-29,0.94752,1.002631,1.125842,1.125842,False,67.070613,0.690947,210,32.047373,33.822369,1980-09-20,2025-11-29,1.167927,False,-23.30398,False
Michigan,2026,2026-08-29,1.176496,1.163858,1.125842,1.125842,False,90.235407,0.750489,302,73.592906,62.552595,1980-09-13,2025-11-29,130.87343,False,142.758517,False
Michigan State,2026,2026-08-29,1.098171,1.105591,1.125842,1.125842,False,81.873721,0.731841,282,50.544816,46.026383,1980-09-27,2025-11-15,55.469052,False,51.490438,False
Ohio State,2026,2026-08-29,1.145358,1.140497,1.125842,1.125842,False,90.438862,0.750911,307,81.789827,71.409815,1980-09-13,2025-11-22,175.10174,False,183.528294,False
Indiana,2026,2026-08-29,1.162307,1.151991,1.125842,1.125842,False,76.04546,0.717102,262,39.084803,33.626917,1980-09-13,2025-11-15,63.376415,False,67.643809,False
Purdue,2026,2026-08-29,1.019059,1.048152,1.125842,1.125842,False,80.112171,0.727551,273,34.098993,33.46124,1980-09-20,2025-11-29,18.343702,False,7.28043,False
Illinois,2026,2026-08-29,1.088141,1.098403,1.125842,1.125842,False,80.214115,0.727803,271,38.871372,35.722737,1980-09-06,2025-11-30,39.415909,False,35.314673,False
Northwestern,2026,2026-08-29,1.129797,1.128611,1.125842,1.125842,False,70.031963,0.700096,252,36.06968,31.92581,1980-10-04,2025-10-18,53.657379,False,54.152676,False
Wisconsin,2026,2026-08-29,1.100137,1.106889,1.125842,1.125842,False,84.208635,0.737323,286,59.76492,54.324965,1980-09-13,2025-11-23,74.45015,False,69.484165,False
Minnesota,2026,2026-08-29,1.182279,1.167031,1.125842,1.125842,False,81.037304,0.729821,270,48.755483,41.238569,1980-09-13,2025-11-29,75.468049,False,82.511716,False
Iowa,2026,2026-08-29,1.203612,1.182773,1.125842,1.125842,False,81.960215,0.732048,273,58.354384,48.482726,1980-09-27,2025-11-22,101.951937,False,114.604637,False
Notre Dame,2026,2026-08-29,1.147332,1.141792,1.125842,1.125842,False,86.368812,0.742199,293,67.632918,58.948017,1980-09-06,2025-11-22,104.713204,False,109.300461,False
Toledo,2026,2026-08-29,1.183699,1.166053,1.125842,1.125842,False,68.359954,0.694998,233,51.101718,43.171209,1980-09-27,2025-11-22,101.636429,False,113.625496,False
Ball State,2026,2026-08-29,1.051413,1.076014,1.125842,1.125842,False,60.764905,0.669476,204,28.740706,27.335303,1980-09-20,2025-11-15,28.622458,False,19.384624,False
Western Michigan,2026,2026-08-29,1.073125,1.090332,1.125842,1.125842,False,61.910008,0.673594,218,37.830914,35.25303,1980-09-06,2025-11-12,44.859699,False,36.185805,False
Bowling Green,2026,2026-08-29,0.918584,0.985469,1.125842,1.125842,False,62.961766,0.677287,212,29.353368,31.955012,1980-09-13,2025-11-19,-6.46985,False,-36.296463,False
Central Michigan,2026,2026-08-29,1.101039,1.109168,1.125842,1.125842,False,61.5392,0.672272,214,34.405339,31.248055,1980-09-06,2025-11-29,47.642809,False,44.066655,False
Eastern Michigan,2026,2026-08-29,1.004185,1.043104,1.125842,1.125842,False,63.77626,0.68009,210,26.037255,25.928746,1980-10-18,2025-11-26,14.978098,False,1.461243,False
Northern Illinois,2026,2026-08-29,1.008437,1.046891,1.125842,1.125842,False,61.594575,0.67247,197,34.912092,34.620009,1980-09-13,2025-11-28,23.39577,False,4.186701,False
Penn State,2026,2026-08-29,1.143988,1.139377,1.125842,1.125842,False,88.055062,0.745881,296,67.284505,58.815726,1980-09-27,2025-11-23,100.77916,False,104.456167,False
Pittsburgh,2026,2026-08-29,1.09582,1.104193,1.125842,1.125842,False,77.568586,0.721108,271,45.036432,41.098386,1980-09-13,2025-11-29,47.883537,False,43.98371,False
West Virginia,2026,2026-08-29,1.203133,1.180732,1.125842,1.125842,False,73.509869,0.710173,260,46.615328,38.74495,1980-09-06,2025-11-29,84.425122,False,95.243565,False
Maryland,2026,2026-08-29,1.027942,1.056227,1.125842,1.125842,False,73.834808,0.71108,247,34.005995,33.08163,1980-09-13,2025-11-22,22.345179,False,11.119417,False
Virginia,2026,2026-08-29,1.124792,1.125089,1.125842,1.125842,False,76.060786,0.717143,253,42.073857,37.405892,1980-09-13,2025-11-30,52.690342,False,52.564586,False
Virginia Tech,2026,2026-08-29,1.074686,1.089243,1.125842,1.125842,False,75.429057,0.715448,250,46.814705,43.561281,1980-10-18,2025-11-22,46.570522,False,38.844077,False
NC State,2026,2026-08-29,1.203999,1.182225,1.125842,1.125842,False,77.680784,0.721399,255,50.662126,42.078208,1980-09-27,2025-11-30,88.587527,False,99.674426,False
Wake Forest,2026,2026-08-29,1.120068,1.121763,1.125842,1.125842,False,72.207088,0.706478,230,34.341942,30.660581,1980-09-06,2025-11-22,45.099944,False,44.476028,False
Duke,2026,2026-08-29,1.071409,1.087412,1.125842,1.125842,False,72.046424,0.706016,241,31.603403,29.497044,1980-09-06,2025-11-29,30.704251,False,25.117111,False
North Carolina,2026,2026-08-29,1.06463,1.082434,1.125842,1.125842,False,73.145373,0.709148,255,39.463085,37.067406,1980-09-27,2025-11-22,36.035663,False,28.227519,False
James Madison,2026,2026-08-29,1.1044,1.1178,1.125842,1.125842,False,18.003361,0.375044,21,15.526597,14.058853,2022-09-03,2025-12-06,122.123151,False,105.365627,False
Old Dominion,2026,2026-08-29,1.171893,1.151729,1.125842,1.125842,False,38.515285,0.562141,58,19.648076,16.766095,2014-09-13,2025-11-29,54.995144,False,62.256143,False
Marshall,2026,2026-08-29,1.145394,1.139056,1.125842,1.125842,False,62.544201,0.675831,148,42.720069,37.297264,1980-09-13,2025-11-29,75.48457,False,79.105813,False
East Carolina,2026,2026-08-29,1.090588,1.101311,1.125842,1.125842,False,68.636816,0.695854,216,35.682552,32.718631,1980-09-13,2025-11-15,42.013205,False,37.56391,False
Coastal Carolina,2026,2026-08-29,1.133667,1.130007,1.125842,1.125842,False,34.141046,0.532281,47,20.68141,18.242929,2017-09-02,2025-11-29,63.376925,False,65.190001,False
Appalachian State,2026,2026-08-29,1.1673,1.149617,1.125842,1.125842,False,40.336214,0.573477,62,30.994896,26.552632,1981-11-07,2025-11-29,98.973219,False,112.123522,False
Charlotte,2026,2026-08-29,0.818655,0.959289,1.125842,1.125842,False,35.528874,0.542187,52,10.100455,12.337866,2015-09-26,2025-11-15,-12.3726,False,-57.137441,False
Rutgers,2026,2026-08-29,1.032629,1.058924,1.125842,1.125842,False,76.345453,0.7179,243,30.745679,29.774191,1980-09-20,2025-11-29,21.357622,False,11.861179,False
Syracuse,2026,2026-08-29,1.160039,1.150289,1.125842,1.125842,False,75.220176,0.714884,263,37.897428,32.669094,1980-09-20,2025-11-29,57.791276,False,61.514096,False
Boston College,2026,2026-08-29,1.072856,1.087923,1.125842,1.125842,False,75.502124,0.715646,252,36.841848,34.339967,1980-09-20,2025-11-15,35.118464,False,29.112988,False
UConn,2026,2026-08-29,1.158084,1.147055,1.125842,1.125842,False,57.703435,0.657938,129,27.398648,23.658604,2000-10-28,2025-11-15,54.248195,False,58.281563,False
Temple,2026,2026-08-29,1.159124,1.14909,1.125842,1.125842,False,69.500573,0.698494,217,30.690983,26.47773,1980-09-13,2025-11-22,53.541903,False,57.077195,False
Army,2026,2026-08-29,1.070366,1.088651,1.125842,1.125842,False,61.021374,0.670407,207,32.144377,30.03119,1980-09-20,2025-11-22,39.607407,False,31.408359,False
Navy,2026,2026-08-29,1.233494,1.199199,1.125842,1.125842,False,64.170902,0.68143,204,39.058411,31.66486,1980-09-20,2025-11-15,86.144595,False,101.457388,False
Buffalo,2026,2026-08-29,0.975606,1.026772,1.125842,1.125842,False,58.087555,0.65943,132,26.161856,26.816014,1999-09-11,2025-11-28,10.478791,False,-9.579936,False
Akron,2026,2026-08-29,0.963235,1.017431,1.125842,1.125842,False,60.01039,0.666705,171,21.014089,21.816168,1987-09-12,2025-11-12,5.977981,False,-12.751385,False
Kent State,2026,2026-08-29,0.974492,1.026746,1.125842,1.125842,False,56.891748,0.654743,204,20.889599,21.436408,1980-10-04,2025-11-20,8.933045,False,-8.601826,False
Ohio,2026,2026-08-29,1.163502,1.151447,1.125842,1.125842,False,63.721677,0.679903,211,42.928172,36.89567,1980-09-20,2025-11-19,81.073751,False,87.886797,False
Miami (OH),2026,2026-08-29,1.147662,1.140619,1.125842,1.125842,False,62.935013,0.677194,218,37.184223,32.399968,1980-09-13,2025-11-29,64.587895,False,67.881797,False
Delaware,2026,2026-08-29,1.336695,1.15447,1.125842,1.125842,False,4.712967,0.13577,5,3.773671,2.823135,2025-09-13,2025-11-29,74.802876,False,180.857357,False
Liberty,2026,2026-08-29,1.096584,1.111084,1.125842,1.125842,False,30.534545,0.504415,40,22.650434,20.65544,2018-09-01,2025-11-29,78.77487,False,67.820195,False
Western Kentucky,2026,2026-08-29,1.021764,1.060973,1.125842,1.125842,False,49.633753,0.623275,89,30.436082,29.787789,2008-10-11,2025-11-15,33.50672,False,11.831139,False
Troy,2026,2026-08-29,1.066698,1.087452,1.125842,1.125842,False,55.495029,0.649102,111,35.625889,33.398286,2001-12-01,2025-11-22,47.304019,False,35.841191,False
Alabama,2026,2026-08-29,1.126468,1.126302,1.125842,1.125842,False,82.642107,0.73367,289,71.675968,63.628917,1980-09-06,2025-11-15,139.476925,False,139.703681,False
Auburn,2026,2026-08-29,1.119565,1.121206,1.125842,1.125842,False,84.72245,0.738499,291,55.321976,49.413817,1980-09-20,2025-11-30,68.25503,False,67.301851,False
Georgia,2026,2026-08-29,1.134835,1.132259,1.125842,1.125842,False,74.750105,0.713604,272,62.914533,55.439371,1980-09-13,2025-11-22,125.626897,False,128.538369,False
Georgia Tech,2026,2026-08-29,1.124832,1.125132,1.125842,1.125842,False,70.951245,0.702827,246,39.681156,35.277421,1980-09-20,2025-11-23,55.163113,False,55.029115,False
Florida,2026,2026-08-29,1.18453,1.168038,1.125842,1.125842,False,76.759668,0.718995,275,57.941152,48.914901,1980-09-13,2025-11-29,110.47454,False,122.468879,False
Florida State,2026,2026-08-29,1.109683,1.114189,1.125842,1.125842,False,77.595144,0.721177,266,54.267111,48.903242,1980-09-13,2025-11-16,74.350148,False,71.281987,False
Miami (FL),2026,2026-08-29,1.176871,1.162518,1.125842,1.125842,False,76.658554,0.718729,259,55.419406,47.090463,1980-09-27,2025-11-15,95.444724,False,104.555287,False
South Carolina,2026,2026-08-29,1.240259,1.20904,1.125842,1.125842,False,79.949131,0.727147,270,47.277345,38.118941,1980-10-04,2025-11-29,89.284031,False,102.868105,False
Clemson,2026,2026-08-29,1.134377,1.132,1.125842,1.125842,False,77.715787,0.721489,257,61.80778,54.486119,1980-09-13,2025-11-09,104.42706,False,106.549944,False
Tennessee,2026,2026-08-29,1.129863,1.128819,1.125842,1.125842,False,85.49559,0.74025,300,57.711106,51.077961,1980-09-06,2025-11-29,80.960982,False,81.646675,False
Vanderbilt,2026,2026-08-29,1.083086,1.095133,1.125842,1.125842,False,76.470256,0.718231,259,29.349349,27.097896,1980-09-20,2025-11-22,32.419658,False,28.372842,False
Kentucky,2026,2026-08-29,1.144481,1.139533,1.125842,1.125842,False,82.993671,0.734498,280,43.310269,37.842706,1980-09-06,2025-11-09,57.404689,False,59.438972,False
LSU,2026,2026-08-29,1.200267,1.180537,1.125842,1.125842,False,83.166586,0.734904,291,65.733472,54.765718,1980-09-06,2025-11-23,133.233108,False,150.054258,False
Mississippi State,2026,2026-08-29,1.101012,1.107903,1.125842,1.125842,False,78.096552,0.72247,254,40.676237,36.944397,1980-09-13,2025-11-28,47.792655,False,44.737358,False
Ole Miss,2026,2026-08-29,1.194031,1.175608,1.125842,1.125842,False,81.037948,0.729822,267,53.411279,44.731917,1980-09-06,2025-12-20,93.866759,False,104.206621,False
UCF,2026,2026-08-29,1.128263,1.127512,1.125842,1.125842,False,66.682732,0.689707,151,44.686565,39.606525,1996-10-19,2025-11-22,70.666988,False,71.101498,False
South Florida,2026,2026-08-29,1.076612,1.093572,1.125842,1.125842,False,57.081687,0.655496,123,27.918739,25.932028,2001-09-29,2025-11-30,40.003236,False,32.76436,False
UAB,2026,2026-08-29,1.155946,1.145166,1.125842,1.125842,False,53.774753,0.641897,129,30.759761,26.610034,1996-09-14,2025-11-22,64.145163,False,68.966711,False
Massachusetts,2026,2026-08-29,0.531824,0.790579,1.125842,1.125842,False,38.870525,0.5644,64,5.835691,10.972966,2012-09-08,2025-11-25,-61.569163,False,-154.677056,False
