season_year,game_id,week,team,opponent,garbage_time_excluded,off_plays,off_ppa,off_success_rate,off_explosiveness,def_plays,def_ppa,def_success_rate,def_explosiveness
2020,401207098,1,Houston Christian,North Texas,1,63,0.21189362354942257,0.4444444444444444,1.1693245154588734,60,0.5929371809110134,0.5333333333333333,1.70299625418888
2020,401207098,1,North Texas,Houston Christian,1,60,0.5929371809110134,0.5333333333333333,1.70299625418888,63,0.21189362354942257,0.4444444444444444,1.1693245154588734
2020,401207101,1,South Alabama,Southern Miss,1,68,0.2593136154942734,0.5,1.4008125290427442,69,0.2262530314496417,0.4057971014492754,1.4383853728160607
2020,401207101,1,Southern Miss,South Alabama,1,69,0.2262530314496417,0.4057971014492754,1.4383853728160607,68,0.2593136154942734,0.5,1.4008125290427442
2020,401207102,8,Chattanooga,Western Kentucky,1,65,-0.10304976385842171,0.3076923076923077,1.1819451158679601,58,-0.07610277711049769,0.3448275862068966,1.140750516455994
2020,401207102,8,Western Kentucky,Chattanooga,1,58,-0.07610277711049769,0.3448275862068966,1.140750516455994,65,-0.10304976385842171,0.3076923076923077,1.1819451158679601
2020,401207106,3,Louisiana Tech,Southern Miss,1,77,0.17078265280413507,0.45454545454545453,1.208409402385281,60,0.14976344397981922,0.5,1.2897094904019417
2020,401207106,3,Southern Miss,Louisiana Tech,1,60,0.14976344397981922,0.5,1.2897094904019417,77,0.17078265280413507,0.45454545454545453,1.208409402385281
2020,401207113,2,Texas State,UTSA,1,76,0.11726373960809958,0.42105263157894735,1.3104948442415287,82,0.21263361055618088,0.3902439024390244,1.3089454647594296
2020,401207113,2,UTSA,Texas State,1,82,0.21263361055618088,0.3902439024390244,1.3089454647594296,76,0.11726373960809958,0.42105263157894735,1.3104948442415287
2020,401207120,3,North Texas,SMU,1,64,0.1816193611909529,0.453125,1.198620137956335,71,0.3879627412028414,0.5633802816901409,1.2881789965732022
2020,401207120,3,SMU,North Texas,1,71,0.3879627412028414,0.5633802816901409,1.2881789965732022,64,0.1816193611909529,0.453125,1.198620137956335
2020,401207124,3,Liberty,Western Kentucky,1,79,0.3004963564952252,0.5316455696202531,1.0617084250441935,53,0.320889810351566,0.41509433962264153,1.3505250644616535
2020,401207124,3,Western Kentucky,Liberty,1,53,0.320889810351566,0.41509433962264153,1.3505250644616535,79,0.3004963564952252,0.5316455696202531,1.0617084250441935
2020,401207126,4,Florida International,Liberty,1,51,0.26947801965418083,0.49019607843137253,1.4003859636942864,75,0.25280087824072356,0.4666666666666667,1.1975294335176188
2020,401207126,4,Liberty,Florida International,1,75,0.25280087824072356,0.4666666666666667,1.1975294335176188,51,0.26947801965418083,0.49019607843137253,1.4003859636942864
2020,401207132,4,South Alabama,UAB,1,51,-0.027792273546832013,0.2549019607843137,1.9951301824608003,64,0.37735685213154607,0.453125,1.5731548594362081
2020,401207132,4,UAB,South Alabama,1,64,0.37735685213154607,0.453125,1.5731548594362081,51,-0.027792273546832013,0.2549019607843137,1.9951301824608003
2020,401207134,4,Middle Tennessee,UTSA,1,89,0.21420231297769948,0.43820224719101125,1.4390231388467887,71,0.049454606975131855,0.3380281690140845,1.5258931005626903
2020,401207134,4,UTSA,Middle Tennessee,1,71,0.049454606975131855,0.3380281690140845,1.5258931005626903,89,0.21420231297769948,0.43820224719101125,1.4390231388467887
2020,401207136,5,Charlotte,Florida Atlantic,1,73,0.1016928902090171,0.4246575342465753,1.1616923289673557,55,0.08727021546031344,0.41818181818181815,1.2402491062016545
2020,401207136,5,Florida Atlantic,Charlotte,1,55,0.08727021546031344,0.41818181818181815,1.2402491062016545,73,0.1016928902090171,0.4246575342465753,1.1616923289673557
2020,401207138,5,Middle Tennessee,Western Kentucky,1,66,0.15419956966910026,0.3939393939393939,1.325875206270096,74,0.0326991009693552,0.43243243243243246,0.9350473512156802
2020,401207138,5,Western Kentucky,Middle Tennessee,1,74,0.0326991009693552,0.43243243243243246,0.9350473512156802,66,0.15419956966910026,0.3939393939393939,1.325875206270096
2020,401207139,5,North Texas,Southern Miss,1,85,0.16515550318697328,0.43529411764705883,1.3820635687278215,76,0.19099342967211477,0.42105263157894735,1.4393069179717959
2020,401207139,5,Southern Miss,North Texas,1,76,0.19099342967211477,0.42105263157894735,1.4393069179717959,85,0.16515550318697328,0.43529411764705883,1.3820635687278215
2020,401207141,5,UAB,UTSA,1,67,-0.0738768649350223,0.417910447761194,1.317971793950348,61,-0.29013196902868055,0.26229508196721313,1.5521210378794494
2020,401207141,5,UTSA,UAB,1,61,-0.29013196902868055,0.26229508196721313,1.5521210378794494,67,-0.0738768649350223,0.417910447761194,1.317971793950348
2020,401207142,6,Charlotte,North Texas,1,59,0.5875358070645788,0.5084745762711864,1.6191043539619248,62,0.11916089871834049,0.43548387096774194,1.3360993107803802
2020,401207142,6,North Texas,Charlotte,1,62,0.11916089871834049,0.43548387096774194,1.3360993107803802,59,0.5875358070645788,0.5084745762711864,1.6191043539619248
2020,401207143,6,Florida International,Middle Tennessee,1,65,-0.03637353350884254,0.3230769230769231,1.3913401425019738,80,0.06864209214657413,0.3875,1.3927319925881436
2020,401207143,6,Middle Tennessee,Florida International,1,80,0.06864209214657413,0.3875,1.3927319925881436,65,-0.03637353350884254,0.3230769230769231,1.3913401425019738
2020,401207145,6,Louisiana Tech,UTEP,1,70,-0.03374388061301038,0.34285714285714286,1.231514700103226,66,-0.024382822191226835,0.2727272727272727,1.3536279405135399
2020,401207145,6,UTEP,Louisiana Tech,1,66,-0.024382822191226835,0.2727272727272727,1.3536279405135399,70,-0.03374388061301038,0.34285714285714286,1.231514700103226
2020,401207146,6,Marshall,Western Kentucky,1,39,0.3500943087027402,0.41025641025641024,1.6056169045838042,36,-0.31769122368044767,0.4444444444444444,-0.06813499558249894
2020,401207146,6,Western Kentucky,Marshall,1,36,-0.31769122368044767,0.4444444444444444,-0.06813499558249894,39,0.3500943087027402,0.41025641025641024,1.6056169045838042
2020,401207149,7,Louisiana Tech,Marshall,1,45,-0.02477301457780977,0.37777777777777777,1.1779605428965256,65,0.20956362136339401,0.5692307692307692,1.082047750738951
2020,401207149,7,Marshall,Louisiana Tech,1,65,0.20956362136339401,0.5692307692307692,1.082047750738951,45,-0.02477301457780977,0.37777777777777777,1.1779605428965256
2020,401207150,7,Middle Tennessee,North Texas,1,77,0.09302782196217925,0.42857142857142855,1.2157558665074721,77,0.5606431518289946,0.6493506493506493,1.40418218640486
2020,401207150,7,North Texas,Middle Tennessee,1,77,0.5606431518289946,0.6493506493506493,1.40418218640486,77,0.09302782196217925,0.42857142857142855,1.2157558665074721
2020,401207153,7,UAB,Western Kentucky,1,63,0.050761084584291336,0.4126984126984127,1.0074220105540437,51,-0.23703253420282933,0.35294117647058826,0.8046367003056107
2020,401207153,7,Western Kentucky,UAB,1,51,-0.23703253420282933,0.35294117647058826,0.8046367003056107,63,0.050761084584291336,0.4126984126984127,1.0074220105540437
2020,401207154,8,Charlotte,UTEP,1,58,0.2297281168098643,0.43103448275862066,1.3962240226268021,73,0.002952023362618142,0.410958904109589,1.1225614463648907
2020,401207154,8,UTEP,Charlotte,1,73,0.002952023362618142,0.410958904109589,1.1225614463648907,58,0.2297281168098643,0.43103448275862066,1.3962240226268021
2020,401207156,8,Florida Atlantic,Marshall,1,67,-0.08582785093843735,0.3283582089552239,1.2298220180882071,60,0.139187747887861,0.4,1.2834467773822225
2020,401207156,8,Marshall,Florida Atlantic,1,60,0.139187747887861,0.4,1.2834467773822225,67,-0.08582785093843735,0.3283582089552239,1.2298220180882071
2020,401207157,8,Louisiana Tech,UTSA,1,66,-0.212184852002795,0.3333333333333333,0.5262169582474777,87,-0.008944443336768788,0.367816091954023,1.3836397979896136
2020,401207157,8,UTSA,Louisiana Tech,1,87,-0.008944443336768788,0.367816091954023,1.3836397979896136,66,-0.212184852002795,0.3333333333333333,0.5262169582474777
2020,401207158,8,Middle Tennessee,Rice,1,71,0.1484494270698882,0.4225352112676056,1.4612728317730024,80,0.1549437740288893,0.45,1.1502855552526385
2020,401207158,8,Rice,Middle Tennessee,1,80,0.1549437740288893,0.45,1.1502855552526385,71,0.1484494270698882,0.4225352112676056,1.4612728317730024
2020,401207160,8,Liberty,Southern Miss,1,67,0.49485911000395383,0.5373134328358209,1.4463735723213342,64,0.10214661617179818,0.390625,1.4791141472614096
2020,401207160,8,Southern Miss,Liberty,1,64,0.10214661617179818,0.390625,1.4791141472614096,67,0.49485911000395383,0.5373134328358209,1.4463735723213342
2020,401207162,9,Florida Atlantic,UTSA,1,68,0.08313906814862733,0.36764705882352944,1.2810257572894472,72,-0.0691485745359012,0.3333333333333333,1.3453327289203645
2020,401207162,9,UTSA,Florida Atlantic,1,72,-0.0691485745359012,0.3333333333333333,1.3453327289203645,68,0.08313906814862733,0.36764705882352944,1.2810257572894472
2020,401207163,9,Louisiana Tech,UAB,1,75,-0.028218665480842654,0.3466666666666667,1.2581148652530298,74,-0.10940455982294928,0.4189189189189189,1.013649238990896
2020,401207163,9,UAB,Louisiana Tech,1,74,-0.10940455982294928,0.4189189189189189,1.013649238990896,75,-0.028218665480842654,0.3466666666666667,1.2581148652530298
2020,401207166,9,Rice,Southern Miss,1,59,0.2746107633740185,0.423728813559322,1.432318666130513,46,-0.19112876494000752,0.45652173913043476,0.48135849282495835
2020,401207166,9,Southern Miss,Rice,1,46,-0.19112876494000752,0.45652173913043476,0.48135849282495835,59,0.2746107633740185,0.423728813559322,1.432318666130513
2020,401207169,10,Florida Atlantic,Western Kentucky,1,62,0.010607925368656089,0.3709677419354839,1.2128204703487317,67,-0.052736062529219634,0.3880597014925373,1.0140652332687727
2020,401207169,10,Western Kentucky,Florida Atlantic,1,67,-0.052736062529219634,0.3880597014925373,1.0140652332687727,62,0.010607925368656089,0.3709677419354839,1.2128204703487317
2020,401207174,11,Florida Atlantic,Florida International,1,65,0.290311032452995,0.46153846153846156,1.435791776249133,63,-0.010876383549599014,0.31746031746031744,1.3217727933577323
2020,401207174,11,Florida International,Florida Atlantic,1,63,-0.010876383549599014,0.31746031746031744,1.3217727933577323,65,0.290311032452995,0.46153846153846156,1.435791776249133
2020,401207176,11,Marshall,Middle Tennessee,1,53,0.32357219762331496,0.4716981132075472,1.45640413049928,64,0.058450726091842285,0.453125,0.9053777590869152
2020,401207176,11,Middle Tennessee,Marshall,1,64,0.058450726091842285,0.453125,0.9053777590869152,53,0.32357219762331496,0.4716981132075472,1.45640413049928
2020,401207178,11,Southern Miss,Western Kentucky,1,51,-0.07115948879970299,0.35294117647058826,1.1595834898386643,70,-0.00692526727240059,0.4142857142857143,1.0330808954852604
2020,401207178,11,Western Kentucky,Southern Miss,1,70,-0.00692526727240059,0.4142857142857143,1.0330808954852604,51,-0.07115948879970299,0.35294117647058826,1.1595834898386643
2020,401207179,11,UTEP,UTSA,1,44,0.09811578872902844,0.38636363636363635,1.1458370492523522,63,0.428552548918608,0.6031746031746031,1.1432702088999582
2020,401207179,11,UTSA,UTEP,1,63,0.428552548918608,0.6031746031746031,1.1432702088999582,44,0.09811578872902844,0.38636363636363635,1.1458370492523522
2020,401207181,12,Florida International,Western Kentucky,1,61,-0.3660628720361399,0.2459016393442623,1.2000940095056585,59,0.011386061672961295,0.3559322033898305,0.9237880197065502
2020,401207181,12,Western Kentucky,Florida International,1,59,0.011386061672961295,0.3559322033898305,0.9237880197065502,61,-0.3660628720361399,0.2459016393442623,1.2000940095056585
2020,401207184,12,North Texas,Rice,1,62,0.2305263760119663,0.43548387096774194,1.1777866009545077,70,0.007465571698158303,0.42857142857142855,1.1658523177482405
2020,401207184,12,Rice,North Texas,1,70,0.007465571698158303,0.42857142857142855,1.1658523177482405,62,0.2305263760119663,0.43548387096774194,1.1777866009545077
2020,401207185,12,Southern Miss,UTSA,1,65,-0.00259677885588228,0.3230769230769231,1.5756302427988989,65,-0.03648907069315621,0.4153846153846154,0.9853975300772716
2020,401207185,12,UTSA,Southern Miss,1,65,-0.03648907069315621,0.4153846153846154,0.9853975300772716,65,-0.00259677885588228,0.3230769230769231,1.5756302427988989
2020,401207191,13,North Texas,UTSA,1,58,-0.04851442086936347,0.3448275862068966,1.7155988756373544,56,0.5080335181630207,0.5,1.5642571793288433
2020,401207191,13,UTSA,North Texas,1,56,0.5080335181630207,0.5,1.5642571793288433,58,-0.04851442086936347,0.3448275862068966,1.7155988756373544
2020,401207200,11,Army,Tulane,1,64,-0.09396969488235644,0.328125,1.1296734436254652,53,0.3151683249062502,0.5094339622641509,1.1702807745275459
2020,401207200,11,Tulane,Army,1,53,0.3151683249062502,0.5094339622641509,1.1702807745275459,64,-0.09396969488235644,0.328125,1.1296734436254652
2020,401207203,15,Army,Navy,1,54,-0.17078331716414938,0.16666666666666666,1.6323449863907042,42,-0.48331496502215476,0.23809523809523808,0.773038445951968
2020,401207203,15,Navy,Army,1,42,-0.48331496502215476,0.23809523809523808,0.773038445951968,54,-0.17078331716414938,0.16666666666666666,1.6323449863907042
2020,401207215,6,Liberty,UL Monroe,1,47,-0.1046873739820668,0.3191489361702128,1.7659652884368178,34,-0.5488317986808399,0.17647058823529413,0.5516493262795067
2020,401207215,6,UL Monroe,Liberty,1,34,-0.5488317986808399,0.17647058823529413,0.5516493262795067,47,-0.1046873739820668,0.3191489361702128,1.7659652884368178
2020,401207218,11,Liberty,Western Carolina,1,47,0.5969186975256802,0.5319148936170213,1.714971326151942,41,0.07857928870344723,0.43902439024390244,1.2721078232782361
2020,401207218,11,Western Carolina,Liberty,1,41,0.07857928870344723,0.43902439024390244,1.2721078232782361,47,0.5969186975256802,0.5319148936170213,1.714971326151942
2020,401209818,12,BYU,North Alabama,1,34,0.9243814502042982,0.6764705882352942,1.664657279740177,40,-0.14207493084790265,0.375,1.053969137010425
2020,401209818,12,North Alabama,BYU,1,40,-0.14207493084790265,0.375,1.053969137010425,34,0.9243814502042982,0.6764705882352942,1.664657279740177
2020,401212476,5,Cincinnati,South Florida,1,71,-0.10602381914122347,0.4225352112676056,1.0741515359126559,74,-0.3007504162373565,0.33783783783783783,1.2739306005207858
2020,401212476,5,South Florida,Cincinnati,1,74,-0.3007504162373565,0.33783783783783783,1.2739306005207858,71,-0.10602381914122347,0.4225352112676056,1.0741515359126559
2020,401212477,6,East Carolina,South Florida,1,67,0.3311327903863755,0.44776119402985076,1.3618358607924406,63,0.15798671615500837,0.42857142857142855,1.3754912748821981
2020,401212477,6,South Florida,East Carolina,1,63,0.15798671615500837,0.42857142857142855,1.3754912748821981,67,0.3311327903863755,0.44776119402985076,1.3618358607924406
2020,401212478,7,South Florida,Temple,1,73,0.1163241026437003,0.4520547945205479,0.8768979683997813,84,0.09162177048321116,0.4523809523809524,1.1156075738817892
2020,401212478,7,Temple,South Florida,1,84,0.09162177048321116,0.4523809523809524,1.1156075738817892,73,0.1163241026437003,0.4520547945205479,0.8768979683997813
2020,401212479,8,South Florida,Tulsa,1,47,-0.29136019683396813,0.2978723404255319,1.2103750967475524,51,0.4721346148789155,0.5490196078431373,1.432079763629947
2020,401212479,8,Tulsa,South Florida,1,51,0.4721346148789155,0.5490196078431373,1.432079763629947,47,-0.29136019683396813,0.2978723404255319,1.2103750967475524
2020,401212480,10,Memphis,South Florida,1,83,0.040154746509906546,0.39759036144578314,1.3948030811599128,62,0.07163376228416676,0.3709677419354839,1.0740100025491803
2020,401212480,10,South Florida,Memphis,1,62,0.07163376228416676,0.3709677419354839,1.0740100025491803,83,0.040154746509906546,0.39759036144578314,1.3948030811599128
2020,401212481,11,Houston,South Florida,1,50,0.25842924429849673,0.52,1.453475490521933,39,-0.17990452469357796,0.38461538461538464,0.8555351823007538
2020,401212481,11,South Florida,Houston,1,39,-0.17990452469357796,0.38461538461538464,0.8555351823007538,50,0.25842924429849673,0.52,1.453475490521933
2020,401212483,13,South Florida,UCF,1,93,0.20127509577999372,0.5376344086021505,1.156105874683245,80,0.2737971938967308,0.525,1.2184956182127515
2020,401212483,13,UCF,South Florida,1,80,0.2737971938967308,0.525,1.2184956182127515,93,0.20127509577999372,0.5376344086021505,1.156105874683245
2020,401212484,1,SMU,Texas State,1,79,0.11941145920658634,0.46835443037974683,1.3613286225459176,77,0.06196553504892074,0.38961038961038963,1.3508360281679848
2020,401212484,1,Texas State,SMU,1,77,0.06196553504892074,0.38961038961038963,1.3508360281679848,79,0.11941145920658634,0.46835443037974683,1.3613286225459176
2020,401212485,4,SMU,Stephen F. Austin,1,39,0.371582196372513,0.5128205128205128,1.3507370993482202,30,-0.28033553356687346,0.3,1.5410139394680784
2020,401212485,4,Stephen F. Austin,SMU,1,30,-0.28033553356687346,0.3,1.5410139394680784,39,0.371582196372513,0.5128205128205128,1.3507370993482202
2020,401212486,5,Memphis,SMU,1,78,0.21783961109213446,0.46153846153846156,1.3556817154773884,72,0.26426073542233997,0.4027777777777778,1.5590683985410676
2020,401212486,5,SMU,Memphis,1,72,0.26426073542233997,0.4027777777777778,1.5590683985410676,78,0.21783961109213446,0.46153846153846156,1.3556817154773884
2020,401212487,7,SMU,Tulane,1,80,0.32371604953519145,0.45,1.3837843643135606,77,0.19359579558137271,0.35064935064935066,1.5973404682778787
2020,401212487,7,Tulane,SMU,1,77,0.19359579558137271,0.35064935064935066,1.5973404682778787,80,0.32371604953519145,0.45,1.3837843643135606
2020,401212488,8,Cincinnati,SMU,1,56,0.27562196608420203,0.48214285714285715,1.4982795985620783,82,-0.19391647034223689,0.3170731707317073,0.9850801909242569
2020,401212488,8,SMU,Cincinnati,1,82,-0.19391647034223689,0.3170731707317073,0.9850801909242569,56,0.27562196608420203,0.48214285714285715,1.4982795985620783
2020,401212489,9,Navy,SMU,1,66,0.2863576882686292,0.45454545454545453,1.6952851095039574,60,0.6170611628291108,0.5666666666666667,1.515645931198802
2020,401212489,9,SMU,Navy,1,60,0.6170611628291108,0.5666666666666667,1.515645931198802,66,0.2863576882686292,0.45454545454545453,1.6952851095039574
2020,401212490,10,SMU,Temple,1,65,0.3931820101074469,0.5230769230769231,1.403786982836455,56,0.18358002353644345,0.39285714285714285,1.294961670503414
2020,401212490,10,Temple,SMU,1,56,0.18358002353644345,0.39285714285714285,1.294961670503414,65,0.3931820101074469,0.5230769230769231,1.403786982836455
2020,401212491,11,SMU,Tulsa,1,75,0.03203594223833685,0.4,1.1820967931400261,83,0.11261676246749544,0.4578313253012048,1.1522374479147994
2020,401212491,11,Tulsa,SMU,1,83,0.11261676246749544,0.4578313253012048,1.1522374479147994,75,0.03203594223833685,0.4,1.1820967931400261
2020,401212513,13,East Carolina,SMU,1,60,0.3708344669393812,0.5,1.4028764294009053,53,-0.16372431665550882,0.37735849056603776,1.4119450725565228
2020,401212513,13,SMU,East Carolina,1,53,-0.16372431665550882,0.37735849056603776,1.4119450725565228,60,0.3708344669393812,0.5,1.4028764294009053
2020,401212515,6,Navy,Temple,1,62,0.3178977348720933,0.4838709677419355,1.2055930324196167,64,0.4028823365613327,0.578125,1.1700162034155488
2020,401212515,6,Temple,Navy,1,64,0.4028823365613327,0.578125,1.1700162034155488,62,0.3178977348720933,0.4838709677419355,1.2055930324196167
2020,401212516,8,Memphis,Temple,1,77,0.1613871286248766,0.4025974025974026,1.503429021779961,96,-0.009364582820304349,0.3958333333333333,1.4302228132904866
2020,401212516,8,Temple,Memphis,1,96,-0.009364582820304349,0.3958333333333333,1.4302228132904866,77,0.1613871286248766,0.4025974025974026,1.503429021779961
2020,401212517,9,Temple,Tulane,1,53,-0.29825909904410647,0.22641509433962265,1.337928439935934,59,0.14381313058524095,0.559322033898305,0.8547359382997074
2020,401212517,9,Tulane,Temple,1,59,0.14381313058524095,0.559322033898305,0.8547359382997074,53,-0.29825909904410647,0.22641509433962265,1.337928439935934
2020,401212518,11,Temple,UCF,1,53,-0.16041380752636844,0.32075471698113206,1.2833782860153817,49,0.5245054472904256,0.5306122448979592,1.3470527547143907
2020,401212518,11,UCF,Temple,1,49,0.5245054472904256,0.5306122448979592,1.3470527547143907,53,-0.16041380752636844,0.32075471698113206,1.2833782860153817
2020,401212519,12,East Carolina,Temple,1,47,0.02343574634650991,0.3617021276595745,1.4494238144835696,58,-0.3013013990826042,0.1896551724137931,1.2506527523844404
2020,401212519,12,Temple,East Carolina,1,58,-0.3013013990826042,0.1896551724137931,1.2506527523844404,47,0.02343574634650991,0.3617021276595745,1.4494238144835696
2020,401212522,3,Navy,Tulane,1,68,0.050371566004704,0.39705882352941174,1.170410727535144,69,0.011163142227521591,0.4057971014492754,1.2047315414209632
2020,401212522,3,Tulane,Navy,1,69,0.011163142227521591,0.4057971014492754,1.2047315414209632,68,0.050371566004704,0.39705882352941174,1.170410727535144
2020,401212523,6,Houston,Tulane,1,75,0.11881336848234676,0.4266666666666667,1.3529247125980692,70,-0.16525461376206887,0.3,1.1658439922590937
2020,401212523,6,Tulane,Houston,1,70,-0.16525461376206887,0.3,1.1658439922590937,75,0.11881336848234676,0.4266666666666667,1.3529247125980692
2020,401212524,8,Tulane,UCF,1,57,0.2763169885141625,0.5087719298245614,1.189859422492716,86,0.45787033857984577,0.5581395348837209,1.3215745194523667
2020,401212524,8,UCF,Tulane,1,86,0.45787033857984577,0.5581395348837209,1.3215745194523667,57,0.2763169885141625,0.5087719298245614,1.189859422492716
2020,401212525,10,East Carolina,Tulane,1,63,-0.03774718547204033,0.36507936507936506,1.436985281341296,67,0.30930525271748577,0.5223880597014925,1.2393740754792075
2020,401212525,10,Tulane,East Carolina,1,67,0.30930525271748577,0.5223880597014925,1.2393740754792075,63,-0.03774718547204033,0.36507936507936506,1.436985281341296
2020,401212526,12,Tulane,Tulsa,1,68,-0.10413962036844038,0.35294117647058826,0.9583806719031761,88,0.04365919522903046,0.375,1.3541131385684695
2020,401212526,12,Tulsa,Tulane,1,88,0.04365919522903046,0.375,1.3541131385684695,68,-0.10413962036844038,0.35294117647058826,0.9583806719031761
2020,401212531,5,Tulsa,UCF,1,72,0.135790770910215,0.4027777777777778,1.2581388520751307,85,0.12347852992745037,0.32941176470588235,1.4538102308525598
2020,401212531,5,UCF,Tulsa,1,85,0.12347852992745037,0.32941176470588235,1.4538102308525598,72,0.135790770910215,0.4027777777777778,1.2581388520751307
2020,401212533,9,East Carolina,Tulsa,1,78,0.21146619166497993,0.4358974358974359,1.0678701687209056,73,0.11847833781053099,0.4383561643835616,1.3225729293775093
2020,401212533,9,Tulsa,East Carolina,1,73,0.11847833781053099,0.4383561643835616,1.3225729293775093,78,0.21146619166497993,0.4358974358974359,1.0678701687209056
2020,401212536,4,East Carolina,UCF,1,52,-0.2781187895097944,0.36538461538461536,1.0924590072761902,76,0.2865373783711058,0.5657894736842105,1.0229602910252018
2020,401212536,4,UCF,East Carolina,1,76,0.2865373783711058,0.5657894736842105,1.0229602910252018,52,-0.2781187895097944,0.36538461538461536,1.0924590072761902
2020,401212537,7,Memphis,UCF,1,92,0.36754218117982557,0.5217391304347826,1.2601084868108148,90,0.40796224592473646,0.5333333333333333,1.4829525755549362
2020,401212537,7,UCF,Memphis,1,90,0.40796224592473646,0.5333333333333333,1.4829525755549362,92,0.36754218117982557,0.5217391304347826,1.2601084868108148
2020,401212538,9,Houston,UCF,1,68,-0.0016247789535735414,0.4117647058823529,1.3300886284318898,84,0.432572604555912,0.5238095238095238,1.4148036299520743
2020,401212538,9,UCF,Houston,1,84,0.432572604555912,0.5238095238095238,1.4148036299520743,68,-0.0016247789535735414,0.4117647058823529,1.3300886284318898
2020,401212540,12,Cincinnati,UCF,1,78,0.1890561351680821,0.4358974358974359,1.1742348963311988,82,0.02202017348941049,0.3780487804878049,1.1949297114382174
2020,401212540,12,UCF,Cincinnati,1,82,0.02202017348941049,0.3780487804878049,1.1949297114382174,78,0.1890561351680821,0.4358974358974359,1.1742348963311988
2020,401212541,3,Austin Peay,Cincinnati,1,48,0.02289869722014356,0.2916666666666667,1.3699900848445399,43,0.5128331694390089,0.5813953488372093,1.3144946749988562
2020,401212541,3,Cincinnati,Austin Peay,1,43,0.5128331694390089,0.5813953488372093,1.3144946749988562,48,0.02289869722014356,0.2916666666666667,1.3699900848445399
2020,401212543,9,Cincinnati,Memphis,1,53,0.4503248735925003,0.5094339622641509,1.3061921999423443,45,0.01633033555238797,0.3111111111111111,1.81752068535996
2020,401212543,9,Memphis,Cincinnati,1,45,0.01633033555238797,0.3111111111111111,1.81752068535996,53,0.4503248735925003,0.5094339622641509,1.3061921999423443
2020,401212544,10,Cincinnati,Houston,1,60,0.44667130908704183,0.5333333333333333,1.4231003698447138,40,0.1188266095190256,0.325,1.4663861887692282
2020,401212544,10,Houston,Cincinnati,1,40,0.1188266095190256,0.325,1.4663861887692282,60,0.44667130908704183,0.5333333333333333,1.4231003698447138
2020,401212545,11,Cincinnati,East Carolina,1,56,0.40606809623422363,0.5892857142857143,1.3374627565321968,46,-0.2991914580280948,0.43478260869565216,0.702372490623015
2020,401212545,11,East Carolina,Cincinnati,1,46,-0.2991914580280948,0.43478260869565216,0.702372490623015,56,0.40606809623422363,0.5892857142857143,1.3374627565321968
2020,401212547,5,East Carolina,Georgia State,1,72,-0.32896393810859936,0.25,1.5366444267862678,72,0.11402090203944461,0.4027777777777778,1.5205880465786121
2020,401212547,5,Georgia State,East Carolina,1,72,0.11402090203944461,0.4027777777777778,1.5205880465786121,72,-0.32896393810859936,0.25,1.5366444267862678
2020,401212548,7,East Carolina,Navy,1,65,0.010893605285336363,0.35384615384615387,1.2626780125441337,62,0.1265909073065139,0.43548387096774194,1.1780052300931594
2020,401212548,7,Navy,East Carolina,1,62,0.1265909073065139,0.43548387096774194,1.1780052300931594,65,0.010893605285336363,0.35384615384615387,1.2626780125441337
2020,401212551,7,BYU,Houston,1,57,0.4200793544774025,0.43859649122807015,1.7703387916967745,77,0.2015729876342633,0.44155844155844154,1.151722436707906
2020,401212551,7,Houston,BYU,1,77,0.2015729876342633,0.44155844155844154,1.151722436707906,57,0.4200793544774025,0.43859649122807015,1.7703387916967745
2020,401212552,8,Houston,Navy,1,68,0.2405409437948466,0.45588235294117646,1.2549616805804054,55,0.13827390942655546,0.2909090909090909,2.097834605158665
2020,401212552,8,Navy,Houston,1,55,0.13827390942655546,0.2909090909090909,2.097834605158665,68,0.2405409437948466,0.45588235294117646,1.2549616805804054
2020,401212553,1,Arkansas State,Memphis,1,78,0.11104916168064105,0.5,1.1862164598341567,84,0.27479184436708687,0.47619047619047616,1.3077025590257512
2020,401212553,1,Memphis,Arkansas State,1,84,0.27479184436708687,0.47619047619047616,1.3077025590257512,78,0.11104916168064105,0.5,1.1862164598341567
2020,401212557,5,Air Force,Navy,1,57,0.36530683178802337,0.543859649122807,0.9925675351057577,39,-0.26781514691258457,0.20512820512820512,2.098495312862137
2020,401212557,5,Navy,Air Force,1,39,-0.26781514691258457,0.20512820512820512,2.098495312862137,57,0.36530683178802337,0.543859649122807,0.9925675351057577
2020,401215298,2,Campbell,Georgia Southern,1,58,0.2712126269078871,0.5,1.2383707026114636,64,0.21463710024215782,0.46875,0.9660563021622949
2020,401215298,2,Georgia Southern,Campbell,1,64,0.21463710024215782,0.46875,0.9660563021622949,58,0.2712126269078871,0.5,1.2383707026114636
2020,401215301,3,Georgia State,Louisiana,1,91,0.07127804270778244,0.45054945054945056,0.85338945831444,76,0.09589110196905148,0.40789473684210525,1.5638355615702346
2020,401215301,3,Louisiana,Georgia State,1,76,0.09589110196905148,0.40789473684210525,1.5638355615702346,91,0.07127804270778244,0.45054945054945056,0.85338945831444
2020,401215302,3,Texas State,UL Monroe,1,59,0.28073005752501484,0.4576271186440678,1.377379795508898,79,-0.11475415461548412,0.43037974683544306,1.0201370242564902
2020,401215302,3,UL Monroe,Texas State,1,79,-0.11475415461548412,0.43037974683544306,1.0201370242564902,59,0.28073005752501484,0.4576271186440678,1.377379795508898
2020,401215303,4,Georgia Southern,Louisiana,1,67,0.12549779115985615,0.5074626865671642,0.8906943554355451,58,0.3099357128019074,0.3793103448275862,1.7010678842376685
2020,401215303,4,Louisiana,Georgia Southern,1,58,0.3099357128019074,0.3793103448275862,1.7010678842376685,67,0.12549779115985615,0.5074626865671642,0.8906943554355451
2020,401215304,5,Arkansas State,Coastal Carolina,1,52,0.0039725752807043746,0.34615384615384615,1.645915854962414,77,0.24790174299653464,0.4675324675324675,1.38007133425403
2020,401215304,5,Coastal Carolina,Arkansas State,1,77,0.24790174299653464,0.4675324675324675,1.38007133425403,52,0.0039725752807043746,0.34615384615384615,1.645915854962414
2020,401215305,5,Georgia Southern,UL Monroe,1,60,0.311160289231458,0.5333333333333333,1.1744196591310443,73,0.3363434476844419,0.3698630136986301,1.589160064814877
2020,401215305,5,UL Monroe,Georgia Southern,1,73,0.3363434476844419,0.3698630136986301,1.589160064814877,60,0.311160289231458,0.5333333333333333,1.1744196591310443
2020,401215308,6,Texas State,Troy,1,54,-0.18265392140393974,0.2962962962962963,1.0729603458139392,76,0.21592716589539543,0.40789473684210525,1.517079150337626
2020,401215308,6,Troy,Texas State,1,76,0.21592716589539543,0.40789473684210525,1.517079150337626,54,-0.18265392140393974,0.2962962962962963,1.0729603458139392
2020,401215309,15,App State,Georgia Southern,1,72,0.07149903901205769,0.3472222222222222,1.4371563525476512,59,0.013113391600785201,0.3389830508474576,1.4005818257022593
2020,401215309,15,Georgia Southern,App State,1,59,0.013113391600785201,0.3389830508474576,1.4005818257022593,72,0.07149903901205769,0.3472222222222222,1.4371563525476512
2020,401215310,7,Arkansas State,Georgia State,1,96,0.19093988099790166,0.4375,1.6651721006889915,75,0.2184986283255096,0.44,1.5260410015706607
2020,401215310,7,Georgia State,Arkansas State,1,75,0.2184986283255096,0.44,1.5260410015706607,96,0.19093988099790166,0.4375,1.6651721006889915
2020,401215311,7,Coastal Carolina,Louisiana,1,72,0.2939612239669966,0.5,1.1546570754462746,54,0.30150090563629306,0.48148148148148145,1.3465208002922362
2020,401215311,7,Louisiana,Coastal Carolina,1,54,0.30150090563629306,0.48148148148148145,1.3465208002922362,72,0.2939612239669966,0.5,1.1546570754462746
2020,401215313,7,South Alabama,Texas State,1,81,0.2018129831721037,0.4691358024691358,1.0141548969826961,66,0.06040238325355315,0.45454545454545453,1.0827391766298928
2020,401215313,7,Texas State,South Alabama,1,66,0.06040238325355315,0.45454545454545453,1.0827391766298928,81,0.2018129831721037,0.4691358024691358,1.0141548969826961
2020,401215316,8,Coastal Carolina,Georgia Southern,1,69,0.025857737615875932,0.3333333333333333,1.6585844713416906,59,-0.2759097291998406,0.3220338983050847,1.0460523728209858
2020,401215316,8,Georgia Southern,Coastal Carolina,1,59,-0.2759097291998406,0.3220338983050847,1.0460523728209858,69,0.025857737615875932,0.3333333333333333,1.6585844713416906
2020,401215317,8,Georgia State,Troy,1,86,-0.014398196144083324,0.36046511627906974,1.449824280338857,67,-0.04482389083379554,0.5223880597014925,0.8946504751025359
2020,401215317,8,Troy,Georgia State,1,67,-0.04482389083379554,0.5223880597014925,0.8946504751025359,86,-0.014398196144083324,0.36046511627906974,1.449824280338857
2020,401215318,9,Coastal Carolina,Georgia State,1,38,0.6293213274798085,0.5789473684210527,1.651849103361122,25,-0.44724026122511273,0.4,0.27198062631596565
2020,401215318,9,Georgia State,Coastal Carolina,1,25,-0.44724026122511273,0.4,0.27198062631596565,38,0.6293213274798085,0.5789473684210527,1.651849103361122
2020,401215319,9,App State,UL Monroe,1,57,0.2837432589185751,0.6491228070175439,1.0118915847332752,47,-0.05273769046244661,0.40425531914893614,0.9597358016524477
2020,401215319,9,UL Monroe,App State,1,47,-0.05273769046244661,0.40425531914893614,0.9597358016524477,57,0.2837432589185751,0.6491228070175439,1.0118915847332752
2020,401215320,9,Arkansas State,Troy,1,75,0.05830357762567499,0.36,1.25672609783491,81,0.18918220823492965,0.4074074074074074,1.3890655818605486
2020,401215320,9,Troy,Arkansas State,1,81,0.18918220823492965,0.4074074074074074,1.3890655818605486,75,0.05830357762567499,0.36,1.25672609783491
2020,401215321,9,Georgia Southern,South Alabama,1,57,0.10744924728296547,0.3684210526315789,1.2699117062455598,60,0.03627364541703127,0.36666666666666664,1.3396384699530153
2020,401215321,9,South Alabama,Georgia Southern,1,60,0.03627364541703127,0.36666666666666664,1.3396384699530153,57,0.10744924728296547,0.3684210526315789,1.2699117062455598
2020,401215322,9,Louisiana,Texas State,1,84,0.21547930924603434,0.5952380952380952,0.8384738666822,73,0.010614437895164874,0.3835616438356164,1.6743330794059919
2020,401215322,9,Texas State,Louisiana,1,73,0.010614437895164874,0.3835616438356164,1.6743330794059919,84,0.21547930924603434,0.5952380952380952,0.8384738666822
2020,401215324,10,App State,Texas State,1,71,0.263541034502888,0.4647887323943662,1.1171579066532749,68,-0.029878240577332363,0.3235294117647059,1.6730834567841293
2020,401215324,10,Texas State,App State,1,68,-0.029878240577332363,0.3235294117647059,1.6730834567841293,71,0.263541034502888,0.4647887323943662,1.1171579066532749
2020,401215325,10,Coastal Carolina,South Alabama,1,58,0.15793688407118037,0.4827586206896552,0.8050021648479896,69,-0.15665816564795826,0.34782608695652173,0.8674394845454564
2020,401215325,10,South Alabama,Coastal Carolina,1,69,-0.15665816564795826,0.34782608695652173,0.8674394845454564,58,0.15793688407118037,0.4827586206896552,0.8050021648479896
2020,401215326,10,Georgia Southern,Troy,1,74,0.015065235729149506,0.4189189189189189,1.0518564559670684,61,-0.2199933320414873,0.29508196721311475,1.0497528769779292
2020,401215326,10,Troy,Georgia Southern,1,61,-0.2199933320414873,0.29508196721311475,1.0497528769779292,74,0.015065235729149506,0.4189189189189189,1.0518564559670684
2020,401215327,10,Georgia State,UL Monroe,1,79,0.33274770337350984,0.45569620253164556,1.3499783615755152,65,0.20464976500786483,0.4,1.7667983226934234
2020,401215327,10,UL Monroe,Georgia State,1,65,0.20464976500786483,0.4,1.7667983226934234,79,0.33274770337350984,0.45569620253164556,1.3499783615755152
2020,401215328,11,App State,Georgia State,1,73,-0.03741200769678224,0.3835616438356164,1.0988411056589005,71,-0.08369827595446089,0.29577464788732394,1.6320854224270915
2020,401215328,11,Georgia State,App State,1,71,-0.08369827595446089,0.29577464788732394,1.6320854224270915,73,-0.03741200769678224,0.3835616438356164,1.0988411056589005
2020,401215331,11,Georgia Southern,Texas State,1,74,0.1650596615655976,0.527027027027027,0.9757406085330972,51,-0.06192559365024605,0.4117647058823529,1.3874154014396107
2020,401215331,11,Texas State,Georgia Southern,1,51,-0.06192559365024605,0.4117647058823529,1.3874154014396107,74,0.1650596615655976,0.527027027027027,0.9757406085330972
2020,401215332,11,Louisiana,South Alabama,1,64,0.31039315109668963,0.59375,1.1229102531410333,56,-0.10961355038079558,0.26785714285714285,1.4957795025120075
2020,401215332,11,South Alabama,Louisiana,1,56,-0.10961355038079558,0.26785714285714285,1.4957795025120075,64,0.31039315109668963,0.59375,1.1229102531410333
2020,401215333,12,App State,Coastal Carolina,1,75,-0.0035904703277715726,0.48,0.9759289848754698,53,0.24948031977839763,0.4528301886792453,1.6546004851733385
2020,401215333,12,Coastal Carolina,App State,1,53,0.24948031977839763,0.4528301886792453,1.6546004851733385,75,-0.0035904703277715726,0.48,0.9759289848754698
2020,401215334,12,Arkansas State,Texas State,1,90,0.38780823806055353,0.5,1.3910834318418677,62,0.4566700045914564,0.5645161290322581,1.352872988245874
2020,401215334,12,Texas State,Arkansas State,1,62,0.4566700045914564,0.5645161290322581,1.352872988245874,90,0.38780823806055353,0.5,1.3910834318418677
2020,401215335,12,Georgia State,South Alabama,1,72,0.13821177201901863,0.4861111111111111,1.161413873155573,80,-0.10802793229306532,0.375,1.0073973432051422
2020,401215335,12,South Alabama,Georgia State,1,80,-0.10802793229306532,0.375,1.0073973432051422,72,0.13821177201901863,0.4861111111111111,1.161413873155573
2020,401215336,13,App State,Troy,1,56,0.5152345091965683,0.6071428571428571,1.2512058589187316,33,-0.06023554005219491,0.2727272727272727,1.3737191772714334
2020,401215336,13,Troy,App State,1,33,-0.06023554005219491,0.2727272727272727,1.3737191772714334,56,0.5152345091965683,0.6071428571428571,1.2512058589187316
2020,401215337,13,Arkansas State,South Alabama,1,73,0.21151227018142188,0.5068493150684932,1.2474888237672157,76,0.2401294583885095,0.42105263157894735,1.5559463523700363
2020,401215337,13,South Alabama,Arkansas State,1,76,0.2401294583885095,0.42105263157894735,1.5559463523700363,73,0.21151227018142188,0.5068493150684932,1.2474888237672157
2020,401215338,13,Coastal Carolina,Texas State,1,50,0.6910182785189382,0.64,1.3301752926495103,28,-0.11064101444865795,0.39285714285714285,1.0773074061630994
2020,401215338,13,Texas State,Coastal Carolina,1,28,-0.11064101444865795,0.39285714285714285,1.0773074061630994,50,0.6910182785189382,0.64,1.3301752926495103
2020,401215339,13,Georgia Southern,Georgia State,1,57,0.1959336551456554,0.38596491228070173,1.2926289655814653,75,0.18976715949772094,0.4266666666666667,1.3272272991169352
2020,401215339,13,Georgia State,Georgia Southern,1,75,0.18976715949772094,0.4266666666666667,1.3272272991169352,57,0.1959336551456554,0.38596491228070173,1.2926289655814653
2020,401215340,13,Louisiana,UL Monroe,1,46,0.6271721070214235,0.6521739130434783,1.269993278958663,30,-0.3558658517387548,0.26666666666666666,1.6044252518692623
2020,401215340,13,UL Monroe,Louisiana,1,30,-0.3558658517387548,0.26666666666666666,1.6044252518692623,46,0.6271721070214235,0.6521739130434783,1.269993278958663
2020,401232157,4,Houston Christian,Louisiana Tech,1,70,0.26250935880784304,0.45714285714285713,1.3157195768220173,73,0.4222968101007018,0.5342465753424658,1.5611060953886369
2020,401232157,4,Louisiana Tech,Houston Christian,1,73,0.4222968101007018,0.5342465753424658,1.5611060953886369,70,0.26250935880784304,0.45714285714285713,1.3157195768220173
2020,401234559,2,Miami,UAB,1,78,0.335669889330992,0.3974358974358974,1.558202787654118,61,0.05657090474489921,0.2786885245901639,1.532097844272891
2020,401234559,2,UAB,Miami,1,61,0.05657090474489921,0.2786885245901639,1.532097844272891,78,0.335669889330992,0.3974358974358974,1.558202787654118
2020,401234562,2,Clemson,Wake Forest,1,56,0.5166219836908614,0.6071428571428571,1.2299009663425962,36,0.05218670636797848,0.2222222222222222,2.2144254987072607
2020,401234562,2,Wake Forest,Clemson,1,36,0.05218670636797848,0.2222222222222222,2.2144254987072607,56,0.5166219836908614,0.6071428571428571,1.2299009663425962
2020,401234563,2,Florida State,Georgia Tech,1,80,0.00137868191576996,0.4125,1.0789235111298796,74,0.06616980045032847,0.4864864864864865,1.1497430035389764
2020,401234563,2,Georgia Tech,Florida State,1,74,0.06616980045032847,0.4864864864864865,1.1497430035389764,80,0.00137868191576996,0.4125,1.0789235111298796
2020,401234564,2,Louisville,Western Kentucky,1,72,0.25939207825322524,0.4027777777777778,1.5218587999249091,58,-0.12219972383637702,0.3448275862068966,1.043696778833769
2020,401234564,2,Western Kentucky,Louisville,1,58,-0.12219972383637702,0.3448275862068966,1.043696778833769,72,0.25939207825322524,0.4027777777777778,1.5218587999249091
2020,401234565,2,North Carolina,Syracuse,1,62,0.2710924068080944,0.46774193548387094,1.368425567640482,61,-0.23483259623745328,0.22950819672131148,1.0562034334969281
2020,401234565,2,Syracuse,North Carolina,1,61,-0.23483259623745328,0.22950819672131148,1.0562034334969281,62,0.2710924068080944,0.46774193548387094,1.368425567640482
2020,401234566,4,NC State,Virginia Tech,1,66,0.0029064694169345785,0.3939393939393939,1.2476855080576805,57,0.4092000583431909,0.5614035087719298,1.246000818986279
2020,401234566,4,Virginia Tech,NC State,1,57,0.4092000583431909,0.5614035087719298,1.246000818986279,66,0.0029064694169345785,0.3939393939393939,1.2476855080576805
2020,401234567,3,Boston College,Duke,1,56,0.28593833660740037,0.44642857142857145,1.491958470477174,65,-0.0506231382182479,0.4153846153846154,1.1623600935835865
2020,401234567,3,Duke,Boston College,1,65,-0.0506231382182479,0.4153846153846154,1.1623600935835865,56,0.28593833660740037,0.44642857142857145,1.491958470477174
2020,401234568,3,Georgia Tech,UCF,1,77,-0.08597824087322554,0.4675324675324675,1.1828337531875692,88,0.27155246682432643,0.48863636363636365,1.2723072490831748
2020,401234568,3,UCF,Georgia Tech,1,88,0.27155246682432643,0.48863636363636365,1.2723072490831748,77,-0.08597824087322554,0.4675324675324675,1.1828337531875692
2020,401234569,3,Louisville,Miami,1,85,0.20720738412736997,0.49411764705882355,1.221915086622236,59,0.3585356234153341,0.3389830508474576,2.2107197552367146
2020,401234569,3,Miami,Louisville,1,59,0.3585356234153341,0.3389830508474576,2.2107197552367146,85,0.20720738412736997,0.49411764705882355,1.221915086622236
2020,401234570,3,NC State,Wake Forest,1,73,0.15151411922951707,0.4520547945205479,1.4683767671005536,85,0.09001637241142747,0.4470588235294118,1.3095841484857613
2020,401234570,3,Wake Forest,NC State,1,85,0.09001637241142747,0.4470588235294118,1.3095841484857613,73,0.15151411922951707,0.4520547945205479,1.4683767671005536
2020,401234571,3,Pittsburgh,Syracuse,1,80,-0.05906676848106236,0.375,1.0974284718507494,58,-0.3784527144502353,0.22413793103448276,1.1104631565530774
2020,401234571,3,Syracuse,Pittsburgh,1,58,-0.3784527144502353,0.22413793103448276,1.1104631565530774,80,-0.05906676848106236,0.375,1.0974284718507494
2020,401234572,15,Virginia,Virginia Tech,1,67,-0.07466990917136758,0.3880597014925373,1.423123326405337,67,0.2888931821130808,0.43283582089552236,1.4151520131268263
2020,401234572,15,Virginia Tech,Virginia,1,67,0.2888931821130808,0.43283582089552236,1.4151520131268263,67,-0.07466990917136758,0.3880597014925373,1.423123326405337
2020,401234574,2,Duke,Notre Dame,1,66,-0.014406785901987108,0.3181818181818182,1.358344078977359,72,0.16948522298723373,0.3888888888888889,1.3144898144603272
2020,401234574,2,Notre Dame,Duke,1,72,0.16948522298723373,0.3888888888888889,1.3144898144603272,66,-0.014406785901987108,0.3181818181818182,1.358344078977359
2020,401234576,1,BYU,Navy,1,39,0.44129669500591695,0.6153846153846154,1.2086300383379995,24,-0.46678291156301216,0.125,0.8872077111524599
2020,401234576,1,Navy,BYU,1,24,-0.46678291156301216,0.125,0.8872077111524599,39,0.44129669500591695,0.6153846153846154,1.2086300383379995
2020,401234593,4,Florida State,Miami,1,40,-0.06402144690908423,0.35,1.5024168048380202,70,0.4004000405867306,0.5428571428571428,1.1980466406662875
2020,401234593,4,Miami,Florida State,1,70,0.4004000405867306,0.5428571428571428,1.1980466406662875,40,-0.06402144690908423,0.35,1.5024168048380202
2020,401234594,4,Georgia Tech,Syracuse,1,83,-0.10397816455022658,0.37349397590361444,1.3111966852986192,63,0.037295935397184746,0.31746031746031744,1.3612198005447367
2020,401234594,4,Syracuse,Georgia Tech,1,63,0.037295935397184746,0.31746031746031744,1.3612198005447367,83,-0.10397816455022658,0.37349397590361444,1.3111966852986192
2020,401234595,4,Louisville,Pittsburgh,1,51,-0.14433994806530567,0.17647058823529413,2.5613979655064973,78,-0.06637615509636619,0.32051282051282054,1.6421427070573549
2020,401234595,4,Pittsburgh,Louisville,1,78,-0.06637615509636619,0.32051282051282054,1.6421427070573549,51,-0.14433994806530567,0.17647058823529413,2.5613979655064973
2020,401234597,5,Boston College,North Carolina,1,75,0.19068376930055206,0.41333333333333333,1.1619343520498446,65,0.29794598888659674,0.46153846153846156,1.5509757410778204
2020,401234597,5,North Carolina,Boston College,1,65,0.29794598888659674,0.46153846153846156,1.5509757410778204,75,0.19068376930055206,0.41333333333333333,1.1619343520498446
2020,401234598,5,Clemson,Virginia,1,69,0.35962019809992,0.463768115942029,1.4706933501870862,71,0.12661460525107915,0.4647887323943662,1.2935780314253844
2020,401234598,5,Virginia,Clemson,1,71,0.12661460525107915,0.4647887323943662,1.2935780314253844,69,0.35962019809992,0.463768115942029,1.4706933501870862
2020,401234599,5,Duke,Virginia Tech,1,76,0.16159504894305038,0.3815789473684211,1.6024297245331016,74,0.2274775345112571,0.43243243243243246,1.5573985344627765
2020,401234599,5,Virginia Tech,Duke,1,74,0.2274775345112571,0.43243243243243246,1.5573985344627765,76,0.16159504894305038,0.3815789473684211,1.6024297245331016
2020,401234600,5,NC State,Pittsburgh,1,75,0.1832271942337277,0.41333333333333333,1.2919421165882,77,0.25536995552707165,0.42857142857142855,1.4100247850026661
2020,401234600,5,Pittsburgh,NC State,1,77,0.25536995552707165,0.42857142857142855,1.4100247850026661,75,0.1832271942337277,0.41333333333333333,1.2919421165882
2020,401234601,6,Georgia Tech,Louisville,1,55,0.5681208747034379,0.4909090909090909,1.7186888685075303,81,0.11761158353746341,0.4444444444444444,1.457719950348348
2020,401234601,6,Louisville,Georgia Tech,1,81,0.11761158353746341,0.4444444444444444,1.457719950348348,55,0.5681208747034379,0.4909090909090909,1.7186888685075303
2020,401234603,6,Boston College,Pittsburgh,1,76,0.17661157448211312,0.3684210526315789,1.6148440197576304,87,0.009186189080647729,0.39080459770114945,1.2337953148631942
2020,401234603,6,Pittsburgh,Boston College,1,87,0.009186189080647729,0.39080459770114945,1.2337953148631942,76,0.17661157448211312,0.3684210526315789,1.6148440197576304
2020,401234604,6,Clemson,Miami,1,76,0.32075359601016035,0.5131578947368421,1.172680746845877,43,-0.3279940808008306,0.13953488372093023,2.6083476579138685
2020,401234604,6,Miami,Clemson,1,43,-0.3279940808008306,0.13953488372093023,2.6083476579138685,76,0.32075359601016035,0.5131578947368421,1.172680746845877
2020,401234605,6,Duke,Syracuse,1,102,0.19042160055562807,0.47058823529411764,1.3462712171058915,52,0.0748914868327531,0.3076923076923077,1.791311188018135
2020,401234605,6,Syracuse,Duke,1,52,0.0748914868327531,0.3076923076923077,1.791311188018135,102,0.19042160055562807,0.47058823529411764,1.3462712171058915
2020,401234606,6,Florida State,Notre Dame,1,70,0.16947638951468638,0.37142857142857144,1.4687379233005025,67,0.38551656122635225,0.6119402985074627,1.1084939155796498
2020,401234606,6,Notre Dame,Florida State,1,67,0.38551656122635225,0.6119402985074627,1.1084939155796498,70,0.16947638951468638,0.37142857142857144,1.4687379233005025
2020,401234607,6,North Carolina,Virginia Tech,1,66,0.7020127086559778,0.6666666666666666,1.3853797978584113,77,0.25519100881757556,0.4675324675324675,1.2623488739659723
2020,401234607,6,Virginia Tech,North Carolina,1,77,0.25519100881757556,0.4675324675324675,1.2623488739659723,66,0.7020127086559778,0.6666666666666666,1.3853797978584113
2020,401234608,6,NC State,Virginia,1,67,0.12713317352678605,0.34328358208955223,1.5203925963678573,93,-0.1749643125035336,0.3548387096774194,1.0907185860016917
2020,401234608,6,Virginia,NC State,1,93,-0.1749643125035336,0.3548387096774194,1.0907185860016917,67,0.12713317352678605,0.34328358208955223,1.5203925963678573
2020,401234609,7,Boston College,Virginia Tech,1,65,-0.062024353577267335,0.47692307692307695,1.1662789452080855,56,0.4380120587402577,0.5714285714285714,1.1460336561824915
2020,401234609,7,Virginia Tech,Boston College,1,56,0.4380120587402577,0.5714285714285714,1.1460336561824915,65,-0.062024353577267335,0.47692307692307695,1.1662789452080855
2020,401234610,7,Clemson,Georgia Tech,1,46,0.599838731989908,0.6086956521739131,1.4070851849054529,33,-0.5420895427730215,0.21212121212121213,1.7238835170825424
2020,401234610,7,Georgia Tech,Clemson,1,33,-0.5420895427730215,0.21212121212121213,1.7238835170825424,46,0.599838731989908,0.6086956521739131,1.4070851849054529
2020,401234611,7,Duke,NC State,1,81,-0.17778863640036277,0.37037037037037035,0.9914875235434712,70,0.08327037043839437,0.38571428571428573,1.4914573464105896
2020,401234611,7,NC State,Duke,1,70,0.08327037043839437,0.38571428571428573,1.4914573464105896,81,-0.17778863640036277,0.37037037037037035,0.9914875235434712
2020,401234612,7,Florida State,North Carolina,1,55,0.2273289756420884,0.4,1.6011846559336365,81,0.055427317991109,0.4567901234567901,1.4205980384772325
2020,401234612,7,North Carolina,Florida State,1,81,0.055427317991109,0.4567901234567901,1.4205980384772325,55,0.2273289756420884,0.4,1.6011846559336365
2020,401234613,7,Louisville,Notre Dame,1,45,0.119892304279294,0.3333333333333333,1.530169308650929,68,0.12795307413841617,0.4117647058823529,1.071751170631978
2020,401234613,7,Notre Dame,Louisville,1,68,0.12795307413841617,0.4117647058823529,1.071751170631978,45,0.119892304279294,0.3333333333333333,1.530169308650929
2020,401234614,7,Miami,Pittsburgh,1,73,-0.06333491588916557,0.3698630136986301,1.1856485293494503,73,-0.12087309293214708,0.3287671232876712,1.1298565140470314
2020,401234614,7,Pittsburgh,Miami,1,73,-0.12087309293214708,0.3287671232876712,1.1298565140470314,73,-0.06333491588916557,0.3698630136986301,1.1856485293494503
2020,401234615,7,Liberty,Syracuse,1,68,0.3930931277716473,0.5441176470588235,1.086516569869957,67,-0.09970043412652081,0.417910447761194,1.0668990341120634
2020,401234615,7,Syracuse,Liberty,1,67,-0.09970043412652081,0.417910447761194,1.0668990341120634,68,0.3930931277716473,0.5441176470588235,1.086516569869957
2020,401234616,7,Virginia,Wake Forest,1,83,0.06811258706877192,0.43373493975903615,1.0163518418438888,69,0.23520139053691644,0.37681159420289856,1.541476433924492
2020,401234616,7,Wake Forest,Virginia,1,69,0.23520139053691644,0.37681159420289856,1.541476433924492,83,0.06811258706877192,0.43373493975903615,1.0163518418438888
2020,401234617,8,Boston College,Georgia Tech,1,63,0.33447234815540877,0.42857142857142855,1.3601586191310118,57,0.0508781136624692,0.47368421052631576,1.1610846595633326
2020,401234617,8,Georgia Tech,Boston College,1,57,0.0508781136624692,0.47368421052631576,1.1610846595633326,63,0.33447234815540877,0.42857142857142855,1.3601586191310118
2020,401234618,8,Clemson,Syracuse,1,76,0.1958333863883424,0.47368421052631576,1.1621039317137998,48,-0.358653028218214,0.25,1.743378969639329
2020,401234618,8,Syracuse,Clemson,1,48,-0.358653028218214,0.25,1.743378969639329,76,0.1958333863883424,0.47368421052631576,1.1621039317137998
2020,401234619,8,Florida State,Louisville,1,60,-0.01806176715380397,0.35,1.4201323013777631,51,0.636113512641073,0.49019607843137253,1.9720519036144974
2020,401234619,8,Louisville,Florida State,1,51,0.636113512641073,0.49019607843137253,1.9720519036144974,60,-0.01806176715380397,0.35,1.4201323013777631
2020,401234620,8,Miami,Virginia,1,77,0.17899527674563118,0.45454545454545453,1.1064165628111549,67,0.10499540474405901,0.373134328358209,1.2775634421376338
2020,401234620,8,Virginia,Miami,1,67,0.10499540474405901,0.373134328358209,1.2775634421376338,77,0.17899527674563118,0.45454545454545453,1.1064165628111549
2020,401234621,8,NC State,North Carolina,1,41,-0.01911986332630909,0.43902439024390244,1.1571641570329643,71,0.39677387273184966,0.6056338028169014,1.1152148777811643
2020,401234621,8,North Carolina,NC State,1,71,0.39677387273184966,0.6056338028169014,1.1152148777811643,41,-0.01911986332630909,0.43902439024390244,1.1571641570329643
2020,401234622,8,Notre Dame,Pittsburgh,1,59,0.35089858457988793,0.4576271186440678,1.5692739269329543,39,-0.558945661948283,0.1794871794871795,2.062268938214312
2020,401234622,8,Pittsburgh,Notre Dame,1,39,-0.558945661948283,0.1794871794871795,2.062268938214312,59,0.35089858457988793,0.4576271186440678,1.5692739269329543
2020,401234623,8,Virginia Tech,Wake Forest,1,78,0.1139570242968534,0.46153846153846156,1.1327610971633921,66,0.14456652039892498,0.3484848484848485,1.2794880514247857
2020,401234623,8,Wake Forest,Virginia Tech,1,66,0.14456652039892498,0.3484848484848485,1.2794880514247857,78,0.1139570242968534,0.46153846153846156,1.1327610971633921
2020,401234624,9,Boston College,Clemson,1,58,0.09370945353635612,0.43103448275862066,1.1916047725176109,74,0.15861140919069572,0.40540540540540543,1.5666097698243346
2020,401234624,9,Clemson,Boston College,1,74,0.15861140919069572,0.40540540540540543,1.5666097698243346,58,0.09370945353635612,0.43103448275862066,1.1916047725176109
2020,401234625,9,Charlotte,Duke,1,72,0.01908952960328758,0.375,1.210648088060239,47,0.25014084200645115,0.48936170212765956,1.316696397867775
2020,401234625,9,Duke,Charlotte,1,47,0.25014084200645115,0.48936170212765956,1.316696397867775,72,0.01908952960328758,0.375,1.210648088060239
2020,401234626,9,Georgia Tech,Notre Dame,1,48,-0.18977421221044324,0.4375,0.9459436767374124,67,0.15958665143775186,0.5223880597014925,1.092949171737221
2020,401234626,9,Notre Dame,Georgia Tech,1,67,0.15958665143775186,0.5223880597014925,1.092949171737221,48,-0.18977421221044324,0.4375,0.9459436767374124
2020,401234627,9,Louisville,Virginia Tech,1,65,0.2595292415400273,0.4153846153846154,1.847748479815655,61,0.3186847667176194,0.5573770491803278,1.1620812368674875
2020,401234627,9,Virginia Tech,Louisville,1,61,0.3186847667176194,0.5573770491803278,1.1620812368674875,65,0.2595292415400273,0.4153846153846154,1.847748479815655
2020,401234628,9,North Carolina,Virginia,1,61,0.45117466940040835,0.5081967213114754,1.5675299540137317,73,0.3230309947057443,0.5068493150684932,1.342331768639025
2020,401234628,9,Virginia,North Carolina,1,73,0.3230309947057443,0.5068493150684932,1.342331768639025,61,0.45117466940040835,0.5081967213114754,1.5675299540137317
2020,401234629,9,Syracuse,Wake Forest,1,41,-0.11142474921701573,0.3902439024390244,1.0469986134774842,61,0.25822598765571714,0.4262295081967213,1.4225617553260117
2020,401234629,9,Wake Forest,Syracuse,1,61,0.25822598765571714,0.4262295081967213,1.4225617553260117,41,-0.11142474921701573,0.3902439024390244,1.0469986134774842
2020,401234630,10,Miami,NC State,1,81,0.2991317060565767,0.4691358024691358,1.3366653748902109,62,0.26628063199644764,0.4838709677419355,1.2569484751712137
2020,401234630,10,NC State,Miami,1,62,0.26628063199644764,0.4838709677419355,1.2569484751712137,81,0.2991317060565767,0.4691358024691358,1.3366653748902109
2020,401234631,10,Boston College,Syracuse,1,76,0.14011458694842616,0.4605263157894737,0.8876568912645609,51,-0.05414585773689662,0.4117647058823529,0.9838817169075013
2020,401234631,10,Syracuse,Boston College,1,51,-0.05414585773689662,0.4117647058823529,0.9838817169075013,76,0.14011458694842616,0.4605263157894737,0.8876568912645609
2020,401234632,10,Clemson,Notre Dame,1,77,0.12006734688516192,0.44155844155844154,1.197588558233421,77,0.13856498741549478,0.38961038961038963,1.2868039971954648
2020,401234632,10,Notre Dame,Clemson,1,77,0.13856498741549478,0.38961038961038963,1.2868039971954648,77,0.12006734688516192,0.44155844155844154,1.197588558233421
2020,401234633,10,Duke,North Carolina,1,39,0.014390174005427457,0.38461538461538464,1.6844635087513031,42,0.6749768241279455,0.5476190476190477,1.7281147704307398
2020,401234633,10,North Carolina,Duke,1,42,0.6749768241279455,0.5476190476190477,1.7281147704307398,39,0.014390174005427457,0.38461538461538464,1.6844635087513031
2020,401234634,10,Florida State,Pittsburgh,1,70,-0.16138810018531355,0.38571428571428573,1.2873366959125065,57,0.25553724256336835,0.40350877192982454,1.2278205718107174
2020,401234634,10,Pittsburgh,Florida State,1,57,0.25553724256336835,0.40350877192982454,1.2278205718107174,70,-0.16138810018531355,0.38571428571428573,1.2873366959125065
2020,401234636,10,Liberty,Virginia Tech,1,79,0.3595854919035283,0.5569620253164557,1.204836212155601,58,0.4878556723017757,0.5517241379310345,1.2317112206378389
2020,401234636,10,Virginia Tech,Liberty,1,58,0.4878556723017757,0.5517241379310345,1.2317112206378389,79,0.3595854919035283,0.5569620253164557,1.204836212155601
2020,401234637,11,Boston College,Notre Dame,1,65,-0.012404749554023889,0.4153846153846154,1.323634962636007,77,0.28253709297911495,0.6103896103896104,0.8532574058285645
2020,401234637,11,Notre Dame,Boston College,1,77,0.28253709297911495,0.6103896103896104,0.8532574058285645,65,-0.012404749554023889,0.4153846153846154,1.323634962636007
2020,401234638,4,Duke,Virginia,1,78,-0.29047819536348335,0.2948717948717949,1.313211774006248,84,0.14339128345275587,0.42857142857142855,1.1986186501722889
2020,401234638,4,Virginia,Duke,1,84,0.14339128345275587,0.42857142857142855,1.1986186501722889,78,-0.29047819536348335,0.2948717948717949,1.313211774006248
2020,401234639,11,Florida State,NC State,1,55,0.2042975369938169,0.3090909090909091,1.994063661286788,69,0.23070538468408724,0.43478260869565216,1.5039559630178905
2020,401234639,11,NC State,Florida State,1,69,0.23070538468408724,0.43478260869565216,1.5039559630178905,55,0.2042975369938169,0.3090909090909091,1.994063661286788
2020,401234641,11,Miami,Virginia Tech,1,86,0.09840983760239491,0.45348837209302323,0.9668763804633819,70,0.09250601522957132,0.45714285714285713,1.1188668935429318
2020,401234641,11,Virginia Tech,Miami,1,70,0.09250601522957132,0.45714285714285713,1.1188668935429318,86,0.09840983760239491,0.45348837209302323,0.9668763804633819
2020,401234642,11,North Carolina,Wake Forest,1,83,0.46006879375956344,0.4819277108433735,1.7648860273889782,91,0.2867227228629824,0.4835164835164835,1.2720520528628416
2020,401234642,11,Wake Forest,North Carolina,1,91,0.2867227228629824,0.4835164835164835,1.2720520528628416,83,0.46006879375956344,0.4819277108433735,1.7648860273889782
2020,401234643,12,Louisville,Syracuse,1,65,0.2059128739574135,0.4461538461538462,1.3471257483919234,28,-0.3973978535129846,0.25,0.8558435072054692
2020,401234643,12,Syracuse,Louisville,1,28,-0.3973978535129846,0.25,0.8558435072054692,65,0.2059128739574135,0.4461538461538462,1.3471257483919234
2020,401234647,12,Liberty,NC State,1,70,-0.1169465646407598,0.3,1.4642305997715237,65,0.11010569994275253,0.38461538461538464,1.1744450931001822
2020,401234647,12,NC State,Liberty,1,65,0.11010569994275253,0.38461538461538464,1.1744450931001822,70,-0.1169465646407598,0.3,1.4642305997715237
2020,401234648,12,Pittsburgh,Virginia Tech,1,71,0.26710481037005623,0.5774647887323944,0.9777494328916914,49,-0.15029796813600682,0.42857142857142855,1.314377620336876
2020,401234648,12,Virginia Tech,Pittsburgh,1,49,-0.15029796813600682,0.42857142857142855,1.314377620336876,71,0.26710481037005623,0.5774647887323944,0.9777494328916914
2020,401234649,13,Boston College,Louisville,1,63,0.2802128770599874,0.5238095238095238,0.8938615073031353,66,0.16206871816887997,0.5303030303030303,1.2265426267971347
2020,401234649,13,Louisville,Boston College,1,66,0.16206871816887997,0.5303030303030303,1.2265426267971347,63,0.2802128770599874,0.5238095238095238,0.8938615073031353
2020,401234650,13,North Carolina,Notre Dame,1,57,0.06335752276424876,0.3333333333333333,1.457219025295137,68,0.32281512634729714,0.45588235294117646,1.2880638255771935
2020,401234650,13,Notre Dame,North Carolina,1,68,0.32281512634729714,0.45588235294117646,1.2880638255771935,57,0.06335752276424876,0.3333333333333333,1.457219025295137
2020,401234651,13,Clemson,Pittsburgh,1,64,0.45007367371884527,0.546875,1.2374148224799493,54,-0.1271414312931631,0.37037037037037035,1.2052675174847984
2020,401234651,13,Pittsburgh,Clemson,1,54,-0.1271414312931631,0.37037037037037035,1.2052675174847984,64,0.45007367371884527,0.546875,1.2374148224799493
2020,401234652,13,Duke,Georgia Tech,1,78,-0.2207895164096377,0.4230769230769231,0.9743633073513612,69,0.14368933158718605,0.4492753623188406,1.621159173584722
2020,401234652,13,Georgia Tech,Duke,1,69,0.14368933158718605,0.4492753623188406,1.621159173584722,78,-0.2207895164096377,0.4230769230769231,0.9743633073513612
2020,401234655,13,NC State,Syracuse,1,75,0.03887201500918273,0.49333333333333335,0.993605539500051,70,0.0036826040478807826,0.2571428571428571,1.694034608830212
2020,401234655,13,Syracuse,NC State,1,70,0.0036826040478807826,0.2571428571428571,1.694034608830212,75,0.03887201500918273,0.49333333333333335,0.993605539500051
2020,401234656,14,Boston College,Virginia,1,66,0.2576625678308227,0.42424242424242425,1.7605800210187845,69,0.3321938088842528,0.5072463768115942,1.2088878350875298
2020,401234656,14,Virginia,Boston College,1,69,0.3321938088842528,0.5072463768115942,1.2088878350875298,66,0.2576625678308227,0.42424242424242425,1.7605800210187845
2020,401234657,14,Clemson,Virginia Tech,1,47,0.3784729620914068,0.48936170212765956,1.4126434908888545,49,-0.18819427963736074,0.40816326530612246,0.9020819812699589
2020,401234657,14,Virginia Tech,Clemson,1,49,-0.18819427963736074,0.40816326530612246,0.9020819812699589,47,0.3784729620914068,0.48936170212765956,1.4126434908888545
2020,401234659,14,Georgia Tech,NC State,1,77,0.10165491725961028,0.44155844155844154,1.307883597606394,68,0.10152863469518589,0.39705882352941174,1.3062090597655232
2020,401234659,14,NC State,Georgia Tech,1,68,0.10152863469518589,0.39705882352941174,1.3062090597655232,77,0.10165491725961028,0.44155844155844154,1.307883597606394
2020,401234661,15,Miami,North Carolina,1,47,0.18807392541849602,0.44680851063829785,1.4299991561332719,59,0.7766517551751791,0.5932203389830508,1.6948579513603772
2020,401234661,15,North Carolina,Miami,1,59,0.7766517551751791,0.5932203389830508,1.6948579513603772,47,0.18807392541849602,0.44680851063829785,1.4299991561332719
2020,401234662,14,Notre Dame,Syracuse,1,60,0.1379318840697368,0.48333333333333334,1.3347749956779673,53,0.09043491621009785,0.4339622641509434,1.1760005139148015
2020,401234662,14,Syracuse,Notre Dame,1,53,0.09043491621009785,0.4339622641509434,1.1760005139148015,60,0.1379318840697368,0.48333333333333334,1.3347749956779673
2020,401234734,4,Southern Miss,Tulane,1,61,0.09545747000449831,0.32786885245901637,1.780709557844299,56,0.5106999579797964,0.5535714285714286,1.4173413571500355
2020,401234734,4,Tulane,Southern Miss,1,56,0.5106999579797964,0.5535714285714286,1.4173413571500355,61,0.09545747000449831,0.32786885245901637,1.780709557844299
2020,401235700,1,Army,Middle Tennessee,1,45,0.3995834196039234,0.4666666666666667,1.2346699628859918,33,-0.5830558351814644,0.3333333333333333,0.8228567943676592
2020,401235700,1,Middle Tennessee,Army,1,33,-0.5830558351814644,0.3333333333333333,0.8228567943676592,45,0.3995834196039234,0.4666666666666667,1.2346699628859918
2020,401235975,12,Army,Georgia Southern,1,74,-0.007692738802935718,0.47297297297297297,0.8922894729908433,45,0.14299069675058587,0.4,1.674890189268897
2020,401235975,12,Georgia Southern,Army,1,45,0.14299069675058587,0.4,1.674890189268897,74,-0.007692738802935718,0.47297297297297297,0.8922894729908433
2020,401235993,4,Baylor,Kansas,1,59,0.22952913961327978,0.4067796610169492,1.2454790195402365,50,-0.016661390801210332,0.32,1.548249390437965
2020,401235993,4,Kansas,Baylor,1,50,-0.016661390801210332,0.32,1.548249390437965,59,0.22952913961327978,0.4067796610169492,1.2454790195402365
2020,401235994,4,Iowa State,TCU,1,51,0.306710184135295,0.43137254901960786,1.5994119444280537,84,0.1345565329060472,0.42857142857142855,1.4388000341956502
2020,401235994,4,TCU,Iowa State,1,84,0.1345565329060472,0.42857142857142855,1.4388000341956502,51,0.306710184135295,0.43137254901960786,1.5994119444280537
2020,401235995,4,Texas,Texas Tech,1,89,0.08247837222732864,0.47191011235955055,0.9504446668477389,76,0.020722169620316602,0.40789473684210525,1.5033235338066258
2020,401235995,4,Texas Tech,Texas,1,76,0.020722169620316602,0.40789473684210525,1.5033235338066258,89,0.08247837222732864,0.47191011235955055,0.9504446668477389
2020,401235996,4,Kansas State,Oklahoma,1,51,0.3634758887464482,0.3137254901960784,2.306533174955637,76,0.13841176320900156,0.4605263157894737,1.4353249571938183
2020,401235996,4,Oklahoma,Kansas State,1,76,0.13841176320900156,0.4605263157894737,1.4353249571938183,51,0.3634758887464482,0.3137254901960784,2.306533174955637
2020,401235997,4,Oklahoma State,West Virginia,1,63,0.11815097978324827,0.3968253968253968,1.328983998058746,79,-0.13359780927180695,0.3037974683544304,1.3964733049287394
2020,401235997,4,West Virginia,Oklahoma State,1,79,-0.13359780927180695,0.3037974683544304,1.3964733049287394,63,0.11815097978324827,0.3968253968253968,1.328983998058746
2020,401235998,5,Baylor,West Virginia,1,69,-0.217441934075047,0.2463768115942029,1.2532336736078327,80,-0.02737533987278896,0.3625,1.028345318357333
2020,401235998,5,West Virginia,Baylor,1,80,-0.02737533987278896,0.3625,1.028345318357333,69,-0.217441934075047,0.2463768115942029,1.2532336736078327
2020,401235999,5,Iowa State,Oklahoma,1,56,0.3776553118710585,0.4642857142857143,1.41183326293315,69,0.23347268238514268,0.4782608695652174,1.2819083437314789
2020,401235999,5,Oklahoma,Iowa State,1,69,0.23347268238514268,0.4782608695652174,1.2819083437314789,56,0.3776553118710585,0.4642857142857143,1.41183326293315
2020,401236000,5,Kansas,Oklahoma State,1,32,-0.3083872489963272,0.21875,0.6120668183784017,46,0.47893116896054616,0.5434782608695652,1.271073510459834
2020,401236000,5,Oklahoma State,Kansas,1,46,0.47893116896054616,0.5434782608695652,1.271073510459834,32,-0.3083872489963272,0.21875,0.6120668183784017
2020,401236001,5,Kansas State,Texas Tech,1,64,0.2828816909823584,0.453125,1.3700558119005366,83,0.16727652337551246,0.5060240963855421,1.037377720861925
2020,401236001,5,Texas Tech,Kansas State,1,83,0.16727652337551246,0.5060240963855421,1.037377720861925,64,0.2828816909823584,0.453125,1.3700558119005366
2020,401236002,5,TCU,Texas,1,80,0.18140917922415428,0.45,1.0498094197373602,60,0.15564304193015172,0.35,1.8165610532516732
2020,401236002,5,Texas,TCU,1,60,0.15564304193015172,0.35,1.8165610532516732,80,0.18140917922415428,0.45,1.0498094197373602
2020,401236003,6,Iowa State,Texas Tech,1,82,0.27304341413968475,0.573170731707317,0.8701229172732464,39,-0.19658205640817122,0.2564102564102564,1.2819635304333274
2020,401236003,6,Texas Tech,Iowa State,1,39,-0.19658205640817122,0.2564102564102564,1.2819635304333274,82,0.27304341413968475,0.573170731707317,0.8701229172732464
2020,401236004,6,Kansas State,TCU,1,57,-0.03984987297276296,0.2982456140350877,1.3706773738418006,74,0.009455148186519624,0.3918918918918919,1.1013901115079963
2020,401236004,6,TCU,Kansas State,1,74,0.009455148186519624,0.3918918918918919,1.1013901115079963,57,-0.03984987297276296,0.2982456140350877,1.3706773738418006
2020,401236005,6,Oklahoma,Texas,1,96,0.08412051684672298,0.4375,1.0518544071241505,87,0.05898255027029138,0.4367816091954023,1.0835894271433502
2020,401236005,6,Texas,Oklahoma,1,87,0.05898255027029138,0.4367816091954023,1.0835894271433502,96,0.08412051684672298,0.4375,1.0518544071241505
2020,401236007,7,Kansas,West Virginia,1,53,-0.31777048468337865,0.16981132075471697,1.3789055540056065,82,0.11750792567595712,0.4146341463414634,1.5367223864266328
2020,401236007,7,West Virginia,Kansas,1,82,0.11750792567595712,0.4146341463414634,1.5367223864266328,53,-0.31777048468337865,0.16981132075471697,1.3789055540056065
2020,401236008,8,Baylor,Texas,1,58,-0.02705483739001321,0.46551724137931033,0.7778263389566205,70,0.2065046557344982,0.44285714285714284,1.2046518568591325
2020,401236008,8,Texas,Baylor,1,70,0.2065046557344982,0.44285714285714284,1.2046518568591325,58,-0.02705483739001321,0.46551724137931033,0.7778263389566205
2020,401236009,8,Iowa State,Oklahoma State,1,67,0.12646170757668862,0.373134328358209,1.359940915470552,80,0.0890238718636872,0.3625,1.4176259524507555
2020,401236009,8,Oklahoma State,Iowa State,1,80,0.0890238718636872,0.3625,1.4176259524507555,67,0.12646170757668862,0.373134328358209,1.359940915470552
2020,401236010,8,Kansas,Kansas State,1,40,-0.21490258532994175,0.25,1.3957334182091652,32,0.22598788802312342,0.375,1.237192701580671
2020,401236010,8,Kansas State,Kansas,1,32,0.22598788802312342,0.375,1.237192701580671,40,-0.21490258532994175,0.25,1.3957334182091652
2020,401236011,8,Oklahoma,TCU,1,63,0.35690294271541356,0.42857142857142855,1.4935080243371919,50,0.04844036276211308,0.36,1.3608309542523866
2020,401236011,8,TCU,Oklahoma,1,50,0.04844036276211308,0.36,1.3608309542523866,63,0.35690294271541356,0.42857142857142855,1.4935080243371919
2020,401236012,8,Texas Tech,West Virginia,1,67,0.186285550003061,0.3880597014925373,1.3586708607723237,79,0.15725135126585862,0.4430379746835443,1.1250088801100677
2020,401236012,8,West Virginia,Texas Tech,1,79,0.15725135126585862,0.4430379746835443,1.1250088801100677,67,0.186285550003061,0.3880597014925373,1.3586708607723237
2020,401236013,9,Baylor,TCU,1,70,-0.13235188919918708,0.2714285714285714,1.643464796633293,67,-0.007602891713394902,0.3582089552238806,1.2920626659933097
2020,401236013,9,TCU,Baylor,1,67,-0.007602891713394902,0.3582089552238806,1.2920626659933097,70,-0.13235188919918708,0.2714285714285714,1.643464796633293
2020,401236014,9,Iowa State,Kansas,1,69,0.2807584573685084,0.5507246376811594,1.1672874626746197,51,-0.16760218857490042,0.29411764705882354,1.6634358116578505
2020,401236014,9,Kansas,Iowa State,1,51,-0.16760218857490042,0.29411764705882354,1.6634358116578505,69,0.2807584573685084,0.5507246376811594,1.1672874626746197
2020,401236015,9,Kansas State,West Virginia,1,51,-0.23646475967303854,0.39215686274509803,1.0199186568747418,61,0.29201114307125053,0.39344262295081966,1.4798555435566707
2020,401236015,9,West Virginia,Kansas State,1,61,0.29201114307125053,0.39344262295081966,1.4798555435566707,51,-0.23646475967303854,0.39215686274509803,1.0199186568747418
2020,401236016,9,Oklahoma,Texas Tech,1,45,0.5212652745153992,0.5777777777777777,1.1717429666202441,34,-0.2834612741722857,0.38235294117647056,1.6032915906468093
2020,401236016,9,Texas Tech,Oklahoma,1,34,-0.2834612741722857,0.38235294117647056,1.6032915906468093,45,0.5212652745153992,0.5777777777777777,1.1717429666202441
2020,401236017,9,Oklahoma State,Texas,1,89,0.058414600824164616,0.48314606741573035,1.0683687995596332,77,0.02903939014276824,0.2987012987012987,1.4056709485429844
2020,401236017,9,Texas,Oklahoma State,1,77,0.02903939014276824,0.2987012987012987,1.4056709485429844,89,0.058414600824164616,0.48314606741573035,1.0683687995596332
2020,401236018,10,Baylor,Iowa State,1,60,0.10721259020326249,0.38333333333333336,1.4681561391136584,65,0.02797911408858689,0.4461538461538462,1.2785127364538507
2020,401236018,10,Iowa State,Baylor,1,65,0.02797911408858689,0.4461538461538462,1.2785127364538507,60,0.10721259020326249,0.38333333333333336,1.4681561391136584
2020,401236019,10,Kansas,Oklahoma,1,41,-0.4171231870524198,0.24390243902439024,1.0277035654396405,44,0.41234679782707734,0.6136363636363636,1.168144381110258
2020,401236019,10,Oklahoma,Kansas,1,44,0.41234679782707734,0.6136363636363636,1.168144381110258,41,-0.4171231870524198,0.24390243902439024,1.0277035654396405
2020,401236020,10,Kansas State,Oklahoma State,1,66,0.06514007306105293,0.4090909090909091,1.0102376479562916,63,-0.058748830002226075,0.2857142857142857,1.3836864720228903
2020,401236020,10,Oklahoma State,Kansas State,1,63,-0.058748830002226075,0.2857142857142857,1.3836864720228903,66,0.06514007306105293,0.4090909090909091,1.0102376479562916
2020,401236021,10,TCU,Texas Tech,1,70,0.037414105786622125,0.3,1.5999704382681768,67,0.05503854301459255,0.3283582089552239,1.3437518321741353
2020,401236021,10,Texas Tech,TCU,1,67,0.05503854301459255,0.3283582089552239,1.3437518321741353,70,0.037414105786622125,0.3,1.5999704382681768
2020,401236022,10,Texas,West Virginia,1,67,0.056397544529492964,0.34328358208955223,1.4162461216097337,74,-0.021007414001464816,0.4189189189189189,1.0199621990668564
2020,401236022,10,West Virginia,Texas,1,74,-0.021007414001464816,0.4189189189189189,1.0199621990668564,67,0.056397544529492964,0.34328358208955223,1.4162461216097337
2020,401236023,11,Baylor,Texas Tech,1,74,-0.0009399843996029494,0.35135135135135137,1.3089404097063537,77,-0.023990821920387363,0.44155844155844154,0.9171323072717829
2020,401236023,11,Texas Tech,Baylor,1,77,-0.023990821920387363,0.44155844155844154,0.9171323072717829,74,-0.0009399843996029494,0.35135135135135137,1.3089404097063537
2020,401236024,11,TCU,West Virginia,1,63,-0.06433331256569283,0.4126984126984127,0.9005348237360418,63,0.20133567249747927,0.4444444444444444,1.1954689320792553
2020,401236024,11,West Virginia,TCU,1,63,0.20133567249747927,0.4444444444444444,1.1954689320792553,63,-0.06433331256569283,0.4126984126984127,0.9005348237360418
2020,401236025,12,Iowa State,Kansas State,1,37,0.7090149349422845,0.5945945945945946,1.4062265485239995,24,-0.4402036549723849,0.2916666666666667,0.928309650437618
2020,401236025,12,Kansas State,Iowa State,1,24,-0.4402036549723849,0.2916666666666667,0.928309650437618,37,0.7090149349422845,0.5945945945945946,1.4062265485239995
2020,401236027,12,Oklahoma,Oklahoma State,1,64,0.4301258567969731,0.5,1.4365733003624015,53,-0.09817559863927637,0.24528301886792453,1.5934716694091708
2020,401236027,12,Oklahoma State,Oklahoma,1,53,-0.09817559863927637,0.24528301886792453,1.5934716694091708,64,0.4301258567969731,0.5,1.4365733003624015
2020,401236028,13,Baylor,Kansas State,1,75,0.23199567117129122,0.41333333333333333,1.3961647359770277,53,0.1774273475389104,0.3584905660377358,1.5842874195899261
2020,401236028,13,Kansas State,Baylor,1,53,0.1774273475389104,0.3584905660377358,1.5842874195899261,75,0.23199567117129122,0.41333333333333333,1.3961647359770277
2020,401236029,13,Iowa State,Texas,1,69,0.21769284326509203,0.5072463768115942,0.9130909384700601,65,0.0661521279302556,0.4307692307692308,1.1449119769174347
2020,401236029,13,Texas,Iowa State,1,65,0.0661521279302556,0.4307692307692308,1.1449119769174347,69,0.21769284326509203,0.5072463768115942,0.9130909384700601
2020,401236030,13,Kansas,TCU,1,45,-0.06368443623663882,0.15555555555555556,2.4252317148726146,47,0.47382548229410876,0.48936170212765956,1.6529406853443127
2020,401236030,13,TCU,Kansas,1,47,0.47382548229410876,0.48936170212765956,1.6529406853443127,45,-0.06368443623663882,0.15555555555555556,2.4252317148726146
2020,401236032,13,Oklahoma State,Texas Tech,1,85,0.12404604953162311,0.49411764705882355,1.0259892450539578,84,0.16278881625777883,0.47619047619047616,1.2351534752575368
2020,401236032,13,Texas Tech,Oklahoma State,1,84,0.16278881625777883,0.47619047619047616,1.2351534752575368,85,0.12404604953162311,0.49411764705882355,1.0259892450539578
2020,401236033,14,Baylor,Oklahoma,1,81,-0.01559307204532398,0.2962962962962963,1.5133672922386459,58,-0.00398441222029268,0.3793103448275862,1.0965694609891339
2020,401236033,14,Oklahoma,Baylor,1,58,-0.00398441222029268,0.3793103448275862,1.0965694609891339,81,-0.01559307204532398,0.2962962962962963,1.5133672922386459
2020,401236034,14,Iowa State,West Virginia,1,51,0.551363430221684,0.5686274509803921,1.4265109726344667,47,-0.16109350021310725,0.2978723404255319,1.3197432816084886
2020,401236034,14,West Virginia,Iowa State,1,47,-0.16109350021310725,0.2978723404255319,1.3197432816084886,51,0.551363430221684,0.5686274509803921,1.4265109726344667
2020,401236035,14,Kansas,Texas Tech,1,73,-0.2679955997722067,0.2876712328767123,0.9986691948463342,69,-0.2109794306707967,0.3333333333333333,0.45090609606330834
2020,401236035,14,Texas Tech,Kansas,1,69,-0.2109794306707967,0.3333333333333333,0.45090609606330834,73,-0.2679955997722067,0.2876712328767123,0.9986691948463342
2020,401236036,14,Kansas State,Texas,1,56,0.12211516608036184,0.48214285714285715,1.3955225351945573,52,0.7715278204041955,0.6153846153846154,1.6029933534985272
2020,401236036,14,Texas,Kansas State,1,52,0.7715278204041955,0.6153846153846154,1.6029933534985272,56,0.12211516608036184,0.48214285714285715,1.3955225351945573
2020,401236037,14,Oklahoma State,TCU,1,75,-0.04118254110616424,0.25333333333333335,1.817586736933531,78,0.04003555668152082,0.41025641025641024,1.289657194813275
2020,401236037,14,TCU,Oklahoma State,1,78,0.04003555668152082,0.41025641025641024,1.289657194813275,75,-0.04118254110616424,0.25333333333333335,1.817586736933531
2020,401236038,2,Eastern Kentucky,West Virginia,1,29,0.06886702924446629,0.3793103448275862,0.8739040777327446,42,0.6582844442436676,0.6190476190476191,1.4693398438076486
2020,401236038,2,West Virginia,Eastern Kentucky,1,42,0.6582844442436676,0.6190476190476191,1.4693398438076486,29,0.06886702924446629,0.3793103448275862,0.8739040777327446
2020,401236039,2,Houston Christian,Texas Tech,1,76,0.31534703489972515,0.47368421052631576,1.6248318952896352,95,0.32455207109473005,0.5578947368421052,1.1372376598943796
2020,401236039,2,Texas Tech,Houston Christian,1,95,0.32455207109473005,0.5578947368421052,1.1372376598943796,76,0.31534703489972515,0.47368421052631576,1.6248318952896352
2020,401236041,3,Oklahoma State,Tulsa,1,69,-0.1721977152131289,0.3333333333333333,1.0966998082318309,59,-0.24478839081704004,0.2711864406779661,1.285364140387931
2020,401236041,3,Tulsa,Oklahoma State,1,59,-0.24478839081704004,0.2711864406779661,1.285364140387931,69,-0.1721977152131289,0.3333333333333333,1.0966998082318309
2020,401236053,2,Arkansas State,Kansas State,1,71,0.18198965387557392,0.4647887323943662,1.343693755812088,69,0.12533034512755112,0.3188405797101449,1.7364755153803901
2020,401236053,2,Kansas State,Arkansas State,1,69,0.12533034512755112,0.3188405797101449,1.7364755153803901,71,0.18198965387557392,0.4647887323943662,1.343693755812088
2020,401236054,2,Missouri State,Oklahoma,1,21,-0.2757023236981316,0.047619047619047616,0.1029188553265588,27,0.9161338050972188,0.7407407407407407,1.466017359349853
2020,401236054,2,Oklahoma,Missouri State,1,27,0.9161338050972188,0.7407407407407407,1.466017359349853,21,-0.2757023236981316,0.047619047619047616,0.1029188553265588
2020,401236081,2,App State,Charlotte,1,71,0.2635041792640053,0.5633802816901409,1.0357751225992573,60,-0.22761553432978157,0.2833333333333333,1.5185442253823473
2020,401236081,2,Charlotte,App State,1,60,-0.22761553432978157,0.2833333333333333,1.5185442253823473,71,0.2635041792640053,0.5633802816901409,1.0357751225992573
2020,401236221,2,Iowa State,Louisiana,1,71,-0.012821804790305437,0.4507042253521127,1.100786815236855,56,0.17319331244441385,0.39285714285714285,1.2539432196757891
2020,401236221,2,Louisiana,Iowa State,1,56,0.17319331244441385,0.39285714285714285,1.2539432196757891,71,-0.012821804790305437,0.4507042253521127,1.100786815236855
2020,401236222,2,Texas,UTEP,1,47,0.7335305180627993,0.5957446808510638,1.5885393486727641,35,-0.1631260992995634,0.2571428571428571,1.5777907024478355
2020,401236222,2,UTEP,Texas,1,35,-0.1631260992995634,0.2571428571428571,1.5777907024478355,47,0.7335305180627993,0.5957446808510638,1.5885393486727641
2020,401236223,4,BYU,Troy,1,60,0.24799657953402826,0.5833333333333334,1.2398593007260144,45,-0.09007811560006761,0.3333333333333333,0.9231500166404869
2020,401236223,4,Troy,BYU,1,45,-0.09007811560006761,0.3333333333333333,0.9231500166404869,60,0.24799657953402826,0.5833333333333334,1.2398593007260144
2020,401236253,4,App State,Campbell,1,57,0.36281966446763475,0.5263157894736842,1.3106533941500593,48,0.24717781761128899,0.4791666666666667,0.9396760288750939
2020,401236253,4,Campbell,App State,1,48,0.24717781761128899,0.4791666666666667,0.9396760288750939,57,0.36281966446763475,0.5263157894736842,1.3106533941500593
2020,401236658,2,Coastal Carolina,Kansas,1,60,0.260727843130181,0.5166666666666667,0.9956293876196474,73,-0.062135321567081826,0.4246575342465753,1.3734461146341428
2020,401236658,2,Kansas,Coastal Carolina,1,73,-0.062135321567081826,0.4246575342465753,1.3734461146341428,60,0.260727843130181,0.5166666666666667,0.9956293876196474
2020,401236939,3,App State,Marshall,1,72,-0.031242290021437826,0.375,0.9812637293207082,70,0.06151971397268785,0.38571428571428573,1.1642849902347476
2020,401236939,3,Marshall,App State,1,70,0.06151971397268785,0.38571428571428573,1.1642849902347476,72,-0.031242290021437826,0.375,0.9812637293207082
2020,401236951,4,Alabama,Missouri,1,56,0.4296799836024864,0.44642857142857145,1.5785111719290896,42,-0.08634920789475439,0.38095238095238093,1.3743891611456256
2020,401236951,4,Missouri,Alabama,1,42,-0.08634920789475439,0.38095238095238093,1.3743891611456256,56,0.4296799836024864,0.44642857142857145,1.5785111719290896
2020,401236952,4,Florida,Ole Miss,1,74,0.5271068735497279,0.5405405405405406,1.4271359859337582,74,0.33611781810816005,0.527027027027027,1.361136068711052
2020,401236952,4,Ole Miss,Florida,1,74,0.33611781810816005,0.527027027027027,1.361136068711052,74,0.5271068735497279,0.5405405405405406,1.4271359859337582
2020,401237033,4,Arkansas,Georgia,1,52,-0.20950261191359015,0.25,1.5618176162544375,78,-0.04889159592611909,0.41025641025641024,1.0206770268503533
2020,401237033,4,Georgia,Arkansas,1,78,-0.04889159592611909,0.41025641025641024,1.0206770268503533,52,-0.20950261191359015,0.25,1.5618176162544375
2020,401237034,4,Auburn,Kentucky,1,57,0.19436298341096034,0.43859649122807015,1.3414476161450246,78,-0.11003505473177042,0.3717948717948718,1.0875040689084898
2020,401237034,4,Kentucky,Auburn,1,78,-0.11003505473177042,0.3717948717948718,1.0875040689084898,57,0.19436298341096034,0.43859649122807015,1.3414476161450246
2020,401237035,4,LSU,Mississippi State,1,84,0.02622842331889208,0.44047619047619047,0.9824860630320382,76,0.2768475178010311,0.42105263157894735,2.045904585133336
2020,401237035,4,Mississippi State,LSU,1,76,0.2768475178010311,0.42105263157894735,2.045904585133336,84,0.02622842331889208,0.44047619047619047,0.9824860630320382
2020,401237036,4,South Carolina,Tennessee,1,74,0.07108064053634533,0.43243243243243246,1.208744440948056,65,0.11945253984899391,0.47692307692307695,1.0991278969903655
2020,401237036,4,Tennessee,South Carolina,1,65,0.11945253984899391,0.47692307692307695,1.0991278969903655,74,0.07108064053634533,0.43243243243243246,1.208744440948056
2020,401237037,4,Texas A&M,Vanderbilt,1,55,0.14269207885742113,0.4,1.4382237175739878,68,-0.1700526964306235,0.3088235294117647,1.2748886719580528
2020,401237037,4,Vanderbilt,Texas A&M,1,68,-0.1700526964306235,0.3088235294117647,1.2748886719580528,55,0.14269207885742113,0.4,1.4382237175739878
2020,401237074,16,Alabama,Florida,1,83,0.34851744646448435,0.5662650602409639,1.18264928898082,66,0.40266531383539794,0.48484848484848486,1.5880001873269824
2020,401237074,16,Florida,Alabama,1,66,0.40266531383539794,0.48484848484848486,1.5880001873269824,83,0.34851744646448435,0.5662650602409639,1.18264928898082
2020,401237093,5,Alabama,Texas A&M,1,44,0.5811535394816719,0.5227272727272727,1.8323968715630135,63,-0.006547548899807244,0.42857142857142855,1.2803747009922049
2020,401237093,5,Texas A&M,Alabama,1,63,-0.006547548899807244,0.42857142857142855,1.2803747009922049,44,0.5811535394816719,0.5227272727272727,1.8323968715630135
2020,401237094,5,Arkansas,Mississippi State,1,65,-0.057989196679841884,0.4,0.9904992874181034,84,-0.13407250704032936,0.35714285714285715,1.222673945215959
2020,401237094,5,Mississippi State,Arkansas,1,84,-0.13407250704032936,0.35714285714285715,1.222673945215959,65,-0.057989196679841884,0.4,0.9904992874181034
2020,401237095,5,Auburn,Georgia,1,62,-0.03770443056319389,0.3225806451612903,1.1027061802717957,73,0.3086081183620581,0.547945205479452,0.9513243478882015
2020,401237095,5,Georgia,Auburn,1,73,0.3086081183620581,0.547945205479452,0.9513243478882015,62,-0.03770443056319389,0.3225806451612903,1.1027061802717957
2020,401237096,5,Florida,South Carolina,1,52,0.30144733031924276,0.5576923076923077,1.2152302189245001,83,0.08661156508131553,0.46987951807228917,0.941578696084413
2020,401237096,5,South Carolina,Florida,1,83,0.08661156508131553,0.46987951807228917,0.941578696084413,52,0.30144733031924276,0.5576923076923077,1.2152302189245001
2020,401237097,5,Kentucky,Ole Miss,1,72,0.36428687578385677,0.6388888888888888,1.0289914979148702,67,0.30483896717781456,0.5223880597014925,1.1875103744128754
2020,401237097,5,Ole Miss,Kentucky,1,67,0.30483896717781456,0.5223880597014925,1.1875103744128754,72,0.36428687578385677,0.6388888888888888,1.0289914979148702
2020,401237098,5,LSU,Vanderbilt,1,49,0.3294335815325332,0.5714285714285714,1.1664560867984852,58,-0.018578641077612732,0.3620689655172414,1.0232641986542677
2020,401237098,5,Vanderbilt,LSU,1,58,-0.018578641077612732,0.3620689655172414,1.0232641986542677,49,0.3294335815325332,0.5714285714285714,1.1664560867984852
2020,401237099,5,Missouri,Tennessee,1,50,-0.019617334690155246,0.34,1.4593103020262768,70,0.39539606405231853,0.4714285714285714,1.3236589165682981
2020,401237099,5,Tennessee,Missouri,1,70,0.39539606405231853,0.4714285714285714,1.3236589165682981,50,-0.019617334690155246,0.34,1.4593103020262768
2020,401237100,6,Alabama,Ole Miss,1,71,0.6702458363320152,0.7183098591549296,1.2039234651412103,84,0.4463828229675278,0.4642857142857143,1.5423598888956043
2020,401237100,6,Ole Miss,Alabama,1,84,0.4463828229675278,0.4642857142857143,1.5423598888956043,71,0.6702458363320152,0.7183098591549296,1.2039234651412103
2020,401237101,6,Arkansas,Auburn,1,71,0.26846900486930636,0.4084507042253521,1.3768669632908814,70,0.21081674153558622,0.42857142857142855,1.3737734669087618
2020,401237101,6,Auburn,Arkansas,1,70,0.21081674153558622,0.42857142857142855,1.3737734669087618,71,0.26846900486930636,0.4084507042253521,1.3768669632908814
2020,401237102,6,Florida,Texas A&M,1,93,0.2990328046995028,0.5053763440860215,1.184447911649264,118,0.3966681747121968,0.5932203389830508,1.1119229699993143
2020,401237102,6,Texas A&M,Florida,1,118,0.3966681747121968,0.5932203389830508,1.1119229699993143,93,0.2990328046995028,0.5053763440860215,1.184447911649264
2020,401237103,6,Georgia,Tennessee,1,69,0.06554650304057485,0.42028985507246375,1.1501754321689328,44,0.08924696801112617,0.3181818181818182,1.30471310992249
2020,401237103,6,Tennessee,Georgia,1,44,0.08924696801112617,0.3181818181818182,1.30471310992249,69,0.06554650304057485,0.42028985507246375,1.1501754321689328
2020,401237104,6,Kentucky,Mississippi State,1,53,-0.12754531144105602,0.2830188679245283,1.2133179012374444,83,-0.5217946433578969,0.3855421686746988,0.7337239442254444
2020,401237104,6,Mississippi State,Kentucky,1,83,-0.5217946433578969,0.3855421686746988,0.7337239442254444,53,-0.12754531144105602,0.2830188679245283,1.2133179012374444
2020,401237105,6,LSU,Missouri,1,68,0.2641300803014317,0.4411764705882353,1.451064724816367,68,0.39733794705186054,0.6029411764705882,1.2822991020449979
2020,401237105,6,Missouri,LSU,1,68,0.39733794705186054,0.6029411764705882,1.2822991020449979,68,0.2641300803014317,0.4411764705882353,1.451064724816367
2020,401237106,6,South Carolina,Vanderbilt,1,55,0.34248865689771363,0.4,1.6033171158854234,45,-0.06267938026421263,0.4,0.9428370331293746
2020,401237106,6,Vanderbilt,South Carolina,1,45,-0.06267938026421263,0.4,0.9428370331293746,55,0.34248865689771363,0.4,1.6033171158854234
2020,401237107,7,Alabama,Georgia,1,76,0.24643660398325737,0.5,1.2377168391101563,70,0.06270479565581366,0.37142857142857144,1.3564484349699542
2020,401237107,7,Georgia,Alabama,1,70,0.06270479565581366,0.37142857142857144,1.3564484349699542,76,0.24643660398325737,0.5,1.2377168391101563
2020,401237108,7,Arkansas,Ole Miss,1,82,0.06560353863683951,0.4268292682926829,0.9466764387624858,91,-0.2783636149499046,0.3956043956043956,1.1729737664738946
2020,401237108,7,Ole Miss,Arkansas,1,91,-0.2783636149499046,0.3956043956043956,1.1729737664738946,82,0.06560353863683951,0.4268292682926829,0.9466764387624858
2020,401237109,7,Auburn,South Carolina,1,83,-0.010160649779998218,0.39759036144578314,1.1586561549332823,67,0.08664225844119217,0.43283582089552236,1.0592778816011033
2020,401237109,7,South Carolina,Auburn,1,67,0.08664225844119217,0.43283582089552236,1.0592778816011033,83,-0.010160649779998218,0.39759036144578314,1.1586561549332823
2020,401237111,7,Kentucky,Tennessee,1,50,0.18231765207114503,0.44,0.9611375655097378,57,-0.2997784044205738,0.38596491228070173,0.9301112378453857
2020,401237111,7,Tennessee,Kentucky,1,57,-0.2997784044205738,0.38596491228070173,0.9301112378453857,50,0.18231765207114503,0.44,0.9611375655097378
2020,401237112,7,Mississippi State,Texas A&M,1,60,-0.03604263745394473,0.35,1.2463425089330982,57,0.1146979983781987,0.49122807017543857,1.1644622188552045
2020,401237112,7,Texas A&M,Mississippi State,1,57,0.1146979983781987,0.49122807017543857,1.1644622188552045,60,-0.03604263745394473,0.35,1.2463425089330982
2020,401237114,8,Alabama,Tennessee,1,64,0.4727798901334219,0.71875,0.9400500225937087,41,0.10732646237069435,0.3170731707317073,1.2847471570218973
2020,401237114,8,Tennessee,Alabama,1,41,0.10732646237069435,0.3170731707317073,1.2847471570218973,64,0.4727798901334219,0.71875,0.9400500225937087
2020,401237115,8,Auburn,Ole Miss,1,77,0.32447439415929596,0.5454545454545454,1.160538628902284,79,0.14733807868987991,0.46835443037974683,1.2096833621346776
2020,401237115,8,Ole Miss,Auburn,1,79,0.14733807868987991,0.46835443037974683,1.2096833621346776,77,0.32447439415929596,0.5454545454545454,1.160538628902284
2020,401237116,9,Florida,Missouri,1,59,0.21141203435269412,0.4576271186440678,1.3551807607360695,31,-0.361867219504961,0.16129032258064516,1.2883995919720277
2020,401237116,9,Missouri,Florida,1,31,-0.361867219504961,0.16129032258064516,1.2883995919720277,59,0.21141203435269412,0.4576271186440678,1.3551807607360695
2020,401237117,9,Georgia,Kentucky,1,57,0.10030073324736041,0.543859649122807,0.9225399554488024,64,-0.11025215103951769,0.34375,0.9296526069063508
2020,401237117,9,Kentucky,Georgia,1,64,-0.11025215103951769,0.34375,0.9296526069063508,57,0.10030073324736041,0.543859649122807,0.9225399554488024
2020,401237118,8,LSU,South Carolina,1,54,0.42310090894155994,0.6296296296296297,1.2052661145936567,44,0.13842508087557673,0.38636363636363635,1.9741345529252945
2020,401237118,8,South Carolina,LSU,1,44,0.13842508087557673,0.38636363636363635,1.9741345529252945,54,0.42310090894155994,0.6296296296296297,1.2052661145936567
2020,401237119,9,Alabama,Mississippi State,1,59,0.22615644953193254,0.4576271186440678,1.3094762467674386,41,-0.2804421280668244,0.24390243902439024,1.086885022071332
2020,401237119,9,Mississippi State,Alabama,1,41,-0.2804421280668244,0.24390243902439024,1.086885022071332,59,0.22615644953193254,0.4576271186440678,1.3094762467674386
2020,401237120,9,Arkansas,Texas A&M,1,70,0.26524947051277137,0.5714285714285714,0.9878386730309068,61,0.4638308360091972,0.5081967213114754,1.4049508591847264
2020,401237120,9,Texas A&M,Arkansas,1,61,0.4638308360091972,0.5081967213114754,1.4049508591847264,70,0.26524947051277137,0.5714285714285714,0.9878386730309068
2020,401237121,9,Auburn,LSU,1,46,0.4936503281573322,0.6086956521739131,1.2561761648225465,42,-0.05576311958007639,0.38095238095238093,1.147675814671411
2020,401237121,9,LSU,Auburn,1,42,-0.05576311958007639,0.38095238095238093,1.147675814671411,46,0.4936503281573322,0.6086956521739131,1.2561761648225465
2020,401237122,8,Kentucky,Missouri,1,36,-0.04870694759735709,0.3888888888888889,0.4964642057749235,92,0.13167702127080716,0.43478260869565216,1.1134919603558568
2020,401237122,8,Missouri,Kentucky,1,92,0.13167702127080716,0.43478260869565216,1.1134919603558568,36,-0.04870694759735709,0.3888888888888889,0.4964642057749235
2020,401237123,9,Ole Miss,Vanderbilt,1,56,0.8307157791156174,0.6964285714285714,1.4076878162527382,40,0.25906969272417624,0.425,1.3116025493284391
2020,401237123,9,Vanderbilt,Ole Miss,1,40,0.25906969272417624,0.425,1.3116025493284391,56,0.8307157791156174,0.6964285714285714,1.4076878162527382
2020,401237124,10,Arkansas,Tennessee,1,70,0.25735042516032247,0.5142857142857142,1.1028209334658965,71,-0.0694983673149328,0.43661971830985913,0.7302438605531283
2020,401237124,10,Tennessee,Arkansas,1,71,-0.0694983673149328,0.43661971830985913,0.7302438605531283,70,0.25735042516032247,0.5142857142857142,1.1028209334658965
2020,401237125,10,Florida,Georgia,1,80,0.20792899639026086,0.4125,1.5916100119172947,57,-0.036101834221983965,0.24561403508771928,1.9939357058398761
2020,401237125,10,Georgia,Florida,1,57,-0.036101834221983965,0.24561403508771928,1.9939357058398761,80,0.20792899639026086,0.4125,1.5916100119172947
2020,401237126,10,Mississippi State,Vanderbilt,1,57,0.05328851997550227,0.49122807017543857,0.6273504255069627,82,-0.0480605007671894,0.45121951219512196,1.2037768546205772
2020,401237126,10,Vanderbilt,Mississippi State,1,82,-0.0480605007671894,0.45121951219512196,1.2037768546205772,57,0.05328851997550227,0.49122807017543857,0.6273504255069627
2020,401237127,10,South Carolina,Texas A&M,1,35,-0.3579255059964337,0.22857142857142856,1.381137626716997,49,0.4440206688433208,0.5102040816326531,1.3595379661213574
2020,401237127,10,Texas A&M,South Carolina,1,49,0.4440206688433208,0.5102040816326531,1.3595379661213574,35,-0.3579255059964337,0.22857142857142856,1.381137626716997
2020,401237129,11,Arkansas,Florida,1,40,0.6766678686850521,0.525,1.819251335717059,68,0.5076877692933177,0.6176470588235294,1.2327614096738326
2020,401237129,11,Florida,Arkansas,1,68,0.5076877692933177,0.6176470588235294,1.2327614096738326,40,0.6766678686850521,0.525,1.819251335717059
2020,401237132,11,Kentucky,Vanderbilt,1,54,0.5553268322241838,0.6111111111111112,1.2097414084905285,80,0.2992595076456802,0.4625,1.1693095866145995
2020,401237132,11,Vanderbilt,Kentucky,1,80,0.2992595076456802,0.4625,1.1693095866145995,54,0.5553268322241838,0.6111111111111112,1.2097414084905285
2020,401237133,11,Ole Miss,South Carolina,1,80,0.5938444022179926,0.5375,1.551350523845732,68,0.3937838008584657,0.4852941176470588,1.6313820627685431
2020,401237133,11,South Carolina,Ole Miss,1,68,0.3937838008584657,0.4852941176470588,1.6313820627685431,80,0.5938444022179926,0.5375,1.551350523845732
2020,401237135,12,Alabama,Kentucky,1,32,0.4644546854759592,0.46875,1.8799754486178497,42,-0.24291309093545124,0.3333333333333333,1.1293334269000046
2020,401237135,12,Kentucky,Alabama,1,42,-0.24291309093545124,0.3333333333333333,1.1293334269000046,32,0.4644546854759592,0.46875,1.8799754486178497
2020,401237136,12,Arkansas,LSU,1,51,0.2747317077306539,0.43137254901960786,1.5173440645834047,91,0.16828700925521242,0.43956043956043955,1.1481047938703135
2020,401237136,12,LSU,Arkansas,1,91,0.16828700925521242,0.43956043956043955,1.1481047938703135,51,0.2747317077306539,0.43137254901960786,1.5173440645834047
2020,401237137,12,Auburn,Tennessee,1,64,0.19188680009556744,0.46875,1.1418520192663673,74,0.194338973372523,0.5540540540540541,1.1485559630402047
2020,401237137,12,Tennessee,Auburn,1,74,0.194338973372523,0.5540540540540541,1.1485559630402047,64,0.19188680009556744,0.46875,1.1418520192663673
2020,401237138,12,Florida,Vanderbilt,1,76,0.4107080205820382,0.5789473684210527,1.0970473560869771,68,0.14176960350843246,0.38235294117647056,1.353524796306837
2020,401237138,12,Vanderbilt,Florida,1,68,0.14176960350843246,0.38235294117647056,1.353524796306837,76,0.4107080205820382,0.5789473684210527,1.0970473560869771
2020,401237139,12,Georgia,Mississippi State,1,61,0.35796858186202163,0.3770491803278688,1.973714492240253,66,0.2174923711030345,0.5757575757575758,0.8506438655088328
2020,401237139,12,Mississippi State,Georgia,1,66,0.2174923711030345,0.5757575757575758,0.8506438655088328,61,0.35796858186202163,0.3770491803278688,1.973714492240253
2020,401237141,12,Missouri,South Carolina,1,67,-0.018545725330704987,0.34328358208955223,1.1753953781253856,69,-0.028003919132855496,0.36231884057971014,1.0338371317899935
2020,401237141,12,South Carolina,Missouri,1,69,-0.028003919132855496,0.36231884057971014,1.0338371317899935,67,-0.018545725330704987,0.34328358208955223,1.1753953781253856
2020,401237142,13,Alabama,Auburn,1,37,0.6078768818547448,0.5675675675675675,1.604913471710065,54,0.020987711164002415,0.35185185185185186,1.3051414689184087
2020,401237142,13,Auburn,Alabama,1,54,0.020987711164002415,0.35185185185185186,1.3051414689184087,37,0.6078768818547448,0.5675675675675675,1.604913471710065
2020,401237143,13,Missouri,Vanderbilt,1,65,0.2976859737251445,0.5538461538461539,1.0780216336780981,42,-0.29143802266567026,0.35714285714285715,0.6587271865026658
2020,401237143,13,Vanderbilt,Missouri,1,42,-0.29143802266567026,0.35714285714285715,0.6587271865026658,65,0.2976859737251445,0.5538461538461539,1.0780216336780981
2020,401237144,13,Florida,Kentucky,1,47,0.18005665005617183,0.44680851063829785,1.178042138740697,57,-0.20387970194638877,0.38596491228070173,0.8364890694061229
2020,401237144,13,Kentucky,Florida,1,57,-0.20387970194638877,0.38596491228070173,0.8364890694061229,47,0.18005665005617183,0.44680851063829785,1.178042138740697
2020,401237145,13,Georgia,South Carolina,1,48,0.4725623702284503,0.625,1.1451801227958152,54,0.02387467671237865,0.4074074074074074,1.113745577325584
2020,401237145,13,South Carolina,Georgia,1,54,0.02387467671237865,0.4074074074074074,1.113745577325584,48,0.4725623702284503,0.625,1.1451801227958152
2020,401237146,13,LSU,Texas A&M,1,72,-0.19152289799931446,0.2361111111111111,1.3014492000184945,70,-0.2090532130858993,0.2714285714285714,1.0347769695554963
2020,401237146,13,Texas A&M,LSU,1,70,-0.2090532130858993,0.2714285714285714,1.0347769695554963,72,-0.19152289799931446,0.2361111111111111,1.3014492000184945
2020,401237147,13,Mississippi State,Ole Miss,1,78,0.14882401283035396,0.4230769230769231,1.1106754282569393,82,0.21521607121326006,0.35365853658536583,1.8351536912238222
2020,401237147,13,Ole Miss,Mississippi State,1,82,0.21521607121326006,0.35365853658536583,1.8351536912238222,78,0.14882401283035396,0.4230769230769231,1.1106754282569393
2020,401237150,14,Auburn,Texas A&M,1,54,0.21157107719622417,0.4444444444444444,1.2089914839279448,69,0.4648219633042409,0.6086956521739131,1.1069761275912862
2020,401237150,14,Texas A&M,Auburn,1,69,0.4648219633042409,0.6086956521739131,1.1069761275912862,54,0.21157107719622417,0.4444444444444444,1.2089914839279448
2020,401237151,14,Florida,Tennessee,1,66,0.2822854709436219,0.48484848484848486,1.2846178735642486,66,0.0489194912780367,0.3484848484848485,1.3602235278899668
2020,401237151,14,Tennessee,Florida,1,66,0.0489194912780367,0.3484848484848485,1.3602235278899668,66,0.2822854709436219,0.48484848484848486,1.2846178735642486
2020,401237153,14,Kentucky,South Carolina,1,60,0.3971604322635134,0.5833333333333334,0.9740774020549445,39,-0.12159736748761157,0.4358974358974359,0.9037948362089048
2020,401237153,14,South Carolina,Kentucky,1,39,-0.12159736748761157,0.4358974358974359,0.9037948362089048,60,0.3971604322635134,0.5833333333333334,0.9740774020549445
2020,401237353,1,Eastern Kentucky,Marshall,1,26,-0.45126868010345306,0.19230769230769232,1.1282527550545756,45,0.551158003757652,0.5777777777777777,1.454340435652377
2020,401237353,1,Marshall,Eastern Kentucky,1,45,0.551158003757652,0.5777777777777777,1.454340435652377,26,-0.45126868010345306,0.19230769230769232,1.1282527550545756
2020,401237492,3,Clemson,The Citadel,1,22,0.9609667648861485,0.6363636363636364,1.7865936087757883,15,-0.12802310802760994,0.13333333333333333,0.6000494930573388
2020,401237492,3,The Citadel,Clemson,1,15,-0.12802310802760994,0.13333333333333333,0.6000494930573388,22,0.9609667648861485,0.6363636363636364,1.7865936087757883
2020,401237513,5,Liberty,North Alabama,1,64,0.24792751098628985,0.5625,0.9585718700819652,44,-0.25169962953112446,0.3181818181818182,1.0142645039458904
2020,401237513,5,North Alabama,Liberty,1,44,-0.25169962953112446,0.3181818181818182,1.0142645039458904,64,0.24792751098628985,0.5625,0.9585718700819652
2020,401237514,14,BYU,Coastal Carolina,1,58,0.042956148932337256,0.4482758620689655,1.4635948433944022,69,0.1853482285540967,0.5072463768115942,0.8379520223641381
2020,401237514,14,Coastal Carolina,BYU,1,69,0.1853482285540967,0.5072463768115942,0.8379520223641381,58,0.042956148932337256,0.4482758620689655,1.4635948433944022
2020,401238034,5,Florida State,Jacksonville State,1,80,0.29353300632505336,0.5625,1.0364319062327714,52,0.06424581056677882,0.4423076923076923,1.1679159255374871
2020,401238034,5,Jacksonville State,Florida State,1,52,0.06424581056677882,0.4423076923076923,1.1679159255374871,80,0.29353300632505336,0.5625,1.0364319062327714
2020,401238035,1,Central Arkansas,UAB,1,60,0.03419609189599177,0.36666666666666664,1.4419355506348774,83,0.2090258746274737,0.5180722891566265,0.993135378466188
2020,401238035,1,UAB,Central Arkansas,1,83,0.2090258746274737,0.5180722891566265,0.993135378466188,60,0.03419609189599177,0.36666666666666664,1.4419355506348774
2020,401238036,8,Louisiana,UAB,1,62,0.04894944446710135,0.3709677419354839,1.171895089269573,63,0.0913907978318119,0.49206349206349204,0.8775680638454106
2020,401238036,8,UAB,Louisiana,1,63,0.0913907978318119,0.49206349206349204,0.8775680638454106,62,0.04894944446710135,0.3709677419354839,1.171895089269573
2020,401239872,7,Eastern Kentucky,Troy,1,78,0.11214942878028852,0.3974358974358974,1.4073526345595067,72,0.1486693667059007,0.4722222222222222,1.45463551944828
2020,401239872,7,Troy,Eastern Kentucky,1,72,0.1486693667059007,0.4722222222222222,1.45463551944828,78,0.11214942878028852,0.3974358974358974,1.4073526345595067
2020,401239884,1,Stephen F. Austin,UTEP,1,44,0.0583313206039912,0.4318181818181818,0.9962071664675798,65,0.17319414841068267,0.38461538461538464,1.5105306987057567
2020,401239884,1,UTEP,Stephen F. Austin,1,65,0.17319414841068267,0.38461538461538464,1.5105306987057567,44,0.0583313206039912,0.4318181818181818,0.9962071664675798
2020,401239885,3,Abilene Christian,UTEP,1,58,-0.1344649745789405,0.39655172413793105,0.552530871922019,59,0.09830697398759186,0.3559322033898305,1.2936324238201018
2020,401239885,3,UTEP,Abilene Christian,1,59,0.09830697398759186,0.3559322033898305,1.2936324238201018,58,-0.1344649745789405,0.39655172413793105,0.552530871922019
2020,401239887,9,BYU,Western Kentucky,1,51,0.3949425331444043,0.49019607843137253,1.498543270480207,27,-0.07987136495436904,0.37037037037037035,0.6648196993230382
2020,401239887,9,Western Kentucky,BYU,1,27,-0.07987136495436904,0.37037037037037035,0.6648196993230382,51,0.3949425331444043,0.49019607843137253,1.498543270480207
2020,401239973,2,South Alabama,Tulane,1,72,0.09978482950248976,0.375,1.537543653047474,69,0.01118025127556144,0.391304347826087,1.3726739908028616
2020,401239973,2,Tulane,South Alabama,1,69,0.01118025127556144,0.391304347826087,1.3726739908028616,72,0.09978482950248976,0.375,1.537543653047474
2020,401240035,10,North Alabama,Southern Miss,1,51,-0.12292756302943436,0.27450980392156865,1.0876962451588206,62,0.10499320168731612,0.43548387096774194,1.2450301669387231
2020,401240035,10,Southern Miss,North Alabama,1,62,0.10499320168731612,0.43548387096774194,1.2450301669387231,51,-0.12292756302943436,0.27450980392156865,1.0876962451588206
2020,401240039,2,South Florida,The Citadel,1,64,0.12176183734171503,0.421875,1.3834515576521675,72,-0.06173140514141655,0.3333333333333333,1.2639183098599835
2020,401240039,2,The Citadel,South Florida,1,72,-0.06173140514141655,0.3333333333333333,1.2639183098599835,64,0.12176183734171503,0.421875,1.3834515576521675
2020,401240040,5,Abilene Christian,Army,1,54,0.05880587232830705,0.42592592592592593,1.3752941011703084,46,0.3672238514498572,0.5217391304347826,1.1841640570419758
2020,401240040,5,Army,Abilene Christian,1,46,0.3672238514498572,0.5217391304347826,1.1841640570419758,54,0.05880587232830705,0.42592592592592593,1.3752941011703084
2020,401240041,3,Stephen F. Austin,UTSA,1,61,0.05871827749046409,0.39344262295081966,1.0652226862556347,84,0.16869349628731636,0.39285714285714285,1.4790536459602184
2020,401240041,3,UTSA,Stephen F. Austin,1,84,0.16869349628731636,0.39285714285714285,1.4790536459602184,61,0.05871827749046409,0.39344262295081966,1.0652226862556347
2020,401240101,16,Marshall,UAB,1,51,-0.04364614686480354,0.27450980392156865,1.294729635907584,74,0.1478323836233971,0.3918918918918919,1.3536491650952036
2020,401240101,16,UAB,Marshall,1,74,0.1478323836233971,0.3918918918918919,1.3536491650952036,51,-0.04364614686480354,0.27450980392156865,1.294729635907584
2020,401240113,2,Army,UL Monroe,1,53,0.28375296741258216,0.5094339622641509,1.3250699002807997,35,-0.025770104010645896,0.3142857142857143,1.233632652079038
2020,401240113,2,UL Monroe,Army,1,35,-0.025770104010645896,0.3142857142857143,1.233632652079038,53,0.28375296741258216,0.5094339622641509,1.3250699002807997
2020,401240114,6,Army,The Citadel,1,60,-0.06960339103103334,0.3,1.5031947551264542,55,-0.30027760138876697,0.21818181818181817,1.7141782120907756
2020,401240114,6,The Citadel,Army,1,55,-0.30027760138876697,0.21818181818181817,1.7141782120907756,60,-0.06960339103103334,0.3,1.5031947551264542
2020,401240115,7,Army,UTSA,1,63,0.2339238739085038,0.5238095238095238,1.0855118674271829,71,0.07425655950229636,0.4084507042253521,1.2806639054765139
2020,401240115,7,UTSA,Army,1,71,0.07425655950229636,0.4084507042253521,1.2806639054765139,63,0.2339238739085038,0.5238095238095238,1.0855118674271829
2020,401240116,8,Army,Mercer,1,46,0.3961562677833185,0.4782608695652174,1.269028671881154,39,-0.2651969339243663,0.4358974358974359,0.9122839127107214
2020,401240116,8,Mercer,Army,1,39,-0.2651969339243663,0.4358974358974359,0.9122839127107214,46,0.3961562677833185,0.4782608695652174,1.269028671881154
2020,401240126,3,Campbell,Coastal Carolina,1,59,0.11693484648998759,0.4406779661016949,1.3128559464017988,50,0.6742346991339517,0.62,1.404363828213568
2020,401240126,3,Coastal Carolina,Campbell,1,50,0.6742346991339517,0.62,1.404363828213568,59,0.11693484648998759,0.4406779661016949,1.3128559464017988
2020,401240152,1,Alabama,Notre Dame,1,50,0.4952716570438458,0.6,1.3108647173369705,57,0.0816823907842538,0.3333333333333333,1.3629182801451196
2020,401240152,1,Notre Dame,Alabama,1,57,0.0816823907842538,0.3333333333333333,1.3629182801451196,50,0.4952716570438458,0.6,1.3108647173369705
2020,401240173,1,Clemson,Ohio State,1,61,0.12680459530549545,0.5409836065573771,1.1123559608770024,71,0.468091611368901,0.5211267605633803,1.549692525080631
2020,401240173,1,Ohio State,Clemson,1,71,0.468091611368901,0.5211267605633803,1.549692525080631,61,0.12680459530549545,0.5409836065573771,1.1123559608770024
2020,401240174,1,Alabama,Ohio State,1,72,0.5802408722920527,0.625,1.2078395897160137,42,0.17849777945561038,0.35714285714285715,1.5457915477487736
2020,401240174,1,Ohio State,Alabama,1,42,0.17849777945561038,0.35714285714285715,1.5457915477487736,72,0.5802408722920527,0.625,1.2078395897160137
2020,401240194,4,UL Monroe,UTEP,1,36,-0.25777480875082576,0.2222222222222222,1.1360907703752343,72,0.2514867877358328,0.4722222222222222,1.1845849736000262
2020,401240194,4,UTEP,UL Monroe,1,72,0.2514867877358328,0.4722222222222222,1.1845849736000262,36,-0.25777480875082576,0.2222222222222222,1.1360907703752343
2020,401240233,2,Austin Peay,Pittsburgh,1,24,-0.20848887859763932,0.2916666666666667,0.9951546922103591,41,0.8231641895908272,0.7317073170731707,1.3187037816730869
2020,401240233,2,Pittsburgh,Austin Peay,1,41,0.8231641895908272,0.7317073170731707,1.3187037816730869,24,-0.20848887859763932,0.2916666666666667,0.9951546922103591
2020,401240282,5,Campbell,Wake Forest,1,43,-0.2042374669773002,0.3953488372093023,1.1123573204827242,39,0.5605631429541107,0.717948717948718,0.9623306421999018
2020,401240282,5,Wake Forest,Campbell,1,39,0.5605631429541107,0.717948717948718,0.9623306421999018,43,-0.2042374669773002,0.3953488372093023,1.1123573204827242
2020,401240640,3,Middle Tennessee,Troy,1,42,-0.3741574234934935,0.3333333333333333,0.973505863834036,77,0.22319095160208136,0.4805194805194805,1.255320111136193
2020,401240640,3,Troy,Middle Tennessee,1,77,0.22319095160208136,0.4805194805194805,1.255320111136193,42,-0.3741574234934935,0.3333333333333333,0.973505863834036
2020,401240641,12,Middle Tennessee,Troy,1,74,0.19215658527224877,0.47297297297297297,0.9453194503665977,62,0.2117271606867076,0.43548387096774194,1.3859362475220258
2020,401240641,12,Troy,Middle Tennessee,1,62,0.2117271606867076,0.43548387096774194,1.3859362475220258,74,0.19215658527224877,0.47297297297297297,0.9453194503665977
2020,401240642,8,App State,Arkansas State,1,62,0.45251001632313526,0.41935483870967744,1.9947578159977695,64,-0.08659117251174646,0.3125,1.7709320565135729
2020,401240642,8,Arkansas State,App State,1,64,-0.08659117251174646,0.3125,1.7709320565135729,62,0.45251001632313526,0.41935483870967744,1.9947578159977695
2020,401240996,4,Army,Cincinnati,1,63,-0.20718478229689946,0.2698412698412698,1.2894904769108837,69,-0.01179192718024269,0.3333333333333333,1.320497149012563
2020,401240996,4,Cincinnati,Army,1,69,-0.01179192718024269,0.3333333333333333,1.320497149012563,63,-0.20718478229689946,0.2698412698412698,1.2894904769108837
2020,401240997,6,BYU,UTSA,1,67,0.3469750453257871,0.4626865671641791,1.362264167840064,61,0.1654109749161769,0.32786885245901637,1.7443343005241956
2020,401240997,6,UTSA,BYU,1,61,0.1654109749161769,0.32786885245901637,1.7443343005241956,67,0.3469750453257871,0.4626865671641791,1.362264167840064
2020,401240998,8,BYU,Texas State,1,54,0.526408855673407,0.6111111111111112,1.2992583099828308,30,-0.1274773708583496,0.23333333333333334,1.3494141256850551
2020,401240998,8,Texas State,BYU,1,30,-0.1274773708583496,0.23333333333333334,1.3494141256850551,54,0.526408855673407,0.6111111111111112,1.2992583099828308
2020,401241282,3,Notre Dame,South Florida,1,41,0.4935098352314777,0.6829268292682927,0.9449602398869382,21,-0.3974156155925118,0.09523809523809523,1.691193574962806
2020,401241282,3,South Florida,Notre Dame,1,21,-0.3974156155925118,0.09523809523809523,1.691193574962806,41,0.4935098352314777,0.6829268292682927,0.9449602398869382
2020,401241303,4,Boston College,Texas State,1,65,0.16580898040698466,0.47692307692307695,1.059157286241179,69,0.10225325073905064,0.4057971014492754,1.4780993148149797
2020,401241303,4,Texas State,Boston College,1,69,0.10225325073905064,0.4057971014492754,1.4780993148149797,65,0.16580898040698466,0.47692307692307695,1.059157286241179
2020,401246275,5,BYU,Louisiana Tech,1,48,0.46139740723520856,0.5833333333333334,1.2920877629419836,36,0.038143780444604675,0.3611111111111111,1.3698941094729566
2020,401246275,5,Louisiana Tech,BYU,1,36,0.038143780444604675,0.3611111111111111,1.3698941094729566,48,0.46139740723520856,0.5833333333333334,1.2920877629419836
2020,401246425,6,Arkansas State,Central Arkansas,1,73,0.34227477773889065,0.4246575342465753,1.7366970556751766,72,-0.2795210480189916,0.3055555555555556,1.4597090889227218
2020,401246425,6,Central Arkansas,Arkansas State,1,72,-0.2795210480189916,0.3055555555555556,1.4597090889227218,73,0.34227477773889065,0.4246575342465753,1.7366970556751766
2020,401247293,8,Nebraska,Ohio State,1,45,0.32449396974640143,0.6,0.74230896781839,58,0.5516526111081959,0.603448275862069,1.2720748290016592
2020,401247293,8,Ohio State,Nebraska,1,58,0.5516526111081959,0.603448275862069,1.2720748290016592,45,0.32449396974640143,0.6,0.74230896781839
2020,401247294,8,Michigan,Minnesota,1,45,0.6727263729781069,0.6222222222222222,1.4505336065739978,53,0.037150175690421,0.4528301886792453,1.2397946730609861
2020,401247294,8,Minnesota,Michigan,1,53,0.037150175690421,0.4528301886792453,1.2397946730609861,45,0.6727263729781069,0.6222222222222222,1.4505336065739978
2020,401247295,8,Indiana,Penn State,1,61,-0.19604805524546273,0.3442622950819672,0.9424352116580935,87,0.09913095262765906,0.47126436781609193,1.2678564756544777
2020,401247295,8,Penn State,Indiana,1,87,0.09913095262765906,0.47126436781609193,1.2678564756544777,61,-0.19604805524546273,0.3442622950819672,0.9424352116580935
2020,401247296,8,Iowa,Purdue,1,75,0.03140936812515566,0.4533333333333333,0.7164147475989893,77,0.0939787408087346,0.4025974025974026,1.165980631426483
2020,401247296,8,Purdue,Iowa,1,77,0.0939787408087346,0.4025974025974026,1.165980631426483,75,0.03140936812515566,0.4533333333333333,0.7164147475989893
2020,401247297,8,Illinois,Wisconsin,1,40,-0.19707235040467933,0.25,1.6303809025981457,58,0.25601948756532716,0.5172413793103449,1.1714444309309415
2020,401247297,8,Wisconsin,Illinois,1,58,0.25601948756532716,0.5172413793103449,1.1714444309309415,40,-0.19707235040467933,0.25,1.6303809025981457
2020,401247298,8,Maryland,Northwestern,1,26,-0.28109869506871116,0.2692307692307692,1.0371447339165356,67,0.4163154672801072,0.5373134328358209,1.1509378624352127
2020,401247298,8,Northwestern,Maryland,1,67,0.4163154672801072,0.5373134328358209,1.1509378624352127,26,-0.28109869506871116,0.2692307692307692,1.0371447339165356
2020,401247299,8,Michigan State,Rutgers,1,82,-0.2303428368699086,0.3902439024390244,1.1073044375726873,71,-0.0705591979343287,0.352112676056338,1.3549689402993395
2020,401247299,8,Rutgers,Michigan State,1,71,-0.0705591979343287,0.352112676056338,1.3549689402993395,82,-0.2303428368699086,0.3902439024390244,1.1073044375726873
2020,401247300,9,Indiana,Rutgers,1,62,0.17502254500859163,0.3870967741935484,1.2306887912035598,67,-0.20918870730336347,0.31343283582089554,1.1334363900992908
2020,401247300,9,Rutgers,Indiana,1,67,-0.20918870730336347,0.31343283582089554,1.1334363900992908,62,0.17502254500859163,0.3870967741935484,1.2306887912035598
2020,401247301,9,Illinois,Purdue,1,76,0.0019803172259168444,0.3684210526315789,1.4161859043649663,66,0.25437369528980863,0.5303030303030303,1.0321176559071883
2020,401247301,9,Purdue,Illinois,1,66,0.25437369528980863,0.5303030303030303,1.0321176559071883,76,0.0019803172259168444,0.3684210526315789,1.4161859043649663
2020,401247302,9,Maryland,Minnesota,1,66,0.5568798693008885,0.6060606060606061,1.4770255217559927,65,0.38971468163122375,0.5076923076923077,1.2261689981551187
2020,401247302,9,Minnesota,Maryland,1,65,0.38971468163122375,0.5076923076923077,1.2261689981551187,66,0.5568798693008885,0.6060606060606061,1.4770255217559927
2020,401247303,9,Iowa,Northwestern,1,74,-0.23165101754715312,0.3918918918918919,1.121694861809552,76,0.013602303556978631,0.34210526315789475,1.30765773327023
2020,401247303,9,Northwestern,Iowa,1,76,0.013602303556978631,0.34210526315789475,1.30765773327023,74,-0.23165101754715312,0.3918918918918919,1.121694861809552
2020,401247305,9,Michigan,Michigan State,1,86,0.16479053785209177,0.4186046511627907,1.2475709495705993,70,0.1764498503375384,0.34285714285714286,1.4691885504654252
2020,401247305,9,Michigan State,Michigan,1,70,0.1764498503375384,0.34285714285714286,1.4691885504654252,86,0.16479053785209177,0.4186046511627907,1.2475709495705993
2020,401247306,9,Ohio State,Penn State,1,78,0.3280965898399747,0.5,1.2822281639629811,56,0.1387610468125616,0.375,1.7684763888346373
2020,401247306,9,Penn State,Ohio State,1,56,0.1387610468125616,0.375,1.7684763888346373,78,0.3280965898399747,0.5,1.2822281639629811
2020,401247307,10,Nebraska,Northwestern,1,88,0.02165271376413997,0.4431818181818182,0.9323046168344328,64,-0.0016966504274293524,0.34375,1.4507788802432233
2020,401247307,10,Northwestern,Nebraska,1,64,-0.0016966504274293524,0.34375,1.4507788802432233,88,0.02165271376413997,0.4431818181818182,0.9323046168344328
2020,401247308,10,Illinois,Minnesota,1,42,0.17546757148866293,0.35714285714285715,1.3105911094313847,63,0.4008673906861907,0.5396825396825397,1.3789512481003738
2020,401247308,10,Minnesota,Illinois,1,63,0.4008673906861907,0.5396825396825397,1.3789512481003738,42,0.17546757148866293,0.35714285714285715,1.3105911094313847
2020,401247309,10,Indiana,Michigan,1,88,0.2295041236372925,0.4090909090909091,1.3432720237730966,52,0.15255419120411634,0.34615384615384615,1.9192522483896244
2020,401247309,10,Michigan,Indiana,1,52,0.15255419120411634,0.34615384615384615,1.9192522483896244,88,0.2295041236372925,0.4090909090909091,1.3432720237730966
2020,401247310,10,Ohio State,Rutgers,1,54,0.6281540120883042,0.7037037037037037,1.269746731779708,53,-0.08734962495266288,0.37735849056603776,1.1083956491404896
2020,401247310,10,Rutgers,Ohio State,1,53,-0.08734962495266288,0.37735849056603776,1.1083956491404896,54,0.6281540120883042,0.7037037037037037,1.269746731779708
2020,401247312,10,Maryland,Penn State,1,61,0.23951742375970272,0.32786885245901637,2.126191205474846,80,0.042711533438814286,0.425,1.2894129755442292
2020,401247312,10,Penn State,Maryland,1,80,0.042711533438814286,0.425,1.2894129755442292,61,0.23951742375970272,0.32786885245901637,2.126191205474846
2020,401247313,10,Iowa,Michigan State,1,43,0.3428783295028593,0.37209302325581395,1.6540608177251395,35,-0.5778067928050951,0.2857142857142857,1.3349163859569824
2020,401247313,10,Michigan State,Iowa,1,35,-0.5778067928050951,0.2857142857142857,1.3349163859569824,43,0.3428783295028593,0.37209302325581395,1.6540608177251395
2020,401247314,11,Illinois,Rutgers,1,75,0.16570225064575853,0.41333333333333333,1.198703544255915,67,0.0862954502510682,0.43283582089552236,1.250009871708242
2020,401247314,11,Rutgers,Illinois,1,67,0.0862954502510682,0.43283582089552236,1.250009871708242,75,0.16570225064575853,0.41333333333333333,1.198703544255915
2020,401247315,11,Northwestern,Purdue,1,76,0.03485115090729112,0.39473684210526316,1.0314478349214435,68,-0.13869821422347375,0.2647058823529412,1.5438849007838498
2020,401247315,11,Purdue,Northwestern,1,68,-0.13869821422347375,0.2647058823529412,1.5438849007838498,76,0.03485115090729112,0.39473684210526316,1.0314478349214435
2020,401247316,11,Indiana,Michigan State,1,58,0.09352754127858344,0.3793103448275862,1.477787338680124,44,-0.47201595230940857,0.2727272727272727,1.4763571760753462
2020,401247316,11,Michigan State,Indiana,1,44,-0.47201595230940857,0.2727272727272727,1.4763571760753462,58,0.09352754127858344,0.3793103448275862,1.477787338680124
2020,401247317,11,Iowa,Minnesota,1,48,0.25702481696239443,0.6041666666666666,0.8828912939856268,55,-0.13005124212938288,0.4,0.9666645034864778
2020,401247317,11,Minnesota,Iowa,1,55,-0.13005124212938288,0.4,0.9666645034864778,48,0.25702481696239443,0.6041666666666666,0.8828912939856268
2020,401247319,11,Michigan,Wisconsin,1,35,-0.31578743458151715,0.2571428571428571,1.434354715352237,53,0.3584210767068974,0.5471698113207547,1.1628025975359124
2020,401247319,11,Wisconsin,Michigan,1,53,0.3584210767068974,0.5471698113207547,1.1628025975359124,35,-0.31578743458151715,0.2571428571428571,1.434354715352237
2020,401247320,11,Nebraska,Penn State,1,60,0.11131130062410402,0.4,1.2423067828197896,91,0.07255920760339422,0.4725274725274725,1.0402658315436744
2020,401247320,11,Penn State,Nebraska,1,91,0.07255920760339422,0.4725274725274725,1.0402658315436744,60,0.11131130062410402,0.4,1.2423067828197896
2020,401247321,12,Illinois,Nebraska,1,73,0.38627248373286693,0.5342465753424658,1.2501846934917238,57,-0.03128170611116246,0.45614035087719296,1.062540021230034
2020,401247321,12,Nebraska,Illinois,1,57,-0.03128170611116246,0.45614035087719296,1.062540021230034,73,0.38627248373286693,0.5342465753424658,1.2501846934917238
2020,401247323,12,Northwestern,Wisconsin,1,68,-0.225485638208205,0.27941176470588236,1.0277583090621267,82,-0.22325466885721773,0.36585365853658536,1.2865804598072021
2020,401247323,12,Wisconsin,Northwestern,1,82,-0.22325466885721773,0.36585365853658536,1.2865804598072021,68,-0.225485638208205,0.27941176470588236,1.0277583090621267
2020,401247324,12,Michigan,Rutgers,1,91,0.2147708592818044,0.4725274725274725,1.1101517178409568,82,0.24887158876179877,0.3902439024390244,1.4325435372434585
2020,401247324,12,Rutgers,Michigan,1,82,0.24887158876179877,0.3902439024390244,1.4325435372434585,91,0.2147708592818044,0.4725274725274725,1.1101517178409568
2020,401247325,12,Minnesota,Purdue,1,63,0.37230937324585817,0.5079365079365079,1.3395992855789969,67,0.3807513444078364,0.5223880597014925,1.2084528172245368
2020,401247325,12,Purdue,Minnesota,1,67,0.3807513444078364,0.5223880597014925,1.2084528172245368,63,0.37230937324585817,0.5079365079365079,1.3395992855789969
2020,401247326,12,Indiana,Ohio State,1,66,0.1088967049333465,0.36363636363636365,1.7532425758829593,80,0.2148753877145853,0.4875,1.3849135787899651
2020,401247326,12,Ohio State,Indiana,1,80,0.2148753877145853,0.4875,1.3849135787899651,66,0.1088967049333465,0.36363636363636365,1.7532425758829593
2020,401247327,12,Iowa,Penn State,1,74,0.13561055237157674,0.527027027027027,0.8950401106019308,73,-0.24638651751573265,0.410958904109589,1.2268706713461865
2020,401247327,12,Penn State,Iowa,1,73,-0.24638651751573265,0.410958904109589,1.2268706713461865,74,0.13561055237157674,0.527027027027027,0.8950401106019308
2020,401247328,13,Purdue,Rutgers,1,68,0.18635905325323834,0.5882352941176471,0.9047217640028841,83,0.1227933143121449,0.43373493975903615,1.1328222085941366
2020,401247328,13,Rutgers,Purdue,1,83,0.1227933143121449,0.43373493975903615,1.1328222085941366,68,0.18635905325323834,0.5882352941176471,0.9047217640028841
2020,401247329,13,Indiana,Maryland,1,68,0.10077959308519634,0.35294117647058826,1.2210335025986676,52,-0.1834212025143203,0.36538461538461536,1.0315925650322644
2020,401247329,13,Maryland,Indiana,1,52,-0.1834212025143203,0.36538461538461536,1.0315925650322644,68,0.10077959308519634,0.35294117647058826,1.2210335025986676
2020,401247330,13,Michigan State,Northwestern,1,74,0.04245086674841085,0.3108108108108108,1.5538399379731107,79,-0.19509944581064048,0.3670886075949367,1.0923699112434866
2020,401247330,13,Northwestern,Michigan State,1,79,-0.19509944581064048,0.3670886075949367,1.0923699112434866,74,0.04245086674841085,0.3108108108108108,1.5538399379731107
2020,401247332,13,Iowa,Nebraska,1,75,0.0486400905187565,0.41333333333333333,1.057643537310815,63,0.1981952741529427,0.49206349206349204,1.0330798654418774
2020,401247332,13,Nebraska,Iowa,1,63,0.1981952741529427,0.49206349206349204,1.0330798654418774,75,0.0486400905187565,0.41333333333333333,1.057643537310815
2020,401247333,13,Michigan,Penn State,1,55,-0.002998462493081069,0.41818181818181815,1.2054272134479622,79,0.20659635129951914,0.4430379746835443,1.0751005763731112
2020,401247333,13,Penn State,Michigan,1,79,0.20659635129951914,0.4430379746835443,1.0751005763731112,55,-0.002998462493081069,0.41818181818181815,1.2054272134479622
2020,401247335,14,Nebraska,Purdue,1,71,0.14382331551156968,0.4788732394366197,0.942279642321227,66,0.08637504146960626,0.3333333333333333,1.6439085730122385
2020,401247335,14,Purdue,Nebraska,1,66,0.08637504146960626,0.3333333333333333,1.6439085730122385,71,0.14382331551156968,0.4788732394366197,0.942279642321227
2020,401247336,14,Penn State,Rutgers,1,79,-0.08825460490662151,0.3670886075949367,1.0296493130286706,64,-0.3783798910396334,0.25,1.186158242889948
2020,401247336,14,Rutgers,Penn State,1,64,-0.3783798910396334,0.25,1.186158242889948,79,-0.08825460490662151,0.3670886075949367,1.0296493130286706
2020,401247337,14,Illinois,Iowa,1,72,0.15050010876416914,0.4027777777777778,1.3054134691830623,66,0.29215882008744265,0.5151515151515151,1.0358745595517074
2020,401247337,14,Iowa,Illinois,1,66,0.29215882008744265,0.5151515151515151,1.0358745595517074,72,0.15050010876416914,0.4027777777777778,1.3054134691830623
2020,401247338,14,Indiana,Wisconsin,1,53,-0.05722584490686689,0.4339622641509434,0.5533622895473294,69,-0.002861423827108958,0.391304347826087,1.1763925534954565
2020,401247338,14,Wisconsin,Indiana,1,69,-0.002861423827108958,0.391304347826087,1.1763925534954565,53,-0.05722584490686689,0.4339622641509434,0.5533622895473294
2020,401247340,14,Michigan State,Ohio State,1,41,-0.4321242205507409,0.21951219512195122,1.199446065471203,58,0.3190667270353746,0.46551724137931033,1.2752290013109633
2020,401247340,14,Ohio State,Michigan State,1,58,0.3190667270353746,0.46551724137931033,1.2752290013109633,41,-0.4321242205507409,0.21951219512195122,1.199446065471203
2020,401247342,15,Maryland,Rutgers,1,73,-0.02718881942697313,0.2876712328767123,1.7723356942760753,86,0.02135259068749189,0.313953488372093,1.334611722032402
2020,401247342,15,Rutgers,Maryland,1,86,0.02135259068749189,0.313953488372093,1.334611722032402,73,-0.02718881942697313,0.2876712328767123,1.7723356942760753
2020,401247344,15,Illinois,Northwestern,1,51,-0.02988848827407377,0.3137254901960784,1.3968487738197222,65,0.2823996209267462,0.49230769230769234,1.1785237470624588
2020,401247344,15,Northwestern,Illinois,1,65,0.2823996209267462,0.49230769230769234,1.1785237470624588,51,-0.02988848827407377,0.3137254901960784,1.3968487738197222
2020,401247345,15,Minnesota,Nebraska,1,73,0.10246379733628681,0.3698630136986301,1.4050901446135184,65,0.018080682994018896,0.4461538461538462,0.8622715872120362
2020,401247345,15,Nebraska,Minnesota,1,65,0.018080682994018896,0.4461538461538462,0.8622715872120362,73,0.10246379733628681,0.3698630136986301,1.4050901446135184
2020,401247346,15,Michigan State,Penn State,1,70,0.0970988029738802,0.4,1.1943011027167074,70,0.15894682775131047,0.4142857142857143,1.2022536918592375
2020,401247346,15,Penn State,Michigan State,1,70,0.15894682775131047,0.4142857142857143,1.2022536918592375,70,0.0970988029738802,0.4,1.1943011027167074
2020,401247347,15,Iowa,Wisconsin,1,58,0.16260513007252242,0.3620689655172414,1.5321802937249271,71,-0.287185335180458,0.29577464788732394,1.0583598552856115
2020,401247347,15,Wisconsin,Iowa,1,71,-0.287185335180458,0.29577464788732394,1.0583598552856115,58,0.16260513007252242,0.3620689655172414,1.5321802937249271
2020,401247349,16,Northwestern,Ohio State,1,71,-0.19567203235900146,0.4084507042253521,0.9234140299844866,70,0.11246818888910336,0.5571428571428572,1.031824569322906
2020,401247349,16,Ohio State,Northwestern,1,70,0.11246818888910336,0.5571428571428572,1.031824569322906,71,-0.19567203235900146,0.4084507042253521,0.9234140299844866
2020,401247374,12,Memphis,Stephen F. Austin,1,65,0.17542860318263845,0.4,1.5460074478816157,48,-0.18680340869358186,0.25,1.3505222278772038
2020,401247374,12,Stephen F. Austin,Memphis,1,48,-0.18680340869358186,0.25,1.3505222278772038,65,0.17542860318263845,0.4,1.5460074478816157
2020,401248275,12,Abilene Christian,Virginia,1,51,-0.10816323616672416,0.3333333333333333,1.1863417229655102,40,0.6929523347945666,0.575,1.868639872298397
2020,401248275,12,Virginia,Abilene Christian,1,40,0.6929523347945666,0.575,1.868639872298397,51,-0.10816323616672416,0.3333333333333333,1.1863417229655102
2020,401248781,14,North Carolina,Western Carolina,1,37,0.6594542298575743,0.7297297297297297,1.1101189306128716,32,-0.20252247410546284,0.3125,1.034082027106258
2020,401248781,14,Western Carolina,North Carolina,1,32,-0.20252247410546284,0.3125,1.034082027106258,37,0.6594542298575743,0.7297297297297297,1.1101189306128716
2020,401248993,8,Air Force,San José State,1,66,-0.051646067073148755,0.4090909090909091,1.0284379365112766,59,0.029923656827512343,0.4067796610169492,1.1518316261509303
2020,401248993,8,San José State,Air Force,1,59,0.029923656827512343,0.4067796610169492,1.1518316261509303,66,-0.051646067073148755,0.4090909090909091,1.0284379365112766
2020,401248994,8,Fresno State,Hawai'i,1,67,0.054822116095265876,0.3880597014925373,1.5103836456957276,83,0.4017564252464179,0.5060240963855421,1.165249432520779
2020,401248994,8,Hawai'i,Fresno State,1,83,0.4017564252464179,0.5060240963855421,1.165249432520779,67,0.054822116095265876,0.3880597014925373,1.5103836456957276
2020,401248996,8,San Diego State,UNLV,1,63,0.2779658231611035,0.49206349206349204,1.2507348799365068,67,-0.026727832838900224,0.31343283582089554,1.1222898854446262
2020,401248996,8,UNLV,San Diego State,1,67,-0.026727832838900224,0.31343283582089554,1.1222898854446262,63,0.2779658231611035,0.49206349206349204,1.2507348799365068
2020,401248997,8,Boise State,Utah State,1,67,0.3853012196226463,0.5671641791044776,1.1278958471398455,63,-0.0313489637124387,0.25396825396825395,1.3864874998656964
2020,401248997,8,Utah State,Boise State,1,63,-0.0313489637124387,0.25396825396825395,1.3864874998656964,67,0.3853012196226463,0.5671641791044776,1.1278958471398455
2020,401248998,8,Nevada,Wyoming,1,75,0.20621403128936244,0.4666666666666667,1.3768390334651452,67,0.056219282421111044,0.3582089552238806,1.1959338595262259
2020,401248998,8,Wyoming,Nevada,1,67,0.056219282421111044,0.3582089552238806,1.1959338595262259,75,0.20621403128936244,0.4666666666666667,1.3768390334651452
2020,401248999,9,Air Force,Boise State,1,64,0.44280350907519805,0.5625,1.0448700911758968,49,0.6640086689618884,0.7346938775510204,1.1141840340645792
2020,401248999,9,Boise State,Air Force,1,49,0.6640086689618884,0.7346938775510204,1.1141840340645792,64,0.44280350907519805,0.5625,1.0448700911758968
2020,401249000,9,Colorado State,Fresno State,1,56,0.03542295870184551,0.35714285714285715,1.2333758972106117,76,0.34697369744872997,0.4342105263157895,1.3775331189073476
2020,401249000,9,Fresno State,Colorado State,1,76,0.34697369744872997,0.4342105263157895,1.3775331189073476,56,0.03542295870184551,0.35714285714285715,1.2333758972106117
2020,401249001,9,Hawai'i,Wyoming,1,53,-0.2571214954023223,0.32075471698113206,1.030081131794186,77,0.1629111455983187,0.5064935064935064,0.8195176372453901
2020,401249001,9,Wyoming,Hawai'i,1,77,0.1629111455983187,0.5064935064935064,0.8195176372453901,53,-0.2571214954023223,0.32075471698113206,1.030081131794186
2020,401249002,9,Nevada,UNLV,1,54,0.5543941339873737,0.5185185185185185,1.745818869359906,73,0.2085671443489646,0.3835616438356164,1.2956958246993473
2020,401249002,9,UNLV,Nevada,1,73,0.2085671443489646,0.3835616438356164,1.2956958246993473,54,0.5543941339873737,0.5185185185185185,1.745818869359906
2020,401249003,9,New Mexico,San José State,1,70,0.12401555759312421,0.4,1.3367014700942692,72,0.3774226279363913,0.4583333333333333,1.380786766938977
2020,401249003,9,San José State,New Mexico,1,72,0.3774226279363913,0.4583333333333333,1.380786766938977,70,0.12401555759312421,0.4,1.3367014700942692
2020,401249004,9,San Diego State,Utah State,1,69,0.29751992957859125,0.5072463768115942,1.1236114629772906,40,-0.126403680632585,0.35,0.9821688572906665
2020,401249004,9,Utah State,San Diego State,1,40,-0.126403680632585,0.35,0.9821688572906665,69,0.29751992957859125,0.5072463768115942,1.1236114629772906
2020,401249005,10,Boise State,BYU,1,47,-0.14186309886612686,0.3404255319148936,0.9276648786003915,49,0.5070548810052078,0.5306122448979592,1.545075149062818
2020,401249005,10,BYU,Boise State,1,49,0.5070548810052078,0.5306122448979592,1.545075149062818,47,-0.14186309886612686,0.3404255319148936,0.9276648786003915
2020,401249006,10,Fresno State,UNLV,1,71,0.19360188901886083,0.43661971830985913,1.3933294135837797,76,0.10041494295654059,0.32894736842105265,1.5653137832515116
2020,401249006,10,UNLV,Fresno State,1,76,0.10041494295654059,0.32894736842105265,1.5653137832515116,71,0.19360188901886083,0.43661971830985913,1.3933294135837797
2020,401249007,10,Hawai'i,New Mexico,1,72,0.17055826707904162,0.4583333333333333,1.4283227678700168,75,0.20897101287429504,0.44,1.28583179759029
2020,401249007,10,New Mexico,Hawai'i,1,75,0.20897101287429504,0.44,1.28583179759029,72,0.17055826707904162,0.4583333333333333,1.4283227678700168
2020,401249008,10,San Diego State,San José State,1,75,-0.0504013496045099,0.44,1.015551743496342,57,0.16748455472038673,0.42105263157894735,1.3548705931414244
2020,401249008,10,San José State,San Diego State,1,57,0.16748455472038673,0.42105263157894735,1.3548705931414244,75,-0.0504013496045099,0.44,1.015551743496342
2020,401249009,10,Nevada,Utah State,1,75,0.33978922305104986,0.4666666666666667,1.4720551762348077,45,-0.10420048180241603,0.26666666666666666,0.9204301796182758
2020,401249009,10,Utah State,Nevada,1,45,-0.10420048180241603,0.26666666666666666,0.9204301796182758,75,0.33978922305104986,0.4666666666666667,1.4720551762348077
2020,401249010,10,Colorado State,Wyoming,1,63,0.08702984096805524,0.38095238095238093,1.3705113088129919,80,-0.009367942213076307,0.375,1.5002364159441053
2020,401249010,10,Wyoming,Colorado State,1,80,-0.009367942213076307,0.375,1.5002364159441053,63,0.08702984096805524,0.38095238095238093,1.3705113088129919
2020,401249012,11,Boise State,Colorado State,1,42,0.3670242972209359,0.47619047619047616,1.438733766869587,46,0.07785699226910155,0.30434782608695654,1.6915200445719618
2020,401249012,11,Colorado State,Boise State,1,46,0.07785699226910155,0.30434782608695654,1.6915200445719618,42,0.3670242972209359,0.47619047619047616,1.438733766869587
2020,401249013,11,Fresno State,Utah State,1,75,0.23934276644022076,0.5066666666666667,1.1184921066412317,59,-0.16950154364500414,0.288135593220339,1.2455778568831635
2020,401249013,11,Utah State,Fresno State,1,59,-0.16950154364500414,0.288135593220339,1.2455778568831635,75,0.23934276644022076,0.5066666666666667,1.1184921066412317
2020,401249014,11,Hawai'i,San Diego State,1,59,-0.10141987362566247,0.2711864406779661,1.699770746145331,60,0.029269031536345982,0.31666666666666665,1.839834030683682
2020,401249014,11,San Diego State,Hawai'i,1,60,0.029269031536345982,0.31666666666666665,1.839834030683682,59,-0.10141987362566247,0.2711864406779661,1.699770746145331
2020,401249015,11,Nevada,New Mexico,1,62,0.08176116015088795,0.4032258064516129,1.361648655402843,77,-0.0934430387997773,0.4155844155844156,0.9501585957095791
2020,401249015,11,New Mexico,Nevada,1,77,-0.0934430387997773,0.4155844155844156,0.9501585957095791,62,0.08176116015088795,0.4032258064516129,1.361648655402843
2020,401249016,11,San José State,UNLV,1,58,0.3387553259607018,0.46551724137931033,1.4658360480987533,64,0.15187042323551872,0.390625,1.2472641565071767
2020,401249016,11,UNLV,San José State,1,64,0.15187042323551872,0.390625,1.2472641565071767,58,0.3387553259607018,0.46551724137931033,1.4658360480987533
2020,401249017,12,Boise State,Hawai'i,1,65,0.24064946114496535,0.47692307692307695,1.141723872969524,76,0.12460105238700794,0.34210526315789475,1.4479825362338388
2020,401249017,12,Hawai'i,Boise State,1,76,0.12460105238700794,0.34210526315789475,1.4479825362338388,65,0.24064946114496535,0.47692307692307695,1.141723872969524
2020,401249018,12,Air Force,New Mexico,1,61,0.08407409724695711,0.5573770491803278,0.9554220004697475,61,-0.13918920867985743,0.39344262295081966,0.9578456436261658
2020,401249018,12,New Mexico,Air Force,1,61,-0.13918920867985743,0.39344262295081966,0.9578456436261658,61,0.08407409724695711,0.5573770491803278,0.9554220004697475
2020,401249019,12,Nevada,San Diego State,1,70,0.07924465606626185,0.35714285714285715,1.067516027971952,60,0.01386393930106727,0.4,1.0593251922164537
2020,401249019,12,San Diego State,Nevada,1,60,0.01386393930106727,0.4,1.0593251922164537,70,0.07924465606626185,0.35714285714285715,1.067516027971952
2020,401249024,13,Hawai'i,Nevada,1,68,0.29717789795476773,0.47058823529411764,1.2162905383387859,61,0.3630580154785926,0.5245901639344263,1.1660317911111056
2020,401249024,13,Nevada,Hawai'i,1,61,0.3630580154785926,0.5245901639344263,1.1660317911111056,68,0.29717789795476773,0.47058823529411764,1.2162905383387859
2020,401249025,13,New Mexico,Utah State,1,76,0.05120433401566761,0.35526315789473684,1.273335605370464,60,0.2318143958879901,0.45,1.4893003230983255
2020,401249025,13,Utah State,New Mexico,1,60,0.2318143958879901,0.45,1.4893003230983255,76,0.05120433401566761,0.35526315789473684,1.273335605370464
2020,401249028,13,UNLV,Wyoming,1,46,-0.269947588522284,0.3695652173913043,1.2144605964323139,57,0.4483880484067997,0.543859649122807,1.2129942019438924
2020,401249028,13,Wyoming,UNLV,1,57,0.4483880484067997,0.543859649122807,1.2129942019438924,46,-0.269947588522284,0.3695652173913043,1.2144605964323139
2020,401249029,14,Air Force,Utah State,1,48,0.6687307229936477,0.7083333333333334,1.1514190153743828,46,0.03401021215423639,0.41304347826086957,1.452434378152642
2020,401249029,14,Utah State,Air Force,1,46,0.03401021215423639,0.41304347826086957,1.452434378152642,48,0.6687307229936477,0.7083333333333334,1.1514190153743828
2020,401249031,14,Colorado State,San Diego State,1,67,-0.21513474030923851,0.2835820895522388,1.5463665629398629,76,-0.06911489226103346,0.2894736842105263,1.137642219871925
2020,401249031,14,San Diego State,Colorado State,1,76,-0.06911489226103346,0.2894736842105263,1.137642219871925,67,-0.21513474030923851,0.2835820895522388,1.5463665629398629
2020,401249032,14,Fresno State,Nevada,1,104,0.056939391094908705,0.4519230769230769,1.1969127084330167,61,0.08443365522762888,0.26229508196721313,2.438881492859198
2020,401249032,14,Nevada,Fresno State,1,61,0.08443365522762888,0.26229508196721313,2.438881492859198,104,0.056939391094908705,0.4519230769230769,1.1969127084330167
2020,401249033,14,Hawai'i,San José State,1,68,0.3994296888919202,0.4264705882352941,1.5190186109662989,70,0.3391053804080037,0.44285714285714284,1.6175290372403215
2020,401249033,14,San José State,Hawai'i,1,70,0.3391053804080037,0.44285714285714284,1.6175290372403215,68,0.3994296888919202,0.4264705882352941,1.5190186109662989
2020,401249034,14,New Mexico,Wyoming,1,68,-0.1755657751145166,0.35294117647058826,0.8681591849190241,55,-0.11564105649478659,0.3090909090909091,1.34984394650584
2020,401249034,14,Wyoming,New Mexico,1,55,-0.11564105649478659,0.3090909090909091,1.34984394650584,68,-0.1755657751145166,0.35294117647058826,0.8681591849190241
2020,401249035,15,Boise State,Wyoming,1,70,-0.0956560672324986,0.38571428571428573,0.9058800771991162,59,-0.18745415162583173,0.15254237288135594,1.4969722457846766
2020,401249035,15,Wyoming,Boise State,1,59,-0.18745415162583173,0.15254237288135594,1.4969722457846766,70,-0.0956560672324986,0.38571428571428573,0.9058800771991162
2020,401249036,15,Fresno State,New Mexico,1,66,0.24608681806838334,0.4696969696969697,1.4929163745382874,66,0.45291467107181094,0.4393939393939394,1.6590973165138474
2020,401249036,15,New Mexico,Fresno State,1,66,0.45291467107181094,0.4393939393939394,1.6590973165138474,66,0.24608681806838334,0.4696969696969697,1.4929163745382874
2020,401249037,15,Nevada,San José State,1,74,0.06243904452484686,0.47297297297297297,1.0064225227949861,57,0.19865614528586692,0.49122807017543857,1.404834602142765
2020,401249037,15,San José State,Nevada,1,57,0.19865614528586692,0.49122807017543857,1.404834602142765,74,0.06243904452484686,0.47297297297297297,1.0064225227949861
2020,401249038,15,Hawai'i,UNLV,1,79,0.14109085708554214,0.4430379746835443,1.0762854082089413,80,-0.07018514779147736,0.4625,1.045860241878127
2020,401249038,15,UNLV,Hawai'i,1,80,-0.07018514779147736,0.4625,1.045860241878127,79,0.14109085708554214,0.4430379746835443,1.0762854082089413
2020,401249043,16,Boise State,San José State,1,65,-0.147875914491805,0.3076923076923077,1.2779189615962387,77,0.13548698502346224,0.38961038961038963,1.4556755936241041
2020,401249043,16,San José State,Boise State,1,77,0.13548698502346224,0.38961038961038963,1.4556755936241041,65,-0.147875914491805,0.3076923076923077,1.2779189615962387
2020,401249397,10,Oregon State,Washington State,1,80,0.3177828828203659,0.5375,0.9238432602838921,63,0.29218060147194785,0.5079365079365079,1.3840241385248837
2020,401249397,10,Washington State,Oregon State,1,63,0.29218060147194785,0.5079365079365079,1.3840241385248837,80,0.3177828828203659,0.5375,0.9238432602838921
2020,401249399,10,Oregon,Stanford,1,66,0.36879993531085004,0.5606060606060606,1.3495298337105346,57,0.33915943296754325,0.40350877192982454,1.5334910891273572
2020,401249399,10,Stanford,Oregon,1,57,0.33915943296754325,0.40350877192982454,1.5334910891273572,66,0.36879993531085004,0.5606060606060606,1.3495298337105346
2020,401249400,10,Arizona State,USC,1,61,0.06105583069541188,0.39344262295081966,1.3435445916721356,95,0.016265695549374647,0.45263157894736844,0.8967460594537552
2020,401249400,10,USC,Arizona State,1,95,0.016265695549374647,0.45263157894736844,0.8967460594537552,61,0.06105583069541188,0.39344262295081966,1.3435445916721356
2020,401249402,10,Colorado,UCLA,1,92,0.2604477253021413,0.4782608695652174,1.219354858426148,65,0.032100213401833756,0.3230769230769231,2.2114363064292855
2020,401249402,10,UCLA,Colorado,1,65,0.032100213401833756,0.3230769230769231,2.2114363064292855,92,0.2604477253021413,0.4782608695652174,1.219354858426148
2020,401249403,11,Arizona,USC,1,75,0.1904348331278602,0.4266666666666667,1.3357034970445685,75,0.24917435591296214,0.5066666666666667,1.0864294907378422
2020,401249403,11,USC,Arizona,1,75,0.24917435591296214,0.5066666666666667,1.0864294907378422,75,0.1904348331278602,0.4266666666666667,1.3357034970445685
2020,401249404,11,Oregon State,Washington,1,58,-0.0029852606842046933,0.5,0.6845220034544739,75,0.22748937110267334,0.4666666666666667,0.9701152294789652
2020,401249404,11,Washington,Oregon State,1,75,0.22748937110267334,0.4666666666666667,0.9701152294789652,58,-0.0029852606842046933,0.5,0.6845220034544739
2020,401249405,11,Oregon,Washington State,1,66,0.33213587671719325,0.5606060606060606,1.2722122753454257,66,0.16974860378862539,0.4393939393939394,1.2212618435124984
2020,401249405,11,Washington State,Oregon,1,66,0.16974860378862539,0.4393939393939394,1.2212618435124984,66,0.33213587671719325,0.5606060606060606,1.2722122753454257
2020,401249406,11,Colorado,Stanford,1,65,0.16731857505215278,0.49230769230769234,1.0965205303495427,73,0.15520933412281465,0.4383561643835616,1.1766302794201926
2020,401249406,11,Stanford,Colorado,1,73,0.15520933412281465,0.4383561643835616,1.1766302794201926,65,0.16731857505215278,0.49230769230769234,1.0965205303495427
2020,401249410,12,USC,Utah,1,66,0.0020020997556429478,0.4090909090909091,1.1671602241124743,61,-0.1642560579375029,0.36065573770491804,1.3309534182405587
2020,401249410,12,Utah,USC,1,61,-0.1642560579375029,0.36065573770491804,1.3309534182405587,66,0.0020020997556429478,0.4090909090909091,1.1671602241124743
2020,401249411,12,California,Oregon State,1,81,0.10763313418357563,0.43209876543209874,1.07171223437512,51,0.09357790706515283,0.39215686274509803,1.5272199367938608
2020,401249411,12,Oregon State,California,1,51,0.09357790706515283,0.39215686274509803,1.5272199367938608,81,0.10763313418357563,0.43209876543209874,1.07171223437512
2020,401249413,12,Arizona,Washington,1,26,-0.13024813424129653,0.23076923076923078,1.3386543146261984,48,0.37398024856006296,0.5416666666666666,1.3176350503305745
2020,401249413,12,Washington,Arizona,1,48,0.37398024856006296,0.5416666666666666,1.3176350503305745,26,-0.13024813424129653,0.23076923076923078,1.3386543146261984
2020,401249415,12,Oregon,UCLA,1,64,0.1997432930894606,0.484375,1.2422098698320334,82,0.03243350356412357,0.4878048780487805,0.9231566357802474
2020,401249415,12,UCLA,Oregon,1,82,0.03243350356412357,0.4878048780487805,0.9231566357802474,64,0.1997432930894606,0.484375,1.2422098698320334
2020,401249417,13,California,Stanford,1,65,0.2277429154247955,0.46153846153846156,0.894779062502344,63,0.09850374101887245,0.49206349206349204,0.904334572868101
2020,401249417,13,Stanford,California,1,63,0.09850374101887245,0.49206349206349204,0.904334572868101,65,0.2277429154247955,0.46153846153846156,0.894779062502344
2020,401249418,13,Oregon,Oregon State,1,65,0.2793929289864372,0.5076923076923077,1.3393973965858128,82,0.2472188448217504,0.5121951219512195,1.1059153711569805
2020,401249418,13,Oregon State,Oregon,1,82,0.2472188448217504,0.5121951219512195,1.1059153711569805,65,0.2793929289864372,0.5076923076923077,1.3393973965858128
2020,401249421,13,Arizona,UCLA,1,75,-0.17165657296090048,0.37333333333333335,0.8872081392598369,76,0.10871636086865324,0.4605263157894737,0.9006373880771316
2020,401249421,13,UCLA,Arizona,1,76,0.10871636086865324,0.4605263157894737,0.9006373880771316,75,-0.17165657296090048,0.37333333333333335,0.8872081392598369
2020,401249422,14,Oregon State,Utah,1,69,-0.01485752898360816,0.3333333333333333,1.4713506614281544,70,0.21306421726006025,0.5571428571428572,0.8906078159907773
2020,401249422,14,Utah,Oregon State,1,70,0.21306421726006025,0.5571428571428572,0.8906078159907773,69,-0.01485752898360816,0.3333333333333333,1.4713506614281544
2020,401249423,14,California,Oregon,1,78,-0.033453169140281874,0.358974358974359,0.9907269486648161,59,0.03152326340851102,0.4915254237288136,1.0564453912080058
2020,401249423,14,Oregon,California,1,59,0.03152326340851102,0.4915254237288136,1.0564453912080058,78,-0.033453169140281874,0.358974358974359,0.9907269486648161
2020,401249424,14,Stanford,Washington,1,71,0.3242682751269182,0.5352112676056338,1.0468198180351913,57,0.3762793670259014,0.5087719298245614,1.2867029797596314
2020,401249424,14,Washington,Stanford,1,57,0.3762793670259014,0.5087719298245614,1.2867029797596314,71,0.3242682751269182,0.5352112676056338,1.0468198180351913
2020,401249425,14,Arizona State,UCLA,1,71,0.0769837725339664,0.5633802816901409,1.0069659360401884,63,0.1932506601223712,0.4603174603174603,1.2887081814487098
2020,401249425,14,UCLA,Arizona State,1,63,0.1932506601223712,0.4603174603174603,1.2887081814487098,71,0.0769837725339664,0.5633802816901409,1.0069659360401884
2020,401249426,14,Arizona,Colorado,1,75,-0.08569733455668169,0.3466666666666667,1.2837231373045455,66,0.09616236819911725,0.3939393939393939,1.584609344549604
2020,401249426,14,Colorado,Arizona,1,66,0.09616236819911725,0.3939393939393939,1.584609344549604,75,-0.08569733455668169,0.3466666666666667,1.2837231373045455
2020,401249427,14,USC,Washington State,1,25,0.7880112046433347,0.52,1.9772055295244917,37,-0.17638068378276545,0.40540540540540543,1.126504506454311
2020,401249427,14,Washington State,USC,1,37,-0.17638068378276545,0.40540540540540543,1.126504506454311,25,0.7880112046433347,0.52,1.9772055295244917
2020,401249428,15,Colorado,Utah,1,66,-0.21261098200533302,0.3333333333333333,0.9875231882464497,70,0.05445870881649039,0.4,1.4162743234202169
2020,401249428,15,Utah,Colorado,1,70,0.05445870881649039,0.4,1.4162743234202169,66,-0.21261098200533302,0.3333333333333333,0.9875231882464497
2020,401249429,15,Arizona,Arizona State,1,48,-0.3993012361140929,0.3958333333333333,1.0633116816441803,25,0.6528874582830793,0.4,2.394444138732385
2020,401249429,15,Arizona State,Arizona,1,25,0.6528874582830793,0.4,2.394444138732385,48,-0.3993012361140929,0.3958333333333333,1.0633116816441803
2020,401249431,15,UCLA,USC,1,79,0.10023562819130817,0.45569620253164556,1.4505119008864134,80,0.1540316527417862,0.5,1.1007842691421228
2020,401249431,15,USC,UCLA,1,80,0.1540316527417862,0.5,1.1007842691421228,79,0.10023562819130817,0.45569620253164556,1.4505119008864134
2020,401249432,15,Oregon State,Stanford,1,69,0.27211228590084285,0.4927536231884058,1.243991595287447,64,0.287035457574583,0.5,1.2852160114947169
2020,401249432,15,Stanford,Oregon State,1,64,0.287035457574583,0.5,1.2852160114947169,69,0.27211228590084285,0.4927536231884058,1.243991595287447
2020,401249434,16,Oregon,USC,1,57,-0.016319803161403565,0.38596491228070173,1.149643214886208,79,0.04844292052095355,0.4177215189873418,1.2618495532950067
2020,401249434,16,USC,Oregon,1,79,0.04844292052095355,0.4177215189873418,1.2618495532950067,57,-0.016319803161403565,0.38596491228070173,1.149643214886208
2020,401249435,15,BYU,San Diego State,1,55,0.3102268558278111,0.4909090909090909,1.1584480825160053,77,-0.03707670647568165,0.4155844155844156,1.1603808837648757
2020,401249435,15,San Diego State,BYU,1,77,-0.03707670647568165,0.4155844155844156,1.1603808837648757,55,0.3102268558278111,0.4909090909090909,1.1584480825160053
2020,401249854,16,Ball State,Buffalo,1,79,0.13879015332559047,0.4430379746835443,1.1528367734031177,71,-0.00524681704299876,0.43661971830985913,1.2374141100239537
2020,401249854,16,Buffalo,Ball State,1,71,-0.00524681704299876,0.43661971830985913,1.2374141100239537,79,0.13879015332559047,0.4430379746835443,1.1528367734031177
2020,401249856,10,Eastern Michigan,Kent State,1,67,-0.06171132775998261,0.43283582089552236,1.3175146483579747,75,0.17540084790644964,0.5333333333333333,0.8931477264260086
2020,401249856,10,Kent State,Eastern Michigan,1,75,0.17540084790644964,0.5333333333333333,0.8931477264260086,67,-0.06171132775998261,0.43283582089552236,1.3175146483579747
2020,401249857,10,Akron,Western Michigan,1,39,0.05434554717929352,0.4358974358974359,1.2004999197520254,35,0.8234926465872271,0.6285714285714286,1.5876767509760217
2020,401249857,10,Western Michigan,Akron,1,35,0.8234926465872271,0.6285714285714286,1.5876767509760217,39,0.05434554717929352,0.4358974358974359,1.2004999197520254
2020,401249858,10,Bowling Green,Toledo,1,46,-0.40695026933312534,0.30434782608695654,0.8658793687234178,66,0.13062212300447912,0.42424242424242425,1.1840398807879107
2020,401249858,10,Toledo,Bowling Green,1,66,0.13062212300447912,0.42424242424242425,1.1840398807879107,46,-0.40695026933312534,0.30434782608695654,0.8658793687234178
2020,401249859,10,Buffalo,Northern Illinois,1,48,0.27061257761666135,0.5,1.2216381112301555,54,-0.0813741750413527,0.4074074074074074,0.8545780242868117
2020,401249859,10,Northern Illinois,Buffalo,1,54,-0.0813741750413527,0.4074074074074074,0.8545780242868117,48,0.27061257761666135,0.5,1.2216381112301555
2020,401249860,10,Central Michigan,Ohio,1,87,0.04051326890613963,0.4367816091954023,1.093925329184804,58,-0.07389398585068833,0.3793103448275862,1.2595644995230892
2020,401249860,10,Ohio,Central Michigan,1,58,-0.07389398585068833,0.3793103448275862,1.2595644995230892,87,0.04051326890613963,0.4367816091954023,1.093925329184804
2020,401249861,11,Akron,Ohio,1,72,-0.04136775740069313,0.4027777777777778,1.2791510702625362,50,0.14032054057863763,0.4,1.1950579948055524
2020,401249861,11,Ohio,Akron,1,50,0.14032054057863763,0.4,1.1950579948055524,72,-0.04136775740069313,0.4027777777777778,1.2791510702625362
2020,401249862,11,Bowling Green,Kent State,1,38,-0.27617077171553484,0.3157894736842105,0.7098854349737787,70,0.42910947909568065,0.45714285714285713,1.5874399818595641
2020,401249862,11,Kent State,Bowling Green,1,70,0.42910947909568065,0.45714285714285713,1.5874399818595641,38,-0.27617077171553484,0.3157894736842105,0.7098854349737787
2020,401249864,11,Central Michigan,Northern Illinois,1,54,0.06281722006614864,0.3333333333333333,1.6983472207035684,49,-0.3972842545951842,0.24489795918367346,1.0481946108487852
2020,401249864,11,Northern Illinois,Central Michigan,1,49,-0.3972842545951842,0.24489795918367346,1.0481946108487852,54,0.06281722006614864,0.3333333333333333,1.6983472207035684
2020,401249865,11,Ball State,Eastern Michigan,1,84,0.27600485431527644,0.5238095238095238,1.0806407852868891,70,0.2261016509556055,0.5285714285714286,1.1672061642478118
2020,401249865,11,Eastern Michigan,Ball State,1,70,0.2261016509556055,0.5285714285714286,1.1672061642478118,84,0.27600485431527644,0.5238095238095238,1.0806407852868891
2020,401249866,11,Toledo,Western Michigan,1,84,0.3206646487482344,0.5,1.153040613816518,57,0.32307585358874513,0.5263157894736842,1.2828858140276593
2020,401249866,11,Western Michigan,Toledo,1,57,0.32307585358874513,0.5263157894736842,1.2828858140276593,84,0.3206646487482344,0.5,1.153040613816518
2020,401249867,12,Akron,Kent State,1,48,0.12796346851029702,0.4166666666666667,1.6046073316852434,66,0.794841360647787,0.7272727272727273,1.300648847674637
2020,401249867,12,Kent State,Akron,1,66,0.794841360647787,0.7272727272727273,1.300648847674637,48,0.12796346851029702,0.4166666666666667,1.6046073316852434
2020,401249868,12,Bowling Green,Buffalo,1,47,0.019901651415950277,0.425531914893617,1.1424850951044676,57,0.5381962286110518,0.5789473684210527,1.2885191265518132
2020,401249868,12,Buffalo,Bowling Green,1,57,0.5381962286110518,0.5789473684210527,1.2885191265518132,47,0.019901651415950277,0.425531914893617,1.1424850951044676
2020,401249870,12,Ball State,Northern Illinois,1,69,0.12951988079688356,0.4927536231884058,1.163502707954442,73,0.18361368027802158,0.5068493150684932,1.2040655415736021
2020,401249870,12,Northern Illinois,Ball State,1,73,0.18361368027802158,0.5068493150684932,1.2040655415736021,69,0.12951988079688356,0.4927536231884058,1.163502707954442
2020,401249871,12,Eastern Michigan,Toledo,1,36,-0.04845665256680707,0.3055555555555556,1.7006548434140347,58,0.43827909662302794,0.5344827586206896,1.349541913302385
2020,401249871,12,Toledo,Eastern Michigan,1,58,0.43827909662302794,0.5344827586206896,1.349541913302385,36,-0.04845665256680707,0.3055555555555556,1.7006548434140347
2020,401249872,12,Central Michigan,Western Michigan,1,54,0.3380321409406136,0.35185185185185186,1.8302865193803077,73,0.36472828165343174,0.4657534246575342,1.5272410943673134
2020,401249872,12,Western Michigan,Central Michigan,1,73,0.36472828165343174,0.4657534246575342,1.5272410943673134,54,0.3380321409406136,0.35185185185185186,1.8302865193803077
2020,401249873,13,Ball State,Toledo,1,84,0.020009845696678276,0.44047619047619047,1.0969640185321,68,0.044006984840245,0.4411764705882353,1.3936505883599282
2020,401249873,13,Toledo,Ball State,1,68,0.044006984840245,0.4411764705882353,1.3936505883599282,84,0.020009845696678276,0.44047619047619047,1.0969640185321
2020,401249874,13,Central Michigan,Eastern Michigan,1,93,0.08547294054236741,0.5268817204301075,0.679804779211187,68,-0.10271243680208576,0.45588235294117646,1.1593826641742195
2020,401249874,13,Eastern Michigan,Central Michigan,1,68,-0.10271243680208576,0.45588235294117646,1.1593826641742195,93,0.08547294054236741,0.5268817204301075,0.679804779211187
2020,401249875,13,Northern Illinois,Western Michigan,1,80,0.06253402508940446,0.3625,1.4921646967653621,49,0.18916435130017895,0.40816326530612246,1.299149520810659
2020,401249875,13,Western Michigan,Northern Illinois,1,49,0.18916435130017895,0.40816326530612246,1.299149520810659,80,0.06253402508940446,0.3625,1.4921646967653621
2020,401249876,13,Bowling Green,Ohio,1,32,-0.13208264487867055,0.40625,1.30362856677999,33,0.6730167742323852,0.5757575757575758,1.5747613576510555
2020,401249876,13,Ohio,Bowling Green,1,33,0.6730167742323852,0.5757575757575758,1.5747613576510555,32,-0.13208264487867055,0.40625,1.30362856677999
2020,401249877,13,Buffalo,Kent State,1,74,0.6693867892152447,0.5405405405405406,1.5714008376634259,59,0.39769868636804406,0.5254237288135594,1.3491316223394612
2020,401249877,13,Kent State,Buffalo,1,59,0.39769868636804406,0.5254237288135594,1.3491316223394612,74,0.6693867892152447,0.5405405405405406,1.5714008376634259
2020,401249878,14,Ball State,Central Michigan,1,76,0.19805789834823675,0.5,1.1879654101697785,46,0.10407645909925582,0.391304347826087,1.4247011806436218
2020,401249878,14,Central Michigan,Ball State,1,46,0.10407645909925582,0.391304347826087,1.4247011806436218,76,0.19805789834823675,0.5,1.1879654101697785
2020,401249879,14,Eastern Michigan,Western Michigan,1,76,0.40632442237053923,0.47368421052631576,1.4039255609280414,64,0.3301687506182903,0.59375,1.176516351044527
2020,401249879,14,Western Michigan,Eastern Michigan,1,64,0.3301687506182903,0.59375,1.176516351044527,76,0.40632442237053923,0.47368421052631576,1.4039255609280414
2020,401249880,14,Northern Illinois,Toledo,1,67,0.013441340857883007,0.3880597014925373,1.3093742896496896,80,0.384690214239132,0.5,1.4553164587191592
2020,401249880,14,Toledo,Northern Illinois,1,80,0.384690214239132,0.5,1.4553164587191592,67,0.013441340857883007,0.3880597014925373,1.3093742896496896
2020,401249881,14,Akron,Bowling Green,1,48,0.19212855024319733,0.4166666666666667,1.550311337882709,51,-0.25926932001465763,0.35294117647058826,0.8162561241727149
2020,401249881,14,Bowling Green,Akron,1,51,-0.25926932001465763,0.35294117647058826,0.8162561241727149,48,0.19212855024319733,0.4166666666666667,1.550311337882709
2020,401249883,15,Central Michigan,Toledo,1,66,0.05616855441691103,0.3333333333333333,1.3729878487709282,76,-0.005633552319616779,0.34210526315789475,1.713390699736643
2020,401249883,15,Toledo,Central Michigan,1,76,-0.005633552319616779,0.34210526315789475,1.713390699736643,66,0.05616855441691103,0.3333333333333333,1.3729878487709282
2020,401249884,15,Eastern Michigan,Northern Illinois,1,67,0.15921990188776108,0.5373134328358209,0.8459522929988421,75,0.15287303968415758,0.48,1.0671825872427891
2020,401249884,15,Northern Illinois,Eastern Michigan,1,75,0.15287303968415758,0.48,1.0671825872427891,67,0.15921990188776108,0.5373134328358209,0.8459522929988421
2020,401249885,15,Ball State,Western Michigan,1,66,0.19410441157591815,0.45454545454545453,1.110139380523978,88,0.11517595464681996,0.5568181818181818,0.8303425807790213
2020,401249885,15,Western Michigan,Ball State,1,88,0.11517595464681996,0.5568181818181818,0.8303425807790213,66,0.19410441157591815,0.45454545454545453,1.110139380523978
2020,401249886,15,Akron,Buffalo,1,30,-0.3202081486493324,0.16666666666666666,1.1781637134765672,31,0.4198303739564265,0.4838709677419355,1.433397019358801
2020,401249886,15,Buffalo,Akron,1,31,0.4198303739564265,0.4838709677419355,1.433397019358801,30,-0.3202081486493324,0.16666666666666666,1.1781637134765672
2020,401249889,10,Ball State,Miami (OH),1,63,0.4208132890176955,0.5238095238095238,1.382937847748504,73,0.23656025310886472,0.4383561643835616,1.2372623162658776
2020,401249889,10,Miami (OH),Ball State,1,73,0.23656025310886472,0.4383561643835616,1.2372623162658776,63,0.4208132890176955,0.5238095238095238,1.382937847748504
2020,401249890,11,Buffalo,Miami (OH),1,64,0.45180841187098364,0.515625,1.402686548218506,37,-0.07428587072738944,0.2702702702702703,1.476918034296846
2020,401249890,11,Miami (OH),Buffalo,1,37,-0.07428587072738944,0.2702702702702703,1.476918034296846,64,0.45180841187098364,0.515625,1.402686548218506
2020,401249892,13,Akron,Miami (OH),1,38,-0.4847051558945353,0.21052631578947367,1.729130779030461,39,0.5137758755388553,0.4358974358974359,1.8298272410797911
2020,401249892,13,Miami (OH),Akron,1,39,0.5137758755388553,0.4358974358974359,1.8298272410797911,38,-0.4847051558945353,0.21052631578947367,1.729130779030461
2020,401250215,7,Georgia Southern,Massachusetts,1,37,0.48798892359962254,0.6756756756756757,0.9507672780084403,24,-0.27602542192651863,0.20833333333333334,1.3182618255416705
2020,401250215,7,Massachusetts,Georgia Southern,1,24,-0.27602542192651863,0.20833333333333334,1.3182618255416705,37,0.48798892359962254,0.6756756756756757,0.9507672780084403
2020,401250713,15,Baylor,Oklahoma State,1,44,-0.29320294225290894,0.25,0.7295795165059386,60,0.26884614175790666,0.4666666666666667,1.6511866307590202
2020,401250713,15,Oklahoma State,Baylor,1,60,0.26884614175790666,0.4666666666666667,1.6511866307590202,44,-0.29320294225290894,0.25,0.7295795165059386
2020,401250783,8,Florida International,Jacksonville State,1,43,-0.29970908725702144,0.23255813953488372,0.7233882899969267,81,0.13446600198685754,0.4567901234567901,0.9227722591337919
2020,401250783,8,Jacksonville State,Florida International,1,81,0.13446600198685754,0.4567901234567901,0.9227722591337919,43,-0.29970908725702144,0.23255813953488372,0.7233882899969267
2020,401250784,8,South Alabama,UL Monroe,1,61,0.3747109551866888,0.4098360655737705,1.8222111127032987,51,-0.27870540869232596,0.3333333333333333,1.3586986194083983
2020,401250784,8,UL Monroe,South Alabama,1,51,-0.27870540869232596,0.3333333333333333,1.3586986194083983,61,0.3747109551866888,0.4098360655737705,1.8222111127032987
2020,401251100,15,Florida,LSU,1,72,0.25153484294006084,0.5138888888888888,1.449293196379047,86,0.16863044782730593,0.3953488372093023,1.158882927296292
2020,401251100,15,LSU,Florida,1,86,0.16863044782730593,0.3953488372093023,1.158882927296292,72,0.25153484294006084,0.5138888888888888,1.449293196379047
2020,401251926,13,Liberty,Massachusetts,1,32,0.7936972225596629,0.6875,1.484348468605382,36,-0.12891694803830284,0.2777777777777778,1.5654223611609261
2020,401251926,13,Massachusetts,Liberty,1,36,-0.12891694803830284,0.2777777777777778,1.5654223611609261,32,0.7936972225596629,0.6875,1.484348468605382
2020,401251931,10,Marshall,Massachusetts,1,53,0.47923374308873606,0.5660377358490566,1.330961176288403,38,0.22600494403011073,0.34210526315789475,1.418340137483226
2020,401251931,10,Massachusetts,Marshall,1,38,0.22600494403011073,0.34210526315789475,1.418340137483226,53,0.47923374308873606,0.5660377358490566,1.330961176288403
2020,401252117,14,App State,Louisiana,1,69,-0.1862820032937342,0.391304347826087,1.0249660961525622,66,0.02899146497524082,0.36363636363636365,1.3844207053520279
2020,401252117,14,Louisiana,App State,1,66,0.02899146497524082,0.36363636363636365,1.3844207053520279,69,-0.1862820032937342,0.391304347826087,1.0249660961525622
2020,401253924,10,Arkansas State,Louisiana,1,84,0.06235119077773267,0.4166666666666667,1.0154981038630277,67,-0.0458468916351943,0.417910447761194,1.175173338715828
2020,401253924,10,Louisiana,Arkansas State,1,67,-0.0458468916351943,0.417910447761194,1.175173338715828,84,0.06235119077773267,0.4166666666666667,1.0154981038630277
2020,401256001,16,Clemson,Notre Dame,1,51,0.42735874290366704,0.5490196078431373,1.5222497963123889,43,-0.030501420893406343,0.32558139534883723,1.3872317704838906
2020,401256001,16,Notre Dame,Clemson,1,43,-0.030501420893406343,0.32558139534883723,1.3872317704838906,51,0.42735874290366704,0.5490196078431373,1.5222497963123889
2020,401256108,1,Cincinnati,Georgia,1,59,0.10788099244633957,0.4576271186440678,1.3120621151162615,58,0.09137725122221389,0.3103448275862069,1.7716908287081181
2020,401256108,1,Georgia,Cincinnati,1,58,0.09137725122221389,0.3103448275862069,1.7716908287081181,59,0.10788099244633957,0.4576271186440678,1.3120621151162615
2020,401256109,1,Kentucky,NC State,1,68,0.0003759313586485978,0.3382352941176471,1.2309303215890266,65,0.0007409745047765402,0.47692307692307695,1.144182654524991
2020,401256109,1,NC State,Kentucky,1,65,0.0007409745047765402,0.47692307692307695,1.144182654524991,68,0.0003759313586485978,0.3382352941176471,1.2309303215890266
2020,401256110,1,Indiana,Ole Miss,1,85,-0.03754225515805592,0.43529411764705883,0.8367062241688035,80,0.26630653238950036,0.4375,1.2931858979247683
2020,401256110,1,Ole Miss,Indiana,1,80,0.26630653238950036,0.4375,1.2931858979247683,85,-0.03754225515805592,0.43529411764705883,0.8367062241688035
2020,401256111,1,Iowa State,Oregon,1,85,0.2008752652585212,0.49411764705882355,1.0800350350059873,46,-0.014055185935615439,0.4782608695652174,0.9638664837173022
2020,401256111,1,Oregon,Iowa State,1,46,-0.014055185935615439,0.4782608695652174,0.9638664837173022,85,0.2008752652585212,0.49411764705882355,1.0800350350059873
2020,401256112,1,North Carolina,Texas A&M,1,65,0.016076339815909075,0.3230769230769231,1.5413919558334805,59,0.4202509532660153,0.3898305084745763,1.6972492025163604
2020,401256112,1,Texas A&M,North Carolina,1,59,0.4202509532660153,0.3898305084745763,1.6972492025163604,65,0.016076339815909075,0.3230769230769231,1.5413919558334805
2020,401256135,1,App State,North Texas,1,43,0.8460112965473869,0.5116279069767442,2.0135310602754433,75,0.20947809392156472,0.4533333333333333,1.3351836749586057
2020,401256135,1,North Texas,App State,1,75,0.20947809392156472,0.4533333333333333,1.3351836749586057,43,0.8460112965473869,0.5116279069767442,2.0135310602754433
2020,401256136,1,Nevada,Tulane,1,69,0.22628207658551233,0.391304347826087,1.5286344916400747,63,0.007663035362089314,0.38095238095238093,1.610456563884435
2020,401256136,1,Tulane,Nevada,1,63,0.007663035362089314,0.38095238095238093,1.610456563884435,69,0.22628207658551233,0.391304347826087,1.5286344916400747
2020,401256137,1,BYU,UCF,1,39,0.7076566689912825,0.6153846153846154,1.6509034456796134,54,0.19360090843236033,0.4444444444444444,1.1177926202808384
2020,401256137,1,UCF,BYU,1,54,0.19360090843236033,0.4444444444444444,1.1177926202808384,39,0.7076566689912825,0.6153846153846154,1.6509034456796134
2020,401256138,1,Georgia Southern,Louisiana Tech,1,57,0.29138770902353,0.47368421052631576,1.0867888924152909,48,-0.4975077278723077,0.2916666666666667,0.8956823301829481
2020,401256138,1,Louisiana Tech,Georgia Southern,1,48,-0.4975077278723077,0.2916666666666667,0.8956823301829481,57,0.29138770902353,0.47368421052631576,1.0867888924152909
2020,401256139,1,Florida Atlantic,Memphis,1,74,-0.08090666135711426,0.3783783783783784,1.0315451072301263,69,0.2969391524933636,0.5362318840579711,1.2126266967952837
2020,401256139,1,Memphis,Florida Atlantic,1,69,0.2969391524933636,0.5362318840579711,1.2126266967952837,74,-0.08090666135711426,0.3783783783783784,1.0315451072301263
2020,401256140,1,Hawai'i,Houston,1,57,0.07461772503088542,0.3508771929824561,1.4886199209428403,81,-0.1730417730949086,0.3333333333333333,1.421321914715796
2020,401256140,1,Houston,Hawai'i,1,81,-0.1730417730949086,0.3333333333333333,1.421321914715796,57,0.07461772503088542,0.3508771929824561,1.4886199209428403
2020,401256141,1,Buffalo,Marshall,1,70,0.037857287249069164,0.4142857142857143,1.0027783370012426,59,0.03216173302826642,0.3728813559322034,1.0625140325853468
2020,401256141,1,Marshall,Buffalo,1,59,0.03216173302826642,0.3728813559322034,1.0625140325853468,70,0.037857287249069164,0.4142857142857143,1.0027783370012426
2020,401256143,1,Coastal Carolina,Liberty,1,64,0.24894574741513786,0.546875,1.2310457507546897,71,0.20575914896569425,0.5492957746478874,1.1015942783041859
2020,401256143,1,Liberty,Coastal Carolina,1,71,0.20575914896569425,0.5492957746478874,1.1015942783041859,64,0.24894574741513786,0.546875,1.2310457507546897
2020,401256144,1,Louisiana,UTSA,1,69,0.19860784814948207,0.5072463768115942,1.0228685398843074,64,0.15275855957746864,0.453125,1.2143741845577067
2020,401256144,1,UTSA,Louisiana,1,64,0.15275855957746864,0.453125,1.2143741845577067,69,0.19860784814948207,0.5072463768115942,1.0228685398843074
2020,401256145,1,Georgia State,Western Kentucky,1,85,0.2342847674131255,0.4470588235294118,1.3080683939217583,53,-0.11527622947962346,0.39622641509433965,1.1756445731818137
2020,401256145,1,Western Kentucky,Georgia State,1,53,-0.11527622947962346,0.39622641509433965,1.1756445731818137,85,0.2342847674131255,0.4470588235294118,1.3080683939217583
2020,401256150,1,Miami,Oklahoma State,1,75,0.18272182942720294,0.44,1.4414267467569164,82,0.16913662862655568,0.4268292682926829,1.169046963564773
2020,401256150,1,Oklahoma State,Miami,1,82,0.16913662862655568,0.4268292682926829,1.169046963564773,75,0.18272182942720294,0.44,1.4414267467569164
2020,401256151,1,Colorado,Texas,1,63,0.03889669857063016,0.31746031746031744,1.611162636108443,55,0.436250994982821,0.41818181818181815,1.9830992909471301
2020,401256151,1,Texas,Colorado,1,55,0.436250994982821,0.41818181818181815,1.9830992909471301,63,0.03889669857063016,0.31746031746031744,1.611162636108443
2020,401256152,1,Wake Forest,Wisconsin,1,87,-0.16753874455166154,0.40229885057471265,1.3864193567969323,64,0.11360925065193095,0.515625,0.9214644976651641
2020,401256152,1,Wisconsin,Wake Forest,1,64,0.11360925065193095,0.515625,0.9214644976651641,87,-0.16753874455166154,0.40229885057471265,1.3864193567969323
2020,401256194,1,Florida,Oklahoma,1,72,-0.10187023633505383,0.4305555555555556,1.1078083448226508,45,0.26728317510073435,0.6666666666666666,0.9497077106179221
2020,401256194,1,Oklahoma,Florida,1,45,0.26728317510073435,0.6666666666666666,0.9497077106179221,72,-0.10187023633505383,0.4305555555555556,1.1078083448226508
2020,401256196,1,Mississippi State,Tulsa,1,58,0.01871262582698959,0.3620689655172414,1.0944591671998014,85,-0.048136145743503576,0.4235294117647059,1.2145932458654045
2020,401256196,1,Tulsa,Mississippi State,1,85,-0.048136145743503576,0.4235294117647059,1.2145932458654045,58,0.01871262582698959,0.3620689655172414,1.0944591671998014
2020,401256197,1,Army,West Virginia,1,65,0.047309946828538764,0.4461538461538462,0.8484168714002349,69,0.029997548939048994,0.391304347826087,1.3382891386422702
2020,401256197,1,West Virginia,Army,1,69,0.029997548939048994,0.391304347826087,1.3382891386422702,65,0.047309946828538764,0.4461538461538462,0.8484168714002349
2020,401256199,1,Auburn,Northwestern,1,69,-0.0017840495849602905,0.42028985507246375,1.110346285808153,86,0.174530805642561,0.4069767441860465,1.5019644674876504
2020,401256199,1,Northwestern,Auburn,1,86,0.174530805642561,0.4069767441860465,1.5019644674876504,69,-0.0017840495849602905,0.42028985507246375,1.110346285808153
2020,401257812,14,Marshall,Rice,1,63,-0.49275017943042426,0.3492063492063492,1.006979073749673,58,-0.046073125090742316,0.5,0.4341664662112693
2020,401257812,14,Rice,Marshall,1,58,-0.046073125090742316,0.5,0.4341664662112693,63,-0.49275017943042426,0.3492063492063492,1.006979073749673
2020,401257813,15,Florida Atlantic,Southern Miss,1,68,0.1553093956733644,0.45588235294117646,1.2178655434179668,67,0.24870685080791177,0.5074626865671642,1.2446052931345544
2020,401257813,15,Southern Miss,Florida Atlantic,1,67,0.24870685080791177,0.5074626865671642,1.2446052931345544,68,0.1553093956733644,0.45588235294117646,1.2178655434179668
2020,401257815,15,Rice,UAB,1,69,0.040849078139859295,0.30434782608695654,1.5409237559906073,52,0.2091372638780799,0.38461538461538464,1.536399269085258
2020,401257815,15,UAB,Rice,1,52,0.2091372638780799,0.38461538461538464,1.536399269085258,69,0.040849078139859295,0.30434782608695654,1.5409237559906073
2020,401257816,15,North Texas,UTEP,1,74,0.09849376904227747,0.44594594594594594,1.288504420279198,82,0.18228713834992688,0.43902439024390244,1.360964444717132
2020,401257816,15,UTEP,North Texas,1,82,0.18228713834992688,0.43902439024390244,1.360964444717132,74,0.09849376904227747,0.44594594594594594,1.288504420279198
2020,401257934,11,Louisville,Virginia,1,60,-0.12661174799246183,0.43333333333333335,1.1386583041572045,65,0.028411220996794325,0.4461538461538462,0.9324060307632676
2020,401257934,11,Virginia,Louisville,1,65,0.028411220996794325,0.4461538461538462,0.9324060307632676,60,-0.12661174799246183,0.43333333333333335,1.1386583041572045
2020,401259671,15,Coastal Carolina,Troy,1,72,0.3135754605550002,0.5694444444444444,1.2014855625210439,81,0.2098613170760047,0.5061728395061729,1.1876373999504415
2020,401259671,15,Troy,Coastal Carolina,1,81,0.2098613170760047,0.5061728395061729,1.1876373999504415,72,0.3135754605550002,0.5694444444444444,1.2014855625210439
2020,401260157,15,Auburn,Mississippi State,1,68,0.05080407948977204,0.38235294117647056,1.080628248143656,67,-0.2720784614496664,0.31343283582089554,1.1209175129764908
2020,401260157,15,Mississippi State,Auburn,1,67,-0.2720784614496664,0.31343283582089554,1.1209175129764908,68,0.05080407948977204,0.38235294117647056,1.080628248143656
2020,401260158,16,Tennessee,Texas A&M,1,37,0.0318285567902127,0.35135135135135137,1.84408616361955,79,0.27910596272390853,0.620253164556962,0.8567914803776606
2020,401260158,16,Texas A&M,Tennessee,1,79,0.27910596272390853,0.620253164556962,0.8567914803776606,37,0.0318285567902127,0.35135135135135137,1.84408616361955
2020,401261245,15,Georgia Tech,Pittsburgh,1,65,0.06294973926873322,0.35384615384615387,1.6684393216669229,85,0.170557764413633,0.4,1.324802684340548
2020,401261245,15,Pittsburgh,Georgia Tech,1,85,0.170557764413633,0.4,1.324802684340548,65,0.06294973926873322,0.35384615384615387,1.6684393216669229
2020,401261454,11,California,UCLA,1,51,-0.21926657743808697,0.2549019607843137,1.0973777914724514,70,0.246295524230269,0.5428571428571428,1.1345873118711518
2020,401261454,11,UCLA,California,1,70,0.246295524230269,0.5428571428571428,1.1345873118711518,51,-0.21926657743808697,0.2549019607843137,1.0973777914724514
2020,401261674,12,Florida Atlantic,Massachusetts,1,74,0.047654671930328615,0.32432432432432434,1.74476303106761,55,-0.5248550476491238,0.2,1.026764999822724
2020,401261674,12,Massachusetts,Florida Atlantic,1,55,-0.5248550476491238,0.2,1.026764999822724,74,0.047654671930328615,0.32432432432432434,1.74476303106761
2020,401261675,14,Florida Atlantic,Georgia Southern,1,57,-0.22174493474507376,0.42105263157894735,0.7547049854176416,71,0.03242092656778172,0.4225352112676056,0.9808164506297462
2020,401261675,14,Georgia Southern,Florida Atlantic,1,71,0.03242092656778172,0.4225352112676056,0.9808164506297462,57,-0.22174493474507376,0.42105263157894735,0.7547049854176416
2020,401262060,16,Iowa State,Oklahoma,1,71,0.11838358544298784,0.4225352112676056,1.171517430088317,64,0.13656680019744522,0.4375,1.0773699670868881
2020,401262060,16,Oklahoma,Iowa State,1,64,0.13656680019744522,0.4375,1.0773699670868881,71,0.11838358544298784,0.4225352112676056,1.171517430088317
2020,401262493,14,Arkansas State,UL Monroe,1,55,0.2960904613330841,0.36363636363636365,2.4772062460711086,54,-0.01697380926180169,0.4074074074074074,0.936992438889588
2020,401262493,14,UL Monroe,Arkansas State,1,54,-0.01697380926180169,0.4074074074074074,0.936992438889588,55,0.2960904613330841,0.36363636363636365,2.4772062460711086
2020,401262494,14,South Alabama,Troy,1,52,-0.23239959792411335,0.34615384615384615,1.279589240919565,60,0.29918065098766716,0.6166666666666667,1.0368574899597498
2020,401262494,14,Troy,South Alabama,1,60,0.29918065098766716,0.6166666666666667,1.0368574899597498,52,-0.23239959792411335,0.34615384615384615,1.279589240919565
2020,401264080,13,Memphis,Navy,1,58,-0.1498230873412134,0.3620689655172414,1.0095002174778187,65,-0.14052924096404978,0.3076923076923077,1.3096759080046152
2020,401264080,13,Navy,Memphis,1,65,-0.14052924096404978,0.3076923076923077,1.3096759080046152,58,-0.1498230873412134,0.3620689655172414,1.0095002174778187
2020,401264082,14,Memphis,Tulane,1,66,-0.1057842209803569,0.3484848484848485,1.4010664376918889,79,0.20457639588573684,0.4810126582278481,1.2545071417530822
2020,401264082,14,Tulane,Memphis,1,79,0.20457639588573684,0.4810126582278481,1.2545071417530822,66,-0.1057842209803569,0.3484848484848485,1.4010664376918889
2020,401264083,14,Navy,Tulsa,1,64,-0.24385393238658973,0.328125,0.5170119725001275,68,-0.054784190675142064,0.3382352941176471,1.3852108787821664
2020,401264083,14,Tulsa,Navy,1,68,-0.054784190675142064,0.3382352941176471,1.3852108787821664,64,-0.24385393238658973,0.328125,0.5170119725001275
2020,401264084,15,Houston,Memphis,1,84,0.1525474048180736,0.4642857142857143,0.90192620865035,65,0.12861972800179564,0.38461538461538464,1.4286047904986763
2020,401264084,15,Memphis,Houston,1,65,0.12861972800179564,0.38461538461538464,1.4286047904986763,84,0.1525474048180736,0.4642857142857143,0.90192620865035
2020,401264085,16,Cincinnati,Tulsa,1,67,0.0890788596141223,0.373134328358209,1.2364471387580525,67,0.08801019950706737,0.43283582089552236,1.181304258846657
2020,401264085,16,Tulsa,Cincinnati,1,67,0.08801019950706737,0.43283582089552236,1.181304258846657,67,0.0890788596141223,0.373134328358209,1.2364471387580525
2020,401265458,13,Utah,Washington,1,65,-0.1180372544020069,0.46153846153846156,0.9339614164671538,63,0.06749204027543101,0.3492063492063492,1.4028545566082804
2020,401265458,13,Washington,Utah,1,63,0.06749204027543101,0.3492063492063492,1.4028545566082804,65,-0.1180372544020069,0.46153846153846156,0.9339614164671538
2020,401265699,16,Air Force,Army,1,40,0.10521760627996682,0.425,1.327065024317378,73,-0.013201751554602719,0.4246575342465753,0.895911387431561
2020,401265699,16,Army,Air Force,1,73,-0.013201751554602719,0.4246575342465753,0.895911387431561,40,0.10521760627996682,0.425,1.327065024317378
2020,401265703,14,Louisiana Tech,North Texas,1,81,0.11259767748068424,0.4567901234567901,1.2084447845858606,71,-0.004156522545181167,0.39436619718309857,1.387526833574424
2020,401265703,14,North Texas,Louisiana Tech,1,71,-0.004156522545181167,0.39436619718309857,1.387526833574424,81,0.11259767748068424,0.4567901234567901,1.2084447845858606
2020,401265734,13,Colorado,San Diego State,1,82,-0.2125924252750055,0.2804878048780488,1.1926261882386646,59,-0.32763966064700084,0.2033898305084746,1.0862168178122744
2020,401265734,13,San Diego State,Colorado,1,59,-0.32763966064700084,0.2033898305084746,1.0862168178122744,82,-0.2125924252750055,0.2804878048780488,1.1926261882386646
2020,401265817,14,Alabama,LSU,1,39,0.7955150059284103,0.717948717948718,1.3760738089167357,38,0.041788904348908654,0.4473684210526316,1.21113343864397
2020,401265817,14,LSU,Alabama,1,38,0.041788904348908654,0.4473684210526316,1.21113343864397,39,0.7955150059284103,0.717948717948718,1.3760738089167357
2020,401265818,14,Arkansas,Missouri,1,84,0.42288842871069265,0.5595238095238095,1.1889115338297096,87,0.43962504094190513,0.5172413793103449,1.3173991390947346
2020,401265818,14,Missouri,Arkansas,1,87,0.43962504094190513,0.5172413793103449,1.3173991390947346,84,0.42288842871069265,0.5595238095238095,1.1889115338297096
2020,401266134,14,Duke,Miami,1,48,-0.2889812190194794,0.3541666666666667,0.936155256987937,48,0.4432300308194603,0.4791666666666667,1.4095004970408522
2020,401266134,14,Miami,Duke,1,48,0.4432300308194603,0.4791666666666667,1.4095004970408522,48,-0.2889812190194794,0.3541666666666667,0.936155256987937
2020,401266694,15,Duke,Florida State,1,61,-0.06588808872837726,0.39344262295081966,1.2280246130732206,58,0.4103088947782215,0.5172413793103449,1.49408371788295
2020,401266694,15,Florida State,Duke,1,58,0.4103088947782215,0.5172413793103449,1.49408371788295,61,-0.06588808872837726,0.39344262295081966,1.2280246130732206
2020,401266696,15,Louisville,Wake Forest,1,70,0.2508496750475596,0.44285714285714284,1.4160709881323006,68,-0.026494874805849344,0.3235294117647059,1.5053668638140534
2020,401266696,15,Wake Forest,Louisville,1,68,-0.026494874805849344,0.3235294117647059,1.5053668638140534,70,0.2508496750475596,0.44285714285714284,1.4160709881323006
2020,401266711,15,Louisiana Tech,TCU,1,32,-0.1457064867474003,0.21875,1.3042044134196076,32,0.43720028474707795,0.59375,1.2053327955624038
2020,401266711,15,TCU,Louisiana Tech,1,32,0.43720028474707795,0.59375,1.2053327955624038,32,-0.1457064867474003,0.21875,1.3042044134196076
2020,401266789,14,Charlotte,Western Kentucky,1,46,-0.031746317811917835,0.32608695652173914,1.4721604703322877,58,0.2218341111383751,0.5862068965517241,0.9621635910080949
2020,401266789,14,Western Kentucky,Charlotte,1,58,0.2218341111383751,0.5862068965517241,0.9621635910080949,46,-0.031746317811917835,0.32608695652173914,1.4721604703322877
2020,401267161,15,Georgia,Missouri,1,59,0.6041626096060885,0.576271186440678,1.5449725753632748,42,-0.05399475272484987,0.40476190476190477,1.123650312918737
2020,401267161,15,Missouri,Georgia,1,42,-0.05399475272484987,0.40476190476190477,1.123650312918737,59,0.6041626096060885,0.576271186440678,1.5449725753632748
2020,401267163,15,Tennessee,Vanderbilt,1,60,0.37311620827666914,0.5333333333333333,1.360807427243098,54,-0.05499069066726196,0.2962962962962963,1.309065411174366
2020,401267163,15,Vanderbilt,Tennessee,1,54,-0.05499069066726196,0.2962962962962963,1.309065411174366,60,0.37311620827666914,0.5333333333333333,1.360807427243098
2020,401267164,15,Alabama,Arkansas,1,43,0.23709258414449658,0.5581395348837209,1.0681862957646044,29,-0.1338019942794058,0.13793103448275862,1.7577768727307173
2020,401267164,15,Arkansas,Alabama,1,29,-0.1338019942794058,0.13793103448275862,1.7577768727307173,43,0.23709258414449658,0.5581395348837209,1.0681862957646044
2020,401267165,16,LSU,Ole Miss,1,94,0.23024391981007497,0.43617021276595747,1.3344986543664685,75,0.08166078427049954,0.48,1.452551864993945
2020,401267165,16,Ole Miss,LSU,1,75,0.08166078427049954,0.48,1.452551864993945,94,0.23024391981007497,0.43617021276595747,1.3344986543664685
2020,401267166,16,Mississippi State,Missouri,1,61,0.29307904741220253,0.5737704918032787,1.0853610795128283,54,-0.013736478609557118,0.4444444444444444,1.2826219779217212
2020,401267166,16,Missouri,Mississippi State,1,54,-0.013736478609557118,0.4444444444444444,1.2826219779217212,61,0.29307904741220253,0.5737704918032787,1.0853610795128283
2020,401268773,1,Ball State,San José State,1,70,0.05070089592255561,0.4,1.15762812362827,67,-0.3852546310253812,0.3582089552238806,1.2069846719051291
2020,401268773,1,San José State,Ball State,1,67,-0.3852546310253812,0.3582089552238806,1.2069846719051291,70,0.05070089592255561,0.4,1.15762812362827
2020,401269375,16,Utah,Washington State,1,77,0.10274389509151136,0.4025974025974026,1.2504006864016872,67,-0.10494668310824228,0.44776119402985076,1.0005684486219797
2020,401269375,16,Washington State,Utah,1,67,-0.10494668310824228,0.44776119402985076,1.0005684486219797,77,0.10274389509151136,0.4025974025974026,1.2504006864016872
2020,401269376,16,Stanford,UCLA,1,83,0.28056806669237966,0.5662650602409639,1.2044536796199456,74,0.3421710111076695,0.47297297297297297,1.4484742874585064
2020,401269376,16,UCLA,Stanford,1,74,0.3421710111076695,0.47297297297297297,1.4484742874585064,83,0.28056806669237966,0.5662650602409639,1.2044536796199456
2020,401269378,16,Arizona State,Oregon State,1,57,0.4414623898189133,0.45614035087719296,1.5632206599032221,82,0.20721754522067323,0.4634146341463415,1.1904688139728095
2020,401269378,16,Oregon State,Arizona State,1,82,0.20721754522067323,0.4634146341463415,1.1904688139728095,57,0.4414623898189133,0.45614035087719296,1.5632206599032221
2020,401269381,16,Illinois,Penn State,1,48,0.0007771965993329577,0.3333333333333333,1.525317525555793,58,0.4724043873446021,0.5517241379310345,1.1816279240583971
2020,401269381,16,Penn State,Illinois,1,58,0.4724043873446021,0.5517241379310345,1.1816279240583971,48,0.0007771965993329577,0.3333333333333333,1.525317525555793
2020,401269382,16,Nebraska,Rutgers,1,86,0.23688661832371358,0.5,1.2997112421794883,52,-0.12270851965589004,0.2692307692307692,1.552143902895023
2020,401269382,16,Rutgers,Nebraska,1,52,-0.12270851965589004,0.2692307692307692,1.552143902895023,86,0.23688661832371358,0.5,1.2997112421794883
2020,401269384,16,Minnesota,Wisconsin,1,59,0.07647782068965368,0.3898305084745763,1.3026284313066392,57,0.05304978290734018,0.38596491228070173,1.1115010734988506
2020,401269384,16,Wisconsin,Minnesota,1,57,0.05304978290734018,0.38596491228070173,1.1115010734988506,59,0.07647782068965368,0.3898305084745763,1.3026284313066392
2020,401302348,3,New Mexico State,Tarleton State,1,22,-0.2631418495176236,0.2727272727272727,1.1555932755657505,46,0.3776621601095656,0.391304347826087,1.829492651995546
2020,401302348,3,Tarleton State,New Mexico State,1,46,0.3776621601095656,0.391304347826087,1.829492651995546,22,-0.2631418495176236,0.2727272727272727,1.1555932755657505
