season_year,game_id,week,team,opponent,garbage_time_excluded,off_plays,off_ppa,off_success_rate,off_explosiveness,def_plays,def_ppa,def_success_rate,def_explosiveness
2012,322430009,1,Arizona State,Northern Arizona,1,31,0.4832164831945234,0.6129032258064516,1.1579303002052885,25,-0.24206223383107117,0.24,0.7625340555643607
2012,322430009,1,Northern Arizona,Arizona State,1,25,-0.24206223383107117,0.24,0.7625340555643607,31,0.4832164831945234,0.6129032258064516,1.1579303002052885
2012,322430041,1,Massachusetts,UConn,1,38,-0.18486793463074083,0.15789473684210525,0.9211638410395588,53,0.028144950485996394,0.41509433962264153,0.9992526328747617
2012,322430041,1,UConn,Massachusetts,1,53,0.028144950485996394,0.41509433962264153,0.9992526328747617,38,-0.18486793463074083,0.15789473684210525,0.9211638410395588
2012,322430070,1,Eastern Washington,Idaho,1,73,0.06426184642123252,0.3424657534246575,1.3378707403019015,61,0.02745963901393571,0.29508196721311475,0.8678981475601621
2012,322430070,1,Idaho,Eastern Washington,1,61,0.02745963901393571,0.29508196721311475,0.8678981475601621,73,0.06426184642123252,0.3424657534246575,1.3378707403019015
2012,322430166,1,New Mexico State,Sacramento State,1,48,0.07246505694059951,0.3333333333333333,1.3358172629166565,65,0.06722264436408222,0.4461538461538462,0.8909194018253962
2012,322430166,1,Sacramento State,New Mexico State,1,65,0.06722264436408222,0.4461538461538462,0.8909194018253962,48,0.07246505694059951,0.3333333333333333,1.3358172629166565
2012,322430238,1,South Carolina,Vanderbilt,1,60,0.03720882635583279,0.4166666666666667,0.8752770293952264,60,-0.21621909725135857,0.2833333333333333,0.9762537276886788
2012,322430238,1,Vanderbilt,South Carolina,1,60,-0.21621909725135857,0.2833333333333333,0.9762537276886788,60,0.03720882635583279,0.4166666666666667,0.8752770293952264
2012,322430242,1,Rice,UCLA,1,70,0.09677650649032284,0.42857142857142855,0.8632036349489953,56,-0.0028862163129828,0.5,0.47678972283409216
2012,322430242,1,UCLA,Rice,1,56,-0.0028862163129828,0.5,0.47678972283409216,70,0.09677650649032284,0.42857142857142855,0.8632036349489953
2012,322430252,1,BYU,Washington State,1,67,0.1993202742919089,0.5223880597014925,0.8368099041118138,47,-0.10823894900874731,0.2553191489361702,1.0704362818447366
2012,322430252,1,Washington State,BYU,1,47,-0.10823894900874731,0.2553191489361702,1.0704362818447366,67,0.1993202742919089,0.5223880597014925,0.8368099041118138
2012,322430254,1,Northern Colorado,Utah,1,41,-0.14050289476546807,0.1951219512195122,1.1627674904460152,56,0.20418763598965084,0.5535714285714286,0.7463162096208915
2012,322430254,1,Utah,Northern Colorado,1,56,0.20418763598965084,0.5535714285714286,0.7463162096208915,41,-0.14050289476546807,0.1951219512195122,1.1627674904460152
2012,322432006,1,Akron,UCF,1,42,-0.17086284130405743,0.2619047619047619,1.2364548661094452,39,0.15813531537940165,0.4358974358974359,0.8319802295943876
2012,322432006,1,UCF,Akron,1,39,0.15813531537940165,0.4358974358974359,0.8319802295943876,42,-0.17086284130405743,0.2619047619047619,1.2364548661094452
2012,322432050,1,Ball State,Eastern Michigan,1,95,0.11227453622054513,0.5052631578947369,0.8026527519509096,56,0.06615796409192433,0.4107142857142857,1.071300515127378
2012,322432050,1,Eastern Michigan,Ball State,1,56,0.06615796409192433,0.4107142857142857,1.071300515127378,95,0.11227453622054513,0.5052631578947369,0.8026527519509096
2012,322432117,1,Central Michigan,Southeast Missouri State,1,69,0.16520922253056336,0.5507246376811594,0.8385388960924833,65,0.07192874613269269,0.4,0.9096283498221909
2012,322432117,1,Southeast Missouri State,Central Michigan,1,65,0.07192874613269269,0.4,0.9096283498221909,69,0.16520922253056336,0.5507246376811594,0.8385388960924833
2012,322432309,1,Kent State,Towson,1,50,-0.21948066433551594,0.38,0.3406996236479205,41,0.09274814487539074,0.3902439024390244,1.2161782692090966
2012,322432309,1,Towson,Kent State,1,41,0.09274814487539074,0.3902439024390244,1.2161782692090966,50,-0.21948066433551594,0.38,0.3406996236479205
2012,322432393,1,McNeese,Middle Tennessee,1,69,0.2218849223725295,0.5507246376811594,0.8617908433192981,66,0.02652171871589324,0.48484848484848486,0.6401504131693615
2012,322432393,1,Middle Tennessee,McNeese,1,66,0.02652171871589324,0.48484848484848486,0.6401504131693615,69,0.2218849223725295,0.5507246376811594,0.8617908433192981
2012,322432439,1,Minnesota,UNLV,1,76,0.04195173217931696,0.42105263157894735,0.767649277413718,71,-0.14108902475057272,0.323943661971831,0.7983002028974944
2012,322432439,1,UNLV,Minnesota,1,71,-0.14108902475057272,0.323943661971831,0.7983002028974944,76,0.04195173217931696,0.42105263157894735,0.767649277413718
2012,322440024,1,San José State,Stanford,1,61,0.08485117604469244,0.36065573770491804,1.0824309270308505,67,-0.10652897299838328,0.4626865671641791,0.5337203819368429
2012,322440024,1,Stanford,San José State,1,67,-0.10652897299838328,0.4626865671641791,0.5337203819368429,61,0.08485117604469244,0.36065573770491804,1.0824309270308505
2012,322440127,1,Boise State,Michigan State,1,58,-0.15107510872154611,0.25862068965517243,1.1868856859128294,89,0.07045315205569773,0.4157303370786517,1.0325340515038817
2012,322440127,1,Michigan State,Boise State,1,89,0.07045315205569773,0.4157303370786517,1.0325340515038817,58,-0.15107510872154611,0.25862068965517243,1.1868856859128294
2012,322440218,1,Temple,Villanova,1,45,-0.027168405277456294,0.3333333333333333,1.092993102065988,51,0.018831163680602395,0.37254901960784315,0.8818357846904844
2012,322440218,1,Villanova,Temple,1,51,0.018831163680602395,0.37254901960784315,0.8818357846904844,45,-0.027168405277456294,0.3333333333333333,1.092993102065988
2012,322442226,1,Florida Atlantic,Wagner,1,63,0.04484077339305212,0.4126984126984127,0.9582524474858772,56,-0.14409148365101015,0.2857142857142857,0.8820767298729343
2012,322442226,1,Wagner,Florida Atlantic,1,56,-0.14409148365101015,0.2857142857142857,0.8820767298729343,63,0.04484077339305212,0.4126984126984127,0.9582524474858772
2012,322442633,1,NC State,Tennessee,1,77,0.03519804863799394,0.36363636363636365,1.0773942368391565,77,-0.005994772381110838,0.44155844155844154,0.8691609959226486
2012,322442633,1,Tennessee,NC State,1,77,-0.005994772381110838,0.44155844155844154,0.8691609959226486,77,0.03519804863799394,0.36363636363636365,1.0773942368391565
2012,322450002,1,Auburn,Clemson,1,67,0.07095567823334097,0.417910447761194,1.0535211021229676,89,0.21053226759814625,0.4943820224719101,0.8826987399213057
2012,322450002,1,Clemson,Auburn,1,89,0.21053226759814625,0.4943820224719101,0.8826987399213057,67,0.07095567823334097,0.417910447761194,1.0535211021229676
2012,322450005,1,Troy,UAB,1,63,0.13875237316665315,0.42857142857142855,1.0260096478538066,74,0.10368972902485206,0.33783783783783783,1.3765437242680636
2012,322450005,1,UAB,Troy,1,74,0.10368972902485206,0.33783783783783783,1.3765437242680636,63,0.13875237316665315,0.42857142857142855,1.0260096478538066
2012,322450006,1,South Alabama,UTSA,1,8,0.19476518644345128,0.625,0.7994088628015094,3,-0.2843239924627226,0,0
2012,322450006,1,UTSA,South Alabama,1,3,-0.2843239924627226,0,0,8,0.19476518644345128,0.625,0.7994088628015094
2012,322450008,1,Arkansas,Jacksonville State,1,47,0.2647345849263312,0.6382978723404256,0.8913678420613242,58,0.005605636606861394,0.3793103448275862,0.9513897806967991
2012,322450008,1,Jacksonville State,Arkansas,1,58,0.005605636606861394,0.3793103448275862,0.9513897806967991,47,0.2647345849263312,0.6382978723404256,0.8913678420613242
2012,322450012,1,Arizona,Toledo,1,86,0.19446566033672444,0.47674418604651164,0.9542696852904093,87,-0.025705543636599295,0.39080459770114945,0.8090217458873912
2012,322450012,1,Toledo,Arizona,1,87,-0.025705543636599295,0.39080459770114945,0.8090217458873912,86,0.19446566033672444,0.47674418604651164,0.9542696852904093
2012,322450025,1,California,Nevada,1,65,-0.012001313452935902,0.3230769230769231,1.2098218174574193,86,0.10452599059181432,0.4883720930232558,0.8869895201821544
2012,322450025,1,Nevada,California,1,86,0.10452599059181432,0.4883720930232558,0.8869895201821544,65,-0.012001313452935902,0.3230769230769231,1.2098218174574193
2012,322450030,1,Hawai'i,USC,1,38,-0.22271096046101754,0.2631578947368421,0.8947296204220635,35,-0.1079279226572364,0.34285714285714286,1.1114091744533838
2012,322450030,1,USC,Hawai'i,1,35,-0.1079279226572364,0.34285714285714286,1.1114091744533838,38,-0.22271096046101754,0.2631578947368421,0.8947296204220635
2012,322450038,1,Colorado,Colorado State,1,69,-0.1323024354779201,0.2753623188405797,0.9072258668394081,66,-0.013799203961320441,0.3333333333333333,1.0403157705921278
2012,322450038,1,Colorado State,Colorado,1,66,-0.013799203961320441,0.3333333333333333,1.0403157705921278,69,-0.1323024354779201,0.2753623188405797,0.9072258668394081
2012,322450052,1,Florida State,Murray State,1,35,0.2816980856452473,0.6,0.7922880187896735,42,-0.09129270454245633,0.30952380952380953,0.6979252109107303
2012,322450052,1,Murray State,Florida State,1,42,-0.09129270454245633,0.30952380952380953,0.6979252109107303,35,0.2816980856452473,0.6,0.7922880187896735
2012,322450057,1,Bowling Green,Florida,1,77,-0.029292805208057743,0.35064935064935066,0.9479205243918578,62,0.002365172542421384,0.41935483870967744,0.8237325114742985
2012,322450057,1,Florida,Bowling Green,1,62,0.002365172542421384,0.41935483870967744,0.8237325114742985,77,-0.029292805208057743,0.35064935064935066,0.9479205243918578
2012,322450058,1,Chattanooga,South Florida,1,64,-0.1021409137529504,0.265625,0.7667134387654557,59,-0.11385866922690675,0.4067796610169492,0.6872395780011215
2012,322450058,1,South Florida,Chattanooga,1,59,-0.11385866922690675,0.4067796610169492,0.6872395780011215,64,-0.1021409137529504,0.265625,0.7667134387654557
2012,322450061,1,Buffalo,Georgia,1,60,-0.011532028439690015,0.25,1.0129318755527217,63,0.08202668690643006,0.49206349206349204,0.8341344032582504
2012,322450061,1,Georgia,Buffalo,1,63,0.08202668690643006,0.49206349206349204,0.8341344032582504,60,-0.011532028439690015,0.25,1.0129318755527217
2012,322450066,1,Iowa State,Tulsa,1,86,0.06821686001131542,0.46511627906976744,0.7461223204354113,80,-0.022217023483347257,0.4125,0.7734530361251427
2012,322450066,1,Tulsa,Iowa State,1,80,-0.022217023483347257,0.4125,0.7734530361251427,86,0.06821686001131542,0.46511627906976744,0.7461223204354113
2012,322450084,1,Indiana,Indiana State,1,80,0.10770515423964004,0.475,0.8473168251119167,63,0.05005634430114876,0.42857142857142855,1.0511894604670813
2012,322450084,1,Indiana State,Indiana,1,63,0.05005634430114876,0.42857142857142855,1.0511894604670813,80,0.10770515423964004,0.475,0.8473168251119167
2012,322450098,1,Austin Peay,Western Kentucky,1,28,-0.22949573899769263,0.17857142857142858,0.8512768034909042,37,0.24624511499054197,0.5405405405405406,1.026018312646257
2012,322450098,1,Western Kentucky,Austin Peay,1,37,0.24624511499054197,0.5405405405405406,1.026018312646257,28,-0.22949573899769263,0.17857142857142858,0.8512768034909042
2012,322450099,1,LSU,North Texas,1,67,0.2023003066939385,0.6119402985074627,0.6822048836303989,40,-0.32949369261548794,0.125,0.4567941068874894
2012,322450099,1,North Texas,LSU,1,40,-0.32949369261548794,0.125,0.4567941068874894,67,0.2023003066939385,0.6119402985074627,0.6822048836303989
2012,322450103,1,Boston College,Miami,1,85,0.1330705638183978,0.5058823529411764,0.8832022977952986,77,0.018060007346410747,0.42857142857142855,0.790090105363086
2012,322450103,1,Miami,Boston College,1,77,0.018060007346410747,0.42857142857142855,0.790090105363086,85,0.1330705638183978,0.5058823529411764,0.8832022977952986
2012,322450120,1,Maryland,William & Mary,1,56,-0.04109145061017413,0.42857142857142855,0.7654679559429325,66,-0.11748596976731554,0.30303030303030304,1.133028605075358
2012,322450120,1,William & Mary,Maryland,1,66,-0.11748596976731554,0.30303030303030304,1.133028605075358,56,-0.04109145061017413,0.42857142857142855,0.7654679559429325
2012,322450142,1,Missouri,SE Louisiana,1,32,0.16825601909547525,0.375,1.5160983507473837,38,-0.05738660906705262,0.39473684210526316,0.8361022987050446
2012,322450142,1,SE Louisiana,Missouri,1,38,-0.05738660906705262,0.39473684210526316,0.8361022987050446,32,0.16825601909547525,0.375,1.5160983507473837
2012,322450145,1,Central Arkansas,Ole Miss,1,55,0.0019495658085095947,0.32727272727272727,0.984592998849553,70,0.21705431814865137,0.5714285714285714,0.9308309681830907
2012,322450145,1,Ole Miss,Central Arkansas,1,70,0.21705431814865137,0.5714285714285714,0.9308309681830907,55,0.0019495658085095947,0.32727272727272727,0.984592998849553
2012,322450150,1,Duke,Florida International,1,43,0.18731346809137853,0.46511627906976744,0.9712023121414163,40,0.04634063925932665,0.55,0.588093124208679
2012,322450150,1,Florida International,Duke,1,40,0.04634063925932665,0.55,0.588093124208679,43,0.18731346809137853,0.46511627906976744,0.9712023121414163
2012,322450151,1,App State,East Carolina,1,73,0.06571924158762754,0.4794520547945205,0.8387530168209635,75,0.04194149761420155,0.37333333333333335,1.1584801922218786
2012,322450151,1,East Carolina,App State,1,75,0.04194149761420155,0.37333333333333335,1.1584801922218786,73,0.06571924158762754,0.4794520547945205,0.8387530168209635
2012,322450153,1,Elon,North Carolina,1,36,-0.17815955837536507,0.19444444444444445,1.2562117429375912,42,0.05288474990422459,0.5238095238095238,0.6362342280622506
2012,322450153,1,North Carolina,Elon,1,42,0.05288474990422459,0.5238095238095238,0.6362342280622506,36,-0.17815955837536507,0.19444444444444445,1.2562117429375912
2012,322450158,1,Nebraska,Southern Miss,1,63,0.30145484860135646,0.6031746031746031,0.8562316389674657,55,0.072795345587637,0.43636363636363634,0.8719593565771261
2012,322450158,1,Southern Miss,Nebraska,1,55,0.072795345587637,0.43636363636363634,0.8719593565771261,63,0.30145484860135646,0.6031746031746031,0.8562316389674657
2012,322450183,1,Northwestern,Syracuse,1,68,0.03403220775587371,0.4117647058823529,1.074716980274781,91,0.08564351474315912,0.4175824175824176,0.923180785114914
2012,322450183,1,Syracuse,Northwestern,1,91,0.08564351474315912,0.4175824175824176,0.923180785114914,68,0.03403220775587371,0.4117647058823529,1.074716980274781
2012,322450194,1,Miami (OH),Ohio State,1,56,-0.027509233205330018,0.26785714285714285,1.109638061058733,59,0.13370775296203435,0.3728813559322034,1.28644768063822
2012,322450194,1,Ohio State,Miami (OH),1,59,0.13370775296203435,0.3728813559322034,1.28644768063822,56,-0.027509233205330018,0.26785714285714285,1.109638061058733
2012,322450197,1,Oklahoma State,Savannah State,1,35,0.3148336064726728,0.6285714285714286,0.8720306543479821,29,-0.2866842432546131,0.06896551724137931,0.7882280436398172
2012,322450197,1,Savannah State,Oklahoma State,1,29,-0.2866842432546131,0.06896551724137931,0.7882280436398172,35,0.3148336064726728,0.6285714285714286,0.8720306543479821
2012,322450213,1,Ohio,Penn State,1,86,0.16466112508341474,0.47674418604651164,0.918196931482816,68,0.06479022365099242,0.45588235294117646,0.9897191676909617
2012,322450213,1,Penn State,Ohio,1,68,0.06479022365099242,0.45588235294117646,0.9897191676909617,86,0.16466112508341474,0.47674418604651164,0.918196931482816
2012,322450221,1,Pittsburgh,Youngstown State,1,57,0.16942519505416004,0.5087719298245614,1.0689476999452565,67,0.1556320282173926,0.417910447761194,0.9752315607954063
2012,322450221,1,Youngstown State,Pittsburgh,1,67,0.1556320282173926,0.417910447761194,0.9752315607954063,57,0.16942519505416004,0.5087719298245614,1.0689476999452565
2012,322450235,1,Memphis,UT Martin,1,71,0.10017442411323137,0.43661971830985913,0.9538442244618109,77,-0.05733198047352261,0.4155844155844156,0.7864845311374721
2012,322450235,1,UT Martin,Memphis,1,77,-0.05733198047352261,0.4155844155844156,0.7864845311374721,71,0.10017442411323137,0.43661971830985913,0.9538442244618109
2012,322450248,1,Houston,Texas State,1,68,-0.08788997063651714,0.35294117647058826,0.8581872208752112,77,0.0777094995477071,0.4155844155844156,0.9514078456962407
2012,322450248,1,Texas State,Houston,1,77,0.0777094995477071,0.4155844155844156,0.9514078456962407,68,-0.08788997063651714,0.35294117647058826,0.8581872208752112
2012,322450251,1,Texas,Wyoming,1,71,0.112871641184571,0.4507042253521127,0.8363134757372555,57,-0.12258393155310886,0.3157894736842105,0.829500248293638
2012,322450251,1,Wyoming,Texas,1,57,-0.12258393155310886,0.3157894736842105,0.829500248293638,71,0.112871641184571,0.4507042253521127,0.8363134757372555
2012,322450258,1,Richmond,Virginia,1,45,0.020277426219483547,0.3333333333333333,1.0317246440791097,69,0.08310277886581201,0.5217391304347826,0.7225238371172171
2012,322450258,1,Virginia,Richmond,1,69,0.08310277886581201,0.5217391304347826,0.7225238371172171,45,0.020277426219483547,0.3333333333333333,1.0317246440791097
2012,322450264,1,San Diego State,Washington,1,57,0.08063270296122252,0.3508771929824561,1.3393748551626288,64,0.1838167213065798,0.421875,1.1291561241214607
2012,322450264,1,Washington,San Diego State,1,64,0.1838167213065798,0.421875,1.1291561241214607,57,0.08063270296122252,0.3508771929824561,1.3393748551626288
2012,322450275,1,Northern Iowa,Wisconsin,1,51,0.03336865810305995,0.35294117647058826,1.2736737726022582,69,0.17058974156774714,0.5072463768115942,0.8036130254572655
2012,322450275,1,Wisconsin,Northern Iowa,1,69,0.17058974156774714,0.5072463768115942,0.8036130254572655,51,0.03336865810305995,0.35294117647058826,1.2736737726022582
2012,322450277,1,Marshall,West Virginia,1,48,0.08276467887139022,0.3333333333333333,1.2331343887079063,52,0.35389229393615984,0.7692307692307693,0.7394173858025532
2012,322450277,1,West Virginia,Marshall,1,52,0.35389229393615984,0.7692307692307693,0.7394173858025532,48,0.08276467887139022,0.3333333333333333,1.2331343887079063
2012,322450278,1,Fresno State,Weber State,1,58,0.3432463964913312,0.5,1.0661238369642936,60,-0.06351670723961687,0.3,1.1686336208804982
2012,322450278,1,Weber State,Fresno State,1,60,-0.06351670723961687,0.3,1.1686336208804982,58,0.3432463964913312,0.5,1.0661238369642936
2012,322450333,1,Alabama,Michigan,1,56,0.2740456416722942,0.5892857142857143,0.8443911397968573,48,0.030630928570343992,0.3125,1.347056536675759
2012,322450333,1,Michigan,Alabama,1,48,0.030630928570343992,0.3125,1.347056536675759,56,0.2740456416722942,0.5892857142857143,0.8443911397968573
2012,322450344,1,Jackson State,Mississippi State,1,29,0.03620793381138286,0.4827586206896552,0.5358218235756748,35,0.1744705838181372,0.5142857142857142,0.7833553676139339
2012,322450344,1,Mississippi State,Jackson State,1,35,0.1744705838181372,0.5142857142857142,0.7833553676139339,29,0.03620793381138286,0.4827586206896552,0.5358218235756748
2012,322450356,1,Illinois,Western Michigan,1,61,-0.19892300895687492,0.2459016393442623,0.884716266364077,65,-0.12027818467110797,0.27692307692307694,1.2135140870849435
2012,322450356,1,Western Michigan,Illinois,1,65,-0.12027818467110797,0.27692307692307694,1.2135140870849435,61,-0.19892300895687492,0.2459016393442623,0.884716266364077
2012,322452005,1,Air Force,Idaho State,1,56,0.31944312490468607,0.48214285714285715,1.1129930215987072,65,0.16111379109344728,0.5384615384615384,0.8108771377044491
2012,322452005,1,Idaho State,Air Force,1,65,0.16111379109344728,0.5384615384615384,0.8108771377044491,56,0.31944312490468607,0.48214285714285715,1.1129930215987072
2012,322452305,1,Kansas,South Dakota State,1,81,-0.08958546863501488,0.38271604938271603,0.8589303872582565,73,-0.07947451228506465,0.3561643835616438,0.7498162887286052
2012,322452305,1,South Dakota State,Kansas,1,73,-0.07947451228506465,0.3561643835616438,0.7498162887286052,81,-0.08958546863501488,0.38271604938271603,0.8589303872582565
2012,322452306,1,Kansas State,Missouri State,1,62,0.046447685756800396,0.45161290322580644,0.6413134250697389,64,0.1071220677906707,0.4375,1.0270160253780365
2012,322452306,1,Missouri State,Kansas State,1,64,0.1071220677906707,0.4375,1.0270160253780365,62,0.046447685756800396,0.45161290322580644,0.6413134250697389
2012,322452426,1,Navy,Notre Dame,1,43,0.08004148885847956,0.5581395348837209,0.7317200563571173,44,0.2523111571037563,0.6590909090909091,0.6523942406011884
2012,322452426,1,Notre Dame,Navy,1,44,0.2523111571037563,0.6590909090909091,0.6523942406011884,43,0.08004148885847956,0.5581395348837209,0.7317200563571173
2012,322452459,1,Iowa,Northern Illinois,1,84,0.0075221153918131,0.44047619047619047,0.6143608807200309,51,-0.0921810321983464,0.23529411764705882,0.9964834991949909
2012,322452459,1,Northern Illinois,Iowa,1,51,-0.0921810321983464,0.23529411764705882,0.9964834991949909,84,0.0075221153918131,0.44047619047619047,0.6143608807200309
2012,322452483,1,Arkansas State,Oregon,1,29,0.023309624269834538,0.5172413793103449,0.31980384658552385,26,0.5730913066433413,0.7307692307692307,1.0454284583782094
2012,322452483,1,Oregon,Arkansas State,1,26,0.5730913066433413,0.7307692307692307,1.0454284583782094,29,0.023309624269834538,0.5172413793103449,0.31980384658552385
2012,322452509,1,Eastern Kentucky,Purdue,1,38,-0.08288857902847638,0.2894736842105263,1.0839043450304746,62,0.21193554831912356,0.6129032258064516,0.7667527122345014
2012,322452509,1,Purdue,Eastern Kentucky,1,62,0.21193554831912356,0.6129032258064516,0.7667527122345014,38,-0.08288857902847638,0.2894736842105263,1.0839043450304746
2012,322452638,1,Oklahoma,UTEP,1,71,-0.00461018917502325,0.39436619718309857,0.7518395559460833,62,-0.04882922017546151,0.20967741935483872,1.2663849376390712
2012,322452638,1,UTEP,Oklahoma,1,62,-0.04882922017546151,0.20967741935483872,1.2663849376390712,71,-0.00461018917502325,0.39436619718309857,0.7518395559460833
2012,322452641,1,Northwestern State,Texas Tech,1,42,-0.17301607350750392,0.2619047619047619,1.1675427972894579,74,0.14076718845122602,0.5540540540540541,0.5935161228741977
2012,322452641,1,Texas Tech,Northwestern State,1,74,0.14076718845122602,0.5540540540540541,0.5935161228741977,42,-0.17301607350750392,0.2619047619047619,1.1675427972894579
2012,322452655,1,Rutgers,Tulane,1,58,-0.11322324949041973,0.3275862068965517,0.9006687800628327,67,0.012189888146332465,0.3283582089552239,0.9929685723066466
2012,322452655,1,Tulane,Rutgers,1,67,0.012189888146332465,0.3283582089552239,0.9929685723066466,58,-0.11322324949041973,0.3275862068965517,0.9006687800628327
2012,322460097,1,Kentucky,Louisville,1,68,0.14283744458388978,0.47058823529411764,0.9996855479356034,69,0.21238548548040442,0.463768115942029,0.9941462566519638
2012,322460097,1,Louisville,Kentucky,1,69,0.21238548548040442,0.463768115942029,0.9941462566519638,68,0.14283744458388978,0.47058823529411764,0.9996855479356034
2012,322460239,1,Baylor,SMU,1,43,0.28547295940739187,0.5116279069767442,1.103947073143136,60,0.019063325013122776,0.45,0.7007076093029846
2012,322460239,1,SMU,Baylor,1,60,0.019063325013122776,0.45,0.7007076093029846,43,0.28547295940739187,0.5116279069767442,1.103947073143136
2012,322470259,1,Georgia Tech,Virginia Tech,1,70,-0.04928114575459433,0.35714285714285715,0.808926710067074,73,-0.028363958035878305,0.3561643835616438,1.0246622422028138
2012,322470259,1,Virginia Tech,Georgia Tech,1,73,-0.028363958035878305,0.3561643835616438,1.0246622422028138,70,-0.04928114575459433,0.35714285714285715,0.808926710067074
2012,322502132,2,Cincinnati,Pittsburgh,1,40,0.2493720143342198,0.35,1.8378411343498704,62,0.12584087413166778,0.43548387096774194,1.0701096472347043
2012,322502132,2,Pittsburgh,Cincinnati,1,62,0.12584087413166778,0.43548387096774194,1.0701096472347043,40,0.2493720143342198,0.35,1.8378411343498704
2012,322510328,2,Utah,Utah State,1,79,-0.028664119051556997,0.27848101265822783,0.9519287809942574,64,0.09393521486870503,0.390625,0.9490492808189144
2012,322510328,2,Utah State,Utah,1,64,0.09393521486870503,0.390625,0.9490492808189144,79,-0.028664119051556997,0.27848101265822783,0.9519287809942574
2012,322520006,2,Nicholls,South Alabama,1,53,-0.22528955848781534,0.22641509433962265,1.3574019064015268,77,-0.044124077478649916,0.35064935064935066,0.7225143088230586
2012,322520006,2,South Alabama,Nicholls,1,77,-0.044124077478649916,0.35064935064935066,0.7225143088230586,53,-0.22528955848781534,0.22641509433962265,1.3574019064015268
2012,322520008,2,Arkansas,UL Monroe,1,63,0.0656512356696701,0.42857142857142855,0.933520051641302,98,0.05626469309777803,0.3673469387755102,1.0561327626932169
2012,322520008,2,UL Monroe,Arkansas,1,98,0.05626469309777803,0.3673469387755102,1.0561327626932169,63,0.0656512356696701,0.42857142857142855,0.933520051641302
2012,322520009,2,Arizona State,Illinois,1,56,0.353027978954202,0.6071428571428571,0.9780345539776802,59,0.09722404342795159,0.3898305084745763,0.8820423361151368
2012,322520009,2,Illinois,Arizona State,1,59,0.09722404342795159,0.3898305084745763,0.8820423361151368,56,0.353027978954202,0.6071428571428571,0.9780345539776802
2012,322520012,2,Arizona,Oklahoma State,1,87,0.06307685103691966,0.42528735632183906,0.809508345809781,87,0.12422685397999507,0.4827586206896552,0.9398993914446399
2012,322520012,2,Oklahoma State,Arizona,1,87,0.12422685397999507,0.4827586206896552,0.9398993914446399,87,0.06307685103691966,0.42528735632183906,0.809508345809781
2012,322520021,2,Army,San Diego State,1,41,0.015867201638062982,0.4634146341463415,0.7271901941568474,41,0.409820191693664,0.5609756097560976,1.072292808088464
2012,322520021,2,San Diego State,Army,1,41,0.409820191693664,0.5609756097560976,1.072292808088464,41,0.015867201638062982,0.4634146341463415,0.7271901941568474
2012,322520023,2,San José State,UC Davis,1,61,0.21267325496990258,0.47540983606557374,0.9934328063355766,45,-0.011712188452383261,0.4444444444444444,0.6216985936027719
2012,322520023,2,UC Davis,San José State,1,45,-0.011712188452383261,0.4444444444444444,0.6216985936027719,61,0.21267325496990258,0.47540983606557374,0.9934328063355766
2012,322520024,2,Duke,Stanford,1,41,-0.2443602376376254,0.2682926829268293,0.2053339256065234,44,0.10077147940137454,0.4318181818181818,0.7852953575348898
2012,322520024,2,Stanford,Duke,1,44,0.10077147940137454,0.4318181818181818,0.7852953575348898,41,-0.2443602376376254,0.2682926829268293,0.2053339256065234
2012,322520025,2,California,Southern Utah,1,61,0.18098954985133764,0.45901639344262296,0.8761229645056151,61,-0.13136176186674067,0.3442622950819672,0.7869775697042661
2012,322520025,2,Southern Utah,California,1,61,-0.13136176186674067,0.3442622950819672,0.7869775697042661,61,0.18098954985133764,0.45901639344262296,0.8761229645056151
2012,322520026,2,Nebraska,UCLA,1,67,0.09316778821833602,0.40298507462686567,0.9646519151237997,92,0.14495095021343277,0.45652173913043476,0.8540877357404275
2012,322520026,2,UCLA,Nebraska,1,92,0.14495095021343277,0.45652173913043476,0.8540877357404275,67,0.09316778821833602,0.40298507462686567,0.9646519151237997
2012,322520038,2,Colorado,Sacramento State,1,59,0.07878816939271857,0.3559322033898305,1.257594902079483,71,0.16688689349742905,0.49295774647887325,0.8613630477254386
2012,322520038,2,Sacramento State,Colorado,1,71,0.16688689349742905,0.49295774647887325,0.8613630477254386,59,0.07878816939271857,0.3559322033898305,1.257594902079483
2012,322520041,2,NC State,UConn,1,71,-0.13199848672316522,0.30985915492957744,0.9915695957295685,57,-0.20759628488301146,0.3157894736842105,0.8209201455903417
2012,322520041,2,UConn,NC State,1,57,-0.20759628488301146,0.3157894736842105,0.8209201455903417,71,-0.13199848672316522,0.30985915492957744,0.9915695957295685
2012,322520052,2,Florida State,Savannah State,1,25,0.40912249247141386,0.64,0.8882639047437241,18,-0.3022707131735005,0.16666666666666666,0.6548582473894511
2012,322520052,2,Savannah State,Florida State,1,18,-0.3022707131735005,0.16666666666666666,0.6548582473894511,25,0.40912249247141386,0.64,0.8882639047437241
2012,322520059,2,Georgia Tech,Presbyterian,1,43,0.23998343991502216,0.5348837209302325,0.9319388224419326,38,-0.3156212523441234,0.23684210526315788,0.8658576127607692
2012,322520059,2,Presbyterian,Georgia Tech,1,38,-0.3156212523441234,0.23684210526315788,0.8658576127607692,43,0.23998343991502216,0.5348837209302325,0.9319388224419326
2012,322520077,2,Northwestern,Vanderbilt,1,78,-0.0031183638734223447,0.47435897435897434,0.640281001658266,68,0.0580529094512137,0.35294117647058826,1.1450965374952202
2012,322520077,2,Vanderbilt,Northwestern,1,68,0.0580529094512137,0.35294117647058826,1.1450965374952202,78,-0.0031183638734223447,0.47435897435897434,0.640281001658266
2012,322520087,2,Notre Dame,Purdue,1,74,0.12394231244213641,0.4189189189189189,1.0811740464893485,65,0.01108736798377745,0.3384615384615385,0.9676057369597753
2012,322520087,2,Purdue,Notre Dame,1,65,0.01108736798377745,0.3384615384615385,0.9676057369597753,74,0.12394231244213641,0.4189189189189189,1.0811740464893485
2012,322520096,2,Kent State,Kentucky,1,51,0.028366593060520463,0.37254901960784315,0.9808973365180591,59,0.06935713724081696,0.5084745762711864,0.7931185040008416
2012,322520096,2,Kentucky,Kent State,1,59,0.06935713724081696,0.5084745762711864,0.7931185040008416,51,0.028366593060520463,0.37254901960784315,0.9808973365180591
2012,322520097,2,Louisville,Missouri State,1,75,0.2149873558779312,0.52,0.8256451824543306,55,-0.06398061268494229,0.3090909090909091,1.2159601263589848
2012,322520097,2,Missouri State,Louisville,1,55,-0.06398061268494229,0.3090909090909091,1.2159601263589848,75,0.2149873558779312,0.52,0.8256451824543306
2012,322520099,2,LSU,Washington,1,53,0.15668163387795497,0.5283018867924528,0.6870832863478635,43,-0.21849528912062757,0.27906976744186046,0.33348008948230895
2012,322520099,2,Washington,LSU,1,43,-0.21849528912062757,0.27906976744186046,0.33348008948230895,53,0.15668163387795497,0.5283018867924528,0.6870832863478635
2012,322520103,2,Boston College,Maine,1,56,0.0700980084747061,0.4107142857142857,0.9074871990918802,56,-0.17624695047195124,0.2857142857142857,0.5483427876815622
2012,322520103,2,Maine,Boston College,1,56,-0.17624695047195124,0.2857142857142857,0.5483427876815622,56,0.0700980084747061,0.4107142857142857,0.9074871990918802
2012,322520113,2,Indiana,Massachusetts,1,46,0.3901496025017712,0.5217391304347826,0.9982081247170096,35,-0.13842496500844784,0.34285714285714286,1.0174400678794544
2012,322520113,2,Massachusetts,Indiana,1,35,-0.13842496500844784,0.34285714285714286,1.0174400678794544,46,0.3901496025017712,0.5217391304347826,0.9982081247170096
2012,322520130,2,Air Force,Michigan,1,88,0.047706377140624735,0.375,0.9068343284237117,53,-0.0010463719324816068,0.4716981132075472,0.9224597096361189
2012,322520130,2,Michigan,Air Force,1,53,-0.0010463719324816068,0.4716981132075472,0.9224597096361189,88,0.047706377140624735,0.375,0.9068343284237117
2012,322520135,2,Minnesota,New Hampshire,1,38,0.0920003678343872,0.34210526315789475,1.0558393960839945,49,-0.010720190103626279,0.30612244897959184,1.2521915747718917
2012,322520135,2,New Hampshire,Minnesota,1,49,-0.010720190103626279,0.30612244897959184,1.2521915747718917,38,0.0920003678343872,0.34210526315789475,1.0558393960839945
2012,322520142,2,Georgia,Missouri,1,67,0.05413480830429518,0.3283582089552239,1.1897776923816377,80,-0.004186406921874692,0.3875,0.7062288637174877
2012,322520142,2,Missouri,Georgia,1,80,-0.004186406921874692,0.3875,0.7062288637174877,67,0.05413480830429518,0.3283582089552239,1.1897776923816377
2012,322520145,2,Ole Miss,UTEP,1,65,0.275058288757876,0.5384615384615384,0.9514808528506,67,-0.08213601080840847,0.3582089552238806,0.9611132689847856
2012,322520145,2,UTEP,Ole Miss,1,67,-0.08213601080840847,0.3582089552238806,0.9611132689847856,65,0.275058288757876,0.5384615384615384,0.9514808528506
2012,322520154,2,North Carolina,Wake Forest,1,80,0.12711071105075794,0.4375,0.9228039056303545,69,0.16850979064429403,0.4927536231884058,1.0237818053675305
2012,322520154,2,Wake Forest,North Carolina,1,69,0.16850979064429403,0.4927536231884058,1.0237818053675305,80,0.12711071105075794,0.4375,0.9228039056303545
2012,322520164,2,Howard,Rutgers,1,47,-0.1891270233043692,0.2553191489361702,1.0602899359323885,43,0.07003460532819782,0.4186046511627907,0.8998867848740112
2012,322520164,2,Rutgers,Howard,1,43,0.07003460532819782,0.4186046511627907,0.8998867848740112,47,-0.1891270233043692,0.2553191489361702,1.0602899359323885
2012,322520183,2,Syracuse,USC,1,83,0.09387245036368151,0.4457831325301205,0.7785560878119715,57,0.10084672048695283,0.38596491228070173,1.1653231017633556
2012,322520183,2,USC,Syracuse,1,57,0.10084672048695283,0.38596491228070173,1.1653231017633556,83,0.09387245036368151,0.4457831325301205,0.7785560878119715
2012,322520189,2,Bowling Green,Idaho,1,59,0.03950565085408717,0.3728813559322034,0.916788029991898,59,0.15037417980451856,0.4406779661016949,0.8090870810209289
2012,322520189,2,Idaho,Bowling Green,1,59,0.15037417980451856,0.4406779661016949,0.8090870810209289,59,0.03950565085408717,0.3728813559322034,0.916788029991898
2012,322520193,2,Miami (OH),Southern Illinois,1,68,0.06377403697858824,0.4264705882352941,0.8893213729150824,69,0.12155994253131491,0.463768115942029,0.7419789369201957
2012,322520193,2,Southern Illinois,Miami (OH),1,69,0.12155994253131491,0.463768115942029,0.7419789369201957,68,0.06377403697858824,0.4264705882352941,0.8893213729150824
2012,322520194,2,Ohio State,UCF,1,72,0.11788420805691768,0.5555555555555556,0.6076660498320904,63,0.04499142595266457,0.4126984126984127,0.804828400246743
2012,322520194,2,UCF,Ohio State,1,63,0.04499142595266457,0.4126984126984127,0.804828400246743,72,0.11788420805691768,0.5555555555555556,0.6076660498320904
2012,322520195,2,New Mexico State,Ohio,1,46,-0.02311716176801945,0.391304347826087,0.6791954755851468,68,0.1469299331508489,0.45588235294117646,0.9773616316775756
2012,322520195,2,Ohio,New Mexico State,1,68,0.1469299331508489,0.45588235294117646,0.9773616316775756,46,-0.02311716176801945,0.391304347826087,0.6791954755851468
2012,322520201,2,Florida A&M,Oklahoma,1,30,-0.16410729955197356,0.26666666666666666,0.5554673971228606,42,0.28287816309179653,0.5476190476190477,1.048038751314271
2012,322520201,2,Oklahoma,Florida A&M,1,42,0.28287816309179653,0.5476190476190477,1.048038751314271,30,-0.16410729955197356,0.26666666666666666,0.5554673971228606
2012,322520202,2,Tulane,Tulsa,1,34,-0.08897006903928253,0.20588235294117646,1.3806130759915356,31,0.35236316919318034,0.5483870967741935,1.2816147155310318
2012,322520202,2,Tulsa,Tulane,1,31,0.35236316919318034,0.5483870967741935,1.2816147155310318,34,-0.08897006903928253,0.20588235294117646,1.3806130759915356
2012,322520204,2,Oregon State,Wisconsin,1,78,-0.016988894711850867,0.32051282051282054,1.1493605037134695,61,-0.16737564881811298,0.29508196721311475,0.9585274805602023
2012,322520204,2,Wisconsin,Oregon State,1,61,-0.16737564881811298,0.29508196721311475,0.9585274805602023,78,-0.016988894711850867,0.32051282051282054,1.1493605037134695
2012,322520218,2,Maryland,Temple,1,67,-0.032839943437553094,0.29850746268656714,1.1772052632246683,56,-0.13018222349527347,0.2857142857142857,1.0000135532196082
2012,322520218,2,Temple,Maryland,1,56,-0.13018222349527347,0.2857142857142857,1.0000135532196082,67,-0.032839943437553094,0.29850746268656714,1.1772052632246683
2012,322520228,2,Ball State,Clemson,1,43,-0.011460069735281372,0.37209302325581395,0.8392554863007112,64,0.22290814099453513,0.46875,1.0484982463378516
2012,322520228,2,Clemson,Ball State,1,64,0.22290814099453513,0.46875,1.0484982463378516,43,-0.011460069735281372,0.37209302325581395,0.8392554863007112
2012,322520245,2,Florida,Texas A&M,1,65,0.10180743036125614,0.46153846153846156,0.9515000728559833,68,0.13434778886616586,0.39705882352941174,0.9255170150232237
2012,322520245,2,Texas A&M,Florida,1,68,0.13434778886616586,0.39705882352941174,0.9255170150232237,65,0.10180743036125614,0.46153846153846156,0.9515000728559833
2012,322520248,2,Houston,Louisiana Tech,1,110,0.174381103694726,0.41818181818181815,1.122281197365788,85,0.04191741041034428,0.4588235294117647,0.7863583073607016
2012,322520248,2,Louisiana Tech,Houston,1,85,0.04191741041034428,0.4588235294117647,0.7863583073607016,110,0.174381103694726,0.41818181818181815,1.122281197365788
2012,322520249,2,North Texas,Texas Southern,1,74,0.13511133771396894,0.43243243243243246,1.030417513380737,59,-0.2607405950222823,0.2033898305084746,0.7982113329549633
2012,322520249,2,Texas Southern,North Texas,1,59,-0.2607405950222823,0.2033898305084746,0.7982113329549633,74,0.13511133771396894,0.43243243243243246,1.030417513380737
2012,322520251,2,New Mexico,Texas,1,39,0.036237403587040036,0.41025641025641024,1.1226634246780423,40,0.25411636547459415,0.4,1.1331464346848992
2012,322520251,2,Texas,New Mexico,1,40,0.25411636547459415,0.4,1.1331464346848992,39,0.036237403587040036,0.41025641025641024,1.1226634246780423
2012,322520252,2,BYU,Weber State,1,61,0.21059302906826696,0.45901639344262296,1.0336640221723423,50,0.024426723187698837,0.32,1.118279269953535
2012,322520252,2,Weber State,BYU,1,50,0.024426723187698837,0.32,1.118279269953535,61,0.21059302906826696,0.45901639344262296,1.0336640221723423
2012,322520258,2,Penn State,Virginia,1,84,-0.012461395938647157,0.30952380952380953,1.1959521162455808,60,0.16363714227936713,0.38333333333333336,1.2375746780877885
2012,322520258,2,Virginia,Penn State,1,60,0.16363714227936713,0.38333333333333336,1.2375746780877885,84,-0.012461395938647157,0.30952380952380953,1.1959521162455808
2012,322520259,2,Austin Peay,Virginia Tech,1,46,-0.1443207320787551,0.21739130434782608,1.4919291987699044,47,0.09213258814515947,0.425531914893617,0.9963827558747942
2012,322520259,2,Virginia Tech,Austin Peay,1,47,0.09213258814515947,0.425531914893617,0.9963827558747942,46,-0.1443207320787551,0.21739130434782608,1.4919291987699044
2012,322520265,2,Eastern Washington,Washington State,1,83,0.05111814935670568,0.3253012048192771,1.2260653615709955,65,0.0882417037671922,0.4307692307692308,0.8460014267815307
2012,322520265,2,Washington State,Eastern Washington,1,65,0.0882417037671922,0.4307692307692308,0.8460014267815307,83,0.05111814935670568,0.3253012048192771,1.2260653615709955
2012,322520276,2,Marshall,Western Carolina,1,72,0.32774679640999105,0.5555555555555556,1.1159610641675655,48,-0.014690121438292366,0.3541666666666667,0.7836931953527143
2012,322520276,2,Western Carolina,Marshall,1,48,-0.014690121438292366,0.3541666666666667,0.7836931953527143,72,0.32774679640999105,0.5555555555555556,1.1159610641675655
2012,322520326,2,Texas State,Texas Tech,1,42,-0.015364200594517395,0.42857142857142855,0.738407314028906,33,0.42695811178637494,0.48484848484848486,1.3336938829707974
2012,322520326,2,Texas Tech,Texas State,1,33,0.42695811178637494,0.48484848484848486,1.3336938829707974,42,-0.015364200594517395,0.42857142857142855,0.738407314028906
2012,322520333,2,Alabama,Western Kentucky,1,29,0.08567391251490711,0.3793103448275862,0.7629791762373296,50,0.05188571908727425,0.32,1.1166740212516275
2012,322520333,2,Western Kentucky,Alabama,1,50,0.05188571908727425,0.32,1.1166740212516275,29,0.08567391251490711,0.3793103448275862,0.7629791762373296
2012,322520344,2,Auburn,Mississippi State,1,62,-0.05607757383886759,0.41935483870967744,0.4483633260527094,61,-0.027117605177921642,0.4918032786885246,0.6679098508744323
2012,322520344,2,Mississippi State,Auburn,1,61,-0.027117605177921642,0.4918032786885246,0.6679098508744323,62,-0.05607757383886759,0.41935483870967744,0.4483633260527094
2012,322522032,2,Arkansas State,Memphis,1,96,0.22279330563700123,0.4895833333333333,0.8876546117592414,54,-0.01018025856029265,0.3333333333333333,0.9632337503525106
2012,322522032,2,Memphis,Arkansas State,1,54,-0.01018025856029265,0.3333333333333333,0.9632337503525106,96,0.22279330563700123,0.4895833333333333,0.8876546117592414
2012,322522084,2,Buffalo,Morgan State,1,36,0.4246304378077007,0.6388888888888888,1.0628030360700869,40,0.04268832980815579,0.45,0.6619510722933637
2012,322522084,2,Morgan State,Buffalo,1,40,0.04268832980815579,0.45,0.6619510722933637,36,0.4246304378077007,0.6388888888888888,1.0628030360700869
2012,322522117,2,Central Michigan,Michigan State,1,40,-0.11499044698228293,0.375,0.810294007555155,47,0.16382661129562712,0.46808510638297873,0.7778830978620318
2012,322522117,2,Michigan State,Central Michigan,1,47,0.16382661129562712,0.46808510638297873,0.7778830978620318,40,-0.11499044698228293,0.375,0.810294007555155
2012,322522199,2,Eastern Michigan,Illinois State,1,55,-0.10934263715779696,0.2727272727272727,1.2448604031225474,72,-0.08731021152404317,0.4444444444444444,0.5419494877827878
2012,322522199,2,Illinois State,Eastern Michigan,1,72,-0.08731021152404317,0.4444444444444444,0.5419494877827878,55,-0.10934263715779696,0.2727272727272727,1.2448604031225474
2012,322522229,2,Akron,Florida International,1,85,-0.07721216353097107,0.3058823529411765,1.1213700947724785,79,0.08686943006563139,0.4050632911392405,0.9686201488507147
2012,322522229,2,Florida International,Akron,1,79,0.08686943006563139,0.4050632911392405,0.9686201488507147,85,-0.07721216353097107,0.3058823529411765,1.1213700947724785
2012,322522294,2,Iowa,Iowa State,1,72,-0.07120449519461759,0.3472222222222222,0.7803530879071414,77,-0.12060897892834421,0.36363636363636365,0.718041378589871
2012,322522294,2,Iowa State,Iowa,1,77,-0.12060897892834421,0.36363636363636365,0.718041378589871,72,-0.07120449519461759,0.3472222222222222,0.7803530879071414
2012,322522305,2,Kansas,Rice,1,62,0.0524242124736639,0.43548387096774194,0.7851548532657724,78,0.08181375944993065,0.4358974358974359,0.9164052509733812
2012,322522305,2,Rice,Kansas,1,78,0.08181375944993065,0.4358974358974359,0.9164052509733812,62,0.0524242124736639,0.43548387096774194,0.7851548532657724
2012,322522306,2,Kansas State,Miami,1,46,0.1788810233479075,0.5434782608695652,0.763372015554978,49,0.11936567066062144,0.40816326530612246,1.0463697490291413
2012,322522306,2,Miami,Kansas State,1,49,0.11936567066062144,0.40816326530612246,1.0463697490291413,46,0.1788810233479075,0.5434782608695652,0.763372015554978
2012,322522393,2,Florida Atlantic,Middle Tennessee,1,59,0.21286175706109187,0.4576271186440678,0.9813314563387863,67,0.25923654662840667,0.5671641791044776,0.7826353667850101
2012,322522393,2,Middle Tennessee,Florida Atlantic,1,67,0.25923654662840667,0.5671641791044776,0.7826353667850101,59,0.21286175706109187,0.4576271186440678,0.9813314563387863
2012,322522439,2,Northern Arizona,UNLV,1,67,-0.08920809065021297,0.34328358208955223,0.8409402045564183,75,0.0676120769029147,0.36,1.136535201753617
2012,322522439,2,UNLV,Northern Arizona,1,75,0.0676120769029147,0.36,1.136535201753617,67,-0.08920809065021297,0.34328358208955223,0.8409402045564183
2012,322522440,2,Nevada,South Florida,1,89,0.1899734739651765,0.5056179775280899,0.8106205041666501,70,0.14581486768134133,0.4714285714285714,0.9754104377123656
2012,322522440,2,South Florida,Nevada,1,70,0.14581486768134133,0.4714285714285714,0.9754104377123656,89,0.1899734739651765,0.5056179775280899,0.8106205041666501
2012,322522459,2,Northern Illinois,UT Martin,1,60,0.07661743313882492,0.4666666666666667,0.924064418611184,59,0.1543247928381011,0.3389830508474576,1.351048166021913
2012,322522459,2,UT Martin,Northern Illinois,1,59,0.1543247928381011,0.3389830508474576,1.351048166021913,60,0.07661743313882492,0.4666666666666667,0.924064418611184
2012,322522483,2,Fresno State,Oregon,1,66,-0.00876307530312578,0.36363636363636365,0.8509568147616369,68,0.17610976250225985,0.4852941176470588,0.9062280898511427
2012,322522483,2,Oregon,Fresno State,1,68,0.17610976250225985,0.4852941176470588,0.9062280898511427,66,-0.00876307530312578,0.36363636363636365,0.8509568147616369
2012,322522567,2,SMU,Stephen F. Austin,1,44,-0.04894150788470639,0.38636363636363635,0.6608147693723962,68,-0.12967592560468338,0.5147058823529411,0.6375842114727329
2012,322522567,2,Stephen F. Austin,SMU,1,68,-0.12967592560468338,0.5147058823529411,0.6375842114727329,44,-0.04894150788470639,0.38636363636363635,0.6608147693723962
2012,322522579,2,East Carolina,South Carolina,1,36,-0.016550026390599302,0.5277777777777778,0.6539140277495298,46,0.08984191683457801,0.32608695652173914,1.5208071198784043
2012,322522579,2,South Carolina,East Carolina,1,46,0.08984191683457801,0.32608695652173914,1.5208071198784043,36,-0.016550026390599302,0.5277777777777778,0.6539140277495298
2012,322522628,2,Grambling,TCU,1,21,-0.22248989985250925,0.23809523809523808,0.4279390340203374,17,0.5941313053270859,0.7647058823529411,0.9616683707938379
2012,322522628,2,TCU,Grambling,1,17,0.5941313053270859,0.7647058823529411,0.9616683707938379,21,-0.22248989985250925,0.23809523809523808,0.4279390340203374
2012,322522633,2,Georgia State,Tennessee,1,54,0.007227409857464806,0.3333333333333333,1.0137342126031288,36,0.46610964958089296,0.6944444444444444,0.9353634029005966
2012,322522633,2,Tennessee,Georgia State,1,36,0.46610964958089296,0.6944444444444444,0.9353634029005966,54,0.007227409857464806,0.3333333333333333,1.0137342126031288
2012,322522636,2,East Texas A&M,UTSA,1,53,-0.08031756683618371,0.32075471698113206,0.6973894263650865,62,0.09575413626747649,0.45161290322580644,0.9505706602019428
2012,322522636,2,UTSA,East Texas A&M,1,62,0.09575413626747649,0.45161290322580644,0.9505706602019428,53,-0.08031756683618371,0.32075471698113206,0.6973894263650865
2012,322522653,2,Louisiana,Troy,1,62,0.024987011478017924,0.3387096774193548,0.8700682844799285,100,0.1343028177735911,0.46,1.015023742048246
2012,322522653,2,Troy,Louisiana,1,100,0.1343028177735911,0.46,1.015023742048246,62,0.024987011478017924,0.3387096774193548,0.8700682844799285
2012,322522711,2,Eastern Illinois,Western Michigan,1,57,-0.01376397246377325,0.3157894736842105,1.291807067065208,64,0.18216009695219648,0.515625,0.8847710777125659
2012,322522711,2,Western Michigan,Eastern Illinois,1,64,0.18216009695219648,0.515625,0.8847710777125659,57,-0.01376397246377325,0.3157894736842105,1.291807067065208
2012,322522751,2,Toledo,Wyoming,1,83,0.1540416564217293,0.42168674698795183,0.990222168229639,69,0.22029882988310756,0.5507246376811594,0.879749162094716
2012,322522751,2,Wyoming,Toledo,1,69,0.22029882988310756,0.5507246376811594,0.879749162094716,83,0.1540416564217293,0.42168674698795183,0.990222168229639
2012,322570058,3,Rutgers,South Florida,1,87,0.0604010283035766,0.3333333333333333,1.2542726231612533,63,-0.057379414122524154,0.36507936507936506,1.1243822972125388
2012,322570058,3,South Florida,Rutgers,1,63,-0.057379414122524154,0.36507936507936506,1.1243822972125388,87,0.0604010283035766,0.3333333333333333,1.2542726231612533
2012,322582439,3,UNLV,Washington State,1,82,-0.08059558950748423,0.3902439024390244,0.8611755048644761,61,0.00974162941765138,0.39344262295081966,0.795862549666892
2012,322582439,3,Washington State,UNLV,1,61,0.00974162941765138,0.39344262295081966,0.795862549666892,82,-0.08059558950748423,0.3902439024390244,0.8611755048644761
2012,322590002,3,Auburn,UL Monroe,1,58,0.11065977350154418,0.5172413793103449,0.7309654216825937,85,0.025366774318241678,0.3411764705882353,1.0848831691746446
2012,322590002,3,UL Monroe,Auburn,1,85,0.025366774318241678,0.3411764705882353,1.0848831691746446,58,0.11065977350154418,0.5172413793103449,0.7309654216825937
2012,322590008,3,Alabama,Arkansas,1,37,0.172620063457292,0.4864864864864865,0.8923969769004412,33,-0.34781900128199716,0.24242424242424243,0.24313121621037218
2012,322590008,3,Arkansas,Alabama,1,33,-0.34781900128199716,0.24242424242424243,0.24313121621037218,37,0.172620063457292,0.4864864864864865,0.8923969769004412
2012,322590012,3,Arizona,South Carolina State,1,52,0.2532887519334266,0.6346153846153846,0.6696116760706805,34,-0.2206529126028984,0.23529411764705882,0.9246543819534021
2012,322590012,3,South Carolina State,Arizona,1,34,-0.2206529126028984,0.23529411764705882,0.9246543819534021,52,0.2532887519334266,0.6346153846153846,0.6696116760706805
2012,322590021,3,North Dakota,San Diego State,1,74,0.13881381531231074,0.3783783783783784,1.263554955472811,55,0.24798517493688058,0.5272727272727272,1.0606559345413276
2012,322590021,3,San Diego State,North Dakota,1,55,0.24798517493688058,0.5272727272727272,1.0606559345413276,74,0.13881381531231074,0.3783783783783784,1.263554955472811
2012,322590023,3,Colorado State,San José State,1,63,0.037764934735515496,0.42857142857142855,1.0988215576145792,75,0.1872677531526268,0.49333333333333335,0.8822970747908119
2012,322590023,3,San José State,Colorado State,1,75,0.1872677531526268,0.49333333333333335,0.8822970747908119,63,0.037764934735515496,0.42857142857142855,1.0988215576145792
2012,322590024,3,Stanford,USC,1,66,-0.023719149882351787,0.3787878787878788,0.8547855909081106,66,-0.022428301300481263,0.2727272727272727,1.4631799584953473
2012,322590024,3,USC,Stanford,1,66,-0.022428301300481263,0.2727272727272727,1.4631799584953473,66,-0.023719149882351787,0.3787878787878788,0.8547855909081106
2012,322590026,3,Houston,UCLA,1,52,-0.2212392475923134,0.2692307692307692,0.6369855031997278,80,0.04677802455480635,0.475,0.9209722904549064
2012,322590026,3,UCLA,Houston,1,80,0.04677802455480635,0.475,0.9209722904549064,52,-0.2212392475923134,0.2692307692307692,0.6369855031997278
2012,322590052,3,Florida State,Wake Forest,1,30,-0.0013396081538451937,0.43333333333333335,0.8268468928360553,39,-0.21609990793218442,0.20512820512820512,0.771787862909333
2012,322590052,3,Wake Forest,Florida State,1,39,-0.21609990793218442,0.20512820512820512,0.771787862909333,30,-0.0013396081538451937,0.43333333333333335,0.8268468928360553
2012,322590059,3,Georgia Tech,Virginia,1,38,0.2519795144643147,0.47368421052631576,0.9595928929527762,29,-0.12568413324876887,0.41379310344827586,0.610825654233548
2012,322590059,3,Virginia,Georgia Tech,1,29,-0.12568413324876887,0.41379310344827586,0.610825654233548,38,0.2519795144643147,0.47368421052631576,0.9595928929527762
2012,322590061,3,Florida Atlantic,Georgia,1,50,0.05006529205861524,0.3,1.6361364586255394,43,0.6507643782750565,0.627906976744186,1.4740008579482362
2012,322590061,3,Georgia,Florida Atlantic,1,43,0.6507643782750565,0.627906976744186,1.4740008579482362,50,0.05006529205861524,0.3,1.6361364586255394
2012,322590062,3,Hawai'i,Lamar,1,29,0.15922939036914918,0.4482758620689655,0.8914080297834409,29,-0.22949648576457998,0.1724137931034483,1.0288824573715778
2012,322590062,3,Lamar,Hawai'i,1,29,-0.22949648576457998,0.1724137931034483,1.0288824573715778,29,0.15922939036914918,0.4482758620689655,0.8914080297834409
2012,322590066,3,Iowa State,Western Illinois,1,52,0.1927850219904246,0.40384615384615385,1.0721798023372149,39,-0.2209760195959492,0.23076923076923078,0.6696120748951405
2012,322590066,3,Western Illinois,Iowa State,1,39,-0.2209760195959492,0.23076923076923078,0.6696120748951405,52,0.1927850219904246,0.40384615384615385,1.0721798023372149
2012,322590068,3,Boise State,Miami (OH),1,52,0.37711978244542155,0.5961538461538461,1.1063335145023625,47,0.17322641204821695,0.425531914893617,1.0863454822469698
2012,322590068,3,Miami (OH),Boise State,1,47,0.17322641204821695,0.425531914893617,1.0863454822469698,52,0.37711978244542155,0.5961538461538461,1.1063335145023625
2012,322590077,3,Boston College,Northwestern,1,66,0.026830901931911157,0.4090909090909091,0.9044666533024737,102,0.1306079415794264,0.49019607843137253,0.69677293334939
2012,322590077,3,Northwestern,Boston College,1,102,0.1306079415794264,0.49019607843137253,0.69677293334939,66,0.026830901931911157,0.4090909090909091,0.9044666533024737
2012,322590084,3,Ball State,Indiana,1,86,-0.016233158957321303,0.4418604651162791,0.7944095707240649,83,0.1725752387893187,0.39759036144578314,1.163263073351591
2012,322590084,3,Indiana,Ball State,1,83,0.1725752387893187,0.39759036144578314,1.163263073351591,86,-0.016233158957321303,0.4418604651162791,0.7944095707240649
2012,322590096,3,Kentucky,Western Kentucky,1,77,-0.13303068654619074,0.38961038961038963,0.7828804676193496,69,-0.009078762827940944,0.42028985507246375,0.6116697629908703
2012,322590096,3,Western Kentucky,Kentucky,1,69,-0.009078762827940944,0.42028985507246375,0.6116697629908703,77,-0.13303068654619074,0.38961038961038963,0.7828804676193496
2012,322590097,3,Louisville,North Carolina,1,58,0.22770378716358042,0.4482758620689655,1.0096904159233013,37,-0.019510845373830264,0.43243243243243246,0.7300957140173883
2012,322590097,3,North Carolina,Louisville,1,37,-0.019510845373830264,0.43243243243243246,0.7300957140173883,58,0.22770378716358042,0.4482758620689655,1.0096904159233013
2012,322590099,3,Idaho,LSU,1,43,0.009739346694793947,0.3953488372093023,0.5856085028049205,41,0.06780104314329947,0.4878048780487805,0.6544805020161047
2012,322590099,3,LSU,Idaho,1,41,0.06780104314329947,0.4878048780487805,0.6544805020161047,43,0.009739346694793947,0.3953488372093023,0.5856085028049205
2012,322590120,3,Maryland,UConn,1,61,-0.16298297960975666,0.2459016393442623,1.256216108991282,56,-0.044789915765009056,0.30357142857142855,1.01746401331421
2012,322590120,3,UConn,Maryland,1,56,-0.044789915765009056,0.30357142857142855,1.01746401331421,61,-0.16298297960975666,0.2459016393442623,1.256216108991282
2012,322590127,3,Michigan State,Notre Dame,1,71,-0.01577940656312858,0.28169014084507044,0.9788561179305477,66,-0.10975138443953877,0.30303030303030304,1.0535022627097503
2012,322590127,3,Notre Dame,Michigan State,1,66,-0.10975138443953877,0.30303030303030304,1.0535022627097503,71,-0.01577940656312858,0.28169014084507044,0.9788561179305477
2012,322590130,3,Massachusetts,Michigan,1,37,0.07462544370422944,0.3783783783783784,0.7991530177541821,34,0.41789907007167304,0.5882352941176471,1.0969926167922888
2012,322590130,3,Michigan,Massachusetts,1,34,0.41789907007167304,0.5882352941176471,1.0969926167922888,37,0.07462544370422944,0.3783783783783784,0.7991530177541821
2012,322590135,3,Minnesota,Western Michigan,1,63,0.034696294071731644,0.38095238095238093,1.0609289278813974,80,0.08856237039393597,0.475,0.6925895854325742
2012,322590135,3,Western Michigan,Minnesota,1,80,0.08856237039393597,0.475,0.6925895854325742,63,0.034696294071731644,0.38095238095238093,1.0609289278813974
2012,322590142,3,Arizona State,Missouri,1,59,-0.09749870781310466,0.3559322033898305,0.8447092063186569,85,-0.069213687327036,0.32941176470588235,0.9947501705388472
2012,322590142,3,Missouri,Arizona State,1,85,-0.069213687327036,0.32941176470588235,0.9947501705388472,59,-0.09749870781310466,0.3559322033898305,0.8447092063186569
2012,322590145,3,Ole Miss,Texas,1,49,0.10071256347513859,0.42857142857142855,0.8425835395810577,53,0.3121570150169529,0.5849056603773585,0.7709937947012611
2012,322590145,3,Texas,Ole Miss,1,53,0.3121570150169529,0.5849056603773585,0.7709937947012611,49,0.10071256347513859,0.42857142857142855,0.8425835395810577
2012,322590150,3,Duke,North Carolina Central,1,47,-0.02260400354213574,0.40425531914893614,0.6276200785162058,54,0.038397667785928305,0.3888888888888889,0.9633077570542563
2012,322590150,3,North Carolina Central,Duke,1,54,0.038397667785928305,0.3888888888888889,0.9633077570542563,47,-0.02260400354213574,0.40425531914893614,0.6276200785162058
2012,322590152,3,NC State,South Alabama,1,52,-0.07602685174813789,0.36538461538461536,0.6232945249158394,34,-0.058341104267162096,0.35294117647058826,0.8830456469540484
2012,322590152,3,South Alabama,NC State,1,34,-0.058341104267162096,0.35294117647058826,0.8830456469540484,52,-0.07602685174813789,0.36538461538461536,0.6232945249158394
2012,322590158,3,Arkansas State,Nebraska,1,60,-0.0754212019000733,0.38333333333333336,0.8367741287193031,58,0.28987208447694723,0.5517241379310345,0.9259926985621045
2012,322590158,3,Nebraska,Arkansas State,1,58,0.28987208447694723,0.5517241379310345,0.9259926985621045,60,-0.0754212019000733,0.38333333333333336,0.8367741287193031
2012,322590183,3,Stony Brook,Syracuse,1,55,-0.12344252046703334,0.2909090909090909,0.577084095825614,76,0.0960351805484703,0.4342105263157895,1.011868174231544
2012,322590183,3,Syracuse,Stony Brook,1,76,0.0960351805484703,0.4342105263157895,1.011868174231544,55,-0.12344252046703334,0.2909090909090909,0.577084095825614
2012,322590194,3,California,Ohio State,1,73,0.01959928700382333,0.410958904109589,1.025534123849964,58,0.0002578308516441903,0.3275862068965517,0.8381396134849833
2012,322590194,3,Ohio State,California,1,58,0.0002578308516441903,0.3275862068965517,0.8381396134849833,73,0.01959928700382333,0.410958904109589,1.025534123849964
2012,322590197,3,Louisiana,Oklahoma State,1,28,-0.050863279150795575,0.2857142857142857,1.1159878967190253,52,0.31894106306601244,0.6153846153846154,0.8319226655679604
2012,322590197,3,Oklahoma State,Louisiana,1,52,0.31894106306601244,0.6153846153846154,0.8319226655679604,28,-0.050863279150795575,0.2857142857142857,1.1159878967190253
2012,322590202,3,Nicholls,Tulsa,1,34,0.01952865678268171,0.3235294117647059,0.7185592464531274,37,0.14679281925606374,0.5405405405405406,0.8418934325058773
2012,322590202,3,Tulsa,Nicholls,1,37,0.14679281925606374,0.5405405405405406,0.8418934325058773,34,0.01952865678268171,0.3235294117647059,0.7185592464531274
2012,322590213,3,Navy,Penn State,1,58,0.04884239814453737,0.3275862068965517,1.3140892878871329,39,0.23908433912310378,0.5384615384615384,1.042038192226317
2012,322590213,3,Penn State,Navy,1,39,0.23908433912310378,0.5384615384615384,1.042038192226317,58,0.04884239814453737,0.3275862068965517,1.3140892878871329
2012,322590221,3,Pittsburgh,Virginia Tech,1,78,0.18101254580157258,0.3974358974358974,1.046656961106878,57,-0.20608696150129857,0.45614035087719296,0.6179296250150597
2012,322590221,3,Virginia Tech,Pittsburgh,1,57,-0.20608696150129857,0.45614035087719296,0.6179296250150597,78,0.18101254580157258,0.3974358974358974,1.046656961106878
2012,322590228,3,Clemson,Furman,1,48,0.19155989320732159,0.4583333333333333,0.9392570081617864,52,-0.005372717915204345,0.36538461538461536,1.1112539995719888
2012,322590228,3,Furman,Clemson,1,52,-0.005372717915204345,0.36538461538461536,1.1112539995719888,48,0.19155989320732159,0.4583333333333333,0.9392570081617864
2012,322590235,3,Memphis,Middle Tennessee,1,52,0.1693466548334297,0.46153846153846156,0.8772946037609265,65,0.15374481743088259,0.5230769230769231,0.8140293826823722
2012,322590235,3,Middle Tennessee,Memphis,1,65,0.15374481743088259,0.5230769230769231,0.8140293826823722,52,0.1693466548334297,0.46153846153846156,0.8772946037609265
2012,322590238,3,Presbyterian,Vanderbilt,1,32,-0.060099192304688444,0.25,1.1603871358365212,33,0.27035640282498397,0.45454545454545453,1.0318961572391612
2012,322590238,3,Vanderbilt,Presbyterian,1,33,0.27035640282498397,0.45454545454545453,1.0318961572391612,32,-0.060099192304688444,0.25,1.1603871358365212
2012,322590239,3,Baylor,Sam Houston,1,78,0.18166723389934825,0.5,0.7578054230378255,83,-0.005482644862348296,0.42168674698795183,0.7779274310129621
2012,322590239,3,Sam Houston,Baylor,1,83,-0.005482644862348296,0.42168674698795183,0.7779274310129621,78,0.18166723389934825,0.5,0.7578054230378255
2012,322590254,3,BYU,Utah,1,72,0.01723444481839107,0.3611111111111111,0.9588568006765894,58,-0.023733941174772857,0.2413793103448276,1.413727098182512
2012,322590254,3,Utah,BYU,1,58,-0.023733941174772857,0.2413793103448276,1.413727098182512,72,0.01723444481839107,0.3611111111111111,0.9588568006765894
2012,322590264,3,Portland State,Washington,1,28,-0.15296024886500445,0.35714285714285715,0.6440691442735589,24,0.13372940383907914,0.4583333333333333,0.6708538796918647
2012,322590264,3,Washington,Portland State,1,24,0.13372940383907914,0.4583333333333333,0.6708538796918647,28,-0.15296024886500445,0.35714285714285715,0.6440691442735589
2012,322590275,3,Utah State,Wisconsin,1,68,-0.058591489973234885,0.3235294117647059,0.9349206199890285,61,-0.10220527487026805,0.3114754098360656,0.5957307032686023
2012,322590275,3,Wisconsin,Utah State,1,61,-0.10220527487026805,0.3114754098360656,0.5957307032686023,68,-0.058591489973234885,0.3235294117647059,0.9349206199890285
2012,322590276,3,Marshall,Ohio,1,86,0.15992694766942386,0.45348837209302323,1.007794010711608,85,0.05118338818613434,0.38823529411764707,0.8490872806816351
2012,322590276,3,Ohio,Marshall,1,85,0.05118338818613434,0.38823529411764707,0.8490872806816351,86,0.15992694766942386,0.45348837209302323,1.007794010711608
2012,322590277,3,James Madison,West Virginia,1,43,-0.18647198902834983,0.32558139534883723,0.8356353318897572,49,0.3425029715422118,0.673469387755102,0.8478059792192685
2012,322590277,3,West Virginia,James Madison,1,49,0.3425029715422118,0.673469387755102,0.8478059792192685,43,-0.18647198902834983,0.32558139534883723,0.8356353318897572
2012,322590278,3,Colorado,Fresno State,1,20,-0.37175809730644155,0.2,0.710655460505394,24,0.10146603435726502,0.4166666666666667,0.9929082853974369
2012,322590278,3,Fresno State,Colorado,1,24,0.10146603435726502,0.4166666666666667,0.9929082853974369,20,-0.37175809730644155,0.2,0.710655460505394
2012,322590349,3,Army,Northern Illinois,1,84,0.15763714112759059,0.4642857142857143,0.9585773070156429,47,0.20213628808158426,0.44680851063829785,1.1428474216139473
2012,322590349,3,Northern Illinois,Army,1,47,0.20213628808158426,0.44680851063829785,1.1428474216139473,84,0.15763714112759059,0.4642857142857143,0.9585773070156429
2012,322590356,3,Charleston Southern,Illinois,1,31,-0.28825199791006717,0.1935483870967742,1.23124175565692,44,0.0920412301345409,0.36363636363636365,1.2117867790739905
2012,322590356,3,Illinois,Charleston Southern,1,44,0.0920412301345409,0.36363636363636365,1.2117867790739905,31,-0.28825199791006717,0.1935483870967742,1.23124175565692
2012,322592006,3,Akron,Morgan State,1,69,0.29480890159299883,0.5507246376811594,1.076243753626418,45,-0.11122102084101312,0.26666666666666666,1.1368714682772676
2012,322592006,3,Morgan State,Akron,1,45,-0.11122102084101312,0.26666666666666666,1.1368714682772676,69,0.29480890159299883,0.5507246376811594,1.076243753626418
2012,322592116,3,Florida International,UCF,1,60,0.02810007099949055,0.3333333333333333,1.0685384693106708,72,0.09841999123691704,0.3888888888888889,1.2438248040678623
2012,322592116,3,UCF,Florida International,1,72,0.09841999123691704,0.3888888888888889,1.2438248040678623,60,0.02810007099949055,0.3333333333333333,1.0685384693106708
2012,322592132,3,Cincinnati,Delaware State,1,73,0.10338421629813681,0.589041095890411,0.5256235159230037,61,-0.08071891074639634,0.3114754098360656,1.0106913385375482
2012,322592132,3,Delaware State,Cincinnati,1,61,-0.08071891074639634,0.3114754098360656,1.0106913385375482,73,0.10338421629813681,0.589041095890411,0.5256235159230037
2012,322592247,3,Georgia State,UTSA,1,32,0.04617587667343968,0.375,0.8937064568817589,51,0.2807625370502662,0.49019607843137253,1.0414244156172867
2012,322592247,3,UTSA,Georgia State,1,51,0.2807625370502662,0.49019607843137253,1.0414244156172867,32,0.04617587667343968,0.375,0.8937064568817589
2012,322592294,3,Iowa,Northern Iowa,1,70,0.14676431255780126,0.45714285714285713,0.9171081410768012,59,0.10758290176664927,0.4576271186440678,0.6768080460032302
2012,322592294,3,Northern Iowa,Iowa,1,59,0.10758290176664927,0.4576271186440678,0.6768080460032302,70,0.14676431255780126,0.45714285714285713,0.9171081410768012
2012,322592305,3,Kansas,TCU,1,66,0.03858007384578776,0.4090909090909091,0.9260457057130403,68,0.27737764742815235,0.4852941176470588,0.9011069759610346
2012,322592305,3,TCU,Kansas,1,68,0.27737764742815235,0.4852941176470588,0.9011069759610346,66,0.03858007384578776,0.4090909090909091,0.9260457057130403
2012,322592306,3,Kansas State,North Texas,1,44,0.3010214956431051,0.5454545454545454,0.9218967584989086,65,0.12343541328210746,0.5384615384615384,0.7788084037510207
2012,322592306,3,North Texas,Kansas State,1,65,0.12343541328210746,0.5384615384615384,0.7788084037510207,44,0.3010214956431051,0.5454545454545454,0.9218967584989086
2012,322592348,3,Louisiana Tech,Rice,1,64,0.26124020666598047,0.546875,0.8557569250501836,61,0.12324159228089712,0.45901639344262296,0.9550567870881725
2012,322592348,3,Rice,Louisiana Tech,1,61,0.12324159228089712,0.45901639344262296,0.9550567870881725,64,0.26124020666598047,0.546875,0.8557569250501836
2012,322592390,3,Bethune-Cookman,Miami,1,70,0.0011244512777600865,0.38571428571428573,0.7978111459775952,61,0.0658321680446328,0.5081967213114754,0.8261948789558485
2012,322592390,3,Miami,Bethune-Cookman,1,61,0.0658321680446328,0.5081967213114754,0.8261948789558485,70,0.0011244512777600865,0.38571428571428573,0.7978111459775952
2012,322592440,3,Nevada,Northwestern State,1,78,0.14875280853163284,0.6153846153846154,0.6504560274793545,88,0.1700197895028077,0.4431818181818182,1.022190974676123
2012,322592440,3,Northwestern State,Nevada,1,88,0.1700197895028077,0.4431818181818182,1.022190974676123,78,0.14875280853163284,0.6153846153846154,0.6504560274793545
2012,322592483,3,Oregon,Tennessee Tech,1,43,0.3177763303814804,0.4883720930232558,1.1385421897436099,37,-0.41238692773045765,0.16216216216216217,0.1599342129269103
2012,322592483,3,Tennessee Tech,Oregon,1,37,-0.41238692773045765,0.16216216216216217,0.1599342129269103,43,0.3177763303814804,0.4883720930232558,1.1385421897436099
2012,322592509,3,Eastern Michigan,Purdue,1,39,-0.16042694580049247,0.3333333333333333,0.4382086285641517,41,-0.04731963383433209,0.3902439024390244,0.727934059421063
2012,322592509,3,Purdue,Eastern Michigan,1,41,-0.04731963383433209,0.3902439024390244,0.727934059421063,39,-0.16042694580049247,0.3333333333333333,0.4382086285641517
2012,322592567,3,SMU,Texas A&M,1,51,-0.10619589413091157,0.35294117647058826,0.8860201002094689,57,0.09991861957975397,0.2807017543859649,1.6361520006960106
2012,322592567,3,Texas A&M,SMU,1,57,0.09991861957975397,0.2807017543859649,1.6361520006960106,51,-0.10619589413091157,0.35294117647058826,0.8860201002094689
2012,322592579,3,South Carolina,UAB,1,39,-0.03862022186666644,0.28205128205128205,1.684030537030086,53,-0.07603935811488355,0.3018867924528302,1.0751330310925762
2012,322592579,3,UAB,South Carolina,1,53,-0.07603935811488355,0.3018867924528302,1.0751330310925762,39,-0.03862022186666644,0.28205128205128205,1.684030537030086
2012,322592633,3,Florida,Tennessee,1,62,0.11175727378292179,0.3870967741935484,0.9755979491388636,69,0.03731111323105017,0.4057971014492754,0.9907571009468714
2012,322592633,3,Tennessee,Florida,1,69,0.03731111323105017,0.4057971014492754,0.9907571009468714,62,0.11175727378292179,0.3870967741935484,0.9755979491388636
2012,322592641,3,New Mexico,Texas Tech,1,28,0.032693235982165406,0.35714285714285715,0.6644879910670517,50,0.35263421325267,0.68,0.905615027059651
2012,322592641,3,Texas Tech,New Mexico,1,50,0.35263421325267,0.68,0.905615027059651,28,0.032693235982165406,0.35714285714285715,0.6644879910670517
2012,322592649,3,Bowling Green,Toledo,1,63,0.03437520817506877,0.4126984126984127,0.9176524928491787,66,0.1812874144372867,0.48484848484848486,0.9570480872961245
2012,322592649,3,Toledo,Bowling Green,1,66,0.1812874144372867,0.48484848484848486,0.9570480872961245,63,0.03437520817506877,0.4126984126984127,0.9176524928491787
2012,322592653,3,Mississippi State,Troy,1,58,0.03800596657108758,0.3275862068965517,1.2813865421955681,85,0.20397055708711118,0.5411764705882353,0.9697610130016379
2012,322592653,3,Troy,Mississippi State,1,85,0.20397055708711118,0.5411764705882353,0.9697610130016379,58,0.03800596657108758,0.3275862068965517,1.2813865421955681
2012,322592751,3,Cal Poly,Wyoming,1,79,-0.027871125603566006,0.3670886075949367,0.8997169505636148,64,-0.13924538086298122,0.34375,0.6866251041223046
2012,322592751,3,Wyoming,Cal Poly,1,64,-0.13924538086298122,0.34375,0.6866251041223046,79,-0.027871125603566006,0.3670886075949367,0.8997169505636148
2012,322632084,4,Buffalo,Kent State,1,64,-0.17333413881552226,0.34375,0.7614732462616352,81,-0.01096742017536907,0.38271604938271603,0.7769826293360147
2012,322632084,4,Kent State,Buffalo,1,81,-0.01096742017536907,0.38271604938271603,0.7769826293360147,64,-0.17333413881552226,0.34375,0.7614732462616352
2012,322640068,4,Boise State,BYU,1,66,-0.2100609965400237,0.25757575757575757,1.1491359077174972,57,-0.06036686560426435,0.3684210526315789,0.6703956425045164
2012,322640068,4,BYU,Boise State,1,57,-0.06036686560426435,0.3684210526315789,0.6703956425045164,66,-0.2100609965400237,0.25757575757575757,1.1491359077174972
2012,322652433,4,Baylor,UL Monroe,1,84,0.0315194238735444,0.5,0.7156747069698423,79,0.1856834643118299,0.5189873417721519,0.8926275633322419
2012,322652433,4,UL Monroe,Baylor,1,79,0.1856834643118299,0.5189873417721519,0.8926275633322419,84,0.0315194238735444,0.5,0.7156747069698423
2012,322660002,4,Auburn,LSU,1,52,-0.07520197732007794,0.2692307692307692,1.1624101696068605,70,0.09135006740522225,0.38571428571428573,0.9038828207684375
2012,322660002,4,LSU,Auburn,1,70,0.09135006740522225,0.38571428571428573,0.9038828207684375,52,-0.07520197732007794,0.2692307692307692,1.1624101696068605
2012,322660008,4,Arkansas,Rutgers,1,57,-0.06828924069169583,0.38596491228070173,0.9746304990516766,69,0.20853755275690744,0.37681159420289856,1.283096463494983
2012,322660008,4,Rutgers,Arkansas,1,69,0.20853755275690744,0.37681159420289856,1.283096463494983,57,-0.06828924069169583,0.38596491228070173,0.9746304990516766
2012,322660009,4,Arizona State,Utah,1,58,0.22371066191417335,0.46551724137931033,1.0308003660348013,43,-0.055981858803989516,0.32558139534883723,1.1629905552999895
2012,322660009,4,Utah,Arizona State,1,43,-0.055981858803989516,0.32558139534883723,1.1629905552999895,58,0.22371066191417335,0.46551724137931033,1.0308003660348013
2012,322660021,4,San Diego State,San José State,1,81,0.12160183381966666,0.49382716049382713,0.7673182720431285,52,0.09647458825693778,0.4230769230769231,1.1766872164639712
2012,322660021,4,San José State,San Diego State,1,52,0.09647458825693778,0.4230769230769231,1.1766872164639712,81,0.12160183381966666,0.49382716049382713,0.7673182720431285
2012,322660026,4,Oregon State,UCLA,1,75,0.09304494384531892,0.4,1.0374916557702607,70,-0.03440607243526626,0.35714285714285715,0.857333969473239
2012,322660026,4,UCLA,Oregon State,1,70,-0.03440607243526626,0.35714285714285715,0.857333969473239,75,0.09304494384531892,0.4,1.0374916557702607
2012,322660030,4,California,USC,1,72,-0.039110170801588406,0.3333333333333333,0.9077927652411835,73,0.11988623653226546,0.5342465753424658,1.0280018442639047
2012,322660030,4,USC,California,1,73,0.11988623653226546,0.5342465753424658,1.0280018442639047,72,-0.039110170801588406,0.3333333333333333,0.9077927652411835
2012,322660036,4,Colorado State,Utah State,1,72,-0.008156394600636451,0.3472222222222222,0.9809593954027077,68,0.10082287587940506,0.45588235294117646,0.8776695458363306
2012,322660036,4,Utah State,Colorado State,1,68,0.10082287587940506,0.45588235294117646,0.8776695458363306,72,-0.008156394600636451,0.3472222222222222,0.9809593954027077
2012,322660052,4,Clemson,Florida State,1,73,0.05847446192180006,0.3972602739726027,0.8548694715402226,68,0.3930077848918607,0.5,1.2139955579457027
2012,322660052,4,Florida State,Clemson,1,68,0.3930077848918607,0.5,1.2139955579457027,73,0.05847446192180006,0.3972602739726027,0.8548694715402226
2012,322660057,4,Florida,Kentucky,1,49,0.2198080279087296,0.46938775510204084,1.1270495667898395,46,-0.07994209107240688,0.32608695652173914,0.9595409585988139
2012,322660057,4,Kentucky,Florida,1,46,-0.07994209107240688,0.32608695652173914,0.9595409585988139,49,0.2198080279087296,0.46938775510204084,1.1270495667898395
2012,322660059,4,Georgia Tech,Miami,1,62,0.016466920012909222,0.3870967741935484,1.0924119076569498,81,0.18135711520272366,0.49382716049382713,0.9987508964114082
2012,322660059,4,Miami,Georgia Tech,1,81,0.18135711520272366,0.49382716049382713,0.9987508964114082,62,0.016466920012909222,0.3870967741935484,1.0924119076569498
2012,322660061,4,Georgia,Vanderbilt,1,47,0.21868294059423715,0.5531914893617021,0.7878132272881089,33,0.012129029045952646,0.36363636363636365,0.6741047420876508
2012,322660061,4,Vanderbilt,Georgia,1,33,0.012129029045952646,0.36363636363636365,0.6741047420876508,47,0.21868294059423715,0.5531914893617021,0.7878132272881089
2012,322660062,4,Hawai'i,Nevada,1,45,0.04059373564837699,0.35555555555555557,1.1227433294862799,53,0.21962401812379267,0.4528301886792453,1.1041517034187558
2012,322660062,4,Nevada,Hawai'i,1,53,0.21962401812379267,0.4528301886792453,1.1041517034187558,45,0.04059373564837699,0.35555555555555557,1.1227433294862799
2012,322660070,4,Idaho,Wyoming,1,81,0.2398149465895871,0.5308641975308642,0.8347188502337389,60,0.09633939763270567,0.3333333333333333,1.081871175822688
2012,322660070,4,Wyoming,Idaho,1,60,0.09633939763270567,0.3333333333333333,1.081871175822688,81,0.2398149465895871,0.5308641975308642,0.8347188502337389
2012,322660077,4,Northwestern,South Dakota,1,40,0.3582023477591385,0.5,1.1977690396552136,40,0.005930307575270282,0.275,1.2854346957884497
2012,322660077,4,South Dakota,Northwestern,1,40,0.005930307575270282,0.275,1.2854346957884497,40,0.3582023477591385,0.5,1.1977690396552136
2012,322660087,4,Michigan,Notre Dame,1,68,0.02322673805099223,0.4852941176470588,0.7676556875035336,51,-0.0460349383923699,0.39215686274509803,0.7266173931601312
2012,322660087,4,Notre Dame,Michigan,1,51,-0.0460349383923699,0.39215686274509803,0.7266173931601312,68,0.02322673805099223,0.4852941176470588,0.7676556875035336
2012,322660098,4,Southern Miss,Western Kentucky,1,35,0.021852495304823177,0.4,1.0429399963164419,39,0.4765033761928555,0.5128205128205128,1.3336518995322086
2012,322660098,4,Western Kentucky,Southern Miss,1,39,0.4765033761928555,0.5128205128205128,1.3336518995322086,35,0.021852495304823177,0.4,1.0429399963164419
2012,322660127,4,Eastern Michigan,Michigan State,1,54,-0.25922121472712445,0.2037037037037037,1.3377896899862374,74,0.07701626702856593,0.4594594594594595,0.7558804839131883
2012,322660127,4,Michigan State,Eastern Michigan,1,74,0.07701626702856593,0.4594594594594595,0.7558804839131883,54,-0.25922121472712445,0.2037037037037037,1.3377896899862374
2012,322660135,4,Minnesota,Syracuse,1,70,0.08063016476870556,0.4,0.9276446671818606,64,0.04789549882858354,0.40625,1.013216176817544
2012,322660135,4,Syracuse,Minnesota,1,64,0.04789549882858354,0.40625,1.013216176817544,70,0.08063016476870556,0.4,0.9276446671818606
2012,322660150,4,Duke,Memphis,1,75,0.0835619949888323,0.37333333333333335,1.0710332173131927,42,-0.16896036241566212,0.23809523809523808,0.6839617567503673
2012,322660150,4,Memphis,Duke,1,42,-0.16896036241566212,0.23809523809523808,0.6839617567503673,75,0.0835619949888323,0.37333333333333335,1.0710332173131927
2012,322660152,4,NC State,The Citadel,1,45,0.3033331424255289,0.6666666666666666,0.797080889609319,25,-0.04946729280632635,0.28,0.8231490028571924
2012,322660152,4,The Citadel,NC State,1,25,-0.04946729280632635,0.28,0.8231490028571924,45,0.3033331424255289,0.6666666666666666,0.797080889609319
2012,322660153,4,East Carolina,North Carolina,1,64,0.0021819874497336065,0.359375,0.7696773235592403,66,0.12363692365281627,0.45454545454545453,0.862039408078941
2012,322660153,4,North Carolina,East Carolina,1,66,0.12363692365281627,0.45454545454545453,0.862039408078941,64,0.0021819874497336065,0.359375,0.7696773235592403
2012,322660154,4,Army,Wake Forest,1,79,0.18654435719241544,0.46835443037974683,1.0040571808048753,55,0.19925668159459037,0.4909090909090909,1.028086603291829
2012,322660154,4,Wake Forest,Army,1,55,0.19925668159459037,0.4909090909090909,1.028086603291829,79,0.18654435719241544,0.46835443037974683,1.0040571808048753
2012,322660158,4,Idaho State,Nebraska,1,24,-0.32742554825825876,0.20833333333333334,0.29005139505743394,20,0.0899492843736061,0.6,0.6903982984082161
2012,322660158,4,Nebraska,Idaho State,1,20,0.0899492843736061,0.6,0.6903982984082161,24,-0.32742554825825876,0.20833333333333334,0.29005139505743394
2012,322660166,4,New Mexico,New Mexico State,1,71,0.11448300322622956,0.4507042253521127,0.735479061783478,52,0.15530849802948613,0.4807692307692308,0.9285169508693552
2012,322660166,4,New Mexico State,New Mexico,1,52,0.15530849802948613,0.4807692307692308,0.9285169508693552,71,0.11448300322622956,0.4507042253521127,0.735479061783478
2012,322660193,4,Massachusetts,Miami (OH),1,87,0.07411306061651744,0.4482758620689655,1.1011486714181695,60,0.0016286092259845844,0.35,1.2621701824620255
2012,322660193,4,Miami (OH),Massachusetts,1,60,0.0016286092259845844,0.35,1.2621701824620255,87,0.07411306061651744,0.4482758620689655,1.1011486714181695
2012,322660194,4,Ohio State,UAB,1,53,0.16146279785281253,0.5283018867924528,0.7470287186909755,83,0.11349481959606007,0.46987951807228917,0.8142654169560711
2012,322660194,4,UAB,Ohio State,1,83,0.11349481959606007,0.46987951807228917,0.8142654169560711,53,0.16146279785281253,0.5283018867924528,0.7470287186909755
2012,322660195,4,Norfolk State,Ohio,1,35,-0.053449650726194134,0.37142857142857144,0.8829899128805856,34,-0.029244073647521105,0.4117647058823529,0.6448797305259804
2012,322660195,4,Ohio,Norfolk State,1,34,-0.029244073647521105,0.4117647058823529,0.6448797305259804,35,-0.053449650726194134,0.37142857142857144,0.8829899128805856
2012,322660201,4,Kansas State,Oklahoma,1,64,0.1374366083497719,0.421875,1.0767208740309515,70,0.1864113187631723,0.5285714285714286,0.7521015554889646
2012,322660201,4,Oklahoma,Kansas State,1,70,0.1864113187631723,0.5285714285714286,0.7521015554889646,64,0.1374366083497719,0.421875,1.0767208740309515
2012,322660202,4,Fresno State,Tulsa,1,79,-0.02840308024382458,0.34177215189873417,0.9544623435224512,80,-0.1934352320494028,0.25,0.9594056776278381
2012,322660202,4,Tulsa,Fresno State,1,80,-0.1934352320494028,0.25,0.9594056776278381,79,-0.02840308024382458,0.34177215189873417,0.9544623435224512
2012,322660213,4,Penn State,Temple,1,76,0.10947600829838944,0.5,0.8838572701333096,55,0.009975447659793532,0.38181818181818183,0.8169499812001618
2012,322660213,4,Temple,Penn State,1,55,0.009975447659793532,0.38181818181818183,0.8169499812001618,76,0.10947600829838944,0.5,0.8838572701333096
2012,322660221,4,Gardner-Webb,Pittsburgh,1,40,-0.1508061156110137,0.275,0.7548621039141046,45,0.25038074359895235,0.4444444444444444,1.086851621807851
2012,322660221,4,Pittsburgh,Gardner-Webb,1,45,0.25038074359895235,0.4444444444444444,1.086851621807851,40,-0.1508061156110137,0.275,0.7548621039141046
2012,322660242,4,Marshall,Rice,1,79,0.2767578258077184,0.4810126582278481,1.0794331058694049,89,0.09315886828741937,0.4157303370786517,1.0942575486914108
2012,322660242,4,Rice,Marshall,1,89,0.09315886828741937,0.4157303370786517,1.0942575486914108,79,0.2767578258077184,0.4810126582278481,1.0794331058694049
2012,322660245,4,South Carolina State,Texas A&M,1,30,-0.13452848776690138,0.16666666666666666,0.8431489938735395,38,0.05280075090491284,0.42105263157894735,0.9826703354178834
2012,322660245,4,Texas A&M,South Carolina State,1,38,0.05280075090491284,0.42105263157894735,0.9826703354178834,30,-0.13452848776690138,0.16666666666666666,0.8431489938735395
2012,322660249,4,North Texas,Troy,1,71,-0.0507818206351448,0.4225352112676056,0.8866233303219017,74,-0.031352946175093925,0.3783783783783784,0.9997177174163704
2012,322660249,4,Troy,North Texas,1,74,-0.031352946175093925,0.3783783783783784,0.9997177174163704,71,-0.0507818206351448,0.4225352112676056,0.8866233303219017
2012,322660259,4,Bowling Green,Virginia Tech,1,51,-0.26993266305514335,0.27450980392156865,0.9007050827919773,50,0.1935289664894298,0.42,1.069613900616727
2012,322660259,4,Virginia Tech,Bowling Green,1,50,0.1935289664894298,0.42,1.069613900616727,51,-0.26993266305514335,0.27450980392156865,0.9007050827919773
2012,322660265,4,Colorado,Washington State,1,75,0.1414407946773836,0.5066666666666667,0.8717344045377525,84,0.0022337601949100347,0.34523809523809523,1.3742681904143066
2012,322660265,4,Washington State,Colorado,1,84,0.0022337601949100347,0.34523809523809523,1.3742681904143066,75,0.1414407946773836,0.5066666666666667,0.8717344045377525
2012,322660275,4,UTEP,Wisconsin,1,71,-0.00601976275392589,0.36619718309859156,0.8854067642712444,52,0.16986777990702556,0.4423076923076923,0.9839989569779914
2012,322660275,4,Wisconsin,UTEP,1,52,0.16986777990702556,0.4423076923076923,0.9839989569779914,71,-0.00601976275392589,0.36619718309859156,0.8854067642712444
2012,322660277,4,Maryland,West Virginia,1,61,0.17322296563307107,0.36065573770491804,1.4209017846379348,65,0.06160437361603445,0.4,1.0151809245630599
2012,322660277,4,West Virginia,Maryland,1,65,0.06160437361603445,0.4,1.0151809245630599,61,0.17322296563307107,0.36065573770491804,1.4209017846379348
2012,322660326,4,Stephen F. Austin,Texas State,1,65,0.07256432536256721,0.47692307692307695,0.8825388342928087,44,0.21282448387998434,0.5681818181818182,0.7179024383438755
2012,322660326,4,Texas State,Stephen F. Austin,1,44,0.21282448387998434,0.5681818181818182,0.7179024383438755,65,0.07256432536256721,0.47692307692307695,0.8825388342928087
2012,322660333,4,Alabama,Florida Atlantic,1,47,0.22221875466653004,0.6170212765957447,0.6683253232750774,21,-0.2990127119906525,0.19047619047619047,0.2294680123457515
2012,322660333,4,Florida Atlantic,Alabama,1,21,-0.2990127119906525,0.19047619047619047,0.2294680123457515,47,0.22221875466653004,0.6170212765957447,0.6683253232750774
2012,322660344,4,Mississippi State,South Alabama,1,61,-0.027529568473024242,0.45901639344262296,0.5999403099793583,56,-0.1137527910796298,0.3392857142857143,0.6759316234602514
2012,322660344,4,South Alabama,Mississippi State,1,56,-0.1137527910796298,0.3392857142857143,0.6759316234602514,61,-0.027529568473024242,0.45901639344262296,0.5999403099793583
2012,322660356,4,Illinois,Louisiana Tech,1,59,-0.02890693728384077,0.423728813559322,0.7837798086997344,43,-0.005869543770279741,0.3488372093023256,0.9428939838525205
2012,322660356,4,Louisiana Tech,Illinois,1,43,-0.005869543770279741,0.3488372093023256,0.9428939838525205,59,-0.02890693728384077,0.423728813559322,0.7837798086997344
2012,322662032,4,Alcorn State,Arkansas State,1,29,-0.26592995755215193,0.2413793103448276,0.7286980064555071,31,0.4906555931357961,0.5483870967741935,1.228102677193963
2012,322662032,4,Arkansas State,Alcorn State,1,31,0.4906555931357961,0.5483870967741935,1.228102677193963,29,-0.26592995755215193,0.2413793103448276,0.7286980064555071
2012,322662050,4,Ball State,South Florida,1,68,0.22336148047330534,0.47058823529411764,0.932751735235446,74,0.2435312853548472,0.527027027027027,0.8714654643461143
2012,322662050,4,South Florida,Ball State,1,74,0.2435312853548472,0.527027027027027,0.8714654643461143,68,0.22336148047330534,0.47058823529411764,0.932751735235446
2012,322662229,4,Florida International,Louisville,1,57,0.07925228450304,0.49122807017543857,0.858211080246864,63,0.08844251613979213,0.4126984126984127,1.0263847554165055
2012,322662229,4,Louisville,Florida International,1,63,0.08844251613979213,0.4126984126984127,1.0263847554165055,57,0.07925228450304,0.49122807017543857,0.858211080246864
2012,322662294,4,Central Michigan,Iowa,1,70,0.05755860588354626,0.5,0.607008548055396,50,0.17952363544885683,0.42,1.1591268910057928
2012,322662294,4,Iowa,Central Michigan,1,50,0.17952363544885683,0.42,1.1591268910057928,70,0.05755860588354626,0.5,0.607008548055396
2012,322662426,4,Navy,VMI,1,53,0.2668624716431853,0.5471698113207547,0.8845274196168709,49,0.012337044357497004,0.30612244897959184,1.0647858576593492
2012,322662426,4,VMI,Navy,1,49,0.012337044357497004,0.30612244897959184,1.0647858576593492,53,0.2668624716431853,0.5471698113207547,0.8845274196168709
2012,322662439,4,Air Force,UNLV,1,69,0.1661051912365243,0.463768115942029,1.068054945667285,68,0.2376202004290666,0.45588235294117646,1.0740622335764352
2012,322662439,4,UNLV,Air Force,1,68,0.2376202004290666,0.45588235294117646,1.0740622335764352,69,0.1661051912365243,0.463768115942029,1.068054945667285
2012,322662459,4,Kansas,Northern Illinois,1,71,0.051594195713016204,0.4225352112676056,0.7319501879118279,78,0.08763555534645473,0.44871794871794873,0.8977754559942451
2012,322662459,4,Northern Illinois,Kansas,1,78,0.08763555534645473,0.44871794871794873,0.8977754559942451,71,0.051594195713016204,0.4225352112676056,0.7319501879118279
2012,322662483,4,Arizona,Oregon,1,64,-0.16538044135693375,0.390625,0.7258578283512757,73,0.11115151418232694,0.4931506849315068,0.8172607651811707
2012,322662483,4,Oregon,Arizona,1,73,0.11115151418232694,0.4931506849315068,0.8172607651811707,64,-0.16538044135693375,0.390625,0.7258578283512757
2012,322662579,4,Missouri,South Carolina,1,42,-0.053897189928453236,0.30952380952380953,0.8114678656805223,46,0.14719670138358268,0.5,0.8625320885127131
2012,322662579,4,South Carolina,Missouri,1,46,0.14719670138358268,0.5,0.8625320885127131,42,-0.053897189928453236,0.30952380952380953,0.8114678656805223
2012,322662628,4,TCU,Virginia,1,63,0.10674694939081467,0.38095238095238093,1.1221800947198661,70,-0.018444784348551527,0.32857142857142857,1.0519137496095268
2012,322662628,4,Virginia,TCU,1,70,-0.018444784348551527,0.32857142857142857,1.0519137496095268,63,0.10674694939081467,0.38095238095238093,1.1221800947198661
2012,322662633,4,Akron,Tennessee,1,78,-0.07620193453288265,0.3717948717948718,0.6688102607220898,88,0.15159273964188152,0.5113636363636364,0.881597050024381
2012,322662633,4,Tennessee,Akron,1,88,0.15159273964188152,0.5113636363636364,0.881597050024381,78,-0.07620193453288265,0.3717948717948718,0.6688102607220898
2012,322662636,4,Northwestern (OK),UTSA,1,25,-0.15567021019192648,0.28,0.6966492738959401,16,0.5757490000824442,0.625,1.3125081755572672
2012,322662636,4,UTSA,Northwestern (OK),1,16,0.5757490000824442,0.625,1.3125081755572672,25,-0.15567021019192648,0.28,0.6966492738959401
2012,322662649,4,Coastal Carolina,Toledo,1,78,0.03726689036342101,0.34615384615384615,1.0094028802027801,63,0.09559598546071083,0.4603174603174603,0.7222506733270901
2012,322662649,4,Toledo,Coastal Carolina,1,63,0.09559598546071083,0.4603174603174603,0.7222506733270901,78,0.03726689036342101,0.34615384615384615,1.0094028802027801
2012,322662711,4,UConn,Western Michigan,1,76,0.025682772499118607,0.39473684210526316,0.9339694820914659,68,-0.01044287562296663,0.3088235294117647,1.0498043091699316
2012,322662711,4,Western Michigan,UConn,1,68,-0.01044287562296663,0.3088235294117647,1.0498043091699316,76,0.025682772499118607,0.39473684210526316,0.9339694820914659
2012,322710264,5,Stanford,Washington,1,66,-0.13346315088930724,0.2727272727272727,0.8467750841192508,70,-0.10697843797566207,0.3142857142857143,0.7486814377718626
2012,322710264,5,Washington,Stanford,1,70,-0.10697843797566207,0.3142857142857143,0.7486814377718626,66,-0.13346315088930724,0.2727272727272727,0.8467750841192508
2012,322720252,5,BYU,Hawai'i,1,47,0.1960954699173211,0.48936170212765956,0.992517995111451,39,-0.13144947775731397,0.3076923076923077,0.7975479538857206
2012,322720252,5,Hawai'i,BYU,1,39,-0.13144947775731397,0.3076923076923077,0.7975479538857206,47,0.1960954699173211,0.48936170212765956,0.992517995111451
2012,322730005,5,Tulsa,UAB,1,78,0.007069799108443042,0.44871794871794873,0.5991516257205795,59,-0.007655225721577819,0.3728813559322034,1.0264752822851797
2012,322730005,5,UAB,Tulsa,1,59,-0.007655225721577819,0.3728813559322034,1.0264752822851797,78,0.007069799108443042,0.44871794871794873,0.5991516257205795
2012,322730006,5,South Alabama,Troy,1,63,-0.029788321806119643,0.3492063492063492,0.7073273116329764,75,0.084293425244335,0.4666666666666667,0.8610538680867856
2012,322730006,5,Troy,South Alabama,1,75,0.084293425244335,0.4666666666666667,0.8610538680867856,63,-0.029788321806119643,0.3492063492063492,0.7073273116329764
2012,322730012,5,Arizona,Oregon State,1,71,0.19455849083866222,0.4507042253521127,1.2478308645910385,82,0.27902417673529867,0.5121951219512195,0.9273232298086129
2012,322730012,5,Oregon State,Arizona,1,82,0.27902417673529867,0.5121951219512195,0.9273232298086129,71,0.19455849083866222,0.4507042253521127,1.2478308645910385
2012,322730025,5,Arizona State,California,1,93,-0.009965352944066417,0.3870967741935484,0.9605477157626967,65,0.05104688810674892,0.3076923076923077,1.1004095776314384
2012,322730025,5,California,Arizona State,1,65,0.05104688810674892,0.3076923076923077,1.1004095776314384,93,-0.009965352944066417,0.3870967741935484,0.9605477157626967
2012,322730038,5,Colorado,UCLA,1,44,-0.1749676780555756,0.3181818181818182,0.8726227459093007,57,0.24683737673388723,0.5263157894736842,0.9986197132147072
2012,322730038,5,UCLA,Colorado,1,57,0.24683737673388723,0.5263157894736842,0.9986197132147072,44,-0.1749676780555756,0.3181818181818182,0.8726227459093007
2012,322730041,5,Buffalo,UConn,1,69,0.0007156700117227792,0.30434782608695654,1.3021470418657946,62,-0.06461081692488574,0.3548387096774194,0.8674920629733545
2012,322730041,5,UConn,Buffalo,1,62,-0.06461081692488574,0.3548387096774194,0.8674920629733545,69,0.0007156700117227792,0.30434782608695654,1.3021470418657946
2012,322730058,5,Florida State,South Florida,1,68,0.13087102510134055,0.47058823529411764,0.7758300489159052,63,0.018980598274087917,0.3968253968253968,0.9251213807134645
2012,322730058,5,South Florida,Florida State,1,63,0.018980598274087917,0.3968253968253968,0.9251213807134645,68,0.13087102510134055,0.47058823529411764,0.7758300489159052
2012,322730059,5,Georgia Tech,Middle Tennessee,1,75,0.1913430407128823,0.5733333333333334,0.7426308423124267,60,0.21284937010669006,0.48333333333333334,1.0216316817806512
2012,322730059,5,Middle Tennessee,Georgia Tech,1,60,0.21284937010669006,0.48333333333333334,1.0216316817806512,75,0.1913430407128823,0.5733333333333334,0.7426308423124267
2012,322730061,5,Georgia,Tennessee,1,58,0.07481582965208013,0.4827586206896552,0.6672283840267154,81,0.07479429068220056,0.41975308641975306,1.1182248862544253
2012,322730061,5,Tennessee,Georgia,1,81,0.07479429068220056,0.41975308641975306,1.1182248862544253,58,0.07481582965208013,0.4827586206896552,0.6672283840267154
2012,322730066,5,Iowa State,Texas Tech,1,59,-0.16516181164897317,0.3050847457627119,1.0736629842438041,81,0.1848038082647031,0.3950617283950617,1.2376362195574062
2012,322730066,5,Texas Tech,Iowa State,1,81,0.1848038082647031,0.3950617283950617,1.2376362195574062,59,-0.16516181164897317,0.3050847457627119,1.0736629842438041
2012,322730077,5,Indiana,Northwestern,1,64,0.06066499633926592,0.40625,1.174782592022751,91,0.2630572145067217,0.5494505494505495,0.9250445983991911
2012,322730077,5,Northwestern,Indiana,1,91,0.2630572145067217,0.5494505494505495,0.9250445983991911,64,0.06066499633926592,0.40625,1.174782592022751
2012,322730096,5,Kentucky,South Carolina,1,62,-0.010708867006183632,0.3064516129032258,0.8691813884475521,63,0.027099654822204014,0.49206349206349204,0.5948757889705274
2012,322730096,5,South Carolina,Kentucky,1,63,0.027099654822204014,0.49206349206349204,0.5948757889705274,62,-0.010708867006183632,0.3064516129032258,0.8691813884475521
2012,322730099,5,LSU,Towson,1,56,0.035653778422707505,0.44642857142857145,0.7701246207543015,71,0.01682325793764305,0.4084507042253521,0.7905216344895529
2012,322730099,5,Towson,LSU,1,71,0.01682325793764305,0.4084507042253521,0.7905216344895529,56,0.035653778422707505,0.44642857142857145,0.7701246207543015
2012,322730103,5,Boston College,Clemson,1,69,-0.024208986400162252,0.2753623188405797,1.3413019123263716,79,0.15355192375338889,0.45569620253164556,1.005018113094347
2012,322730103,5,Clemson,Boston College,1,79,0.15355192375338889,0.45569620253164556,1.005018113094347,69,-0.024208986400162252,0.2753623188405797,1.3413019123263716
2012,322730127,5,Michigan State,Ohio State,1,66,0.03265330773550114,0.3333333333333333,1.2659191827435725,66,0.06457792217038313,0.48484848484848486,0.8661851374093321
2012,322730127,5,Ohio State,Michigan State,1,66,0.06457792217038313,0.48484848484848486,0.8661851374093321,66,0.03265330773550114,0.3333333333333333,1.2659191827435725
2012,322730151,5,East Carolina,UTEP,1,68,0.050102260504389984,0.4117647058823529,1.1218039781566211,60,-0.01450940234583813,0.35,0.9440907437451376
2012,322730151,5,UTEP,East Carolina,1,60,-0.01450940234583813,0.35,0.9440907437451376,68,0.050102260504389984,0.4117647058823529,1.1218039781566211
2012,322730153,5,Idaho,North Carolina,1,33,-0.09828591192365409,0.2727272727272727,0.9101865346868359,30,0.19407686263422474,0.4666666666666667,1.208868006100815
2012,322730153,5,North Carolina,Idaho,1,30,0.19407686263422474,0.4666666666666667,1.208868006100815,33,-0.09828591192365409,0.2727272727272727,0.9101865346868359
2012,322730154,5,Duke,Wake Forest,1,74,0.13989106402035809,0.4864864864864865,0.7655570772553902,72,0.07703265600414497,0.4166666666666667,0.955273137100495
2012,322730154,5,Wake Forest,Duke,1,72,0.07703265600414497,0.4166666666666667,0.955273137100495,74,0.13989106402035809,0.4864864864864865,0.7655570772553902
2012,322730158,5,Nebraska,Wisconsin,1,75,0.11889188398506645,0.44,0.8837144758383657,65,-0.03978471727538035,0.3076923076923077,1.1040115944004576
2012,322730158,5,Wisconsin,Nebraska,1,65,-0.03978471727538035,0.3076923076923077,1.1040115944004576,75,0.11889188398506645,0.44,0.8837144758383657
2012,322730166,5,New Mexico State,UTSA,1,71,0.020962127921546614,0.39436619718309857,1.274176386300282,60,0.05874709820255553,0.43333333333333335,0.8650840568672634
2012,322730166,5,UTSA,New Mexico State,1,60,0.05874709820255553,0.43333333333333335,0.8650840568672634,71,0.020962127921546614,0.39436619718309857,1.274176386300282
2012,322730167,5,Boise State,New Mexico,1,63,0.25123444125003264,0.5079365079365079,1.168113166071615,62,0.13762219106131873,0.4838709677419355,0.7128213561673494
2012,322730167,5,New Mexico,Boise State,1,62,0.13762219106131873,0.4838709677419355,0.7128213561673494,63,0.25123444125003264,0.5079365079365079,1.168113166071615
2012,322730189,5,Bowling Green,Rhode Island,1,49,0.15384152999725828,0.5714285714285714,0.9455900414105708,40,-0.3108767190405655,0.1,1.6029673944321217
2012,322730189,5,Rhode Island,Bowling Green,1,40,-0.3108767190405655,0.1,1.6029673944321217,49,0.15384152999725828,0.5714285714285714,0.9455900414105708
2012,322730197,5,Oklahoma State,Texas,1,66,0.20704916276741395,0.5151515151515151,0.9591362553182926,75,0.16614509996466384,0.4666666666666667,1.0939250175537119
2012,322730197,5,Texas,Oklahoma State,1,75,0.16614509996466384,0.4666666666666667,1.0939250175537119,66,0.20704916276741395,0.5151515151515151,0.9591362553182926
2012,322730242,5,Houston,Rice,1,78,0.15528578082500202,0.46153846153846156,0.9832218957239992,60,-0.0749762957745323,0.3333333333333333,0.8985778648031928
2012,322730242,5,Rice,Houston,1,60,-0.0749762957745323,0.3333333333333333,0.8985778648031928,78,0.15528578082500202,0.46153846153846156,0.9832218957239992
2012,322730245,5,Arkansas,Texas A&M,1,55,0.0036816812354782905,0.45454545454545453,0.7874226903153707,53,0.24837175319798352,0.6226415094339622,0.6407391675942182
2012,322730245,5,Texas A&M,Arkansas,1,53,0.24837175319798352,0.6226415094339622,0.6407391675942182,55,0.0036816812354782905,0.45454545454545453,0.7874226903153707
2012,322730258,5,Louisiana Tech,Virginia,1,76,0.0317511942922564,0.3815789473684211,0.9279178576298044,76,0.24450666520693567,0.39473684210526316,1.129129183240645
2012,322730258,5,Virginia,Louisiana Tech,1,76,0.24450666520693567,0.39473684210526316,1.129129183240645,76,0.0317511942922564,0.3815789473684211,0.9279178576298044
2012,322730265,5,Oregon,Washington State,1,62,0.044024037254134465,0.5161290322580645,0.6849176992455157,62,-0.06792002466000237,0.3064516129032258,0.8280773823950804
2012,322730265,5,Washington State,Oregon,1,62,-0.06792002466000237,0.3064516129032258,0.8280773823950804,62,0.044024037254134465,0.5161290322580645,0.6849176992455157
2012,322730277,5,Baylor,West Virginia,1,79,0.18242610801553555,0.45569620253164556,1.101790969415563,74,0.2700162674790709,0.5405405405405406,1.0045042595786484
2012,322730277,5,West Virginia,Baylor,1,74,0.2700162674790709,0.5405405405405406,1.0045042595786484,79,0.18242610801553555,0.45569620253164556,1.101790969415563
2012,322730278,5,Fresno State,San Diego State,1,80,0.16200306785078636,0.575,0.7526605246639699,59,0.07523948667727343,0.3220338983050847,1.1555763838309814
2012,322730278,5,San Diego State,Fresno State,1,59,0.07523948667727343,0.3220338983050847,1.1555763838309814,80,0.16200306785078636,0.575,0.7526605246639699
2012,322730309,5,Florida International,Louisiana,1,43,0.11055995520855491,0.37209302325581395,1.2147399044867806,55,0.19509770516773586,0.4727272727272727,1.0138342556069884
2012,322730309,5,Louisiana,Florida International,1,55,0.19509770516773586,0.4727272727272727,1.0138342556069884,43,0.11055995520855491,0.37209302325581395,1.2147399044867806
2012,322730326,5,Nevada,Texas State,1,82,0.2270606787769542,0.5,0.8940218276658526,60,-0.019990869037982677,0.36666666666666664,1.089119396086272
2012,322730326,5,Texas State,Nevada,1,60,-0.019990869037982677,0.36666666666666664,1.089119396086272,82,0.2270606787769542,0.5,0.8940218276658526
2012,322730328,5,UNLV,Utah State,1,75,-0.0224732486035316,0.3466666666666667,0.726205573363896,66,0.08201282007573636,0.3787878787878788,1.3022820384081328
2012,322730328,5,Utah State,UNLV,1,66,0.08201282007573636,0.3787878787878788,1.3022820384081328,75,-0.0224732486035316,0.3466666666666667,0.726205573363896
2012,322730333,5,Alabama,Ole Miss,1,66,0.043330801926224655,0.36363636363636365,0.8137662694679443,66,-0.0033207474312131006,0.45454545454545453,0.6905700758207373
2012,322730333,5,Ole Miss,Alabama,1,66,-0.0033207474312131006,0.45454545454545453,0.6905700758207373,66,0.043330801926224655,0.36363636363636365,0.8137662694679443
2012,322730349,5,Army,Stony Brook,1,55,0.17751538117795057,0.45454545454545453,0.9271902487705117,75,0.14710269519125393,0.5066666666666667,0.839045692917758
2012,322730349,5,Stony Brook,Army,1,75,0.14710269519125393,0.5066666666666667,0.839045692917758,55,0.17751538117795057,0.45454545454545453,0.9271902487705117
2012,322730356,5,Illinois,Penn State,1,50,-0.10755784798631408,0.32,0.8935715770933988,67,0.07081804169271746,0.5223880597014925,0.6587334508280793
2012,322730356,5,Penn State,Illinois,1,67,0.07081804169271746,0.5223880597014925,0.6587334508280793,50,-0.10755784798631408,0.32,0.8935715770933988
2012,322732005,5,Air Force,Colorado State,1,66,0.1499304291016122,0.42424242424242425,1.0105091855907242,68,0.14760951509126305,0.4852941176470588,0.7841660796598569
2012,322732005,5,Colorado State,Air Force,1,68,0.14760951509126305,0.4852941176470588,0.7841660796598569,66,0.1499304291016122,0.42424242424242425,1.0105091855907242
2012,322732006,5,Akron,Miami (OH),1,64,0.2789129368188361,0.5625,0.9960207023500337,82,0.308374375268342,0.5487804878048781,1.1268008526244928
2012,322732006,5,Miami (OH),Akron,1,82,0.308374375268342,0.5487804878048781,1.1268008526244928,64,0.2789129368188361,0.5625,0.9960207023500337
2012,322732032,5,Arkansas State,Western Kentucky,1,81,0.0396091624722695,0.4074074074074074,0.860078844980895,59,0.03869193789016048,0.4745762711864407,0.7514565103559055
2012,322732032,5,Western Kentucky,Arkansas State,1,59,0.03869193789016048,0.4745762711864407,0.7514565103559055,81,0.0396091624722695,0.4074074074074074,0.860078844980895
2012,322732116,5,Missouri,UCF,1,58,-0.07605442748275365,0.39655172413793105,0.6780851413933833,79,0.04642920382689585,0.43037974683544306,0.938868891257957
2012,322732116,5,UCF,Missouri,1,79,0.04642920382689585,0.43037974683544306,0.938868891257957,58,-0.07605442748275365,0.39655172413793105,0.6780851413933833
2012,322732132,5,Cincinnati,Virginia Tech,1,74,0.007180674804234937,0.32432432432432434,1.2152462718251082,62,0.04169769520085305,0.3548387096774194,1.0910019824467625
2012,322732132,5,Virginia Tech,Cincinnati,1,62,0.04169769520085305,0.3548387096774194,1.0910019824467625,74,0.007180674804234937,0.32432432432432434,1.2152462718251082
2012,322732226,5,Florida Atlantic,North Texas,1,69,0.001652196652604308,0.391304347826087,0.8895717769484329,57,-0.10082529801610475,0.3508771929824561,0.8916765405082208
2012,322732226,5,North Texas,Florida Atlantic,1,57,-0.10082529801610475,0.3508771929824561,0.8916765405082208,69,0.001652196652604308,0.391304347826087,0.8895717769484329
2012,322732294,5,Iowa,Minnesota,1,53,0.06199478595996667,0.3018867924528302,1.4675487291833909,53,-0.008735855900330857,0.3018867924528302,0.9340459785906221
2012,322732294,5,Minnesota,Iowa,1,53,-0.008735855900330857,0.3018867924528302,0.9340459785906221,53,0.06199478595996667,0.3018867924528302,1.4675487291833909
2012,322732309,5,Ball State,Kent State,1,80,0.12237292522464047,0.45,0.9052602242682496,64,0.21521828345257588,0.375,1.161897584476697
2012,322732309,5,Kent State,Ball State,1,64,0.21521828345257588,0.375,1.161897584476697,80,0.12237292522464047,0.45,0.9052602242682496
2012,322732390,5,Miami,NC State,1,76,0.0016801441081307476,0.34210526315789475,1.2358262916702598,84,0.24638332120046041,0.4642857142857143,1.1975400144106703
2012,322732390,5,NC State,Miami,1,84,0.24638332120046041,0.4642857142857143,1.1975400144106703,76,0.0016801441081307476,0.34210526315789475,1.2358262916702598
2012,322732426,5,Navy,San José State,1,51,-0.09725558416987005,0.29411764705882354,1.222851904763025,82,0.11462970934413275,0.5853658536585366,0.604427720743845
2012,322732426,5,San José State,Navy,1,82,0.11462970934413275,0.5853658536585366,0.604427720743845,51,-0.09725558416987005,0.29411764705882354,1.222851904763025
2012,322732509,5,Marshall,Purdue,1,86,0.11784531490937492,0.4883720930232558,0.9034172408935502,85,-0.007581312578108988,0.3411764705882353,1.1644486988597684
2012,322732509,5,Purdue,Marshall,1,85,-0.007581312578108988,0.3411764705882353,1.1644486988597684,86,0.11784531490937492,0.4883720930232558,0.9034172408935502
2012,322732567,5,SMU,TCU,1,61,-0.20078179671419763,0.2459016393442623,0.9646660361618375,73,-0.29189089941196544,0.2054794520547945,0.9853526523653832
2012,322732567,5,TCU,SMU,1,73,-0.29189089941196544,0.2054794520547945,0.9853526523653832,61,-0.20078179671419763,0.2459016393442623,0.9646660361618375
2012,322732572,5,Louisville,Southern Miss,1,64,0.06209908266482628,0.421875,0.9234866913730461,57,0.006846631071503175,0.40350877192982454,0.9126646703108339
2012,322732572,5,Southern Miss,Louisville,1,57,0.006846631071503175,0.40350877192982454,0.9126646703108339,64,0.06209908266482628,0.421875,0.9234866913730461
2012,322732711,5,Toledo,Western Michigan,1,71,0.27342945092926335,0.49295774647887325,1.0569989531881823,74,-0.022809875107818033,0.43243243243243246,0.8117606625846975
2012,322732711,5,Western Michigan,Toledo,1,74,-0.022809875107818033,0.43243243243243246,0.8117606625846975,71,0.27342945092926335,0.49295774647887325,1.0569989531881823
2012,322780254,6,USC,Utah,1,60,0.06662744757314841,0.5333333333333333,0.5848379112816195,57,0.10080517859884003,0.2982456140350877,1.160874661071094
2012,322780254,6,Utah,USC,1,57,0.10080517859884003,0.2982456140350877,1.160874661071094,60,0.06662744757314841,0.5333333333333333,0.5848379112816195
2012,322782116,6,East Carolina,UCF,1,66,-0.027996450847065143,0.4090909090909091,0.7942073060102807,58,0.2044954248685524,0.5172413793103449,0.8814586935921267
2012,322782116,6,UCF,East Carolina,1,58,0.2044954248685524,0.5172413793103449,0.8814586935921267,66,-0.027996450847065143,0.4090909090909091,0.7942073060102807
2012,322782229,6,Arkansas State,Florida International,1,55,0.1850247297569182,0.41818181818181815,1.059197053110714,79,0.09406042185068236,0.3924050632911392,0.8960956835696059
2012,322782229,6,Florida International,Arkansas State,1,79,0.09406042185068236,0.3924050632911392,0.8960956835696059,55,0.1850247297569182,0.41818181818181815,1.059197053110714
2012,322790183,6,Pittsburgh,Syracuse,1,71,0.10596791777400387,0.39436619718309857,0.9846388898743751,62,0.05511470515252525,0.46774193548387094,0.9562134423206193
2012,322790183,6,Syracuse,Pittsburgh,1,62,0.05511470515252525,0.46774193548387094,0.9562134423206193,71,0.10596791777400387,0.39436619718309857,0.9846388898743751
2012,322790252,6,BYU,Utah State,1,76,0.10305684827124553,0.3815789473684211,1.0325651611782458,64,-0.04563934658813227,0.328125,1.0166534852240203
2012,322790252,6,Utah State,BYU,1,64,-0.04563934658813227,0.328125,1.0166534852240203,76,0.10305684827124553,0.3815789473684211,1.0325651611782458
2012,322800002,6,Arkansas,Auburn,1,58,0.15840535826581642,0.43103448275862066,0.7961124935802283,66,-0.039005028845065806,0.3484848484848485,1.2665168158119438
2012,322800002,6,Auburn,Arkansas,1,66,-0.039005028845065806,0.3484848484848485,1.2665168158119438,58,0.15840535826581642,0.43103448275862066,0.7961124935802283
2012,322800005,6,SE Louisiana,UAB,1,37,-0.2095409355272571,0.1891891891891892,0.7563191111989336,54,0.26198767699557174,0.4444444444444444,1.327090587501535
2012,322800005,6,UAB,SE Louisiana,1,54,0.26198767699557174,0.4444444444444444,1.327090587501535,37,-0.2095409355272571,0.1891891891891892,0.7563191111989336
2012,322800021,6,Hawai'i,San Diego State,1,50,-0.11481281954046875,0.36,0.7715346745912834,58,-0.024768800338451132,0.43103448275862066,0.7468211635830393
2012,322800021,6,San Diego State,Hawai'i,1,58,-0.024768800338451132,0.43103448275862066,0.7468211635830393,50,-0.11481281954046875,0.36,0.7715346745912834
2012,322800024,6,Arizona,Stanford,1,99,0.1838105428412825,0.494949494949495,1.0345427859566105,69,0.34449183765633273,0.463768115942029,1.3670637933317602
2012,322800024,6,Stanford,Arizona,1,69,0.34449183765633273,0.463768115942029,1.3670637933317602,99,0.1838105428412825,0.494949494949495,1.0345427859566105
2012,322800025,6,California,UCLA,1,67,0.09681510949670671,0.4925373134328358,0.6472411204946033,77,0.10710353951996422,0.4155844155844156,1.0371905959393684
2012,322800025,6,UCLA,California,1,77,0.10710353951996422,0.4155844155844156,1.0371905959393684,67,0.09681510949670671,0.4925373134328358,0.6472411204946033
2012,322800036,6,Colorado State,Fresno State,1,43,-0.1283642265698083,0.20930232558139536,1.2119829702392981,71,0.09079660194220002,0.3380281690140845,1.168880221147612
2012,322800036,6,Fresno State,Colorado State,1,71,0.09079660194220002,0.3380281690140845,1.168880221147612,43,-0.1283642265698083,0.20930232558139536,1.2119829702392981
2012,322800057,6,Florida,LSU,1,68,-0.006539708282387174,0.4117647058823529,0.741143462560185,52,-0.0367082456035887,0.2692307692307692,0.9082839340005076
2012,322800057,6,LSU,Florida,1,52,-0.0367082456035887,0.2692307692307692,0.9082839340005076,68,-0.006539708282387174,0.4117647058823529,0.741143462560185
2012,322800070,6,Idaho,New Mexico State,1,79,0.015923664262515656,0.379746835443038,1.0463234934083152,73,-0.04499364029501389,0.3972602739726027,1.105647684668299
2012,322800070,6,New Mexico State,Idaho,1,73,-0.04499364029501389,0.3972602739726027,1.105647684668299,79,0.015923664262515656,0.379746835443038,1.0463234934083152
2012,322800084,6,Indiana,Michigan State,1,66,-0.07239687923888884,0.3181818181818182,0.7402465555958263,79,0.0809188297077033,0.3670886075949367,1.1810824336896155
2012,322800084,6,Michigan State,Indiana,1,79,0.0809188297077033,0.3670886075949367,1.1810824336896155,66,-0.07239687923888884,0.3181818181818182,0.7402465555958263
2012,322800087,6,Miami,Notre Dame,1,39,-0.04939637900122301,0.28205128205128205,1.2322610784181904,63,0.3615867404060835,0.5873015873015873,0.7597079070081273
2012,322800087,6,Notre Dame,Miami,1,63,0.3615867404060835,0.5873015873015873,0.7597079070081273,39,-0.04939637900122301,0.28205128205128205,1.2322610784181904
2012,322800096,6,Kentucky,Mississippi State,1,59,-0.025220128880119444,0.3050847457627119,0.9167853086364693,77,0.0989386916187301,0.4805194805194805,0.809574162876382
2012,322800096,6,Mississippi State,Kentucky,1,77,0.0989386916187301,0.4805194805194805,0.809574162876382,59,-0.025220128880119444,0.3050847457627119,0.9167853086364693
2012,322800120,6,Maryland,Wake Forest,1,68,-0.11192391137589085,0.25,1.3834582643786064,65,-0.26952438609168783,0.26153846153846155,0.5962885344312998
2012,322800120,6,Wake Forest,Maryland,1,65,-0.26952438609168783,0.26153846153846155,0.5962885344312998,68,-0.11192391137589085,0.25,1.3834582643786064
2012,322800142,6,Missouri,Vanderbilt,1,77,-0.1460516599349737,0.2857142857142857,1.035834883049928,67,-0.12942062753924943,0.29850746268656714,1.0916487595421098
2012,322800142,6,Vanderbilt,Missouri,1,67,-0.12942062753924943,0.29850746268656714,1.0916487595421098,77,-0.1460516599349737,0.2857142857142857,1.035834883049928
2012,322800145,6,Ole Miss,Texas A&M,1,78,0.14670380498577001,0.44871794871794873,0.9993456820829392,68,0.12320412319111458,0.47058823529411764,1.0664236284892348
2012,322800145,6,Texas A&M,Ole Miss,1,68,0.12320412319111458,0.47058823529411764,1.0664236284892348,78,0.14670380498577001,0.44871794871794873,0.9993456820829392
2012,322800150,6,Duke,Virginia,1,59,-0.08115383729223725,0.288135593220339,0.9849994696241864,77,0.09923874755649262,0.4675324675324675,0.944894426343612
2012,322800150,6,Virginia,Duke,1,77,0.09923874755649262,0.4675324675324675,0.944894426343612,59,-0.08115383729223725,0.288135593220339,0.9849994696241864
2012,322800152,6,Florida State,NC State,1,68,0.012692155555701126,0.4117647058823529,0.9126743620216219,81,-0.013452801032014352,0.345679012345679,1.0327583201617836
2012,322800152,6,NC State,Florida State,1,81,-0.013452801032014352,0.345679012345679,1.0327583201617836,68,0.012692155555701126,0.4117647058823529,0.9126743620216219
2012,322800153,6,North Carolina,Virginia Tech,1,72,0.20000246437042626,0.4861111111111111,1.0509782174392077,73,-0.06258725129077464,0.3013698630136986,1.3480284372140314
2012,322800153,6,Virginia Tech,North Carolina,1,73,-0.06258725129077464,0.3013698630136986,1.3480284372140314,72,0.20000246437042626,0.4861111111111111,1.0509782174392077
2012,322800164,6,Rutgers,UConn,1,63,-0.052229746989393463,0.3968253968253968,0.887177413878949,62,-0.15800883713814912,0.3548387096774194,0.8316365287385438
2012,322800164,6,UConn,Rutgers,1,62,-0.15800883713814912,0.3548387096774194,0.8316365287385438,63,-0.052229746989393463,0.3968253968253968,0.887177413878949
2012,322800167,6,New Mexico,Texas State,1,55,0.19327922304371845,0.45454545454545453,0.904474559521985,53,-0.24857725601471947,0.3018867924528302,0.778050862574882
2012,322800167,6,Texas State,New Mexico,1,53,-0.24857725601471947,0.3018867924528302,0.778050862574882,55,0.19327922304371845,0.45454545454545453,0.904474559521985
2012,322800194,6,Nebraska,Ohio State,1,56,0.13201533931240714,0.39285714285714285,0.9890453432126803,55,0.2741734251712096,0.43636363636363634,1.051914009814081
2012,322800194,6,Ohio State,Nebraska,1,55,0.2741734251712096,0.43636363636363634,1.051914009814081,56,0.13201533931240714,0.39285714285714285,0.9890453432126803
2012,322800195,6,Buffalo,Ohio,1,89,0.1370076178132574,0.4606741573033708,0.8452270571870355,60,-0.11260812795531543,0.3,1.306713027444928
2012,322800195,6,Ohio,Buffalo,1,60,-0.11260812795531543,0.3,1.306713027444928,89,0.1370076178132574,0.4606741573033708,0.8452270571870355
2012,322800204,6,Oregon State,Washington State,1,78,-0.11517974268850288,0.46153846153846156,0.5099002522274764,50,-0.1044348236382846,0.34,0.7279302240214588
2012,322800204,6,Washington State,Oregon State,1,50,-0.1044348236382846,0.34,0.7279302240214588,78,-0.11517974268850288,0.46153846153846156,0.5099002522274764
2012,322800213,6,Northwestern,Penn State,1,58,-0.01830031014008909,0.3448275862068966,0.6739947173193535,95,0.06753501262048246,0.42105263157894735,0.8876958148803491
2012,322800213,6,Penn State,Northwestern,1,95,0.06753501262048246,0.42105263157894735,0.8876958148803491,58,-0.01830031014008909,0.3448275862068966,0.6739947173193535
2012,322800218,6,South Florida,Temple,1,71,0.038147032297137645,0.4507042253521127,0.7575378322854223,67,0.06693213923023487,0.3880597014925373,0.9655760621646229
2012,322800218,6,Temple,South Florida,1,67,0.06693213923023487,0.3880597014925373,0.9655760621646229,71,0.038147032297137645,0.4507042253521127,0.7575378322854223
2012,322800228,6,Clemson,Georgia Tech,1,91,0.1828615120364565,0.4945054945054945,0.9362170250238058,57,0.18055083494522958,0.43859649122807015,1.126458535631654
2012,322800228,6,Georgia Tech,Clemson,1,57,0.18055083494522958,0.43859649122807015,1.126458535631654,91,0.1828615120364565,0.4945054945054945,0.9362170250238058
2012,322800235,6,Memphis,Rice,1,63,-0.015872426635601317,0.38095238095238093,0.8158394488433692,59,-0.060487840641319415,0.3220338983050847,0.8670186098859703
2012,322800235,6,Rice,Memphis,1,59,-0.060487840641319415,0.3220338983050847,0.8670186098859703,63,-0.015872426635601317,0.38095238095238093,0.8158394488433692
2012,322800248,6,Houston,North Texas,1,66,0.32146699146236185,0.6515151515151515,0.8239394212232453,51,0.15903785006266735,0.37254901960784315,1.2666611603616718
2012,322800248,6,North Texas,Houston,1,51,0.15903785006266735,0.37254901960784315,1.2666611603616718,66,0.32146699146236185,0.6515151515151515,0.8239394212232453
2012,322800251,6,Texas,West Virginia,1,64,0.19181395750975097,0.453125,1.0165033681022846,73,0.17691639091011155,0.4794520547945205,0.9920206436486767
2012,322800251,6,West Virginia,Texas,1,73,0.17691639091011155,0.4794520547945205,0.9920206436486767,64,0.19181395750975097,0.453125,1.0165033681022846
2012,322800275,6,Illinois,Wisconsin,1,62,0.00879522224185509,0.3548387096774194,1.0388478846446096,55,0.049154922064920774,0.41818181818181815,0.735262933325615
2012,322800275,6,Wisconsin,Illinois,1,55,0.049154922064920774,0.41818181818181815,0.735262933325615,62,0.00879522224185509,0.3548387096774194,1.0388478846446096
2012,322800276,6,Marshall,Tulsa,1,86,0.000911181885178738,0.36046511627906974,1.042374628649904,67,0.07832610374928937,0.43283582089552236,0.7340764919692002
2012,322800276,6,Tulsa,Marshall,1,67,0.07832610374928937,0.43283582089552236,0.7340764919692002,86,0.000911181885178738,0.36046511627906974,1.042374628649904
2012,322800309,6,Louisiana,Tulane,1,52,0.2141830699366381,0.5,1.0408837226781835,50,-0.1163056645241164,0.32,0.7723612988589145
2012,322800309,6,Tulane,Louisiana,1,50,-0.1163056645241164,0.32,0.7723612988589145,52,0.2141830699366381,0.5,1.0408837226781835
2012,322800349,6,Army,Boston College,1,90,0.22380847120257735,0.5666666666666667,0.8891949622373958,53,0.1986572957164979,0.39622641509433965,1.127611270813808
2012,322800349,6,Boston College,Army,1,53,0.1986572957164979,0.39622641509433965,1.127611270813808,90,0.22380847120257735,0.5666666666666667,0.8891949622373958
2012,322802005,6,Air Force,Navy,1,74,0.1823660708925031,0.5675675675675675,0.7804668073583344,60,0.17129055589855086,0.5333333333333333,0.6364825612977534
2012,322802005,6,Navy,Air Force,1,60,0.17129055589855086,0.5333333333333333,0.6364825612977534,74,0.1823660708925031,0.5675675675675675,0.7804668073583344
2012,322802006,6,Akron,Bowling Green,1,75,0.003576255260734363,0.36,1.0120482957157295,73,0.07075819310913482,0.5068493150684932,0.6706518992719184
2012,322802006,6,Bowling Green,Akron,1,73,0.07075819310913482,0.5068493150684932,0.6706518992719184,75,0.003576255260734363,0.36,1.0120482957157295
2012,322802050,6,Ball State,Northern Illinois,1,102,0.08827206419210645,0.4803921568627451,0.8113927911476884,70,0.059659987853251155,0.42857142857142855,0.810383074824346
2012,322802050,6,Northern Illinois,Ball State,1,70,0.059659987853251155,0.42857142857142855,0.810383074824346,102,0.08827206419210645,0.4803921568627451,0.8113927911476884
2012,322802132,6,Cincinnati,Miami (OH),1,52,0.13430851795526882,0.4423076923076923,0.9581231816532314,45,0.10110412662537313,0.4444444444444444,0.9630122420256616
2012,322802132,6,Miami (OH),Cincinnati,1,45,0.10110412662537313,0.4444444444444444,0.9630122420256616,52,0.13430851795526882,0.4423076923076923,0.9581231816532314
2012,322802199,6,Eastern Michigan,Kent State,1,28,-0.24382675005806775,0.21428571428571427,0.053766366330079286,53,0.047592811869631525,0.41509433962264153,0.899867425036296
2012,322802199,6,Kent State,Eastern Michigan,1,53,0.047592811869631525,0.41509433962264153,0.899867425036296,28,-0.24382675005806775,0.21428571428571427,0.053766366330079286
2012,322802306,6,Kansas,Kansas State,1,63,0.12351263602829658,0.4603174603174603,0.9074321303758959,26,0.26658502494837033,0.5384615384615384,0.9973652434996566
2012,322802306,6,Kansas State,Kansas,1,26,0.26658502494837033,0.5384615384615384,0.9973652434996566,63,0.12351263602829658,0.4603174603174603,0.9074321303758959
2012,322802348,6,Louisiana Tech,UNLV,1,78,0.2738544945843458,0.6538461538461539,0.7473552592823718,68,0.05495656516118888,0.35294117647058826,1.261556752364924
2012,322802348,6,UNLV,Louisiana Tech,1,68,0.05495656516118888,0.35294117647058826,1.261556752364924,78,0.2738544945843458,0.6538461538461539,0.7473552592823718
2012,322802393,6,Middle Tennessee,UL Monroe,1,52,0.17655096620589653,0.5769230769230769,0.7065536500543764,88,0.16208778735412468,0.4431818181818182,0.9122768303681946
2012,322802393,6,UL Monroe,Middle Tennessee,1,88,0.16208778735412468,0.4431818181818182,0.9122768303681946,52,0.17655096620589653,0.5769230769230769,0.7065536500543764
2012,322802440,6,Nevada,Wyoming,1,76,0.1012955420805498,0.40789473684210525,1.0461099716546833,84,-0.010029265753824141,0.38095238095238093,1.0676927096276987
2012,322802440,6,Wyoming,Nevada,1,84,-0.010029265753824141,0.38095238095238093,1.0676927096276987,76,0.1012955420805498,0.40789473684210525,1.0461099716546833
2012,322802483,6,Oregon,Washington,1,60,0.19066375818485712,0.5333333333333333,0.8282150106368718,43,0.037728724822138175,0.4883720930232558,0.7458630950075216
2012,322802483,6,Washington,Oregon,1,43,0.037728724822138175,0.4883720930232558,0.7458630950075216,60,0.19066375818485712,0.5333333333333333,0.8282150106368718
2012,322802509,6,Michigan,Purdue,1,65,0.13741086209908132,0.4307692307692308,0.9490793157332533,54,-0.08328948106233083,0.4074074074074074,0.5062164247248992
2012,322802509,6,Purdue,Michigan,1,54,-0.08328948106233083,0.4074074074074074,0.5062164247248992,65,0.13741086209908132,0.4307692307692308,0.9490793157332533
2012,322802572,6,Boise State,Southern Miss,1,43,-0.013202120375915604,0.46511627906976744,0.5634569847427553,43,0.08466470667157738,0.46511627906976744,0.7457737307377166
2012,322802572,6,Southern Miss,Boise State,1,43,0.08466470667157738,0.46511627906976744,0.7457737307377166,43,-0.013202120375915604,0.46511627906976744,0.5634569847427553
2012,322802579,6,Georgia,South Carolina,1,55,-0.2669211701634298,0.2727272727272727,1.129993955096648,42,0.29600543614002756,0.35714285714285715,1.3818935578770881
2012,322802579,6,South Carolina,Georgia,1,42,0.29600543614002756,0.35714285714285715,1.3818935578770881,55,-0.2669211701634298,0.2727272727272727,1.129993955096648
2012,322802628,6,Iowa State,TCU,1,54,-0.06331782582168745,0.2962962962962963,0.9035979787805772,80,0.127588903088587,0.425,0.9912133272086862
2012,322802628,6,TCU,Iowa State,1,80,0.127588903088587,0.425,0.9912133272086862,54,-0.06331782582168745,0.2962962962962963,0.9035979787805772
2012,322802638,6,SMU,UTEP,1,80,0.0023295473666639995,0.375,0.9593583782113113,69,-0.11892475409898927,0.34782608695652173,0.7960463144001916
2012,322802638,6,UTEP,SMU,1,69,-0.11892475409898927,0.34782608695652173,0.7960463144001916,80,0.0023295473666639995,0.375,0.9593583782113113
2012,322802641,6,Oklahoma,Texas Tech,1,53,0.20040716934608438,0.5094339622641509,1.0122153997236074,59,0.011820043312252511,0.4576271186440678,0.7843793952402246
2012,322802641,6,Texas Tech,Oklahoma,1,59,0.011820043312252511,0.4576271186440678,0.7843793952402246,53,0.20040716934608438,0.5094339622641509,1.0122153997236074
2012,322802649,6,Central Michigan,Toledo,1,71,0.04589395615455375,0.38028169014084506,1.1113069976490433,83,0.12690648816259734,0.40963855421686746,1.057760104945454
2012,322802649,6,Toledo,Central Michigan,1,83,0.12690648816259734,0.40963855421686746,1.057760104945454,71,0.04589395615455375,0.38028169014084506,1.1113069976490433
2012,322802711,6,Massachusetts,Western Michigan,1,37,-0.1073239331681484,0.32432432432432434,0.9653769404370862,37,0.4013924586013132,0.6756756756756757,0.8306975498081077
2012,322802711,6,Western Michigan,Massachusetts,1,37,0.4013924586013132,0.6756756756756757,0.8306975498081077,37,-0.1073239331681484,0.32432432432432434,0.9653769404370862
2012,322850038,7,Arizona State,Colorado,1,69,0.17653079922403977,0.5362318840579711,0.8733039885437724,65,-0.0846685640349454,0.27692307692307694,1.2022612145013283
2012,322850038,7,Colorado,Arizona State,1,65,-0.0846685640349454,0.27692307692307694,1.2022612145013283,69,0.17653079922403977,0.5362318840579711,0.8733039885437724
2012,322850202,7,Tulsa,UTEP,1,73,0.13374003168664433,0.5205479452054794,0.6662962645224878,66,-0.009111115962914083,0.4393939393939394,0.7753412952080381
2012,322850202,7,UTEP,Tulsa,1,66,-0.009111115962914083,0.4393939393939394,0.7753412952080381,73,0.13374003168664433,0.5205479452054794,0.6662962645224878
2012,322852653,7,Troy,Western Kentucky,1,67,0.04366977488871519,0.3880597014925373,0.8701733117317872,60,0.17128963359815935,0.4,1.1401400220919802
2012,322852653,7,Western Kentucky,Troy,1,60,0.17128963359815935,0.4,1.1401400220919802,67,0.04366977488871519,0.3880597014925373,0.8701733117317872
2012,322862117,7,Central Michigan,Navy,1,45,0.010774648844899887,0.4444444444444444,0.7302810349096613,70,0.13811352802747498,0.4714285714285714,0.8045960237657473
2012,322862117,7,Navy,Central Michigan,1,70,0.13811352802747498,0.4714285714285714,0.8045960237657473,45,0.010774648844899887,0.4444444444444444,0.7302810349096613
2012,322870008,7,Arkansas,Kentucky,1,36,0.371755310730092,0.5833333333333334,1.0311466289192635,28,-0.10946455817472522,0.21428571428571427,1.355655566485278
2012,322870008,7,Kentucky,Arkansas,1,28,-0.10946455817472522,0.21428571428571427,1.355655566485278,36,0.371755310730092,0.5833333333333334,1.0311466289192635
2012,322870021,7,Colorado State,San Diego State,1,56,0.05786157225007502,0.4107142857142857,1.0055480027821035,40,0.15189646308556298,0.55,0.8267526105621199
2012,322870021,7,San Diego State,Colorado State,1,40,0.15189646308556298,0.55,0.8267526105621199,56,0.05786157225007502,0.4107142857142857,1.0055480027821035
2012,322870023,7,San José State,Utah State,1,91,0.07177056241921143,0.4175824175824176,0.8902460041003631,52,0.1501599899076673,0.4230769230769231,0.964364410732587
2012,322870023,7,Utah State,San José State,1,52,0.1501599899076673,0.4230769230769231,0.964364410732587,91,0.07177056241921143,0.4175824175824176,0.8902460041003631
2012,322870026,7,UCLA,Utah,1,65,0.14063073689698422,0.36923076923076925,1.2424745926868876,61,0.05948733944347651,0.4262295081967213,0.8484362561623603
2012,322870026,7,Utah,UCLA,1,61,0.05948733944347651,0.4262295081967213,0.8484362561623603,65,0.14063073689698422,0.36923076923076925,1.2424745926868876
2012,322870041,7,Temple,UConn,1,74,-0.06454568024188888,0.3108108108108108,1.2041862174498974,78,0.026881636940134217,0.2948717948717949,1.449009900427503
2012,322870041,7,UConn,Temple,1,78,0.026881636940134217,0.2948717948717949,1.449009900427503,74,-0.06454568024188888,0.3108108108108108,1.2041862174498974
2012,322870052,7,Boston College,Florida State,1,38,-0.2373051415356137,0.34210526315789475,0.8741689231779856,38,0.28721867051123595,0.6842105263157895,0.6320523128429435
2012,322870052,7,Florida State,Boston College,1,38,0.28721867051123595,0.6842105263157895,0.6320523128429435,38,-0.2373051415356137,0.34210526315789475,0.8741689231779856
2012,322870062,7,Hawai'i,New Mexico,1,68,0.0950948638081486,0.35294117647058826,1.5725726260540107,70,0.11328038044099255,0.44285714285714284,0.8665549951341696
2012,322870062,7,New Mexico,Hawai'i,1,70,0.11328038044099255,0.44285714285714284,0.8665549951341696,68,0.0950948638081486,0.35294117647058826,1.5725726260540107
2012,322870066,7,Iowa State,Kansas State,1,57,-0.10766716189192943,0.22807017543859648,0.9248192017955174,75,0.08055385892370356,0.4266666666666667,0.8052087456921865
2012,322870066,7,Kansas State,Iowa State,1,75,0.08055385892370356,0.4266666666666667,0.8052087456921865,57,-0.10766716189192943,0.22807017543859648,0.9248192017955174
2012,322870068,7,Boise State,Fresno State,1,65,-0.06058581122321862,0.4461538461538462,0.6713304927467336,73,0.035234953957195975,0.3698630136986301,1.0288276545938633
2012,322870068,7,Fresno State,Boise State,1,73,0.035234953957195975,0.3698630136986301,1.0288276545938633,65,-0.06058581122321862,0.4461538461538462,0.6713304927467336
2012,322870084,7,Indiana,Ohio State,1,74,0.0399130573831013,0.33783783783783783,1.0537927715842634,74,0.057052330101836204,0.3918918918918919,1.2496053601141335
2012,322870084,7,Ohio State,Indiana,1,74,0.057052330101836204,0.3918918918918919,1.2496053601141335,74,0.0399130573831013,0.33783783783783783,1.0537927715842634
2012,322870087,7,Notre Dame,Stanford,1,72,0.038803542889470855,0.4305555555555556,0.7925898005414804,67,-0.14581530361078637,0.40298507462686567,0.6298716004143425
2012,322870087,7,Stanford,Notre Dame,1,67,-0.14581530361078637,0.40298507462686567,0.6298716004143425,72,0.038803542889470855,0.4305555555555556,0.7925898005414804
2012,322870099,7,LSU,South Carolina,1,79,0.042074242656653466,0.46835443037974683,0.7088268518647219,57,-0.0021193785036472752,0.3684210526315789,0.9302123639189671
2012,322870099,7,South Carolina,LSU,1,57,-0.0021193785036472752,0.3684210526315789,0.9302123639189671,79,0.042074242656653466,0.46835443037974683,0.7088268518647219
2012,322870127,7,Iowa,Michigan State,1,73,-0.11369176458368108,0.2876712328767123,0.8743284707701355,72,-0.04343668490361328,0.3194444444444444,0.755434702970735
2012,322870127,7,Michigan State,Iowa,1,72,-0.04343668490361328,0.3194444444444444,0.755434702970735,73,-0.11369176458368108,0.2876712328767123,0.8743284707701355
2012,322870130,7,Illinois,Michigan,1,31,-0.08854140767786381,0.41935483870967744,0.6794077044462976,37,0.0801979649262306,0.4864864864864865,0.8157067444602585
2012,322870130,7,Michigan,Illinois,1,37,0.0801979649262306,0.4864864864864865,0.8157067444602585,31,-0.08854140767786381,0.41935483870967744,0.6794077044462976
2012,322870135,7,Minnesota,Northwestern,1,73,-0.07270238584724371,0.3835616438356164,0.9113440105614168,53,-0.07533081188954259,0.3584905660377358,0.8518241821964285
2012,322870135,7,Northwestern,Minnesota,1,53,-0.07533081188954259,0.3584905660377358,0.8518241821964285,73,-0.07270238584724371,0.3835616438356164,0.9113440105614168
2012,322870142,7,Alabama,Missouri,1,56,0.1824666376655148,0.42857142857142855,1.0245604289591945,48,-0.15674339797266817,0.22916666666666666,1.2097920929081578
2012,322870142,7,Missouri,Alabama,1,48,-0.15674339797266817,0.22916666666666666,1.2097920929081578,56,0.1824666376655148,0.42857142857142855,1.0245604289591945
2012,322870145,7,Auburn,Ole Miss,1,59,-0.10453950895917608,0.4406779661016949,0.6586240729967161,63,0.15124407372722568,0.47619047619047616,0.8621588836419907
2012,322870145,7,Ole Miss,Auburn,1,63,0.15124407372722568,0.47619047619047616,0.8621588836419907,59,-0.10453950895917608,0.4406779661016949,0.6586240729967161
2012,322870151,7,East Carolina,Memphis,1,54,0.059783147520457776,0.42592592592592593,0.8655943630893712,47,-0.06900620097271376,0.2765957446808511,0.9176684316547264
2012,322870151,7,Memphis,East Carolina,1,47,-0.06900620097271376,0.2765957446808511,0.9176684316547264,54,0.059783147520457776,0.42592592592592593,0.8655943630893712
2012,322870164,7,Rutgers,Syracuse,1,58,-0.14751592367493752,0.3275862068965517,0.7136449158954693,72,0.01935629711661292,0.3888888888888889,0.9084682536670223
2012,322870164,7,Syracuse,Rutgers,1,72,0.01935629711661292,0.3888888888888889,0.9084682536670223,58,-0.14751592367493752,0.3275862068965517,0.7136449158954693
2012,322870189,7,Bowling Green,Miami (OH),1,58,0.13646960767100957,0.603448275862069,0.7264450906468429,45,0.01571048761883293,0.28888888888888886,1.2677899098073335
2012,322870189,7,Miami (OH),Bowling Green,1,45,0.01571048761883293,0.28888888888888886,1.2677899098073335,58,0.13646960767100957,0.603448275862069,0.7264450906468429
2012,322870201,7,Oklahoma,Texas,1,58,0.20358090577913707,0.5,1.0197383224012841,23,-0.44611341767785795,0.17391304347826086,0.9727281003108645
2012,322870201,7,Texas,Oklahoma,1,23,-0.44611341767785795,0.17391304347826086,0.9727281003108645,58,0.20358090577913707,0.5,1.0197383224012841
2012,322870221,7,Louisville,Pittsburgh,1,53,0.194300770349339,0.41509433962264153,1.2435938478211508,67,0.17934158421519308,0.5074626865671642,0.8945722117819314
2012,322870221,7,Pittsburgh,Louisville,1,67,0.17934158421519308,0.5074626865671642,0.8945722117819314,53,0.194300770349339,0.41509433962264153,1.2435938478211508
2012,322870238,7,Florida,Vanderbilt,1,55,0.058239100625168974,0.4,0.7585572532837347,76,0.0981699682248933,0.42105263157894735,0.9521734274279173
2012,322870238,7,Vanderbilt,Florida,1,76,0.0981699682248933,0.42105263157894735,0.9521734274279173,55,0.058239100625168974,0.4,0.7585572532837347
2012,322870239,7,Baylor,TCU,1,40,0.11299056019901518,0.475,0.8651853289492186,76,0.20846340789404383,0.4473684210526316,1.0404178846701027
2012,322870239,7,TCU,Baylor,1,76,0.20846340789404383,0.4473684210526316,1.0404178846701027,40,0.11299056019901518,0.475,0.8651853289492186
2012,322870242,7,Rice,UTSA,1,79,0.17322995615698547,0.46835443037974683,1.0356893972501193,56,0.010310710940706657,0.39285714285714285,0.7565793551259209
2012,322870242,7,UTSA,Rice,1,56,0.010310710940706657,0.39285714285714285,0.7565793551259209,79,0.17322995615698547,0.46835443037974683,1.0356893972501193
2012,322870248,7,Houston,UAB,1,90,0.1665876870540563,0.4777777777777778,0.8895395403000081,53,-0.00411775218109943,0.39622641509433965,1.1275880750513338
2012,322870248,7,UAB,Houston,1,53,-0.00411775218109943,0.39622641509433965,1.1275880750513338,90,0.1665876870540563,0.4777777777777778,0.8895395403000081
2012,322870252,7,BYU,Oregon State,1,81,0.05773348496214392,0.43209876543209874,0.8466732929966707,55,0.21545110162400677,0.34545454545454546,1.5156648805645272
2012,322870252,7,Oregon State,BYU,1,55,0.21545110162400677,0.34545454545454546,1.5156648805645272,81,0.05773348496214392,0.43209876543209874,0.8466732929966707
2012,322870258,7,Maryland,Virginia,1,55,-0.13953518092796666,0.23636363636363636,1.0453367754965146,82,-0.004191485684888311,0.3780487804878049,0.937188813961817
2012,322870258,7,Virginia,Maryland,1,82,-0.004191485684888311,0.3780487804878049,0.937188813961817,55,-0.13953518092796666,0.23636363636363636,1.0453367754965146
2012,322870259,7,Duke,Virginia Tech,1,72,-0.10330396412970609,0.3888888888888889,0.606056510615619,59,0.09312023541283082,0.3728813559322034,1.1500957979198827
2012,322870259,7,Virginia Tech,Duke,1,59,0.09312023541283082,0.3728813559322034,1.1500957979198827,72,-0.10330396412970609,0.3888888888888889,0.606056510615619
2012,322870264,7,USC,Washington,1,59,-0.023075959655556574,0.3559322033898305,0.6952273490943089,56,0.016670679906329894,0.39285714285714285,0.7891090479617515
2012,322870264,7,Washington,USC,1,56,0.016670679906329894,0.39285714285714285,0.7891090479617515,59,-0.023075959655556574,0.3559322033898305,0.6952273490943089
2012,322870265,7,California,Washington State,1,70,0.19547882884658696,0.5428571428571428,0.91630148553081,79,-0.019076582866894298,0.3670886075949367,1.2643339164128515
2012,322870265,7,Washington State,California,1,79,-0.019076582866894298,0.3670886075949367,1.2643339164128515,70,0.19547882884658696,0.5428571428571428,0.91630148553081
2012,322870326,7,Idaho,Texas State,1,11,0.21363346924484086,0.36363636363636365,1.656234534495295,17,0.20493472908455426,0.6470588235294118,0.6600405878999973
2012,322870326,7,Texas State,Idaho,1,17,0.20493472908455426,0.6470588235294118,0.6600405878999973,11,0.21363346924484086,0.36363636363636365,1.656234534495295
2012,322870344,7,Mississippi State,Tennessee,1,77,0.11446247742609537,0.42857142857142855,0.8694329737650844,56,0.14526738819023297,0.5,0.799608096802892
2012,322870344,7,Tennessee,Mississippi State,1,56,0.14526738819023297,0.5,0.799608096802892,77,0.11446247742609537,0.42857142857142855,0.8694329737650844
2012,322870349,7,Army,Kent State,1,89,0.10605217122506383,0.4157303370786517,0.9247705520075171,45,0.03424616270558652,0.3333333333333333,0.9854618109323033
2012,322870349,7,Kent State,Army,1,45,0.03424616270558652,0.3333333333333333,0.9854618109323033,89,0.10605217122506383,0.4157303370786517,0.9247705520075171
2012,322872032,7,Arkansas State,South Alabama,1,54,0.04624841615543344,0.48148148148148145,0.7107665733953141,89,-0.04561774270449774,0.3595505617977528,0.8670675483045384
2012,322872032,7,South Alabama,Arkansas State,1,89,-0.04561774270449774,0.3595505617977528,0.8670675483045384,54,0.04624841615543344,0.48148148148148145,0.7107665733953141
2012,322872050,7,Ball State,Western Michigan,1,83,0.06212768850567432,0.40963855421686746,0.8712241553748737,69,-0.05247881682958947,0.4057971014492754,0.812886536097167
2012,322872050,7,Western Michigan,Ball State,1,69,-0.05247881682958947,0.4057971014492754,0.812886536097167,83,0.06212768850567432,0.40963855421686746,0.8712241553748737
2012,322872116,7,Southern Miss,UCF,1,60,0.1019453323741255,0.45,0.9874949347462303,78,0.18427571022140504,0.44871794871794873,0.9992303614497879
2012,322872116,7,UCF,Southern Miss,1,78,0.18427571022140504,0.44871794871794873,0.9992303614497879,60,0.1019453323741255,0.45,0.9874949347462303
2012,322872132,7,Cincinnati,Fordham,1,44,0.21305414355720562,0.45454545454545453,1.0973339841088434,52,0.09148025391564497,0.4230769230769231,1.042331579894243
2012,322872132,7,Fordham,Cincinnati,1,52,0.09148025391564497,0.4230769230769231,1.042331579894243,44,0.21305414355720562,0.45454545454545453,1.0973339841088434
2012,322872199,7,Eastern Michigan,Toledo,1,66,0.2234717301364088,0.5,1.1227624935991207,63,0.098039803728327,0.5396825396825397,0.8901314892291295
2012,322872199,7,Toledo,Eastern Michigan,1,63,0.098039803728327,0.5396825396825397,0.8901314892291295,66,0.2234717301364088,0.5,1.1227624935991207
2012,322872229,7,Florida International,Middle Tennessee,1,77,0.22513528620204792,0.42857142857142855,1.254972337102521,81,0.17368060437960706,0.4444444444444444,1.080155097454405
2012,322872229,7,Middle Tennessee,Florida International,1,81,0.17368060437960706,0.4444444444444444,1.080155097454405,77,0.22513528620204792,0.42857142857142855,1.254972337102521
2012,322872305,7,Kansas,Oklahoma State,1,78,-0.06975529842127566,0.32051282051282054,1.4237574110463451,74,-0.07731163288548373,0.36486486486486486,0.9172442487204374
2012,322872305,7,Oklahoma State,Kansas,1,74,-0.07731163288548373,0.36486486486486486,0.9172442487204374,78,-0.06975529842127566,0.32051282051282054,1.4237574110463451
2012,322872348,7,Louisiana Tech,Texas A&M,1,95,0.06264399442162846,0.4631578947368421,0.8273493028336029,83,0.183481706514844,0.43373493975903615,1.0982352445272965
2012,322872348,7,Texas A&M,Louisiana Tech,1,83,0.183481706514844,0.43373493975903615,1.0982352445272965,95,0.06264399442162846,0.4631578947368421,0.8273493028336029
2012,322872390,7,Miami,North Carolina,1,82,-0.05900279254749653,0.35365853658536583,1.2623294396702331,83,0.11884792049828126,0.4819277108433735,0.8603334932625945
2012,322872390,7,North Carolina,Miami,1,83,0.11884792049828126,0.4819277108433735,0.8603334932625945,82,-0.05900279254749653,0.35365853658536583,1.2623294396702331
2012,322872433,7,Florida Atlantic,UL Monroe,1,57,0.0695195980421161,0.3333333333333333,1.3929449015349549,44,0.2126114652389585,0.36363636363636365,1.4820760741250776
2012,322872433,7,UL Monroe,Florida Atlantic,1,44,0.2126114652389585,0.36363636363636365,1.4820760741250776,57,0.0695195980421161,0.3333333333333333,1.3929449015349549
2012,322872439,7,Nevada,UNLV,1,77,0.15252693366318687,0.5324675324675324,0.8825405527219814,61,0.17949002954942023,0.47540983606557374,0.9081949669202354
2012,322872439,7,UNLV,Nevada,1,61,0.17949002954942023,0.47540983606557374,0.9081949669202354,77,0.15252693366318687,0.5324675324675324,0.8825405527219814
2012,322872459,7,Buffalo,Northern Illinois,1,46,0.03360591836830102,0.32608695652173914,1.0594209627430158,33,0.37258360552894537,0.5151515151515151,1.2503202951185013
2012,322872459,7,Northern Illinois,Buffalo,1,33,0.37258360552894537,0.5151515151515151,1.2503202951185013,46,0.03360591836830102,0.32608695652173914,1.0594209627430158
2012,322872509,7,Purdue,Wisconsin,1,45,-0.19815501156106585,0.2222222222222222,0.9079200798536579,61,0.11635397299420339,0.5245901639344263,0.8019201411380449
2012,322872509,7,Wisconsin,Purdue,1,61,0.11635397299420339,0.5245901639344263,0.8019201411380449,45,-0.19815501156106585,0.2222222222222222,0.9079200798536579
2012,322872641,7,Texas Tech,West Virginia,1,46,0.42012646008568455,0.5869565217391305,1.244070025338943,66,-0.12497265350001231,0.2727272727272727,1.4136085668770846
2012,322872641,7,West Virginia,Texas Tech,1,66,-0.12497265350001231,0.2727272727272727,1.4136085668770846,46,0.42012646008568455,0.5869565217391305,1.244070025338943
2012,322872751,7,Air Force,Wyoming,1,57,0.16084212907189835,0.40350877192982454,1.031353871830126,80,0.17363598025324037,0.525,0.8715469102345953
2012,322872751,7,Wyoming,Air Force,1,80,0.17363598025324037,0.525,0.8715469102345953,57,0.16084212907189835,0.40350877192982454,1.031353871830126
2012,322900249,8,Louisiana,North Texas,1,58,0.0649485057481362,0.3103448275862069,1.257659275070219,80,-0.0034132960569612987,0.3625,0.8551827438345295
2012,322900249,8,North Texas,Louisiana,1,80,-0.0034132960569612987,0.3625,0.8551827438345295,58,0.0649485057481362,0.3103448275862069,1.257659275070219
2012,322920009,8,Arizona State,Oregon,1,42,-0.029155796718961388,0.47619047619047616,0.49023069347228354,49,0.09256100844721173,0.40816326530612246,1.0599285020889955
2012,322920009,8,Oregon,Arizona State,1,49,0.09256100844721173,0.40816326530612246,1.0599285020889955,42,-0.029155796718961388,0.47619047619047616,0.49023069347228354
2012,322922567,8,Houston,SMU,1,64,0.17086475675366478,0.34375,1.5362093097377372,56,-0.1343255483274597,0.375,0.4956543131048605
2012,322922567,8,SMU,Houston,1,56,-0.1343255483274597,0.375,0.4956543131048605,64,0.17086475675366478,0.34375,1.5362093097377372
2012,322930183,8,Syracuse,UConn,1,55,0.24082368541953725,0.41818181818181815,1.2232938014302155,47,-0.017793945743800124,0.3191489361702128,1.071173221234192
2012,322930183,8,UConn,Syracuse,1,47,-0.017793945743800124,0.3191489361702128,1.071173221234192,55,0.24082368541953725,0.41818181818181815,1.2232938014302155
2012,322940005,8,East Carolina,UAB,1,74,0.3101289742266407,0.5135135135135135,1.0264152343891706,57,0.23740200596260072,0.42105263157894735,1.279901923344893
2012,322940005,8,UAB,East Carolina,1,57,0.23740200596260072,0.42105263157894735,1.279901923344893,74,0.3101289742266407,0.5135135135135135,1.0264152343891706
2012,322940006,8,Florida Atlantic,South Alabama,1,79,0.0023185442151101463,0.379746835443038,0.9622324926043215,78,-0.0708842814414085,0.4230769230769231,0.6001252443129681
2012,322940006,8,South Alabama,Florida Atlantic,1,78,-0.0708842814414085,0.4230769230769231,0.6001252443129681,79,0.0023185442151101463,0.379746835443038,0.9622324926043215
2012,322940012,8,Arizona,Washington,1,52,0.09853186804809713,0.4423076923076923,0.7648231116146599,63,0.018370033495599708,0.4603174603174603,0.6021204655622202
2012,322940012,8,Washington,Arizona,1,63,0.018370033495599708,0.4603174603174603,0.6021204655622202,52,0.09853186804809713,0.4423076923076923,0.7648231116146599
2012,322940025,8,California,Stanford,1,60,-0.14396706310733026,0.26666666666666666,0.9935667267503281,75,0.04325445736159022,0.3333333333333333,1.2143810934937638
2012,322940025,8,Stanford,California,1,75,0.04325445736159022,0.3333333333333333,1.2143810934937638,60,-0.14396706310733026,0.26666666666666666,0.9935667267503281
2012,322940030,8,Colorado,USC,1,55,-0.1470318455890661,0.43636363636363634,0.6877589326954316,24,0.354892553940267,0.7083333333333334,0.7425601099512206
2012,322940030,8,USC,Colorado,1,24,0.354892553940267,0.7083333333333334,0.7425601099512206,55,-0.1470318455890661,0.43636363636363634,0.6877589326954316
2012,322940057,8,Florida,South Carolina,1,44,-0.09220172206546924,0.22727272727272727,1.269776235763387,48,-0.14589559765219676,0.2708333333333333,0.7697742782678757
2012,322940057,8,South Carolina,Florida,1,48,-0.14589559765219676,0.2708333333333333,0.7697742782678757,44,-0.09220172206546924,0.22727272727272727,1.269776235763387
2012,322940059,8,Boston College,Georgia Tech,1,46,0.0824839383600925,0.41304347826086957,0.8665107105587828,87,0.18679077975909483,0.4367816091954023,0.9649579356377772
2012,322940059,8,Georgia Tech,Boston College,1,87,0.18679077975909483,0.4367816091954023,0.9649579356377772,46,0.0824839383600925,0.41304347826086957,0.8665107105587828
2012,322940068,8,Boise State,UNLV,1,53,0.1531641737089795,0.4716981132075472,1.056469068971686,44,-0.21149987411905122,0.22727272727272727,1.0791863507005315
2012,322940068,8,UNLV,Boise State,1,44,-0.21149987411905122,0.22727272727272727,1.0791863507005315,53,0.1531641737089795,0.4716981132075472,1.056469068971686
2012,322940077,8,Nebraska,Northwestern,1,79,0.16762312065359225,0.46835443037974683,0.905130611869059,71,-0.17154332797920682,0.18309859154929578,1.0301837227251383
2012,322940077,8,Northwestern,Nebraska,1,71,-0.17154332797920682,0.18309859154929578,1.0301837227251383,79,0.16762312065359225,0.46835443037974683,0.905130611869059
2012,322940087,8,BYU,Notre Dame,1,59,0.07817718139285111,0.3728813559322034,0.9723812731657943,59,0.16364034580172437,0.4406779661016949,0.9363894812154617
2012,322940087,8,Notre Dame,BYU,1,59,0.16364034580172437,0.4406779661016949,0.9363894812154617,59,0.07817718139285111,0.3728813559322034,0.9723812731657943
2012,322940096,8,Georgia,Kentucky,1,69,0.16587247164649854,0.4927536231884058,0.908330298051215,62,0.15301132618190413,0.4032258064516129,1.0868425115046327
2012,322940096,8,Kentucky,Georgia,1,62,0.15301132618190413,0.4032258064516129,1.0868425115046327,69,0.16587247164649854,0.4927536231884058,0.908330298051215
2012,322940097,8,Louisville,South Florida,1,54,0.24661328605116523,0.5,1.0900035453455965,79,0.08643767995166089,0.43037974683544306,0.9242442092285679
2012,322940097,8,South Florida,Louisville,1,79,0.08643767995166089,0.43037974683544306,0.9242442092285679,54,0.24661328605116523,0.5,1.0900035453455965
2012,322940098,8,UL Monroe,Western Kentucky,1,58,0.0022200138501655914,0.3620689655172414,1.0862423080050312,71,0.12319093634661954,0.352112676056338,1.2861634634522454
2012,322940098,8,Western Kentucky,UL Monroe,1,71,0.12319093634661954,0.352112676056338,1.2861634634522454,58,0.0022200138501655914,0.3620689655172414,1.0862423080050312
2012,322940113,8,Bowling Green,Massachusetts,1,62,-0.04968592049374347,0.3548387096774194,0.9101575392733696,49,-0.2753646607376989,0.20408163265306123,0.748446645365372
2012,322940113,8,Massachusetts,Bowling Green,1,49,-0.2753646607376989,0.20408163265306123,0.748446645365372,62,-0.04968592049374347,0.3548387096774194,0.9101575392733696
2012,322940120,8,Maryland,NC State,1,81,0.13933283968327528,0.43209876543209874,0.948361177696839,72,-0.06252730825025729,0.3472222222222222,0.9678472801248625
2012,322940120,8,NC State,Maryland,1,72,-0.06252730825025729,0.3472222222222222,0.9678472801248625,81,0.13933283968327528,0.43209876543209874,0.948361177696839
2012,322940130,8,Michigan,Michigan State,1,66,-0.010276583030775388,0.3333333333333333,1.1783112201740622,65,0.041942042005012864,0.4,0.690217553084993
2012,322940130,8,Michigan State,Michigan,1,65,0.041942042005012864,0.4,0.690217553084993,66,-0.010276583030775388,0.3333333333333333,1.1783112201740622
2012,322940150,8,Duke,North Carolina,1,88,0.12387623452964908,0.45454545454545453,0.7872558597578597,72,0.2047096873748375,0.5,0.8735112094565297
2012,322940150,8,North Carolina,Duke,1,72,0.2047096873748375,0.5,0.8735112094565297,88,0.12387623452964908,0.45454545454545453,0.7872558597578597
2012,322940194,8,Ohio State,Purdue,1,65,0.009028025860340672,0.3384615384615385,1.2856398161828224,67,-0.1623156021826703,0.3283582089552239,0.8735895944749967
2012,322940194,8,Purdue,Ohio State,1,67,-0.1623156021826703,0.3283582089552239,0.8735895944749967,65,0.009028025860340672,0.3384615384615385,1.2856398161828224
2012,322940197,8,Iowa State,Oklahoma State,1,70,0.031062965550174407,0.38571428571428573,0.9663988547339217,86,0.17472752423824559,0.5,0.9294570385345272
2012,322940197,8,Oklahoma State,Iowa State,1,86,0.17472752423824559,0.5,0.9294570385345272,70,0.031062965550174407,0.38571428571428573,0.9663988547339217
2012,322940201,8,Kansas,Oklahoma,1,45,-0.066143523542195,0.4222222222222222,0.5524758106553462,28,0.3521268088303287,0.5357142857142857,0.9907138500504048
2012,322940201,8,Oklahoma,Kansas,1,28,0.3521268088303287,0.5357142857142857,0.9907138500504048,45,-0.066143523542195,0.4222222222222222,0.5524758106553462
2012,322940202,8,Rice,Tulsa,1,87,0.038809021933844896,0.3448275862068966,1.0113975172041207,62,0.06888577802704353,0.27419354838709675,1.6246261761141656
2012,322940202,8,Tulsa,Rice,1,62,0.06888577802704353,0.27419354838709675,1.6246261761141656,87,0.038809021933844896,0.3448275862068966,1.0113975172041207
2012,322940204,8,Oregon State,Utah,1,51,-0.07992653597480036,0.39215686274509803,0.8195479719548622,71,-0.004569634340303549,0.30985915492957744,1.0655858476008562
2012,322940204,8,Utah,Oregon State,1,71,-0.004569634340303549,0.30985915492957744,1.0655858476008562,51,-0.07992653597480036,0.39215686274509803,0.8195479719548622
2012,322940218,8,Rutgers,Temple,1,46,0.158990785598624,0.43478260869565216,1.1778920281180414,50,-0.0308770836423695,0.36,0.7870836089848351
2012,322940218,8,Temple,Rutgers,1,50,-0.0308770836423695,0.36,0.7870836089848351,46,0.158990785598624,0.43478260869565216,1.1778920281180414
2012,322940228,8,Clemson,Virginia Tech,1,63,-0.039937172104146795,0.3492063492063492,1.065942801112049,77,0.03047912398080556,0.4025974025974026,1.0229196503844487
2012,322940228,8,Virginia Tech,Clemson,1,77,0.03047912398080556,0.4025974025974026,1.0229196503844487,63,-0.039937172104146795,0.3492063492063492,1.065942801112049
2012,322940235,8,Memphis,UCF,1,62,0.09211523618115465,0.3709677419354839,0.9422585317590846,56,-0.021833505449002578,0.375,0.9315892071556361
2012,322940235,8,UCF,Memphis,1,56,-0.021833505449002578,0.375,0.9315892071556361,62,0.09211523618115465,0.3709677419354839,0.9422585317590846
2012,322940238,8,Auburn,Vanderbilt,1,55,-0.07742642897502237,0.36363636363636365,0.7031584361168228,70,0.06149221754775659,0.4,1.0111355759020568
2012,322940238,8,Vanderbilt,Auburn,1,70,0.06149221754775659,0.4,1.0111355759020568,55,-0.07742642897502237,0.36363636363636365,0.7031584361168228
2012,322940245,8,LSU,Texas A&M,1,72,-0.1285211655767267,0.3055555555555556,0.7357208305619591,94,-0.010567824114330113,0.39361702127659576,0.9613689099688963
2012,322940245,8,Texas A&M,LSU,1,94,-0.010567824114330113,0.39361702127659576,0.9613689099688963,72,-0.1285211655767267,0.3055555555555556,0.7357208305619591
2012,322940251,8,Baylor,Texas,1,83,0.18554837348104,0.5421686746987951,0.7678616595438453,67,0.1301757717682982,0.4626865671641791,0.9981485426888437
2012,322940251,8,Texas,Baylor,1,67,0.1301757717682982,0.4626865671641791,0.9981485426888437,83,0.18554837348104,0.5421686746987951,0.7678616595438453
2012,322940258,8,Virginia,Wake Forest,1,71,-0.00545966701916627,0.323943661971831,1.1767490962965748,64,-0.2302472214888766,0.34375,0.39628826773275455
2012,322940258,8,Wake Forest,Virginia,1,64,-0.2302472214888766,0.34375,0.39628826773275455,71,-0.00545966701916627,0.323943661971831,1.1767490962965748
2012,322940275,8,Minnesota,Wisconsin,1,47,0.07573316389803139,0.3191489361702128,1.0669461373623903,55,0.061301730505665966,0.4909090909090909,0.9085379122075448
2012,322940275,8,Wisconsin,Minnesota,1,55,0.061301730505665966,0.4909090909090909,0.9085379122075448,47,0.07573316389803139,0.3191489361702128,1.0669461373623903
2012,322940277,8,Kansas State,West Virginia,1,37,0.4267659335071548,0.6216216216216216,0.9205085964624186,21,-0.007844357096157667,0.2857142857142857,1.5389336920325738
2012,322940277,8,West Virginia,Kansas State,1,21,-0.007844357096157667,0.2857142857142857,1.5389336920325738,37,0.4267659335071548,0.6216216216216216,0.9205085964624186
2012,322940278,8,Fresno State,Wyoming,1,49,0.17551668890287292,0.4897959183673469,0.8986564344733651,35,-0.3932393798878134,0.17142857142857143,1.3738277722918375
2012,322940278,8,Wyoming,Fresno State,1,35,-0.3932393798878134,0.17142857142857143,1.3738277722918375,49,0.17551668890287292,0.4897959183673469,0.8986564344733651
2012,322940328,8,New Mexico State,Utah State,1,50,0.017323777592462498,0.4,0.681735254984563,44,0.1311772540371107,0.45454545454545453,1.0431875647831788
2012,322940328,8,Utah State,New Mexico State,1,44,0.1311772540371107,0.45454545454545453,1.0431875647831788,50,0.017323777592462498,0.4,0.681735254984563
2012,322940344,8,Middle Tennessee,Mississippi State,1,49,0.08532071153505215,0.3673469387755102,1.0061700878967752,44,0.19462013643239554,0.45454545454545453,0.9813707134541708
2012,322940344,8,Mississippi State,Middle Tennessee,1,44,0.19462013643239554,0.45454545454545453,0.9813707134541708,49,0.08532071153505215,0.3673469387755102,1.0061700878967752
2012,322942005,8,Air Force,New Mexico,1,57,0.2439724586288291,0.5614035087719298,0.9085544434166871,68,0.030191358339401016,0.4117647058823529,0.8770929048281685
2012,322942005,8,New Mexico,Air Force,1,68,0.030191358339401016,0.4117647058823529,0.8770929048281685,57,0.2439724586288291,0.5614035087719298,0.9085544434166871
2012,322942006,8,Akron,Northern Illinois,1,56,-0.11629603013161802,0.375,0.8543803602726558,63,0.09736515059095903,0.4126984126984127,0.8043552326984214
2012,322942006,8,Northern Illinois,Akron,1,63,0.09736515059095903,0.4126984126984127,0.8043552326984214,56,-0.11629603013161802,0.375,0.8543803602726558
2012,322942084,8,Buffalo,Pittsburgh,1,85,-0.005756850994516415,0.4,0.9232141612102925,58,0.07432752373128707,0.3793103448275862,1.0518971513659632
2012,322942084,8,Pittsburgh,Buffalo,1,58,0.07432752373128707,0.3793103448275862,1.0518971513659632,85,-0.005756850994516415,0.4,0.9232141612102925
2012,322942117,8,Ball State,Central Michigan,1,78,0.1637384011778725,0.5128205128205128,0.7202719461876225,61,0.15124922269939392,0.45901639344262296,1.082903965180837
2012,322942117,8,Central Michigan,Ball State,1,61,0.15124922269939392,0.45901639344262296,1.082903965180837,78,0.1637384011778725,0.5128205128205128,0.7202719461876225
2012,322942199,8,Army,Eastern Michigan,1,59,0.03482322667259806,0.3898305084745763,0.7669574225130202,74,0.09738392296818014,0.43243243243243246,0.9618281777936704
2012,322942199,8,Eastern Michigan,Army,1,74,0.09738392296818014,0.43243243243243246,0.9618281777936704,59,0.03482322667259806,0.3898305084745763,0.7669574225130202
2012,322942294,8,Iowa,Penn State,1,29,-0.16649912009639636,0.20689655172413793,1.279660492349869,49,0.17723552654559177,0.3877551020408163,1.2668399791669782
2012,322942294,8,Penn State,Iowa,1,49,0.17723552654559177,0.3877551020408163,1.2668399791669782,29,-0.16649912009639636,0.20689655172413793,1.279660492349869
2012,322942309,8,Kent State,Western Michigan,1,63,0.0947431599810346,0.4126984126984127,1.0672728280424861,86,0.01721041948961566,0.47674418604651164,0.8534854462611635
2012,322942309,8,Western Michigan,Kent State,1,86,0.01721041948961566,0.47674418604651164,0.8534854462611635,63,0.0947431599810346,0.4126984126984127,1.0672728280424861
2012,322942348,8,Idaho,Louisiana Tech,1,26,-0.09178282326558765,0.3076923076923077,0.8206487697109679,48,0.5399220580657651,0.6041666666666666,1.2245833913108988
2012,322942348,8,Louisiana Tech,Idaho,1,48,0.5399220580657651,0.6041666666666666,1.2245833913108988,26,-0.09178282326558765,0.3076923076923077,0.8206487697109679
2012,322942390,8,Florida State,Miami,1,71,0.21082034095593355,0.5352112676056338,0.8499281282344134,65,-0.07998950540366516,0.27692307692307694,0.7500708148382501
2012,322942390,8,Miami,Florida State,1,65,-0.07998950540366516,0.27692307692307694,0.7500708148382501,71,0.21082034095593355,0.5352112676056338,0.8499281282344134
2012,322942426,8,Indiana,Navy,1,76,0.21563013693219937,0.618421052631579,0.7065003558406008,67,0.0711180319494099,0.47761194029850745,0.7305439405555678
2012,322942426,8,Navy,Indiana,1,67,0.0711180319494099,0.47761194029850745,0.7305439405555678,76,0.21563013693219937,0.618421052631579,0.7065003558406008
2012,322942440,8,Nevada,San Diego State,1,85,0.17662377080979397,0.4470588235294118,1.0959894814888944,72,0.08388715357070241,0.4027777777777778,0.9638218910842076
2012,322942440,8,San Diego State,Nevada,1,72,0.08388715357070241,0.4027777777777778,0.9638218910842076,85,0.17662377080979397,0.4470588235294118,1.0959894814888944
2012,322942572,8,Marshall,Southern Miss,1,64,0.26359710519774043,0.515625,0.8720680793721832,65,0.1067344687669466,0.4307692307692308,0.8175727665327287
2012,322942572,8,Southern Miss,Marshall,1,65,0.1067344687669466,0.4307692307692308,0.8175727665327287,64,0.26359710519774043,0.515625,0.8720680793721832
2012,322942628,8,TCU,Texas Tech,1,90,0.09111361413959364,0.45555555555555555,0.8499537527330131,61,0.06579934212155075,0.3442622950819672,1.0276825518603752
2012,322942628,8,Texas Tech,TCU,1,61,0.06579934212155075,0.3442622950819672,1.0276825518603752,90,0.09111361413959364,0.45555555555555555,0.8499537527330131
2012,322942633,8,Alabama,Tennessee,1,52,0.33924067409861985,0.4423076923076923,1.1928320825175975,41,-0.15520430457831078,0.3170731707317073,0.9902038793325523
2012,322942633,8,Tennessee,Alabama,1,41,-0.15520430457831078,0.3170731707317073,0.9902038793325523,52,0.33924067409861985,0.4423076923076923,1.1928320825175975
2012,322942636,8,San José State,UTSA,1,38,0.27311901037087893,0.5,0.9059324822455874,51,0.03159111508851005,0.45098039215686275,0.7455815134207181
2012,322942636,8,UTSA,San José State,1,51,0.03159111508851005,0.45098039215686275,0.7455815134207181,38,0.27311901037087893,0.5,0.9059324822455874
2012,322942638,8,Tulane,UTEP,1,68,0.19774410735165007,0.5147058823529411,0.9611461703238862,68,0.16507450562196377,0.4411764705882353,1.0643530409466255
2012,322942638,8,UTEP,Tulane,1,68,0.16507450562196377,0.4411764705882353,1.0643530409466255,68,0.19774410735165007,0.5147058823529411,0.9611461703238862
2012,322942649,8,Cincinnati,Toledo,1,73,0.10642938931638825,0.4657534246575342,0.881027701198015,72,0.15934118712611808,0.4861111111111111,0.8259687092758392
2012,322942649,8,Toledo,Cincinnati,1,72,0.15934118712611808,0.4861111111111111,0.8259687092758392,73,0.10642938931638825,0.4657534246575342,0.881027701198015
2012,322942653,8,Florida International,Troy,1,69,0.19447491740755019,0.43478260869565216,1.1746873436305605,87,0.011819451648991878,0.367816091954023,1.0726236190980376
2012,322942653,8,Troy,Florida International,1,87,0.011819451648991878,0.367816091954023,1.0726236190980376,69,0.19447491740755019,0.43478260869565216,1.1746873436305605
2012,322970309,9,Arkansas State,Louisiana,1,73,0.07981137577881017,0.4794520547945205,0.8535831597941805,49,0.04625848429945926,0.3877551020408163,0.9192261483359505
2012,322970309,9,Louisiana,Arkansas State,1,49,0.04625848429945926,0.3877551020408163,0.9192261483359505,73,0.07981137577881017,0.4794520547945205,0.8535831597941805
2012,322990154,9,Clemson,Wake Forest,1,70,0.18112042696082697,0.4857142857142857,0.8761259101095322,58,-0.06488003635631924,0.29310344827586204,1.2746958052046096
2012,322990154,9,Wake Forest,Clemson,1,58,-0.06488003635631924,0.29310344827586204,1.2746958052046096,70,0.18112042696082697,0.4857142857142857,0.8761259101095322
2012,323000097,9,Cincinnati,Louisville,1,66,-0.046885353683186054,0.3181818181818182,1.0161561220171886,76,0.12583160526420026,0.40789473684210525,1.0294897746528082
2012,323000097,9,Louisville,Cincinnati,1,76,0.12583160526420026,0.40789473684210525,1.0294897746528082,66,-0.046885353683186054,0.3181818181818182,1.0161561220171886
2012,323002005,9,Air Force,Nevada,1,85,0.26590581368446786,0.6470588235294118,0.6818125418538208,67,0.028570470333604648,0.40298507462686567,0.9178283837380068
2012,323002005,9,Nevada,Air Force,1,67,0.028570470333604648,0.40298507462686567,0.9178283837380068,85,0.26590581368446786,0.6470588235294118,0.6818125418538208
2012,323010002,9,Auburn,Texas A&M,1,24,0.016469932450862004,0.2916666666666667,1.1699680446129366,45,0.42871901946376667,0.6222222222222222,1.0170679935767382
2012,323010002,9,Texas A&M,Auburn,1,45,0.42871901946376667,0.6222222222222222,1.0170679935767382,24,0.016469932450862004,0.2916666666666667,1.1699680446129366
2012,323010008,9,Arkansas,Ole Miss,1,79,0.11188089621035004,0.45569620253164556,0.9082274192177258,74,0.06942484366243118,0.5,0.6931136607237925
2012,323010008,9,Ole Miss,Arkansas,1,74,0.06942484366243118,0.5,0.6931136607237925,79,0.11188089621035004,0.45569620253164556,0.9082274192177258
2012,323010009,9,Arizona State,UCLA,1,101,0.06631435185780724,0.43564356435643564,0.7581194424037115,70,0.0897949129866054,0.42857142857142855,0.8561147850674476
2012,323010009,9,UCLA,Arizona State,1,70,0.0897949129866054,0.42857142857142855,0.8561147850674476,101,0.06631435185780724,0.43564356435643564,0.7581194424037115
2012,323010012,9,Arizona,USC,1,91,0.06166553830097584,0.4725274725274725,0.7963094548743539,70,0.1366221289877831,0.38571428571428573,1.419165858490706
2012,323010012,9,USC,Arizona,1,70,0.1366221289877831,0.38571428571428573,1.419165858490706,91,0.06166553830097584,0.4725274725274725,0.7963094548743539
2012,323010021,9,San Diego State,UNLV,1,78,0.17476609929700365,0.46153846153846156,1.0896770751235456,57,-0.06319230789395158,0.45614035087719296,0.5333967320350708
2012,323010021,9,UNLV,San Diego State,1,57,-0.06319230789395158,0.45614035087719296,0.5333967320350708,78,0.17476609929700365,0.46153846153846156,1.0896770751235456
2012,323010023,9,San José State,Texas State,1,73,0.13805552640924498,0.4657534246575342,0.9408130522705359,52,-0.02828628371167638,0.34615384615384615,0.6987806241225525
2012,323010023,9,Texas State,San José State,1,52,-0.02828628371167638,0.34615384615384615,0.6987806241225525,73,0.13805552640924498,0.4657534246575342,0.9408130522705359
2012,323010024,9,Stanford,Washington State,1,51,-0.008452099543795139,0.35294117647058826,0.9309271407671714,82,0.1648701347188383,0.4634146341463415,1.2004642398095822
2012,323010024,9,Washington State,Stanford,1,82,0.1648701347188383,0.4634146341463415,1.2004642398095822,51,-0.008452099543795139,0.35294117647058826,0.9309271407671714
2012,323010036,9,Colorado State,Hawai'i,1,48,0.013878570843043227,0.4791666666666667,0.5509649731717782,94,-0.044411455538473824,0.3617021276595745,1.0538069781667074
2012,323010036,9,Hawai'i,Colorado State,1,94,-0.044411455538473824,0.3617021276595745,1.0538069781667074,48,0.013878570843043227,0.4791666666666667,0.5509649731717782
2012,323010052,9,Duke,Florida State,1,42,-0.04998752242169928,0.3333333333333333,0.9239970312702497,29,0.15174423801214737,0.4827586206896552,0.8129938523052306
2012,323010052,9,Florida State,Duke,1,29,0.15174423801214737,0.4827586206896552,0.8129938523052306,42,-0.04998752242169928,0.3333333333333333,0.9239970312702497
2012,323010058,9,South Florida,Syracuse,1,77,0.25220777417294554,0.42857142857142855,1.1320771455530068,82,0.19590035452049376,0.573170731707317,0.7816351178447949
2012,323010058,9,Syracuse,South Florida,1,82,0.19590035452049376,0.573170731707317,0.7816351178447949,77,0.25220777417294554,0.42857142857142855,1.1320771455530068
2012,323010059,9,BYU,Georgia Tech,1,65,0.10433537088569966,0.4461538461538462,0.7711504784332565,43,-0.01970704402124149,0.37209302325581395,0.6484098734436001
2012,323010059,9,Georgia Tech,BYU,1,43,-0.01970704402124149,0.37209302325581395,0.6484098734436001,65,0.10433537088569966,0.4461538461538462,0.7711504784332565
2012,323010061,9,Florida,Georgia,1,72,-0.050941986661676264,0.3888888888888889,0.6681601580659555,58,-0.17587681468211072,0.29310344827586204,0.598801403508732
2012,323010061,9,Georgia,Florida,1,58,-0.17587681468211072,0.29310344827586204,0.598801403508732,72,-0.050941986661676264,0.3888888888888889,0.6681601580659555
2012,323010066,9,Baylor,Iowa State,1,75,0.11841151469453598,0.44,1.273116152673733,96,0.043388240526887875,0.3854166666666667,0.9591206619204816
2012,323010066,9,Iowa State,Baylor,1,96,0.043388240526887875,0.3854166666666667,0.9591206619204816,75,0.11841151469453598,0.44,1.273116152673733
2012,323010077,9,Iowa,Northwestern,1,77,0.06550346756424456,0.4805194805194805,0.7939209988480275,55,0.22022050923361397,0.4727272727272727,1.0450216820767573
2012,323010077,9,Northwestern,Iowa,1,55,0.22022050923361397,0.4727272727272727,1.0450216820767573,77,0.06550346756424456,0.4805194805194805,0.7939209988480275
2012,323010103,9,Boston College,Maryland,1,66,-0.013627512600677206,0.3333333333333333,1.0514690976104357,73,-0.1921856332460057,0.3013698630136986,0.9756602353300184
2012,323010103,9,Maryland,Boston College,1,73,-0.1921856332460057,0.3013698630136986,0.9756602353300184,66,-0.013627512600677206,0.3333333333333333,1.0514690976104357
2012,323010135,9,Minnesota,Purdue,1,44,0.25679932959041935,0.5227272727272727,0.945787444267199,32,-0.018175185352788625,0.3125,1.0115218598693845
2012,323010135,9,Purdue,Minnesota,1,32,-0.018175185352788625,0.3125,1.0115218598693845,44,0.25679932959041935,0.5227272727272727,0.945787444267199
2012,323010142,9,Kentucky,Missouri,1,53,-0.04813266035481704,0.3584905660377358,0.5839193167517012,62,-0.03576012224518859,0.4838709677419355,0.6305729654396744
2012,323010142,9,Missouri,Kentucky,1,62,-0.03576012224518859,0.4838709677419355,0.6305729654396744,53,-0.04813266035481704,0.3584905660377358,0.5839193167517012
2012,323010151,9,East Carolina,Navy,1,42,0.2885546663590792,0.4523809523809524,1.0635548634962972,55,0.30928093094806175,0.6909090909090909,0.6626958656731182
2012,323010151,9,Navy,East Carolina,1,55,0.30928093094806175,0.6909090909090909,0.6626958656731182,42,0.2885546663590792,0.4523809523809524,1.0635548634962972
2012,323010153,9,NC State,North Carolina,1,78,-0.042111021768408086,0.3717948717948718,0.9081682145393521,83,0.12763827208054093,0.37349397590361444,1.1065655226012308
2012,323010153,9,North Carolina,NC State,1,83,0.12763827208054093,0.37349397590361444,1.1065655226012308,78,-0.042111021768408086,0.3717948717948718,0.9081682145393521
2012,323010158,9,Michigan,Nebraska,1,65,-0.1912253532797109,0.3384615384615385,0.7167602043259433,67,-0.0005590428904120838,0.43283582089552236,0.883820773718626
2012,323010158,9,Nebraska,Michigan,1,67,-0.0005590428904120838,0.43283582089552236,0.883820773718626,65,-0.1912253532797109,0.3384615384615385,0.7167602043259433
2012,323010164,9,Kent State,Rutgers,1,68,-0.026452430033384437,0.38235294117647056,0.8150687208445714,64,0.09302334975809437,0.484375,0.8643773518431287
2012,323010164,9,Rutgers,Kent State,1,64,0.09302334975809437,0.484375,0.8643773518431287,68,-0.026452430033384437,0.38235294117647056,0.8150687208445714
2012,323010166,9,Louisiana Tech,New Mexico State,1,86,0.01703307149939423,0.3953488372093023,0.8551244735813708,63,0.021041251863960653,0.36507936507936506,1.1026025914081055
2012,323010166,9,New Mexico State,Louisiana Tech,1,63,0.021041251863960653,0.36507936507936506,1.1026025914081055,86,0.01703307149939423,0.3953488372093023,0.8551244735813708
2012,323010167,9,Fresno State,New Mexico,1,71,0.20742008636455286,0.5492957746478874,0.8611819220186602,54,-0.08566750218076473,0.25925925925925924,1.1268846300180841
2012,323010167,9,New Mexico,Fresno State,1,54,-0.08566750218076473,0.25925925925925924,1.1268846300180841,71,0.20742008636455286,0.5492957746478874,0.8611819220186602
2012,323010189,9,Bowling Green,Eastern Michigan,1,61,0.10403643332855796,0.39344262295081966,0.8544690531434485,52,-0.10076879892237997,0.36538461538461536,0.8507558403001781
2012,323010189,9,Eastern Michigan,Bowling Green,1,52,-0.10076879892237997,0.36538461538461536,0.8507558403001781,61,0.10403643332855796,0.39344262295081966,0.8544690531434485
2012,323010193,9,Miami (OH),Ohio,1,70,-0.007190292266895559,0.42857142857142855,0.7958580242061302,81,0.20680087005150202,0.43209876543209874,1.1295340557722506
2012,323010193,9,Ohio,Miami (OH),1,81,0.20680087005150202,0.43209876543209874,1.1295340557722506,70,-0.007190292266895559,0.42857142857142855,0.7958580242061302
2012,323010197,9,Oklahoma State,TCU,1,75,0.127390330433429,0.44,0.7942922836831976,70,-0.0022515268513907563,0.4,0.675320304356082
2012,323010197,9,TCU,Oklahoma State,1,70,-0.0022515268513907563,0.4,0.675320304356082,75,0.127390330433429,0.44,0.7942922836831976
2012,323010201,9,Notre Dame,Oklahoma,1,66,0.08713873468957761,0.3939393939393939,0.871806544729656,77,0.07578977345177196,0.4675324675324675,0.9222153392498974
2012,323010201,9,Oklahoma,Notre Dame,1,77,0.07578977345177196,0.4675324675324675,0.9222153392498974,66,0.08713873468957761,0.3939393939393939,0.871806544729656
2012,323010213,9,Ohio State,Penn State,1,68,0.03709355154373794,0.4264705882352941,0.8072137815234621,73,0.023716156559341128,0.3150684931506849,1.101161824160458
2012,323010213,9,Penn State,Ohio State,1,73,0.023716156559341128,0.3150684931506849,1.101161824160458,68,0.03709355154373794,0.4264705882352941,0.8072137815234621
2012,323010221,9,Pittsburgh,Temple,1,49,0.3067590191144883,0.5918367346938775,0.7780190180252395,52,0.07902664249801397,0.36538461538461536,0.9629543874822413
2012,323010221,9,Temple,Pittsburgh,1,52,0.07902664249801397,0.36538461538461536,0.9629543874822413,49,0.3067590191144883,0.5918367346938775,0.7780190180252395
2012,323010238,9,Massachusetts,Vanderbilt,1,40,-0.04383736628367304,0.35,1.0346595606674884,44,0.16484997110597274,0.4772727272727273,0.8964248437423566
2012,323010238,9,Vanderbilt,Massachusetts,1,44,0.16484997110597274,0.4772727272727273,0.8964248437423566,40,-0.04383736628367304,0.35,1.0346595606674884
2012,323010242,9,Rice,Southern Miss,1,57,0.051617436878406815,0.45614035087719296,0.7870756267464821,74,-0.0988948553762321,0.32432432432432434,1.1781970608969436
2012,323010242,9,Southern Miss,Rice,1,74,-0.0988948553762321,0.32432432432432434,1.1781970608969436,57,0.051617436878406815,0.45614035087719296,0.7870756267464821
2012,323010248,9,Houston,UTEP,1,41,-0.007998328533143183,0.36585365853658536,1.0761495850685219,68,0.06724853849679356,0.47058823529411764,0.7574250960694321
2012,323010248,9,UTEP,Houston,1,68,0.06724853849679356,0.47058823529411764,0.7574250960694321,41,-0.007998328533143183,0.36585365853658536,1.0761495850685219
2012,323010254,9,California,Utah,1,29,0.07744741963334632,0.41379310344827586,0.6575251992618392,43,0.13626155244822552,0.4186046511627907,1.1268805955927386
2012,323010254,9,Utah,California,1,43,0.13626155244822552,0.4186046511627907,1.1268805955927386,29,0.07744741963334632,0.41379310344827586,0.6575251992618392
2012,323010264,9,Oregon State,Washington,1,67,-0.0767536036320379,0.417910447761194,0.9025569156972332,63,-0.021841650024837705,0.36507936507936506,0.9123275144998446
2012,323010264,9,Washington,Oregon State,1,63,-0.021841650024837705,0.36507936507936506,0.9123275144998446,67,-0.0767536036320379,0.417910447761194,0.9025569156972332
2012,323010275,9,Michigan State,Wisconsin,1,66,0.06859940210721,0.3787878787878788,0.9653047144861588,60,-0.10990301225170138,0.3,1.0451939454465604
2012,323010275,9,Wisconsin,Michigan State,1,60,-0.10990301225170138,0.3,1.0451939454465604,66,0.06859940210721,0.3787878787878788,0.9653047144861588
2012,323010276,9,Marshall,UCF,1,69,-0.022902516312313034,0.3333333333333333,1.239843951605001,37,0.2045287647202418,0.4594594594594595,1.037956115426924
2012,323010276,9,UCF,Marshall,1,37,0.2045287647202418,0.4594594594594595,1.037956115426924,69,-0.022902516312313034,0.3333333333333333,1.239843951605001
2012,323010333,9,Alabama,Mississippi State,1,45,0.08174152424049022,0.4444444444444444,0.7472373967196468,48,-0.01492886409388831,0.3958333333333333,0.8936107114710962
2012,323010333,9,Mississippi State,Alabama,1,48,-0.01492886409388831,0.3958333333333333,0.8936107114710962,45,0.08174152424049022,0.4444444444444444,0.7472373967196468
2012,323010349,9,Army,Ball State,1,68,0.16316551420665495,0.4117647058823529,0.9677634780350406,79,0.12794780894420282,0.5443037974683544,0.7559842218097701
2012,323010349,9,Ball State,Army,1,79,0.12794780894420282,0.5443037974683544,0.7559842218097701,68,0.16316551420665495,0.4117647058823529,0.9677634780350406
2012,323010356,9,Illinois,Indiana,1,81,0.07738812717165795,0.49382716049382713,0.749900637356601,61,-0.07386225621791577,0.29508196721311475,0.7566058067078089
2012,323010356,9,Indiana,Illinois,1,61,-0.07386225621791577,0.29508196721311475,0.7566058067078089,81,0.07738812717165795,0.49382716049382713,0.749900637356601
2012,323012084,9,Buffalo,Toledo,1,65,-0.04044280823128024,0.3076923076923077,1.1433897254735972,66,0.026831700648796444,0.3787878787878788,1.177941671033296
2012,323012084,9,Toledo,Buffalo,1,66,0.026831700648796444,0.3787878787878788,1.177941671033296,65,-0.04044280823128024,0.3076923076923077,1.1433897254735972
2012,323012117,9,Akron,Central Michigan,1,81,0.058130242792009186,0.4567901234567901,0.9152048998826365,66,0.11201982471747719,0.4393939393939394,0.8687779836938078
2012,323012117,9,Central Michigan,Akron,1,66,0.11201982471747719,0.4393939393939394,0.8687779836938078,81,0.058130242792009186,0.4567901234567901,0.9152048998826365
2012,323012226,9,Florida Atlantic,Troy,1,78,0.04289940392997092,0.4358974358974359,0.8672527230215495,70,0.048806008975726525,0.42857142857142855,0.8485146451612465
2012,323012226,9,Troy,Florida Atlantic,1,70,0.048806008975726525,0.42857142857142855,0.8485146451612465,78,0.04289940392997092,0.4358974358974359,0.8672527230215495
2012,323012229,9,Florida International,Western Kentucky,1,72,0.13073442634501795,0.3472222222222222,1.334018371138436,59,-0.020987130373044827,0.3728813559322034,1.0155940155377245
2012,323012229,9,Western Kentucky,Florida International,1,59,-0.020987130373044827,0.3728813559322034,1.0155940155377245,72,0.13073442634501795,0.3472222222222222,1.334018371138436
2012,323012305,9,Kansas,Texas,1,61,0.07163948512936218,0.3114754098360656,1.1097143491763406,55,-0.06249311071482872,0.4,0.9802033365862304
2012,323012305,9,Texas,Kansas,1,55,-0.06249311071482872,0.4,0.9802033365862304,61,0.07163948512936218,0.3114754098360656,1.1097143491763406
2012,323012306,9,Kansas State,Texas Tech,1,45,0.22280166743823662,0.5777777777777777,0.7580172305561974,59,0.14458961752906005,0.5254237288135594,0.8147982308565115
2012,323012306,9,Texas Tech,Kansas State,1,59,0.14458961752906005,0.5254237288135594,0.8147982308565115,45,0.22280166743823662,0.5777777777777777,0.7580172305561974
2012,323012393,9,Middle Tennessee,North Texas,1,50,-0.06598677660419966,0.38,0.916015680300842,38,-0.22195809884715362,0.39473684210526316,0.6612855252741232
2012,323012393,9,North Texas,Middle Tennessee,1,38,-0.22195809884715362,0.39473684210526316,0.6612855252741232,50,-0.06598677660419966,0.38,0.916015680300842
2012,323012433,9,South Alabama,UL Monroe,1,67,0.014276158576734246,0.3283582089552239,1.094960199985115,73,-0.06529592306398752,0.410958904109589,0.8394983068404877
2012,323012433,9,UL Monroe,South Alabama,1,73,-0.06529592306398752,0.410958904109589,0.8394983068404877,67,0.014276158576734246,0.3283582089552239,1.094960199985115
2012,323012483,9,Colorado,Oregon,1,16,-0.01975034047611079,0.25,1.10482991716675,22,0.6786470557232425,0.7272727272727273,1.068754659918102
2012,323012483,9,Oregon,Colorado,1,22,0.6786470557232425,0.7272727272727273,1.068754659918102,16,-0.01975034047611079,0.25,1.10482991716675
2012,323012567,9,Memphis,SMU,1,54,0.0014556647310023955,0.2777777777777778,1.2127343821493122,61,0.1719896769874249,0.4426229508196721,1.0399255699997452
2012,323012567,9,SMU,Memphis,1,61,0.1719896769874249,0.4426229508196721,1.0399255699997452,54,0.0014556647310023955,0.2777777777777778,1.2127343821493122
2012,323012579,9,South Carolina,Tennessee,1,67,0.11314977548595002,0.40298507462686567,1.11682095735976,64,0.18493433551888142,0.453125,1.1098839164246306
2012,323012579,9,Tennessee,South Carolina,1,64,0.18493433551888142,0.453125,1.1098839164246306,67,0.11314977548595002,0.40298507462686567,1.11682095735976
2012,323012636,9,Utah State,UTSA,1,42,0.09337761816906706,0.5714285714285714,0.7407289274581617,37,-0.01013162276604272,0.43243243243243246,0.5148470427177244
2012,323012636,9,UTSA,Utah State,1,37,-0.01013162276604272,0.43243243243243246,0.5148470427177244,42,0.09337761816906706,0.5714285714285714,0.7407289274581617
2012,323012655,9,Tulane,UAB,1,74,0.20944391828464154,0.5135135135135135,0.8439475901848826,76,0.15109133077920253,0.47368421052631576,0.9235094807026978
2012,323012655,9,UAB,Tulane,1,76,0.15109133077920253,0.47368421052631576,0.9235094807026978,74,0.20944391828464154,0.5135135135135135,0.8439475901848826
2012,323012711,9,Northern Illinois,Western Michigan,1,22,0.010245880773489082,0.4090909090909091,0.895642899136849,24,0.269370906248983,0.5833333333333334,0.9410934830472403
2012,323012711,9,Western Michigan,Northern Illinois,1,24,0.269370906248983,0.5833333333333334,0.9410934830472403,22,0.010245880773489082,0.4090909090909091,0.895642899136849
2012,323012751,9,Boise State,Wyoming,1,51,0.19932004492409433,0.5686274509803921,0.7830364046783876,45,0.07146299978598497,0.37777777777777777,0.9467946598353958
2012,323012751,9,Wyoming,Boise State,1,45,0.07146299978598497,0.37777777777777777,0.9467946598353958,51,0.19932004492409433,0.5686274509803921,0.7830364046783876
2012,323060098,10,Middle Tennessee,Western Kentucky,1,66,-0.006030000147065073,0.42424242424242425,0.6983489772566227,62,0.16386421322407624,0.5645161290322581,0.8642037230696415
2012,323060098,10,Western Kentucky,Middle Tennessee,1,62,0.16386421322407624,0.5645161290322581,0.8642037230696415,66,-0.006030000147065073,0.42424242424242425,0.6983489772566227
2012,323060195,10,Eastern Michigan,Ohio,1,62,-0.00041527923232533324,0.4032258064516129,0.8759420259385278,59,0.15052152026362792,0.3898305084745763,1.1311924649990281
2012,323060195,10,Ohio,Eastern Michigan,1,59,0.15052152026362792,0.3898305084745763,1.1311924649990281,62,-0.00041527923232533324,0.4032258064516129,0.8759420259385278
2012,323062390,10,Miami,Virginia Tech,1,58,0.017244629102671126,0.3103448275862069,1.0750882349508344,83,-0.12781999274419867,0.40963855421686746,0.5017604843142104
2012,323062390,10,Virginia Tech,Miami,1,83,-0.12781999274419867,0.40963855421686746,0.5017604843142104,58,0.017244629102671126,0.3103448275862069,1.0750882349508344
2012,323070025,10,California,Washington,1,79,0.07013257673239377,0.4050632911392405,1.0866290543361836,65,0.025312481651744247,0.4,0.9602914115491614
2012,323070025,10,Washington,California,1,65,0.025312481651744247,0.4,0.9602914115491614,79,0.07013257673239377,0.4050632911392405,1.0866290543361836
2012,323080002,10,Auburn,New Mexico State,1,45,0.21111570304301575,0.5333333333333333,0.8841383722349068,47,-0.0961070008839041,0.3829787234042553,0.8829219929278448
2012,323080002,10,New Mexico State,Auburn,1,47,-0.0961070008839041,0.3829787234042553,0.8829219929278448,45,0.21111570304301575,0.5333333333333333,0.8841383722349068
2012,323080006,10,Florida International,South Alabama,1,61,-0.0016782231022173912,0.32786885245901637,1.0491374327687395,76,0.012872746183430806,0.3815789473684211,0.9759206697575752
2012,323080006,10,South Alabama,Florida International,1,76,0.012872746183430806,0.3815789473684211,0.9759206697575752,61,-0.0016782231022173912,0.32786885245901637,1.0491374327687395
2012,323080008,10,Arkansas,Tulsa,1,64,0.17403489630145433,0.421875,1.1357392320654338,72,0.11633114350776745,0.4444444444444444,0.8393580813127671
2012,323080008,10,Tulsa,Arkansas,1,72,0.11633114350776745,0.4444444444444444,0.8393580813127671,64,0.17403489630145433,0.421875,1.1357392320654338
2012,323080026,10,Arizona,UCLA,1,26,-0.10620381340125584,0.34615384615384615,0.5573360362348818,48,0.3243319096588749,0.5833333333333334,0.8543470625793905
2012,323080026,10,UCLA,Arizona,1,48,0.3243319096588749,0.5833333333333334,0.8543470625793905,26,-0.10620381340125584,0.34615384615384615,0.5573360362348818
2012,323080030,10,Oregon,USC,1,74,0.36682775473145246,0.6216216216216216,0.8631251708778943,74,0.17086879332219063,0.47297297297297297,1.0571586550948273
2012,323080030,10,USC,Oregon,1,74,0.17086879332219063,0.47297297297297297,1.0571586550948273,74,0.36682775473145246,0.6216216216216216,0.8631251708778943
2012,323080038,10,Colorado,Stanford,1,27,-0.4529257082245257,0.1111111111111111,0.19251171678125298,37,0.297028319844433,0.43243243243243246,1.2251019611252623
2012,323080038,10,Stanford,Colorado,1,37,0.297028319844433,0.43243243243243246,1.2251019611252623,27,-0.4529257082245257,0.1111111111111111,0.19251171678125298
2012,323080057,10,Florida,Missouri,1,54,-0.08975154189599369,0.2962962962962963,0.8038633605974893,85,-0.06660359814245151,0.3764705882352941,0.8381833968180549
2012,323080057,10,Missouri,Florida,1,85,-0.06660359814245151,0.3764705882352941,0.8381833968180549,54,-0.08975154189599369,0.2962962962962963,0.8038633605974893
2012,323080058,10,South Florida,UConn,1,67,-0.0015436916957539473,0.373134328358209,1.079775147697489,71,0.028324680125810818,0.39436619718309857,1.1219293628602802
2012,323080058,10,UConn,South Florida,1,71,0.028324680125810818,0.39436619718309857,1.1219293628602802,67,-0.0015436916957539473,0.373134328358209,1.079775147697489
2012,323080061,10,Georgia,Ole Miss,1,62,0.11105104171498643,0.4838709677419355,0.9237883287125995,51,-0.04734280489320194,0.35294117647058826,0.9311029635067816
2012,323080061,10,Ole Miss,Georgia,1,51,-0.04734280489320194,0.35294117647058826,0.9311029635067816,62,0.11105104171498643,0.4838709677419355,0.9237883287125995
2012,323080066,10,Iowa State,Oklahoma,1,65,-0.012148900050075209,0.3230769230769231,1.3755522322101355,80,0.16037425200303915,0.575,0.8170743533673538
2012,323080066,10,Oklahoma,Iowa State,1,80,0.16037425200303915,0.575,0.8170743533673538,65,-0.012148900050075209,0.3230769230769231,1.3755522322101355
2012,323080068,10,Boise State,San Diego State,1,58,0.08264455483168862,0.3793103448275862,1.1154940374152331,58,0.0017484027229504582,0.3793103448275862,1.154762021036667
2012,323080068,10,San Diego State,Boise State,1,58,0.0017484027229504582,0.3793103448275862,1.154762021036667,58,0.08264455483168862,0.3793103448275862,1.1154940374152331
2012,323080070,10,Idaho,San José State,1,71,-0.05354415196974539,0.29577464788732394,0.8240184527815743,57,0.009474988693029941,0.45614035087719296,0.88358389137817
2012,323080070,10,San José State,Idaho,1,57,0.009474988693029941,0.45614035087719296,0.88358389137817,71,-0.05354415196974539,0.29577464788732394,0.8240184527815743
2012,323080084,10,Indiana,Iowa,1,76,0.05985124670373285,0.40789473684210525,1.1438438330455378,62,0.06968088094246544,0.3548387096774194,1.1640463309928604
2012,323080084,10,Iowa,Indiana,1,62,0.06968088094246544,0.3548387096774194,1.1640463309928604,76,0.05985124670373285,0.40789473684210525,1.1438438330455378
2012,323080087,10,Notre Dame,Pittsburgh,1,104,0.040765886459157304,0.5096153846153846,0.7215023362624725,64,-0.011968535441620593,0.28125,1.1539368006692394
2012,323080087,10,Pittsburgh,Notre Dame,1,64,-0.011968535441620593,0.28125,1.1539368006692394,104,0.040765886459157304,0.5096153846153846,0.7215023362624725
2012,323080096,10,Kentucky,Vanderbilt,1,34,0.013333169983289147,0.3235294117647059,1.1990069622565032,44,0.21321615932743612,0.45454545454545453,1.0716816793001345
2012,323080096,10,Vanderbilt,Kentucky,1,44,0.21321615932743612,0.45454545454545453,1.0716816793001345,34,0.013333169983289147,0.3235294117647059,1.1990069622565032
2012,323080097,10,Louisville,Temple,1,49,0.33402032168121615,0.5102040816326531,1.1122776171391437,40,0.09967261796561562,0.5,0.9156371230504141
2012,323080097,10,Temple,Louisville,1,40,0.09967261796561562,0.5,0.9156371230504141,49,0.33402032168121615,0.5102040816326531,1.1122776171391437
2012,323080099,10,Alabama,LSU,1,49,0.17268367743985688,0.42857142857142855,0.8942448292508112,84,0.08705777086358638,0.35714285714285715,1.341704292598198
2012,323080099,10,LSU,Alabama,1,84,0.08705777086358638,0.35714285714285715,1.341704292598198,49,0.17268367743985688,0.42857142857142855,0.8942448292508112
2012,323080120,10,Georgia Tech,Maryland,1,48,0.2205361725978637,0.5625,0.788065770034645,48,-0.18886682367599678,0.2916666666666667,0.902017139156268
2012,323080120,10,Maryland,Georgia Tech,1,48,-0.18886682367599678,0.2916666666666667,0.902017139156268,48,0.2205361725978637,0.5625,0.788065770034645
2012,323080127,10,Michigan State,Nebraska,1,65,-0.043246043087043,0.3230769230769231,0.9808373529052496,72,0.009020803106649678,0.3611111111111111,1.1250790072508412
2012,323080127,10,Nebraska,Michigan State,1,72,0.009020803106649678,0.3611111111111111,1.1250790072508412,65,-0.043246043087043,0.3230769230769231,0.9808373529052496
2012,323080135,10,Michigan,Minnesota,1,54,0.046045791636292174,0.4444444444444444,0.8903311826173446,70,-0.11747196504070172,0.38571428571428573,0.7634325886707123
2012,323080135,10,Minnesota,Michigan,1,70,-0.11747196504070172,0.38571428571428573,0.7634325886707123,54,0.046045791636292174,0.4444444444444444,0.8903311826173446
2012,323080150,10,Clemson,Duke,1,51,0.25868994056089323,0.6078431372549019,1.1153112385771153,47,0.05446151748957996,0.3617021276595745,1.1490765475990556
2012,323080150,10,Duke,Clemson,1,47,0.05446151748957996,0.3617021276595745,1.1490765475990556,51,0.25868994056089323,0.6078431372549019,1.1153112385771153
2012,323080151,10,East Carolina,Houston,1,94,0.1312625669359025,0.43617021276595747,1.061810272791883,53,0.027171143320529893,0.2641509433962264,1.541849640935731
2012,323080151,10,Houston,East Carolina,1,53,0.027171143320529893,0.2641509433962264,1.541849640935731,94,0.1312625669359025,0.43617021276595747,1.061810272791883
2012,323080152,10,NC State,Virginia,1,56,-0.21374705647377665,0.2857142857142857,0.7740119556286107,69,0.026856460000797736,0.42028985507246375,0.7990971402882817
2012,323080152,10,Virginia,NC State,1,69,0.026856460000797736,0.42028985507246375,0.7990971402882817,56,-0.21374705647377665,0.2857142857142857,0.7740119556286107
2012,323080154,10,Boston College,Wake Forest,1,70,0.022676097268457214,0.38571428571428573,1.2693651795086547,85,0.045758864951827835,0.47058823529411764,0.7893423438823071
2012,323080154,10,Wake Forest,Boston College,1,85,0.045758864951827835,0.47058823529411764,0.7893423438823071,70,0.022676097268457214,0.38571428571428573,1.2693651795086547
2012,323080194,10,Illinois,Ohio State,1,47,-0.11722742482018432,0.44680851063829785,0.3814458499005521,53,0.22971419568415308,0.5471698113207547,0.9004845173364777
2012,323080194,10,Ohio State,Illinois,1,53,0.22971419568415308,0.5471698113207547,0.9004845173364777,47,-0.11722742482018432,0.44680851063829785,0.3814458499005521
2012,323080204,10,Arizona State,Oregon State,1,72,-0.04796954232375791,0.3472222222222222,0.8679824875686662,66,0.01844370202133717,0.30303030303030304,1.1415411323776972
2012,323080204,10,Oregon State,Arizona State,1,66,0.01844370202133717,0.30303030303030304,1.1415411323776972,72,-0.04796954232375791,0.3472222222222222,0.8679824875686662
2012,323080239,10,Baylor,Kansas,1,77,0.1805099252832498,0.45454545454545453,1.014057620339837,51,-0.12987409879328762,0.3137254901960784,0.8710647016188383
2012,323080239,10,Kansas,Baylor,1,51,-0.12987409879328762,0.3137254901960784,0.8710647016188383,77,0.1805099252832498,0.45454545454545453,1.014057620339837
2012,323080249,10,Arkansas State,North Texas,1,61,0.2722098996083182,0.5409836065573771,0.8705922302831249,78,-0.00904205127984161,0.358974358974359,1.2633696759142525
2012,323080249,10,North Texas,Arkansas State,1,78,-0.00904205127984161,0.358974358974359,1.2633696759142525,61,0.2722098996083182,0.5409836065573771,0.8705922302831249
2012,323080254,10,Utah,Washington State,1,38,0.12734781391545252,0.5789473684210527,0.6788333614798362,32,-0.06353413210102418,0.3125,1.1170248533381075
2012,323080254,10,Washington State,Utah,1,32,-0.06353413210102418,0.3125,1.1170248533381075,38,0.12734781391545252,0.5789473684210527,0.6788333614798362
2012,323080276,10,Marshall,Memphis,1,69,0.12197602790640102,0.42028985507246375,1.041925587712895,86,0.09570207008376092,0.43023255813953487,0.9181217071642579
2012,323080276,10,Memphis,Marshall,1,86,0.09570207008376092,0.43023255813953487,0.9181217071642579,69,0.12197602790640102,0.42028985507246375,1.041925587712895
2012,323080277,10,TCU,West Virginia,1,72,-0.06237674965617162,0.3333333333333333,0.8499705738979451,87,-0.0545191737965584,0.3793103448275862,0.8452191330785145
2012,323080277,10,West Virginia,TCU,1,87,-0.0545191737965584,0.3793103448275862,0.8452191330785145,72,-0.06237674965617162,0.3333333333333333,0.8499705738979451
2012,323080278,10,Fresno State,Hawai'i,1,39,0.14142114959374835,0.41025641025641024,1.228483857967476,36,-0.07425990530100961,0.19444444444444445,1.6071511046754154
2012,323080278,10,Hawai'i,Fresno State,1,36,-0.07425990530100961,0.19444444444444445,1.6071511046754154,39,0.14142114959374835,0.41025641025641024,1.228483857967476
2012,323080328,10,Texas State,Utah State,1,35,-0.008647247683359761,0.42857142857142855,0.8588051841461395,36,0.3688469516782327,0.5277777777777778,1.1621867997278152
2012,323080328,10,Utah State,Texas State,1,36,0.3688469516782327,0.5277777777777778,1.1621867997278152,35,-0.008647247683359761,0.42857142857142855,0.8588051841461395
2012,323080344,10,Mississippi State,Texas A&M,1,33,-0.16987559133606417,0.3939393939393939,0.5694622042324475,78,0.37939265641428066,0.5897435897435898,0.9443136388444692
2012,323080344,10,Texas A&M,Mississippi State,1,78,0.37939265641428066,0.5897435897435898,0.9443136388444692,33,-0.16987559133606417,0.3939393939393939,0.5694622042324475
2012,323080349,10,Air Force,Army,1,58,-0.11644269807169251,0.4482758620689655,0.5897637859849919,76,0.08145776904489684,0.5263157894736842,0.6537463624591882
2012,323080349,10,Army,Air Force,1,76,0.08145776904489684,0.5263157894736842,0.6537463624591882,58,-0.11644269807169251,0.4482758620689655,0.5897637859849919
2012,323082084,10,Buffalo,Miami (OH),1,63,0.023799644337313207,0.42857142857142855,0.8911711838932339,75,0.014401497439717777,0.3333333333333333,1.267572351339151
2012,323082084,10,Miami (OH),Buffalo,1,75,0.014401497439717777,0.3333333333333333,1.267572351339151,63,0.023799644337313207,0.42857142857142855,0.8911711838932339
2012,323082116,10,SMU,UCF,1,43,-0.059879762355426996,0.4418604651162791,0.5342631817465255,42,0.23085736858576197,0.5476190476190477,0.8470318925574021
2012,323082116,10,UCF,SMU,1,42,0.23085736858576197,0.5476190476190477,0.8470318925574021,43,-0.059879762355426996,0.4418604651162791,0.5342631817465255
2012,323082117,10,Central Michigan,Western Michigan,1,70,-0.029189752963348956,0.4,1.0694390390350121,57,0.057374603683903284,0.42105263157894735,1.0066854079366188
2012,323082117,10,Western Michigan,Central Michigan,1,57,0.057374603683903284,0.42105263157894735,1.0066854079366188,70,-0.029189752963348956,0.4,1.0694390390350121
2012,323082132,10,Cincinnati,Syracuse,1,75,0.10182759948580632,0.4,1.117851283858196,86,0.14168703044810163,0.43023255813953487,0.8394522437602596
2012,323082132,10,Syracuse,Cincinnati,1,86,0.14168703044810163,0.43023255813953487,0.8394522437602596,75,0.10182759948580632,0.4,1.117851283858196
2012,323082306,10,Kansas State,Oklahoma State,1,71,0.201301674823732,0.4788732394366197,0.9329240649080303,72,0.03742691535047006,0.5,0.8444143828395798
2012,323082306,10,Oklahoma State,Kansas State,1,72,0.03742691535047006,0.5,0.8444143828395798,71,0.201301674823732,0.4788732394366197,0.9329240649080303
2012,323082309,10,Akron,Kent State,1,72,0.1571588444425238,0.4444444444444444,1.0486371164821573,54,0.13661222588142105,0.3888888888888889,0.9390173090436558
2012,323082309,10,Kent State,Akron,1,54,0.13661222588142105,0.3888888888888889,0.9390173090436558,72,0.1571588444425238,0.4444444444444444,1.0486371164821573
2012,323082348,10,Louisiana Tech,UTSA,1,72,0.11264405299379515,0.5277777777777778,0.5780763810149123,68,0.04414285719459288,0.39705882352941174,1.0855012728326814
2012,323082348,10,UTSA,Louisiana Tech,1,68,0.04414285719459288,0.39705882352941174,1.0855012728326814,72,0.11264405299379515,0.5277777777777778,0.5780763810149123
2012,323082426,10,Florida Atlantic,Navy,1,67,0.06723236320554492,0.5373134328358209,0.7013512291693479,64,0.10625369441879946,0.484375,0.8302073407485271
2012,323082426,10,Navy,Florida Atlantic,1,64,0.10625369441879946,0.484375,0.8302073407485271,67,0.06723236320554492,0.5373134328358209,0.7013512291693479
2012,323082433,10,Louisiana,UL Monroe,1,73,0.15375954440092277,0.4794520547945205,0.9821042185264635,56,0.016507856941850304,0.39285714285714285,1.142903439715896
2012,323082433,10,UL Monroe,Louisiana,1,56,0.016507856941850304,0.39285714285714285,1.142903439715896,73,0.15375954440092277,0.4794520547945205,0.9821042185264635
2012,323082439,10,New Mexico,UNLV,1,63,-0.13375823494349737,0.3492063492063492,0.8974169905972124,46,0.20653665085929332,0.5,0.9495365998105715
2012,323082439,10,UNLV,New Mexico,1,46,0.20653665085929332,0.5,0.9495365998105715,63,-0.13375823494349737,0.3492063492063492,0.8974169905972124
2012,323082459,10,Massachusetts,Northern Illinois,1,49,-0.22180370931538398,0.30612244897959184,0.9066221367801164,35,0.25990258115699394,0.6,0.8071404224145846
2012,323082459,10,Northern Illinois,Massachusetts,1,35,0.25990258115699394,0.6,0.8071404224145846,49,-0.22180370931538398,0.30612244897959184,0.9066221367801164
2012,323082509,10,Penn State,Purdue,1,51,0.1715056609737089,0.5294117647058824,0.7585034825781355,50,-0.23739106596464296,0.22,1.054048746504274
2012,323082509,10,Purdue,Penn State,1,50,-0.23739106596464296,0.22,1.054048746504274,51,0.1715056609737089,0.5294117647058824,0.7585034825781355
2012,323082572,10,Southern Miss,UAB,1,63,-0.10289715555096632,0.31746031746031744,1.013376915862424,74,0.06143524862416457,0.43243243243243246,0.7669532026999673
2012,323082572,10,UAB,Southern Miss,1,74,0.06143524862416457,0.43243243243243246,0.7669532026999673,63,-0.10289715555096632,0.31746031746031744,1.013376915862424
2012,323082633,10,Tennessee,Troy,1,71,0.2561549789866196,0.5070422535211268,1.0600167090042771,95,0.167226186601594,0.45263157894736844,1.1613123418820703
2012,323082633,10,Troy,Tennessee,1,95,0.167226186601594,0.45263157894736844,1.1613123418820703,71,0.2561549789866196,0.5070422535211268,1.0600167090042771
2012,323082641,10,Texas,Texas Tech,1,55,0.17773284845177642,0.45454545454545453,1.1210037137926967,73,0.20646221396689818,0.410958904109589,1.2788303003310393
2012,323082641,10,Texas Tech,Texas,1,73,0.20646221396689818,0.410958904109589,1.2788303003310393,55,0.17773284845177642,0.45454545454545453,1.1210037137926967
2012,323082655,10,Rice,Tulane,1,80,0.0699355611317519,0.4,0.8791337503420872,60,0.16028509224428536,0.4,1.2541246768227146
2012,323082655,10,Tulane,Rice,1,60,0.16028509224428536,0.4,1.2541246768227146,80,0.0699355611317519,0.4,0.8791337503420872
2012,323082751,10,Colorado State,Wyoming,1,49,0.20236881213431127,0.3877551020408163,1.2086979093688843,84,0.1420289955097938,0.4642857142857143,0.876152248236029
2012,323082751,10,Wyoming,Colorado State,1,84,0.1420289955097938,0.4642857142857143,0.876152248236029,49,0.20236881213431127,0.3877551020408163,1.2086979093688843
2012,323112649,11,Ball State,Toledo,1,72,0.08391876087216601,0.5277777777777778,0.5572906963076066,77,0.19935157335899503,0.44155844155844154,1.034412147335761
2012,323112649,11,Toledo,Ball State,1,77,0.19935157335899503,0.44155844155844154,1.034412147335761,72,0.08391876087216601,0.5277777777777778,0.5572906963076066
2012,323120195,11,Bowling Green,Ohio,1,50,0.026614894192279054,0.34,1.0382791323098337,76,-0.09674352878648307,0.3157894736842105,0.8651727315536304
2012,323120195,11,Ohio,Bowling Green,1,76,-0.09674352878648307,0.3157894736842105,0.8651727315536304,50,0.026614894192279054,0.34,1.0382791323098337
2012,323130259,11,Florida State,Virginia Tech,1,66,0.0008719178355682795,0.3484848484848485,1.1890158989645583,67,0.03725460635668787,0.34328358208955223,1.1735630189376822
2012,323130259,11,Virginia Tech,Florida State,1,67,0.03725460635668787,0.34328358208955223,1.1735630189376822,66,0.0008719178355682795,0.3484848484848485,1.1890158989645583
2012,323132032,11,Arkansas State,UL Monroe,1,63,0.07989193577468652,0.4603174603174603,0.6862883067147522,78,0.0194484260381081,0.4230769230769231,0.9605679850488417
2012,323132032,11,UL Monroe,Arkansas State,1,78,0.0194484260381081,0.4230769230769231,0.9605679850488417,63,0.07989193577468652,0.4603174603174603,0.6862883067147522
2012,323140041,11,Pittsburgh,UConn,1,58,0.18806660113835594,0.3793103448275862,1.4599535662174572,66,0.07935708788354774,0.42424242424242425,1.0444440029407676
2012,323140041,11,UConn,Pittsburgh,1,66,0.07935708788354774,0.42424242424242425,1.0444440029407676,58,0.18806660113835594,0.3793103448275862,1.4599535662174572
2012,323150002,11,Auburn,Georgia,1,25,0.03174275387639579,0.28,1.3723323329914812,46,0.36676147530095443,0.5652173913043478,0.9963433437029652
2012,323150002,11,Georgia,Auburn,1,46,0.36676147530095443,0.5652173913043478,0.9963433437029652,25,0.03174275387639579,0.28,1.3723323329914812
2012,323150005,11,Marshall,UAB,1,72,0.012640894900477364,0.3611111111111111,0.7443093117841728,74,0.02189711046863382,0.40540540540540543,1.0514487535393946
2012,323150005,11,UAB,Marshall,1,74,0.02189711046863382,0.40540540540540543,1.0514487535393946,72,0.012640894900477364,0.3611111111111111,0.7443093117841728
2012,323150012,11,Arizona,Colorado,1,38,0.6545249919440344,0.631578947368421,1.3286232691053381,53,0.08819280163151325,0.4716981132075472,0.6694006466925938
2012,323150012,11,Colorado,Arizona,1,53,0.08819280163151325,0.4716981132075472,0.6694006466925938,38,0.6545249919440344,0.631578947368421,1.3286232691053381
2012,323150021,11,Air Force,San Diego State,1,88,0.0007972200989226926,0.3522727272727273,1.1457946783867092,58,-0.009144472709651517,0.3275862068965517,1.2556587595977369
2012,323150021,11,San Diego State,Air Force,1,58,-0.009144472709651517,0.3275862068965517,1.2556587595977369,88,0.0007972200989226926,0.3522727272727273,1.1457946783867092
2012,323150024,11,Oregon State,Stanford,1,68,-0.030837851789956374,0.4117647058823529,0.7786707320899563,64,0.185420320611703,0.53125,0.8744738728204656
2012,323150024,11,Stanford,Oregon State,1,64,0.185420320611703,0.53125,0.8744738728204656,68,-0.030837851789956374,0.4117647058823529,0.7786707320899563
2012,323150025,11,California,Oregon,1,51,0.1547222189295183,0.47058823529411764,0.7912888665191818,61,0.14775016249978054,0.47540983606557374,0.8684479752692168
2012,323150025,11,Oregon,California,1,61,0.14775016249978054,0.47540983606557374,0.8684479752692168,51,0.1547222189295183,0.47058823529411764,0.7912888665191818
2012,323150030,11,Arizona State,USC,1,68,-0.13806301960339457,0.39705882352941174,0.801348635365429,71,-0.1074058379460586,0.36619718309859156,0.7256149633799189
2012,323150030,11,USC,Arizona State,1,71,-0.1074058379460586,0.36619718309859156,0.7256149633799189,68,-0.13806301960339457,0.39705882352941174,0.801348635365429
2012,323150036,11,Colorado State,UNLV,1,67,0.001974642608849396,0.417910447761194,0.6794392205320469,50,-0.14403222695065865,0.38,0.5530214274225121
2012,323150036,11,UNLV,Colorado State,1,50,-0.14403222695065865,0.38,0.5530214274225121,67,0.001974642608849396,0.417910447761194,0.6794392205320469
2012,323150057,11,Florida,Louisiana,1,60,0.061337540156214565,0.38333333333333336,0.9958999569169933,54,0.04020324815720866,0.42592592592592593,0.7029538615051691
2012,323150057,11,Louisiana,Florida,1,54,0.04020324815720866,0.42592592592592593,0.7029538615051691,60,0.061337540156214565,0.38333333333333336,0.9958999569169933
2012,323150062,11,Boise State,Hawai'i,1,44,0.17138764919686106,0.38636363636363635,1.1867247465714041,40,-0.16990591215601292,0.3,0.9574482747936855
2012,323150062,11,Hawai'i,Boise State,1,40,-0.16990591215601292,0.3,0.9574482747936855,44,0.17138764919686106,0.38636363636363635,1.1867247465714041
2012,323150084,11,Indiana,Wisconsin,1,37,-0.10231863836791828,0.2972972972972973,0.8389399948914629,47,0.2203991250407767,0.5106382978723404,0.86744825826874
2012,323150084,11,Wisconsin,Indiana,1,47,0.2203991250407767,0.5106382978723404,0.86744825826874,37,-0.10231863836791828,0.2972972972972973,0.8389399948914629
2012,323150098,11,Florida Atlantic,Western Kentucky,1,70,0.07489079922011646,0.4,1.0464113740522085,57,0.00040254696043149415,0.3333333333333333,1.0165018934303498
2012,323150098,11,Western Kentucky,Florida Atlantic,1,57,0.00040254696043149415,0.3333333333333333,1.0165018934303498,70,0.07489079922011646,0.4,1.0464113740522085
2012,323150099,11,LSU,Mississippi State,1,68,0.14928836511094187,0.5,0.8181201928449883,62,0.07237010631724976,0.532258064516129,0.8259084296296726
2012,323150099,11,Mississippi State,LSU,1,62,0.07237010631724976,0.532258064516129,0.8259084296296726,68,0.14928836511094187,0.5,0.8181201928449883
2012,323150103,11,Boston College,Notre Dame,1,68,0.1065230780490947,0.4411764705882353,1.1567189743076867,62,0.24087249193321125,0.5967741935483871,0.9180965423928159
2012,323150103,11,Notre Dame,Boston College,1,62,0.24087249193321125,0.5967741935483871,0.9180965423928159,68,0.1065230780490947,0.4411764705882353,1.1567189743076867
2012,323150130,11,Michigan,Northwestern,1,58,0.1598473302621349,0.4482758620689655,1.05286705353249,75,0.10854758600794522,0.44,1.0703112590020276
2012,323150130,11,Northwestern,Michigan,1,75,0.10854758600794522,0.44,1.0703112590020276,58,0.1598473302621349,0.4482758620689655,1.05286705353249
2012,323150145,11,Ole Miss,Vanderbilt,1,92,0.11321650563808895,0.40217391304347827,0.9993304026219331,70,0.014915578628492129,0.4,1.0210884254957486
2012,323150145,11,Vanderbilt,Ole Miss,1,70,0.014915578628492129,0.4,1.0210884254957486,92,0.11321650563808895,0.40217391304347827,0.9993304026219331
2012,323150152,11,NC State,Wake Forest,1,77,0.07047657925712877,0.4805194805194805,0.91241858180779,46,-0.11856259308334877,0.21739130434782608,1.0326217756218499
2012,323150152,11,Wake Forest,NC State,1,46,-0.11856259308334877,0.21739130434782608,1.0326217756218499,77,0.07047657925712877,0.4805194805194805,0.91241858180779
2012,323150153,11,Georgia Tech,North Carolina,1,74,0.20574913634327663,0.44594594594594594,1.0372609724360142,65,0.2011331049092069,0.47692307692307695,0.9622643602792753
2012,323150153,11,North Carolina,Georgia Tech,1,65,0.2011331049092069,0.47692307692307695,0.9622643602792753,74,0.20574913634327663,0.44594594594594594,1.0372609724360142
2012,323150158,11,Nebraska,Penn State,1,77,0.195540095657932,0.4805194805194805,0.9065185977049373,72,0.1165585985708585,0.375,1.0139946200608407
2012,323150158,11,Penn State,Nebraska,1,72,0.1165585985708585,0.375,1.0139946200608407,77,0.195540095657932,0.4805194805194805,0.9065185977049373
2012,323150164,11,Army,Rutgers,1,84,0.053069547305149053,0.42857142857142855,0.8096992291890202,49,0.0034975158961263043,0.3673469387755102,0.7855716618740092
2012,323150164,11,Rutgers,Army,1,49,0.0034975158961263043,0.3673469387755102,0.7855716618740092,84,0.053069547305149053,0.42857142857142855,0.8096992291890202
2012,323150166,11,New Mexico State,San José State,1,42,-0.3179270018860875,0.3333333333333333,0.3793788856771387,26,-0.008231039374041894,0.46153846153846156,0.7545986261085386
2012,323150166,11,San José State,New Mexico State,1,26,-0.008231039374041894,0.46153846153846156,0.7545986261085386,42,-0.3179270018860875,0.3333333333333333,0.3793788856771387
2012,323150167,11,New Mexico,Wyoming,1,77,0.1645597127469172,0.4675324675324675,0.9454169573058345,58,0.10658093228755045,0.3793103448275862,1.3459236374095984
2012,323150167,11,Wyoming,New Mexico,1,58,0.10658093228755045,0.3793103448275862,1.3459236374095984,77,0.1645597127469172,0.4675324675324675,0.9454169573058345
2012,323150183,11,Louisville,Syracuse,1,58,0.08911723164835969,0.4827586206896552,0.7294811034469434,70,0.17561834361172393,0.44285714285714284,1.0256765836530286
2012,323150183,11,Syracuse,Louisville,1,70,0.17561834361172393,0.44285714285714284,1.0256765836530286,58,0.08911723164835969,0.4827586206896552,0.7294811034469434
2012,323150193,11,Kent State,Miami (OH),1,60,0.23082168284605456,0.5166666666666667,0.8798785312165734,51,0.1298082674575593,0.3333333333333333,1.322520841225783
2012,323150193,11,Miami (OH),Kent State,1,51,0.1298082674575593,0.3333333333333333,1.322520841225783,60,0.23082168284605456,0.5166666666666667,0.8798785312165734
2012,323150197,11,Oklahoma State,West Virginia,1,62,0.01975480319374288,0.3870967741935484,0.7778424405274551,86,0.03261338269422738,0.3953488372093023,0.9918511274515299
2012,323150197,11,West Virginia,Oklahoma State,1,86,0.03261338269422738,0.3953488372093023,0.9918511274515299,62,0.01975480319374288,0.3870967741935484,0.7778424405274551
2012,323150201,11,Baylor,Oklahoma,1,82,0.14804996717618193,0.3902439024390244,1.1574833562382338,70,0.14062350179135147,0.4857142857142857,0.9454537775716755
2012,323150201,11,Oklahoma,Baylor,1,70,0.14062350179135147,0.4857142857142857,0.9454537775716755,82,0.14804996717618193,0.3902439024390244,1.1574833562382338
2012,323150218,11,Cincinnati,Temple,1,57,0.1251755653736381,0.45614035087719296,0.8086770325170928,64,-0.054013001511446036,0.375,0.992223441383415
2012,323150218,11,Temple,Cincinnati,1,64,-0.054013001511446036,0.375,0.992223441383415,57,0.1251755653736381,0.45614035087719296,0.8086770325170928
2012,323150228,11,Clemson,Maryland,1,56,0.15049530204271017,0.5,0.9662595863539689,31,-0.14793040419072193,0.22580645161290322,0.8183450971746054
2012,323150228,11,Maryland,Clemson,1,31,-0.14793040419072193,0.22580645161290322,0.8183450971746054,56,0.15049530204271017,0.5,0.9662595863539689
2012,323150235,11,Memphis,Tulane,1,60,-0.0504257872251527,0.4166666666666667,0.8280134919754757,75,-0.009766411545661902,0.44,0.7834659027144827
2012,323150235,11,Tulane,Memphis,1,75,-0.009766411545661902,0.44,0.7834659027144827,60,-0.0504257872251527,0.4166666666666667,0.8280134919754757
2012,323150248,11,Houston,Tulsa,1,58,-0.07722477926423958,0.3448275862068966,0.9262024870686764,70,0.01402943582286144,0.35714285714285715,1.1421037938803977
2012,323150248,11,Tulsa,Houston,1,70,0.01402943582286144,0.35714285714285715,1.1421037938803977,58,-0.07722477926423958,0.3448275862068966,0.9262024870686764
2012,323150249,11,North Texas,South Alabama,1,59,-0.29706968479137835,0.1864406779661017,0.9058092123551164,84,-0.01156257709860981,0.34523809523809523,1.0016867427858418
2012,323150249,11,South Alabama,North Texas,1,84,-0.01156257709860981,0.34523809523809523,1.0016867427858418,59,-0.29706968479137835,0.1864406779661017,0.9058092123551164
2012,323150251,11,Iowa State,Texas,1,49,0.021390081706247278,0.4489795918367347,1.0136304056740877,62,0.3397337411238028,0.5806451612903226,0.994510260995655
2012,323150251,11,Texas,Iowa State,1,62,0.3397337411238028,0.5806451612903226,0.994510260995655,49,0.021390081706247278,0.4489795918367347,1.0136304056740877
2012,323150252,11,BYU,Idaho,1,42,0.2960635275722325,0.5238095238095238,1.0991889313724967,34,-0.06467175710132167,0.35294117647058826,0.6670289956343396
2012,323150252,11,Idaho,BYU,1,34,-0.06467175710132167,0.35294117647058826,0.6670289956343396,42,0.2960635275722325,0.5238095238095238,1.0991889313724967
2012,323150258,11,Miami,Virginia,1,56,0.13737253836144456,0.5357142857142857,0.7778463991034626,79,0.19993553062847513,0.46835443037974683,0.9546018670870269
2012,323150258,11,Virginia,Miami,1,79,0.19993553062847513,0.46835443037974683,0.9546018670870269,56,0.13737253836144456,0.5357142857142857,0.7778463991034626
2012,323150264,11,Utah,Washington,1,51,-0.2635067003605045,0.2549019607843137,0.5859094115307667,70,0.12062620142640817,0.4,1.1372445709043248
2012,323150264,11,Washington,Utah,1,70,0.12062620142640817,0.4,1.1372445709043248,51,-0.2635067003605045,0.2549019607843137,0.5859094115307667
2012,323150265,11,UCLA,Washington State,1,42,-0.04728587028926937,0.4523809523809524,0.792661285722016,55,-0.05103541210445191,0.41818181818181815,0.8604126058408281
2012,323150265,11,Washington State,UCLA,1,55,-0.05103541210445191,0.41818181818181815,0.8604126058408281,42,-0.04728587028926937,0.4523809523809524,0.792661285722016
2012,323150326,11,Louisiana Tech,Texas State,1,92,0.20354624117128678,0.5,0.9110712701074491,69,0.26109935535238793,0.4492753623188406,1.1918436419908995
2012,323150326,11,Texas State,Louisiana Tech,1,69,0.26109935535238793,0.4492753623188406,1.1918436419908995,92,0.20354624117128678,0.5,0.9110712701074491
2012,323150333,11,Alabama,Texas A&M,1,63,0.08094508159548157,0.4603174603174603,0.6831353873555644,74,0.12639938586220267,0.44594594594594594,0.8597519817285862
2012,323150333,11,Texas A&M,Alabama,1,74,0.12639938586220267,0.44594594594594594,0.8597519817285862,63,0.08094508159548157,0.4603174603174603,0.6831353873555644
2012,323150356,11,Illinois,Minnesota,1,61,0.02401196298479977,0.4262295081967213,0.8320921482751238,65,-0.011768394174833843,0.46153846153846156,0.5706054714266943
2012,323150356,11,Minnesota,Illinois,1,65,-0.011768394174833843,0.46153846153846156,0.5706054714266943,61,0.02401196298479977,0.4262295081967213,0.8320921482751238
2012,323152084,11,Buffalo,Western Michigan,1,84,0.004573308013133907,0.34523809523809523,1.0064943167324671,72,-0.01932925825025118,0.4305555555555556,0.7458561817661326
2012,323152084,11,Western Michigan,Buffalo,1,72,-0.01932925825025118,0.4305555555555556,0.7458561817661326,84,0.004573308013133907,0.34523809523809523,1.0064943167324671
2012,323152199,11,Central Michigan,Eastern Michigan,1,60,0.17255652182782838,0.38333333333333336,1.2997638719184856,65,0.07131811196170211,0.4307692307692308,0.8783918483014429
2012,323152199,11,Eastern Michigan,Central Michigan,1,65,0.07131811196170211,0.4307692307692308,0.8783918483014429,60,0.17255652182782838,0.38333333333333336,1.2997638719184856
2012,323152294,11,Iowa,Purdue,1,66,-0.08584195121375394,0.3333333333333333,0.8903788383720133,78,0.18659772449874698,0.44871794871794873,1.0216972585842015
2012,323152294,11,Purdue,Iowa,1,78,0.18659772449874698,0.44871794871794873,1.0216972585842015,66,-0.08584195121375394,0.3333333333333333,0.8903788383720133
2012,323152440,11,Fresno State,Nevada,1,76,0.08495696259067095,0.40789473684210525,1.1018857401457438,68,0.09390009013968514,0.4411764705882353,0.9051203954814224
2012,323152440,11,Nevada,Fresno State,1,68,0.09390009013968514,0.4411764705882353,0.9051203954814224,76,0.08495696259067095,0.40789473684210525,1.1018857401457438
2012,323152567,11,SMU,Southern Miss,1,68,0.13029850307017413,0.5147058823529411,0.7189477094072944,44,-0.21337085908125838,0.22727272727272727,0.840281802126725
2012,323152567,11,Southern Miss,SMU,1,44,-0.21337085908125838,0.22727272727272727,0.840281802126725,68,0.13029850307017413,0.5147058823529411,0.7189477094072944
2012,323152579,11,Arkansas,South Carolina,1,55,0.027941767522949156,0.43636363636363634,0.6888502317913989,47,0.10611014394182798,0.425531914893617,1.0987918965523404
2012,323152579,11,South Carolina,Arkansas,1,47,0.10611014394182798,0.425531914893617,1.0987918965523404,55,0.027941767522949156,0.43636363636363634,0.6888502317913989
2012,323152628,11,Kansas State,TCU,1,53,-0.08927927616875879,0.3018867924528302,1.0549278670970412,53,0.010691769743443165,0.41509433962264153,0.8396571609169239
2012,323152628,11,TCU,Kansas State,1,53,0.010691769743443165,0.41509433962264153,0.8396571609169239,53,-0.08927927616875879,0.3018867924528302,1.0549278670970412
2012,323152633,11,Missouri,Tennessee,1,77,-0.03890587787594257,0.37662337662337664,1.0266832569754918,84,0.13093424024845696,0.5,0.8505491422195074
2012,323152633,11,Tennessee,Missouri,1,84,0.13093424024845696,0.5,0.8505491422195074,77,-0.03890587787594257,0.37662337662337664,1.0266832569754918
2012,323152636,11,McNeese,UTSA,1,70,0.19464857168137784,0.5142857142857142,0.8472138615889309,66,0.04801645305972974,0.3484848484848485,1.127407551385158
2012,323152636,11,UTSA,McNeese,1,66,0.04801645305972974,0.3484848484848485,1.127407551385158,70,0.19464857168137784,0.5142857142857142,0.8472138615889309
2012,323152638,11,UCF,UTEP,1,66,0.05106026702084513,0.42424242424242425,0.7822349865152689,62,-0.021118663190510187,0.41935483870967744,0.7846579375205874
2012,323152638,11,UTEP,UCF,1,62,-0.021118663190510187,0.41935483870967744,0.7846579375205874,66,0.05106026702084513,0.42424242424242425,0.7822349865152689
2012,323152641,11,Kansas,Texas Tech,1,71,0.021751137638408864,0.352112676056338,0.9730207088039026,81,0.21308124165072032,0.5679012345679012,0.8634026693001656
2012,323152641,11,Texas Tech,Kansas,1,81,0.21308124165072032,0.5679012345679012,0.8634026693001656,71,0.021751137638408864,0.352112676056338,0.9730207088039026
2012,323152653,11,Navy,Troy,1,67,0.17986019786351806,0.4626865671641791,1.0106735227602404,74,0.1907807742751527,0.5675675675675675,0.7390146058775103
2012,323152653,11,Troy,Navy,1,74,0.1907807742751527,0.5675675675675675,0.7390146058775103,67,0.17986019786351806,0.4626865671641791,1.0106735227602404
2012,323192050,12,Ball State,Ohio,1,58,0.37787934759490527,0.603448275862069,0.9060026265487704,71,0.212446838957728,0.3380281690140845,1.488205082103159
2012,323192050,12,Ohio,Ball State,1,71,0.212446838957728,0.3380281690140845,1.488205082103159,58,0.37787934759490527,0.603448275862069,0.9060026265487704
2012,323192459,12,Northern Illinois,Toledo,1,75,0.1642166988156691,0.52,0.820657145440674,69,0.0616969254873918,0.463768115942029,1.0423285163278875
2012,323192459,12,Toledo,Northern Illinois,1,69,0.0616969254873918,0.463768115942029,1.0423285163278875,75,0.1642166988156691,0.52,0.820657145440674
2012,323200258,12,North Carolina,Virginia,1,62,0.23001658434846223,0.532258064516129,0.8764197901580127,63,0.04453589428912432,0.36507936507936506,0.7995136199463646
2012,323200258,12,Virginia,North Carolina,1,63,0.04453589428912432,0.36507936507936506,0.7995136199463646,62,0.23001658434846223,0.532258064516129,0.8764197901580127
2012,323212005,12,Air Force,Hawai'i,1,65,0.06369130830244212,0.46153846153846156,0.7699366246139187,59,-0.2169628252270939,0.22033898305084745,1.316559033062648
2012,323212005,12,Hawai'i,Air Force,1,59,-0.2169628252270939,0.22033898305084745,1.316559033062648,65,0.06369130830244212,0.46153846153846156,0.7699366246139187
2012,323212226,12,Florida Atlantic,Florida International,1,68,-0.06268079929823667,0.2647058823529412,1.104665968561905,63,0.11042061696506833,0.3492063492063492,1.246987809561051
2012,323212226,12,Florida International,Florida Atlantic,1,63,0.11042061696506833,0.3492063492063492,1.246987809561051,68,-0.06268079929823667,0.2647058823529412,1.104665968561905
2012,323220002,12,Alabama A&M,Auburn,1,39,0.02138456733749195,0.41025641025641024,0.9202668661159187,47,0.3062849337129247,0.574468085106383,1.0346093694715908
2012,323220002,12,Auburn,Alabama A&M,1,47,0.3062849337129247,0.574468085106383,1.0346093694715908,39,0.02138456733749195,0.41025641025641024,0.9202668661159187
2012,323220005,12,Memphis,UAB,1,45,0.1371466578367977,0.3111111111111111,1.5048470114550323,46,-0.07608393007760392,0.2826086956521739,1.1129937686404165
2012,323220005,12,UAB,Memphis,1,46,-0.07608393007760392,0.2826086956521739,1.1129937686404165,45,0.1371466578367977,0.3111111111111111,1.5048470114550323
2012,323220006,12,Middle Tennessee,South Alabama,1,71,0.08139480733381402,0.323943661971831,1.1645967645827882,71,-0.036966837374542184,0.36619718309859156,0.9966086479531707
2012,323220006,12,South Alabama,Middle Tennessee,1,71,-0.036966837374542184,0.36619718309859156,0.9966086479531707,71,0.08139480733381402,0.323943661971831,1.1645967645827882
2012,323220009,12,Arizona State,Washington State,1,43,-0.022446590192122338,0.4418604651162791,0.7002541088746814,45,-0.045491560822159466,0.28888888888888886,0.9839912024110884
2012,323220009,12,Washington State,Arizona State,1,45,-0.045491560822159466,0.28888888888888886,0.9839912024110884,43,-0.022446590192122338,0.4418604651162791,0.7002541088746814
2012,323220023,12,BYU,San José State,1,82,0.020375432883331327,0.4634146341463415,0.767670189623347,63,0.06203682378515011,0.3968253968253968,0.9760537298220697
2012,323220023,12,San José State,BYU,1,63,0.06203682378515011,0.3968253968253968,0.9760537298220697,82,0.020375432883331327,0.4634146341463415,0.767670189623347
2012,323220026,12,UCLA,USC,1,75,0.13936777469491973,0.44,0.9829031027901312,70,0.16115877086292107,0.44285714285714284,1.0699283719590822
2012,323220026,12,USC,UCLA,1,70,0.16115877086292107,0.44285714285714284,1.0699283719590822,75,0.13936777469491973,0.44,0.9829031027901312
2012,323220038,12,Colorado,Washington,1,41,-0.27787631232694365,0.1951219512195122,0.6300732140790603,54,0.2211802670959314,0.42592592592592593,1.1467777743268048
2012,323220038,12,Washington,Colorado,1,54,0.2211802670959314,0.42592592592592593,1.1467777743268048,41,-0.27787631232694365,0.1951219512195122,0.6300732140790603
2012,323220057,12,Florida,Jacksonville State,1,54,0.11903586521867288,0.4444444444444444,1.0244237655634418,45,0.059812396116547435,0.35555555555555557,0.86737530396566
2012,323220057,12,Jacksonville State,Florida,1,45,0.059812396116547435,0.35555555555555557,0.86737530396566,54,0.11903586521867288,0.4444444444444444,1.0244237655634418
2012,323220059,12,Duke,Georgia Tech,1,56,0.08890027285707539,0.39285714285714285,1.0505871560673363,80,0.1608219913298158,0.5,0.7919030449491903
2012,323220059,12,Georgia Tech,Duke,1,80,0.1608219913298158,0.5,0.7919030449491903,56,0.08890027285707539,0.39285714285714285,1.0505871560673363
2012,323220061,12,Georgia,Georgia Southern,1,51,0.33051469790389737,0.45098039215686275,1.3336039187820616,38,0.06975879517572071,0.5,0.6096851334029871
2012,323220061,12,Georgia Southern,Georgia,1,38,0.06975879517572071,0.5,0.6096851334029871,51,0.33051469790389737,0.45098039215686275,1.3336039187820616
2012,323220068,12,Boise State,Colorado State,1,30,0.13218441366285894,0.5,0.8812237884596056,30,-0.33936283780193505,0.23333333333333334,0.029854918603341458
2012,323220068,12,Colorado State,Boise State,1,30,-0.33936283780193505,0.23333333333333334,0.029854918603341458,30,0.13218441366285894,0.5,0.8812237884596056
2012,323220070,12,Idaho,UTSA,1,64,0.21406034584188338,0.484375,1.0589094562117283,73,0.0270084841286354,0.410958904109589,0.9270491364964902
2012,323220070,12,UTSA,Idaho,1,73,0.0270084841286354,0.410958904109589,0.9270491364964902,64,0.21406034584188338,0.484375,1.0589094562117283
2012,323220087,12,Notre Dame,Wake Forest,1,36,0.22322509208951322,0.4444444444444444,1.2910323879658963,31,-0.030330440895761302,0.2903225806451613,1.0498452386770052
2012,323220087,12,Wake Forest,Notre Dame,1,31,-0.030330440895761302,0.2903225806451613,1.0498452386770052,36,0.22322509208951322,0.4444444444444444,1.2910323879658963
2012,323220096,12,Kentucky,Samford,1,54,0.1561569696345213,0.5370370370370371,0.7657170761078914,36,-0.10157764418633201,0.3611111111111111,0.6610379366280866
2012,323220096,12,Samford,Kentucky,1,36,-0.10157764418633201,0.3611111111111111,0.6610379366280866,54,0.1561569696345213,0.5370370370370371,0.7657170761078914
2012,323220099,12,LSU,Ole Miss,1,74,0.0770098267555869,0.4594594594594595,0.7941221589105832,71,0.0018437273166766294,0.30985915492957744,1.2259529491777004
2012,323220099,12,Ole Miss,LSU,1,71,0.0018437273166766294,0.30985915492957744,1.2259529491777004,74,0.0770098267555869,0.4594594594594595,0.7941221589105832
2012,323220103,12,Boston College,Virginia Tech,1,77,-0.07265603767919614,0.33766233766233766,0.7903273837367817,81,-0.004248662455358468,0.38271604938271603,0.8596816899089854
2012,323220103,12,Virginia Tech,Boston College,1,81,-0.004248662455358468,0.38271604938271603,0.8596816899089854,77,-0.07265603767919614,0.33766233766233766,0.7903273837367817
2012,323220120,12,Florida State,Maryland,1,48,0.19463451863482395,0.5625,0.6894895847739457,38,-0.21303220507862342,0.3157894736842105,0.7384298658859648
2012,323220120,12,Maryland,Florida State,1,38,-0.21303220507862342,0.3157894736842105,0.7384298658859648,48,0.19463451863482395,0.5625,0.6894895847739457
2012,323220127,12,Michigan State,Northwestern,1,85,0.044179105397906204,0.43529411764705883,0.8748664921968747,72,-0.06417124375134901,0.3888888888888889,0.702023349852412
2012,323220127,12,Northwestern,Michigan State,1,72,-0.06417124375134901,0.3888888888888889,0.702023349852412,85,0.044179105397906204,0.43529411764705883,0.8748664921968747
2012,323220130,12,Iowa,Michigan,1,33,0.08177705417751203,0.42424242424242425,0.720290197932566,45,0.39313914291667124,0.5333333333333333,1.0928038769367385
2012,323220130,12,Michigan,Iowa,1,45,0.39313914291667124,0.5333333333333333,1.0928038769367385,33,0.08177705417751203,0.42424242424242425,0.720290197932566
2012,323220142,12,Missouri,Syracuse,1,71,0.1541861222232805,0.5070422535211268,0.8434978840447851,73,0.20625995259040739,0.4246575342465753,1.1762689965176856
2012,323220142,12,Syracuse,Missouri,1,73,0.20625995259040739,0.4246575342465753,1.1762689965176856,71,0.1541861222232805,0.5070422535211268,0.8434978840447851
2012,323220158,12,Minnesota,Nebraska,1,28,-0.3115300978636197,0.2857142857142857,0.615070961154711,54,0.27464756439531995,0.5555555555555556,0.9052859045807753
2012,323220158,12,Nebraska,Minnesota,1,54,0.27464756439531995,0.5555555555555556,0.9052859045807753,28,-0.3115300978636197,0.2857142857142857,0.615070961154711
2012,323220167,12,Nevada,New Mexico,1,73,0.1426719726659069,0.4794520547945205,0.9061903185425773,50,0.10962862211217715,0.34,1.2329474528867612
2012,323220167,12,New Mexico,Nevada,1,50,0.10962862211217715,0.34,1.2329474528867612,73,0.1426719726659069,0.4794520547945205,0.9061903185425773
2012,323220189,12,Bowling Green,Kent State,1,73,-0.07325122689327465,0.3561643835616438,0.9349356893894787,56,-0.004018094507804369,0.32142857142857145,1.051210078935606
2012,323220189,12,Kent State,Bowling Green,1,56,-0.004018094507804369,0.32142857142857145,1.051210078935606,73,-0.07325122689327465,0.3561643835616438,0.9349356893894787
2012,323220197,12,Oklahoma State,Texas Tech,1,41,0.19565058345554096,0.4878048780487805,1.1018295818498791,47,0.18737240890322276,0.5319148936170213,0.7426757884769126
2012,323220197,12,Texas Tech,Oklahoma State,1,47,0.18737240890322276,0.5319148936170213,0.7426757884769126,41,0.19565058345554096,0.4878048780487805,1.1018295818498791
2012,323220202,12,Tulsa,UCF,1,82,0.002662643614877192,0.3902439024390244,0.7795711333979679,63,-0.05077060194873867,0.31746031746031744,1.0597112639615132
2012,323220202,12,UCF,Tulsa,1,63,-0.05077060194873867,0.31746031746031744,1.0597112639615132,82,0.002662643614877192,0.3902439024390244,0.7795711333979679
2012,323220204,12,California,Oregon State,1,45,0.05562540826911033,0.4666666666666667,0.7040079566525084,39,0.28830559300841996,0.5897435897435898,0.982652219749823
2012,323220204,12,Oregon State,California,1,39,0.28830559300841996,0.5897435897435898,0.982652219749823,45,0.05562540826911033,0.4666666666666667,0.7040079566525084
2012,323220213,12,Indiana,Penn State,1,73,-0.08859410913692531,0.4246575342465753,0.7974689095864931,70,0.170667783166336,0.44285714285714284,1.2010689977523696
2012,323220213,12,Penn State,Indiana,1,70,0.170667783166336,0.44285714285714284,1.2010689977523696,73,-0.08859410913692531,0.4246575342465753,0.7974689095864931
2012,323220228,12,Clemson,NC State,1,97,0.16666824488432141,0.44329896907216493,0.9700577547428761,80,0.0035166897242098504,0.3875,1.21420561250329
2012,323220228,12,NC State,Clemson,1,80,0.0035166897242098504,0.3875,1.21420561250329,97,0.16666824488432141,0.44329896907216493,0.9700577547428761
2012,323220238,12,Tennessee,Vanderbilt,1,65,-0.1380352572154774,0.36923076923076925,0.7501963134553443,50,-0.09637680073305836,0.38,0.6639669570666606
2012,323220238,12,Vanderbilt,Tennessee,1,50,-0.09637680073305836,0.38,0.6639669570666606,65,-0.1380352572154774,0.36923076923076925,0.7501963134553443
2012,323220239,12,Baylor,Kansas State,1,63,0.2688682781327293,0.49206349206349204,1.0881630485346867,60,-0.052463669810387706,0.45,0.7167747961754527
2012,323220239,12,Kansas State,Baylor,1,60,-0.052463669810387706,0.45,0.7167747961754527,63,0.2688682781327293,0.49206349206349204,1.0881630485346867
2012,323220242,12,Rice,SMU,1,79,0.17466815683425416,0.4430379746835443,1.257120665827794,53,0.2039692278827001,0.39622641509433965,1.2355067274531444
2012,323220242,12,SMU,Rice,1,53,0.2039692278827001,0.39622641509433965,1.2355067274531444,79,0.17466815683425416,0.4430379746835443,1.257120665827794
2012,323220245,12,Sam Houston,Texas A&M,1,39,-0.18511832945748727,0.20512820512820512,1.2849745570446722,41,0.2942761147354827,0.5121951219512195,1.0089257270238843
2012,323220245,12,Texas A&M,Sam Houston,1,41,0.2942761147354827,0.5121951219512195,1.0089257270238843,39,-0.18511832945748727,0.20512820512820512,1.2849745570446722
2012,323220254,12,Arizona,Utah,1,71,0.1544448989024785,0.43661971830985913,0.9673541292176246,75,-0.022879336691850462,0.3333333333333333,1.0077513246794354
2012,323220254,12,Utah,Arizona,1,75,-0.022879336691850462,0.3333333333333333,1.0077513246794354,71,0.1544448989024785,0.43661971830985913,0.9673541292176246
2012,323220275,12,Ohio State,Wisconsin,1,57,0.04394375561357014,0.38596491228070173,0.8513814067624913,81,-0.0370210195791473,0.2962962962962963,1.1536242159268262
2012,323220275,12,Wisconsin,Ohio State,1,81,-0.0370210195791473,0.2962962962962963,1.1536242159268262,57,0.04394375561357014,0.38596491228070173,0.8513814067624913
2012,323220276,12,Houston,Marshall,1,74,0.011635377339130316,0.36486486486486486,0.7914830411659262,104,0.10532444205274998,0.4519230769230769,0.8573077835442441
2012,323220276,12,Marshall,Houston,1,104,0.10532444205274998,0.4519230769230769,0.8573077835442441,74,0.011635377339130316,0.36486486486486486,0.7914830411659262
2012,323220277,12,Oklahoma,West Virginia,1,76,0.15921246175131998,0.4473684210526316,1.2484475249466802,76,0.28496352708546746,0.47368421052631576,1.2197623706800682
2012,323220277,12,West Virginia,Oklahoma,1,76,0.28496352708546746,0.47368421052631576,1.2197623706800682,76,0.15921246175131998,0.4473684210526316,1.2484475249466802
2012,323220309,12,Louisiana,Western Kentucky,1,64,0.280733525141729,0.578125,0.9568859866835498,69,0.17049271916499445,0.5217391304347826,0.9475640379798609
2012,323220309,12,Western Kentucky,Louisiana,1,69,0.17049271916499445,0.5217391304347826,0.9475640379798609,64,0.280733525141729,0.578125,0.9568859866835498
2012,323220333,12,Alabama,Western Carolina,1,23,0.6329283166708713,0.7391304347826086,1.0856879195057783,22,-0.2854277343835753,0.22727272727272727,0.402127567282964
2012,323220333,12,Western Carolina,Alabama,1,22,-0.2854277343835753,0.22727272727272727,0.402127567282964,23,0.6329283166708713,0.7391304347826086,1.0856879195057783
2012,323220344,12,Arkansas,Mississippi State,1,48,0.08940809148577074,0.4375,0.7529491233395548,52,0.10977675086513777,0.4423076923076923,0.8875475572461913
2012,323220344,12,Mississippi State,Arkansas,1,52,0.10977675086513777,0.4423076923076923,0.8875475572461913,48,0.08940809148577074,0.4375,0.7529491233395548
2012,323220349,12,Army,Temple,1,49,0.38505304016414615,0.5510204081632653,0.9365048358931066,42,0.4409914230020318,0.5952380952380952,1.0447540317638104
2012,323220349,12,Temple,Army,1,42,0.4409914230020318,0.5952380952380952,1.0447540317638104,49,0.38505304016414615,0.5510204081632653,0.9365048358931066
2012,323220356,12,Illinois,Purdue,1,75,0.06950622494635521,0.5066666666666667,0.7979925199695136,66,0.04174799936632523,0.4696969696969697,0.7113810395629228
2012,323220356,12,Purdue,Illinois,1,66,0.04174799936632523,0.4696969696969697,0.7113810395629228,75,0.06950622494635521,0.5066666666666667,0.7979925199695136
2012,323222117,12,Central Michigan,Miami (OH),1,54,0.17988327889790573,0.48148148148148145,1.0107509264114398,80,0.018598395615289795,0.425,1.0128569496594488
2012,323222117,12,Miami (OH),Central Michigan,1,80,0.018598395615289795,0.425,1.0128569496594488,54,0.17988327889790573,0.48148148148148145,1.0107509264114398
2012,323222132,12,Cincinnati,Rutgers,1,60,0.004588724836716644,0.45,0.8810470154134269,67,0.008818086135541721,0.47761194029850745,0.690031298539989
2012,323222132,12,Rutgers,Cincinnati,1,67,0.008818086135541721,0.47761194029850745,0.690031298539989,60,0.004588724836716644,0.45,0.8810470154134269
2012,323222305,12,Iowa State,Kansas,1,65,0.27011778696844546,0.5692307692307692,0.880957924333755,56,0.02723214220066218,0.35714285714285715,1.040965369690533
2012,323222305,12,Kansas,Iowa State,1,56,0.02723214220066218,0.35714285714285715,1.040965369690533,65,0.27011778696844546,0.5692307692307692,0.880957924333755
2012,323222348,12,Louisiana Tech,Utah State,1,106,0.09839125160135774,0.5471698113207547,0.8158508058131104,72,0.21694080595765428,0.4861111111111111,1.0807305804873486
2012,323222348,12,Utah State,Louisiana Tech,1,72,0.21694080595765428,0.4861111111111111,1.0807305804873486,106,0.09839125160135774,0.5471698113207547,0.8158508058131104
2012,323222390,12,Miami,South Florida,1,53,0.14663107672066128,0.41509433962264153,1.1011633997287755,51,-0.001745077975282594,0.43137254901960786,0.739158742856018
2012,323222390,12,South Florida,Miami,1,51,-0.001745077975282594,0.43137254901960786,0.739158742856018,53,0.14663107672066128,0.41509433962264153,1.1011633997287755
2012,323222426,12,Navy,Texas State,1,67,0.13969823624835512,0.4925373134328358,0.9156834780158801,74,-0.0501057761287277,0.36486486486486486,1.035765914696187
2012,323222426,12,Texas State,Navy,1,74,-0.0501057761287277,0.36486486486486486,1.035765914696187,67,0.13969823624835512,0.4925373134328358,0.9156834780158801
2012,323222433,12,North Texas,UL Monroe,1,62,0.0006373567356164848,0.5,1.0139599744329089,65,0.17960429325939223,0.47692307692307695,0.9757378571564176
2012,323222433,12,UL Monroe,North Texas,1,65,0.17960429325939223,0.47692307692307695,0.9757378571564176,62,0.0006373567356164848,0.5,1.0139599744329089
2012,323222439,12,UNLV,Wyoming,1,75,0.15376596808080134,0.4,1.2975417742947921,61,0.308554727694713,0.4098360655737705,1.5433175116981401
2012,323222439,12,Wyoming,UNLV,1,61,0.308554727694713,0.4098360655737705,1.5433175116981401,75,0.15376596808080134,0.4,1.2975417742947921
2012,323222483,12,Oregon,Stanford,1,76,-0.04473006236962017,0.3684210526315789,0.920703080151587,81,0.05324159983579774,0.43209876543209874,0.7014237991571645
2012,323222483,12,Stanford,Oregon,1,81,0.05324159983579774,0.43209876543209874,0.7014237991571645,76,-0.04473006236962017,0.3684210526315789,0.920703080151587
2012,323222572,12,Southern Miss,UTEP,1,58,0.24607719594930158,0.4482758620689655,1.0529692775730743,59,0.06193486326452314,0.3559322033898305,1.1779194676582039
2012,323222572,12,UTEP,Southern Miss,1,59,0.06193486326452314,0.3559322033898305,1.1779194676582039,58,0.24607719594930158,0.4482758620689655,1.0529692775730743
2012,323222579,12,South Carolina,Wofford,1,61,0.06861252667347359,0.4098360655737705,0.9257823056626389,62,0.0031919707275495355,0.4032258064516129,0.8345727529260856
2012,323222579,12,Wofford,South Carolina,1,62,0.0031919707275495355,0.4032258064516129,0.8345727529260856,61,0.06861252667347359,0.4098360655737705,0.9257823056626389
2012,323222653,12,Arkansas State,Troy,1,77,0.23896641619715675,0.4675324675324675,0.979447052045747,73,0.2438974272715742,0.547945205479452,0.8517375597720608
2012,323222653,12,Troy,Arkansas State,1,73,0.2438974272715742,0.547945205479452,0.8517375597720608,77,0.23896641619715675,0.4675324675324675,0.979447052045747
2012,323222655,12,East Carolina,Tulane,1,68,0.010638262970263537,0.45588235294117646,0.8914583401140638,81,-0.027421157622752566,0.345679012345679,0.957427642393698
2012,323222655,12,Tulane,East Carolina,1,81,-0.027421157622752566,0.345679012345679,0.957427642393698,68,0.010638262970263537,0.45588235294117646,0.8914583401140638
2012,323222711,12,Eastern Michigan,Western Michigan,1,71,0.07444348265573991,0.4507042253521127,0.8613065486877483,71,0.15607526183956452,0.5070422535211268,0.9165215187540794
2012,323222711,12,Western Michigan,Eastern Michigan,1,71,0.15607526183956452,0.5070422535211268,0.9165215187540794,71,0.07444348265573991,0.4507042253521127,0.8613065486877483
2012,323252649,13,Akron,Toledo,1,73,0.07561994729579122,0.3561643835616438,1.0057518099588236,63,0.005297452063608187,0.42857142857142855,0.7213408308468264
2012,323252649,13,Toledo,Akron,1,63,0.005297452063608187,0.42857142857142855,0.7213408308468264,73,0.07561994729579122,0.3561643835616438,1.0057518099588236
2012,323270251,13,TCU,Texas,1,58,0.06325469607276245,0.39655172413793105,0.9523392888355681,72,-0.09629333659787394,0.4305555555555556,0.6544329347128706
2012,323270251,13,Texas,TCU,1,72,-0.09629333659787394,0.4305555555555556,0.6544329347128706,58,0.06325469607276245,0.39655172413793105,0.9523392888355681
2012,323280008,13,Arkansas,LSU,1,78,0.13483264097614137,0.44871794871794873,0.9040599124871731,67,0.024259457199003447,0.34328358208955223,1.0149405157995832
2012,323280008,13,LSU,Arkansas,1,67,0.024259457199003447,0.34328358208955223,1.0149405157995832,78,0.13483264097614137,0.44871794871794873,0.9040599124871731
2012,323280012,13,Arizona,Arizona State,1,95,0.03463926279081638,0.43157894736842106,0.8738664552222993,81,0.10038665047142974,0.4567901234567901,0.8848517890245389
2012,323280012,13,Arizona State,Arizona,1,81,0.10038665047142974,0.4567901234567901,0.8848517890245389,95,0.03463926279081638,0.43157894736842106,0.8738664552222993
2012,323280038,13,Colorado,Utah,1,84,0.04458679413198181,0.4166666666666667,0.8277729266305802,59,-0.01916971958858433,0.4576271186440678,0.6986900395293221
2012,323280038,13,Utah,Colorado,1,59,-0.01916971958858433,0.4576271186440678,0.6986900395293221,84,0.04458679413198181,0.4166666666666667,0.8277729266305802
2012,323280066,13,Iowa State,West Virginia,1,75,0.07152374596346682,0.3466666666666667,1.2952960811552174,72,0.17650351592674887,0.5,0.9237408212951875
2012,323280066,13,West Virginia,Iowa State,1,72,0.17650351592674887,0.5,0.9237408212951875,75,0.07152374596346682,0.3466666666666667,1.2952960811552174
2012,323280113,13,Central Michigan,Massachusetts,1,55,0.018225890008177103,0.5454545454545454,0.49479891963167677,69,-0.024620699711331292,0.37681159420289856,0.9389399422445315
2012,323280113,13,Massachusetts,Central Michigan,1,69,-0.024620699711331292,0.37681159420289856,0.9389399422445315,55,0.018225890008177103,0.5454545454545454,0.49479891963167677
2012,323280151,13,East Carolina,Marshall,1,78,0.11898066998023478,0.5128205128205128,0.8069228278270713,91,0.2027771521205403,0.5604395604395604,0.7750402504990193
2012,323280151,13,Marshall,East Carolina,1,91,0.2027771521205403,0.5604395604395604,0.7750402504990193,78,0.11898066998023478,0.5128205128205128,0.8069228278270713
2012,323280189,13,Bowling Green,Buffalo,1,69,-0.0984945077645425,0.30434782608695654,0.9901962432263216,59,-0.2625907520417721,0.23728813559322035,1.1771869144228422
2012,323280189,13,Buffalo,Bowling Green,1,59,-0.2625907520417721,0.23728813559322035,1.1771869144228422,69,-0.0984945077645425,0.30434782608695654,0.9901962432263216
2012,323280193,13,Ball State,Miami (OH),1,77,0.015496190223970278,0.4155844155844156,0.8545831256012261,63,0.008148036993311559,0.3968253968253968,0.7620797839881547
2012,323280193,13,Miami (OH),Ball State,1,63,0.008148036993311559,0.3968253968253968,0.7620797839881547,77,0.015496190223970278,0.4155844155844156,0.8545831256012261
2012,323280218,13,Syracuse,Temple,1,74,0.2653895842360135,0.4594594594594595,0.9823600190209709,60,0.02751255080168041,0.4666666666666667,0.7618147896053793
2012,323280218,13,Temple,Syracuse,1,60,0.02751255080168041,0.4666666666666667,0.7618147896053793,74,0.2653895842360135,0.4594594594594595,0.9823600190209709
2012,323280265,13,Washington,Washington State,1,63,-0.06343797827520176,0.3333333333333333,0.7977255310473248,77,-0.009386664965262474,0.44155844155844154,0.6574156528086676
2012,323280265,13,Washington State,Washington,1,77,-0.009386664965262474,0.44155844155844154,0.6574156528086676,63,-0.06343797827520176,0.3333333333333333,0.7977255310473248
2012,323282132,13,Cincinnati,South Florida,1,63,0.07677564652200207,0.4126984126984127,1.0223009241875316,66,0.021478877932550284,0.3787878787878788,0.9794949317846181
2012,323282132,13,South Florida,Cincinnati,1,66,0.021478877932550284,0.3787878787878788,0.9794949317846181,63,0.07677564652200207,0.4126984126984127,1.0223009241875316
2012,323282199,13,Eastern Michigan,Northern Illinois,1,47,0.05572135613260902,0.3829787234042553,0.9192768894051664,45,0.12103413075080222,0.6,0.5959491864754787
2012,323282199,13,Northern Illinois,Eastern Michigan,1,45,0.12103413075080222,0.6,0.5959491864754787,47,0.05572135613260902,0.3829787234042553,0.9192768894051664
2012,323282294,13,Iowa,Nebraska,1,62,-0.1656908056123023,0.3548387096774194,0.6063926296699845,68,0.008017137097363144,0.5,0.5915689500415345
2012,323282294,13,Nebraska,Iowa,1,68,0.008017137097363144,0.5,0.5915689500415345,62,-0.1656908056123023,0.3548387096774194,0.6063926296699845
2012,323282309,13,Kent State,Ohio,1,56,0.01405953185586617,0.3392857142857143,1.2299186237983466,89,0.0017248273850285851,0.39325842696629215,0.8673772113611793
2012,323282309,13,Ohio,Kent State,1,89,0.0017248273850285851,0.39325842696629215,0.8673772113611793,56,0.01405953185586617,0.3392857142857143,1.2299186237983466
2012,323290023,13,Louisiana Tech,San José State,1,77,0.060629227449602134,0.42857142857142855,1.0493990271054645,73,0.3248054576805305,0.4931506849315068,1.0587294131688205
2012,323290023,13,San José State,Louisiana Tech,1,73,0.3248054576805305,0.4931506849315068,1.0587294131688205,77,0.060629227449602134,0.42857142857142855,1.0493990271054645
2012,323290026,13,Stanford,UCLA,1,67,0.04090784635552734,0.2835820895522388,1.2580260909123009,70,0.03482105766490402,0.2857142857142857,1.3646086052714008
2012,323290026,13,UCLA,Stanford,1,70,0.03482105766490402,0.2857142857142857,1.3646086052714008,67,0.04090784635552734,0.2835820895522388,1.2580260909123009
2012,323290030,13,Notre Dame,USC,1,73,0.1602186987416882,0.5205479452054794,0.676716903099672,52,-0.003393438326764141,0.4807692307692308,0.7769240979998582
2012,323290030,13,USC,Notre Dame,1,52,-0.003393438326764141,0.4807692307692308,0.7769240979998582,73,0.1602186987416882,0.5205479452054794,0.676716903099672
2012,323290036,13,Colorado State,New Mexico,1,60,0.16646869616412888,0.5,0.9638464448164094,57,0.053140100113484745,0.38596491228070173,0.8854687973802947
2012,323290036,13,New Mexico,Colorado State,1,57,0.053140100113484745,0.38596491228070173,0.8854687973802947,60,0.16646869616412888,0.5,0.9638464448164094
2012,323290052,13,Florida,Florida State,1,71,0.0764817473717138,0.4507042253521127,0.837643117600031,60,0.034550982782386,0.38333333333333336,1.2086212340273783
2012,323290052,13,Florida State,Florida,1,60,0.034550982782386,0.38333333333333336,1.2086212340273783,71,0.0764817473717138,0.4507042253521127,0.837643117600031
2012,323290061,13,Georgia,Georgia Tech,1,26,0.4599040101616837,0.6923076923076923,0.9115938203664867,53,0.11632732544306008,0.5471698113207547,0.6136645643859672
2012,323290061,13,Georgia Tech,Georgia,1,53,0.11632732544306008,0.5471698113207547,0.6136645643859672,26,0.4599040101616837,0.6923076923076923,0.9115938203664867
2012,323290062,13,Hawai'i,UNLV,1,44,-0.023878437607230397,0.3181818181818182,0.8188110596493461,22,-0.3405239789994843,0.18181818181818182,0.8084959638126534
2012,323290062,13,UNLV,Hawai'i,1,22,-0.3405239789994843,0.18181818181818182,0.8084959638126534,44,-0.023878437607230397,0.3181818181818182,0.8188110596493461
2012,323290077,13,Illinois,Northwestern,1,37,0.11751747624553774,0.5135135135135135,0.713074394511912,51,0.23231911935217123,0.6078431372549019,0.8490225347891579
2012,323290077,13,Northwestern,Illinois,1,51,0.23231911935217123,0.6078431372549019,0.8490225347891579,37,0.11751747624553774,0.5135135135135135,0.713074394511912
2012,323290097,13,Louisville,UConn,1,93,-0.04374521627232002,0.3548387096774194,0.9594374047890754,68,-0.12122202518707027,0.3382352941176471,0.6566982890969282
2012,323290097,13,UConn,Louisville,1,68,-0.12122202518707027,0.3382352941176471,0.6566982890969282,93,-0.04374521627232002,0.3548387096774194,0.9594374047890754
2012,323290098,13,North Texas,Western Kentucky,1,63,-0.09981743526898017,0.3492063492063492,0.6864889605974788,58,0.06576066843991286,0.3793103448275862,1.1198903892730245
2012,323290098,13,Western Kentucky,North Texas,1,58,0.06576066843991286,0.3793103448275862,1.1198903892730245,63,-0.09981743526898017,0.3492063492063492,0.6864889605974788
2012,323290135,13,Michigan State,Minnesota,1,72,0.084121092162678,0.4861111111111111,0.8114197520695945,50,-0.18759230149430292,0.22,1.0887870925150047
2012,323290135,13,Minnesota,Michigan State,1,50,-0.18759230149430292,0.22,1.0887870925150047,72,0.084121092162678,0.4861111111111111,0.8114197520695945
2012,323290145,13,Mississippi State,Ole Miss,1,52,-0.22613451819883615,0.3269230769230769,0.7293735914026495,66,0.05638838033243912,0.45454545454545453,0.9131490888797368
2012,323290145,13,Ole Miss,Mississippi State,1,66,0.05638838033243912,0.45454545454545453,0.9131490888797368,52,-0.22613451819883615,0.3269230769230769,0.7293735914026495
2012,323290150,13,Duke,Miami,1,90,0.09460523483811334,0.3333333333333333,1.1794408973156447,61,0.07869854988759897,0.4426229508196721,0.855050565162676
2012,323290150,13,Miami,Duke,1,61,0.07869854988759897,0.4426229508196721,0.855050565162676,90,0.09460523483811334,0.3333333333333333,1.1794408973156447
2012,323290152,13,Boston College,NC State,1,74,-0.10599753589794782,0.35135135135135137,0.9851922585499588,77,-0.06238538551276021,0.2597402597402597,1.2181456969936548
2012,323290152,13,NC State,Boston College,1,77,-0.06238538551276021,0.2597402597402597,1.2181456969936548,74,-0.10599753589794782,0.35135135135135137,0.9851922585499588
2012,323290153,13,Maryland,North Carolina,1,71,0.09258367106601036,0.39436619718309857,1.1336353824278012,79,0.13201224366384923,0.4936708860759494,0.8513227961915897
2012,323290153,13,North Carolina,Maryland,1,79,0.13201224366384923,0.4936708860759494,0.8513227961915897,71,0.09258367106601036,0.39436619718309857,1.1336353824278012
2012,323290154,13,Vanderbilt,Wake Forest,1,46,0.19882300993524282,0.45652173913043476,1.0711458049318108,56,0.008114541197696692,0.4107142857142857,0.860456799354058
2012,323290154,13,Wake Forest,Vanderbilt,1,56,0.008114541197696692,0.4107142857142857,0.860456799354058,46,0.19882300993524282,0.45652173913043476,1.0711458049318108
2012,323290166,13,BYU,New Mexico State,1,70,0.13988285218219373,0.45714285714285713,0.9233242234779442,43,-0.053583526517857284,0.3488372093023256,0.6894101015992162
2012,323290166,13,New Mexico State,BYU,1,43,-0.053583526517857284,0.3488372093023256,0.6894101015992162,70,0.13988285218219373,0.45714285714285713,0.9233242234779442
2012,323290194,13,Michigan,Ohio State,1,44,-0.027546562121336042,0.36363636363636365,0.8887295744786206,72,0.10954515069992098,0.4722222222222222,0.8469244345361444
2012,323290194,13,Ohio State,Michigan,1,72,0.10954515069992098,0.4722222222222222,0.8469244345361444,44,-0.027546562121336042,0.36363636363636365,0.8887295744786206
2012,323290201,13,Oklahoma,Oklahoma State,1,101,0.11783672134967386,0.504950495049505,0.7060103786163789,73,0.12700513380396225,0.3835616438356164,1.1891228235884295
2012,323290201,13,Oklahoma State,Oklahoma,1,73,0.12700513380396225,0.3835616438356164,1.1891228235884295,101,0.11783672134967386,0.504950495049505,0.7060103786163789
2012,323290204,13,Oregon,Oregon State,1,68,0.2122581101438326,0.45588235294117646,0.970296030281069,51,0.014462345703117784,0.47058823529411764,0.91930713616201
2012,323290204,13,Oregon State,Oregon,1,51,0.014462345703117784,0.47058823529411764,0.91930713616201,68,0.2122581101438326,0.45588235294117646,0.970296030281069
2012,323290213,13,Penn State,Wisconsin,1,83,0.019871885443587343,0.3855421686746988,0.7463467124685941,65,-0.049045635321313036,0.35384615384615387,0.914166148915145
2012,323290213,13,Wisconsin,Penn State,1,65,-0.049045635321313036,0.35384615384615387,0.914166148915145,83,0.019871885443587343,0.3855421686746988,0.7463467124685941
2012,323290221,13,Pittsburgh,Rutgers,1,75,0.027931758672292778,0.4266666666666667,0.9127018391465214,59,-0.1553779519806951,0.2711864406779661,1.0376151301406522
2012,323290221,13,Rutgers,Pittsburgh,1,59,-0.1553779519806951,0.2711864406779661,1.0376151301406522,75,0.027931758672292778,0.4266666666666667,0.9127018391465214
2012,323290228,13,Clemson,South Carolina,1,58,0.040050811075886365,0.4482758620689655,0.9150635798431697,85,0.07253369719872535,0.38823529411764707,1.2430069489003315
2012,323290228,13,South Carolina,Clemson,1,85,0.07253369719872535,0.38823529411764707,1.2430069489003315,58,0.040050811075886365,0.4482758620689655,0.9150635798431697
2012,323290235,13,Memphis,Southern Miss,1,49,0.25926644285203565,0.6122448979591837,0.8697318213048043,39,-0.11102795041775738,0.3076923076923077,0.9566353739432237
2012,323290235,13,Southern Miss,Memphis,1,39,-0.11102795041775738,0.3076923076923077,0.9566353739432237,49,0.25926644285203565,0.6122448979591837,0.8697318213048043
2012,323290245,13,Missouri,Texas A&M,1,25,0.015695230774151303,0.24,1.7959573758749259,50,0.3704768147334386,0.52,1.185955309959515
2012,323290245,13,Texas A&M,Missouri,1,50,0.3704768147334386,0.52,1.185955309959515,25,0.015695230774151303,0.24,1.7959573758749259
2012,323290248,13,Houston,Tulane,1,84,-0.022146603234084895,0.40476190476190477,0.973307784324919,74,-0.006019802424089272,0.2972972972972973,1.2902171685606278
2012,323290248,13,Tulane,Houston,1,74,-0.006019802424089272,0.2972972972972973,1.2902171685606278,84,-0.022146603234084895,0.40476190476190477,0.973307784324919
2012,323290259,13,Virginia,Virginia Tech,1,55,-0.1927658822967344,0.23636363636363636,1.0783957918121885,94,-0.08017916320066207,0.4148936170212766,0.6976013032791822
2012,323290259,13,Virginia Tech,Virginia,1,94,-0.08017916320066207,0.4148936170212766,0.6976013032791822,55,-0.1927658822967344,0.23636363636363636,1.0783957918121885
2012,323290278,13,Air Force,Fresno State,1,42,-0.01028177706163662,0.2857142857142857,0.8990804531530663,56,0.09890155073750745,0.5178571428571429,0.893084863711658
2012,323290278,13,Fresno State,Air Force,1,56,0.09890155073750745,0.5178571428571429,0.893084863711658,42,-0.01028177706163662,0.2857142857142857,0.8990804531530663
2012,323290309,13,Louisiana,South Alabama,1,60,0.18236052330289165,0.4,1.074605664589765,72,0.09110283437422424,0.4027777777777778,1.07623328806233
2012,323290309,13,South Alabama,Louisiana,1,72,0.09110283437422424,0.4027777777777778,1.07623328806233,60,0.18236052330289165,0.4,1.074605664589765
2012,323290328,13,Idaho,Utah State,1,70,-0.06042429029877117,0.37142857142857144,0.5469617003466785,44,-0.09865621635908271,0.3181818181818182,0.9664769221454897
2012,323290328,13,Utah State,Idaho,1,44,-0.09865621635908271,0.3181818181818182,0.9664769221454897,70,-0.06042429029877117,0.37142857142857144,0.5469617003466785
2012,323290333,13,Alabama,Auburn,1,35,0.3482718855123513,0.5714285714285714,0.8740844137924185,26,-0.030735800437041695,0.2692307692307692,1.4665351998541125
2012,323290333,13,Auburn,Alabama,1,26,-0.030735800437041695,0.2692307692307692,1.4665351998541125,35,0.3482718855123513,0.5714285714285714,0.8740844137924185
2012,323292116,13,UAB,UCF,1,55,-0.031513340127515665,0.41818181818181815,0.9199099087974746,53,0.26171550695104606,0.5471698113207547,0.9343367094657656
2012,323292116,13,UCF,UAB,1,53,0.26171550695104606,0.5471698113207547,0.9343367094657656,55,-0.031513340127515665,0.41818181818181815,0.9199099087974746
2012,323292229,13,Florida International,UL Monroe,1,74,0.007326652112647366,0.3918918918918919,0.9069908004859173,70,-0.005494256944030134,0.34285714285714286,0.938153346766757
2012,323292229,13,UL Monroe,Florida International,1,70,-0.005494256944030134,0.34285714285714286,0.938153346766757,74,0.007326652112647366,0.3918918918918919,0.9069908004859173
2012,323292393,13,Middle Tennessee,Troy,1,66,-0.17401295160171978,0.2878787878787879,0.695558111222584,84,0.08539180969292579,0.4166666666666667,0.9807604509224124
2012,323292393,13,Troy,Middle Tennessee,1,84,0.08539180969292579,0.4166666666666667,0.9807604509224124,66,-0.17401295160171978,0.2878787878787879,0.695558111222584
2012,323292509,13,Indiana,Purdue,1,83,0.08301395471502916,0.42168674698795183,1.0372902971982871,62,0.08251245194612224,0.45161290322580644,0.8596049173308314
2012,323292509,13,Purdue,Indiana,1,62,0.08251245194612224,0.45161290322580644,0.8596049173308314,83,0.08301395471502916,0.42168674698795183,1.0372902971982871
2012,323292567,13,SMU,Tulsa,1,52,-0.019705330911901603,0.2692307692307692,1.109601940657787,85,0.07262854366886475,0.38823529411764707,1.3302522116087763
2012,323292567,13,Tulsa,SMU,1,85,0.07262854366886475,0.38823529411764707,1.3302522116087763,52,-0.019705330911901603,0.2692307692307692,1.109601940657787
2012,323292633,13,Kentucky,Tennessee,1,82,-0.009725792508274132,0.3902439024390244,0.9634975502364536,62,0.12330976203598958,0.43548387096774194,1.245484867060234
2012,323292633,13,Tennessee,Kentucky,1,62,0.12330976203598958,0.43548387096774194,1.245484867060234,82,-0.009725792508274132,0.3902439024390244,0.9634975502364536
2012,323292636,13,Texas State,UTSA,1,72,0.017522794531613758,0.4305555555555556,0.8253408550719818,68,0.17673889544776164,0.5735294117647058,0.7461457406863459
2012,323292636,13,UTSA,Texas State,1,68,0.17673889544776164,0.5735294117647058,0.7461457406863459,72,0.017522794531613758,0.4305555555555556,0.8253408550719818
2012,323292638,13,Rice,UTEP,1,63,0.18888058132811433,0.49206349206349204,0.8025370698936386,40,0.27993707429790177,0.35,1.8070607988810936
2012,323292638,13,UTEP,Rice,1,40,0.27993707429790177,0.35,1.8070607988810936,63,0.18888058132811433,0.49206349206349204,0.8025370698936386
2012,323292641,13,Baylor,Texas Tech,1,90,0.1791160684030129,0.45555555555555555,1.1144157039531892,69,0.15504474993704503,0.5942028985507246,0.7300858475337199
2012,323292641,13,Texas Tech,Baylor,1,69,0.15504474993704503,0.5942028985507246,0.7300858475337199,90,0.1791160684030129,0.45555555555555555,1.1144157039531892
2012,323292751,13,San Diego State,Wyoming,1,68,0.3450009293705912,0.5882352941176471,0.9306654461794422,70,-0.16458128073011846,0.34285714285714286,0.9260245702882377
2012,323292751,13,Wyoming,San Diego State,1,70,-0.16458128073011846,0.34285714285714286,0.9260245702882377,68,0.3450009293705912,0.5882352941176471,0.9306654461794422
2012,323340164,14,Louisville,Rutgers,1,80,0.021478987877681772,0.4,0.9227964582153843,44,-0.11020183659232881,0.25,1.0524034978525798
2012,323340164,14,Rutgers,Louisville,1,44,-0.11020183659232881,0.25,1.0524034978525798,80,0.021478987877681772,0.4,0.9227964582153843
2012,323350024,14,Stanford,UCLA,1,65,0.04581119542960181,0.36923076923076925,0.9771832241956938,69,0.1624755909450112,0.4492753623188406,0.984822032848959
2012,323350024,14,UCLA,Stanford,1,69,0.1624755909450112,0.4492753623188406,0.984822032848959,65,0.04581119542960181,0.36923076923076925,0.9771832241956938
2012,323352309,14,Kent State,Northern Illinois,1,79,-0.19002260934233212,0.3037974683544304,0.7688709209579754,88,0.12979772037360285,0.45454545454545453,0.9264437196875037
2012,323352309,14,Northern Illinois,Kent State,1,88,0.12979772037360285,0.45454545454545453,0.9264437196875037,79,-0.19002260934233212,0.3037974683544304,0.7688709209579754
2012,323360041,14,Cincinnati,UConn,1,60,-0.0032455213364701524,0.4,1.009793780317614,75,-0.039456377219266155,0.32,1.0714254478244953
2012,323360041,14,UConn,Cincinnati,1,75,-0.039456377219266155,0.32,1.0714254478244953,60,-0.0032455213364701524,0.4,1.009793780317614
2012,323360058,14,Pittsburgh,South Florida,1,56,0.10906300843840486,0.44642857142857145,0.7217747952450124,39,-0.28935630554993785,0.1794871794871795,0.15238002173487683
2012,323360058,14,South Florida,Pittsburgh,1,39,-0.28935630554993785,0.1794871794871795,0.15238002173487683,56,0.10906300843840486,0.44642857142857145,0.7217747952450124
2012,323360059,14,Florida State,Georgia Tech,1,55,0.16698729729665535,0.4727272727272727,0.9867591992356086,70,0.0697653246501162,0.4714285714285714,0.7569986201137929
2012,323360059,14,Georgia Tech,Florida State,1,70,0.0697653246501162,0.4714285714285714,0.7569986201137929,55,0.16698729729665535,0.4727272727272727,0.9867591992356086
2012,323360061,14,Alabama,Georgia,1,69,0.09323119632218742,0.4492753623188406,0.9628399296536923,60,0.15877947024308417,0.4166666666666667,1.0786658350263945
2012,323360061,14,Georgia,Alabama,1,60,0.15877947024308417,0.4166666666666667,1.0786658350263945,69,0.09323119632218742,0.4492753623188406,0.9628399296536923
2012,323360062,14,Hawai'i,South Alabama,1,65,0.12202512177932776,0.4,1.1640510131481678,53,-0.2015477132082172,0.3018867924528302,0.7751489208639069
2012,323360062,14,South Alabama,Hawai'i,1,53,-0.2015477132082172,0.3018867924528302,0.7751489208639069,65,0.12202512177932776,0.4,1.1640510131481678
2012,323360202,14,Tulsa,UCF,1,90,0.049036595168471336,0.4111111111111111,1.0204572164487449,65,0.057646146272765514,0.3230769230769231,1.2974419277044373
2012,323360202,14,UCF,Tulsa,1,65,0.057646146272765514,0.3230769230769231,1.2974419277044373,90,0.049036595168471336,0.4111111111111111,1.0204572164487449
2012,323360204,14,Nicholls,Oregon State,1,21,-0.07072522192449283,0.38095238095238093,0.8143433738820687,40,0.46624672876648715,0.75,0.7814248286993537
2012,323360204,14,Oregon State,Nicholls,1,40,0.46624672876648715,0.75,0.7814248286993537,21,-0.07072522192449283,0.38095238095238093,0.8143433738820687
2012,323360239,14,Baylor,Oklahoma State,1,92,0.0882575539736965,0.5217391304347826,0.7408125998994264,88,0.16069043547379092,0.5,0.8030107296768707
2012,323360239,14,Oklahoma State,Baylor,1,88,0.16069043547379092,0.5,0.8030107296768707,92,0.0882575539736965,0.5217391304347826,0.7408125998994264
2012,323360275,14,Nebraska,Wisconsin,1,30,0.09155593916996277,0.4666666666666667,0.7718418689905198,32,0.5567539318498393,0.65625,1.1483098774648024
2012,323360275,14,Wisconsin,Nebraska,1,32,0.5567539318498393,0.65625,1.1483098774648024,30,0.09155593916996277,0.4666666666666667,0.7718418689905198
2012,323360277,14,Kansas,West Virginia,1,32,-0.014006950997570038,0.34375,1.029749946747887,45,0.3714281912507448,0.5555555555555556,1.157243442555684
2012,323360277,14,West Virginia,Kansas,1,45,0.3714281912507448,0.5555555555555556,1.157243442555684,32,-0.014006950997570038,0.34375,1.029749946747887
2012,323360326,14,New Mexico State,Texas State,1,54,0.10862079172735462,0.42592592592592593,1.235331820503887,35,0.3393281294637996,0.5142857142857142,1.1502167072692917
2012,323360326,14,Texas State,New Mexico State,1,35,0.3393281294637996,0.5142857142857142,1.1502167072692917,54,0.10862079172735462,0.42592592592592593,1.235331820503887
2012,323362032,14,Arkansas State,Middle Tennessee,1,29,0.4060189615263438,0.5172413793103449,1.0943793585348585,33,-0.05313112680823701,0.3939393939393939,0.9084145182887443
2012,323362032,14,Middle Tennessee,Arkansas State,1,33,-0.05313112680823701,0.3939393939393939,0.9084145182887443,29,0.4060189615263438,0.5172413793103449,1.0943793585348585
2012,323362226,14,Florida Atlantic,Louisiana,1,66,0.10532091631710842,0.5,1.0151669093213445,65,0.09498511928571177,0.4153846153846154,0.9000418790712551
2012,323362226,14,Louisiana,Florida Atlantic,1,65,0.09498511928571177,0.4153846153846154,0.9000418790712551,66,0.10532091631710842,0.5,1.0151669093213445
2012,323362306,14,Kansas State,Texas,1,53,0.03395506458152625,0.33962264150943394,1.0558373965323093,59,0.2149539751607443,0.423728813559322,1.1321315072766986
2012,323362306,14,Texas,Kansas State,1,59,0.2149539751607443,0.423728813559322,1.1321315072766986,53,0.03395506458152625,0.33962264150943394,1.0558373965323093
2012,323362440,14,Boise State,Nevada,1,68,0.1340057126547934,0.5294117647058824,0.7088098995198948,63,0.22769526665262066,0.49206349206349204,1.0437557044025922
2012,323362440,14,Nevada,Boise State,1,63,0.22769526665262066,0.49206349206349204,1.0437557044025922,68,0.1340057126547934,0.5294117647058824,0.7088098995198948
2012,323362628,14,Oklahoma,TCU,1,70,-0.009025749610604513,0.4714285714285714,0.5373548768980091,61,-0.010285528851701798,0.32786885245901637,0.963161923151667
2012,323362628,14,TCU,Oklahoma,1,61,-0.010285528851701798,0.32786885245901637,0.963161923151667,70,-0.009025749610604513,0.4714285714285714,0.5373548768980091
2012,323430349,15,Army,Navy,1,73,0.11803263227769097,0.4931506849315068,0.6198375851198954,63,0.02376874301408801,0.4603174603174603,0.7170221200109816
2012,323430349,15,Navy,Army,1,63,0.02376874301408801,0.4603174603174603,0.7170221200109816,73,0.11803263227769097,0.4931506849315068,0.6198375851198954
2012,323500012,1,Arizona,Nevada,1,75,0.1822055536839362,0.4533333333333333,1.159706748331693,101,0.18689108592589676,0.5544554455445545,0.7280812626130729
2012,323500012,1,Nevada,Arizona,1,101,0.18689108592589676,0.5544554455445545,0.7280812626130729,75,0.1822055536839362,0.4533333333333333,1.159706748331693
2012,323500328,1,Toledo,Utah State,1,76,-0.09733292259297578,0.39473684210526316,0.49788670200084095,59,0.18923996146659208,0.4067796610169492,1.4082281258135192
2012,323500328,1,Utah State,Toledo,1,59,0.18923996146659208,0.4067796610169492,1.4082281258135192,76,-0.09733292259297578,0.39473684210526316,0.49788670200084095
2012,323550021,1,BYU,San Diego State,1,74,-0.11528713395746298,0.33783783783783783,1.18294324430087,70,-0.06150744091635763,0.32857142857142857,0.8107234984691944
2012,323550021,1,San Diego State,BYU,1,70,-0.06150744091635763,0.32857142857142857,0.8107234984691944,74,-0.11528713395746298,0.33783783783783783,1.18294324430087
2012,323562116,1,Ball State,UCF,1,48,0.053744214682126,0.3958333333333333,1.1029326874787075,61,0.20598821066806303,0.5573770491803278,0.8374630111538234
2012,323562116,1,UCF,Ball State,1,61,0.20598821066806303,0.5573770491803278,0.8374630111538234,48,0.053744214682126,0.3958333333333333,1.1029326874787075
2012,323570068,1,Boise State,Washington,1,75,0.061621184315040795,0.37333333333333335,0.9177261377351758,77,0.04529928161531062,0.4025974025974026,0.9306869164374766
2012,323570068,1,Washington,Boise State,1,77,0.04529928161531062,0.4025974025974026,0.9306869164374766,75,0.061621184315040795,0.37333333333333335,0.9177261377351758
2012,323570309,1,East Carolina,Louisiana,1,71,0.09033946921360761,0.43661971830985913,0.8464515122282759,75,0.21058789510089793,0.52,0.8794549279260722
2012,323570309,1,Louisiana,East Carolina,1,75,0.21058789510089793,0.52,0.8794549279260722,71,0.09033946921360761,0.43661971830985913,0.8464515122282759
2012,323592567,1,Fresno State,SMU,1,55,-0.12305690961941186,0.36363636363636365,0.8512674320352778,61,0.06770422217704382,0.3770491803278688,1.3210044543430577
2012,323592567,1,SMU,Fresno State,1,61,0.06770422217704382,0.3770491803278688,1.3210044543430577,55,-0.12305690961941186,0.36363636363636365,0.8512674320352778
2012,323612117,1,Central Michigan,Western Kentucky,1,63,0.014419522286452177,0.3968253968253968,1.157520422520638,53,0.16013806255966773,0.3584905660377358,1.1837154691176215
2012,323612117,1,Western Kentucky,Central Michigan,1,53,0.16013806255966773,0.3584905660377358,1.1837154691176215,63,0.014419522286452177,0.3968253968253968,1.157520422520638
2012,323620026,1,Baylor,UCLA,1,53,0.12587244872068107,0.4528301886792453,0.9371887654152372,63,-0.09320236527655566,0.2857142857142857,1.2244028486304293
2012,323620026,1,UCLA,Baylor,1,63,-0.09320236527655566,0.2857142857142857,1.2244028486304293,53,0.12587244872068107,0.4528301886792453,0.9371887654152372
2012,323620150,1,Cincinnati,Duke,1,50,0.23506909936728806,0.4,1.291028310789874,88,0.21893280177199084,0.5795454545454546,0.7579446300244527
2012,323620150,1,Duke,Cincinnati,1,88,0.21893280177199084,0.5795454545454546,0.7579446300244527,50,0.23506909936728806,0.4,1.291028310789874
2012,323620189,1,Bowling Green,San José State,1,66,-0.12167434416376147,0.3484848484848485,0.8594441434155362,63,0.05436172360762868,0.42857142857142855,1.0000652661127405
2012,323620189,1,San José State,Bowling Green,1,63,0.05436172360762868,0.42857142857142855,1.0000652661127405,66,-0.12167434416376147,0.3484848484848485,0.8594441434155362
2012,323630259,1,Rutgers,Virginia Tech,1,80,-0.27534880647051135,0.175,1.1521471788710533,72,-0.2432226137937502,0.20833333333333334,1.0600317450179912
2012,323630259,1,Virginia Tech,Rutgers,1,72,-0.2432226137937502,0.20833333333333334,1.0600317450179912,80,-0.27534880647051135,0.175,1.1521471788710533
2012,323632433,1,Ohio,UL Monroe,1,44,0.2419657393364011,0.45454545454545453,1.2140592405924022,51,-0.11261938290438141,0.4117647058823529,0.9785043103620317
2012,323632433,1,UL Monroe,Ohio,1,51,-0.11261938290438141,0.4117647058823529,0.9785043103620317,44,0.2419657393364011,0.45454545454545453,1.2140592405924022
2012,323632641,1,Minnesota,Texas Tech,1,68,0.09997035839812693,0.4117647058823529,1.0287827526305484,68,0.17865593988305864,0.6176470588235294,0.6321662066551061
2012,323632641,1,Texas Tech,Minnesota,1,68,0.17865593988305864,0.6176470588235294,0.6321662066551061,68,0.09997035839812693,0.4117647058823529,1.0287827526305484
2012,323640009,1,Arizona State,Navy,1,30,0.48358687485315033,0.7666666666666667,0.7486355970353783,43,0.04653054070009476,0.37209302325581395,1.1345738663323681
2012,323640009,1,Navy,Arizona State,1,43,0.04653054070009476,0.37209302325581395,1.1345738663323681,30,0.48358687485315033,0.7666666666666667,0.7486355970353783
2012,323640127,1,Michigan State,TCU,1,68,-0.08035852120757822,0.29411764705882354,0.8535857968086957,61,-0.02037830168720308,0.3114754098360656,0.9498874652685967
2012,323640127,1,TCU,Michigan State,1,61,-0.02037830168720308,0.3114754098360656,0.9498874652685967,68,-0.08035852120757822,0.29411764705882354,0.8535857968086957
2012,323640183,1,Syracuse,West Virginia,1,74,0.021924104329747573,0.43243243243243246,0.7840328949605245,49,-0.11279185915291386,0.3469387755102041,0.8952642453599828
2012,323640183,1,West Virginia,Syracuse,1,49,-0.11279185915291386,0.3469387755102041,0.8952642453599828,74,0.021924104329747573,0.43243243243243246,0.7840328949605245
2012,323640204,1,Oregon State,Texas,1,70,0.022146862363583927,0.35714285714285715,0.9031618617927248,62,-0.03387333094587004,0.3064516129032258,0.9371390073424795
2012,323640204,1,Texas,Oregon State,1,62,-0.03387333094587004,0.3064516129032258,0.9371390073424795,70,0.022146862363583927,0.35714285714285715,0.9031618617927248
2012,323642005,1,Air Force,Rice,1,58,-0.06493951429581638,0.3103448275862069,0.8974093538711451,81,0.1385517648868364,0.49382716049382713,0.8581034634149955
2012,323642005,1,Rice,Air Force,1,81,0.1385517648868364,0.49382716049382713,0.8581034634149955,58,-0.06493951429581638,0.3103448275862069,0.8974093538711451
2012,323660059,1,Georgia Tech,USC,1,70,0.006714739663441115,0.4714285714285714,0.7403553125081843,58,-0.28463387741076174,0.20689655172413793,1.1381458845598627
2012,323660059,1,USC,Georgia Tech,1,58,-0.28463387741076174,0.20689655172413793,1.1381458845598627,70,0.006714739663441115,0.4714285714285714,0.7403553125081843
2012,323660202,1,Iowa State,Tulsa,1,56,-0.06158370833034929,0.2857142857142857,1.0268255146686331,80,-0.0013680441679420213,0.3625,0.9011898832618808
2012,323660202,1,Tulsa,Iowa State,1,80,-0.0013680441679420213,0.3625,0.9011898832618808,56,-0.06158370833034929,0.2857142857142857,1.0268255146686331
2012,323660228,1,Clemson,LSU,1,99,0.042640189132566196,0.3838383838383838,0.9039312859929658,45,-0.23039077731772792,0.3111111111111111,0.5678610793882849
2012,323660228,1,LSU,Clemson,1,45,-0.23039077731772792,0.3111111111111111,0.5678610793882849,99,0.042640189132566196,0.3838383838383838,0.9039312859929658
2012,323660238,1,NC State,Vanderbilt,1,77,0.17612802083987902,0.5194805194805194,0.8520123038453628,64,-0.20717762505992407,0.28125,0.8890572374169239
2012,323660238,1,Vanderbilt,NC State,1,64,-0.20717762505992407,0.28125,0.8890572374169239,77,0.17612802083987902,0.5194805194805194,0.8520123038453628
2012,330010024,1,Stanford,Wisconsin,1,55,0.13793473013908053,0.43636363636363634,0.7525035856574717,59,-0.051018602035756616,0.3559322033898305,0.9286594220136557
2012,330010024,1,Wisconsin,Stanford,1,59,-0.051018602035756616,0.3559322033898305,0.9286594220136557,55,0.13793473013908053,0.43636363636363634,0.7525035856574717
2012,330010052,1,Florida State,Northern Illinois,1,72,0.11504359887784753,0.4722222222222222,0.8742966316124746,73,-0.20759409510293542,0.2328767123287671,1.090557509298823
2012,330010052,1,Northern Illinois,Florida State,1,73,-0.20759409510293542,0.2328767123287671,1.090557509298823,72,0.11504359887784753,0.4722222222222222,0.8742966316124746
2012,330010077,1,Mississippi State,Northwestern,1,62,-0.05488964171506847,0.45161290322580644,0.46128478710068016,75,0.032047508316732747,0.37333333333333335,0.9523009218819976
2012,330010077,1,Northwestern,Mississippi State,1,75,0.032047508316732747,0.37333333333333335,0.9523009218819976,62,-0.05488964171506847,0.45161290322580644,0.46128478710068016
2012,330010130,1,Michigan,South Carolina,1,82,0.05838117992094175,0.3780487804878049,1.1627118714798763,50,0.144957489784249,0.32,1.7339590859033047
2012,330010130,1,South Carolina,Michigan,1,50,0.144957489784249,0.32,1.7339590859033047,82,0.05838117992094175,0.3780487804878049,1.1627118714798763
2012,330010158,1,Georgia,Nebraska,1,65,0.029223130827755055,0.2923076923076923,1.6395648136155592,77,0.13172481597023264,0.45454545454545453,1.0141076780583473
2012,330010158,1,Nebraska,Georgia,1,77,0.13172481597023264,0.45454545454545453,1.0141076780583473,65,0.029223130827755055,0.2923076923076923,1.6395648136155592
2012,330010197,1,Oklahoma State,Purdue,1,33,0.10467142423535428,0.3939393939393939,0.9462129549488377,41,0.04361411175479007,0.34146341463414637,1.1955372947909062
2012,330010197,1,Purdue,Oklahoma State,1,41,0.04361411175479007,0.34146341463414637,1.1955372947909062,33,0.10467142423535428,0.3939393939393939,0.9462129549488377
2012,330020057,1,Florida,Louisville,1,57,0.041742651601744,0.543859649122807,0.4909894211706401,66,0.1244390126973399,0.42424242424242425,1.0400666017180273
2012,330020057,1,Louisville,Florida,1,66,0.1244390126973399,0.42424242424242425,1.0400666017180273,57,0.041742651601744,0.543859649122807,0.4909894211706401
2012,330032306,1,Kansas State,Oregon,1,69,-0.11159793699427166,0.4057971014492754,0.6378883651967667,68,0.014416782236711473,0.4117647058823529,0.9111687270663162
2012,330032306,1,Oregon,Kansas State,1,68,0.014416782236711473,0.4117647058823529,0.9111687270663162,69,-0.11159793699427166,0.4057971014492754,0.6378883651967667
2012,330040201,1,Oklahoma,Texas A&M,1,74,0.027702374518418647,0.5540540540540541,0.5660893733458708,56,0.3177253911443746,0.6071428571428571,0.9302836851108242
2012,330040201,1,Texas A&M,Oklahoma,1,56,0.3177253911443746,0.6071428571428571,0.9302836851108242,74,0.027702374518418647,0.5540540540540541,0.5660893733458708
2012,330050145,1,Ole Miss,Pittsburgh,1,76,-0.016157353819676118,0.4342105263157895,0.7016725834391405,55,-0.09069932712238685,0.3090909090909091,0.8539945886591368
2012,330050145,1,Pittsburgh,Ole Miss,1,55,-0.09069932712238685,0.3090909090909091,0.8539945886591368,76,-0.016157353819676118,0.4342105263157895,0.7016725834391405
2012,330062032,1,Arkansas State,Kent State,1,67,-0.04132880378579796,0.44776119402985076,0.6724726158089056,70,-0.016562899891708706,0.37142857142857144,1.033345956480749
2012,330062032,1,Kent State,Arkansas State,1,70,-0.016562899891708706,0.37142857142857144,1.033345956480749,67,-0.04132880378579796,0.44776119402985076,0.6724726158089056
2012,330070333,1,Alabama,Notre Dame,1,53,0.3692839771697016,0.6037735849056604,0.9705287170595973,31,-0.11235234044560821,0.41935483870967744,0.8655424703118603
2012,330070333,1,Notre Dame,Alabama,1,31,-0.11235234044560821,0.41935483870967744,0.8655424703118603,53,0.3692839771697016,0.6037735849056604,0.9705287170595973
