season_year,game_id,week,team,opponent,garbage_time_excluded,off_plays,off_ppa,off_success_rate,off_explosiveness,def_plays,def_ppa,def_success_rate,def_explosiveness
2025,401752665,1,Alabama,Florida State,1,72,0.02103464060512613,0.375,1.366452788630703,63,0.2900566280759246,0.38095238095238093,1.6191613443445847
2025,401752665,1,Florida State,Alabama,1,63,0.2900566280759246,0.38095238095238093,1.6191613443445847,72,0.02103464060512613,0.375,1.366452788630703
2025,401752666,1,Alabama A&M,Arkansas,1,28,0.2506661529797695,0.4642857142857143,1.111694991350689,49,0.4999140329374459,0.5102040816326531,1.5921273484119065
2025,401752666,1,Arkansas,Alabama A&M,1,49,0.4999140329374459,0.5102040816326531,1.5921273484119065,28,0.2506661529797695,0.4642857142857143,1.111694991350689
2025,401752667,1,Auburn,Baylor,1,70,0.28881591329679385,0.5571428571428572,0.8905931892301159,71,0.24862981650684565,0.38028169014084506,1.8826686620749378
2025,401752667,1,Baylor,Auburn,1,71,0.24862981650684565,0.38028169014084506,1.8826686620749378,70,0.28881591329679385,0.5571428571428572,0.8905931892301159
2025,401752668,1,Florida,Long Island University,1,36,0.49682260800016653,0.5277777777777778,1.5074194392995064,24,-0.7648368053581206,0.125,0.34060575831197976
2025,401752668,1,Long Island University,Florida,1,24,-0.7648368053581206,0.125,0.34060575831197976,36,0.49682260800016653,0.5277777777777778,1.5074194392995064
2025,401752669,1,Georgia,Marshall,1,45,0.41314933916721597,0.5555555555555556,1.2353220768368385,23,-0.2789814603752806,0.17391304347826086,0.41118561750629334
2025,401752669,1,Marshall,Georgia,1,23,-0.2789814603752806,0.17391304347826086,0.41118561750629334,45,0.41314933916721597,0.5555555555555556,1.2353220768368385
2025,401752670,1,Kentucky,Toledo,1,64,0.05498581126900995,0.484375,0.9561879493189344,68,-0.10719423378678516,0.3088235294117647,1.4252608792856252
2025,401752670,1,Toledo,Kentucky,1,68,-0.10719423378678516,0.3088235294117647,1.4252608792856252,64,0.05498581126900995,0.484375,0.9561879493189344
2025,401752671,1,Clemson,LSU,1,58,-0.09333332877672712,0.3448275862068966,1.2870915873631883,70,-0.0039722780467424815,0.4142857142857143,0.922716384274094
2025,401752671,1,LSU,Clemson,1,70,-0.0039722780467424815,0.4142857142857143,0.922716384274094,58,-0.09333332877672712,0.3448275862068966,1.2870915873631883
2025,401752672,1,Georgia State,Ole Miss,1,32,-0.07466014303697076,0.21875,1.930784710655766,50,0.40395383401133056,0.64,1.254536105715197
2025,401752672,1,Ole Miss,Georgia State,1,50,0.40395383401133056,0.64,1.254536105715197,32,-0.07466014303697076,0.21875,1.930784710655766
2025,401752673,1,Mississippi State,Southern Miss,1,65,0.28837433083332087,0.47692307692307695,1.2690502190246777,53,-0.10173348215730575,0.32075471698113206,1.3848822467735387
2025,401752673,1,Southern Miss,Mississippi State,1,53,-0.10173348215730575,0.32075471698113206,1.3848822467735387,65,0.28837433083332087,0.47692307692307695,1.2690502190246777
2025,401752674,1,Central Arkansas,Missouri,1,22,-0.16943488352670855,0.3181818181818182,0.7256811808816952,49,0.5320123176067771,0.6326530612244898,1.1217137565946347
2025,401752674,1,Missouri,Central Arkansas,1,49,0.5320123176067771,0.6326530612244898,1.1217137565946347,22,-0.16943488352670855,0.3181818181818182,0.7256811808816952
2025,401752675,1,Illinois State,Oklahoma,1,35,-0.19046163710642922,0.2571428571428571,0.894365348149841,53,0.4461868022875842,0.5283018867924528,1.4031666865730252
2025,401752675,1,Oklahoma,Illinois State,1,53,0.4461868022875842,0.5283018867924528,1.4031666865730252,35,-0.19046163710642922,0.2571428571428571,0.894365348149841
2025,401752676,1,Syracuse,Tennessee,1,84,0.10044222381530032,0.5,0.9256358082661477,68,0.43470059182328297,0.5294117647058824,1.3228741522246354
2025,401752676,1,Tennessee,Syracuse,1,68,0.43470059182328297,0.5294117647058824,1.3228741522246354,84,0.10044222381530032,0.5,0.9256358082661477
2025,401752677,1,Ohio State,Texas,1,54,-0.021253642412211143,0.3333333333333333,0.927354893379026,67,-0.24440603262043245,0.417910447761194,0.9056990216331493
2025,401752677,1,Texas,Ohio State,1,67,-0.24440603262043245,0.417910447761194,0.9056990216331493,54,-0.021253642412211143,0.3333333333333333,0.927354893379026
2025,401752678,1,Texas A&M,UTSA,1,56,0.3900261800572433,0.44642857142857145,1.590247929359249,53,0.24980130565322461,0.3584905660377358,1.7421626464140165
2025,401752678,1,UTSA,Texas A&M,1,53,0.24980130565322461,0.3584905660377358,1.7421626464140165,56,0.3900261800572433,0.44642857142857145,1.590247929359249
2025,401752679,1,Charleston Southern,Vanderbilt,1,25,-0.21349844886865849,0.12,1.5161086642746593,48,0.6181127212791342,0.6666666666666666,1.178145302287825
2025,401752679,1,Vanderbilt,Charleston Southern,1,48,0.6181127212791342,0.6666666666666666,1.178145302287825,25,-0.21349844886865849,0.12,1.5161086642746593
2025,401752680,1,South Carolina,Virginia Tech,1,56,0.16313887173235667,0.35714285714285715,1.7183378429557146,72,-0.05517509623168782,0.3611111111111111,1.0919078060521707
2025,401752680,1,Virginia Tech,South Carolina,1,72,-0.05517509623168782,0.3611111111111111,1.0919078060521707,56,0.16313887173235667,0.35714285714285715,1.7183378429557146
2025,401752681,2,Alabama,UL Monroe,1,36,0.8308260300724298,0.6666666666666666,1.3266682467893802,19,-0.43398242063403014,0.15789473684210525,1.4081928026444392
2025,401752681,2,UL Monroe,Alabama,1,19,-0.43398242063403014,0.15789473684210525,1.4081928026444392,36,0.8308260300724298,0.6666666666666666,1.3266682467893802
2025,401752682,2,Arkansas,Arkansas State,1,49,0.6011362717689978,0.673469387755102,1.407086324607833,55,-0.11661172609550725,0.38181818181818183,1.155613534388899
2025,401752682,2,Arkansas State,Arkansas,1,55,-0.11661172609550725,0.38181818181818183,1.155613534388899,49,0.6011362717689978,0.673469387755102,1.407086324607833
2025,401752683,2,Auburn,Ball State,1,46,0.4021726507222116,0.5869565217391305,1.1913693692482281,40,-0.1955169865643426,0.15,1.4245251562766248
2025,401752683,2,Ball State,Auburn,1,40,-0.1955169865643426,0.15,1.4245251562766248,46,0.4021726507222116,0.5869565217391305,1.1913693692482281
2025,401752684,2,Florida,South Florida,1,64,0.09431515481881113,0.421875,1.0439204687303705,64,0.15546790024918444,0.390625,1.1686870546238946
2025,401752684,2,South Florida,Florida,1,64,0.15546790024918444,0.390625,1.1686870546238946,64,0.09431515481881113,0.421875,1.0439204687303705
2025,401752685,2,Austin Peay,Georgia,1,51,-0.25274698860905265,0.35294117647058826,0.807107021990257,76,0.24483796307452985,0.618421052631579,0.6419972457328776
2025,401752685,2,Georgia,Austin Peay,1,76,0.24483796307452985,0.618421052631579,0.6419972457328776,51,-0.25274698860905265,0.35294117647058826,0.807107021990257
2025,401752686,2,Kentucky,Ole Miss,1,70,0.06816918687922374,0.35714285714285715,1.2016929459254293,70,0.14002135042350003,0.44285714285714284,1.291837561618512
2025,401752686,2,Ole Miss,Kentucky,1,70,0.14002135042350003,0.44285714285714284,1.291837561618512,70,0.06816918687922374,0.35714285714285715,1.2016929459254293
2025,401752687,2,Louisiana Tech,LSU,1,53,-0.07183586309066452,0.32075471698113206,0.9289690863636698,75,0.10099960713147896,0.4,1.2496204723634445
2025,401752687,2,LSU,Louisiana Tech,1,75,0.10099960713147896,0.4,1.2496204723634445,53,-0.07183586309066452,0.32075471698113206,0.9289690863636698
2025,401752688,2,Arizona State,Mississippi State,1,74,-0.027753208955149027,0.43243243243243246,0.9391317929144215,63,0.06538006277056774,0.4126984126984127,1.3593257011254127
2025,401752688,2,Mississippi State,Arizona State,1,63,0.06538006277056774,0.4126984126984127,1.3593257011254127,74,-0.027753208955149027,0.43243243243243246,0.9391317929144215
2025,401752689,2,Kansas,Missouri,1,49,0.026554992735400802,0.3673469387755102,1.489797256409445,87,0.2708819597156424,0.47126436781609193,1.474042109133002
2025,401752689,2,Missouri,Kansas,1,87,0.2708819597156424,0.47126436781609193,1.474042109133002,49,0.026554992735400802,0.3673469387755102,1.489797256409445
2025,401752690,2,Michigan,Oklahoma,1,56,-0.023607758280576624,0.25,1.744230138292457,74,0.1837333129442269,0.4594594594594595,1.1881722616265809
2025,401752690,2,Oklahoma,Michigan,1,74,0.1837333129442269,0.4594594594594595,1.1881722616265809,56,-0.023607758280576624,0.25,1.744230138292457
2025,401752691,2,South Carolina,South Carolina State,1,43,0.23027751538921845,0.37209302325581395,1.3403421513167442,41,-0.24729825153624888,0.2926829268292683,1.3839192938275948
2025,401752691,2,South Carolina State,South Carolina,1,41,-0.24729825153624888,0.2926829268292683,1.3839192938275948,43,0.23027751538921845,0.37209302325581395,1.3403421513167442
2025,401752692,2,East Tennessee State,Tennessee,1,26,-0.3203837962706064,0.11538461538461539,1.0607772306177683,53,0.5408911827187789,0.6037735849056604,1.2101637905591893
2025,401752692,2,Tennessee,East Tennessee State,1,53,0.5408911827187789,0.6037735849056604,1.2101637905591893,26,-0.3203837962706064,0.11538461538461539,1.0607772306177683
2025,401752693,2,San José State,Texas,1,53,-0.5299553224546046,0.41509433962264153,-0.08994811930215933,48,0.15407503134528025,0.3958333333333333,1.4049162890736633
2025,401752693,2,Texas,San José State,1,48,0.15407503134528025,0.3958333333333333,1.4049162890736633,53,-0.5299553224546046,0.41509433962264153,-0.08994811930215933
2025,401752694,2,Texas A&M,Utah State,1,69,0.1332831137790789,0.5362318840579711,1.0581806110304803,55,-0.06325845141949628,0.2909090909090909,1.26452990826306
2025,401752694,2,Utah State,Texas A&M,1,55,-0.06325845141949628,0.2909090909090909,1.26452990826306,69,0.1332831137790789,0.5362318840579711,1.0581806110304803
2025,401752695,2,Vanderbilt,Virginia Tech,1,52,0.6860101200936952,0.6346153846153846,1.4802416305720805,54,0.16537546151169388,0.46296296296296297,0.9516200321529942
2025,401752695,2,Virginia Tech,Vanderbilt,1,54,0.16537546151169388,0.46296296296296297,0.9516200321529942,52,0.6860101200936952,0.6346153846153846,1.4802416305720805
2025,401752696,3,Alabama,Wisconsin,1,43,0.643838132470102,0.6046511627906976,1.568573140574626,32,-0.06312892923601,0.4375,1.0453147845258741
2025,401752696,3,Wisconsin,Alabama,1,32,-0.06312892923601,0.4375,1.0453147845258741,43,0.643838132470102,0.6046511627906976,1.568573140574626
2025,401752697,3,Auburn,South Alabama,1,63,0.32276975047635115,0.5238095238095238,1.042491538915699,68,0.0068487339519275,0.3382352941176471,1.3371643745441502
2025,401752697,3,South Alabama,Auburn,1,68,0.0068487339519275,0.3382352941176471,1.3371643745441502,63,0.32276975047635115,0.5238095238095238,1.042491538915699
2025,401752698,3,Eastern Michigan,Kentucky,1,54,-0.12775696929260505,0.4444444444444444,1.2654515670462938,55,0.38834240579217694,0.4909090909090909,1.3776570913825235
2025,401752698,3,Kentucky,Eastern Michigan,1,55,0.38834240579217694,0.4909090909090909,1.3776570913825235,54,-0.12775696929260505,0.4444444444444444,1.2654515670462938
2025,401752699,3,Florida,LSU,1,76,-0.13038738903177488,0.4473684210526316,0.9973328851745068,52,0.037425202359803504,0.3269230769230769,1.5079069858401293
2025,401752699,3,LSU,Florida,1,52,0.037425202359803504,0.3269230769230769,1.5079069858401293,76,-0.13038738903177488,0.4473684210526316,0.9973328851745068
2025,401752700,3,Arkansas,Ole Miss,1,72,0.49492557809255006,0.5277777777777778,1.4917792184771503,69,0.38528716433527194,0.5652173913043478,1.1266346231922215
2025,401752700,3,Ole Miss,Arkansas,1,69,0.38528716433527194,0.5652173913043478,1.1266346231922215,72,0.49492557809255006,0.5277777777777778,1.4917792184771503
2025,401752701,3,Alcorn State,Mississippi State,1,24,-0.2696982050321173,0.3333333333333333,0.016988579716650437,35,0.7164853311414333,0.6857142857142857,1.4088810632565303
2025,401752701,3,Mississippi State,Alcorn State,1,35,0.7164853311414333,0.6857142857142857,1.4088810632565303,24,-0.2696982050321173,0.3333333333333333,0.016988579716650437
2025,401752702,3,Louisiana,Missouri,1,22,-0.04738916187965166,0.18181818181818182,2.257067359295,57,0.5039766335284761,0.6491228070175439,1.1966074976913066
2025,401752702,3,Missouri,Louisiana,1,57,0.5039766335284761,0.6491228070175439,1.1966074976913066,22,-0.04738916187965166,0.18181818181818182,2.257067359295
2025,401752703,3,Oklahoma,Temple,1,58,0.1877549575391349,0.5517241379310345,1.1098968135060139,33,-0.22754202253306946,0.21212121212121213,1.0734310415810386
2025,401752703,3,Temple,Oklahoma,1,33,-0.22754202253306946,0.21212121212121213,1.0734310415810386,58,0.1877549575391349,0.5517241379310345,1.1098968135060139
2025,401752704,3,South Carolina,Vanderbilt,1,50,-0.031242798229751585,0.38,1.1462283698546998,57,0.31758098657573586,0.5263157894736842,1.2683173259240383
2025,401752704,3,Vanderbilt,South Carolina,1,57,0.31758098657573586,0.5263157894736842,1.2683173259240383,50,-0.031242798229751585,0.38,1.1462283698546998
2025,401752705,3,Georgia,Tennessee,1,87,0.1581464691640423,0.4482758620689655,1.1803542511984013,69,0.2633871346969697,0.463768115942029,1.3256685183790726
2025,401752705,3,Tennessee,Georgia,1,69,0.2633871346969697,0.463768115942029,1.3256685183790726,87,0.1581464691640423,0.4482758620689655,1.1803542511984013
2025,401752706,3,Texas,UTEP,1,75,-0.12016556161003344,0.4266666666666667,0.7572024882278267,44,-0.34594270681687994,0.22727272727272727,1.2731334310862803
2025,401752706,3,UTEP,Texas,1,44,-0.34594270681687994,0.22727272727272727,1.2731334310862803,75,-0.12016556161003344,0.4266666666666667,0.7572024882278267
2025,401752707,3,Notre Dame,Texas A&M,1,71,0.0580523840297606,0.4084507042253521,1.4819658503192097,69,0.3288632648787103,0.391304347826087,1.5993883305131962
2025,401752707,3,Texas A&M,Notre Dame,1,69,0.3288632648787103,0.391304347826087,1.5993883305131962,71,0.0580523840297606,0.4084507042253521,1.4819658503192097
2025,401752708,4,Arkansas,Memphis,1,66,0.15471410727666574,0.5,1.182618039381575,72,0.2514875457965079,0.4305555555555556,1.49726759304719
2025,401752708,4,Memphis,Arkansas,1,72,0.2514875457965079,0.4305555555555556,1.49726759304719,66,0.15471410727666574,0.5,1.182618039381575
2025,401752709,4,Florida,Miami,1,52,-0.2516738010055559,0.28846153846153844,0.8622065154963233,76,0.08153639724224544,0.4605263157894737,0.967648715576019
2025,401752709,4,Miami,Florida,1,76,0.08153639724224544,0.4605263157894737,0.967648715576019,52,-0.2516738010055559,0.28846153846153844,0.8622065154963233
2025,401752710,4,LSU,SE Louisiana,1,46,0.4685195697757771,0.6086956521739131,1.1618910500248265,21,-0.3353101170358408,0.23809523809523808,1.0816610773073465
2025,401752710,4,SE Louisiana,LSU,1,21,-0.3353101170358408,0.23809523809523808,1.0816610773073465,46,0.4685195697757771,0.6086956521739131,1.1618910500248265
2025,401752711,4,Ole Miss,Tulane,1,52,0.4261973874672621,0.5384615384615384,1.1923906738508692,48,-0.10575850838289606,0.4375,0.7705735099804828
2025,401752711,4,Tulane,Ole Miss,1,48,-0.10575850838289606,0.4375,0.7705735099804828,52,0.4261973874672621,0.5384615384615384,1.1923906738508692
2025,401752712,4,Mississippi State,Northern Illinois,1,64,0.45362341874362616,0.515625,1.380668340473021,47,-0.07570620643812738,0.2978723404255319,1.5117733298942793
2025,401752712,4,Northern Illinois,Mississippi State,1,47,-0.07570620643812738,0.2978723404255319,1.5117733298942793,64,0.45362341874362616,0.515625,1.380668340473021
2025,401752713,4,Missouri,South Carolina,1,74,0.19849568113717764,0.4864864864864865,1.0266472356744616,49,0.06152452558152855,0.30612244897959184,1.6902129417615508
2025,401752713,4,South Carolina,Missouri,1,49,0.06152452558152855,0.30612244897959184,1.6902129417615508,74,0.19849568113717764,0.4864864864864865,1.0266472356744616
2025,401752714,4,Auburn,Oklahoma,1,69,0.05324532533847776,0.30434782608695654,1.5727932540860876,62,0.03490370752698137,0.41935483870967744,1.1531731797720377
2025,401752714,4,Oklahoma,Auburn,1,62,0.03490370752698137,0.41935483870967744,1.1531731797720377,69,0.05324532533847776,0.30434782608695654,1.5727932540860876
2025,401752715,4,Tennessee,UAB,1,45,0.49847884895838296,0.6222222222222222,1.1587218596429991,32,0.001367600488959011,0.34375,1.334700909740305
2025,401752715,4,UAB,Tennessee,1,32,0.001367600488959011,0.34375,1.334700909740305,45,0.49847884895838296,0.6222222222222222,1.1587218596429991
2025,401752716,4,Georgia State,Vanderbilt,1,32,0.09792193413392909,0.4375,0.8481391969415908,40,0.8387010193539833,0.725,1.4232683915778521
2025,401752716,4,Vanderbilt,Georgia State,1,40,0.8387010193539833,0.725,1.4232683915778521,32,0.09792193413392909,0.4375,0.8481391969415908
2025,401752717,5,Arkansas,Notre Dame,1,33,0.0932947620330977,0.5151515151515151,0.8750005670156809,41,0.8201069824955143,0.6585365853658537,1.4817262261012882
2025,401752717,5,Notre Dame,Arkansas,1,41,0.8201069824955143,0.6585365853658537,1.4817262261012882,33,0.0932947620330977,0.5151515151515151,0.8750005670156809
2025,401752718,5,Alabama,Georgia,1,77,0.2036643051438232,0.4025974025974026,1.3763132862747307,53,0.08157815941017499,0.4339622641509434,1.2521989476719542
2025,401752718,5,Georgia,Alabama,1,53,0.08157815941017499,0.4339622641509434,1.2521989476719542,77,0.2036643051438232,0.4025974025974026,1.3763132862747307
2025,401752719,5,LSU,Ole Miss,1,56,0.04496887200264174,0.39285714285714285,1.1183518769964897,84,0.1638531705688163,0.39285714285714285,1.32445941419758
2025,401752719,5,Ole Miss,LSU,1,84,0.1638531705688163,0.39285714285714285,1.32445941419758,56,0.04496887200264174,0.39285714285714285,1.1183518769964897
2025,401752720,5,Mississippi State,Tennessee,1,84,-0.061282014241668695,0.4166666666666667,1.0604853826067682,68,0.2757896547060572,0.4411764705882353,1.5086785567970167
2025,401752720,5,Tennessee,Mississippi State,1,68,0.2757896547060572,0.4411764705882353,1.5086785567970167,84,-0.061282014241668695,0.4166666666666667,1.0604853826067682
2025,401752721,5,Massachusetts,Missouri,1,33,-0.2238399072195008,0.21212121212121213,1.1701103175504282,67,0.24778761558846435,0.5671641791044776,1.10697808669447
2025,401752721,5,Missouri,Massachusetts,1,67,0.24778761558846435,0.5671641791044776,1.10697808669447,33,-0.2238399072195008,0.21212121212121213,1.1701103175504282
2025,401752722,5,Kentucky,South Carolina,1,60,-0.4362394075852553,0.35,1.0121767047189592,62,0.1139596175426306,0.4032258064516129,1.3137901874454136
2025,401752722,5,South Carolina,Kentucky,1,62,0.1139596175426306,0.4032258064516129,1.3137901874454136,60,-0.4362394075852553,0.35,1.0121767047189592
2025,401752723,4,Sam Houston,Texas,1,22,-0.25714426908010496,0.22727272727272727,0.820629303939049,37,0.813141770996183,0.6486486486486487,1.4451046556186598
2025,401752723,4,Texas,Sam Houston,1,37,0.813141770996183,0.6486486486486487,1.4451046556186598,22,-0.25714426908010496,0.22727272727272727,0.820629303939049
2025,401752724,5,Auburn,Texas A&M,1,60,-0.25099889295561495,0.25,0.9880215100527528,73,0.05320085963600352,0.4383561643835616,0.9643225659530584
2025,401752724,5,Texas A&M,Auburn,1,73,0.05320085963600352,0.4383561643835616,0.9643225659530584,60,-0.25099889295561495,0.25,0.9880215100527528
2025,401752725,5,Utah State,Vanderbilt,1,43,0.1631449710870729,0.37209302325581395,1.3866925050288677,60,0.6276467337682334,0.6333333333333333,1.2933106975905693
2025,401752725,5,Vanderbilt,Utah State,1,60,0.6276467337682334,0.6333333333333333,1.2933106975905693,43,0.1631449710870729,0.37209302325581395,1.3866925050288677
2025,401752726,6,Alabama,Vanderbilt,1,69,0.32899647323296316,0.4927536231884058,1.3245552637579083,54,0.010051704830393509,0.46296296296296297,1.1392772578090862
2025,401752726,6,Vanderbilt,Alabama,1,54,0.010051704830393509,0.46296296296296297,1.1392772578090862,69,0.32899647323296316,0.4927536231884058,1.3245552637579083
2025,401752727,6,Florida,Texas,1,65,0.3179898525086412,0.47692307692307695,1.3050228143156457,57,0.14840277987267525,0.3157894736842105,2.1630918382580484
2025,401752727,6,Texas,Florida,1,57,0.14840277987267525,0.3157894736842105,2.1630918382580484,65,0.3179898525086412,0.47692307692307695,1.3050228143156457
2025,401752728,6,Georgia,Kentucky,1,62,0.3283974413827351,0.532258064516129,1.2402105741671754,42,0.040723630879113404,0.38095238095238093,1.0322234572703113
2025,401752728,6,Kentucky,Georgia,1,42,0.040723630879113404,0.38095238095238093,1.0322234572703113,62,0.3283974413827351,0.532258064516129,1.2402105741671754
2025,401752729,6,Kent State,Oklahoma,1,29,-0.44548300675796104,0.20689655172413793,1.0258298381722566,41,0.2810533289704611,0.5121951219512195,1.1628106075423406
2025,401752729,6,Oklahoma,Kent State,1,41,0.2810533289704611,0.5121951219512195,1.1628106075423406,29,-0.44548300675796104,0.20689655172413793,1.0258298381722566
2025,401752730,6,Mississippi State,Texas A&M,1,45,0.06778600830814258,0.4,0.8673809466358546,72,0.3079104578294908,0.5138888888888888,1.0386208474922818
2025,401752730,6,Texas A&M,Mississippi State,1,72,0.3079104578294908,0.5138888888888888,1.0386208474922818,45,0.06778600830814258,0.4,0.8673809466358546
2025,401752731,7,Auburn,Georgia,1,66,-0.038068350706293885,0.3939393939393939,0.9386104176011967,69,-0.02182282276131611,0.3333333333333333,1.3039524705148984
2025,401752731,7,Georgia,Auburn,1,69,-0.02182282276131611,0.3333333333333333,1.3039524705148984,66,-0.038068350706293885,0.3939393939393939,0.9386104176011967
2025,401752732,7,LSU,South Carolina,1,63,0.14437648944728962,0.4603174603174603,1.0589893865618898,70,-0.08634840405919895,0.38571428571428573,1.055424849452347
2025,401752732,7,South Carolina,LSU,1,70,-0.08634840405919895,0.38571428571428573,1.055424849452347,63,0.14437648944728962,0.4603174603174603,1.0589893865618898
2025,401752733,7,Ole Miss,Washington State,1,69,0.17875051062461228,0.4927536231884058,1.1015421000337529,58,0.12223691977844652,0.41379310344827586,1.215320086697102
2025,401752733,7,Washington State,Ole Miss,1,58,0.12223691977844652,0.41379310344827586,1.215320086697102,69,0.17875051062461228,0.4927536231884058,1.1015421000337529
2025,401752734,7,Alabama,Missouri,1,75,0.1321151663847865,0.4,1.2191482447265063,56,0.10093131675465232,0.4107142857142857,1.3173655693479782
2025,401752734,7,Missouri,Alabama,1,56,0.10093131675465232,0.4107142857142857,1.3173655693479782,75,0.1321151663847865,0.4,1.2191482447265063
2025,401752735,7,Arkansas,Tennessee,1,74,0.2729575368554061,0.5,1.1911048620326237,65,0.36458706692597614,0.5230769230769231,1.192938451929692
2025,401752735,7,Tennessee,Arkansas,1,65,0.36458706692597614,0.5230769230769231,1.192938451929692,74,0.2729575368554061,0.5,1.1911048620326237
2025,401752736,7,Oklahoma,Texas,1,69,-0.23068458622269988,0.34782608695652173,1.2192765522330715,62,0.10906821560568568,0.3548387096774194,1.2151958367384104
2025,401752736,7,Texas,Oklahoma,1,62,0.10906821560568568,0.3548387096774194,1.2151958367384104,69,-0.23068458622269988,0.34782608695652173,1.2192765522330715
2025,401752737,7,Florida,Texas A&M,1,58,0.01399160180238858,0.3275862068965517,1.3241689579283025,57,0.3080589625755243,0.45614035087719296,1.0753692738574492
2025,401752737,7,Texas A&M,Florida,1,57,0.3080589625755243,0.45614035087719296,1.0753692738574492,58,0.01399160180238858,0.3275862068965517,1.3241689579283025
2025,401752738,8,Alabama,Tennessee,1,61,0.2529121915619609,0.5081967213114754,1.1258835790992106,78,0.051967407768119395,0.46153846153846156,1.2124269360168924
2025,401752738,8,Tennessee,Alabama,1,78,0.051967407768119395,0.46153846153846156,1.2124269360168924,61,0.2529121915619609,0.5081967213114754,1.1258835790992106
2025,401752739,8,Arkansas,Texas A&M,1,64,0.48287603909608223,0.46875,1.7703707068731267,67,0.5247699275449823,0.5522388059701493,1.2991478627772604
2025,401752739,8,Texas A&M,Arkansas,1,67,0.5247699275449823,0.5522388059701493,1.2991478627772604,64,0.48287603909608223,0.46875,1.7703707068731267
2025,401752740,8,Auburn,Missouri,1,71,0.02183114088024661,0.39436619718309857,1.1766382028350666,83,0.028934588988800195,0.3855421686746988,1.2544056297472828
2025,401752740,8,Missouri,Auburn,1,83,0.028934588988800195,0.3855421686746988,1.2544056297472828,71,0.02183114088024661,0.39436619718309857,1.1766382028350666
2025,401752741,8,Florida,Mississippi State,1,68,0.09251938177829332,0.5147058823529411,0.8874912163018547,81,0.007832046842024631,0.41975308641975306,1.383676667259995
2025,401752741,8,Mississippi State,Florida,1,81,0.007832046842024631,0.41975308641975306,1.383676667259995,68,0.09251938177829332,0.5147058823529411,0.8874912163018547
2025,401752742,8,Georgia,Ole Miss,1,80,0.4180072091692843,0.625,0.9848430280863167,60,0.34615138898929787,0.5,1.3137496663723023
2025,401752742,8,Ole Miss,Georgia,1,60,0.34615138898929787,0.5,1.3137496663723023,80,0.4180072091692843,0.625,0.9848430280863167
2025,401752743,8,Kentucky,Texas,1,86,0.054452014384718396,0.43023255813953487,1.0681923978187828,56,-0.12108410882779053,0.26785714285714285,1.3230554188282115
2025,401752743,8,Texas,Kentucky,1,56,-0.12108410882779053,0.26785714285714285,1.3230554188282115,86,0.054452014384718396,0.43023255813953487,1.0681923978187828
2025,401752744,8,Oklahoma,South Carolina,1,66,0.14586338615003253,0.4393939393939394,0.9719401567958178,66,-0.26182264196331617,0.3181818181818182,1.1511270850722617
2025,401752744,8,South Carolina,Oklahoma,1,66,-0.26182264196331617,0.3181818181818182,1.1511270850722617,66,0.14586338615003253,0.4393939393939394,0.9719401567958178
2025,401752745,8,LSU,Vanderbilt,1,49,0.256910731439105,0.40816326530612246,1.5316855988709175,67,0.25151519000022815,0.47761194029850745,1.2592393524707899
2025,401752745,8,Vanderbilt,LSU,1,67,0.25151519000022815,0.47761194029850745,1.2592393524707899,49,0.256910731439105,0.40816326530612246,1.5316855988709175
2025,401752746,9,Arkansas,Auburn,1,45,-0.1615020103097374,0.4888888888888889,1.003937803978172,74,0.02661133021400414,0.47297297297297297,0.7574989668028842
2025,401752746,9,Auburn,Arkansas,1,74,0.02661133021400414,0.47297297297297297,0.7574989668028842,45,-0.1615020103097374,0.4888888888888889,1.003937803978172
2025,401752747,9,Kentucky,Tennessee,1,64,0.124246758199903,0.421875,1.5574647857573896,62,0.6649295487029057,0.5806451612903226,1.5468314775079686
2025,401752747,9,Tennessee,Kentucky,1,62,0.6649295487029057,0.5806451612903226,1.5468314775079686,64,0.124246758199903,0.421875,1.5574647857573896
2025,401752748,9,LSU,Texas A&M,1,47,0.1881889578802675,0.3829787234042553,1.298527189146086,52,0.3526364149682016,0.5769230769230769,1.3445349742727994
2025,401752748,9,Texas A&M,LSU,1,52,0.3526364149682016,0.5769230769230769,1.3445349742727994,47,0.1881889578802675,0.3829787234042553,1.298527189146086
2025,401752749,9,Mississippi State,Texas,1,87,0.0028042956697157716,0.3793103448275862,1.2935053519962803,84,0.15388211863604362,0.39285714285714285,1.5228676760320257
2025,401752749,9,Texas,Mississippi State,1,84,0.15388211863604362,0.39285714285714285,1.5228676760320257,87,0.0028042956697157716,0.3793103448275862,1.2935053519962803
2025,401752750,9,Oklahoma,Ole Miss,1,60,0.009590393130097097,0.3333333333333333,1.6826808623439515,86,0.12825927655437067,0.3372093023255814,1.6492790843268146
2025,401752750,9,Ole Miss,Oklahoma,1,86,0.12825927655437067,0.3372093023255814,1.6492790843268146,60,0.009590393130097097,0.3333333333333333,1.6826808623439515
2025,401752751,9,Alabama,South Carolina,1,66,0.15612944880777602,0.42424242424242425,1.344032455044724,70,-0.017477936480388957,0.38571428571428573,1.1949578193406436
2025,401752751,9,South Carolina,Alabama,1,70,-0.017477936480388957,0.38571428571428573,1.1949578193406436,66,0.15612944880777602,0.42424242424242425,1.344032455044724
2025,401752752,9,Missouri,Vanderbilt,1,81,0.05551898811148032,0.37037037037037035,1.3167019168370024,47,0.05995076422182693,0.2553191489361702,1.6510692622022063
2025,401752752,9,Vanderbilt,Missouri,1,47,0.05995076422182693,0.2553191489361702,1.6510692622022063,81,0.05551898811148032,0.37037037037037035,1.3167019168370024
2025,401752753,10,Arkansas,Mississippi State,1,81,0.186899240361935,0.48148148148148145,1.0868035049458782,70,0.13209283481611472,0.37142857142857144,1.9173245277139113
2025,401752753,10,Mississippi State,Arkansas,1,70,0.13209283481611472,0.37142857142857144,1.9173245277139113,81,0.186899240361935,0.48148148148148145,1.0868035049458782
2025,401752754,10,Auburn,Kentucky,1,72,-0.14346563691100417,0.3333333333333333,0.9905415112775808,64,-0.3391214644432545,0.34375,1.1639239817303022
2025,401752754,10,Kentucky,Auburn,1,64,-0.3391214644432545,0.34375,1.1639239817303022,72,-0.14346563691100417,0.3333333333333333,0.9905415112775808
2025,401752755,10,Florida,Georgia,1,57,-0.05939599686898927,0.3508771929824561,1.0275383422903643,71,0.23903580567907146,0.38028169014084506,1.4175850675023907
2025,401752755,10,Georgia,Florida,1,71,0.23903580567907146,0.38028169014084506,1.4175850675023907,57,-0.05939599686898927,0.3508771929824561,1.0275383422903643
2025,401752756,10,Ole Miss,South Carolina,1,68,0.20713527681161184,0.39705882352941174,1.5497786900919523,64,-0.18940903276135468,0.359375,1.0905760240450448
2025,401752756,10,South Carolina,Ole Miss,1,64,-0.18940903276135468,0.359375,1.0905760240450448,68,0.20713527681161184,0.39705882352941174,1.5497786900919523
2025,401752757,10,Oklahoma,Tennessee,1,68,-0.038204712949490294,0.45588235294117646,0.9503482752304607,80,0.08590964134936205,0.425,1.371099318677184
2025,401752757,10,Tennessee,Oklahoma,1,80,0.08590964134936205,0.425,1.371099318677184,68,-0.038204712949490294,0.45588235294117646,0.9503482752304607
2025,401752758,10,Texas,Vanderbilt,1,62,0.26969128851834184,0.45161290322580644,1.2530909650141695,58,0.32579110096709313,0.46551724137931033,1.54110413487524
2025,401752758,10,Vanderbilt,Texas,1,58,0.32579110096709313,0.46551724137931033,1.54110413487524,62,0.26969128851834184,0.45161290322580644,1.2530909650141695
2025,401752759,11,Alabama,LSU,1,64,0.04464910841017095,0.34375,1.4596262671097064,60,-0.217578621818055,0.2833333333333333,0.8804792450350667
2025,401752759,11,LSU,Alabama,1,60,-0.217578621818055,0.2833333333333333,0.8804792450350667,64,0.04464910841017095,0.34375,1.4596262671097064
2025,401752760,11,Florida,Kentucky,1,53,-0.37744751769214124,0.37735849056603776,0.9840389398415293,54,0.2240980226500079,0.5370370370370371,1.080535776802465
2025,401752760,11,Kentucky,Florida,1,54,0.2240980226500079,0.5370370370370371,1.080535776802465,53,-0.37744751769214124,0.37735849056603776,0.9840389398415293
2025,401752761,11,Ole Miss,The Citadel,1,44,0.5802574597529242,0.6818181818181818,1.2474851157385898,25,-0.5968655245334727,0.08,2.5025226361383233
2025,401752761,11,The Citadel,Ole Miss,1,25,-0.5968655245334727,0.08,2.5025226361383233,44,0.5802574597529242,0.6818181818181818,1.2474851157385898
2025,401752762,11,Georgia,Mississippi State,1,66,0.41793687301239996,0.5909090909090909,1.3541969634007094,49,-0.0012616229284170772,0.3877551020408163,1.0806405654063849
2025,401752762,11,Mississippi State,Georgia,1,49,-0.0012616229284170772,0.3877551020408163,1.0806405654063849,66,0.41793687301239996,0.5909090909090909,1.3541969634007094
2025,401752763,11,Missouri,Texas A&M,1,59,0.10268260047947358,0.4067796610169492,1.378082914006826,69,0.20896669843165297,0.4492753623188406,1.2087787558986778
2025,401752763,11,Texas A&M,Missouri,1,69,0.20896669843165297,0.4492753623188406,1.2087787558986778,59,0.10268260047947358,0.4067796610169492,1.378082914006826
2025,401752764,11,Auburn,Vanderbilt,1,82,0.4121867962183377,0.5,1.312373864892229,71,0.3998688847985987,0.5070422535211268,1.50823617241362
2025,401752764,11,Vanderbilt,Auburn,1,71,0.3998688847985987,0.5070422535211268,1.50823617241362,82,0.4121867962183377,0.5,1.312373864892229
2025,401752765,12,Alabama,Oklahoma,1,78,0.06248653096294916,0.44871794871794873,1.2074243651795946,54,-0.05522857647355128,0.2777777777777778,1.4065321192398141
2025,401752765,12,Oklahoma,Alabama,1,54,-0.05522857647355128,0.2777777777777778,1.4065321192398141,78,0.06248653096294916,0.44871794871794873,1.2074243651795946
2025,401752766,12,Georgia,Texas,1,63,0.23478721969270488,0.49206349206349204,1.1230128937364232,47,0.001502083452537486,0.3404255319148936,1.2283317215874099
2025,401752766,12,Texas,Georgia,1,47,0.001502083452537486,0.3404255319148936,1.2283317215874099,63,0.23478721969270488,0.49206349206349204,1.1230128937364232
2025,401752767,12,Kentucky,Tennessee Tech,1,50,0.5297426649594834,0.62,1.1367270976996644,43,0.0776708706019431,0.5116279069767442,0.7781714620046722
2025,401752767,12,Tennessee Tech,Kentucky,1,43,0.0776708706019431,0.5116279069767442,0.7781714620046722,50,0.5297426649594834,0.62,1.1367270976996644
2025,401752768,12,Arkansas,LSU,1,55,-0.07358452276207814,0.38181818181818183,1.457356573244257,73,0.07324175335223831,0.3698630136986301,1.2806823429861094
2025,401752768,12,LSU,Arkansas,1,73,0.07324175335223831,0.3698630136986301,1.2806823429861094,55,-0.07358452276207814,0.38181818181818183,1.457356573244257
2025,401752769,12,Florida,Ole Miss,1,58,0.006346304272071619,0.3275862068965517,1.579291113578191,84,0.20588699934791552,0.4523809523809524,1.5270989014945142
2025,401752769,12,Ole Miss,Florida,1,84,0.20588699934791552,0.4523809523809524,1.5270989014945142,58,0.006346304272071619,0.3275862068965517,1.579291113578191
2025,401752770,12,Mississippi State,Missouri,1,76,-0.2762495928574234,0.3684210526315789,0.6595386047750046,58,0.15096901077154587,0.4482758620689655,1.4217245958470557
2025,401752770,12,Missouri,Mississippi State,1,58,0.15096901077154587,0.4482758620689655,1.4217245958470557,76,-0.2762495928574234,0.3684210526315789,0.6595386047750046
2025,401752771,12,New Mexico State,Tennessee,1,52,-0.3603174341295717,0.2692307692307692,1.2675595215114397,58,0.2807533147378728,0.46551724137931033,1.317987416065432
2025,401752771,12,Tennessee,New Mexico State,1,58,0.2807533147378728,0.46551724137931033,1.317987416065432,52,-0.3603174341295717,0.2692307692307692,1.2675595215114397
2025,401752772,12,South Carolina,Texas A&M,1,65,-0.006865503702855509,0.2923076923076923,1.7749754449866253,69,0.028588119400457458,0.4492753623188406,1.4351538572747746
2025,401752772,12,Texas A&M,South Carolina,1,69,0.028588119400457458,0.4492753623188406,1.4351538572747746,65,-0.006865503702855509,0.2923076923076923,1.7749754449866253
2025,401752773,13,Alabama,Eastern Illinois,1,47,0.33438447979810093,0.6595744680851063,0.9853965596647769,26,-0.576454556962697,0.07692307692307693,2.13359066913079
2025,401752773,13,Eastern Illinois,Alabama,1,26,-0.576454556962697,0.07692307692307693,2.13359066913079,47,0.33438447979810093,0.6595744680851063,0.9853965596647769
2025,401752774,13,Auburn,Mercer,1,36,0.9070389537954059,0.6111111111111112,1.991852074183013,54,-0.0066048492660880686,0.4074074074074074,1.3431918005663477
2025,401752774,13,Mercer,Auburn,1,54,-0.0066048492660880686,0.4074074074074074,1.3431918005663477,36,0.9070389537954059,0.6111111111111112,1.991852074183013
2025,401752775,13,Florida,Tennessee,1,26,-0.08404109049685848,0.34615384615384615,1.1727732248360436,66,0.2863320939161951,0.6515151515151515,0.8464449305859468
2025,401752775,13,Tennessee,Florida,1,66,0.2863320939161951,0.6515151515151515,0.8464449305859468,26,-0.08404109049685848,0.34615384615384615,1.1727732248360436
2025,401752776,13,Charlotte,Georgia,1,26,-0.4545570502250911,0.11538461538461539,0.7914540305528842,47,0.35920147925559914,0.6382978723404256,1.006367407207461
2025,401752776,13,Georgia,Charlotte,1,47,0.35920147925559914,0.6382978723404256,1.006367407207461,26,-0.4545570502250911,0.11538461538461539,0.7914540305528842
2025,401752777,13,LSU,Western Kentucky,1,82,-0.34330777971640514,0.36585365853658536,0.892784924553873,66,-0.43114754914501235,0.22727272727272727,0.9969723050672391
2025,401752777,13,Western Kentucky,LSU,1,66,-0.43114754914501235,0.22727272727272727,0.9969723050672391,82,-0.34330777971640514,0.36585365853658536,0.892784924553873
2025,401752778,13,Missouri,Oklahoma,1,72,-0.09991011382856023,0.3194444444444444,1.065543282833216,65,-0.037579100165128256,0.2923076923076923,1.2834386309231505
2025,401752778,13,Oklahoma,Missouri,1,65,-0.037579100165128256,0.2923076923076923,1.2834386309231505,72,-0.09991011382856023,0.3194444444444444,1.065543282833216
2025,401752779,13,Coastal Carolina,South Carolina,1,39,-0.1416329185940217,0.3333333333333333,1.0418967270152335,35,0.7818784982175008,0.6285714285714286,1.6886213818727847
2025,401752779,13,South Carolina,Coastal Carolina,1,35,0.7818784982175008,0.6285714285714286,1.6886213818727847,39,-0.1416329185940217,0.3333333333333333,1.0418967270152335
2025,401752780,13,Arkansas,Texas,1,72,0.28208519267883864,0.4305555555555556,1.5577611990322577,61,0.41395673892468493,0.4918032786885246,1.554902609888714
2025,401752780,13,Texas,Arkansas,1,61,0.41395673892468493,0.4918032786885246,1.554902609888714,72,0.28208519267883864,0.4305555555555556,1.5577611990322577
2025,401752781,13,Samford,Texas A&M,1,25,-0.2992727245092754,0,0,48,0.34503879381845437,0.4583333333333333,1.451892838892705
2025,401752781,13,Texas A&M,Samford,1,48,0.34503879381845437,0.4583333333333333,1.451892838892705,25,-0.2992727245092754,0,0
2025,401752782,13,Kentucky,Vanderbilt,1,39,-0.28034160484973997,0.2564102564102564,1.2672768626734026,56,0.4228511011010904,0.5357142857142857,1.378765434966158
2025,401752782,13,Vanderbilt,Kentucky,1,56,0.4228511011010904,0.5357142857142857,1.378765434966158,39,-0.28034160484973997,0.2564102564102564,1.2672768626734026
2025,401752783,14,Arkansas,Missouri,1,56,0.00409163353050225,0.4107142857142857,1.266643957647834,67,0.08083745082211034,0.4626865671641791,0.9845409255802603
2025,401752783,14,Missouri,Arkansas,1,67,0.08083745082211034,0.4626865671641791,0.9845409255802603,56,0.00409163353050225,0.4107142857142857,1.266643957647834
2025,401752784,14,Alabama,Auburn,1,73,0.006014333693800667,0.3424657534246575,0.981144924366621,77,-0.024381764732526456,0.38961038961038963,1.104099705471052
2025,401752784,14,Auburn,Alabama,1,77,-0.024381764732526456,0.38961038961038963,1.104099705471052,73,0.006014333693800667,0.3424657534246575,0.981144924366621
2025,401752785,14,Florida,Florida State,1,60,0.43424236361673857,0.5333333333333333,1.114888692360069,60,0.1278171285847675,0.4666666666666667,1.3756632315769788
2025,401752785,14,Florida State,Florida,1,60,0.1278171285847675,0.4666666666666667,1.3756632315769788,60,0.43424236361673857,0.5333333333333333,1.114888692360069
2025,401752786,14,Georgia,Georgia Tech,1,69,-0.028415709092179886,0.34782608695652173,1.0618339493340465,51,0.01721109745993601,0.4117647058823529,0.9516114355234353
2025,401752786,14,Georgia Tech,Georgia,1,51,0.01721109745993601,0.4117647058823529,0.9516114355234353,69,-0.028415709092179886,0.34782608695652173,1.0618339493340465
2025,401752787,14,Kentucky,Louisville,1,44,-0.23809344844397226,0.2727272727272727,0.9070048714059873,58,0.18937609451642945,0.5517241379310345,1.0143745707323348
2025,401752787,14,Louisville,Kentucky,1,58,0.18937609451642945,0.5517241379310345,1.0143745707323348,44,-0.23809344844397226,0.2727272727272727,0.9070048714059873
2025,401752788,14,Mississippi State,Ole Miss,1,75,0.04257673908999871,0.3466666666666667,1.6231965632708472,78,0.28916810887522554,0.41025641025641024,1.4223034510572832
2025,401752788,14,Ole Miss,Mississippi State,1,78,0.28916810887522554,0.41025641025641024,1.4223034510572832,75,0.04257673908999871,0.3466666666666667,1.6231965632708472
2025,401752789,14,LSU,Oklahoma,1,58,-0.31805737917601995,0.2413793103448276,0.8420653441510474,69,-0.1573004739182177,0.30434782608695654,1.7076849147212356
2025,401752789,14,Oklahoma,LSU,1,69,-0.1573004739182177,0.30434782608695654,1.7076849147212356,58,-0.31805737917601995,0.2413793103448276,0.8420653441510474
2025,401752790,14,Clemson,South Carolina,1,82,0.08703814138954075,0.4024390243902439,1.1217758572505858,61,-0.18253511693575009,0.3770491803278688,1.0166150225224293
2025,401752790,14,South Carolina,Clemson,1,61,-0.18253511693575009,0.3770491803278688,1.0166150225224293,82,0.08703814138954075,0.4024390243902439,1.1217758572505858
2025,401752791,14,Tennessee,Vanderbilt,1,77,0.18458361541529295,0.44155844155844154,1.389520590502104,67,0.5615058200147317,0.5671641791044776,1.4661671802614185
2025,401752791,14,Vanderbilt,Tennessee,1,67,0.5615058200147317,0.5671641791044776,1.4661671802614185,77,0.18458361541529295,0.44155844155844154,1.389520590502104
2025,401752792,14,Texas,Texas A&M,1,69,0.21687358378798938,0.34782608695652173,1.8266027129831515,66,0.07456031896334495,0.3787878787878788,1.0662238695967605
2025,401752792,14,Texas A&M,Texas,1,66,0.07456031896334495,0.3787878787878788,1.0662238695967605,69,0.21687358378798938,0.34782608695652173,1.8266027129831515
2025,401752793,1,Buffalo,Minnesota,1,43,0.030917406683957212,0.27906976744186046,1.0892136017444138,78,0.16470045807823372,0.44871794871794873,1.310061575652632
2025,401752793,1,Minnesota,Buffalo,1,78,0.16470045807823372,0.44871794871794873,1.310061575652632,43,0.030917406683957212,0.27906976744186046,1.0892136017444138
2025,401752794,1,Ohio,Rutgers,1,84,0.24198386373829467,0.39285714285714285,1.4679714282956227,80,0.3279104183012588,0.5,1.1800501140782707
2025,401752794,1,Rutgers,Ohio,1,80,0.3279104183012588,0.5,1.1800501140782707,84,0.24198386373829467,0.39285714285714285,1.4679714282956227
2025,401752795,1,Illinois,Western Illinois,1,34,0.5593775346144281,0.5882352941176471,1.4214559383129555,27,-0.3239972410687308,0.25925925925925924,1.3531794732030253
2025,401752795,1,Western Illinois,Illinois,1,27,-0.3239972410687308,0.25925925925925924,1.3531794732030253,34,0.5593775346144281,0.5882352941176471,1.4214559383129555
2025,401752796,1,Cincinnati,Nebraska,1,55,0.19288546347158936,0.5454545454545454,0.8920342635555402,77,0.11828490851679482,0.4935064935064935,0.9584939999846299
2025,401752796,1,Nebraska,Cincinnati,1,77,0.11828490851679482,0.4935064935064935,0.9584939999846299,55,0.19288546347158936,0.5454545454545454,0.8920342635555402
2025,401752797,1,Florida Atlantic,Maryland,1,45,-0.4971796247303467,0.24444444444444444,1.7163179014585186,50,0.29900940422937905,0.42,1.3811964627030489
2025,401752797,1,Maryland,Florida Atlantic,1,50,0.29900940422937905,0.42,1.3811964627030489,45,-0.4971796247303467,0.24444444444444444,1.7163179014585186
2025,401752798,1,Missouri State,USC,1,29,-0.05493316226366271,0.2413793103448276,2.2846247097571775,31,0.9871565373802961,0.7419354838709677,1.4939405473972724
2025,401752798,1,USC,Missouri State,1,31,0.9871565373802961,0.7419354838709677,1.4939405473972724,29,-0.05493316226366271,0.2413793103448276,2.2846247097571775
2025,401752799,1,Iowa,UAlbany,1,67,0.30861779833674974,0.5671641791044776,0.8804813493752954,39,0.006828264383497812,0.23076923076923078,1.5733889144266542
2025,401752799,1,UAlbany,Iowa,1,39,0.006828264383497812,0.23076923076923078,1.5733889144266542,67,0.30861779833674974,0.5671641791044776,0.8804813493752954
2025,401752800,1,UCLA,Utah,1,43,0.05769591890402445,0.3488372093023256,1.3043318830374055,71,0.4377404446900895,0.6197183098591549,0.9314077070086738
2025,401752800,1,Utah,UCLA,1,71,0.4377404446900895,0.6197183098591549,0.9314077070086738,43,0.05769591890402445,0.3488372093023256,1.3043318830374055
2025,401752801,1,Ball State,Purdue,1,44,-0.13437756974743695,0.3181818181818182,0.9202603220578451,36,0.5606628144491193,0.5555555555555556,1.3573775506722026
2025,401752801,1,Purdue,Ball State,1,36,0.5606628144491193,0.5555555555555556,1.3573775506722026,44,-0.13437756974743695,0.3181818181818182,0.9202603220578451
2025,401752802,1,Michigan State,Western Michigan,1,57,-0.006295616694149656,0.49122807017543857,1.0605592339998604,43,-0.43962671641349793,0.23255813953488372,1.4769960606627086
2025,401752802,1,Western Michigan,Michigan State,1,43,-0.43962671641349793,0.23255813953488372,1.4769960606627086,57,-0.006295616694149656,0.49122807017543857,1.0605592339998604
2025,401752803,1,Northwestern,Tulane,1,63,-0.35511518530615876,0.4126984126984127,0.8691231586570851,74,0.1599551602128588,0.44594594594594594,1.0745493470216707
2025,401752803,1,Tulane,Northwestern,1,74,0.1599551602128588,0.44594594594594594,1.0745493470216707,63,-0.35511518530615876,0.4126984126984127,0.8691231586570851
2025,401752804,1,Montana State,Oregon,1,28,-0.0899515696220413,0.32142857142857145,1.1735562472087746,40,0.5569636677259903,0.625,1.057405123919087
2025,401752804,1,Oregon,Montana State,1,40,0.5569636677259903,0.625,1.057405123919087,28,-0.0899515696220413,0.32142857142857145,1.1735562472087746
2025,401752805,1,Colorado State,Washington,1,60,0.028997060127792275,0.36666666666666664,1.580100875637458,75,0.28646190396344146,0.5466666666666666,1.1743954750886678
2025,401752805,1,Washington,Colorado State,1,75,0.28646190396344146,0.5466666666666666,1.1743954750886678,60,0.028997060127792275,0.36666666666666664,1.580100875637458
2025,401752806,1,Indiana,Old Dominion,1,89,0.09274184741624875,0.5280898876404494,0.76289493387264,43,0.21944409159994305,0.37209302325581395,1.652618621629027
2025,401752806,1,Old Dominion,Indiana,1,43,0.21944409159994305,0.37209302325581395,1.652618621629027,89,0.09274184741624875,0.5280898876404494,0.76289493387264
2025,401752807,1,Nevada,Penn State,1,27,-0.5387067627786669,0.4074074074074074,0.32863393563277865,45,0.4590248036191436,0.6444444444444445,0.9297781485232698
2025,401752807,1,Penn State,Nevada,1,45,0.4590248036191436,0.6444444444444445,0.9297781485232698,27,-0.5387067627786669,0.4074074074074074,0.32863393563277865
2025,401752808,1,Michigan,New Mexico,1,62,0.3516716316830538,0.43548387096774194,1.4132273674341136,76,-0.1664410729906056,0.3815789473684211,0.9325572316915097
2025,401752808,1,New Mexico,Michigan,1,76,-0.1664410729906056,0.3815789473684211,0.9325572316915097,62,0.3516716316830538,0.43548387096774194,1.4132273674341136
2025,401752810,2,Akron,Nebraska,1,27,-0.2797063135069995,0.14814814814814814,1.6710836458013536,43,0.3787124785258453,0.5813953488372093,1.1501772539248245
2025,401752810,2,Nebraska,Akron,1,43,0.3787124785258453,0.5813953488372093,1.1501772539248245,27,-0.2797063135069995,0.14814814814814814,1.6710836458013536
2025,401752811,2,Florida International,Penn State,1,61,-0.1511952360230571,0.3114754098360656,1.2501882131881061,63,0.13880254134528758,0.42857142857142855,1.292945709094826
2025,401752811,2,Penn State,Florida International,1,63,0.13880254134528758,0.42857142857142855,1.292945709094826,61,-0.1511952360230571,0.3114754098360656,1.2501882131881061
2025,401752812,2,Indiana,Kennesaw State,1,46,0.5503156854157925,0.5869565217391305,1.4064783737349555,42,0.0035758751180419946,0.30952380952380953,1.91593059202568
2025,401752812,2,Kennesaw State,Indiana,1,42,0.0035758751180419946,0.30952380952380953,1.91593059202568,46,0.5503156854157925,0.5869565217391305,1.4064783737349555
2025,401752813,2,Minnesota,Northwestern State,1,22,0.7238122993031392,0.8636363636363636,0.9953150908142226,15,-0.920993982733814,0.06666666666666667,-0.34710487712173865
2025,401752813,2,Northwestern State,Minnesota,1,15,-0.920993982733814,0.06666666666666667,-0.34710487712173865,22,0.7238122993031392,0.8636363636363636,0.9953150908142226
2025,401752814,2,Georgia Southern,USC,1,45,-0.012352269088712519,0.37777777777777777,1.3083075330339138,46,0.7841566243615427,0.717391304347826,1.4541176216226193
2025,401752814,2,USC,Georgia Southern,1,46,0.7841566243615427,0.717391304347826,1.4541176216226193,45,-0.012352269088712519,0.37777777777777777,1.3083075330339138
2025,401752815,2,Grambling,Ohio State,1,30,-0.21883523802398763,0.3,0.9549721580003094,32,0.6839112972535576,0.78125,1.2955168109852038
2025,401752815,2,Ohio State,Grambling,1,32,0.6839112972535576,0.78125,1.2955168109852038,30,-0.21883523802398763,0.3,0.9549721580003094
2025,401752816,2,Boston College,Michigan State,1,77,0.30537678894751075,0.5194805194805194,0.9911328450136216,66,0.08006103404510784,0.3333333333333333,1.2992760182437781
2025,401752816,2,Michigan State,Boston College,1,66,0.08006103404510784,0.3333333333333333,1.2992760182437781,77,0.30537678894751075,0.5194805194805194,0.9911328450136216
2025,401752817,2,Northwestern,Western Illinois,1,56,0.2184288786224899,0.4642857142857143,1.2695145881367562,38,-0.16310432524963672,0.23684210526315788,1.700615320973102
2025,401752817,2,Western Illinois,Northwestern,1,38,-0.16310432524963672,0.23684210526315788,1.700615320973102,56,0.2184288786224899,0.4642857142857143,1.2695145881367562
2025,401752818,2,Miami (OH),Rutgers,1,40,0.13099635986496388,0.425,1.661726434053769,77,0.2625791578750143,0.5324675324675324,1.1056736311027366
2025,401752818,2,Rutgers,Miami (OH),1,77,0.2625791578750143,0.5324675324675324,1.1056736311027366,40,0.13099635986496388,0.425,1.661726434053769
2025,401752819,2,Purdue,Southern Illinois,1,76,0.21300714821021555,0.5394736842105263,1.06806742406751,59,0.15087544045321533,0.4745762711864407,1.2294633906497807
2025,401752819,2,Southern Illinois,Purdue,1,59,0.15087544045321533,0.4745762711864407,1.2294633906497807,76,0.21300714821021555,0.5394736842105263,1.06806742406751
2025,401752820,2,Middle Tennessee,Wisconsin,1,80,0.04167476735553162,0.4125,1.3864436442114165,51,0.45796170800299807,0.45098039215686275,1.6408899161849047
2025,401752820,2,Wisconsin,Middle Tennessee,1,51,0.45796170800299807,0.45098039215686275,1.6408899161849047,80,0.04167476735553162,0.4125,1.3864436442114165
2025,401752821,2,UC Davis,Washington,1,28,-0.05042088010639979,0.25,1.6472793488650348,38,0.7215395992917307,0.6052631578947368,1.5635166255444306
2025,401752821,2,Washington,UC Davis,1,38,0.7215395992917307,0.6052631578947368,1.5635166255444306,28,-0.05042088010639979,0.25,1.6472793488650348
2025,401752822,2,Iowa,Iowa State,1,63,-0.09549066368893434,0.36507936507936506,0.7895857440116122,57,0.11829912584958925,0.42105263157894735,0.8124292059492314
2025,401752822,2,Iowa State,Iowa,1,57,0.11829912584958925,0.42105263157894735,0.8124292059492314,63,-0.09549066368893434,0.36507936507936506,0.7895857440116122
2025,401752823,2,UCLA,UNLV,1,70,0.20247868508911454,0.4857142857142857,1.2575314922332366,51,0.33836563429032906,0.5098039215686274,1.1837827042123377
2025,401752823,2,UNLV,UCLA,1,51,0.33836563429032906,0.5098039215686274,1.1837827042123377,70,0.20247868508911454,0.4857142857142857,1.2575314922332366
2025,401752824,2,Oklahoma State,Oregon,1,32,-0.025187356712932943,0.28125,0.9205329172946601,35,0.9592636843863547,0.6571428571428571,1.784070138155185
2025,401752824,2,Oregon,Oklahoma State,1,35,0.9592636843863547,0.6571428571428571,1.784070138155185,32,-0.025187356712932943,0.28125,0.9205329172946601
2025,401752825,2,Duke,Illinois,1,53,0.21400039317674255,0.49056603773584906,1.0978178739251194,70,0.33726809970706245,0.42857142857142855,1.6151835240550494
2025,401752825,2,Illinois,Duke,1,70,0.33726809970706245,0.42857142857142855,1.6151835240550494,53,0.21400039317674255,0.49056603773584906,1.0978178739251194
2025,401752826,2,Maryland,Northern Illinois,1,65,-0.04272330550779726,0.4153846153846154,1.1366107189615533,70,-0.06690296308972495,0.2857142857142857,1.4239430288093902
2025,401752826,2,Northern Illinois,Maryland,1,70,-0.06690296308972495,0.2857142857142857,1.4239430288093902,65,-0.04272330550779726,0.4153846153846154,1.1366107189615533
2025,401752827,3,Ohio,Ohio State,1,42,-0.22446034165965412,0.21428571428571427,1.255806302022568,62,0.25299924913112953,0.5806451612903226,1.2105042734455365
2025,401752827,3,Ohio State,Ohio,1,62,0.25299924913112953,0.5806451612903226,1.2105042734455365,42,-0.22446034165965412,0.21428571428571427,1.255806302022568
2025,401752828,3,Houston Christian,Nebraska,1,28,-0.35382808088254675,0.2857142857142857,0.8154068199556354,44,0.5616980600633783,0.6818181818181818,1.0174235200408068
2025,401752828,3,Nebraska,Houston Christian,1,44,0.5616980600633783,0.6818181818181818,1.0174235200408068,28,-0.35382808088254675,0.2857142857142857,0.8154068199556354
2025,401752829,3,Illinois,Western Michigan,1,49,0.2810046133947541,0.5510204081632653,0.9062396201846699,45,-0.0744921286301897,0.3111111111111111,1.0597520419943056
2025,401752829,3,Western Michigan,Illinois,1,45,-0.0744921286301897,0.3111111111111111,1.0597520419943056,49,0.2810046133947541,0.5510204081632653,0.9062396201846699
2025,401752830,3,Iowa,Massachusetts,1,35,0.37643952130577246,0.45714285714285713,1.4841635314987984,30,-0.23371886650168028,0.3333333333333333,0.6343076554438396
2025,401752830,3,Massachusetts,Iowa,1,30,-0.23371886650168028,0.3333333333333333,0.6343076554438396,35,0.37643952130577246,0.45714285714285713,1.4841635314987984
2025,401752831,3,Northwestern,Oregon,1,42,-0.08410543657634059,0.47619047619047616,1.3203693043858404,42,0.4537621641639398,0.5476190476190477,1.39340406038518
2025,401752831,3,Oregon,Northwestern,1,42,0.4537621641639398,0.5476190476190477,1.39340406038518,42,-0.08410543657634059,0.47619047619047616,1.3203693043858404
2025,401752832,3,Purdue,USC,1,66,-0.10250483600138373,0.4090909090909091,1.5026624878559718,65,0.36173775551619763,0.47692307692307695,1.2813242469606756
2025,401752832,3,USC,Purdue,1,65,0.36173775551619763,0.47692307692307695,1.2813242469606756,66,-0.10250483600138373,0.4090909090909091,1.5026624878559718
2025,401752833,3,Norfolk State,Rutgers,1,31,-0.6142127883059064,0.3225806451612903,1.2281846589047858,52,0.3768598899352431,0.5576923076923077,1.2338505849531232
2025,401752833,3,Rutgers,Norfolk State,1,52,0.3768598899352431,0.5576923076923077,1.2338505849531232,31,-0.6142127883059064,0.3225806451612903,1.2281846589047858
2025,401752834,3,Michigan State,Youngstown State,1,61,0.35115799090963395,0.5081967213114754,1.4007453580749614,61,0.2148524037916993,0.4262295081967213,1.4547510637310446
2025,401752834,3,Youngstown State,Michigan State,1,61,0.2148524037916993,0.4262295081967213,1.4547510637310446,61,0.35115799090963395,0.5081967213114754,1.4007453580749614
2025,401752835,3,Penn State,Villanova,1,39,0.1343049951854353,0.48717948717948717,1.0657899746874715,15,-0.6533653160077396,0,0
2025,401752835,3,Villanova,Penn State,1,15,-0.6533653160077396,0,0,39,0.1343049951854353,0.48717948717948717,1.0657899746874715
2025,401752836,3,Indiana,Indiana State,1,36,0.7975222462708128,0.75,1.1272048185141001,22,-0.647871181784809,0.09090909090909091,1.0745974131345521
2025,401752836,3,Indiana State,Indiana,1,22,-0.647871181784809,0.09090909090909091,1.0745974131345521,36,0.7975222462708128,0.75,1.1272048185141001
2025,401752837,3,New Mexico,UCLA,1,63,0.3151294193925608,0.5238095238095238,1.0445170103086232,52,0.07697461192259243,0.5,0.9151253468927661
2025,401752837,3,UCLA,New Mexico,1,52,0.07697461192259243,0.5,0.9151253468927661,63,0.3151294193925608,0.5238095238095238,1.0445170103086232
2025,401752838,3,Maryland,Towson,1,39,0.5647080555840162,0.5897435897435898,1.3439116133156521,29,-0.4158849617304369,0.2413793103448276,0.40987182614349643
2025,401752838,3,Towson,Maryland,1,29,-0.4158849617304369,0.2413793103448276,0.40987182614349643,39,0.5647080555840162,0.5897435897435898,1.3439116133156521
2025,401752839,3,Central Michigan,Michigan,1,33,-0.2047161176159676,0.24242424242424243,1.0097063037649276,40,0.5519707659474664,0.55,1.5594695246717696
2025,401752839,3,Michigan,Central Michigan,1,40,0.5519707659474664,0.55,1.5594695246717696,33,-0.2047161176159676,0.24242424242424243,1.0097063037649276
2025,401752840,3,California,Minnesota,1,66,0.14681896977898434,0.42424242424242425,1.4403605448002639,73,-0.027291500374240222,0.3561643835616438,1.3495672750865817
2025,401752840,3,Minnesota,California,1,73,-0.027291500374240222,0.3561643835616438,1.3495672750865817,66,0.14681896977898434,0.42424242424242425,1.4403605448002639
2025,401752841,4,Oregon,Oregon State,1,58,0.44369196730292904,0.5517241379310345,1.382772191751403,37,-0.010791327111257583,0.24324324324324326,1.600480479796332
2025,401752841,4,Oregon State,Oregon,1,37,-0.010791327111257583,0.24324324324324326,1.600480479796332,58,0.44369196730292904,0.5517241379310345,1.382772191751403
2025,401752842,4,Washington,Washington State,1,47,0.6312115544720502,0.5531914893617021,1.7050154553221544,52,-0.01254225093926249,0.4807692307692308,1.1863348494849575
2025,401752842,4,Washington State,Washington,1,52,-0.01254225093926249,0.4807692307692308,1.1863348494849575,47,0.6312115544720502,0.5531914893617021,1.7050154553221544
2025,401752843,4,Illinois,Indiana,1,32,-0.16476477044331692,0.25,1.6065775834939993,40,0.638284664840064,0.55,1.5552095047584744
2025,401752843,4,Indiana,Illinois,1,40,0.638284664840064,0.55,1.5552095047584744,32,-0.16476477044331692,0.25,1.6065775834939993
2025,401752844,4,Iowa,Rutgers,1,56,0.2968694132554028,0.5714285714285714,0.8903490579137555,70,0.14299751345275963,0.44285714285714284,1.1446217276507809
2025,401752844,4,Rutgers,Iowa,1,70,0.14299751345275963,0.44285714285714284,1.1446217276507809,56,0.2968694132554028,0.5714285714285714,0.8903490579137555
2025,401752845,4,Maryland,Wisconsin,1,53,0.18270080007551093,0.33962264150943394,1.4276845558160633,59,-0.23042694196827582,0.3050847457627119,1.213036027477659
2025,401752845,4,Wisconsin,Maryland,1,59,-0.23042694196827582,0.3050847457627119,1.213036027477659,53,0.18270080007551093,0.33962264150943394,1.4276845558160633
2025,401752846,4,Michigan,Nebraska,1,55,0.17113023090282367,0.4,1.3795189442110942,71,0.10471605178402574,0.43661971830985913,1.1377220729554254
2025,401752846,4,Nebraska,Michigan,1,71,0.10471605178402574,0.43661971830985913,1.1377220729554254,55,0.17113023090282367,0.4,1.3795189442110942
2025,401752847,4,Michigan State,USC,1,54,0.1939658100179633,0.4444444444444444,1.1888608694810265,63,0.5049566105924758,0.5873015873015873,1.235662873633274
2025,401752847,4,USC,Michigan State,1,63,0.5049566105924758,0.5873015873015873,1.235662873633274,54,0.1939658100179633,0.4444444444444444,1.1888608694810265
2025,401752848,4,Notre Dame,Purdue,1,43,0.8446250309992507,0.6976744186046512,1.434553525386329,51,0.22028888467742558,0.43137254901960786,1.4659516094911245
2025,401752848,4,Purdue,Notre Dame,1,51,0.22028888467742558,0.43137254901960786,1.4659516094911245,43,0.8446250309992507,0.6976744186046512,1.434553525386329
2025,401752849,5,Minnesota,Rutgers,1,61,0.23111524569631103,0.5245901639344263,1.0687264107099348,75,0.20917724383954847,0.5066666666666667,1.2175695224366911
2025,401752849,5,Rutgers,Minnesota,1,75,0.20917724383954847,0.5066666666666667,1.2175695224366911,61,0.23111524569631103,0.5245901639344263,1.0687264107099348
2025,401752850,5,Illinois,USC,1,61,0.2122981444008265,0.5409836065573771,1.1640476516886167,76,0.2639017486338824,0.5657894736842105,1.0115256660498393
2025,401752850,5,USC,Illinois,1,76,0.2639017486338824,0.5657894736842105,1.0115256660498393,61,0.2122981444008265,0.5409836065573771,1.1640476516886167
2025,401752851,5,Northwestern,UCLA,1,62,0.10060812859066369,0.46774193548387094,1.0568885170163265,57,0.17937658109867538,0.42105263157894735,1.1796474122425669
2025,401752851,5,UCLA,Northwestern,1,57,0.17937658109867538,0.42105263157894735,1.1796474122425669,62,0.10060812859066369,0.46774193548387094,1.0568885170163265
2025,401752852,5,Ohio State,Washington,1,61,0.26801872585695496,0.5409836065573771,0.9238866002229581,52,-0.06242437305721827,0.40384615384615385,0.9737274566869892
2025,401752852,5,Washington,Ohio State,1,52,-0.06242437305721827,0.40384615384615385,0.9737274566869892,61,0.26801872585695496,0.5409836065573771,0.9238866002229581
2025,401752853,5,Indiana,Iowa,1,61,-0.01985746816696763,0.4098360655737705,1.3999948334027543,70,-0.16156140989702972,0.32857142857142857,1.2770571092646836
2025,401752853,5,Iowa,Indiana,1,70,-0.16156140989702972,0.32857142857142857,1.2770571092646836,61,-0.01985746816696763,0.4098360655737705,1.3999948334027543
2025,401752854,5,Oregon,Penn State,1,79,0.23872883201007747,0.4177215189873418,1.1704632393994592,63,0.11812836405442768,0.3968253968253968,1.2656339468521765
2025,401752854,5,Penn State,Oregon,1,63,0.11812836405442768,0.3968253968253968,1.2656339468521765,79,0.23872883201007747,0.4177215189873418,1.1704632393994592
2025,401752855,6,Penn State,UCLA,1,58,0.09842968410926273,0.5172413793103449,0.9292967949460672,63,0.07993886215465082,0.5079365079365079,1.0340531552660546
2025,401752855,6,UCLA,Penn State,1,63,0.07993886215465082,0.5079365079365079,1.0340531552660546,58,0.09842968410926273,0.5172413793103449,0.9292967949460672
2025,401752856,6,Michigan,Wisconsin,1,62,0.26683104201553476,0.5645161290322581,0.9750975244644517,57,0.004358554355983045,0.40350877192982454,0.8690071827974116
2025,401752856,6,Wisconsin,Michigan,1,57,0.004358554355983045,0.40350877192982454,0.8690071827974116,62,0.26683104201553476,0.5645161290322581,0.9750975244644517
2025,401752857,6,Maryland,Washington,1,69,0.00257505277314604,0.391304347826087,1.265242771941593,74,0.13152122387380405,0.5,0.9535139279733884
2025,401752857,6,Washington,Maryland,1,74,0.13152122387380405,0.5,0.9535139279733884,69,0.00257505277314604,0.391304347826087,1.265242771941593
2025,401752858,6,Northwestern,UL Monroe,1,62,0.49320603751082615,0.46774193548387094,1.7235432255633738,35,0.06576291806115396,0.42857142857142855,1.4339475026130315
2025,401752858,6,UL Monroe,Northwestern,1,35,0.06576291806115396,0.42857142857142855,1.4339475026130315,62,0.49320603751082615,0.46774193548387094,1.7235432255633738
2025,401752859,6,Minnesota,Ohio State,1,34,-0.1843231857467869,0.29411764705882354,0.7085725554608466,37,0.5294957809086114,0.5945945945945946,1.2805554515196313
2025,401752859,6,Ohio State,Minnesota,1,37,0.5294957809086114,0.5945945945945946,1.2805554515196313,34,-0.1843231857467869,0.29411764705882354,0.7085725554608466
2025,401752860,6,Michigan State,Nebraska,1,68,-0.1579281736701408,0.3088235294117647,1.260087546543254,54,-0.11607386709307108,0.37037037037037035,1.2827221872213008
2025,401752860,6,Nebraska,Michigan State,1,54,-0.11607386709307108,0.37037037037037035,1.2827221872213008,68,-0.1579281736701408,0.3088235294117647,1.260087546543254
2025,401752861,6,Illinois,Purdue,1,61,0.3079447080498246,0.4098360655737705,1.701542995883551,75,0.2946509065874486,0.5066666666666667,1.2768569410877655
2025,401752861,6,Purdue,Illinois,1,75,0.2946509065874486,0.5066666666666667,1.2768569410877655,61,0.3079447080498246,0.4098360655737705,1.701542995883551
2025,401752862,7,Rutgers,Washington,1,77,0.0944359712413316,0.38961038961038963,1.327172649054222,59,0.5368558896126581,0.576271186440678,1.2195085558846914
2025,401752862,7,Washington,Rutgers,1,59,0.5368558896126581,0.576271186440678,1.2195085558846914,77,0.0944359712413316,0.38961038961038963,1.327172649054222
2025,401752863,7,Michigan State,UCLA,1,53,-0.22458449191487206,0.41509433962264153,0.9238147124580304,70,0.28998450562174244,0.4857142857142857,1.1270503781794352
2025,401752863,7,UCLA,Michigan State,1,70,0.28998450562174244,0.4857142857142857,1.1270503781794352,53,-0.22458449191487206,0.41509433962264153,0.9238147124580304
2025,401752864,7,Minnesota,Purdue,1,63,-0.020799016908847397,0.31746031746031744,1.3127097074398821,81,0.012979667058198944,0.41975308641975306,1.1813880431883899
2025,401752864,7,Purdue,Minnesota,1,81,0.012979667058198944,0.41975308641975306,1.1813880431883899,63,-0.020799016908847397,0.31746031746031744,1.3127097074398821
2025,401752865,7,Illinois,Ohio State,1,57,-0.13755050514525313,0.49122807017543857,1.101823854257193,61,0.26496919875497077,0.4426229508196721,1.136220221767004
2025,401752865,7,Ohio State,Illinois,1,61,0.26496919875497077,0.4426229508196721,1.136220221767004,57,-0.13755050514525313,0.49122807017543857,1.101823854257193
2025,401752866,7,Northwestern,Penn State,1,71,0.16012614384959292,0.4647887323943662,0.9699546314717178,50,0.16531294808594266,0.42,1.238748044209312
2025,401752866,7,Penn State,Northwestern,1,50,0.16531294808594266,0.42,1.238748044209312,71,0.16012614384959292,0.4647887323943662,0.9699546314717178
2025,401752867,7,Maryland,Nebraska,1,66,0.09477856805225002,0.42424242424242425,1.1590588976744356,58,0.030629814123909107,0.5,1.2875394363102088
2025,401752867,7,Nebraska,Maryland,1,58,0.030629814123909107,0.5,1.2875394363102088,66,0.09477856805225002,0.42424242424242425,1.1590588976744356
2025,401752868,7,Michigan,USC,1,58,-0.058373913912782925,0.43103448275862066,1.099141670130438,68,0.3629312574839596,0.6029411764705882,1.1066589742110446
2025,401752868,7,USC,Michigan,1,68,0.3629312574839596,0.6029411764705882,1.1066589742110446,58,-0.058373913912782925,0.43103448275862066,1.099141670130438
2025,401752869,7,Iowa,Wisconsin,1,41,0.20111789868105917,0.5121951219512195,0.904457930689958,30,-0.7903027779118847,0.3,1.0388519676991381
2025,401752869,7,Wisconsin,Iowa,1,30,-0.7903027779118847,0.3,1.0388519676991381,41,0.20111789868105917,0.5121951219512195,0.904457930689958
2025,401752870,7,Indiana,Oregon,1,68,0.011225979814546818,0.45588235294117646,0.9308147115475139,61,-0.11157204302080936,0.36065573770491804,1.1783915524951944
2025,401752870,7,Oregon,Indiana,1,61,-0.11157204302080936,0.36065573770491804,1.1783915524951944,68,0.011225979814546818,0.45588235294117646,0.9308147115475139
2025,401752871,8,Notre Dame,USC,1,71,0.1325771746472546,0.49295774647887325,1.0413119076172834,69,-0.10784859880975638,0.3333333333333333,1.6777562295524961
2025,401752871,8,USC,Notre Dame,1,69,-0.10784859880975638,0.3333333333333333,1.6777562295524961,71,0.1325771746472546,0.49295774647887325,1.0413119076172834
2025,401752872,8,Minnesota,Nebraska,1,55,0.1860639066385367,0.4,1.2112158920340808,53,-0.10073082715538086,0.3584905660377358,0.9478317051499127
2025,401752872,8,Nebraska,Minnesota,1,53,-0.10073082715538086,0.3584905660377358,0.9478317051499127,55,0.1860639066385367,0.4,1.2112158920340808
2025,401752873,8,Michigan,Washington,1,68,0.230130041842107,0.47058823529411764,1.1410651876132678,55,-0.13267193694792603,0.45454545454545453,1.039080667543125
2025,401752873,8,Washington,Michigan,1,55,-0.13267193694792603,0.45454545454545453,1.039080667543125,68,0.230130041842107,0.47058823529411764,1.1410651876132678
2025,401752874,8,Northwestern,Purdue,1,76,0.0016068245765824677,0.42105263157894735,0.9159040512402465,56,-0.17719391394661038,0.375,1.1283554964709974
2025,401752874,8,Purdue,Northwestern,1,56,-0.17719391394661038,0.375,1.1283554964709974,76,0.0016068245765824677,0.42105263157894735,0.9159040512402465
2025,401752875,8,Iowa,Penn State,1,49,-0.027239002681000168,0.3877551020408163,1.2390018035934347,73,-0.11385617996982947,0.410958904109589,0.9970068124125103
2025,401752875,8,Penn State,Iowa,1,73,-0.11385617996982947,0.410958904109589,0.9970068124125103,49,-0.027239002681000168,0.3877551020408163,1.2390018035934347
2025,401752876,8,Oregon,Rutgers,1,33,1.0000353206379629,0.5757575757575758,2.0345011944604634,35,-0.22606476133841866,0.3142857142857143,0.810287244702125
2025,401752876,8,Rutgers,Oregon,1,35,-0.22606476133841866,0.3142857142857143,0.810287244702125,33,1.0000353206379629,0.5757575757575758,2.0345011944604634
2025,401752877,8,Ohio State,Wisconsin,1,57,0.4488308808434573,0.6140350877192983,1.0107076101628907,30,-0.4104120832601787,0.1,2.1372185837442195
2025,401752877,8,Wisconsin,Ohio State,1,30,-0.4104120832601787,0.1,2.1372185837442195,57,0.4488308808434573,0.6140350877192983,1.0107076101628907
2025,401752878,8,Indiana,Michigan State,1,39,0.7565982880564391,0.6923076923076923,1.4119885473741818,48,0.24865600484754355,0.4583333333333333,1.1880161285088136
2025,401752878,8,Michigan State,Indiana,1,48,0.24865600484754355,0.4583333333333333,1.1880161285088136,39,0.7565982880564391,0.6923076923076923,1.4119885473741818
2025,401752879,8,Maryland,UCLA,1,76,0.0388824022420935,0.34210526315789475,1.3730054336044457,74,0.0462484688351183,0.3918918918918919,1.4497596737329035
2025,401752879,8,UCLA,Maryland,1,74,0.0462484688351183,0.3918918918918919,1.4497596737329035,76,0.0388824022420935,0.34210526315789475,1.3730054336044457
2025,401752880,9,Illinois,Washington,1,64,0.07606223126526,0.515625,0.974591660042216,69,0.4364772645032365,0.5362318840579711,1.2579293266082272
2025,401752880,9,Washington,Illinois,1,69,0.4364772645032365,0.5362318840579711,1.2579293266082272,64,0.07606223126526,0.515625,0.974591660042216
2025,401752881,9,Michigan,Michigan State,1,69,0.08221732550463966,0.42028985507246375,0.9537230805121379,76,-0.07832768922369318,0.3684210526315789,1.0909323551186225
2025,401752881,9,Michigan State,Michigan,1,76,-0.07832768922369318,0.3684210526315789,1.0909323551186225,69,0.08221732550463966,0.42028985507246375,0.9537230805121379
2025,401752882,9,Iowa,Minnesota,1,33,0.2273535076242029,0.48484848484848486,1.1571485847502523,23,-0.40448567525136514,0.21739130434782608,1.1526617960474934
2025,401752882,9,Minnesota,Iowa,1,23,-0.40448567525136514,0.21739130434782608,1.1526617960474934,33,0.2273535076242029,0.48484848484848486,1.1571485847502523
2025,401752883,9,Nebraska,Northwestern,1,64,0.09021200995105409,0.5,0.8590310311039028,60,-0.07803861936531019,0.38333333333333336,1.2713056337344655
2025,401752883,9,Northwestern,Nebraska,1,60,-0.07803861936531019,0.38333333333333336,1.2713056337344655,64,0.09021200995105409,0.5,0.8590310311039028
2025,401752884,9,Purdue,Rutgers,1,52,0.1012988549423598,0.38461538461538464,1.5619902131552623,78,0.21860445507031437,0.48717948717948717,1.1821956886877163
2025,401752884,9,Rutgers,Purdue,1,78,0.21860445507031437,0.48717948717948717,1.1821956886877163,52,0.1012988549423598,0.38461538461538464,1.5619902131552623
2025,401752885,9,Indiana,UCLA,1,41,0.21213802064151874,0.5365853658536586,1.0876015830543129,31,-0.38578025487032125,0.2903225806451613,0.8152949200221301
2025,401752885,9,UCLA,Indiana,1,31,-0.38578025487032125,0.2903225806451613,0.8152949200221301,41,0.21213802064151874,0.5365853658536586,1.0876015830543129
2025,401752886,9,Oregon,Wisconsin,1,61,0.09802655091687634,0.4262295081967213,1.3606776197484507,49,-0.28275061655823613,0.32653061224489793,1.464986872493012
2025,401752886,9,Wisconsin,Oregon,1,49,-0.28275061655823613,0.32653061224489793,1.464986872493012,61,0.09802655091687634,0.4262295081967213,1.3606776197484507
2025,401752887,10,Indiana,Maryland,1,53,0.27573424433033406,0.5094339622641509,1.2417485880576433,27,-0.3945969216073359,0.25925925925925924,2.201056744783028
2025,401752887,10,Maryland,Indiana,1,27,-0.3945969216073359,0.25925925925925924,2.201056744783028,53,0.27573424433033406,0.5094339622641509,1.2417485880576433
2025,401752888,10,Michigan State,Minnesota,1,73,0.15326689243183952,0.4383561643835616,1.5078979437079598,63,0.06648742279179866,0.3333333333333333,1.1692280296594229
2025,401752888,10,Minnesota,Michigan State,1,63,0.06648742279179866,0.3333333333333333,1.1692280296594229,73,0.15326689243183952,0.4383561643835616,1.5078979437079598
2025,401752889,10,Ohio State,Penn State,1,47,0.5994191232559285,0.5531914893617021,1.4289163124977458,49,0.1758924502894085,0.3877551020408163,1.3051023439537532
2025,401752889,10,Penn State,Ohio State,1,49,0.1758924502894085,0.3877551020408163,1.3051023439537532,47,0.5994191232559285,0.5531914893617021,1.4289163124977458
2025,401752890,10,Michigan,Purdue,1,62,0.14903099002885942,0.5,0.8449337828738033,68,-0.09641137086816817,0.4411764705882353,0.8613374878590915
2025,401752890,10,Purdue,Michigan,1,68,-0.09641137086816817,0.4411764705882353,0.8613374878590915,62,0.14903099002885942,0.5,0.8449337828738033
2025,401752891,10,Illinois,Rutgers,1,62,0.35100108214541215,0.5,1.468323621737959,62,0.1464011648019629,0.4032258064516129,1.3055244584590493
2025,401752891,10,Rutgers,Illinois,1,62,0.1464011648019629,0.4032258064516129,1.3055244584590493,62,0.35100108214541215,0.5,1.468323621737959
2025,401752892,10,Nebraska,USC,1,65,0.02349304381268621,0.4461538461538462,0.9405109148777493,63,0.10161222417958975,0.4603174603174603,1.3192385623946203
2025,401752892,10,USC,Nebraska,1,63,0.10161222417958975,0.4603174603174603,1.3192385623946203,65,0.02349304381268621,0.4461538461538462,0.9405109148777493
2025,401752893,11,Indiana,Penn State,1,63,0.12786086443739522,0.42857142857142855,1.1963751286095359,68,0.1365047686206069,0.45588235294117646,1.2555165883667796
2025,401752893,11,Penn State,Indiana,1,68,0.1365047686206069,0.45588235294117646,1.2555165883667796,63,0.12786086443739522,0.42857142857142855,1.1963751286095359
2025,401752894,11,Maryland,Rutgers,1,59,0.08488468179783042,0.3728813559322034,1.5063365599593508,70,0.28573300353607245,0.5142857142857142,1.30805348006777
2025,401752894,11,Rutgers,Maryland,1,70,0.28573300353607245,0.5142857142857142,1.30805348006777,59,0.08488468179783042,0.3728813559322034,1.5063365599593508
2025,401752895,11,Nebraska,UCLA,1,57,0.2501016104778021,0.5964912280701754,1.1454809198168339,65,0.26249514739552143,0.46153846153846156,1.3521819069957604
2025,401752895,11,UCLA,Nebraska,1,65,0.26249514739552143,0.46153846153846156,1.3521819069957604,57,0.2501016104778021,0.5964912280701754,1.1454809198168339
2025,401752896,11,Northwestern,USC,1,55,-0.031089892700894312,0.4727272727272727,0.8470212006554741,66,0.42778346235345094,0.4696969696969697,1.527850130829648
2025,401752896,11,USC,Northwestern,1,66,0.42778346235345094,0.4696969696969697,1.527850130829648,55,-0.031089892700894312,0.4727272727272727,0.8470212006554741
2025,401752897,11,Ohio State,Purdue,1,66,0.35089629839608466,0.5909090909090909,1.11804401827581,33,-0.08229110382868307,0.36363636363636365,1.0148119023823958
2025,401752897,11,Purdue,Ohio State,1,33,-0.08229110382868307,0.36363636363636365,1.0148119023823958,66,0.35089629839608466,0.5909090909090909,1.11804401827581
2025,401752898,11,Iowa,Oregon,1,63,0.057182150721916424,0.36507936507936506,1.2385778052193674,59,0.10993045254289124,0.4576271186440678,0.9494164113375264
2025,401752898,11,Oregon,Iowa,1,59,0.10993045254289124,0.4576271186440678,0.9494164113375264,63,0.057182150721916424,0.36507936507936506,1.2385778052193674
2025,401752899,11,Washington,Wisconsin,1,68,-0.1413553689154761,0.39705882352941174,0.877608523435002,67,-0.17544123058223057,0.2835820895522388,1.1301945534474602
2025,401752899,11,Wisconsin,Washington,1,67,-0.17544123058223057,0.2835820895522388,1.1301945534474602,68,-0.1413553689154761,0.39705882352941174,0.877608523435002
2025,401752900,12,Ohio State,UCLA,1,56,0.3745789196583019,0.5178571428571429,1.2279712516358958,30,-0.19533206045985532,0.2,1.072014685346562
2025,401752900,12,UCLA,Ohio State,1,30,-0.19533206045985532,0.2,1.072014685346562,56,0.3745789196583019,0.5178571428571429,1.2279712516358958
2025,401752901,12,Indiana,Wisconsin,1,57,0.3713495814096258,0.5789473684210527,1.0636774558490014,44,-0.12698576276183626,0.2727272727272727,1.4693265675394886
2025,401752901,12,Wisconsin,Indiana,1,44,-0.12698576276183626,0.2727272727272727,1.4693265675394886,57,0.3713495814096258,0.5789473684210527,1.0636774558490014
2025,401752902,12,Purdue,Washington,1,35,-0.3789505351769493,0.22857142857142856,1.8831825976274479,27,0.5637022421359281,0.5555555555555556,1.7356630815453247
2025,401752902,12,Washington,Purdue,1,27,0.5637022421359281,0.5555555555555556,1.7356630815453247,35,-0.3789505351769493,0.22857142857142856,1.8831825976274479
2025,401752903,12,Michigan State,Penn State,1,50,-0.22582715477687898,0.34,0.9968404394936903,66,0.10248382902481065,0.5,1.059853423137225
2025,401752903,12,Penn State,Michigan State,1,66,0.10248382902481065,0.5,1.059853423137225,50,-0.22582715477687898,0.34,0.9968404394936903
2025,401752904,12,Minnesota,Oregon,1,49,0.029709428426725495,0.3673469387755102,1.0324612253950527,55,0.712011296648397,0.7090909090909091,1.268211976824431
2025,401752904,12,Oregon,Minnesota,1,55,0.712011296648397,0.7090909090909091,1.268211976824431,49,0.029709428426725495,0.3673469387755102,1.0324612253950527
2025,401752905,12,Michigan,Northwestern,1,80,0.019134078292257592,0.5,1.1654027587194005,55,0.014739759687791993,0.2545454545454545,1.3622508280372567
2025,401752905,12,Northwestern,Michigan,1,55,0.014739759687791993,0.2545454545454545,1.3622508280372567,80,0.019134078292257592,0.5,1.1654027587194005
2025,401752906,12,Illinois,Maryland,1,75,0.09891963590707469,0.52,0.8535982810960729,67,-0.11365734464463083,0.43283582089552236,0.9144135907062848
2025,401752906,12,Maryland,Illinois,1,67,-0.11365734464463083,0.43283582089552236,0.9144135907062848,75,0.09891963590707469,0.52,0.8535982810960729
2025,401752907,12,Iowa,USC,1,56,0.18452917708376573,0.48214285714285715,1.1388527898481675,65,0.11249033988203179,0.4307692307692308,1.1226599526579595
2025,401752907,12,USC,Iowa,1,65,0.11249033988203179,0.4307692307692308,1.1226599526579595,56,0.18452917708376573,0.48214285714285715,1.1388527898481675
2025,401752908,13,Nebraska,Penn State,1,50,-0.06520608803003276,0.32,1.4383122809947555,47,0.7494483413225675,0.5957446808510638,1.5240182901276618
2025,401752908,13,Penn State,Nebraska,1,47,0.7494483413225675,0.5957446808510638,1.5240182901276618,50,-0.06520608803003276,0.32,1.4383122809947555
2025,401752909,13,Minnesota,Northwestern,1,52,0.31228652384825567,0.4807692307692308,1.2884562335597651,71,0.4896357864645865,0.5211267605633803,1.3702676843359174
2025,401752909,13,Northwestern,Minnesota,1,71,0.4896357864645865,0.5211267605633803,1.3702676843359174,52,0.31228652384825567,0.4807692307692308,1.2884562335597651
2025,401752910,13,UCLA,Washington,1,43,-0.32428951229303116,0.23255813953488372,1.0723589341315398,50,0.23593959235855638,0.5,1.2699769364646492
2025,401752910,13,Washington,UCLA,1,50,0.23593959235855638,0.5,1.2699769364646492,43,-0.32428951229303116,0.23255813953488372,1.0723589341315398
2025,401752911,13,Oregon,USC,1,58,0.1738571439262376,0.5517241379310345,1.0885172229442746,68,-0.0635761059844596,0.3235294117647059,1.5600234983908696
2025,401752911,13,USC,Oregon,1,68,-0.0635761059844596,0.3235294117647059,1.5600234983908696,58,0.1738571439262376,0.5517241379310345,1.0885172229442746
2025,401752912,13,Ohio State,Rutgers,1,51,0.2633502078534942,0.49019607843137253,1.052303769235524,43,-0.30253796891510887,0.3023255813953488,0.9061617336417745
2025,401752912,13,Rutgers,Ohio State,1,43,-0.30253796891510887,0.3023255813953488,0.9061617336417745,51,0.2633502078534942,0.49019607843137253,1.052303769235524
2025,401752913,13,Iowa,Michigan State,1,64,-0.11259158217106446,0.40625,0.8867702183057045,71,-0.06153295747439485,0.39436619718309857,1.206400611269357
2025,401752913,13,Michigan State,Iowa,1,71,-0.06153295747439485,0.39436619718309857,1.206400611269357,64,-0.11259158217106446,0.40625,0.8867702183057045
2025,401752914,13,Maryland,Michigan,1,58,-0.0015067135097367038,0.3620689655172414,1.4754630283852606,62,0.35512451538783085,0.5967741935483871,1.0532687030202137
2025,401752914,13,Michigan,Maryland,1,62,0.35512451538783085,0.5967741935483871,1.0532687030202137,58,-0.0015067135097367038,0.3620689655172414,1.4754630283852606
2025,401752915,13,Illinois,Wisconsin,1,66,-0.08919655281433012,0.3484848484848485,1.1512505750359199,62,0.1494803162951755,0.3870967741935484,1.3521794018780113
2025,401752915,13,Wisconsin,Illinois,1,62,0.1494803162951755,0.3870967741935484,1.3521794018780113,66,-0.08919655281433012,0.3484848484848485,1.1512505750359199
2025,401752916,14,Iowa,Nebraska,1,54,0.3357679576818375,0.46296296296296297,1.4031824374594228,46,0.08662715708543597,0.3695652173913043,0.9116694607959942
2025,401752916,14,Nebraska,Iowa,1,46,0.08662715708543597,0.3695652173913043,0.9116694607959942,54,0.3357679576818375,0.46296296296296297,1.4031824374594228
2025,401752917,14,Oregon,Washington,1,74,0.16546237856244922,0.4189189189189189,1.1272429394170795,63,-0.06265196316158643,0.4126984126984127,1.0425314237078938
2025,401752917,14,Washington,Oregon,1,63,-0.06265196316158643,0.4126984126984127,1.0425314237078938,74,0.16546237856244922,0.4189189189189189,1.1272429394170795
2025,401752918,14,Minnesota,Wisconsin,1,56,0.05149264101630939,0.32142857142857145,1.5003692882146415,55,-0.27043236506301566,0.34545454545454546,1.2769376319754955
2025,401752918,14,Wisconsin,Minnesota,1,55,-0.27043236506301566,0.34545454545454546,1.2769376319754955,56,0.05149264101630939,0.32142857142857145,1.5003692882146415
2025,401752919,14,UCLA,USC,1,66,0.07410478371209726,0.4393939393939394,1.075279559559759,56,0.3534138903387142,0.5178571428571429,1.213484084278739
2025,401752919,14,USC,UCLA,1,56,0.3534138903387142,0.5178571428571429,1.213484084278739,66,0.07410478371209726,0.4393939393939394,1.075279559559759
2025,401752920,14,Penn State,Rutgers,1,54,0.46158076614779603,0.5370370370370371,1.300585831751191,66,0.2546251961473982,0.5303030303030303,1.3375467467753515
2025,401752920,14,Rutgers,Penn State,1,66,0.2546251961473982,0.5303030303030303,1.3375467467753515,54,0.46158076614779603,0.5370370370370371,1.300585831751191
2025,401752921,14,Michigan,Ohio State,1,41,-0.1792980583563682,0.24390243902439024,1.1442242203447428,75,0.1547278242806823,0.49333333333333335,1.1385338887081182
2025,401752921,14,Ohio State,Michigan,1,75,0.1547278242806823,0.49333333333333335,1.1385338887081182,41,-0.1792980583563682,0.24390243902439024,1.1442242203447428
2025,401752922,14,Illinois,Northwestern,1,53,0.08155673091720726,0.5094339622641509,0.8344545308110538,68,-0.21054978762841714,0.38235294117647056,1.0287004567794298
2025,401752922,14,Northwestern,Illinois,1,68,-0.21054978762841714,0.38235294117647056,1.0287004567794298,53,0.08155673091720726,0.5094339622641509,0.8344545308110538
2025,401752923,14,Maryland,Michigan State,1,76,0.25371786649196104,0.4473684210526316,1.4282049740746618,71,0.2916016709959427,0.5211267605633803,1.1985827836029053
2025,401752923,14,Michigan State,Maryland,1,71,0.2916016709959427,0.5211267605633803,1.1985827836029053,76,0.25371786649196104,0.4473684210526316,1.4282049740746618
2025,401752924,14,Indiana,Purdue,1,42,0.5064907456603694,0.6666666666666666,1.0605516177354932,44,-0.10039389518924337,0.3409090909090909,1.0729340946045922
2025,401752924,14,Purdue,Indiana,1,44,-0.10039389518924337,0.3409090909090909,1.0729340946045922,42,0.5064907456603694,0.6666666666666666,1.0605516177354932
2025,401752936,1,California,Oregon State,1,62,0.1267270329437002,0.4032258064516129,1.3369896123961733,61,-0.06780503110751666,0.4262295081967213,0.8148605262264148
2025,401752936,1,Oregon State,California,1,61,-0.06780503110751666,0.4262295081967213,0.8148605262264148,62,0.1267270329437002,0.4032258064516129,1.3369896123961733
2025,401752937,2,Fresno State,Oregon State,1,49,0.15256543545077147,0.32653061224489793,1.7191971051111896,104,0.2806557352219927,0.5096153846153846,1.2698198238786707
2025,401752937,2,Oregon State,Fresno State,1,104,0.2806557352219927,0.5096153846153846,1.2698198238786707,49,0.15256543545077147,0.32653061224489793,1.7191971051111896
2025,401752938,3,Oregon State,Texas Tech,1,43,-0.22323860985871338,0.20930232558139536,1.7758689027892174,50,0.5172565242587391,0.56,1.6120844925062094
2025,401752938,3,Texas Tech,Oregon State,1,50,0.5172565242587391,0.56,1.6120844925062094,43,-0.22323860985871338,0.20930232558139536,1.7758689027892174
2025,401752939,5,Houston,Oregon State,1,64,0.03652852166794697,0.296875,1.2971110176134288,75,0.05104202055479253,0.48,0.801237899270264
2025,401752939,5,Oregon State,Houston,1,75,0.05104202055479253,0.48,0.801237899270264,64,0.03652852166794697,0.296875,1.2971110176134288
2025,401752940,6,App State,Oregon State,1,64,0.2111654120389262,0.34375,1.6592959300404453,71,0.020013293687070187,0.5352112676056338,1.0357444096962212
2025,401752940,6,Oregon State,App State,1,71,0.020013293687070187,0.5352112676056338,1.0357444096962212,64,0.2111654120389262,0.34375,1.6592959300404453
2025,401752941,8,Lafayette,Oregon State,1,65,-0.037102896450574914,0.27692307692307694,1.4480254495479243,55,0.35478000845114227,0.6363636363636364,0.9105336458763648
2025,401752941,8,Oregon State,Lafayette,1,55,0.35478000845114227,0.6363636363636364,0.9105336458763648,65,-0.037102896450574914,0.27692307692307694,1.4480254495479243
2025,401752942,9,SMU,Wake Forest,1,68,-0.2528555018831795,0.22058823529411764,0.6632584971729271,78,-0.4010099132576259,0.28205128205128205,1.2973532060263444
2025,401752942,9,Wake Forest,SMU,1,78,-0.4010099132576259,0.28205128205128205,1.2973532060263444,68,-0.2528555018831795,0.22058823529411764,0.6632584971729271
2025,401752943,10,Oregon State,Washington State,1,62,-0.08567126936256628,0.3870967741935484,0.7341342150751626,60,-0.21679710788352904,0.36666666666666664,1.038501505281659
2025,401752943,10,Washington State,Oregon State,1,60,-0.21679710788352904,0.36666666666666664,1.038501505281659,62,-0.08567126936256628,0.3870967741935484,0.7341342150751626
2025,401752944,11,Oregon State,Sam Houston,1,86,-0.2248271185063206,0.43023255813953487,1.1273850751097594,50,-0.23468671454891124,0.24,1.565372515784183
2025,401752944,11,Sam Houston,Oregon State,1,50,-0.23468671454891124,0.24,1.565372515784183,86,-0.2248271185063206,0.43023255813953487,1.1273850751097594
2025,401752945,12,Oregon State,Tulsa,1,55,-0.1602661036774941,0.2909090909090909,1.1907899594373483,62,0.19761782824372717,0.45161290322580644,1.4215961180438945
2025,401752945,12,Tulsa,Oregon State,1,62,0.19761782824372717,0.45161290322580644,1.4215961180438945,55,-0.1602661036774941,0.2909090909090909,1.1907899594373483
2025,401752946,14,Oregon State,Washington State,1,54,-0.23569746478312822,0.37037037037037035,0.6520087722608203,53,0.20096517237105171,0.41509433962264153,1.170495411246675
2025,401752946,14,Washington State,Oregon State,1,53,0.20096517237105171,0.41509433962264153,1.170495411246675,54,-0.23569746478312822,0.37037037037037035,0.6520087722608203
2025,401752947,1,Idaho,Washington State,1,63,-0.10823619868535636,0.4444444444444444,0.6815812994909277,55,-0.022565404540376227,0.34545454545454546,0.9647357553460879
2025,401752947,1,Washington State,Idaho,1,55,-0.022565404540376227,0.34545454545454546,0.9647357553460879,63,-0.10823619868535636,0.4444444444444444,0.6815812994909277
2025,401752948,2,San Diego State,Washington State,1,58,-0.12987619724683663,0.39655172413793105,1.1914520970006375,75,0.16538631026074185,0.4533333333333333,1.0038264950119222
2025,401752948,2,Washington State,San Diego State,1,75,0.16538631026074185,0.4533333333333333,1.0038264950119222,58,-0.12987619724683663,0.39655172413793105,1.1914520970006375
2025,401752949,3,North Texas,Washington State,1,31,0.5910932425303284,0.4838709677419355,1.5005796286731026,38,-0.6690452614474912,0.2894736842105263,1.3638496455557336
2025,401752949,3,Washington State,North Texas,1,38,-0.6690452614474912,0.2894736842105263,1.3638496455557336,31,0.5910932425303284,0.4838709677419355,1.5005796286731026
2025,401752950,5,Colorado State,Washington State,1,65,-0.06170789116835078,0.46153846153846156,0.8630257702684169,61,0.16718905642832285,0.4918032786885246,0.9359823237431871
2025,401752950,5,Washington State,Colorado State,1,61,0.16718905642832285,0.4918032786885246,0.9359823237431871,65,-0.06170789116835078,0.46153846153846156,0.8630257702684169
2025,401752951,8,Virginia,Washington State,1,57,0.044158703414818506,0.40350877192982454,0.8919715153679569,61,0.022072726426420396,0.4262295081967213,0.9872256386440647
2025,401752951,8,Washington State,Virginia,1,61,0.022072726426420396,0.4262295081967213,0.9872256386440647,57,0.044158703414818506,0.40350877192982454,0.8919715153679569
2025,401752952,9,Toledo,Washington State,1,67,-0.15782728165972562,0.34328358208955223,1.2194407047782678,69,0.06901485518812725,0.42028985507246375,1.168281958997741
2025,401752952,9,Washington State,Toledo,1,69,0.06901485518812725,0.42028985507246375,1.168281958997741,67,-0.15782728165972562,0.34328358208955223,1.2194407047782678
2025,401752953,12,Louisiana Tech,Washington State,1,51,-0.23636119288615015,0.27450980392156865,0.9094194986740806,64,0.23983303519183746,0.4375,1.1101370537636364
2025,401752953,12,Washington State,Louisiana Tech,1,64,0.23983303519183746,0.4375,1.1101370537636364,51,-0.23636119288615015,0.27450980392156865,0.9094194986740806
2025,401752954,13,James Madison,Washington State,1,52,0.04441397299588464,0.40384615384615385,1.249509528870519,70,-0.04844019101057661,0.34285714285714286,1.0883699211241946
2025,401752954,13,Washington State,James Madison,1,70,-0.04844019101057661,0.34285714285714286,1.0883699211241946,52,0.04441397299588464,0.40384615384615385,1.249509528870519
2025,401754371,8,California,North Carolina,1,71,0.14276414465061418,0.38028169014084506,1.2195089609652343,64,-0.08521267596283422,0.34375,0.9159953488588256
2025,401754371,8,North Carolina,California,1,64,-0.08521267596283422,0.34375,0.9159953488588256,71,0.14276414465061418,0.38028169014084506,1.2195089609652343
2025,401754372,9,California,Virginia Tech,1,69,0.22219915546828237,0.37681159420289856,1.3476352232700564,80,0.3425968404799877,0.4625,1.3098553269957711
2025,401754372,9,Virginia Tech,California,1,80,0.3425968404799877,0.4625,1.3098553269957711,69,0.22219915546828237,0.37681159420289856,1.3476352232700564
2025,401754373,1,East Carolina,NC State,1,74,0.11890826343297167,0.33783783783783783,1.5698419455138493,69,0.12515516187302678,0.4057971014492754,1.4026397767183236
2025,401754373,1,NC State,East Carolina,1,69,0.12515516187302678,0.4057971014492754,1.4026397767183236,74,0.11890826343297167,0.33783783783783783,1.5698419455138493
2025,401754374,1,Kennesaw State,Wake Forest,1,74,-0.07154855207344409,0.2972972972972973,1.3834156875151715,73,0.038134189577198024,0.4246575342465753,1.0142261088458422
2025,401754374,1,Wake Forest,Kennesaw State,1,73,0.038134189577198024,0.4246575342465753,1.0142261088458422,74,-0.07154855207344409,0.2972972972972973,1.3834156875151715
2025,401754375,1,Colorado,Georgia Tech,1,59,0.15164264914000258,0.3898305084745763,1.1905248819816767,68,0.18845011318444077,0.5882352941176471,1.091538754755947
2025,401754375,1,Georgia Tech,Colorado,1,68,0.18845011318444077,0.5882352941176471,1.091538754755947,59,0.15164264914000258,0.3898305084745763,1.1905248819816767
2025,401754516,1,Hawai'i,Stanford,1,65,0.014624150218023126,0.4461538461538462,1.1127857219326382,76,0.058243068833711685,0.3684210526315789,1.02872115773376
2025,401754516,1,Stanford,Hawai'i,1,76,0.058243068833711685,0.3684210526315789,1.02872115773376,65,0.014624150218023126,0.4461538461538462,1.1127857219326382
2025,401754517,1,Duke,Elon,1,59,0.49225180574501903,0.5254237288135594,1.4851780526993363,58,0.13565626690282626,0.3275862068965517,1.4389583031500908
2025,401754517,1,Elon,Duke,1,58,0.13565626690282626,0.3275862068965517,1.4389583031500908,59,0.49225180574501903,0.5254237288135594,1.4851780526993363
2025,401754518,1,Boston College,Fordham,1,49,0.3194070957670676,0.46938775510204084,1.2851131921778487,33,-0.4620244532616614,0.24242424242424243,0.7837231791709303
2025,401754518,1,Fordham,Boston College,1,33,-0.4620244532616614,0.24242424242424243,0.7837231791709303,49,0.3194070957670676,0.46938775510204084,1.2851131921778487
2025,401754519,1,Eastern Kentucky,Louisville,1,19,-0.39565079770158906,0.05263157894736842,2.1541502787151225,39,0.3572522263937902,0.6410256410256411,1.504379798854555
2025,401754519,1,Louisville,Eastern Kentucky,1,39,0.3572522263937902,0.6410256410256411,1.504379798854555,19,-0.39565079770158906,0.05263157894736842,2.1541502787151225
2025,401754520,1,Duquesne,Pittsburgh,1,29,0.028077569287300114,0.13793103448275862,2.35813137555362,34,0.5043221886261389,0.5294117647058824,1.6752208394200354
2025,401754520,1,Pittsburgh,Duquesne,1,34,0.5043221886261389,0.5294117647058824,1.6752208394200354,29,0.028077569287300114,0.13793103448275862,2.35813137555362
2025,401754521,1,East Texas A&M,SMU,1,51,-0.3686147588025263,0.35294117647058826,0.8579465971931488,54,0.05492002315000746,0.4444444444444444,1.1194708464528622
2025,401754521,1,SMU,East Texas A&M,1,54,0.05492002315000746,0.4444444444444444,1.1194708464528622,51,-0.3686147588025263,0.35294117647058826,0.8579465971931488
2025,401754522,1,Miami,Notre Dame,1,68,0.15497744546353923,0.5,0.8863613204071918,58,0.03346280415560953,0.4482758620689655,1.239430959101071
2025,401754522,1,Notre Dame,Miami,1,58,0.03346280415560953,0.4482758620689655,1.239430959101071,68,0.15497744546353923,0.5,0.8863613204071918
2025,401754523,1,North Carolina,TCU,1,33,-0.06147043383166707,0.30303030303030304,1.665833779235694,52,0.3947753896293582,0.5769230769230769,1.2539586462934347
2025,401754523,1,TCU,North Carolina,1,52,0.3947753896293582,0.5769230769230769,1.2539586462934347,33,-0.06147043383166707,0.30303030303030304,1.665833779235694
2025,401754524,2,NC State,Virginia,1,58,0.4461866803784486,0.5172413793103449,1.2398052470906111,75,0.3102566290150626,0.4,1.6677563137663454
2025,401754524,2,Virginia,NC State,1,75,0.3102566290150626,0.4,1.6677563137663454,58,0.4461866803784486,0.5172413793103449,1.2398052470906111
2025,401754525,2,Baylor,SMU,1,90,0.13829915519816077,0.5111111111111111,1.1562117833284016,63,0.25291744429740465,0.4444444444444444,1.5433858576026012
2025,401754525,2,SMU,Baylor,1,63,0.25291744429740465,0.4444444444444444,1.5433858576026012,90,0.13829915519816077,0.5111111111111111,1.1562117833284016
2025,401754526,2,BYU,Stanford,1,64,0.04658517069504546,0.40625,1.1283049133457774,35,-0.2733741278338767,0.3142857142857143,0.5959140995250223
2025,401754526,2,Stanford,BYU,1,35,-0.2733741278338767,0.3142857142857143,0.5959140995250223,64,0.04658517069504546,0.40625,1.1283049133457774
2025,401754527,2,Charlotte,North Carolina,1,70,-0.11186466835080894,0.32857142857142857,1.1858659099846574,57,0.04830453574992949,0.38596491228070173,1.3506554069651944
2025,401754527,2,North Carolina,Charlotte,1,57,0.04830453574992949,0.38596491228070173,1.3506554069651944,70,-0.11186466835080894,0.32857142857142857,1.1858659099846574
2025,401754528,2,James Madison,Louisville,1,78,-0.11272359214942755,0.38461538461538464,0.94901568706256,53,-0.01139863835177513,0.2641509433962264,1.7092120942973354
2025,401754528,2,Louisville,James Madison,1,53,-0.01139863835177513,0.2641509433962264,1.7092120942973354,78,-0.11272359214942755,0.38461538461538464,0.94901568706256
2025,401754529,2,Central Michigan,Pittsburgh,1,67,-0.034038982582548394,0.26865671641791045,1.5906519655014684,57,0.374926081995076,0.5614035087719298,1.3142684530844178
2025,401754529,2,Pittsburgh,Central Michigan,1,57,0.374926081995076,0.5614035087719298,1.3142684530844178,67,-0.034038982582548394,0.26865671641791045,1.5906519655014684
2025,401754530,2,California,Texas Southern,1,72,0.07669189159266793,0.4305555555555556,1.1430459957219958,53,-0.30245738657475935,0.24528301886792453,0.8782876676976105
2025,401754530,2,Texas Southern,California,1,53,-0.30245738657475935,0.24528301886792453,0.8782876676976105,72,0.07669189159266793,0.4305555555555556,1.1430459957219958
2025,401754531,3,NC State,Wake Forest,1,76,0.11792256441079255,0.40789473684210525,1.2974039418713228,57,-0.08310494697996157,0.2982456140350877,1.393798847521654
2025,401754531,3,Wake Forest,NC State,1,57,-0.08310494697996157,0.2982456140350877,1.393798847521654,76,0.11792256441079255,0.40789473684210525,1.2974039418713228
2025,401754532,3,Colgate,Syracuse,1,45,-0.11406284181722454,0.3333333333333333,1.6681872905654906,39,0.532434238342131,0.5641025641025641,1.234864946776329
2025,401754532,3,Syracuse,Colgate,1,39,0.532434238342131,0.5641025641025641,1.234864946776329,45,-0.11406284181722454,0.3333333333333333,1.6681872905654906
2025,401754533,3,Boston College,Stanford,1,67,0.0248695072233846,0.43283582089552236,0.9470304203273815,58,0.16619927136680016,0.3793103448275862,1.3475209073266683
2025,401754533,3,Stanford,Boston College,1,58,0.16619927136680016,0.3793103448275862,1.3475209073266683,67,0.0248695072233846,0.43283582089552236,0.9470304203273815
2025,401754534,3,Duke,Tulane,1,77,0.016727977971918898,0.4155844155844156,1.3206638475930275,62,0.11489689280404516,0.3870967741935484,1.396568759274508
2025,401754534,3,Tulane,Duke,1,62,0.11489689280404516,0.3870967741935484,1.396568759274508,77,0.016727977971918898,0.4155844155844156,1.3206638475930275
2025,401754535,3,Miami,South Florida,1,52,0.33899019922638784,0.46153846153846156,1.6141778691604136,49,-0.16877550928425902,0.2653061224489796,1.5125264726914507
2025,401754535,3,South Florida,Miami,1,49,-0.16877550928425902,0.2653061224489796,1.5125264726914507,52,0.33899019922638784,0.46153846153846156,1.6141778691604136
2025,401754536,3,Old Dominion,Virginia Tech,1,53,0.33214239003337426,0.5660377358490566,1.1429080286701865,42,0.03348812262136988,0.5238095238095238,1.097502242781457
2025,401754536,3,Virginia Tech,Old Dominion,1,42,0.03348812262136988,0.5238095238095238,1.097502242781457,53,0.33214239003337426,0.5660377358490566,1.1429080286701865
2025,401754537,4,Clemson,Syracuse,1,83,-0.045540378332434586,0.4819277108433735,1.1039540485368644,75,0.1711139285969668,0.36,1.5705700787910992
2025,401754537,4,Syracuse,Clemson,1,75,0.1711139285969668,0.36,1.5705700787910992,83,-0.045540378332434586,0.4819277108433735,1.1039540485368644
2025,401754538,4,Duke,NC State,1,63,0.31905608341232683,0.4603174603174603,1.4767736262981366,72,0.04000707847319651,0.4722222222222222,1.3832877194231843
2025,401754538,4,NC State,Duke,1,72,0.04000707847319651,0.4722222222222222,1.3832877194231843,63,0.31905608341232683,0.4603174603174603,1.4767736262981366
2025,401754539,4,Stanford,Virginia,1,48,0.2459100941707972,0.3333333333333333,1.9151341060338545,72,0.4992163076046008,0.5555555555555556,1.2691632149696013
2025,401754539,4,Virginia,Stanford,1,72,0.4992163076046008,0.5555555555555556,1.2691632149696013,48,0.2459100941707972,0.3333333333333333,1.9151341060338545
2025,401754540,4,California,San Diego State,1,60,-0.3740237787192087,0.3,1.3681062628936242,35,0.12773502244478308,0.4,0.9392337170706484
2025,401754540,4,San Diego State,California,1,35,0.12773502244478308,0.4,0.9392337170706484,60,-0.3740237787192087,0.3,1.3681062628936242
2025,401754541,4,Florida State,Kent State,1,44,0.72679185249998,0.7727272727272727,1.3638528080370975,29,-0.2110925700288815,0.2413793103448276,1.8231922182924698
2025,401754541,4,Kent State,Florida State,1,29,-0.2110925700288815,0.2413793103448276,1.8231922182924698,44,0.72679185249998,0.7727272727272727,1.3638528080370975
2025,401754542,4,Georgia Tech,Temple,1,47,0.2719699430609627,0.48936170212765956,1.4931841823039629,62,-0.10693620773605714,0.3387096774193548,1.0354243432959964
2025,401754542,4,Temple,Georgia Tech,1,62,-0.10693620773605714,0.3387096774193548,1.0354243432959964,47,0.2719699430609627,0.48936170212765956,1.4931841823039629
2025,401754543,5,Florida State,Virginia,1,82,0.1523505181795394,0.5,1.2458187134383332,84,0.18396364556606967,0.4880952380952381,1.1422056751950997
2025,401754543,5,Virginia,Florida State,1,84,0.18396364556606967,0.4880952380952381,1.1422056751950997,82,0.1523505181795394,0.5,1.2458187134383332
2025,401754544,5,Boston College,California,1,60,0.25617173552548256,0.43333333333333335,1.500808917666712,79,0.10855734098382441,0.46835443037974683,1.1074096493105885
2025,401754544,5,California,Boston College,1,79,0.10855734098382441,0.46835443037974683,1.1074096493105885,60,0.25617173552548256,0.43333333333333335,1.500808917666712
2025,401754545,5,Duke,Syracuse,1,51,0.5209561559159531,0.5490196078431373,1.3928619595194225,47,-0.05814602420547611,0.3829787234042553,1.2377416305401068
2025,401754545,5,Syracuse,Duke,1,47,-0.05814602420547611,0.3829787234042553,1.2377416305401068,51,0.5209561559159531,0.5490196078431373,1.3928619595194225
2025,401754546,5,Georgia Tech,Wake Forest,1,83,-0.04382533418106253,0.3855421686746988,1.0250304535570884,68,0.2638599162883388,0.39705882352941174,1.3592231117348408
2025,401754546,5,Wake Forest,Georgia Tech,1,68,0.2638599162883388,0.39705882352941174,1.3592231117348408,83,-0.04382533418106253,0.3855421686746988,1.0250304535570884
2025,401754547,5,Louisville,Pittsburgh,1,84,0.05082205898737459,0.40476190476190477,1.3137582771944092,58,-0.510809605535558,0.3448275862068966,1.257743694523354
2025,401754547,5,Pittsburgh,Louisville,1,58,-0.510809605535558,0.3448275862068966,1.257743694523354,84,0.05082205898737459,0.40476190476190477,1.3137582771944092
2025,401754548,5,NC State,Virginia Tech,1,65,0.17212090977008618,0.4153846153846154,1.27364503646137,65,0.26824349395059144,0.3230769230769231,1.7590293328740576
2025,401754548,5,Virginia Tech,NC State,1,65,0.26824349395059144,0.3230769230769231,1.7590293328740576,65,0.17212090977008618,0.4153846153846154,1.27364503646137
2025,401754549,5,San José State,Stanford,1,72,0.34641861415442254,0.4583333333333333,1.429540621091929,69,0.31857086901589793,0.42028985507246375,1.5165623403004957
2025,401754549,5,Stanford,San José State,1,69,0.31857086901589793,0.42028985507246375,1.5165623403004957,72,0.34641861415442254,0.4583333333333333,1.429540621091929
2025,401754550,6,Boston College,Pittsburgh,1,25,-0.2412440245487032,0.12,2.3875175984650263,49,0.4668915797833658,0.4489795918367347,1.5273735667835076
2025,401754550,6,Pittsburgh,Boston College,1,49,0.4668915797833658,0.4489795918367347,1.5273735667835076,25,-0.2412440245487032,0.12,2.3875175984650263
2025,401754551,6,California,Duke,1,58,0.06568291399152842,0.3793103448275862,1.5585526737531978,60,0.3291045900981616,0.48333333333333334,1.3017973715845839
2025,401754551,6,Duke,California,1,60,0.3291045900981616,0.48333333333333334,1.3017973715845839,58,0.06568291399152842,0.3793103448275862,1.5585526737531978
2025,401754552,6,Clemson,North Carolina,1,34,0.7845976063271669,0.47058823529411764,1.8647561875141796,28,0.05118192409217869,0.42857142857142855,0.6549851452655949
2025,401754552,6,North Carolina,Clemson,1,28,0.05118192409217869,0.42857142857142855,0.6549851452655949,34,0.7845976063271669,0.47058823529411764,1.8647561875141796
2025,401754553,6,Florida State,Miami,1,74,0.049963612875557985,0.4189189189189189,1.3448487139304157,55,0.2115184813722445,0.45454545454545453,1.1098522286767722
2025,401754553,6,Miami,Florida State,1,55,0.2115184813722445,0.45454545454545453,1.1098522286767722,74,0.049963612875557985,0.4189189189189189,1.3448487139304157
2025,401754554,6,Louisville,Virginia,1,75,0.08841028175622294,0.4533333333333333,1.0108483460029816,63,-0.047305635278766196,0.2698412698412698,1.6135019775972153
2025,401754554,6,Virginia,Louisville,1,63,-0.047305635278766196,0.2698412698412698,1.6135019775972153,75,0.08841028175622294,0.4533333333333333,1.0108483460029816
2025,401754555,6,SMU,Syracuse,1,64,0.18897994347223865,0.421875,1.376016275312814,70,-0.14198782501364055,0.35714285714285715,1.2176128680083724
2025,401754555,6,Syracuse,SMU,1,70,-0.14198782501364055,0.35714285714285715,1.2176128680083724,64,0.18897994347223865,0.421875,1.376016275312814
2025,401754556,6,Virginia Tech,Wake Forest,1,61,-0.06827685120044255,0.36065573770491804,1.096940762771553,70,0.14146139878321873,0.37142857142857144,1.2869961544705522
2025,401754556,6,Wake Forest,Virginia Tech,1,70,0.14146139878321873,0.37142857142857144,1.2869961544705522,61,-0.06827685120044255,0.36065573770491804,1.096940762771553
2025,401754557,6,Campbell,NC State,1,33,-0.17271241237509732,0.21212121212121213,1.6431160682070316,30,1.246072928995733,0.7666666666666667,1.8572877939307888
2025,401754557,6,NC State,Campbell,1,30,1.246072928995733,0.7666666666666667,1.8572877939307888,33,-0.17271241237509732,0.21212121212121213,1.6431160682070316
2025,401754558,7,Boston College,Clemson,1,44,0.024382269668740023,0.38636363636363635,1.0299764255869996,57,0.40766012972825183,0.5263157894736842,1.3574233978523251
2025,401754558,7,Clemson,Boston College,1,57,0.40766012972825183,0.5263157894736842,1.3574233978523251,44,0.024382269668740023,0.38636363636363635,1.0299764255869996
2025,401754559,7,Florida State,Pittsburgh,1,61,0.2402811504980223,0.4426229508196721,1.3821960287251989,68,0.3792203624763937,0.47058823529411764,1.382906354151832
2025,401754559,7,Pittsburgh,Florida State,1,68,0.3792203624763937,0.47058823529411764,1.382906354151832,61,0.2402811504980223,0.4426229508196721,1.3821960287251989
2025,401754560,7,Georgia Tech,Virginia Tech,1,66,0.4615678402554083,0.5909090909090909,1.1036131272949603,54,0.2040579999884559,0.4444444444444444,1.361400958162641
2025,401754560,7,Virginia Tech,Georgia Tech,1,54,0.2040579999884559,0.4444444444444444,1.361400958162641,66,0.4615678402554083,0.5909090909090909,1.1036131272949603
2025,401754561,7,SMU,Stanford,1,53,0.3423947065749357,0.4339622641509434,1.584499087467448,65,-0.10971270857472203,0.4307692307692308,0.9607152718373129
2025,401754561,7,Stanford,SMU,1,65,-0.10971270857472203,0.4307692307692308,0.9607152718373129,53,0.3423947065749357,0.4339622641509434,1.584499087467448
2025,401754562,7,NC State,Notre Dame,1,51,-0.17211884805534172,0.29411764705882354,1.3094409078185836,69,0.1938894778735463,0.4492753623188406,1.3334349570019515
2025,401754562,7,Notre Dame,NC State,1,69,0.1938894778735463,0.4492753623188406,1.3334349570019515,51,-0.17211884805534172,0.29411764705882354,1.3094409078185836
2025,401754563,7,Oregon State,Wake Forest,1,48,-0.06358803430541451,0.3125,1.227821152198286,42,0.2739497061182445,0.38095238095238093,1.8186578064186976
2025,401754563,7,Wake Forest,Oregon State,1,42,0.2739497061182445,0.38095238095238093,1.8186578064186976,48,-0.06358803430541451,0.3125,1.227821152198286
2025,401754564,8,Louisville,Miami,1,68,0.005077714734682822,0.4117647058823529,1.254913333328238,57,0.05121158473701345,0.38596491228070173,1.2920718053683795
2025,401754564,8,Miami,Louisville,1,57,0.05121158473701345,0.38596491228070173,1.2920718053683795,68,0.005077714734682822,0.4117647058823529,1.254913333328238
2025,401754565,8,Clemson,SMU,1,73,-0.005493659847002231,0.3424657534246575,1.5705271852452318,71,0.12245670445246912,0.352112676056338,1.7192028458969015
2025,401754565,8,SMU,Clemson,1,71,0.12245670445246912,0.352112676056338,1.7192028458969015,73,-0.005493659847002231,0.3424657534246575,1.5705271852452318
2025,401754566,8,Duke,Georgia Tech,1,74,0.024123688061333054,0.527027027027027,1.0000859161915856,57,0.28096006628028347,0.47368421052631576,1.22212811958364
2025,401754566,8,Georgia Tech,Duke,1,57,0.28096006628028347,0.47368421052631576,1.22212811958364,74,0.024123688061333054,0.527027027027027,1.0000859161915856
2025,401754567,8,Florida State,Stanford,1,77,0.10332596755082504,0.4155844155844156,1.1533464036491974,66,0.09082432096423534,0.3484848484848485,1.0026866315095122
2025,401754567,8,Stanford,Florida State,1,66,0.09082432096423534,0.3484848484848485,1.0026866315095122,77,0.10332596755082504,0.4155844155844156,1.1533464036491974
2025,401754568,8,Pittsburgh,Syracuse,1,64,-0.08665506012485957,0.28125,1.1387361439369081,64,-0.3435271116510095,0.28125,1.2415210600168027
2025,401754568,8,Syracuse,Pittsburgh,1,64,-0.3435271116510095,0.28125,1.2415210600168027,64,-0.08665506012485957,0.28125,1.1387361439369081
2025,401754569,8,Boston College,UConn,1,79,0.16880255128776592,0.4430379746835443,1.257644626927103,62,0.24047786996995912,0.4032258064516129,1.4959519285760732
2025,401754569,8,UConn,Boston College,1,62,0.24047786996995912,0.4032258064516129,1.4959519285760732,79,0.16880255128776592,0.4430379746835443,1.257644626927103
2025,401754570,9,Boston College,Louisville,1,85,-0.12258178167961581,0.3764705882352941,1.248046639446086,63,0.13165586752747097,0.38095238095238093,1.533775374209854
2025,401754570,9,Louisville,Boston College,1,63,0.13165586752747097,0.38095238095238093,1.533775374209854,85,-0.12258178167961581,0.3764705882352941,1.248046639446086
2025,401754571,9,Georgia Tech,Syracuse,1,63,0.49612093761108145,0.6031746031746031,1.2285522948491054,44,0.11458235548696491,0.36363636363636365,1.5878879600872555
2025,401754571,9,Syracuse,Georgia Tech,1,44,0.11458235548696491,0.36363636363636365,1.5878879600872555,63,0.49612093761108145,0.6031746031746031,1.2285522948491054
2025,401754572,9,Miami,Stanford,1,62,0.22805781048347257,0.5483870967741935,0.9946987583106922,48,-0.5245004637255355,0.22916666666666666,0.9012915679103795
2025,401754572,9,Stanford,Miami,1,48,-0.5245004637255355,0.22916666666666666,0.9012915679103795,62,0.22805781048347257,0.5483870967741935,0.9946987583106922
2025,401754573,9,North Carolina,Virginia,1,77,-0.10350682933004923,0.36363636363636365,0.803885694429852,70,-0.20339383363270985,0.32857142857142857,0.9221816443882588
2025,401754573,9,Virginia,North Carolina,1,70,-0.20339383363270985,0.32857142857142857,0.9221816443882588,77,-0.10350682933004923,0.36363636363636365,0.803885694429852
2025,401754574,9,NC State,Pittsburgh,1,43,0.04135229618230479,0.32558139534883723,1.7270030000124859,79,0.34335883310242993,0.4050632911392405,1.581002040192946
2025,401754574,9,Pittsburgh,NC State,1,79,0.34335883310242993,0.4050632911392405,1.581002040192946,43,0.04135229618230479,0.32558139534883723,1.7270030000124859
2025,401754575,10,North Carolina,Syracuse,1,63,0.19842503755627428,0.4603174603174603,1.327152592438109,53,-0.23169340770402888,0.3018867924528302,0.9732436977400098
2025,401754575,10,Syracuse,North Carolina,1,53,-0.23169340770402888,0.3018867924528302,0.9732436977400098,63,0.19842503755627428,0.4603174603174603,1.327152592438109
2025,401754576,10,California,Virginia,1,60,-0.0455506619281068,0.36666666666666664,1.086043885289771,81,0.18860890951206394,0.41975308641975306,1.27318136122711
2025,401754576,10,Virginia,California,1,81,0.18860890951206394,0.41975308641975306,1.27318136122711,60,-0.0455506619281068,0.36666666666666664,1.086043885289771
2025,401754577,10,Clemson,Duke,1,75,0.4306112655681788,0.56,1.2216014306230296,65,0.3134157939206378,0.36923076923076925,1.8836220157986574
2025,401754577,10,Duke,Clemson,1,65,0.3134157939206378,0.36923076923076925,1.8836220157986574,75,0.4306112655681788,0.56,1.2216014306230296
2025,401754578,10,Florida State,Wake Forest,1,45,0.2899374600934426,0.4888888888888889,1.343819865844281,52,-0.30940013577036557,0.40384615384615385,0.9177735980776899
2025,401754578,10,Wake Forest,Florida State,1,52,-0.30940013577036557,0.40384615384615385,0.9177735980776899,45,0.2899374600934426,0.4888888888888889,1.343819865844281
2025,401754579,10,Georgia Tech,NC State,1,71,0.40835290023843895,0.5070422535211268,1.347676295726892,68,0.5196518761564451,0.5294117647058824,1.4481251761973284
2025,401754579,10,NC State,Georgia Tech,1,68,0.5196518761564451,0.5294117647058824,1.4481251761973284,71,0.40835290023843895,0.5070422535211268,1.347676295726892
2025,401754580,10,Louisville,Virginia Tech,1,67,-0.0002438537022481098,0.5074626865671642,1.1178076539107311,67,-0.19984242855730963,0.3582089552238806,0.7912499713636705
2025,401754580,10,Virginia Tech,Louisville,1,67,-0.19984242855730963,0.3582089552238806,0.7912499713636705,67,-0.0002438537022481098,0.5074626865671642,1.1178076539107311
2025,401754581,10,Miami,SMU,1,81,-0.050787328866512056,0.43209876543209874,1.0699544853562146,71,0.0776832090825641,0.4225352112676056,1.0986180228992273
2025,401754581,10,SMU,Miami,1,71,0.0776832090825641,0.4225352112676056,1.0986180228992273,81,-0.050787328866512056,0.43209876543209874,1.0699544853562146
2025,401754582,10,Pittsburgh,Stanford,1,75,0.05480866957240026,0.4,1.6474684378214508,74,-0.2991667381252584,0.2972972972972973,1.3559981723126833
2025,401754582,10,Stanford,Pittsburgh,1,74,-0.2991667381252584,0.2972972972972973,1.3559981723126833,75,0.05480866957240026,0.4,1.6474684378214508
2025,401754583,10,Boston College,Notre Dame,1,79,-0.13865336078393295,0.3670886075949367,1.148511871946397,58,0.264365243872952,0.43103448275862066,1.9468219002958869
2025,401754583,10,Notre Dame,Boston College,1,58,0.264365243872952,0.43103448275862066,1.9468219002958869,79,-0.13865336078393295,0.3670886075949367,1.148511871946397
2025,401754584,11,Boston College,SMU,1,65,-0.2883423913803657,0.47692307692307695,0.7918467182606079,53,0.3007014233032421,0.4528301886792453,1.7217294348208003
2025,401754584,11,SMU,Boston College,1,53,0.3007014233032421,0.4528301886792453,1.7217294348208003,65,-0.2883423913803657,0.47692307692307695,0.7918467182606079
2025,401754585,11,California,Louisville,1,74,0.20308479480591676,0.4189189189189189,1.2056766493377158,74,0.048617364221046074,0.43243243243243246,1.0394809335745356
2025,401754585,11,Louisville,California,1,74,0.048617364221046074,0.43243243243243246,1.0394809335745356,74,0.20308479480591676,0.4189189189189189,1.2056766493377158
2025,401754586,11,Clemson,Florida State,1,66,0.0812583477215886,0.3333333333333333,1.1349162609729322,70,-0.16527710974632742,0.3142857142857143,1.56909208903031
2025,401754586,11,Florida State,Clemson,1,70,-0.16527710974632742,0.3142857142857143,1.56909208903031,66,0.0812583477215886,0.3333333333333333,1.1349162609729322
2025,401754587,11,Miami,Syracuse,1,47,0.2125612526595785,0.3829787234042553,1.4068729898271033,53,-0.2779673807969817,0.32075471698113206,1.2789312482779993
2025,401754587,11,Syracuse,Miami,1,53,-0.2779673807969817,0.32075471698113206,1.2789312482779993,47,0.2125612526595785,0.3829787234042553,1.4068729898271033
2025,401754588,11,North Carolina,Stanford,1,53,0.05051309567472037,0.22641509433962265,1.8273129801138572,77,0.17360491875279394,0.42857142857142855,1.2481282755704206
2025,401754588,11,Stanford,North Carolina,1,77,0.17360491875279394,0.42857142857142855,1.2481282755704206,53,0.05051309567472037,0.22641509433962265,1.8273129801138572
2025,401754589,11,Virginia,Wake Forest,1,66,-0.2984766089817432,0.2878787878787879,1.2527217580317092,66,-0.21233604781822138,0.2878787878787879,1.2183515985233742
2025,401754589,11,Wake Forest,Virginia,1,66,-0.21233604781822138,0.2878787878787879,1.2183515985233742,66,-0.2984766089817432,0.2878787878787879,1.2527217580317092
2025,401754590,11,Duke,UConn,1,66,0.1321684175753601,0.5303030303030303,1.1305344819754934,74,0.24568115956228648,0.5,1.1238882083982458
2025,401754590,11,UConn,Duke,1,74,0.24568115956228648,0.5,1.1238882083982458,66,0.1321684175753601,0.5303030303030303,1.1305344819754934
2025,401754591,12,Clemson,Louisville,1,68,-0.1657974014296876,0.36764705882352944,1.0548261694640522,59,0.06103139625526184,0.4576271186440678,1.0751141676532652
2025,401754591,12,Louisville,Clemson,1,59,0.06103139625526184,0.4576271186440678,1.0751141676532652,68,-0.1657974014296876,0.36764705882352944,1.0548261694640522
2025,401754592,12,Boston College,Georgia Tech,1,68,0.3990614599615693,0.47058823529411764,1.464361439604552,78,0.34877806664239,0.5512820512820513,1.1847812194806535
2025,401754592,12,Georgia Tech,Boston College,1,78,0.34877806664239,0.5512820512820513,1.1847812194806535,68,0.3990614599615693,0.47058823529411764,1.464361439604552
2025,401754593,12,Duke,Virginia,1,46,-0.1312279097188739,0.30434782608695654,1.3545686238721497,81,0.20050810163049185,0.3950617283950617,1.725296842458882
2025,401754593,12,Virginia,Duke,1,81,0.20050810163049185,0.3950617283950617,1.725296842458882,46,-0.1312279097188739,0.30434782608695654,1.3545686238721497
2025,401754594,12,Florida State,Virginia Tech,1,73,0.3154597957287846,0.4931506849315068,1.058487577671017,61,0.12963676747865008,0.4918032786885246,1.1755692224185688
2025,401754594,12,Virginia Tech,Florida State,1,61,0.12963676747865008,0.4918032786885246,1.1755692224185688,73,0.3154597957287846,0.4931506849315068,1.058487577671017
2025,401754595,12,Miami,NC State,1,43,0.4152861539287246,0.5348837209302325,1.2905065750483142,29,-0.30752375166339335,0.20689655172413793,0.8654429586823407
2025,401754595,12,NC State,Miami,1,29,-0.30752375166339335,0.20689655172413793,0.8654429586823407,43,0.4152861539287246,0.5348837209302325,1.2905065750483142
2025,401754596,12,North Carolina,Wake Forest,1,65,-0.08722910507341325,0.4307692307692308,0.9250150827364231,63,0.2990879829843898,0.42857142857142855,1.4786027954022063
2025,401754596,12,Wake Forest,North Carolina,1,63,0.2990879829843898,0.42857142857142855,1.4786027954022063,65,-0.08722910507341325,0.4307692307692308,0.9250150827364231
2025,401754597,12,Notre Dame,Pittsburgh,1,63,0.08657207704464218,0.42857142857142855,1.5075367271803808,49,-0.26410890516994057,0.2857142857142857,1.0961133722306378
2025,401754597,12,Pittsburgh,Notre Dame,1,49,-0.26410890516994057,0.2857142857142857,1.0961133722306378,63,0.08657207704464218,0.42857142857142855,1.5075367271803808
2025,401754598,13,Florida State,NC State,1,68,0.09170659176365033,0.4411764705882353,1.147345198647764,69,0.07674307902016735,0.42028985507246375,1.076114602866796
2025,401754598,13,NC State,Florida State,1,69,0.07674307902016735,0.42028985507246375,1.076114602866796,68,0.09170659176365033,0.4411764705882353,1.147345198647764
2025,401754599,13,California,Stanford,1,77,-0.2845825138074979,0.2857142857142857,1.3850629598962296,59,0.039514252689991036,0.4406779661016949,0.8524140496567233
2025,401754599,13,Stanford,California,1,59,0.039514252689991036,0.4406779661016949,0.8524140496567233,77,-0.2845825138074979,0.2857142857142857,1.3850629598962296
2025,401754600,13,Duke,North Carolina,1,80,0.15357196730473033,0.4125,1.4216761297207474,53,0.21582394028214208,0.5094339622641509,1.1466228183044789
2025,401754600,13,North Carolina,Duke,1,53,0.21582394028214208,0.5094339622641509,1.1466228183044789,80,0.15357196730473033,0.4125,1.4216761297207474
2025,401754601,13,Georgia Tech,Pittsburgh,1,76,-0.12834528669997597,0.40789473684210525,1.0407141096280694,69,0.1105595488599718,0.4492753623188406,1.3972027596733991
2025,401754601,13,Pittsburgh,Georgia Tech,1,69,0.1105595488599718,0.4492753623188406,1.3972027596733991,76,-0.12834528669997597,0.40789473684210525,1.0407141096280694
2025,401754602,13,Louisville,SMU,1,38,0.024783537127666014,0.34210526315789475,0.861897483862008,68,0.33750208865821923,0.4852941176470588,1.4079742960843213
2025,401754602,13,SMU,Louisville,1,68,0.33750208865821923,0.4852941176470588,1.4079742960843213,38,0.024783537127666014,0.34210526315789475,0.861897483862008
2025,401754603,13,Miami,Virginia Tech,1,65,0.3764200765808513,0.4461538461538462,1.2669321799982896,69,0.19332796558812457,0.4492753623188406,1.7318186136363196
2025,401754603,13,Virginia Tech,Miami,1,69,0.19332796558812457,0.4492753623188406,1.7318186136363196,65,0.3764200765808513,0.4461538461538462,1.2669321799982896
2025,401754604,13,Notre Dame,Syracuse,1,12,1.1050652805887538,0.6666666666666666,1.9561538569431596,21,-1.310111563555126,0.09523809523809523,0.7690040655368193
2025,401754604,13,Syracuse,Notre Dame,1,21,-1.310111563555126,0.09523809523809523,0.7690040655368193,12,1.1050652805887538,0.6666666666666666,1.9561538569431596
2025,401754605,13,Clemson,Furman,1,61,0.23419486065894324,0.4262295081967213,1.42805572795484,63,-0.12742714090030527,0.23809523809523808,1.6178412243870586
2025,401754605,13,Furman,Clemson,1,63,-0.12742714090030527,0.23809523809523808,1.6178412243870586,61,0.23419486065894324,0.4262295081967213,1.42805572795484
2025,401754606,13,Delaware,Wake Forest,1,34,-0.15406069025903055,0.29411764705882354,1.2419498760862058,47,0.5409469346940428,0.5106382978723404,1.6898988329322242
2025,401754606,13,Wake Forest,Delaware,1,47,0.5409469346940428,0.5106382978723404,1.6898988329322242,34,-0.15406069025903055,0.29411764705882354,1.2419498760862058
2025,401754608,14,Boston College,Syracuse,1,55,0.30357669960972306,0.4,1.7018551745561128,51,-0.012788087486622015,0.37254901960784315,0.945707557239691
2025,401754608,14,Syracuse,Boston College,1,51,-0.012788087486622015,0.37254901960784315,0.945707557239691,55,0.30357669960972306,0.4,1.7018551745561128
2025,401754609,14,California,SMU,1,78,0.2979499826056869,0.46153846153846156,1.140585905791586,68,0.3077330496430993,0.5,1.4088153978571603
2025,401754609,14,SMU,California,1,68,0.3077330496430993,0.5,1.4088153978571603,78,0.2979499826056869,0.46153846153846156,1.140585905791586
2025,401754610,14,Duke,Wake Forest,1,75,0.25227465784104625,0.4266666666666667,1.5422132547038163,75,0.14778016593557736,0.4266666666666667,1.3458477268536715
2025,401754610,14,Wake Forest,Duke,1,75,0.14778016593557736,0.4266666666666667,1.3458477268536715,75,0.25227465784104625,0.4266666666666667,1.5422132547038163
2025,401754611,14,Miami,Pittsburgh,1,52,0.33917736078438976,0.5769230769230769,1.049865667827004,42,0.15868966852925143,0.2857142857142857,1.8902527378346075
2025,401754611,14,Pittsburgh,Miami,1,42,0.15868966852925143,0.2857142857142857,1.8902527378346075,52,0.33917736078438976,0.5769230769230769,1.049865667827004
2025,401754612,14,NC State,North Carolina,1,69,0.4344728246140116,0.5217391304347826,1.2298019237843945,52,0.06769241034221811,0.3076923076923077,1.410799038603294
2025,401754612,14,North Carolina,NC State,1,52,0.06769241034221811,0.3076923076923077,1.410799038603294,69,0.4344728246140116,0.5217391304347826,1.2298019237843945
2025,401754613,14,Virginia,Virginia Tech,1,68,0.1800185493482324,0.4264705882352941,1.1300158473526656,41,-0.058090505609793654,0.21951219512195122,1.6486870384226744
2025,401754613,14,Virginia Tech,Virginia,1,41,-0.058090505609793654,0.21951219512195122,1.6486870384226744,68,0.1800185493482324,0.4264705882352941,1.1300158473526656
2025,401754614,14,Notre Dame,Stanford,1,47,0.4974293828038623,0.48936170212765956,1.4710928142741861,33,-0.12573284042760338,0.24242424242424243,1.8489400676372658
2025,401754614,14,Stanford,Notre Dame,1,33,-0.12573284042760338,0.24242424242424243,1.8489400676372658,47,0.4974293828038623,0.48936170212765956,1.4710928142741861
2025,401754615,3,Missouri State,SMU,1,63,-0.12073018664203575,0.3492063492063492,1.432230480578074,68,0.28631784773654106,0.4852941176470588,1.3616956711587556
2025,401754615,3,SMU,Missouri State,1,68,0.28631784773654106,0.4852941176470588,1.3616956711587556,63,-0.12073018664203575,0.3492063492063492,1.432230480578074
2025,401754616,1,Coastal Carolina,Virginia,1,31,-0.2832647648569808,0.25806451612903225,0.9582721795797762,47,0.44280132406290185,0.574468085106383,1.3170759738369835
2025,401754616,1,Virginia,Coastal Carolina,1,47,0.44280132406290185,0.574468085106383,1.3170759738369835,31,-0.2832647648569808,0.25806451612903225,0.9582721795797762
2025,401754617,4,Virginia Tech,Wofford,1,46,0.27275936367986997,0.5434782608695652,1.1238004436824027,29,-0.38258659565199143,0.1724137931034483,1.531049233724276
2025,401754617,4,Wofford,Virginia Tech,1,29,-0.38258659565199143,0.1724137931034483,1.531049233724276,46,0.27275936367986997,0.5434782608695652,1.1238004436824027
2025,401754618,2,Syracuse,UConn,1,76,0.06104401034865041,0.4342105263157895,1.1732749965924085,72,0.12100050640720231,0.4583333333333333,1.010410038994741
2025,401754618,2,UConn,Syracuse,1,72,0.12100050640720231,0.4583333333333333,1.010410038994741,76,0.06104401034865041,0.4342105263157895,1.1732749965924085
2025,401754619,3,Virginia,William & Mary,1,52,0.6422862857948728,0.6153846153846154,1.269964174542815,20,-0.3020617642515462,0.1,3.475052408924439
2025,401754619,3,William & Mary,Virginia,1,20,-0.3020617642515462,0.1,3.475052408924439,52,0.6422862857948728,0.6153846153846154,1.269964174542815
2025,401754620,2,Wake Forest,Western Carolina,1,37,0.317331313976011,0.3783783783783784,2.931545426042814,55,-0.296696643447296,0.2545454545454545,1.210674819813402
2025,401754620,2,Western Carolina,Wake Forest,1,55,-0.296696643447296,0.2545454545454545,1.210674819813402,37,0.317331313976011,0.3783783783783784,2.931545426042814
2025,401754621,2,East Texas A&M,Florida State,1,21,-0.5440615846035132,0.3333333333333333,0.8470548533615753,31,0.9121752803385639,0.5161290322580645,2.2520137233174222
2025,401754621,2,Florida State,East Texas A&M,1,31,0.9121752803385639,0.5161290322580645,2.2520137233174222,21,-0.5440615846035132,0.3333333333333333,0.8470548533615753
2025,401754622,2,Gardner-Webb,Georgia Tech,1,32,-0.13409478998669336,0.28125,1.1397229290912687,40,0.3684404376602544,0.525,1.2250023131919228
2025,401754622,2,Georgia Tech,Gardner-Webb,1,40,0.3684404376602544,0.525,1.2250023131919228,32,-0.13409478998669336,0.28125,1.1397229290912687
2025,401754623,3,Clemson,Georgia Tech,1,61,0.12404486135479237,0.47540983606557374,0.9343273904242391,70,0.11372562127639943,0.45714285714285713,1.1067786221502987
2025,401754623,3,Georgia Tech,Clemson,1,70,0.11372562127639943,0.45714285714285713,1.1067786221502987,61,0.12404486135479237,0.47540983606557374,0.9343273904242391
2025,401754636,4,SMU,TCU,1,65,0.14934553398020786,0.4153846153846154,1.3093488015042951,77,0.24924206908339716,0.38961038961038963,1.7090401984826913
2025,401754636,4,TCU,SMU,1,77,0.24924206908339716,0.38961038961038963,1.7090401984826913,65,0.14934553398020786,0.4153846153846154,1.3093488015042951
2025,401754637,2,Clemson,Troy,1,55,0.0074933499196673395,0.43636363636363634,0.9144978026800653,61,-0.09318913748119897,0.3442622950819672,1.54485234851612
2025,401754637,2,Troy,Clemson,1,61,-0.09318913748119897,0.3442622950819672,1.54485234851612,55,0.0074933499196673395,0.43636363636363634,0.9144978026800653
2025,401754638,3,Pittsburgh,West Virginia,1,66,0.06316179003534755,0.3484848484848485,1.3152876348878972,83,-0.010670458805915526,0.3855421686746988,1.1408239270061635
2025,401754638,3,West Virginia,Pittsburgh,1,83,-0.010670458805915526,0.3855421686746988,1.1408239270061635,66,0.06316179003534755,0.3484848484848485,1.3152876348878972
2025,401754639,3,North Carolina,Richmond,1,41,0.22049374516401918,0.43902439024390244,1.167694854199228,43,-0.25228449443616047,0.23255813953488372,0.8913944592565887
2025,401754639,3,Richmond,North Carolina,1,43,-0.25228449443616047,0.23255813953488372,0.8913944592565887,41,0.22049374516401918,0.43902439024390244,1.167694854199228
2025,401754640,4,North Carolina,UCF,1,53,-0.06882337059478175,0.37735849056603776,1.0669333309081501,63,0.40183575981568626,0.49206349206349204,1.1083941137501079
2025,401754640,4,UCF,North Carolina,1,63,0.40183575981568626,0.49206349206349204,1.1083941137501079,53,-0.06882337059478175,0.37735849056603776,1.0669333309081501
2025,401754641,2,Bethune-Cookman,Miami,1,25,-0.0766427716157732,0.28,0.9774812850453963,42,0.6936393321317085,0.7619047619047619,1.106783557671528
2025,401754641,2,Miami,Bethune-Cookman,1,42,0.6936393321317085,0.7619047619047619,1.106783557671528,25,-0.0766427716157732,0.28,0.9774812850453963
2025,401754642,4,Bowling Green,Louisville,1,45,0.009767108613000558,0.37777777777777777,1.4060389842551881,40,0.44952965483968194,0.55,1.3483152378124863
2025,401754642,4,Louisville,Bowling Green,1,40,0.44952965483968194,0.55,1.3483152378124863,45,0.009767108613000558,0.37777777777777777,1.4060389842551881
2025,401756846,1,Iowa State,Kansas State,1,73,0.12051931603433742,0.3424657534246575,1.3876896751259156,57,-0.0005220970151715923,0.3508771929824561,1.5141245234452865
2025,401756846,1,Kansas State,Iowa State,1,57,-0.0005220970151715923,0.3508771929824561,1.5141245234452865,73,0.12051931603433742,0.3424657534246575,1.3876896751259156
2025,401756847,1,Fresno State,Kansas,1,43,-0.0003875984604707886,0.3488372093023256,1.645908051416143,52,0.5518180183422688,0.5961538461538461,1.1123198240179766
2025,401756847,1,Kansas,Fresno State,1,52,0.5518180183422688,0.5961538461538461,1.1123198240179766,43,-0.0003875984604707886,0.3488372093023256,1.645908051416143
2025,401756848,1,Jacksonville State,UCF,1,68,0.002959947353844444,0.38235294117647056,1.283652469860738,71,0.13378884897628363,0.39436619718309857,1.7225812323890697
2025,401756848,1,UCF,Jacksonville State,1,71,0.13378884897628363,0.39436619718309857,1.7225812323890697,68,0.002959947353844444,0.38235294117647056,1.283652469860738
2025,401756849,1,Arizona,Hawai'i,1,39,0.27769291293468606,0.358974358974359,1.8683355795896237,56,-0.16800820389555038,0.32142857142857145,1.1479473378952674
2025,401756849,1,Hawai'i,Arizona,1,56,-0.16800820389555038,0.32142857142857145,1.1479473378952674,39,0.27769291293468606,0.358974358974359,1.8683355795896237
2025,401756850,1,Arizona State,Northern Arizona,1,62,0.3888528881180688,0.4838709677419355,1.6635026349882067,64,-0.24600219755826477,0.328125,1.2160756930015075
2025,401756850,1,Northern Arizona,Arizona State,1,64,-0.24600219755826477,0.328125,1.2160756930015075,62,0.3888528881180688,0.4838709677419355,1.6635026349882067
2025,401756851,1,BYU,Portland State,1,26,0.891208732181197,0.6153846153846154,1.7238877677295987,27,-0.44467172787297304,0.14814814814814814,1.3574065154359523
2025,401756851,1,Portland State,BYU,1,27,-0.44467172787297304,0.14814814814814814,1.3574065154359523,26,0.891208732181197,0.6153846153846154,1.7238877677295987
2025,401756852,1,Houston,Stephen F. Austin,1,61,0.07633523842501447,0.39344262295081966,1.3062815570640105,44,-0.4334689568661493,0.1590909090909091,1.0583473398911163
2025,401756852,1,Stephen F. Austin,Houston,1,44,-0.4334689568661493,0.1590909090909091,1.0583473398911163,61,0.07633523842501447,0.39344262295081966,1.3062815570640105
2025,401756853,1,Iowa State,South Dakota,1,39,0.7117850766368949,0.6153846153846154,1.3663935760232242,39,0.006333575896656608,0.3333333333333333,1.5659554617924942
2025,401756853,1,South Dakota,Iowa State,1,39,0.006333575896656608,0.3333333333333333,1.5659554617924942,39,0.7117850766368949,0.6153846153846154,1.3663935760232242
2025,401756854,1,Kansas,Wagner,1,41,0.5339236188665004,0.6829268292682927,1.1442684192744077,30,-0.020214131395418666,0.16666666666666666,2.1512466167640842
2025,401756854,1,Wagner,Kansas,1,30,-0.020214131395418666,0.16666666666666666,2.1512466167640842,41,0.5339236188665004,0.6829268292682927,1.1442684192744077
2025,401756855,1,Kansas State,North Dakota,1,73,0.24261034134992648,0.4794520547945205,1.3619856065816776,73,0.10511953181444275,0.3698630136986301,1.639947588882624
2025,401756855,1,North Dakota,Kansas State,1,73,0.10511953181444275,0.3698630136986301,1.639947588882624,73,0.24261034134992648,0.4794520547945205,1.3619856065816776
2025,401756876,1,Oklahoma State,UT Martin,1,75,0.1918689555892476,0.38666666666666666,1.243732687889223,56,0.04235434128823501,0.3392857142857143,1.2033261575214573
2025,401756876,1,UT Martin,Oklahoma State,1,56,0.04235434128823501,0.3392857142857143,1.2033261575214573,75,0.1918689555892476,0.38666666666666666,1.243732687889223
2025,401756877,1,Arkansas-Pine Bluff,Texas Tech,1,29,-0.5704531021261143,0.13793103448275862,1.0336539915697598,37,0.6854661443644827,0.7027027027027027,1.1249146491644089
2025,401756877,1,Texas Tech,Arkansas-Pine Bluff,1,37,0.6854661443644827,0.7027027027027027,1.1249146491644089,29,-0.5704531021261143,0.13793103448275862,1.0336539915697598
2025,401756878,1,Robert Morris,West Virginia,1,46,-0.3828048818980945,0.17391304347826086,1.5001176843927861,59,0.42575032687823394,0.5932203389830508,0.9519615541435417
2025,401756878,1,West Virginia,Robert Morris,1,59,0.42575032687823394,0.5932203389830508,0.9519615541435417,46,-0.3828048818980945,0.17391304347826086,1.5001176843927861
2025,401756879,2,Arizona,Weber State,1,48,0.4860522392826326,0.4375,1.361106629789712,41,-0.3281940510067181,0.2682926829268293,0.6046299159649878
2025,401756879,2,Weber State,Arizona,1,41,-0.3281940510067181,0.2682926829268293,0.6046299159649878,48,0.4860522392826326,0.4375,1.361106629789712
2025,401756880,2,Bowling Green,Cincinnati,1,70,0.13170778677920442,0.42857142857142855,1.1586716316269692,53,0.336099902119241,0.4528301886792453,1.3030533311283063
2025,401756880,2,Cincinnati,Bowling Green,1,53,0.336099902119241,0.4528301886792453,1.3030533311283063,70,0.13170778677920442,0.42857142857142855,1.1586716316269692
2025,401756881,2,Colorado,Delaware,1,56,0.3156963043787992,0.4107142857142857,1.6493307845261884,46,-0.03700320190215,0.3695652173913043,1.3915715501843804
2025,401756881,2,Delaware,Colorado,1,46,-0.03700320190215,0.3695652173913043,1.3915715501843804,56,0.3156963043787992,0.4107142857142857,1.6493307845261884
2025,401756882,2,Army,Kansas State,1,82,0.12990389072719014,0.3902439024390244,1.1633687113620768,43,0.04205364211818639,0.4186046511627907,1.2174328087400652
2025,401756882,2,Kansas State,Army,1,43,0.04205364211818639,0.4186046511627907,1.2174328087400652,82,0.12990389072719014,0.3902439024390244,1.1633687113620768
2025,401756883,2,Ohio,West Virginia,1,79,-0.08975540286811334,0.3924050632911392,0.9983343393733216,57,-0.24897611225794078,0.2807017543859649,1.4700963279433779
2025,401756883,2,West Virginia,Ohio,1,57,-0.24897611225794078,0.2807017543859649,1.4700963279433779,79,-0.08975540286811334,0.3924050632911392,0.9983343393733216
2025,401756884,2,Houston,Rice,1,82,0.12684834957505758,0.2804878048780488,1.9173227648540858,77,-0.1027502852356927,0.35064935064935066,0.6148665035866244
2025,401756884,2,Rice,Houston,1,77,-0.1027502852356927,0.35064935064935066,0.6148665035866244,82,0.12684834957505758,0.2804878048780488,1.9173227648540858
2025,401756885,2,Kent State,Texas Tech,1,26,-0.837441030592251,0.15384615384615385,1.438367996644047,40,0.35402470970025574,0.5,1.1771475339006872
2025,401756885,2,Texas Tech,Kent State,1,40,0.35402470970025574,0.5,1.1771475339006872,26,-0.837441030592251,0.15384615384615385,1.438367996644047
2025,401756886,2,North Carolina A&T,UCF,1,33,-0.3348099472088978,0.30303030303030304,0.7577724647196235,34,0.523397916988934,0.4411764705882353,1.9139668003137054
2025,401756886,2,UCF,North Carolina A&T,1,34,0.523397916988934,0.4411764705882353,1.9139668003137054,33,-0.3348099472088978,0.30303030303030304,0.7577724647196235
2025,401756887,2,Cal Poly,Utah,1,33,-0.5292963950260215,0.2727272727272727,1.1576050674054552,39,0.41242033449413185,0.5897435897435898,1.0377602262150316
2025,401756887,2,Utah,Cal Poly,1,39,0.41242033449413185,0.5897435897435898,1.0377602262150316,33,-0.5292963950260215,0.2727272727272727,1.1576050674054552
2025,401756888,3,Arizona,Kansas State,1,75,0.05934178194219444,0.3333333333333333,1.2849936698284632,53,-0.25338423877575783,0.2641509433962264,1.5895559663146974
2025,401756888,3,Kansas State,Arizona,1,53,-0.25338423877575783,0.2641509433962264,1.5895559663146974,75,0.05934178194219444,0.3333333333333333,1.2849936698284632
2025,401756889,3,Arizona State,Texas State,1,63,0.33897993674813626,0.4603174603174603,1.4520216639523171,58,0.15716151726806254,0.5517241379310345,0.9376199674983979
2025,401756889,3,Texas State,Arizona State,1,58,0.15716151726806254,0.5517241379310345,0.9376199674983979,63,0.33897993674813626,0.4603174603174603,1.4520216639523171
2025,401756890,3,Arkansas State,Iowa State,1,77,-0.023321713765090738,0.38961038961038963,1.1049226220499317,62,0.3717010377985968,0.5161290322580645,1.246542725456112
2025,401756890,3,Iowa State,Arkansas State,1,62,0.3717010377985968,0.5161290322580645,1.246542725456112,77,-0.023321713765090738,0.38961038961038963,1.1049226220499317
2025,401756891,3,Baylor,Samford,1,62,0.045964948617978056,0.41935483870967744,1.19430968045132,52,-0.1814892705082121,0.3076923076923077,0.9291683317981866
2025,401756891,3,Samford,Baylor,1,52,-0.1814892705082121,0.3076923076923077,0.9291683317981866,62,0.045964948617978056,0.41935483870967744,1.19430968045132
2025,401756892,3,Cincinnati,Northwestern State,1,22,1.126561013557137,0.8636363636363636,1.408605619808637,20,-0.2899950300199021,0.35,0.7277510515863137
2025,401756892,3,Northwestern State,Cincinnati,1,20,-0.2899950300199021,0.35,0.7277510515863137,22,1.126561013557137,0.8636363636363636,1.408605619808637
2025,401756893,3,Colorado,Houston,1,60,-0.13691739596713018,0.3,1.782103535220554,78,0.005953623896976454,0.3974358974358974,1.2366299188271317
2025,401756893,3,Houston,Colorado,1,78,0.005953623896976454,0.3974358974358974,1.2366299188271317,60,-0.13691739596713018,0.3,1.782103535220554
2025,401756894,3,Abilene Christian,TCU,1,50,0.371672638800234,0.5,1.4391316727763548,55,0.5804889004221248,0.5636363636363636,1.4013590174257498
2025,401756894,3,TCU,Abilene Christian,1,55,0.5804889004221248,0.5636363636363636,1.4013590174257498,50,0.371672638800234,0.5,1.4391316727763548
2025,401756895,3,Utah,Wyoming,1,82,0.34650433922908225,0.5609756097560976,1.019456495725677,47,-0.26380461052044574,0.2978723404255319,1.2708812217402221
2025,401756895,3,Wyoming,Utah,1,47,-0.26380461052044574,0.2978723404255319,1.2708812217402221,82,0.34650433922908225,0.5609756097560976,1.019456495725677
2025,401756896,4,Arizona State,Baylor,1,78,0.09653575817506564,0.41025641025641024,0.9761290497896525,61,0.1894437399008703,0.45901639344262296,1.4376622108869506
2025,401756896,4,Baylor,Arizona State,1,61,0.1894437399008703,0.45901639344262296,1.4376622108869506,78,0.09653575817506564,0.41025641025641024,0.9761290497896525
2025,401756897,4,Colorado,Wyoming,1,60,0.3460973646955047,0.4666666666666667,1.5186490468285623,67,0.1023829544090546,0.3582089552238806,1.2916736378382185
2025,401756897,4,Wyoming,Colorado,1,67,0.1023829544090546,0.3582089552238806,1.2916736378382185,60,0.3460973646955047,0.4666666666666667,1.5186490468285623
2025,401756898,4,BYU,East Carolina,1,59,0.3504087860366508,0.4406779661016949,1.5025619688076455,78,-0.17508029342852247,0.3974358974358974,1.0512292850325373
2025,401756898,4,East Carolina,BYU,1,78,-0.17508029342852247,0.3974358974358974,1.0512292850325373,59,0.3504087860366508,0.4406779661016949,1.5025619688076455
2025,401756899,4,Kansas,West Virginia,1,49,0.3085500238310484,0.46938775510204084,1.2625916037425546,44,-0.08647784014365544,0.2727272727272727,1.2164606774112179
2025,401756899,4,West Virginia,Kansas,1,44,-0.08647784014365544,0.2727272727272727,1.2164606774112179,49,0.3085500238310484,0.46938775510204084,1.2625916037425546
2025,401756900,4,Oklahoma State,Tulsa,1,77,-0.08399103239677255,0.38961038961038963,1.0655848831253716,80,0.10216835947026463,0.3875,1.296275010708393
2025,401756900,4,Tulsa,Oklahoma State,1,80,0.10216835947026463,0.3875,1.296275010708393,77,-0.08399103239677255,0.38961038961038963,1.0655848831253716
2025,401756901,4,Texas Tech,Utah,1,74,0.15213972395480205,0.36486486486486486,1.5480886706293675,68,-0.23674332556820546,0.35294117647058826,0.4040872105974386
2025,401756901,4,Utah,Texas Tech,1,68,-0.23674332556820546,0.35294117647058826,0.4040872105974386,74,0.15213972395480205,0.36486486486486486,1.5480886706293675
2025,401756902,5,Arizona State,TCU,1,80,0.13347015517897964,0.4,1.2264991636487408,58,0.04064284020004214,0.3448275862068966,1.5170830199008376
2025,401756902,5,TCU,Arizona State,1,58,0.04064284020004214,0.3448275862068966,1.5170830199008376,80,0.13347015517897964,0.4,1.2264991636487408
2025,401756903,5,BYU,Colorado,1,65,0.22753299176831834,0.49230769230769234,1.0343052186039565,53,0.10309111429517433,0.5283018867924528,0.8665510027611399
2025,401756903,5,Colorado,BYU,1,53,0.10309111429517433,0.5283018867924528,0.8665510027611399,65,0.22753299176831834,0.49230769230769234,1.0343052186039565
2025,401756904,5,Arizona,Iowa State,1,61,-0.15487097405747263,0.5081967213114754,0.8499994277534674,69,0.17782505694437806,0.4782608695652174,1.2611479381761588
2025,401756904,5,Iowa State,Arizona,1,69,0.17782505694437806,0.4782608695652174,1.2611479381761588,61,-0.15487097405747263,0.5081967213114754,0.8499994277534674
2025,401756905,5,Cincinnati,Kansas,1,81,0.45447069788639577,0.5185185185185185,1.262162424121601,54,0.6107579969581014,0.5555555555555556,1.4976329953523084
2025,401756905,5,Kansas,Cincinnati,1,54,0.6107579969581014,0.5555555555555556,1.4976329953523084,81,0.45447069788639577,0.5185185185185185,1.262162424121601
2025,401756906,5,Kansas State,UCF,1,72,0.154732903617669,0.4444444444444444,1.2628048848303637,59,0.03447569599718462,0.3559322033898305,1.7548365933428531
2025,401756906,5,UCF,Kansas State,1,59,0.03447569599718462,0.3559322033898305,1.7548365933428531,72,0.154732903617669,0.4444444444444444,1.2628048848303637
2025,401756907,5,Baylor,Oklahoma State,1,71,0.4734338200507057,0.49295774647887325,1.5094882892948565,74,0.020131595719011845,0.3783783783783784,1.2136819663228986
2025,401756907,5,Oklahoma State,Baylor,1,74,0.020131595719011845,0.3783783783783784,1.2136819663228986,71,0.4734338200507057,0.49295774647887325,1.5094882892948565
2025,401756908,5,Utah,West Virginia,1,59,0.3415011499239911,0.4915254237288136,1.4304455198389239,33,-0.11637977991659354,0.36363636363636365,1.3123165181727179
2025,401756908,5,West Virginia,Utah,1,33,-0.11637977991659354,0.36363636363636365,1.3123165181727179,59,0.3415011499239911,0.4915254237288136,1.4304455198389239
2025,401756909,6,BYU,West Virginia,1,67,0.3537092524717936,0.5522388059701493,1.205550020956266,63,0.011917124427305054,0.36507936507936506,1.2876650181165867
2025,401756909,6,West Virginia,BYU,1,63,0.011917124427305054,0.36507936507936506,1.2876650181165867,67,0.3537092524717936,0.5522388059701493,1.205550020956266
2025,401756910,6,Arizona,Oklahoma State,1,60,0.06747994644807116,0.4666666666666667,1.578029808599808,46,-0.3993941290997477,0.15217391304347827,1.6783688544923943
2025,401756910,6,Oklahoma State,Arizona,1,46,-0.3993941290997477,0.15217391304347827,1.6783688544923943,60,0.06747994644807116,0.4666666666666667,1.578029808599808
2025,401756911,6,Baylor,Kansas State,1,62,0.20595297689858993,0.5161290322580645,1.009802997274914,82,0.2144969495492553,0.4634146341463415,1.2837405029277456
2025,401756911,6,Kansas State,Baylor,1,82,0.2144969495492553,0.4634146341463415,1.2837405029277456,62,0.20595297689858993,0.5161290322580645,1.009802997274914
2025,401756912,6,Cincinnati,Iowa State,1,57,0.29903859906745184,0.45614035087719296,1.5871226371646507,83,0.12440963262904677,0.3855421686746988,1.434331652810132
2025,401756912,6,Iowa State,Cincinnati,1,83,0.12440963262904677,0.3855421686746988,1.434331652810132,57,0.29903859906745184,0.45614035087719296,1.5871226371646507
2025,401756913,6,Houston,Texas Tech,1,44,-0.46482777827640653,0.36363636363636365,0.8651463839622536,67,0.28332487518553484,0.4925373134328358,1.0399755448446453
2025,401756913,6,Texas Tech,Houston,1,67,0.28332487518553484,0.4925373134328358,1.0399755448446453,44,-0.46482777827640653,0.36363636363636365,0.8651463839622536
2025,401756914,6,Colorado,TCU,1,65,0.05777500334028455,0.36923076923076925,1.4216352161871586,68,0.23049939105415854,0.45588235294117646,1.2279012384084174
2025,401756914,6,TCU,Colorado,1,68,0.23049939105415854,0.45588235294117646,1.2279012384084174,65,0.05777500334028455,0.36923076923076925,1.4216352161871586
2025,401756915,6,Kansas,UCF,1,58,0.23542595776447015,0.46551724137931033,1.085904265359893,75,0.04121274225343769,0.36,1.3192490652174607
2025,401756915,6,UCF,Kansas,1,75,0.04121274225343769,0.36,1.3192490652174607,58,0.23542595776447015,0.46551724137931033,1.085904265359893
2025,401756916,7,Arizona,BYU,1,79,0.10725030538387743,0.34177215189873417,1.2729291280661343,80,0.10974320671565979,0.45,1.12298845265401
2025,401756916,7,BYU,Arizona,1,80,0.10974320671565979,0.45,1.12298845265401,79,0.10725030538387743,0.34177215189873417,1.2729291280661343
2025,401756917,7,Cincinnati,UCF,1,48,0.1383117218477933,0.4166666666666667,1.1875355626730035,91,0.02866449614899009,0.3956043956043956,1.1086996201610098
2025,401756917,7,UCF,Cincinnati,1,91,0.02866449614899009,0.3956043956043956,1.1086996201610098,48,0.1383117218477933,0.4166666666666667,1.1875355626730035
2025,401756918,7,Colorado,Iowa State,1,64,0.20413800996572903,0.3125,1.6863510778946422,69,0.022160475353139007,0.4782608695652174,1.064709466118497
2025,401756918,7,Iowa State,Colorado,1,69,0.022160475353139007,0.4782608695652174,1.064709466118497,64,0.20413800996572903,0.3125,1.6863510778946422
2025,401756919,7,Kansas State,TCU,1,70,0.20592509888889918,0.38571428571428573,1.2967785250816917,68,0.010144884241186682,0.4411764705882353,1.4207455762822006
2025,401756919,7,TCU,Kansas State,1,68,0.010144884241186682,0.4411764705882353,1.4207455762822006,70,0.20592509888889918,0.38571428571428573,1.2967785250816917
2025,401756920,7,Houston,Oklahoma State,1,72,0.22023337894738862,0.4444444444444444,1.217001572575165,41,-0.134890013254947,0.2682926829268293,1.8353615274127866
2025,401756920,7,Oklahoma State,Houston,1,41,-0.134890013254947,0.2682926829268293,1.8353615274127866,72,0.22023337894738862,0.4444444444444444,1.217001572575165
2025,401756921,7,Kansas,Texas Tech,1,63,0.05188605758913604,0.3968253968253968,1.0078463731341085,67,0.33573260790236714,0.43283582089552236,1.5138292019087507
2025,401756921,7,Texas Tech,Kansas,1,67,0.33573260790236714,0.43283582089552236,1.5138292019087507,63,0.05188605758913604,0.3968253968253968,1.0078463731341085
2025,401756922,7,Arizona State,Utah,1,60,0.08467461448750956,0.38333333333333336,1.080640419344206,47,0.533144026224881,0.5319148936170213,1.4540445101305004
2025,401756922,7,Utah,Arizona State,1,47,0.533144026224881,0.5319148936170213,1.4540445101305004,60,0.08467461448750956,0.38333333333333336,1.080640419344206
2025,401756923,8,Arizona State,Texas Tech,1,84,-0.0045007041633580505,0.39285714285714285,1.124071919824145,64,-0.054293383657097384,0.359375,1.1338371054688647
2025,401756923,8,Texas Tech,Arizona State,1,64,-0.054293383657097384,0.359375,1.1338371054688647,84,-0.0045007041633580505,0.39285714285714285,1.124071919824145
2025,401756924,8,BYU,Utah,1,67,-0.003159052114902053,0.417910447761194,1.0953931260306131,72,0.13002624894891032,0.4166666666666667,1.4311903269531536
2025,401756924,8,Utah,BYU,1,72,0.13002624894891032,0.4166666666666667,1.4311903269531536,67,-0.003159052114902053,0.417910447761194,1.0953931260306131
2025,401756925,8,Arizona,Houston,1,62,0.2788109208226888,0.532258064516129,1.1856962276277074,70,0.3704829183246398,0.5571428571428572,1.0596027246823783
2025,401756925,8,Houston,Arizona,1,70,0.3704829183246398,0.5571428571428572,1.0596027246823783,62,0.2788109208226888,0.532258064516129,1.1856962276277074
2025,401756926,8,Cincinnati,Oklahoma State,1,56,0.5326663947047939,0.6071428571428571,1.2801615041850676,64,-0.0017297030357841506,0.5,0.9672476622368082
2025,401756926,8,Oklahoma State,Cincinnati,1,64,-0.0017297030357841506,0.5,0.9672476622368082,56,0.5326663947047939,0.6071428571428571,1.2801615041850676
2025,401756927,8,Baylor,TCU,1,93,-0.1103824044807359,0.40860215053763443,1.17486335645922,72,0.12394034840573617,0.4861111111111111,1.0905286314494096
2025,401756927,8,TCU,Baylor,1,72,0.12394034840573617,0.4861111111111111,1.0905286314494096,93,-0.1103824044807359,0.40860215053763443,1.17486335645922
2025,401756928,8,UCF,West Virginia,1,51,0.3095521412608297,0.47058823529411764,1.802641694259751,62,-0.15651474037593896,0.3548387096774194,0.9864534176824005
2025,401756928,8,West Virginia,UCF,1,62,-0.15651474037593896,0.3548387096774194,0.9864534176824005,51,0.3095521412608297,0.47058823529411764,1.802641694259751
2025,401756929,9,Arizona State,Houston,1,66,0.07740706566103758,0.3787878787878788,1.2205032215314366,73,0.0935676272315457,0.4246575342465753,1.125366547621151
2025,401756929,9,Houston,Arizona State,1,73,0.0935676272315457,0.4246575342465753,1.125366547621151,66,0.07740706566103758,0.3787878787878788,1.2205032215314366
2025,401756930,9,Baylor,Cincinnati,1,60,0.13855481860601598,0.4,1.3004100708750017,74,0.25787126521379955,0.5,0.9982164164184834
2025,401756930,9,Cincinnati,Baylor,1,74,0.25787126521379955,0.5,0.9982164164184834,60,0.13855481860601598,0.4,1.3004100708750017
2025,401756931,9,BYU,Iowa State,1,70,0.1590711603220509,0.37142857142857144,1.6461584152243818,71,0.14078136308965242,0.49295774647887325,1.21440384098046
2025,401756931,9,Iowa State,BYU,1,71,0.14078136308965242,0.49295774647887325,1.21440384098046,70,0.1590711603220509,0.37142857142857144,1.6461584152243818
2025,401756932,9,Kansas,Kansas State,1,76,-0.20076677610483776,0.40789473684210525,0.9866598354243485,49,0.19490078120842047,0.46938775510204084,1.3324433233056274
2025,401756932,9,Kansas State,Kansas,1,49,0.19490078120842047,0.46938775510204084,1.3324433233056274,76,-0.20076677610483776,0.40789473684210525,0.9866598354243485
2025,401756933,9,Oklahoma State,Texas Tech,1,39,-0.661365762632689,0.1794871794871795,1.1828955041136824,46,0.18882973337797077,0.3695652173913043,1.530180408482402
2025,401756933,9,Texas Tech,Oklahoma State,1,46,0.18882973337797077,0.3695652173913043,1.530180408482402,39,-0.661365762632689,0.1794871794871795,1.1828955041136824
2025,401756934,9,Colorado,Utah,1,24,-0.5809013583909808,0.16666666666666666,0.9773282869959232,36,0.6368786368851249,0.4444444444444444,2.01283562860132
2025,401756934,9,Utah,Colorado,1,36,0.6368786368851249,0.4444444444444444,2.01283562860132,24,-0.5809013583909808,0.16666666666666666,0.9773282869959232
2025,401756935,9,TCU,West Virginia,1,76,0.007989561916776978,0.32894736842105265,1.438134523987038,74,-0.11704063297106904,0.36486486486486486,1.2336540301272905
2025,401756935,9,West Virginia,TCU,1,74,-0.11704063297106904,0.36486486486486486,1.2336540301272905,76,0.007989561916776978,0.32894736842105265,1.438134523987038
2025,401756936,10,Baylor,UCF,1,74,0.1764289172573065,0.47297297297297297,1.2143739271303513,54,-0.3025716875366515,0.2962962962962963,1.0051163171708393
2025,401756936,10,UCF,Baylor,1,54,-0.3025716875366515,0.2962962962962963,1.0051163171708393,74,0.1764289172573065,0.47297297297297297,1.2143739271303513
2025,401756937,10,Arizona,Colorado,1,31,0.6391144049367228,0.4838709677419355,2.1297802742435787,38,0.13063357765732667,0.3684210526315789,1.4447708901765632
2025,401756937,10,Colorado,Arizona,1,38,0.13063357765732667,0.3684210526315789,1.4447708901765632,31,0.6391144049367228,0.4838709677419355,2.1297802742435787
2025,401756938,10,Houston,West Virginia,1,68,0.017104609994954365,0.4852941176470588,1.4748524087334918,78,0.2707863560367706,0.4358974358974359,1.3436753916210642
2025,401756938,10,West Virginia,Houston,1,78,0.2707863560367706,0.4358974358974359,1.3436753916210642,68,0.017104609994954365,0.4852941176470588,1.4748524087334918
2025,401756939,10,Arizona State,Iowa State,1,73,-0.20701081723998943,0.3698630136986301,1.0008480218499611,71,-0.07981395566422633,0.39436619718309857,0.9589207838686843
2025,401756939,10,Iowa State,Arizona State,1,71,-0.07981395566422633,0.39436619718309857,0.9589207838686843,73,-0.20701081723998943,0.3698630136986301,1.0008480218499611
2025,401756940,10,Kansas,Oklahoma State,1,60,0.36629284576315957,0.5166666666666667,1.263635433113356,54,0.32024438051413284,0.4444444444444444,1.468684165172627
2025,401756940,10,Oklahoma State,Kansas,1,54,0.32024438051413284,0.4444444444444444,1.468684165172627,60,0.36629284576315957,0.5166666666666667,1.263635433113356
2025,401756941,10,Kansas State,Texas Tech,1,63,-0.1970186579134961,0.36507936507936506,1.317041349094849,77,0.05648823327058622,0.38961038961038963,1.4753378769960803
2025,401756941,10,Texas Tech,Kansas State,1,77,0.05648823327058622,0.38961038961038963,1.4753378769960803,63,-0.1970186579134961,0.36507936507936506,1.317041349094849
2025,401756942,10,Cincinnati,Utah,1,49,0.06411442515853889,0.40816326530612246,1.6434827050065632,71,0.2903569363872036,0.43661971830985913,1.4091119318302718
2025,401756942,10,Utah,Cincinnati,1,71,0.2903569363872036,0.43661971830985913,1.4091119318302718,49,0.06411442515853889,0.40816326530612246,1.6434827050065632
2025,401756943,11,Arizona,Kansas,1,61,0.19487048089966663,0.39344262295081966,1.3017294344994808,72,0.14384106206926195,0.4583333333333333,1.1068339073709728
2025,401756943,11,Kansas,Arizona,1,72,0.14384106206926195,0.4583333333333333,1.1068339073709728,61,0.19487048089966663,0.39344262295081966,1.3017294344994808
2025,401756944,11,Iowa State,TCU,1,67,-0.14593069144031978,0.40298507462686567,1.1672879715258173,83,-0.037202357512418516,0.42168674698795183,1.0235849420838101
2025,401756944,11,TCU,Iowa State,1,83,-0.037202357512418516,0.42168674698795183,1.0235849420838101,67,-0.14593069144031978,0.40298507462686567,1.1672879715258173
2025,401756945,11,BYU,Texas Tech,1,60,-0.34948223905534437,0.2,1.4005434124862308,77,-0.005505987989486763,0.3246753246753247,1.28471441026181
2025,401756945,11,Texas Tech,BYU,1,77,-0.005505987989486763,0.3246753246753247,1.28471441026181,60,-0.34948223905534437,0.2,1.4005434124862308
2025,401756946,11,Houston,UCF,1,83,-0.1395696456497532,0.46987951807228917,1.0129301081977367,60,-0.09732840588816835,0.38333333333333336,1.081398116429938
2025,401756946,11,UCF,Houston,1,60,-0.09732840588816835,0.38333333333333336,1.081398116429938,83,-0.1395696456497532,0.46987951807228917,1.0129301081977367
2025,401756947,11,Colorado,West Virginia,1,77,-0.006564933075563725,0.2987012987012987,1.5107547930591188,83,-0.0392561538687718,0.3493975903614458,1.2741013972024973
2025,401756947,11,West Virginia,Colorado,1,83,-0.0392561538687718,0.3493975903614458,1.2741013972024973,77,-0.006564933075563725,0.2987012987012987,1.5107547930591188
2025,401756948,12,Arizona State,West Virginia,1,70,-0.008165859695096924,0.38571428571428573,1.0921777998145723,72,0.0764185915452603,0.3472222222222222,1.463599546185089
2025,401756948,12,West Virginia,Arizona State,1,72,0.0764185915452603,0.3472222222222222,1.463599546185089,70,-0.008165859695096924,0.38571428571428573,1.0921777998145723
2025,401756949,12,Baylor,Utah,1,73,-0.03236191504689251,0.3835616438356164,1.632574354992379,60,0.5064528808636999,0.5166666666666667,1.4764894933908908
2025,401756949,12,Utah,Baylor,1,60,0.5064528808636999,0.5166666666666667,1.4764894933908908,73,-0.03236191504689251,0.3835616438356164,1.632574354992379
2025,401756950,12,BYU,TCU,1,63,0.34583881694848617,0.5555555555555556,1.151143541298632,40,0.16485271900581058,0.375,1.5268035747062552
2025,401756950,12,TCU,BYU,1,40,0.16485271900581058,0.375,1.5268035747062552,63,0.34583881694848617,0.5555555555555556,1.151143541298632
2025,401756951,12,Arizona,Cincinnati,1,75,0.2674140790100678,0.4266666666666667,1.2028580773561284,59,0.04292171192674615,0.3559322033898305,1.55397036577613
2025,401756951,12,Cincinnati,Arizona,1,59,0.04292171192674615,0.3559322033898305,1.55397036577613,75,0.2674140790100678,0.4266666666666667,1.2028580773561284
2025,401756952,12,Kansas State,Oklahoma State,1,60,-0.022933102124555748,0.3,1.5635577189720409,69,-0.15951435235200243,0.391304347826087,1.0797778999378937
2025,401756952,12,Oklahoma State,Kansas State,1,69,-0.15951435235200243,0.391304347826087,1.0797778999378937,60,-0.022933102124555748,0.3,1.5635577189720409
2025,401756953,12,Texas Tech,UCF,1,42,0.6417660982633374,0.6904761904761905,1.1399902571280063,35,-0.31135400264011126,0.2571428571428571,1.1848306521446161
2025,401756953,12,UCF,Texas Tech,1,35,-0.31135400264011126,0.2571428571428571,1.1848306521446161,42,0.6417660982633374,0.6904761904761905,1.1399902571280063
2025,401756954,13,Arizona,Baylor,1,57,0.2830465103065345,0.43859649122807015,1.4997111200057114,65,-0.08320112195877649,0.4,1.0935328803826865
2025,401756954,13,Baylor,Arizona,1,65,-0.08320112195877649,0.4,1.0935328803826865,57,0.2830465103065345,0.43859649122807015,1.4997111200057114
2025,401756955,13,BYU,Cincinnati,1,75,0.19121218925990996,0.4666666666666667,0.9703359812704627,63,0.11496687967857554,0.4126984126984127,1.3252569334354278
2025,401756955,13,Cincinnati,BYU,1,63,0.11496687967857554,0.4126984126984127,1.3252569334354278,75,0.19121218925990996,0.4666666666666667,0.9703359812704627
2025,401756956,13,Arizona State,Colorado,1,72,0.1755256242605431,0.375,1.65571931646474,65,-0.23076645159752496,0.23076923076923078,1.411854069786883
2025,401756956,13,Colorado,Arizona State,1,65,-0.23076645159752496,0.23076923076923078,1.411854069786883,72,0.1755256242605431,0.375,1.65571931646474
2025,401756957,13,Houston,TCU,1,72,0.010686694532068247,0.3611111111111111,1.2187122714344978,70,-0.013774791886171546,0.45714285714285713,0.881812196746511
2025,401756957,13,TCU,Houston,1,70,-0.013774791886171546,0.45714285714285713,0.881812196746511,72,0.010686694532068247,0.3611111111111111,1.2187122714344978
2025,401756958,13,Iowa State,Kansas,1,74,0.37747886770405276,0.47297297297297297,1.5570043521958685,45,0.158259587678349,0.5111111111111111,1.100185181965401
2025,401756958,13,Kansas,Iowa State,1,45,0.158259587678349,0.5111111111111111,1.100185181965401,74,0.37747886770405276,0.47297297297297297,1.5570043521958685
2025,401756959,13,Oklahoma State,UCF,1,60,-0.07424850756865593,0.3333333333333333,1.0986209515729597,62,0.1310105837109711,0.41935483870967744,1.4056752139270987
2025,401756959,13,UCF,Oklahoma State,1,62,0.1310105837109711,0.41935483870967744,1.4056752139270987,60,-0.07424850756865593,0.3333333333333333,1.0986209515729597
2025,401756960,13,Kansas State,Utah,1,69,0.5013386028636081,0.4927536231884058,1.615825128523742,83,0.39285962568060157,0.46987951807228917,1.444471748882857
2025,401756960,13,Utah,Kansas State,1,83,0.39285962568060157,0.46987951807228917,1.444471748882857,69,0.5013386028636081,0.4927536231884058,1.615825128523742
2025,401756961,14,Arizona,Arizona State,1,88,-0.00016704678198202727,0.4318181818181818,0.9815700247174285,55,-0.37356792393324206,0.3090909090909091,1.2510720389954626
2025,401756961,14,Arizona State,Arizona,1,55,-0.37356792393324206,0.3090909090909091,1.2510720389954626,88,-0.00016704678198202727,0.4318181818181818,0.9815700247174285
2025,401756962,14,Baylor,Houston,1,74,0.046657973975993534,0.5405405405405406,0.8757620684169839,74,0.08881261751800268,0.4594594594594595,1.0589026355555764
2025,401756962,14,Houston,Baylor,1,74,0.08881261751800268,0.4594594594594595,1.0589026355555764,74,0.046657973975993534,0.5405405405405406,0.8757620684169839
2025,401756963,14,BYU,UCF,1,66,0.2633686858831248,0.5151515151515151,1.050492314183321,63,-0.10926432566753935,0.3968253968253968,1.3466779323234543
2025,401756963,14,UCF,BYU,1,63,-0.10926432566753935,0.3968253968253968,1.3466779323234543,66,0.2633686858831248,0.5151515151515151,1.050492314183321
2025,401756964,14,Kansas,Utah,1,80,-0.034300980420697555,0.475,1.0642784900108753,57,0.20569438357050196,0.42105263157894735,1.470863611150029
2025,401756964,14,Utah,Kansas,1,57,0.20569438357050196,0.42105263157894735,1.470863611150029,80,-0.034300980420697555,0.475,1.0642784900108753
2025,401756965,14,Colorado,Kansas State,1,72,-0.15597693530331708,0.3333333333333333,1.491372950744518,63,0.19505471469800342,0.4126984126984127,1.2904638751934832
2025,401756965,14,Kansas State,Colorado,1,63,0.19505471469800342,0.4126984126984127,1.2904638751934832,72,-0.15597693530331708,0.3333333333333333,1.491372950744518
2025,401756966,14,Iowa State,Oklahoma State,1,61,0.1843131679615482,0.45901639344262296,0.9861074971382381,58,-0.11802536489846176,0.3448275862068966,0.7562187583018731
2025,401756966,14,Oklahoma State,Iowa State,1,58,-0.11802536489846176,0.3448275862068966,0.7562187583018731,61,0.1843131679615482,0.45901639344262296,0.9861074971382381
2025,401756967,14,Cincinnati,TCU,1,54,0.2581796844261044,0.4444444444444444,1.3068848081938258,74,0.33819157740983696,0.5,1.238754994320843
2025,401756967,14,TCU,Cincinnati,1,74,0.33819157740983696,0.5,1.238754994320843,54,0.2581796844261044,0.4444444444444444,1.3068848081938258
2025,401756968,14,Texas Tech,West Virginia,1,63,0.3255922470367144,0.4603174603174603,1.608723938845435,31,-0.49716387015458635,0.16129032258064516,1.368968980425076
2025,401756968,14,West Virginia,Texas Tech,1,31,-0.49716387015458635,0.16129032258064516,1.368968980425076,63,0.3255922470367144,0.4603174603174603,1.608723938845435
2025,401757165,6,Boise State,Notre Dame,1,74,-0.288333998422949,0.3783783783783784,1.1955762198285995,55,0.1438374388739281,0.45454545454545453,1.3014604528960936
2025,401757165,6,Notre Dame,Boise State,1,55,0.1438374388739281,0.45454545454545453,1.3014604528960936,74,-0.288333998422949,0.3783783783783784,1.1955762198285995
2025,401757166,11,Navy,Notre Dame,1,41,-0.03388456470856655,0.3170731707317073,1.2893677623161095,39,0.6578046267853087,0.5384615384615384,1.6656367355861368
2025,401757166,11,Notre Dame,Navy,1,39,0.6578046267853087,0.5384615384615384,1.6656367355861368,41,-0.03388456470856655,0.3170731707317073,1.2893677623161095
2025,401757167,1,Central Connecticut,UConn,1,37,-0.0020015729727588193,0.3783783783783784,1.0944365559860667,40,0.5897162508757058,0.525,1.7549559757914566
2025,401757167,1,UConn,Central Connecticut,1,40,0.5897162508757058,0.525,1.7549559757914566,37,-0.0020015729727588193,0.3783783783783784,1.0944365559860667
2025,401757168,3,Delaware,UConn,1,73,0.4080910079579411,0.4931506849315068,1.4538820398707586,66,0.4527591920292792,0.5454545454545454,1.3404494720769886
2025,401757168,3,UConn,Delaware,1,66,0.4527591920292792,0.5454545454545454,1.3404494720769886,73,0.4080910079579411,0.4931506849315068,1.4538820398707586
2025,401757169,4,Ball State,UConn,1,62,0.22328915404843122,0.4838709677419355,1.1607602757132616,66,0.27943962977561687,0.3181818181818182,2.1006392277731862
2025,401757169,4,UConn,Ball State,1,66,0.27943962977561687,0.3181818181818182,2.1006392277731862,62,0.22328915404843122,0.4838709677419355,1.1607602757132616
2025,401757170,5,Buffalo,UConn,1,71,0.00887544375670006,0.4507042253521127,0.9350789666348991,63,0.1592486223090911,0.42857142857142855,1.048040130944556
2025,401757170,5,UConn,Buffalo,1,63,0.1592486223090911,0.42857142857142855,1.048040130944556,71,0.00887544375670006,0.4507042253521127,0.9350789666348991
2025,401757171,6,Florida International,UConn,1,38,-0.3215919650438786,0.42105263157894735,0.48930771795519257,37,0.5073193546613132,0.4594594594594595,1.7687508642906733
2025,401757171,6,UConn,Florida International,1,37,0.5073193546613132,0.4594594594594595,1.7687508642906733,38,-0.3215919650438786,0.42105263157894735,0.48930771795519257
2025,401757172,9,Rice,UConn,1,80,0.1955161646359624,0.4,1.3674281720580825,76,0.0787249083922516,0.35526315789473684,1.4222328673112297
2025,401757172,9,UConn,Rice,1,76,0.0787249083922516,0.35526315789473684,1.4222328673112297,80,0.1955161646359624,0.4,1.3674281720580825
2025,401757173,10,UAB,UConn,1,58,-0.11215410734024227,0.43103448275862066,1.1695776233820991,50,0.47711907530329495,0.54,1.425299995240087
2025,401757173,10,UConn,UAB,1,50,0.47711907530329495,0.54,1.425299995240087,58,-0.11215410734024227,0.43103448275862066,1.1695776233820991
2025,401757174,12,Air Force,UConn,1,71,0.0597417516923323,0.4507042253521127,0.8371156304679391,55,0.27384223843771743,0.5636363636363636,0.861624373902386
2025,401757174,12,UConn,Air Force,1,55,0.27384223843771743,0.5636363636363636,0.861624373902386,71,0.0597417516923323,0.4507042253521127,0.8371156304679391
2025,401757175,13,Florida Atlantic,UConn,1,90,0.39729912284418256,0.4777777777777778,1.6296765515158116,80,0.49893478040362943,0.5,1.483377803334918
2025,401757175,13,UConn,Florida Atlantic,1,80,0.49893478040362943,0.5,1.483377803334918,90,0.39729912284418256,0.4777777777777778,1.6296765515158116
2025,401757218,1,Sam Houston,Western Kentucky,1,62,-0.15940361566302927,0.2903225806451613,1.502113561330071,85,0.09616704456480729,0.4117647058823529,1.399437244190689
2025,401757218,1,Western Kentucky,Sam Houston,1,85,0.09616704456480729,0.4117647058823529,1.399437244190689,62,-0.15940361566302927,0.2903225806451613,1.502113561330071
2025,401757219,1,Delaware,Delaware State,1,69,0.35524346286137765,0.5362318840579711,1.0973683193891413,62,0.11708517704054874,0.43548387096774194,1.379693674077557
2025,401757219,1,Delaware State,Delaware,1,62,0.11708517704054874,0.43548387096774194,1.379693674077557,69,0.35524346286137765,0.5362318840579711,1.0973683193891413
2025,401757220,1,Liberty,Maine,1,74,0.09482021011954189,0.4594594594594595,1.155135215085867,61,-0.1389507932556786,0.29508196721311475,1.9523288249599804
2025,401757220,1,Maine,Liberty,1,61,-0.1389507932556786,0.29508196721311475,1.9523288249599804,74,0.09482021011954189,0.4594594594594595,1.155135215085867
2025,401757221,1,Louisiana Tech,SE Louisiana,1,40,0.05349658546224762,0.45,0.9280195036700365,58,-0.2120965039056231,0.3793103448275862,1.0558045041807702
2025,401757221,1,SE Louisiana,Louisiana Tech,1,58,-0.2120965039056231,0.3793103448275862,1.0558045041807702,40,0.05349658546224762,0.45,0.9280195036700365
2025,401757222,1,Austin Peay,Middle Tennessee,1,74,0.18184545391001125,0.40540540540540543,1.1956519937483503,59,-0.322801815039634,0.288135593220339,1.1054534950856967
2025,401757222,1,Middle Tennessee,Austin Peay,1,59,-0.322801815039634,0.288135593220339,1.1054534950856967,74,0.18184545391001125,0.40540540540540543,1.1956519937483503
2025,401757223,1,Bryant,New Mexico State,1,67,-0.15081321984328358,0.23880597014925373,1.464935167430448,61,0.0217757330751908,0.2786885245901639,1.5030748223848938
2025,401757223,1,New Mexico State,Bryant,1,61,0.0217757330751908,0.2786885245901639,1.5030748223848938,67,-0.15081321984328358,0.23880597014925373,1.464935167430448
2025,401757224,1,Sam Houston,UNLV,1,71,-0.0017583957090255785,0.4507042253521127,1.3142103260377918,57,0.32491460339759437,0.49122807017543857,1.3958806330017004
2025,401757224,1,UNLV,Sam Houston,1,57,0.32491460339759437,0.49122807017543857,1.3958806330017004,71,-0.0017583957090255785,0.4507042253521127,1.3142103260377918
2025,401757225,1,Utah State,UTEP,1,64,0.0960627689437268,0.390625,1.3920003346279852,75,0.03768068113985521,0.4,0.9460246412385259
2025,401757225,1,UTEP,Utah State,1,75,0.03768068113985521,0.4,0.9460246412385259,64,0.0960627689437268,0.390625,1.3920003346279852
2025,401757226,1,North Alabama,Western Kentucky,1,40,-0.11238128846857232,0.275,1.1296221926815275,35,0.7583359905441357,0.5714285714285714,1.6323502328181236
2025,401757226,1,Western Kentucky,North Alabama,1,35,0.7583359905441357,0.5714285714285714,1.6323502328181236,40,-0.11238128846857232,0.275,1.1296221926815275
2025,401757227,2,Jacksonville State,Liberty,1,62,0.2560664963933086,0.41935483870967744,1.3833543410754774,66,0.2662776080784144,0.45454545454545453,1.5607057566000149
2025,401757227,2,Liberty,Jacksonville State,1,66,0.2662776080784144,0.45454545454545453,1.5607057566000149,62,0.2560664963933086,0.41935483870967744,1.3833543410754774
2025,401757228,2,Marshall,Missouri State,1,55,-0.0336526774699289,0.3090909090909091,1.3037261056349823,83,0.27748389882181157,0.39759036144578314,1.7122392568278761
2025,401757228,2,Missouri State,Marshall,1,83,0.27748389882181157,0.39759036144578314,1.7122392568278761,55,-0.0336526774699289,0.3090909090909091,1.3037261056349823
2025,401757229,2,New Mexico State,Tulsa,1,110,0.11479737568060472,0.38181818181818183,1.320641081111723,106,-0.038824592363994916,0.3867924528301887,1.06776235922376
2025,401757229,2,Tulsa,New Mexico State,1,106,-0.038824592363994916,0.3867924528301887,1.06776235922376,110,0.11479737568060472,0.38181818181818183,1.320641081111723
2025,401757230,2,Hawai'i,Sam Houston,1,76,-0.023698585846650834,0.4473684210526316,0.7884920986781407,57,-0.10525213267756532,0.3684210526315789,0.9327476516104218
2025,401757230,2,Sam Houston,Hawai'i,1,57,-0.10525213267756532,0.3684210526315789,0.9327476516104218,76,-0.023698585846650834,0.4473684210526316,0.7884920986781407
2025,401757231,2,UTEP,UT Martin,1,41,0.6173648392991844,0.4634146341463415,2.0239089503859247,52,0.0008690136227300134,0.36538461538461536,1.4152745650246934
2025,401757231,2,UT Martin,UTEP,1,52,0.0008690136227300134,0.36538461538461536,1.4152745650246934,41,0.6173648392991844,0.4634146341463415,2.0239089503859247
2025,401757232,2,Toledo,Western Kentucky,1,40,0.5737027252447706,0.525,1.4454796665141507,39,-0.3193024399101624,0.3076923076923077,1.275128449482916
2025,401757232,2,Western Kentucky,Toledo,1,39,-0.3193024399101624,0.3076923076923077,1.275128449482916,40,0.5737027252447706,0.525,1.4454796665141507
2025,401757233,3,Florida Atlantic,Florida International,1,81,-0.04271489614714898,0.37037037037037035,1.4908182512260788,64,-0.002973422549327697,0.46875,1.105676393602525
2025,401757233,3,Florida International,Florida Atlantic,1,64,-0.002973422549327697,0.46875,1.105676393602525,81,-0.04271489614714898,0.37037037037037035,1.4908182512260788
2025,401757234,3,Georgia Southern,Jacksonville State,1,66,0.3889615741513159,0.5454545454545454,1.183899342037375,65,0.24721040689896506,0.47692307692307695,1.206799229611396
2025,401757234,3,Jacksonville State,Georgia Southern,1,65,0.24721040689896506,0.47692307692307695,1.206799229611396,66,0.3889615741513159,0.5454545454545454,1.183899342037375
2025,401757235,3,Kennesaw State,Merrimack,1,61,0.1540299544232838,0.4098360655737705,1.366824069148224,53,0.0712321549513655,0.3018867924528302,1.610604647565466
2025,401757235,3,Merrimack,Kennesaw State,1,53,0.0712321549513655,0.3018867924528302,1.610604647565466,61,0.1540299544232838,0.4098360655737705,1.366824069148224
2025,401757256,3,Bowling Green,Liberty,1,66,0.06507289187765901,0.3333333333333333,1.3406095993658156,62,-0.06654010042925881,0.43548387096774194,1.1404522104853019
2025,401757256,3,Liberty,Bowling Green,1,62,-0.06654010042925881,0.43548387096774194,1.1404522104853019,66,0.06507289187765901,0.3333333333333333,1.3406095993658156
2025,401757257,3,Louisiana Tech,New Mexico State,1,72,0.37603628078610435,0.4722222222222222,1.4979926490973248,44,-0.0364121744996301,0.3181818181818182,1.739720364646479
2025,401757257,3,New Mexico State,Louisiana Tech,1,44,-0.0364121744996301,0.3181818181818182,1.739720364646479,72,0.37603628078610435,0.4722222222222222,1.4979926490973248
2025,401757258,3,Middle Tennessee,Nevada,1,75,0.027835028939238646,0.4266666666666667,0.9872377727792394,60,0.015711889729074273,0.35,1.5263805504331827
2025,401757258,3,Nevada,Middle Tennessee,1,60,0.015711889729074273,0.35,1.5263805504331827,75,0.027835028939238646,0.4266666666666667,0.9872377727792394
2025,401757259,4,Delaware,Florida International,1,65,0.16551645869309237,0.4307692307692308,1.1417623685131137,67,0.050755434947549395,0.3582089552238806,1.406844906008708
2025,401757259,4,Florida International,Delaware,1,67,0.050755434947549395,0.3582089552238806,1.406844906008708,65,0.16551645869309237,0.4307692307692308,1.1417623685131137
2025,401757260,4,Jacksonville State,Murray State,1,66,0.4678987870907379,0.6212121212121212,1.0225441964041457,41,-0.29917042128181437,0.3170731707317073,1.1806349831756342
2025,401757260,4,Murray State,Jacksonville State,1,41,-0.29917042128181437,0.3170731707317073,1.1806349831756342,66,0.4678987870907379,0.6212121212121212,1.0225441964041457
2025,401757261,4,Arkansas State,Kennesaw State,1,72,0.04653538212959653,0.3611111111111111,1.1275072560432202,85,0.14527011418793706,0.5411764705882353,1.1196419662830286
2025,401757261,4,Kennesaw State,Arkansas State,1,85,0.14527011418793706,0.5411764705882353,1.1196419662830286,72,0.04653538212959653,0.3611111111111111,1.1275072560432202
2025,401757262,4,James Madison,Liberty,1,54,0.2364220102622887,0.48148148148148145,1.1906849382302909,47,-0.08073365802785992,0.2978723404255319,1.318122454071369
2025,401757262,4,Liberty,James Madison,1,47,-0.08073365802785992,0.2978723404255319,1.318122454071369,54,0.2364220102622887,0.48148148148148145,1.1906849382302909
2025,401757263,4,Louisiana Tech,Southern Miss,1,58,0.1539443821835851,0.3275862068965517,1.4153790632071508,82,0.022664206570773362,0.35365853658536583,1.6307132701978047
2025,401757263,4,Southern Miss,Louisiana Tech,1,82,0.022664206570773362,0.35365853658536583,1.6307132701978047,58,0.1539443821835851,0.3275862068965517,1.4153790632071508
2025,401757264,4,Marshall,Middle Tennessee,1,70,0.2775043702440172,0.5428571428571428,1.071316658809262,48,0.19134741178407152,0.3541666666666667,1.8424914414141653
2025,401757264,4,Middle Tennessee,Marshall,1,48,0.19134741178407152,0.3541666666666667,1.8424914414141653,70,0.2775043702440172,0.5428571428571428,1.071316658809262
2025,401757265,4,Missouri State,UT Martin,1,39,0.5711150771244192,0.48717948717948717,1.7590091424797953,22,-0.1327163452148202,0.3181818181818182,1.1557194005615123
2025,401757265,4,UT Martin,Missouri State,1,22,-0.1327163452148202,0.3181818181818182,1.1557194005615123,39,0.5711150771244192,0.48717948717948717,1.7590091424797953
2025,401757267,4,UL Monroe,UTEP,1,54,0.22511391618025395,0.4074074074074074,1.5638040285296162,80,-0.14217547078418027,0.2875,1.89834959169667
2025,401757267,4,UTEP,UL Monroe,1,80,-0.14217547078418027,0.2875,1.89834959169667,54,0.22511391618025395,0.4074074074074074,1.5638040285296162
2025,401757268,4,Nevada,Western Kentucky,1,71,0.0635546201784175,0.3380281690140845,1.3829020947471502,65,0.16475826763329157,0.49230769230769234,1.0343855953139147
2025,401757268,4,Western Kentucky,Nevada,1,65,0.16475826763329157,0.49230769230769234,1.0343855953139147,71,0.0635546201784175,0.3380281690140845,1.3829020947471502
2025,401757269,5,Jacksonville State,Southern Miss,1,61,-0.1678866494494737,0.36065573770491804,1.4628079495207,69,0.24908174259242702,0.5072463768115942,1.0327069849350894
2025,401757269,5,Southern Miss,Jacksonville State,1,69,0.24908174259242702,0.5072463768115942,1.0327069849350894,61,-0.1678866494494737,0.36065573770491804,1.4628079495207
2025,401757270,5,Kennesaw State,Middle Tennessee,1,51,0.17255455674376327,0.45098039215686275,1.0197617901743716,78,0.052767872763568445,0.44871794871794873,1.0184051354455326
2025,401757270,5,Middle Tennessee,Kennesaw State,1,78,0.052767872763568445,0.44871794871794873,1.0184051354455326,51,0.17255455674376327,0.45098039215686275,1.0197617901743716
2025,401757271,5,Liberty,Old Dominion,1,55,-0.2960953989827757,0.36363636363636365,0.5082830668029162,68,0.16286599753238115,0.5588235294117647,0.9079026462677702
2025,401757271,5,Old Dominion,Liberty,1,68,0.16286599753238115,0.5588235294117647,0.9079026462677702,55,-0.2960953989827757,0.36363636363636365,0.5082830668029162
2025,401757272,5,Louisiana Tech,UTEP,1,68,-0.2266460413593269,0.36764705882352944,0.8534285147332608,74,-0.5466039677185105,0.2702702702702703,1.166333446034047
2025,401757272,5,UTEP,Louisiana Tech,1,74,-0.5466039677185105,0.2702702702702703,1.166333446034047,68,-0.2266460413593269,0.36764705882352944,0.8534285147332608
2025,401757273,5,Missouri State,Western Kentucky,1,66,0.10919202046048294,0.3939393939393939,1.3111000890403008,68,0.2619501111680132,0.5294117647058824,1.1217373025732182
2025,401757273,5,Western Kentucky,Missouri State,1,68,0.2619501111680132,0.5294117647058824,1.1217373025732182,66,0.10919202046048294,0.3939393939393939,1.3111000890403008
2025,401757274,5,New Mexico,New Mexico State,1,66,0.1582084630626853,0.42424242424242425,1.4328805141368,68,-0.16857838350037554,0.27941176470588236,1.7688196855046885
2025,401757274,5,New Mexico State,New Mexico,1,68,-0.16857838350037554,0.27941176470588236,1.7688196855046885,66,0.1582084630626853,0.42424242424242425,1.4328805141368
2025,401757275,6,New Mexico State,Sam Houston,1,56,0.25864780420226624,0.44642857142857145,1.3003473800646732,59,-0.13864758324350468,0.4406779661016949,1.1277940520138123
2025,401757275,6,Sam Houston,New Mexico State,1,59,-0.13864758324350468,0.4406779661016949,1.1277940520138123,56,0.25864780420226624,0.44642857142857145,1.3003473800646732
2025,401757276,6,Delaware,Western Kentucky,1,82,0.0954364074958869,0.5121951219512195,0.9063255717501009,57,0.3017484401502495,0.43859649122807015,1.358682404381552
2025,401757276,6,Western Kentucky,Delaware,1,57,0.3017484401502495,0.43859649122807015,1.358682404381552,82,0.0954364074958869,0.5121951219512195,0.9063255717501009
2025,401757277,7,Liberty,UTEP,1,80,0.08846292055511386,0.375,1.0972498594359972,44,-0.390038014827636,0.25,0.7047472145616027
2025,401757277,7,UTEP,Liberty,1,44,-0.390038014827636,0.25,0.7047472145616027,80,0.08846292055511386,0.375,1.0972498594359972
2025,401757278,7,Middle Tennessee,Missouri State,1,67,0.005096009372942009,0.47761194029850745,1.091671821043395,52,0.12651448811277155,0.38461538461538464,1.5063042630440582
2025,401757278,7,Missouri State,Middle Tennessee,1,52,0.12651448811277155,0.38461538461538464,1.5063042630440582,67,0.005096009372942009,0.47761194029850745,1.091671821043395
2025,401757279,7,Jacksonville State,Sam Houston,1,79,0.14526932535362697,0.43037974683544306,1.2949538099439146,51,0.12795836844707842,0.45098039215686275,1.1223067640344637
2025,401757279,7,Sam Houston,Jacksonville State,1,51,0.12795836844707842,0.45098039215686275,1.1223067640344637,79,0.14526932535362697,0.43037974683544306,1.2949538099439146
2025,401757280,7,Kennesaw State,Louisiana Tech,1,62,0.3115943759723621,0.41935483870967744,1.4277044048791474,59,-0.1657465996340818,0.3898305084745763,0.9772051372521174
2025,401757280,7,Louisiana Tech,Kennesaw State,1,59,-0.1657465996340818,0.3898305084745763,0.9772051372521174,62,0.3115943759723621,0.41935483870967744,1.4277044048791474
2025,401757281,8,Florida International,Western Kentucky,1,70,0.19391248592655078,0.32857142857142857,1.6810373299645949,63,-0.06491344647725338,0.38095238095238093,1.1177902527824661
2025,401757281,8,Western Kentucky,Florida International,1,63,-0.06491344647725338,0.38095238095238093,1.1177902527824661,70,0.19391248592655078,0.32857142857142857,1.6810373299645949
2025,401757282,8,Liberty,New Mexico State,1,59,-0.06869181739640573,0.4745762711864407,0.7673114453126093,74,0.18179691522581357,0.4594594594594595,1.094137674822966
2025,401757282,8,New Mexico State,Liberty,1,74,0.18179691522581357,0.4594594594594595,1.094137674822966,59,-0.06869181739640573,0.4745762711864407,0.7673114453126093
2025,401757283,8,Delaware,Jacksonville State,1,62,-0.08488160968864583,0.3548387096774194,1.4283174285889741,68,0.19600163742387594,0.38235294117647056,1.4398295345385654
2025,401757283,8,Jacksonville State,Delaware,1,68,0.19600163742387594,0.38235294117647056,1.4398295345385654,62,-0.08488160968864583,0.3548387096774194,1.4283174285889741
2025,401757284,8,Sam Houston,UTEP,1,78,-0.14215653313608984,0.32051282051282054,0.9707216280012784,58,-0.17410624821337015,0.39655172413793105,1.36645160037654
2025,401757284,8,UTEP,Sam Houston,1,58,-0.17410624821337015,0.39655172413793105,1.36645160037654,78,-0.14215653313608984,0.32051282051282054,0.9707216280012784
2025,401757285,9,Florida International,Kennesaw State,1,73,0.05388197297461948,0.410958904109589,1.3251618528675517,60,0.3948268276258025,0.5166666666666667,1.3451707260067978
2025,401757285,9,Kennesaw State,Florida International,1,60,0.3948268276258025,0.5166666666666667,1.3451707260067978,73,0.05388197297461948,0.410958904109589,1.3251618528675517
2025,401757286,9,Louisiana Tech,Western Kentucky,1,89,0.10305835193287435,0.38202247191011235,1.479182604105497,72,0.1266241892286315,0.375,1.4195371235119933
2025,401757286,9,Western Kentucky,Louisiana Tech,1,72,0.1266241892286315,0.375,1.4195371235119933,89,0.10305835193287435,0.38202247191011235,1.479182604105497
2025,401757287,9,Delaware,Middle Tennessee,1,82,0.10277590509453406,0.45121951219512196,1.276676998362236,72,0.10872767885547738,0.4861111111111111,1.0423092084126666
2025,401757287,9,Middle Tennessee,Delaware,1,72,0.10872767885547738,0.4861111111111111,1.0423092084126666,82,0.10277590509453406,0.45121951219512196,1.276676998362236
2025,401757288,9,Missouri State,New Mexico State,1,79,0.013494256682590059,0.4177215189873418,1.1781347578347556,61,-0.2159700241394469,0.4426229508196721,0.8730600369479818
2025,401757288,9,New Mexico State,Missouri State,1,61,-0.2159700241394469,0.4426229508196721,0.8730600369479818,79,0.013494256682590059,0.4177215189873418,1.1781347578347556
2025,401757289,10,Kennesaw State,UTEP,1,73,-0.13946572210822902,0.2876712328767123,1.3226318207700873,74,-0.18898147887878658,0.2702702702702703,1.425508580250243
2025,401757289,10,UTEP,Kennesaw State,1,74,-0.18898147887878658,0.2702702702702703,1.425508580250243,73,-0.13946572210822902,0.2876712328767123,1.3226318207700873
2025,401757290,10,Louisiana Tech,Sam Houston,1,54,0.5731695022266595,0.7222222222222222,1.187440360734082,52,0.06468424156874691,0.4230769230769231,1.484057640877255
2025,401757290,10,Sam Houston,Louisiana Tech,1,52,0.06468424156874691,0.4230769230769231,1.484057640877255,54,0.5731695022266595,0.7222222222222222,1.187440360734082
2025,401757291,10,Florida International,Missouri State,1,71,0.14322209863072796,0.36619718309859156,1.417237217419032,69,0.09596642632500899,0.30434782608695654,1.445138181170219
2025,401757291,10,Missouri State,Florida International,1,69,0.09596642632500899,0.30434782608695654,1.445138181170219,71,0.14322209863072796,0.36619718309859156,1.417237217419032
2025,401757292,10,Jacksonville State,Middle Tennessee,1,61,0.09581837922847639,0.45901639344262296,1.1605714882260394,52,0.03528620077078615,0.34615384615384615,1.5539970246728771
2025,401757292,10,Middle Tennessee,Jacksonville State,1,52,0.03528620077078615,0.34615384615384615,1.5539970246728771,61,0.09581837922847639,0.45901639344262296,1.1605714882260394
2025,401757293,10,Delaware,Liberty,1,66,0.17567238322156978,0.42424242424242425,1.4557063946748763,53,0.7007494341235071,0.5849056603773585,1.5599737439936088
2025,401757293,10,Liberty,Delaware,1,53,0.7007494341235071,0.5849056603773585,1.5599737439936088,66,0.17567238322156978,0.42424242424242425,1.4557063946748763
2025,401757294,10,New Mexico State,Western Kentucky,1,50,-0.2062875026656847,0.22,1.131007273334208,74,0.0013016951759564222,0.4864864864864865,1.0753819699172866
2025,401757294,10,Western Kentucky,New Mexico State,1,74,0.0013016951759564222,0.4864864864864865,1.0753819699172866,50,-0.2062875026656847,0.22,1.131007273334208
2025,401757295,11,Delaware,Louisiana Tech,1,76,0.013512310202410336,0.40789473684210525,1.0913707027301969,61,0.03412051825468578,0.3770491803278688,1.4008766779302873
2025,401757295,11,Louisiana Tech,Delaware,1,61,0.03412051825468578,0.3770491803278688,1.4008766779302873,76,0.013512310202410336,0.40789473684210525,1.0913707027301969
2025,401757296,11,Florida International,Middle Tennessee,1,58,0.3612428555946268,0.4827586206896552,1.7090861075899795,64,-0.10869889384346923,0.46875,1.1351996245290061
2025,401757296,11,Middle Tennessee,Florida International,1,64,-0.10869889384346923,0.46875,1.1351996245290061,58,0.3612428555946268,0.4827586206896552,1.7090861075899795
2025,401757297,11,Jacksonville State,UTEP,1,70,0.16545586815025537,0.5142857142857142,1.0705097612601264,71,0.06133138327324895,0.352112676056338,1.8733427268628668
2025,401757297,11,UTEP,Jacksonville State,1,71,0.06133138327324895,0.352112676056338,1.8733427268628668,70,0.16545586815025537,0.5142857142857142,1.0705097612601264
2025,401757298,11,Kennesaw State,New Mexico State,1,77,0.0053298022925007205,0.4155844155844156,1.1243968241916766,83,-0.07871958912498352,0.3855421686746988,1.2249211705940606
2025,401757298,11,New Mexico State,Kennesaw State,1,83,-0.07871958912498352,0.3855421686746988,1.2249211705940606,77,0.0053298022925007205,0.4155844155844156,1.1243968241916766
2025,401757299,11,Liberty,Missouri State,1,80,0.1247980855756356,0.45,1.1580350297504676,59,0.10724320402971108,0.423728813559322,1.391601935875152
2025,401757299,11,Missouri State,Liberty,1,59,0.10724320402971108,0.423728813559322,1.391601935875152,80,0.1247980855756356,0.45,1.1580350297504676
2025,401757300,12,Delaware,Sam Houston,1,77,0.048679891121087907,0.42857142857142855,1.1672611566152216,71,-0.03258117752479053,0.323943661971831,1.5186304997552762
2025,401757300,12,Sam Houston,Delaware,1,71,-0.03258117752479053,0.323943661971831,1.5186304997552762,77,0.048679891121087907,0.42857142857142855,1.1672611566152216
2025,401757301,12,Florida International,Liberty,1,74,0.20486201618751987,0.4594594594594595,1.1004168351822714,76,-0.026671931456868865,0.47368421052631576,1.0497963547221545
2025,401757301,12,Liberty,Florida International,1,76,-0.026671931456868865,0.47368421052631576,1.0497963547221545,74,0.20486201618751987,0.4594594594594595,1.1004168351822714
2025,401757302,12,Jacksonville State,Kennesaw State,1,57,0.46752355263270745,0.47368421052631576,1.4147080074794824,92,0.09623013217060965,0.4673913043478261,1.1916209302354879
2025,401757302,12,Kennesaw State,Jacksonville State,1,92,0.09623013217060965,0.4673913043478261,1.1916209302354879,57,0.46752355263270745,0.47368421052631576,1.4147080074794824
2025,401757303,12,Middle Tennessee,Western Kentucky,1,72,0.1835423651104166,0.4166666666666667,1.738857539766495,81,0.4036106183017568,0.5679012345679012,1.2460910078151692
2025,401757303,12,Western Kentucky,Middle Tennessee,1,81,0.4036106183017568,0.5679012345679012,1.2460910078151692,72,0.1835423651104166,0.4166666666666667,1.738857539766495
2025,401757304,12,Missouri State,UTEP,1,81,0.2064295022663248,0.37037037037037035,1.4180498347101431,61,0.03644253407404407,0.36065573770491804,1.155635921907492
2025,401757304,12,UTEP,Missouri State,1,61,0.03644253407404407,0.36065573770491804,1.155635921907492,81,0.2064295022663248,0.37037037037037035,1.4180498347101431
2025,401757305,13,Florida International,Jacksonville State,1,70,0.07761339226690792,0.34285714285714286,1.5140906395565323,79,-0.07540182879943223,0.4430379746835443,1.1158022556203817
2025,401757305,13,Jacksonville State,Florida International,1,79,-0.07540182879943223,0.4430379746835443,1.1158022556203817,70,0.07761339226690792,0.34285714285714286,1.5140906395565323
2025,401757306,13,Kennesaw State,Missouri State,1,81,0.3431736258655042,0.41975308641975306,1.5936396202130179,63,0.1735825448021411,0.5079365079365079,1.2875970119215316
2025,401757306,13,Missouri State,Kennesaw State,1,63,0.1735825448021411,0.5079365079365079,1.2875970119215316,81,0.3431736258655042,0.41975308641975306,1.5936396202130179
2025,401757307,13,Liberty,Louisiana Tech,1,65,0.09487351309569854,0.4461538461538462,1.3486507758626676,78,0.242525343430527,0.4230769230769231,1.2325184931342175
2025,401757307,13,Louisiana Tech,Liberty,1,78,0.242525343430527,0.4230769230769231,1.2325184931342175,65,0.09487351309569854,0.4461538461538462,1.3486507758626676
2025,401757308,13,Middle Tennessee,Sam Houston,1,68,0.3179289337290939,0.5294117647058824,1.1241748298773502,67,-0.09413467258806786,0.373134328358209,1.1650370265185355
2025,401757308,13,Sam Houston,Middle Tennessee,1,67,-0.09413467258806786,0.373134328358209,1.1650370265185355,68,0.3179289337290939,0.5294117647058824,1.1241748298773502
2025,401757309,13,New Mexico State,UTEP,1,84,0.18148311573962927,0.4166666666666667,1.4170165294620867,64,0.17927826432130642,0.390625,1.5278808967457804
2025,401757309,13,UTEP,New Mexico State,1,64,0.17927826432130642,0.390625,1.5278808967457804,84,0.18148311573962927,0.4166666666666667,1.4170165294620867
2025,401757310,14,Delaware,UTEP,1,73,0.34687249765064454,0.4794520547945205,1.379235403056009,66,-0.14760390387217842,0.30303030303030304,1.905624122765332
2025,401757310,14,UTEP,Delaware,1,66,-0.14760390387217842,0.30303030303030304,1.905624122765332,73,0.34687249765064454,0.4794520547945205,1.379235403056009
2025,401757311,14,Florida International,Sam Houston,1,55,0.3578256392172471,0.5272727272727272,1.2955817696849468,49,-0.06564086255363107,0.4489795918367347,1.190373780061583
2025,401757311,14,Sam Houston,Florida International,1,49,-0.06564086255363107,0.4489795918367347,1.190373780061583,55,0.3578256392172471,0.5272727272727272,1.2955817696849468
2025,401757312,14,Jacksonville State,Western Kentucky,1,69,0.25934101395451786,0.42028985507246375,1.4364348362537938,63,0.10276126998053199,0.5238095238095238,0.7662968504019118
2025,401757312,14,Western Kentucky,Jacksonville State,1,63,0.10276126998053199,0.5238095238095238,0.7662968504019118,69,0.25934101395451786,0.42028985507246375,1.4364348362537938
2025,401757313,14,Kennesaw State,Liberty,1,68,0.43012036183167285,0.4117647058823529,1.894872722143016,80,0.2515839902521257,0.4375,1.2726942995582984
2025,401757313,14,Liberty,Kennesaw State,1,80,0.2515839902521257,0.4375,1.2726942995582984,68,0.43012036183167285,0.4117647058823529,1.894872722143016
2025,401757314,14,Louisiana Tech,Missouri State,1,67,0.3034996914279165,0.40298507462686567,1.580925696269363,58,0.15005949654287826,0.41379310344827586,1.7560774281378693
2025,401757314,14,Missouri State,Louisiana Tech,1,58,0.15005949654287826,0.41379310344827586,1.7560774281378693,67,0.3034996914279165,0.40298507462686567,1.580925696269363
2025,401757315,14,Middle Tennessee,New Mexico State,1,77,0.15264507777989184,0.44155844155844154,1.1126358410460122,77,-0.03930744725091055,0.4025974025974026,0.8869897552581589
2025,401757315,14,New Mexico State,Middle Tennessee,1,77,-0.03930744725091055,0.4025974025974026,0.8869897552581589,77,0.15264507777989184,0.44155844155844154,1.1126358410460122
2025,401760357,1,San Diego State,Stony Brook,1,78,0.16173531437364017,0.41025641025641024,1.219012669926296,56,-0.28521007924437375,0.16071428571428573,0.908517297288737
2025,401760357,1,Stony Brook,San Diego State,1,56,-0.28521007924437375,0.16071428571428573,0.908517297288737,78,0.16173531437364017,0.41025641025641024,1.219012669926296
2025,401760358,1,Central Michigan,San José State,1,64,0.12501392950001425,0.4375,0.89468791139033,68,0.02782141447852566,0.38235294117647056,1.275161032169205
2025,401760358,1,San José State,Central Michigan,1,68,0.02782141447852566,0.38235294117647056,1.275161032169205,64,0.12501392950001425,0.4375,0.89468791139033
2025,401760359,1,Air Force,Bucknell,1,40,0.522579760917029,0.65,1.1356678542115912,39,-0.05049916289558141,0.41025641025641024,0.989088450025691
2025,401760359,1,Bucknell,Air Force,1,39,-0.05049916289558141,0.41025641025641024,0.989088450025691,40,0.522579760917029,0.65,1.1356678542115912
2025,401760361,1,Fresno State,Georgia Southern,1,65,0.3395188669548317,0.5846153846153846,1.278158570217408,43,0.15036006047104455,0.3488372093023256,1.22929053188964
2025,401760361,1,Georgia Southern,Fresno State,1,43,0.15036006047104455,0.3488372093023256,1.22929053188964,65,0.3395188669548317,0.5846153846153846,1.278158570217408
2025,401760363,2,Boise State,Eastern Washington,1,42,0.5557589869624253,0.5476190476190477,1.500654034394931,50,-0.23698909117010583,0.26,1.5392061267315493
2025,401760363,2,Eastern Washington,Boise State,1,50,-0.23698909117010583,0.26,1.5392061267315493,42,0.5557589869624253,0.5476190476190477,1.500654034394931
2025,401760364,2,Colorado State,Northern Colorado,1,71,0.09133821884523051,0.5492957746478874,0.7233939245106591,62,-0.2175251847477665,0.2903225806451613,1.386778228671899
2025,401760364,2,Northern Colorado,Colorado State,1,62,-0.2175251847477665,0.2903225806451613,1.386778228671899,71,0.09133821884523051,0.5492957746478874,0.7233939245106591
2025,401760365,2,Nevada,Sacramento State,1,70,-0.04596281393756002,0.42857142857142855,1.2239602998789332,57,0.10651374934289279,0.3684210526315789,1.3264475838084293
2025,401760365,2,Sacramento State,Nevada,1,57,0.10651374934289279,0.3684210526315789,1.3264475838084293,70,-0.04596281393756002,0.42857142857142855,1.2239602998789332
2025,401760366,2,Idaho State,New Mexico,1,97,-0.06727083737876506,0.4329896907216495,0.8764549507585352,80,0.14800359164556076,0.375,1.2642445267595925
2025,401760366,2,New Mexico,Idaho State,1,80,0.14800359164556076,0.375,1.2642445267595925,97,-0.06727083737876506,0.4329896907216495,0.8764549507585352
2025,401760367,2,Northern Iowa,Wyoming,1,81,-0.1631686253670025,0.3333333333333333,0.8490779639461808,80,0.2480792848566173,0.5625,0.9107118441887032
2025,401760367,2,Wyoming,Northern Iowa,1,80,0.2480792848566173,0.5625,0.9107118441887032,81,-0.1631686253670025,0.3333333333333333,0.8490779639461808
2025,401760368,3,Air Force,Utah State,1,83,0.1897806434053303,0.46987951807228917,1.0246821178677663,57,0.5780833279025152,0.5087719298245614,1.6726732019666695
2025,401760368,3,Utah State,Air Force,1,57,0.5780833279025152,0.5087719298245614,1.6726732019666695,83,0.1897806434053303,0.46987951807228917,1.0246821178677663
2025,401760369,3,Fresno State,Southern,1,45,0.6074819638345104,0.6666666666666666,1.1900532156329884,34,0.12034515225206267,0.29411764705882354,1.4790010833278306
2025,401760369,3,Southern,Fresno State,1,34,0.12034515225206267,0.29411764705882354,1.4790010833278306,45,0.6074819638345104,0.6666666666666666,1.1900532156329884
2025,401760370,3,Hawai'i,Portland State,1,73,0.1583754545167007,0.3698630136986301,1.2303028508443505,55,-0.1607203725208491,0.3090909090909091,0.9974510662597025
2025,401760370,3,Portland State,Hawai'i,1,55,-0.1607203725208491,0.3090909090909091,0.9974510662597025,73,0.1583754545167007,0.3698630136986301,1.2303028508443505
2025,401760371,1,Idaho State,UNLV,1,84,-0.04837039169060415,0.47619047619047616,1.366143998681485,72,0.27078465458107653,0.5,1.0606226666034546
2025,401760371,1,UNLV,Idaho State,1,72,0.27078465458107653,0.5,1.0606226666034546,84,-0.04837039169060415,0.47619047619047616,1.366143998681485
2025,401760372,4,Air Force,Boise State,1,75,0.3449884123294896,0.4533333333333333,1.5871683541379242,56,0.7079957281919834,0.5,1.9207782951216719
2025,401760372,4,Boise State,Air Force,1,56,0.7079957281919834,0.5,1.9207782951216719,75,0.3449884123294896,0.4533333333333333,1.5871683541379242
2025,401760373,4,Colorado State,UTSA,1,74,0.13455457903111578,0.3783783783783784,1.2743901814189937,59,0.04681615853056472,0.3050847457627119,1.4310682774782664
2025,401760373,4,UTSA,Colorado State,1,59,0.04681615853056472,0.3050847457627119,1.4310682774782664,74,0.13455457903111578,0.3783783783783784,1.2743901814189937
2025,401760374,4,Fresno State,Hawai'i,1,58,-0.007477504047891523,0.46551724137931033,0.9978348479787699,74,-0.21539996594557784,0.3108108108108108,1.5525147795183958
2025,401760374,4,Hawai'i,Fresno State,1,74,-0.21539996594557784,0.3108108108108108,1.5525147795183958,58,-0.007477504047891523,0.46551724137931033,0.9978348479787699
2025,401760375,4,Idaho,San José State,1,76,0.2574571250405383,0.39473684210526316,1.5473214785690144,47,0.433589751639634,0.574468085106383,1.4240638887076074
2025,401760375,4,San José State,Idaho,1,47,0.433589751639634,0.574468085106383,1.4240638887076074,76,0.2574571250405383,0.39473684210526316,1.5473214785690144
2025,401760376,4,Miami (OH),UNLV,1,51,0.034579814218961426,0.43137254901960786,1.236994957864195,78,0.1073524959942733,0.46153846153846156,1.209653516698889
2025,401760376,4,UNLV,Miami (OH),1,78,0.1073524959942733,0.46153846153846156,1.209653516698889,51,0.034579814218961426,0.43137254901960786,1.236994957864195
2025,401760377,4,McNeese,Utah State,1,31,-0.039398416932386465,0.16129032258064516,2.099718971286213,63,0.3688974706047201,0.6031746031746031,1.0761541717795378
2025,401760377,4,Utah State,McNeese,1,63,0.3688974706047201,0.6031746031746031,1.0761541717795378,31,-0.039398416932386465,0.16129032258064516,2.099718971286213
2025,401760378,5,Air Force,Hawai'i,1,45,0.40952668063217756,0.5333333333333333,1.7252393729771816,77,0.398770989707728,0.4805194805194805,1.5166385817466468
2025,401760378,5,Hawai'i,Air Force,1,77,0.398770989707728,0.4805194805194805,1.5166385817466468,45,0.40952668063217756,0.5333333333333333,1.7252393729771816
2025,401760379,5,App State,Boise State,1,44,-0.06137669722416391,0.29545454545454547,1.1865775207872866,67,0.25946392957972986,0.43283582089552236,1.3756206721386144
2025,401760379,5,Boise State,App State,1,67,0.25946392957972986,0.43283582089552236,1.3756206721386144,44,-0.06137669722416391,0.29545454545454547,1.1865775207872866
2025,401760380,5,Northern Illinois,San Diego State,1,57,-0.22229852170461056,0.24561403508771928,0.9767520600888079,66,-0.12806821471117835,0.3333333333333333,1.0249493840478965
2025,401760380,5,San Diego State,Northern Illinois,1,66,-0.12806821471117835,0.3333333333333333,1.0249493840478965,57,-0.22229852170461056,0.24561403508771928,0.9767520600888079
2025,401760381,6,Air Force,Navy,1,65,0.30685182806831796,0.49230769230769234,1.3719766455058733,54,0.5348682574889629,0.42592592592592593,1.7816123935748296
2025,401760381,6,Navy,Air Force,1,54,0.5348682574889629,0.42592592592592593,1.7816123935748296,65,0.30685182806831796,0.49230769230769234,1.3719766455058733
2025,401760382,6,Colorado State,San Diego State,1,48,0.32182550778816976,0.3958333333333333,1.6400852058133313,58,0.5958949225746676,0.5689655172413793,1.384263845577843
2025,401760382,6,San Diego State,Colorado State,1,58,0.5958949225746676,0.5689655172413793,1.384263845577843,48,0.32182550778816976,0.3958333333333333,1.6400852058133313
2025,401760383,6,Fresno State,Nevada,1,62,0.0809809768798725,0.3709677419354839,1.2074000595970087,55,-0.24221046868821272,0.32727272727272727,1.3224620037032089
2025,401760383,6,Nevada,Fresno State,1,55,-0.24221046868821272,0.32727272727272727,1.3224620037032089,62,0.0809809768798725,0.3709677419354839,1.2074000595970087
2025,401760384,6,New Mexico,San José State,1,67,0.2080343268452783,0.582089552238806,1.0158949507627966,65,0.47476116774791105,0.5230769230769231,1.329245076516363
2025,401760384,6,San José State,New Mexico,1,65,0.47476116774791105,0.5230769230769231,1.329245076516363,67,0.2080343268452783,0.582089552238806,1.0158949507627966
2025,401760385,6,UNLV,Wyoming,1,59,0.07508018072393964,0.423728813559322,0.9724893512162006,71,-0.06154500174049393,0.38028169014084506,1.1235947883237554
2025,401760385,6,Wyoming,UNLV,1,71,-0.06154500174049393,0.38028169014084506,1.1235947883237554,59,0.07508018072393964,0.423728813559322,0.9724893512162006
2025,401760386,7,Air Force,UNLV,1,82,0.4052635872510648,0.5853658536585366,1.1717583007284809,57,0.5882291548542264,0.543859649122807,1.6421017899532482
2025,401760386,7,UNLV,Air Force,1,57,0.5882291548542264,0.543859649122807,1.6421017899532482,82,0.4052635872510648,0.5853658536585366,1.1717583007284809
2025,401760387,7,Boise State,New Mexico,1,84,0.2585824582207559,0.40476190476190477,1.3537215180826232,40,-0.3468080576705584,0.25,1.7005916767515574
2025,401760387,7,New Mexico,Boise State,1,40,-0.3468080576705584,0.25,1.7005916767515574,84,0.2585824582207559,0.40476190476190477,1.3537215180826232
2025,401760388,7,Colorado State,Fresno State,1,52,0.39253220524639076,0.40384615384615385,1.6390784343386748,78,-0.18124482611671394,0.44871794871794873,1.2821033222760676
2025,401760388,7,Fresno State,Colorado State,1,78,-0.18124482611671394,0.44871794871794873,1.2821033222760676,52,0.39253220524639076,0.40384615384615385,1.6390784343386748
2025,401760389,7,Hawai'i,Utah State,1,83,0.16380035653435665,0.4457831325301205,1.3603855589563607,64,0.11240722817395803,0.390625,1.31099764617702
2025,401760389,7,Utah State,Hawai'i,1,64,0.11240722817395803,0.390625,1.31099764617702,83,0.16380035653435665,0.4457831325301205,1.3603855589563607
2025,401760390,7,Nevada,San Diego State,1,37,-0.4018927858965264,0.24324324324324326,1.5712042596448161,27,0.6296026813586381,0.7407407407407407,1.0669927698250463
2025,401760390,7,San Diego State,Nevada,1,27,0.6296026813586381,0.7407407407407407,1.0669927698250463,37,-0.4018927858965264,0.24324324324324326,1.5712042596448161
2025,401760391,7,San José State,Wyoming,1,81,0.003939806636929572,0.345679012345679,1.3531983185248577,65,-0.014172609608434052,0.36923076923076925,1.6356904920934014
2025,401760391,7,Wyoming,San José State,1,65,-0.014172609608434052,0.36923076923076925,1.6356904920934014,81,0.003939806636929572,0.345679012345679,1.3531983185248577
2025,401760392,8,Air Force,Wyoming,1,64,0.18812295982861038,0.421875,1.2614787658972593,65,0.2563467486753496,0.5846153846153846,0.9729311641811454
2025,401760392,8,Wyoming,Air Force,1,65,0.2563467486753496,0.5846153846153846,0.9729311641811454,64,0.18812295982861038,0.421875,1.2614787658972593
2025,401760393,8,Boise State,UNLV,1,41,0.6739964919353523,0.4634146341463415,2.1758757627715246,59,0.10080899387943387,0.4406779661016949,1.4095416523330733
2025,401760393,8,UNLV,Boise State,1,59,0.10080899387943387,0.4406779661016949,1.4095416523330733,41,0.6739964919353523,0.4634146341463415,2.1758757627715246
2025,401760394,8,Colorado State,Hawai'i,1,63,0.08507526758946955,0.3968253968253968,1.3709788589703376,66,0.29368648471269393,0.3787878787878788,1.6496476764891495
2025,401760394,8,Hawai'i,Colorado State,1,66,0.29368648471269393,0.3787878787878788,1.6496476764891495,63,0.08507526758946955,0.3968253968253968,1.3709788589703376
2025,401760395,8,Nevada,New Mexico,1,57,0.019999926105535595,0.38596491228070173,1.2062689272273674,65,0.06121560137434401,0.38461538461538464,1.2372009533573287
2025,401760395,8,New Mexico,Nevada,1,65,0.06121560137434401,0.38461538461538464,1.2372009533573287,57,0.019999926105535595,0.38596491228070173,1.2062689272273674
2025,401760396,8,San José State,Utah State,1,79,0.23287011000837596,0.46835443037974683,1.393086464085417,74,0.19646046186567953,0.3918918918918919,1.6139576611140072
2025,401760396,8,Utah State,San José State,1,74,0.19646046186567953,0.3918918918918919,1.6139576611140072,79,0.23287011000837596,0.46835443037974683,1.393086464085417
2025,401760397,9,Boise State,Nevada,1,77,-0.05318007387642429,0.35064935064935066,1.2632014218894334,52,-0.16435249490037676,0.3269230769230769,1.1440993600247797
2025,401760397,9,Nevada,Boise State,1,52,-0.16435249490037676,0.3269230769230769,1.1440993600247797,77,-0.05318007387642429,0.35064935064935066,1.2632014218894334
2025,401760398,9,Colorado State,Wyoming,1,38,-0.35503884627629134,0.42105263157894735,0.8371376246009171,51,0.29631868013901835,0.43137254901960786,1.4105096749778352
2025,401760398,9,Wyoming,Colorado State,1,51,0.29631868013901835,0.43137254901960786,1.4105096749778352,38,-0.35503884627629134,0.42105263157894735,0.8371376246009171
2025,401760399,9,Fresno State,San Diego State,1,45,-0.41641583362985096,0.24444444444444444,1.0045737640153147,64,0.07291293377463172,0.546875,0.7587558574644008
2025,401760399,9,San Diego State,Fresno State,1,64,0.07291293377463172,0.546875,0.7587558574644008,45,-0.41641583362985096,0.24444444444444444,1.0045737640153147
2025,401760400,9,New Mexico,Utah State,1,67,0.3109327791342202,0.5223880597014925,1.063784800703766,50,0.12114446024160629,0.38,1.4113018705179072
2025,401760400,9,Utah State,New Mexico,1,50,0.12114446024160629,0.38,1.4113018705179072,67,0.3109327791342202,0.5223880597014925,1.063784800703766
2025,401760401,10,Air Force,Army,1,69,0.09965915321434608,0.4492753623188406,1.0868359862721415,56,0.156479379525235,0.39285714285714285,1.3382127758201774
2025,401760401,10,Army,Air Force,1,56,0.156479379525235,0.39285714285714285,1.3382127758201774,69,0.09965915321434608,0.4492753623188406,1.0868359862721415
2025,401760402,10,Boise State,Fresno State,1,56,-0.2566241248493156,0.23214285714285715,1.2129396659237233,64,0.01622077226473539,0.359375,0.8413273976108854
2025,401760402,10,Fresno State,Boise State,1,64,0.01622077226473539,0.359375,0.8413273976108854,56,-0.2566241248493156,0.23214285714285715,1.2129396659237233
2025,401760403,10,Hawai'i,San José State,1,74,0.21758532939302774,0.4594594594594595,1.4044043367173784,69,0.42351947661197104,0.43478260869565216,1.8871160933627846
2025,401760403,10,San José State,Hawai'i,1,69,0.42351947661197104,0.43478260869565216,1.8871160933627846,74,0.21758532939302774,0.4594594594594595,1.4044043367173784
2025,401760404,10,New Mexico,UNLV,1,57,0.6244574714475656,0.3684210526315789,2.5337735001694646,78,0.07488009380564234,0.38461538461538464,1.43731388425703
2025,401760404,10,UNLV,New Mexico,1,78,0.07488009380564234,0.38461538461538464,1.43731388425703,57,0.6244574714475656,0.3684210526315789,2.5337735001694646
2025,401760405,10,San Diego State,Wyoming,1,64,-0.03514308666265455,0.328125,1.3589592006219366,64,-0.4396181386662505,0.203125,1.3704696011003406
2025,401760405,10,Wyoming,San Diego State,1,64,-0.4396181386662505,0.203125,1.3704696011003406,64,-0.03514308666265455,0.328125,1.3589592006219366
2025,401760406,11,Air Force,San José State,1,75,0.16015724002373619,0.3466666666666667,1.2754922445980366,63,0.2366164137994306,0.5714285714285714,1.1499309699296791
2025,401760406,11,San José State,Air Force,1,63,0.2366164137994306,0.5714285714285714,1.1499309699296791,75,0.16015724002373619,0.3466666666666667,1.2754922445980366
2025,401760407,11,Colorado State,UNLV,1,58,-0.13394803850049375,0.3275862068965517,1.0666470244870137,47,0.4198907591524396,0.44680851063829785,1.7569551296565982
2025,401760407,11,UNLV,Colorado State,1,47,0.4198907591524396,0.44680851063829785,1.7569551296565982,58,-0.13394803850049375,0.3275862068965517,1.0666470244870137
2025,401760408,11,Hawai'i,San Diego State,1,56,0.1543268032060334,0.44642857142857145,1.4609817146963702,46,-0.33001704629554796,0.2608695652173913,1.4287941205886137
2025,401760408,11,San Diego State,Hawai'i,1,46,-0.33001704629554796,0.2608695652173913,1.4287941205886137,56,0.1543268032060334,0.44642857142857145,1.4609817146963702
2025,401760409,11,Nevada,Utah State,1,20,-0.49534583011351246,0.1,0.707366297603822,47,0.4148842627656258,0.48936170212765956,1.3529061916799379
2025,401760409,11,Utah State,Nevada,1,47,0.4148842627656258,0.48936170212765956,1.3529061916799379,20,-0.49534583011351246,0.1,0.707366297603822
2025,401760410,12,Boise State,San Diego State,1,59,0.09440656985008145,0.4745762711864407,0.7451014551944681,58,0.18016480963559223,0.3448275862068966,1.412817484630168
2025,401760410,12,San Diego State,Boise State,1,58,0.18016480963559223,0.3448275862068966,1.412817484630168,59,0.09440656985008145,0.4745762711864407,0.7451014551944681
2025,401760411,12,Colorado State,New Mexico,1,73,-0.27620712451319207,0.3287671232876712,0.971803380774377,66,-0.20770802261522736,0.3787878787878788,0.9190736571644798
2025,401760411,12,New Mexico,Colorado State,1,66,-0.20770802261522736,0.3787878787878788,0.9190736571644798,73,-0.27620712451319207,0.3287671232876712,0.971803380774377
2025,401760412,12,Fresno State,Wyoming,1,77,-0.052786753720173114,0.24675324675324675,1.8028583473095585,63,-0.2108382718025532,0.2857142857142857,0.997382305831525
2025,401760412,12,Wyoming,Fresno State,1,63,-0.2108382718025532,0.2857142857142857,0.997382305831525,77,-0.052786753720173114,0.24675324675324675,1.8028583473095585
2025,401760413,12,Nevada,San José State,1,39,0.46606652824891853,0.48717948717948717,1.4011831091695155,34,-0.2828051165911841,0.2647058823529412,1.4423657625852488
2025,401760413,12,San José State,Nevada,1,34,-0.2828051165911841,0.2647058823529412,1.4423657625852488,39,0.46606652824891853,0.48717948717948717,1.4011831091695155
2025,401760414,12,UNLV,Utah State,1,80,0.22535307309599384,0.425,1.4724745059816455,77,0.1887190610073087,0.44155844155844154,1.2502193993213926
2025,401760414,12,Utah State,UNLV,1,77,0.1887190610073087,0.44155844155844154,1.2502193993213926,80,0.22535307309599384,0.425,1.4724745059816455
2025,401760415,13,Air Force,New Mexico,1,61,-0.24767083013333,0.3442622950819672,1.1826004003209196,57,0.13977037450370125,0.45614035087719296,1.1302741680782393
2025,401760415,13,New Mexico,Air Force,1,57,0.13977037450370125,0.45614035087719296,1.1302741680782393,61,-0.24767083013333,0.3442622950819672,1.1826004003209196
2025,401760416,13,Boise State,Colorado State,1,85,0.28580022753257506,0.5411764705882353,0.9510503005546395,49,-0.29642559982726374,0.30612244897959184,1.1046306578419867
2025,401760416,13,Colorado State,Boise State,1,49,-0.29642559982726374,0.30612244897959184,1.1046306578419867,85,0.28580022753257506,0.5411764705882353,0.9510503005546395
2025,401760417,13,Fresno State,Utah State,1,63,-0.1718653832779542,0.23809523809523808,1.8209177259430422,84,0.07968490853697065,0.4166666666666667,1.0699283343580042
2025,401760417,13,Utah State,Fresno State,1,84,0.07968490853697065,0.4166666666666667,1.0699283343580042,63,-0.1718653832779542,0.23809523809523808,1.8209177259430422
2025,401760418,13,Hawai'i,UNLV,1,36,-0.1591005568844388,0.3055555555555556,1.2305784323090243,57,0.4035756065675775,0.631578947368421,0.9523222024760098
2025,401760418,13,UNLV,Hawai'i,1,57,0.4035756065675775,0.631578947368421,0.9523222024760098,36,-0.1591005568844388,0.3055555555555556,1.2305784323090243
2025,401760419,13,Nevada,Wyoming,1,60,0.031155267822020813,0.38333333333333336,1.0042680606070227,66,-0.08248755009205938,0.3333333333333333,0.9873091625242428
2025,401760419,13,Wyoming,Nevada,1,66,-0.08248755009205938,0.3333333333333333,0.9873091625242428,60,0.031155267822020813,0.38333333333333336,1.0042680606070227
2025,401760420,13,San Diego State,San José State,1,61,0.030868371092957612,0.4262295081967213,0.935527999381343,76,-0.1924677842361249,0.42105263157894735,0.83860294310238
2025,401760420,13,San José State,San Diego State,1,76,-0.1924677842361249,0.42105263157894735,0.83860294310238,61,0.030868371092957612,0.4262295081967213,0.935527999381343
2025,401760421,14,Air Force,Colorado State,1,74,0.447483242265841,0.5405405405405406,1.134741316185566,47,0.48796343202975145,0.48936170212765956,1.3493718107366472
2025,401760421,14,Colorado State,Air Force,1,47,0.48796343202975145,0.48936170212765956,1.3493718107366472,74,0.447483242265841,0.5405405405405406,1.134741316185566
2025,401760422,14,Boise State,Utah State,1,96,0.02721216076467072,0.375,1.2160378422190472,68,0.029968248078559502,0.35294117647058826,1.2761493512954316
2025,401760422,14,Utah State,Boise State,1,68,0.029968248078559502,0.35294117647058826,1.2761493512954316,96,0.02721216076467072,0.375,1.2160378422190472
2025,401760423,14,Fresno State,San José State,1,76,-0.06293710480943757,0.3815789473684211,0.820515561578918,58,-0.5501595489997704,0.3275862068965517,0.8375179759581619
2025,401760423,14,San José State,Fresno State,1,58,-0.5501595489997704,0.3275862068965517,0.8375179759581619,76,-0.06293710480943757,0.3815789473684211,0.820515561578918
2025,401760424,14,Hawai'i,Wyoming,1,58,0.17806348095198865,0.3448275862068966,1.7896000442850801,67,-0.13093886780699954,0.3283582089552239,1.2382857432770646
2025,401760424,14,Wyoming,Hawai'i,1,67,-0.13093886780699954,0.3283582089552239,1.2382857432770646,58,0.17806348095198865,0.3448275862068966,1.7896000442850801
2025,401760425,14,Nevada,UNLV,1,51,-0.043089683794735274,0.45098039215686275,0.8842882375304951,44,0.6939100766916426,0.5909090909090909,1.7769485959127482
2025,401760425,14,UNLV,Nevada,1,44,0.6939100766916426,0.5909090909090909,1.7769485959127482,51,-0.043089683794735274,0.45098039215686275,0.8842882375304951
2025,401760426,14,New Mexico,San Diego State,1,64,-0.032337698921308944,0.3125,1.3896843217373058,66,-0.04577491415950713,0.4090909090909091,1.1270037617541493
2025,401760426,14,San Diego State,New Mexico,1,66,-0.04577491415950713,0.4090909090909091,1.1270037617541493,64,-0.032337698921308944,0.3125,1.3896843217373058
2025,401761588,1,Saint Francis,UL Monroe,1,37,-0.18374275922877376,0.35135135135135137,0.7703618166634363,56,0.39226951263443577,0.4107142857142857,1.6359450840479672
2025,401761588,1,UL Monroe,Saint Francis,1,56,0.39226951263443577,0.4107142857142857,1.6359450840479672,37,-0.18374275922877376,0.35135135135135137,0.7703618166634363
2025,401761589,1,App State,Charlotte,1,83,0.2277433797404319,0.5542168674698795,0.9447372015783628,47,0.10150839030869745,0.3617021276595745,1.360485761593417
2025,401761589,1,Charlotte,App State,1,47,0.10150839030869745,0.3617021276595745,1.360485761593417,83,0.2277433797404319,0.5542168674698795,0.9447372015783628
2025,401761590,1,James Madison,Weber State,1,59,0.288535577409651,0.5084745762711864,1.3160396788105329,34,-0.39237835276396144,0.20588235294117646,1.087283822065056
2025,401761590,1,Weber State,James Madison,1,34,-0.39237835276396144,0.20588235294117646,1.087283822065056,59,0.288535577409651,0.5084745762711864,1.3160396788105329
2025,401761591,1,Arkansas State,Southeast Missouri State,1,56,0.3301148144708885,0.48214285714285715,1.5765511956469018,60,0.18784127584480093,0.4,1.4809013377381544
2025,401761591,1,Southeast Missouri State,Arkansas State,1,60,0.18784127584480093,0.4,1.4809013377381544,56,0.3301148144708885,0.48214285714285715,1.5765511956469018
2025,401761592,1,Louisiana,Rice,1,58,-0.10823715542186327,0.3103448275862069,1.2703680590037343,62,-0.0027577227740670234,0.41935483870967744,0.8548713761449287
2025,401761592,1,Rice,Louisiana,1,62,-0.0027577227740670234,0.41935483870967744,0.8548713761449287,58,-0.10823715542186327,0.3103448275862069,1.2703680590037343
2025,401761593,1,Morgan State,South Alabama,1,60,0.05983745825575466,0.4,1.2099767670862926,56,0.3289553996280117,0.5357142857142857,1.0292312109562372
2025,401761593,1,South Alabama,Morgan State,1,56,0.3289553996280117,0.5357142857142857,1.0292312109562372,60,0.05983745825575466,0.4,1.2099767670862926
2025,401761594,1,Eastern Michigan,Texas State,1,44,0.37335572375951787,0.4090909090909091,1.4958124743835466,59,0.6244311756272192,0.5932203389830508,1.3329409299548003
2025,401761594,1,Texas State,Eastern Michigan,1,59,0.6244311756272192,0.5932203389830508,1.3329409299548003,44,0.37335572375951787,0.4090909090909091,1.4958124743835466
2025,401761595,1,Nicholls,Troy,1,50,-0.08157235209396656,0.36,1.179821388384722,68,0.31063660214742955,0.5,1.1910162895604806
2025,401761595,1,Troy,Nicholls,1,68,0.31063660214742955,0.5,1.1910162895604806,50,-0.08157235209396656,0.36,1.179821388384722
2025,401761596,2,App State,Lindenwood,1,66,-0.0007757984740260418,0.48484848484848486,0.6610138090854396,65,-0.09880821323255494,0.3230769230769231,1.1949654739468811
2025,401761596,2,Lindenwood,App State,1,65,-0.09880821323255494,0.3230769230769231,1.1949654739468811,66,-0.0007757984740260418,0.48484848484848486,0.6610138090854396
2025,401761597,2,Charleston Southern,Coastal Carolina,1,46,-0.2836319265782578,0.2391304347826087,0.9794026939598357,76,0.10820430993677223,0.4605263157894737,1.0584851512948936
2025,401761597,2,Coastal Carolina,Charleston Southern,1,76,0.10820430993677223,0.4605263157894737,1.0584851512948936,46,-0.2836319265782578,0.2391304347826087,0.9794026939598357
2025,401761598,2,Georgia State,Memphis,1,80,0.15427224069015086,0.425,1.5022462430815284,63,0.3014052626684306,0.4603174603174603,1.3981866890921082
2025,401761598,2,Memphis,Georgia State,1,63,0.3014052626684306,0.4603174603174603,1.3981866890921082,80,0.15427224069015086,0.425,1.5022462430815284
2025,401761599,2,North Carolina Central,Old Dominion,1,48,-0.3826679424223356,0.25,1.2119668764509548,46,0.6541218489891003,0.5652173913043478,1.7173010690233608
2025,401761599,2,Old Dominion,North Carolina Central,1,46,0.6541218489891003,0.5652173913043478,1.7173010690233608,48,-0.3826679424223356,0.25,1.2119668764509548
2025,401761600,2,Louisiana,McNeese,1,64,0.19009695197386042,0.453125,1.095205727201457,51,-0.2248135027429335,0.37254901960784315,1.1359610844034767
2025,401761600,2,McNeese,Louisiana,1,51,-0.2248135027429335,0.37254901960784315,1.1359610844034767,64,0.19009695197386042,0.453125,1.095205727201457
2025,401761601,2,South Alabama,Tulane,1,66,0.16012920245082488,0.4696969696969697,1.2768323991026427,71,0.22403463845024132,0.4788732394366197,1.0065601390809504
2025,401761601,2,Tulane,South Alabama,1,71,0.22403463845024132,0.4788732394366197,1.0065601390809504,66,0.16012920245082488,0.4696969696969697,1.2768323991026427
2025,401761602,2,Jackson State,Southern Miss,1,61,-0.17341819499129213,0.32786885245901637,1.2705931177758196,66,0.14524829891009167,0.4393939393939394,1.1765499674713213
2025,401761602,2,Southern Miss,Jackson State,1,66,0.14524829891009167,0.4393939393939394,1.1765499674713213,61,-0.17341819499129213,0.32786885245901637,1.2705931177758196
2025,401761603,2,Texas State,UTSA,1,66,0.21623188313210226,0.36363636363636365,1.7325573998469799,76,0.11360777821790033,0.4342105263157895,1.5696034450866843
2025,401761603,2,UTSA,Texas State,1,76,0.11360777821790033,0.4342105263157895,1.5696034450866843,66,0.21623188313210226,0.36363636363636365,1.7325573998469799
2025,401761604,3,Coastal Carolina,East Carolina,1,47,-0.2016956727102857,0.3404255319148936,1.273538091598298,73,0.1555958800849076,0.4520547945205479,1.1860984656470657
2025,401761604,3,East Carolina,Coastal Carolina,1,73,0.1555958800849076,0.4520547945205479,1.1860984656470657,47,-0.2016956727102857,0.3404255319148936,1.273538091598298
2025,401761605,3,Georgia State,Murray State,1,59,0.40652126709942593,0.5084745762711864,1.356489419368503,58,-0.11823609794370286,0.3103448275862069,1.1143155063464742
2025,401761605,3,Murray State,Georgia State,1,58,-0.11823609794370286,0.3103448275862069,1.1143155063464742,59,0.40652126709942593,0.5084745762711864,1.356489419368503
2025,401761606,3,Eastern Kentucky,Marshall,1,32,-0.3125864432139887,0.25,1.1490287054361483,43,0.28505723911026065,0.46511627906976744,1.3572082666283392
2025,401761606,3,Marshall,Eastern Kentucky,1,43,0.28505723911026065,0.46511627906976744,1.3572082666283392,32,-0.3125864432139887,0.25,1.1490287054361483
2025,401761607,3,App State,Southern Miss,1,72,-0.1583250762587903,0.4027777777777778,1.2060363641949818,51,0.39867685252923796,0.5098039215686274,1.367718749777065
2025,401761607,3,Southern Miss,App State,1,51,0.39867685252923796,0.5098039215686274,1.367718749777065,72,-0.1583250762587903,0.4027777777777778,1.2060363641949818
2025,401761608,3,Memphis,Troy,1,71,0.13293189425955781,0.4507042253521127,1.1903276277875143,55,-0.1544888376662352,0.2545454545454545,0.9629153032134853
2025,401761608,3,Troy,Memphis,1,55,-0.1544888376662352,0.2545454545454545,0.9629153032134853,71,0.13293189425955781,0.4507042253521127,1.1903276277875143
2025,401761609,4,Georgia Southern,Maine,1,74,0.2486380365850549,0.581081081081081,1.025795558197399,46,-0.17357195050449772,0.34782608695652173,1.201798417275332
2025,401761609,4,Maine,Georgia Southern,1,46,-0.17357195050449772,0.34782608695652173,1.201798417275332,74,0.2486380365850549,0.581081081081081,1.025795558197399
2025,401761610,4,Eastern Michigan,Louisiana,1,67,0.2021901074855408,0.5074626865671642,1.113229562358677,64,0.21662448859032377,0.40625,1.3809019872781103
2025,401761610,4,Louisiana,Eastern Michigan,1,64,0.21662448859032377,0.40625,1.3809019872781103,67,0.2021901074855408,0.5074626865671642,1.113229562358677
2025,401761611,4,Coastal Carolina,South Alabama,1,54,0.21025347204119113,0.3333333333333333,1.6949232702411718,81,-0.2096642102123522,0.38271604938271603,1.1603378988011144
2025,401761611,4,South Alabama,Coastal Carolina,1,81,-0.2096642102123522,0.38271604938271603,1.1603378988011144,54,0.21025347204119113,0.3333333333333333,1.6949232702411718
2025,401761612,4,Nicholls,Texas State,1,36,-0.04818113150107805,0.4166666666666667,0.9415089907902144,60,0.3921774342516051,0.55,1.1181198443161064
2025,401761612,4,Texas State,Nicholls,1,60,0.3921774342516051,0.55,1.1181198443161064,36,-0.04818113150107805,0.4166666666666667,0.9415089907902144
2025,401761613,4,Buffalo,Troy,1,63,0.05587484501396577,0.2857142857142857,1.2617844843851918,83,0.033707275563901594,0.39759036144578314,1.2151752048082716
2025,401761613,4,Troy,Buffalo,1,83,0.033707275563901594,0.39759036144578314,1.2151752048082716,63,0.05587484501396577,0.2857142857142857,1.2617844843851918
2025,401761614,5,Georgia Southern,James Madison,1,42,-0.04997429060916625,0.30952380952380953,1.2847332483498473,56,0.4105240549355531,0.4642857142857143,1.4532572438175135
2025,401761614,5,James Madison,Georgia Southern,1,56,0.4105240549355531,0.4642857142857143,1.4532572438175135,42,-0.04997429060916625,0.30952380952380953,1.2847332483498473
2025,401761615,5,Louisiana,Marshall,1,67,0.06008355503461786,0.43283582089552236,1.1529877759001148,68,0.4161124096028091,0.5294117647058824,1.2436612161453453
2025,401761615,5,Marshall,Louisiana,1,68,0.4161124096028091,0.5294117647058824,1.2436612161453453,67,0.06008355503461786,0.43283582089552236,1.1529877759001148
2025,401761616,5,Arkansas State,UL Monroe,1,77,-0.047199072057546136,0.35064935064935066,1.3666975675257274,58,0.23219768146776132,0.43103448275862066,1.5271651443858316
2025,401761616,5,UL Monroe,Arkansas State,1,58,0.23219768146776132,0.43103448275862066,1.5271651443858316,77,-0.047199072057546136,0.35064935064935066,1.3666975675257274
2025,401761617,5,North Texas,South Alabama,1,65,0.33734840963168694,0.47692307692307695,1.3988025773526613,79,0.03834085492592166,0.3924050632911392,1.3354969673290369
2025,401761617,5,South Alabama,North Texas,1,79,0.03834085492592166,0.3924050632911392,1.3354969673290369,65,0.33734840963168694,0.47692307692307695,1.3988025773526613
2025,401761618,6,Georgia State,James Madison,1,53,0.05162835998829046,0.3584905660377358,1.2176377215151317,64,-0.018538239609880835,0.40625,0.9744277144276035
2025,401761618,6,James Madison,Georgia State,1,64,-0.018538239609880835,0.40625,0.9744277144276035,53,0.05162835998829046,0.3584905660377358,1.2176377215151317
2025,401761619,6,Coastal Carolina,Old Dominion,1,32,-0.12554291387746996,0.40625,0.8655830991490533,40,0.5612303191759628,0.525,1.5857650863914874
2025,401761619,6,Old Dominion,Coastal Carolina,1,40,0.5612303191759628,0.525,1.5857650863914874,32,-0.12554291387746996,0.40625,0.8655830991490533
2025,401761620,6,Arkansas State,Texas State,1,71,0.19487278308839495,0.4507042253521127,1.1278249585413225,66,0.10232099564690443,0.4090909090909091,1.067504004645141
2025,401761620,6,Texas State,Arkansas State,1,66,0.10232099564690443,0.4090909090909091,1.067504004645141,71,0.19487278308839495,0.4507042253521127,1.1278249585413225
2025,401761621,6,South Alabama,Troy,1,69,0.15150468624409755,0.43478260869565216,1.0284117369594292,71,0.20847943305976832,0.4507042253521127,1.1146354304067407
2025,401761621,6,Troy,South Alabama,1,71,0.20847943305976832,0.4507042253521127,1.1146354304067407,69,0.15150468624409755,0.43478260869565216,1.0284117369594292
2025,401761622,7,Georgia Southern,Southern Miss,1,76,0.06883689714600755,0.39473684210526316,1.4720508955335578,76,0.2292610914182282,0.3684210526315789,1.4355509839055975
2025,401761622,7,Southern Miss,Georgia Southern,1,76,0.2292610914182282,0.3684210526315789,1.4355509839055975,76,0.06883689714600755,0.39473684210526316,1.4720508955335578
2025,401761623,7,Coastal Carolina,UL Monroe,1,67,-0.001500952298167547,0.3582089552238806,1.210348413807767,59,-0.22294061226618023,0.2542372881355932,1.634738556822718
2025,401761623,7,UL Monroe,Coastal Carolina,1,59,-0.22294061226618023,0.2542372881355932,1.634738556822718,67,-0.001500952298167547,0.3582089552238806,1.210348413807767
2025,401761624,7,App State,Georgia State,1,66,0.1664078628783309,0.4090909090909091,1.3659433551401432,53,-0.3037538138570474,0.2830188679245283,1.5836964305409507
2025,401761624,7,Georgia State,App State,1,53,-0.3037538138570474,0.2830188679245283,1.5836964305409507,66,0.1664078628783309,0.4090909090909091,1.3659433551401432
2025,401761625,7,James Madison,Louisiana,1,80,0.11273409788006682,0.475,0.9208477833102422,56,0.0002636164790936541,0.21428571428571427,1.7833368720996146
2025,401761625,7,Louisiana,James Madison,1,56,0.0002636164790936541,0.21428571428571427,1.7833368720996146,80,0.11273409788006682,0.475,0.9208477833102422
2025,401761626,7,Marshall,Old Dominion,1,59,0.2680670726184085,0.4067796610169492,1.4467463277040933,36,-0.24877963928986985,0.3611111111111111,1.252920286242152
2025,401761626,7,Old Dominion,Marshall,1,36,-0.24877963928986985,0.3611111111111111,1.252920286242152,59,0.2680670726184085,0.4067796610169492,1.4467463277040933
2025,401761627,7,Texas State,Troy,1,74,0.4562282802660786,0.47297297297297297,1.6592672875317611,71,0.32380871183864623,0.43661971830985913,1.5509053173080538
2025,401761627,7,Troy,Texas State,1,71,0.32380871183864623,0.43661971830985913,1.5509053173080538,74,0.4562282802660786,0.47297297297297297,1.6592672875317611
2025,401761628,8,Arkansas State,South Alabama,1,78,0.12241507574506061,0.44871794871794873,1.0340871096765518,67,0.11486343434280913,0.3582089552238806,1.0836406666334941
2025,401761628,8,South Alabama,Arkansas State,1,67,0.11486343434280913,0.3582089552238806,1.0836406666334941,78,0.12241507574506061,0.44871794871794873,1.0340871096765518
2025,401761629,8,App State,Coastal Carolina,1,75,0.2449620603310402,0.4666666666666667,1.1837873052669647,63,0.30878509815050714,0.5396825396825397,1.2182861899514827
2025,401761629,8,Coastal Carolina,App State,1,63,0.30878509815050714,0.5396825396825397,1.2182861899514827,75,0.2449620603310402,0.4666666666666667,1.1837873052669647
2025,401761630,8,Georgia Southern,Georgia State,1,67,0.32323619122234315,0.4925373134328358,1.2360460908358204,72,0.25731906125359183,0.5972222222222222,0.9876601214569574
2025,401761630,8,Georgia State,Georgia Southern,1,72,0.25731906125359183,0.5972222222222222,0.9876601214569574,67,0.32323619122234315,0.4925373134328358,1.2360460908358204
2025,401761631,8,James Madison,Old Dominion,1,66,0.41375172802889054,0.5151515151515151,1.6402608793771203,39,0.20326780468311412,0.38461538461538464,1.8359001269873043
2025,401761631,8,Old Dominion,James Madison,1,39,0.20326780468311412,0.38461538461538464,1.8359001269873043,66,0.41375172802889054,0.5151515151515151,1.6402608793771203
2025,401761632,8,Marshall,Texas State,1,112,0.01391340801125987,0.45535714285714285,0.9765220777986274,123,0.11730873987537552,0.34959349593495936,1.4452861447285608
2025,401761632,8,Texas State,Marshall,1,123,0.11730873987537552,0.34959349593495936,1.4452861447285608,112,0.01391340801125987,0.45535714285714285,0.9765220777986274
2025,401761633,8,Troy,UL Monroe,1,48,0.23832565063565078,0.4166666666666667,1.5029271165820766,57,0.05565682351445032,0.3684210526315789,1.626234702049097
2025,401761633,8,UL Monroe,Troy,1,57,0.05565682351445032,0.3684210526315789,1.626234702049097,48,0.23832565063565078,0.4166666666666667,1.5029271165820766
2025,401761634,9,Georgia State,South Alabama,1,72,0.2286660370110625,0.4444444444444444,1.2036880576893616,73,0.39960568732592766,0.4520547945205479,1.3987249299004136
2025,401761634,9,South Alabama,Georgia State,1,73,0.39960568732592766,0.4520547945205479,1.3987249299004136,72,0.2286660370110625,0.4444444444444444,1.2036880576893616
2025,401761635,9,App State,Old Dominion,1,74,-0.03501010050546536,0.33783783783783783,1.5284286524870723,85,0.02615366221113195,0.4117647058823529,1.207055655018928
2025,401761635,9,Old Dominion,App State,1,85,0.02615366221113195,0.4117647058823529,1.207055655018928,74,-0.03501010050546536,0.33783783783783783,1.5284286524870723
2025,401761636,9,Arkansas State,Georgia Southern,1,87,0.18682134028490574,0.5057471264367817,1.0555192628436363,69,0.05845399660314199,0.37681159420289856,1.2903330379472508
2025,401761636,9,Georgia Southern,Arkansas State,1,69,0.05845399660314199,0.37681159420289856,1.2903330379472508,87,0.18682134028490574,0.5057471264367817,1.0555192628436363
2025,401761637,9,Southern Miss,UL Monroe,1,58,0.4015402906529047,0.46551724137931033,1.5731566713975358,54,-0.14558209559793917,0.3333333333333333,1.2987432247779043
2025,401761637,9,UL Monroe,Southern Miss,1,54,-0.14558209559793917,0.3333333333333333,1.2987432247779043,58,0.4015402906529047,0.46551724137931033,1.5731566713975358
2025,401761638,9,Louisiana,Troy,1,67,-0.03285312532308694,0.4626865671641791,1.2929167450580474,66,0.114105773400681,0.42424242424242425,1.4476151782809652
2025,401761638,9,Troy,Louisiana,1,66,0.114105773400681,0.42424242424242425,1.4476151782809652,67,-0.03285312532308694,0.4626865671641791,1.2929167450580474
2025,401761639,10,James Madison,Texas State,1,42,0.5649579178218224,0.5238095238095238,1.8485891652131479,61,-0.19905442805286508,0.29508196721311475,1.6730164596200876
2025,401761639,10,Texas State,James Madison,1,61,-0.19905442805286508,0.29508196721311475,1.6730164596200876,42,0.5649579178218224,0.5238095238095238,1.8485891652131479
2025,401761640,10,Coastal Carolina,Marshall,1,68,0.0026502227127133287,0.35294117647058826,1.4628808150203496,82,0.0583507093362284,0.4024390243902439,1.4483253431637697
2025,401761640,10,Marshall,Coastal Carolina,1,82,0.0583507093362284,0.4024390243902439,1.4483253431637697,68,0.0026502227127133287,0.35294117647058826,1.4628808150203496
2025,401761641,10,Old Dominion,UL Monroe,1,56,0.09546884594405322,0.48214285714285715,1.0252399184235466,51,-0.47272423283587045,0.3333333333333333,0.7268353919185603
2025,401761641,10,UL Monroe,Old Dominion,1,51,-0.47272423283587045,0.3333333333333333,0.7268353919185603,56,0.09546884594405322,0.48214285714285715,1.0252399184235466
2025,401761642,10,Louisiana,South Alabama,1,65,0.210695694912683,0.4461538461538462,1.291147241015187,72,-0.0056552628350999236,0.4166666666666667,1.1430880471038982
2025,401761642,10,South Alabama,Louisiana,1,72,-0.0056552628350999236,0.4166666666666667,1.1430880471038982,65,0.210695694912683,0.4461538461538462,1.291147241015187
2025,401761643,10,Arkansas State,Troy,1,64,0.03261841830794016,0.390625,1.173361178722973,71,-0.2848059035149339,0.3380281690140845,1.334651017206859
2025,401761643,10,Troy,Arkansas State,1,71,-0.2848059035149339,0.3380281690140845,1.334651017206859,64,0.03261841830794016,0.390625,1.173361178722973
2025,401761644,11,App State,Georgia Southern,1,78,0.12186155702830444,0.4358974358974359,1.510233666507536,75,0.34916361077455293,0.49333333333333335,1.2200476979480828
2025,401761644,11,Georgia Southern,App State,1,75,0.34916361077455293,0.49333333333333335,1.2200476979480828,78,0.12186155702830444,0.4358974358974359,1.510233666507536
2025,401761645,11,Coastal Carolina,Georgia State,1,67,0.2757054245948499,0.43283582089552236,1.2592323486140784,69,-0.06453529215188683,0.42028985507246375,1.123051079205178
2025,401761645,11,Georgia State,Coastal Carolina,1,69,-0.06453529215188683,0.42028985507246375,1.123051079205178,67,0.2757054245948499,0.43283582089552236,1.2592323486140784
2025,401761646,11,James Madison,Marshall,1,60,0.11156060702404905,0.38333333333333336,1.605669274112543,88,0.005293953167975454,0.4431818181818182,1.0555769624042752
2025,401761646,11,Marshall,James Madison,1,88,0.005293953167975454,0.4431818181818182,1.0555769624042752,60,0.11156060702404905,0.38333333333333336,1.605669274112543
2025,401761647,11,Arkansas State,Southern Miss,1,90,-0.1079726861521535,0.4666666666666667,1.0237382557696069,77,0.2086363175239576,0.44155844155844154,1.2432675726826563
2025,401761647,11,Southern Miss,Arkansas State,1,77,0.2086363175239576,0.44155844155844154,1.2432675726826563,90,-0.1079726861521535,0.4666666666666667,1.0237382557696069
2025,401761648,11,Louisiana,Texas State,1,82,0.1736438549665847,0.4024390243902439,1.2074674069059201,58,0.47470781733673567,0.5689655172413793,1.48642674744689
2025,401761648,11,Texas State,Louisiana,1,58,0.47470781733673567,0.5689655172413793,1.48642674744689,82,0.1736438549665847,0.4024390243902439,1.2074674069059201
2025,401761649,12,Old Dominion,Troy,1,57,0.23446000419465707,0.45614035087719296,1.3609811796951277,42,-0.5637706160462551,0.2619047619047619,0.5576483092310445
2025,401761649,12,Troy,Old Dominion,1,42,-0.5637706160462551,0.2619047619047619,0.5576483092310445,57,0.23446000419465707,0.45614035087719296,1.3609811796951277
2025,401761650,12,Coastal Carolina,Georgia Southern,1,73,0.21570876725419416,0.410958904109589,1.494821317079931,79,0.27046023506526906,0.4810126582278481,1.3459761930716947
2025,401761650,12,Georgia Southern,Coastal Carolina,1,79,0.27046023506526906,0.4810126582278481,1.3459761930716947,73,0.21570876725419416,0.410958904109589,1.494821317079931
2025,401761651,12,Georgia State,Marshall,1,80,0.03752104504001791,0.325,1.6259832269843906,62,0.4232793631935068,0.5,1.2657500366151473
2025,401761651,12,Marshall,Georgia State,1,62,0.4232793631935068,0.5,1.2657500366151473,80,0.03752104504001791,0.325,1.6259832269843906
2025,401761652,12,App State,James Madison,1,24,-0.5166002651165195,0.125,1.3748807342156362,56,0.17567628704762264,0.48214285714285715,1.3239478016020039
2025,401761652,12,James Madison,App State,1,56,0.17567628704762264,0.48214285714285715,1.3239478016020039,24,-0.5166002651165195,0.125,1.3748807342156362
2025,401761653,12,South Alabama,UL Monroe,1,79,0.0774438769026929,0.43037974683544306,1.149401865498203,44,-0.23866765260333447,0.20454545454545456,1.5480259223171084
2025,401761653,12,UL Monroe,South Alabama,1,44,-0.23866765260333447,0.20454545454545456,1.5480259223171084,79,0.0774438769026929,0.43037974683544306,1.149401865498203
2025,401761654,12,Southern Miss,Texas State,1,52,-0.008049081697225506,0.4230769230769231,0.9855985284182371,66,0.40920588079931663,0.5606060606060606,1.0817292886214618
2025,401761654,12,Texas State,Southern Miss,1,66,0.40920588079931663,0.5606060606060606,1.0817292886214618,52,-0.008049081697225506,0.4230769230769231,0.9855985284182371
2025,401761655,13,Arkansas State,Louisiana,1,79,-0.06695195746252712,0.4430379746835443,0.7697077947474673,74,0.09726528186961807,0.3918918918918919,1.2608515034051788
2025,401761655,13,Louisiana,Arkansas State,1,74,0.09726528186961807,0.3918918918918919,1.2608515034051788,79,-0.06695195746252712,0.4430379746835443,0.7697077947474673
2025,401761656,13,App State,Marshall,1,72,0.011450394215582733,0.4166666666666667,0.8897605776166,71,0.07825904545778162,0.5070422535211268,0.7125589097391913
2025,401761656,13,Marshall,App State,1,71,0.07825904545778162,0.5070422535211268,0.7125589097391913,72,0.011450394215582733,0.4166666666666667,0.8897605776166
2025,401761657,13,Georgia Southern,Old Dominion,1,29,-0.1686353670587963,0.3448275862068966,0.7933852403397165,44,0.46119131415967324,0.5681818181818182,1.1407515094246374
2025,401761657,13,Old Dominion,Georgia Southern,1,44,0.46119131415967324,0.5681818181818182,1.1407515094246374,29,-0.1686353670587963,0.3448275862068966,0.7933852403397165
2025,401761658,13,South Alabama,Southern Miss,1,80,0.13739655045483704,0.45,1.1781467947470963,77,0.06038282302706208,0.33766233766233766,1.653389543160868
2025,401761658,13,Southern Miss,South Alabama,1,77,0.06038282302706208,0.33766233766233766,1.653389543160868,80,0.13739655045483704,0.45,1.1781467947470963
2025,401761659,13,Texas State,UL Monroe,1,77,0.330092529580319,0.4675324675324675,1.3055047844730845,63,0.08521858248883324,0.3968253968253968,1.2551197498705688
2025,401761659,13,UL Monroe,Texas State,1,63,0.08521858248883324,0.3968253968253968,1.2551197498705688,77,0.330092529580319,0.4675324675324675,1.3055047844730845
2025,401761660,13,Georgia State,Troy,1,87,-0.08067603675838711,0.41379310344827586,1.1717072319241788,77,0.12274628387995093,0.37662337662337664,1.3403806666394864
2025,401761660,13,Troy,Georgia State,1,77,0.12274628387995093,0.37662337662337664,1.3403806666394864,87,-0.08067603675838711,0.41379310344827586,1.1717072319241788
2025,401761661,14,App State,Arkansas State,1,78,0.17160014840437993,0.4358974358974359,1.1736446333789183,81,0.03939193944635354,0.4444444444444444,1.0168234898405921
2025,401761661,14,Arkansas State,App State,1,81,0.03939193944635354,0.4444444444444444,1.0168234898405921,78,0.17160014840437993,0.4358974358974359,1.1736446333789183
2025,401761662,14,Coastal Carolina,James Madison,1,48,-0.2625368527623476,0.14583333333333334,2.221395944618815,58,0.1721807800032363,0.5689655172413793,0.9685090791575515
2025,401761662,14,James Madison,Coastal Carolina,1,58,0.1721807800032363,0.5689655172413793,0.9685090791575515,48,-0.2625368527623476,0.14583333333333334,2.221395944618815
2025,401761663,14,Georgia Southern,Marshall,1,89,0.14806595528579844,0.4606741573033708,1.2080262046081154,52,0.1375388166243072,0.4807692307692308,1.1900168506495894
2025,401761663,14,Marshall,Georgia Southern,1,52,0.1375388166243072,0.4807692307692308,1.1900168506495894,89,0.14806595528579844,0.4606741573033708,1.2080262046081154
2025,401761664,14,Georgia State,Old Dominion,1,68,-0.025924796836518594,0.36764705882352944,0.8953760885090319,77,0.04101095888620282,0.4155844155844156,1.1191477268554753
2025,401761664,14,Old Dominion,Georgia State,1,77,0.04101095888620282,0.4155844155844156,1.1191477268554753,68,-0.025924796836518594,0.36764705882352944,0.8953760885090319
2025,401761665,14,Louisiana,UL Monroe,1,69,0.02464571565586509,0.30434782608695654,1.2929184559151037,78,0.11766427527211169,0.46153846153846156,1.3145412192787682
2025,401761665,14,UL Monroe,Louisiana,1,78,0.11766427527211169,0.46153846153846156,1.3145412192787682,69,0.02464571565586509,0.30434782608695654,1.2929184559151037
2025,401761666,14,Southern Miss,Troy,1,66,0.08319893824181118,0.36363636363636365,1.348995030727876,75,0.07432343116676002,0.4666666666666667,1.1485589748911411
2025,401761666,14,Troy,Southern Miss,1,75,0.07432343116676002,0.4666666666666667,1.1485589748911411,66,0.08319893824181118,0.36363636363636365,1.348995030727876
2025,401761667,14,South Alabama,Texas State,1,55,-0.12480750399813756,0.32727272727272727,1.5154666271422448,60,0.563329603985074,0.5666666666666667,1.3525603879717056
2025,401761667,14,Texas State,South Alabama,1,60,0.563329603985074,0.5666666666666667,1.3525603879717056,55,-0.12480750399813756,0.32727272727272727,1.5154666271422448
2025,401761668,8,Louisiana,Southern Miss,1,60,-0.008209532344423386,0.48333333333333334,0.6429196164720261,39,-0.0280879371758968,0.28205128205128205,0.9882116291138393
2025,401761668,8,Southern Miss,Louisiana,1,39,-0.0280879371758968,0.28205128205128205,0.9882116291138393,60,-0.008209532344423386,0.48333333333333334,0.6429196164720261
2025,401762430,1,Alabama State,UAB,1,64,0.5058388945229543,0.5625,1.4472991866325837,58,0.5503164053675541,0.6551724137931034,1.2441015762942254
2025,401762430,1,UAB,Alabama State,1,58,0.5503164053675541,0.6551724137931034,1.2441015762942254,64,0.5058388945229543,0.5625,1.4472991866325837
2025,401762432,1,Army,Tarleton State,1,76,-0.07028445969002925,0.40789473684210525,1.191862275604097,61,0.221373513354007,0.3114754098360656,1.5506668197459343
2025,401762432,1,Tarleton State,Army,1,61,0.221373513354007,0.3114754098360656,1.5506668197459343,76,-0.07028445969002925,0.40789473684210525,1.191862275604097
2025,401762433,1,Chattanooga,Memphis,1,37,-0.2632675587272656,0.2972972972972973,1.3204092127614313,47,0.3758393047153427,0.574468085106383,1.2237543817772596
2025,401762433,1,Memphis,Chattanooga,1,47,0.3758393047153427,0.574468085106383,1.2237543817772596,37,-0.2632675587272656,0.2972972972972973,1.3204092127614313
2025,401762434,1,Navy,VMI,1,54,0.49114288953181434,0.6111111111111112,1.1131486347837012,34,-0.04319868155835309,0.2647058823529412,1.648177702605685
2025,401762434,1,VMI,Navy,1,34,-0.04319868155835309,0.2647058823529412,1.648177702605685,54,0.49114288953181434,0.6111111111111112,1.1131486347837012
2025,401762435,1,Lamar,North Texas,1,24,-0.44124893135301996,0.3333333333333333,0.5677048245893409,44,0.41855346040607544,0.5,1.5643303628256857
2025,401762435,1,North Texas,Lamar,1,44,0.41855346040607544,0.5,1.5643303628256857,24,-0.44124893135301996,0.3333333333333333,0.5677048245893409
2025,401762441,14,Army,UTSA,1,61,0.09304730843494169,0.3770491803278688,1.212504199295741,69,-0.0955435466310123,0.37681159420289856,1.3901646538834254
2025,401762441,14,UTSA,Army,1,69,-0.0955435466310123,0.37681159420289856,1.3901646538834254,61,0.09304730843494169,0.3770491803278688,1.212504199295741
2025,401762442,14,North Texas,Temple,1,48,0.6511251286063762,0.6875,1.1382976463584673,56,-0.0007538935982260727,0.42857142857142855,1.056360526269983
2025,401762442,14,Temple,North Texas,1,56,-0.0007538935982260727,0.42857142857142855,1.056360526269983,48,0.6511251286063762,0.6875,1.1382976463584673
2025,401762443,10,Tulane,UTSA,1,61,0.11921721192280739,0.47540983606557374,1.3746152807111434,72,0.2991631057168947,0.4861111111111111,1.3567065984190212
2025,401762443,10,UTSA,Tulane,1,72,0.2991631057168947,0.4861111111111111,1.3567065984190212,61,0.11921721192280739,0.47540983606557374,1.3746152807111434
2025,401762456,1,Massachusetts,Temple,1,51,-0.13324647156319633,0.35294117647058826,0.9751116405949762,52,0.5510492845469588,0.5192307692307693,1.39163166020809
2025,401762456,1,Temple,Massachusetts,1,52,0.5510492845469588,0.5192307692307693,1.39163166020809,51,-0.13324647156319633,0.35294117647058826,0.9751116405949762
2025,401762457,1,Abilene Christian,Tulsa,1,46,-0.15604367226123603,0.3695652173913043,0.887556118662658,64,0.39225364637015536,0.484375,1.2524576223846953
2025,401762457,1,Tulsa,Abilene Christian,1,64,0.39225364637015536,0.484375,1.2524576223846953,46,-0.15604367226123603,0.3695652173913043,0.887556118662658
2025,401762458,2,Navy,UAB,1,58,0.5703758412325551,0.603448275862069,1.248004348444311,59,0.12533308363988577,0.4406779661016949,1.3562889238248628
2025,401762458,2,UAB,Navy,1,59,0.12533308363988577,0.4406779661016949,1.3562889238248628,58,0.5703758412325551,0.603448275862069,1.248004348444311
2025,401762459,2,Campbell,East Carolina,1,33,-0.08456870164323049,0.24242424242424243,1.1602676089756159,44,0.4750216836395815,0.5454545454545454,1.4040615575772453
2025,401762459,2,East Carolina,Campbell,1,44,0.4750216836395815,0.5454545454545454,1.4040615575772453,33,-0.08456870164323049,0.24242424242424243,1.1602676089756159
2025,401762460,2,Florida A&M,Florida Atlantic,1,24,0.053554998483917,0.25,1.4407040600754975,39,0.574354677997577,0.6666666666666666,1.0891594350479985
2025,401762460,2,Florida Atlantic,Florida A&M,1,39,0.574354677997577,0.6666666666666666,1.0891594350479985,24,0.053554998483917,0.25,1.4407040600754975
2025,401762461,2,North Texas,Western Michigan,1,80,0.3125901220702673,0.4375,1.3242048652733476,92,-0.021711738626060257,0.34782608695652173,1.192020017842554
2025,401762461,2,Western Michigan,North Texas,1,92,-0.021711738626060257,0.34782608695652173,1.192020017842554,80,0.3125901220702673,0.4375,1.3242048652733476
2025,401762462,2,Howard,Temple,1,33,0.11360908893137098,0.36363636363636365,1.1464010962307756,35,0.7580454181547946,0.7428571428571429,1.3929758281169151
2025,401762462,2,Temple,Howard,1,35,0.7580454181547946,0.7428571428571429,1.3929758281169151,33,0.11360908893137098,0.36363636363636365,1.1464010962307756
2025,401762463,3,Akron,UAB,1,75,0.10991819439648196,0.37333333333333335,1.3846707527372681,73,0.05973954474703568,0.4520547945205479,1.301925914042254
2025,401762463,3,UAB,Akron,1,73,0.05973954474703568,0.4520547945205479,1.301925914042254,75,0.10991819439648196,0.37333333333333335,1.3846707527372681
2025,401762464,3,Charlotte,Monmouth,1,73,0.27063173722690664,0.589041095890411,1.224181895365881,73,0.1369770849285004,0.5342465753424658,1.1900233607245274
2025,401762464,3,Monmouth,Charlotte,1,73,0.1369770849285004,0.5342465753424658,1.1900233607245274,73,0.27063173722690664,0.589041095890411,1.224181895365881
2025,401762465,3,Navy,Tulsa,1,73,0.20058088438246435,0.5753424657534246,1.0638883035835556,61,-0.18612674643614943,0.39344262295081966,1.18152979950604
2025,401762465,3,Tulsa,Navy,1,61,-0.18612674643614943,0.39344262295081966,1.18152979950604,73,0.20058088438246435,0.5753424657534246,1.0638883035835556
2025,401762466,3,Prairie View A&M,Rice,1,47,-0.046844702528523886,0.2978723404255319,1.5411225381357896,79,0.2846131732693039,0.5443037974683544,1.097331459266945
2025,401762466,3,Rice,Prairie View A&M,1,79,0.2846131732693039,0.5443037974683544,1.097331459266945,47,-0.046844702528523886,0.2978723404255319,1.5411225381357896
2025,401762467,3,Incarnate Word,UTSA,1,40,0.025211780457792342,0.425,1.4177968347735914,57,0.4855013717943291,0.5087719298245614,1.3579642939264822
2025,401762467,3,UTSA,Incarnate Word,1,57,0.4855013717943291,0.5087719298245614,1.3579642939264822,40,0.025211780457792342,0.425,1.4177968347735914
2025,401762468,4,Charlotte,Rice,1,76,0.08483312172439683,0.32894736842105265,1.461557494327308,49,0.23429011213812637,0.4489795918367347,1.1611745229280819
2025,401762468,4,Rice,Charlotte,1,49,0.23429011213812637,0.4489795918367347,1.1611745229280819,76,0.08483312172439683,0.32894736842105265,1.461557494327308
2025,401762469,4,Army,North Texas,1,75,0.13927275007561016,0.5066666666666667,1.0166528486801043,74,0.14727356317756826,0.5675675675675675,0.9318240796612467
2025,401762469,4,North Texas,Army,1,74,0.14727356317756826,0.5675675675675675,0.9318240796612467,75,0.13927275007561016,0.5066666666666667,1.0166528486801043
2025,401762470,4,South Carolina State,South Florida,1,50,-0.32863391245024903,0.38,1.13230443303213,32,0.36344938541030136,0.53125,1.2940784445415077
2025,401762470,4,South Florida,South Carolina State,1,32,0.36344938541030136,0.53125,1.2940784445415077,50,-0.32863391245024903,0.38,1.13230443303213
2025,401762471,5,Army,East Carolina,1,65,-0.2714023337298861,0.3076923076923077,1.2104974996763713,71,0.18018664110119825,0.49295774647887325,1.1153960128697973
2025,401762471,5,East Carolina,Army,1,71,0.18018664110119825,0.49295774647887325,1.1153960128697973,65,-0.2714023337298861,0.3076923076923077,1.2104974996763713
2025,401762472,5,Florida Atlantic,Memphis,1,76,0.03787172245464375,0.42105263157894735,1.228101168617817,65,0.3686635101661002,0.47692307692307695,1.5533268947380683
2025,401762472,5,Memphis,Florida Atlantic,1,65,0.3686635101661002,0.47692307692307695,1.5533268947380683,76,0.03787172245464375,0.42105263157894735,1.228101168617817
2025,401762473,5,Navy,Rice,1,60,0.3387211361913484,0.48333333333333334,1.5723955863167574,60,0.02170077577198925,0.3,1.477557642789324
2025,401762473,5,Rice,Navy,1,60,0.02170077577198925,0.3,1.477557642789324,60,0.3387211361913484,0.48333333333333334,1.5723955863167574
2025,401762474,5,Tulane,Tulsa,1,76,0.17942105972466663,0.40789473684210525,1.1326259903025833,76,-0.2883843366927603,0.3815789473684211,1.1625508891179244
2025,401762474,5,Tulsa,Tulane,1,76,-0.2883843366927603,0.3815789473684211,1.1625508891179244,76,0.17942105972466663,0.40789473684210525,1.1326259903025833
2025,401762475,6,Charlotte,South Florida,1,51,-0.3344527926207844,0.3137254901960784,0.5594256050694322,96,0.17409789609472126,0.5,1.0459503380745667
2025,401762475,6,South Florida,Charlotte,1,96,0.17409789609472126,0.5,1.0459503380745667,51,-0.3344527926207844,0.3137254901960784,0.5594256050694322
2025,401762476,6,Army,UAB,1,64,0.19872635395949717,0.46875,0.9581041714027649,50,-0.022003382438459805,0.3,1.8544469271625226
2025,401762476,6,UAB,Army,1,50,-0.022003382438459805,0.3,1.8544469271625226,64,0.19872635395949717,0.46875,0.9581041714027649
2025,401762477,6,Florida Atlantic,Rice,1,58,0.20063246401935736,0.41379310344827586,1.4719379302724125,46,0.11423597004398338,0.4782608695652174,1.006367220427833
2025,401762477,6,Rice,Florida Atlantic,1,46,0.11423597004398338,0.4782608695652174,1.006367220427833,58,0.20063246401935736,0.41379310344827586,1.4719379302724125
2025,401762478,6,Memphis,Tulsa,1,62,0.23909209189817177,0.5483870967741935,1.094185563128225,44,-0.35968913541159275,0.2727272727272727,1.4437337346103236
2025,401762478,6,Tulsa,Memphis,1,44,-0.35968913541159275,0.2727272727272727,1.4437337346103236,62,0.23909209189817177,0.5483870967741935,1.094185563128225
2025,401762479,6,Temple,UTSA,1,50,0.09207339869908884,0.3,1.281778105214973,51,-0.046630225407526295,0.45098039215686275,0.9415818709162351
2025,401762479,6,UTSA,Temple,1,51,-0.046630225407526295,0.45098039215686275,0.9415818709162351,50,0.09207339869908884,0.3,1.281778105214973
2025,401762480,7,East Carolina,Tulane,1,72,0.16880889897553883,0.4722222222222222,0.9028630931589345,62,0.25073674814343777,0.45161290322580644,1.1848574833513377
2025,401762480,7,Tulane,East Carolina,1,62,0.25073674814343777,0.45161290322580644,1.1848574833513377,72,0.16880889897553883,0.4722222222222222,0.9028630931589345
2025,401762481,7,North Texas,South Florida,1,62,-0.12406925368692209,0.3548387096774194,1.712430950181387,76,0.31799045487551386,0.5921052631578947,1.1232441180343113
2025,401762481,7,South Florida,North Texas,1,76,0.31799045487551386,0.5921052631578947,1.1232441180343113,62,-0.12406925368692209,0.3548387096774194,1.712430950181387
2025,401762482,7,Florida Atlantic,UAB,1,49,0.29182593788963385,0.4489795918367347,1.6010456884177604,53,-0.07693334716355144,0.3584905660377358,1.0642309322258334
2025,401762482,7,UAB,Florida Atlantic,1,53,-0.07693334716355144,0.3584905660377358,1.0642309322258334,49,0.29182593788963385,0.4489795918367347,1.6010456884177604
2025,401762483,7,Army,Charlotte,1,54,0.13595657132607866,0.5555555555555556,0.7920222656878975,41,-0.29784444094282947,0.36585365853658536,0.9417110564799229
2025,401762483,7,Charlotte,Army,1,41,-0.29784444094282947,0.36585365853658536,0.9417110564799229,54,0.13595657132607866,0.5555555555555556,0.7920222656878975
2025,401762484,7,Navy,Temple,1,54,0.4277582479747171,0.46296296296296297,1.4465891071190304,76,0.3830579791777375,0.5,1.274890336244225
2025,401762484,7,Temple,Navy,1,76,0.3830579791777375,0.5,1.274890336244225,54,0.4277582479747171,0.46296296296296297,1.4465891071190304
2025,401762485,7,Rice,UTSA,1,33,-0.2377419735511764,0.21212121212121213,2.054221704475867,37,0.4652159914835721,0.4864864864864865,1.706788585470165
2025,401762485,7,UTSA,Rice,1,37,0.4652159914835721,0.4864864864864865,1.706788585470165,33,-0.2377419735511764,0.21212121212121213,2.054221704475867
2025,401762486,8,East Carolina,Tulsa,1,91,0.21087489814302326,0.4725274725274725,1.2242394082614712,83,-0.07694347123985976,0.37349397590361444,1.246369838941678
2025,401762486,8,Tulsa,East Carolina,1,83,-0.07694347123985976,0.37349397590361444,1.246369838941678,91,0.21087489814302326,0.4725274725274725,1.2242394082614712
2025,401762487,8,Memphis,UAB,1,59,0.15394593766229106,0.4915254237288136,1.1834433311618457,68,0.3059745986374756,0.45588235294117646,1.293879156231146
2025,401762487,8,UAB,Memphis,1,68,0.3059745986374756,0.45588235294117646,1.293879156231146,59,0.15394593766229106,0.4915254237288136,1.1834433311618457
2025,401762488,8,Army,Tulane,1,73,0.24478135605251217,0.3972602739726027,1.257921390343966,57,0.3123947296891714,0.5614035087719298,1.119769961187061
2025,401762488,8,Tulane,Army,1,57,0.3123947296891714,0.5614035087719298,1.119769961187061,73,0.24478135605251217,0.3972602739726027,1.257921390343966
2025,401762489,8,Charlotte,Temple,1,32,-0.23755381103932982,0.3125,1.4092191583261653,31,0.485706048599443,0.6129032258064516,1.2346399574978668
2025,401762489,8,Temple,Charlotte,1,31,0.485706048599443,0.6129032258064516,1.2346399574978668,32,-0.23755381103932982,0.3125,1.4092191583261653
2025,401762490,8,Florida Atlantic,South Florida,1,62,0.08858614066731821,0.2903225806451613,1.4882253886533505,63,0.4208105453196731,0.4444444444444444,1.5242294159475624
2025,401762490,8,South Florida,Florida Atlantic,1,63,0.4208105453196731,0.4444444444444444,1.5242294159475624,62,0.08858614066731821,0.2903225806451613,1.4882253886533505
2025,401762491,8,North Texas,UTSA,1,66,0.49937637837023696,0.5,1.4291077338503988,47,0.024735159280241465,0.425531914893617,1.2701427224910973
2025,401762491,8,UTSA,North Texas,1,47,0.024735159280241465,0.425531914893617,1.2701427224910973,66,0.49937637837023696,0.5,1.4291077338503988
2025,401762492,9,Charlotte,North Texas,1,60,0.14712435689141384,0.38333333333333336,1.410995376795422,72,0.33301969443771035,0.5416666666666666,1.3840533422898358
2025,401762492,9,North Texas,Charlotte,1,72,0.33301969443771035,0.5416666666666666,1.3840533422898358,60,0.14712435689141384,0.38333333333333336,1.410995376795422
2025,401762493,9,Florida Atlantic,Navy,1,70,0.12463304694251452,0.4142857142857143,1.1978024407407688,72,0.20520327560275073,0.5555555555555556,1.1253121410189353
2025,401762493,9,Navy,Florida Atlantic,1,72,0.20520327560275073,0.5555555555555556,1.1253121410189353,70,0.12463304694251452,0.4142857142857143,1.1978024407407688
2025,401762494,9,Memphis,South Florida,1,81,0.23049488503178034,0.4567901234567901,1.2948558710563505,85,0.3088966466979042,0.4823529411764706,1.47716807579796
2025,401762494,9,South Florida,Memphis,1,85,0.3088966466979042,0.4823529411764706,1.47716807579796,81,0.23049488503178034,0.4567901234567901,1.2948558710563505
2025,401762495,9,Temple,Tulsa,1,70,0.11158431882619402,0.4857142857142857,1.1802218956421664,78,0.32819634514601365,0.4230769230769231,1.583834668070465
2025,401762495,9,Tulsa,Temple,1,78,0.32819634514601365,0.4230769230769231,1.583834668070465,70,0.11158431882619402,0.4857142857142857,1.1802218956421664
2025,401762497,10,Memphis,Rice,1,47,0.5591271357602415,0.48936170212765956,1.791821137760608,46,0.028992671248120667,0.2826086956521739,1.3734909621230804
2025,401762497,10,Rice,Memphis,1,46,0.028992671248120667,0.2826086956521739,1.3734909621230804,47,0.5591271357602415,0.48936170212765956,1.791821137760608
2025,401762498,10,East Carolina,Temple,1,63,0.3913624279013338,0.5714285714285714,1.2212350381324102,46,-0.051057876682941476,0.391304347826087,0.9592654074812266
2025,401762498,10,Temple,East Carolina,1,46,-0.051057876682941476,0.391304347826087,0.9592654074812266,63,0.3913624279013338,0.5714285714285714,1.2212350381324102
2025,401762499,10,Navy,North Texas,1,60,0.0256097328106866,0.5,1.058767828302002,71,0.2967475691802821,0.5774647887323944,1.0088203737511794
2025,401762499,10,North Texas,Navy,1,71,0.2967475691802821,0.5774647887323944,1.0088203737511794,60,0.0256097328106866,0.5,1.058767828302002
2025,401762500,11,South Florida,UTSA,1,24,0.9284031427236635,0.7916666666666666,1.510069963084374,43,0.01167935756655376,0.37209302325581395,1.4885641097009856
2025,401762500,11,UTSA,South Florida,1,43,0.01167935756655376,0.37209302325581395,1.4885641097009856,24,0.9284031427236635,0.7916666666666666,1.510069963084374
2025,401762501,11,Memphis,Tulane,1,72,0.3022034096372103,0.4722222222222222,1.4064128641377869,57,0.48415596337523326,0.43859649122807015,1.6597777913872886
2025,401762501,11,Tulane,Memphis,1,57,0.48415596337523326,0.43859649122807015,1.6597777913872886,72,0.3022034096372103,0.4722222222222222,1.4064128641377869
2025,401762502,11,Rice,UAB,1,53,-0.2547069798919312,0.2830188679245283,1.1828671467311045,66,-0.19684383159269808,0.3484848484848485,1.2502771220116238
2025,401762502,11,UAB,Rice,1,66,-0.19684383159269808,0.3484848484848485,1.2502771220116238,53,-0.2547069798919312,0.2830188679245283,1.1828671467311045
2025,401762503,11,Army,Temple,1,69,0.11899808997845852,0.42028985507246375,0.9110267723166549,47,0.23192903612870008,0.48936170212765956,0.8895387508768395
2025,401762503,11,Temple,Army,1,47,0.23192903612870008,0.48936170212765956,0.8895387508768395,69,0.11899808997845852,0.42028985507246375,0.9110267723166549
2025,401762504,11,Charlotte,East Carolina,1,49,-0.30274516644291083,0.22448979591836735,2.4512364203797103,72,0.11102111774622384,0.5277777777777778,0.9219382121797525
2025,401762504,11,East Carolina,Charlotte,1,72,0.11102111774622384,0.5277777777777778,0.9219382121797525,49,-0.30274516644291083,0.22448979591836735,2.4512364203797103
2025,401762505,11,Florida Atlantic,Tulsa,1,59,0.16524913359357357,0.3898305084745763,1.5832037290584542,101,-0.09520493037027636,0.38613861386138615,1.2486688697277921
2025,401762505,11,Tulsa,Florida Atlantic,1,101,-0.09520493037027636,0.38613861386138615,1.2486688697277921,59,0.16524913359357357,0.3898305084745763,1.5832037290584542
2025,401762506,12,North Texas,UAB,1,57,0.5418777114682451,0.5614035087719298,1.4653165432473172,72,0.14327803524076715,0.4444444444444444,1.683672041680397
2025,401762506,12,UAB,North Texas,1,72,0.14327803524076715,0.4444444444444444,1.683672041680397,57,0.5418777114682451,0.5614035087719298,1.4653165432473172
2025,401762507,12,Charlotte,UTSA,1,59,-0.26910590566766995,0.3050847457627119,1.1203987287334134,77,0.16113294681369328,0.5974025974025974,1.0620176614607966
2025,401762507,12,UTSA,Charlotte,1,77,0.16113294681369328,0.5974025974025974,1.0620176614607966,59,-0.26910590566766995,0.3050847457627119,1.1203987287334134
2025,401762508,12,East Carolina,Memphis,1,73,0.32483639747099313,0.5342465753424658,1.1015026897504665,80,0.1965631035263647,0.3875,1.2590629080447326
2025,401762508,12,Memphis,East Carolina,1,80,0.1965631035263647,0.3875,1.2590629080447326,73,0.32483639747099313,0.5342465753424658,1.1015026897504665
2025,401762509,12,Florida Atlantic,Tulane,1,88,0.042015566412821795,0.5113636363636364,1.0714776011179579,67,0.27215606350959703,0.40298507462686567,1.5446414031668687
2025,401762509,12,Tulane,Florida Atlantic,1,67,0.27215606350959703,0.40298507462686567,1.5446414031668687,88,0.042015566412821795,0.5113636363636364,1.0714776011179579
2025,401762510,12,Navy,South Florida,1,73,0.25980524237696195,0.3835616438356164,1.7396124770469763,71,0.13750458709104124,0.4225352112676056,1.340115585007273
2025,401762510,12,South Florida,Navy,1,71,0.13750458709104124,0.4225352112676056,1.340115585007273,73,0.25980524237696195,0.3835616438356164,1.7396124770469763
2025,401762511,13,South Florida,UAB,1,49,0.3994211497634704,0.5510204081632653,1.1960866962223156,65,-0.07795872655126838,0.38461538461538464,1.3144432018926198
2025,401762511,13,UAB,South Florida,1,65,-0.07795872655126838,0.38461538461538464,1.3144432018926198,49,0.3994211497634704,0.5510204081632653,1.1960866962223156
2025,401762512,13,Army,Tulsa,1,65,0.03933637015784337,0.3384615384615385,1.3715333009713389,74,0.22866047462924488,0.47297297297297297,1.1146647762251647
2025,401762512,13,Tulsa,Army,1,74,0.22866047462924488,0.47297297297297297,1.1146647762251647,65,0.03933637015784337,0.3384615384615385,1.3715333009713389
2025,401762513,13,East Carolina,UTSA,1,38,-0.17634388617464064,0.39473684210526316,0.7076414296702549,40,0.49361028620154984,0.575,1.2531892633341926
2025,401762513,13,UTSA,East Carolina,1,40,0.49361028620154984,0.575,1.2531892633341926,38,-0.17634388617464064,0.39473684210526316,0.7076414296702549
2025,401762514,13,North Texas,Rice,1,46,0.8843910309573888,0.6521739130434783,1.6136362215483862,61,0.17738792564836509,0.45901639344262296,1.149573995606758
2025,401762514,13,Rice,North Texas,1,61,0.17738792564836509,0.45901639344262296,1.149573995606758,46,0.8843910309573888,0.6521739130434783,1.6136362215483862
2025,401762515,13,Temple,Tulane,1,50,0.06298080053525455,0.36,1.1660527758357928,64,0.2613403136281383,0.40625,1.2895868999537534
2025,401762515,13,Tulane,Temple,1,64,0.2613403136281383,0.40625,1.2895868999537534,50,0.06298080053525455,0.36,1.1660527758357928
2025,401762516,14,Memphis,Navy,1,66,-0.04075570723856838,0.3181818181818182,1.181617180634061,71,0.12045197120337962,0.4507042253521127,0.9917514674872553
2025,401762516,14,Navy,Memphis,1,71,0.12045197120337962,0.4507042253521127,0.9917514674872553,66,-0.04075570723856838,0.3181818181818182,1.181617180634061
2025,401762517,14,Tulsa,UAB,1,66,-0.009686394220451089,0.42424242424242425,1.1951471112156462,74,0.07701541534470546,0.4189189189189189,1.2045827135022555
2025,401762517,14,UAB,Tulsa,1,74,0.07701541534470546,0.4189189189189189,1.2045827135022555,66,-0.009686394220451089,0.42424242424242425,1.1951471112156462
2025,401762518,14,Charlotte,Tulane,1,35,-0.4334220442917252,0.22857142857142856,1.1203123558229604,62,0.06585462218053648,0.6129032258064516,0.7453097466114743
2025,401762518,14,Tulane,Charlotte,1,62,0.06585462218053648,0.6129032258064516,0.7453097466114743,35,-0.4334220442917252,0.22857142857142856,1.1203123558229604
2025,401762519,14,East Carolina,Florida Atlantic,1,54,0.5402180516575604,0.6111111111111112,1.1603949807786782,24,-0.5612724901876788,0.25,1.3184906947645787
2025,401762519,14,Florida Atlantic,East Carolina,1,24,-0.5612724901876788,0.25,1.3184906947645787,54,0.5402180516575604,0.6111111111111112,1.1603949807786782
2025,401762520,14,Rice,South Florida,1,40,-0.145521845353427,0.25,1.6051622757015616,42,0.6880310558698699,0.5714285714285714,1.6104575310701117
2025,401762520,14,South Florida,Rice,1,42,0.6880310558698699,0.5714285714285714,1.6104575310701117,40,-0.145521845353427,0.25,1.6051622757015616
2025,401762521,16,Army,Navy,1,46,-0.038030511173450784,0.2608695652173913,1.494591494716549,67,0.03776353293572133,0.44776119402985076,1.0304843098171976
2025,401762521,16,Navy,Army,1,67,0.03776353293572133,0.44776119402985076,1.0304843098171976,46,-0.038030511173450784,0.2608695652173913,1.494591494716549
2025,401762522,1,Boise State,South Florida,1,62,-0.18829960332945192,0.41935483870967744,0.6623489113498885,46,0.25198809719657916,0.32608695652173914,2.0658449004005184
2025,401762522,1,South Florida,Boise State,1,46,0.25198809719657916,0.32608695652173914,2.0658449004005184,62,-0.18829960332945192,0.41935483870967744,0.6623489113498885
2025,401762789,1,Akron,Wyoming,1,68,-0.26275549345351873,0.3088235294117647,1.003890719027086,77,0.06372023251411223,0.37662337662337664,1.2693269617649836
2025,401762789,1,Wyoming,Akron,1,77,0.06372023251411223,0.37662337662337664,1.2693269617649836,68,-0.26275549345351873,0.3088235294117647,1.003890719027086
2025,401762790,1,Bowling Green,Lafayette,1,61,-0.027454910387794733,0.39344262295081966,0.7945647515658085,57,-0.2137122253176285,0.22807017543859648,1.2906163403285764
2025,401762790,1,Lafayette,Bowling Green,1,57,-0.2137122253176285,0.22807017543859648,1.2906163403285764,61,-0.027454910387794733,0.39344262295081966,0.7945647515658085
2025,401762791,1,Miami (OH),Wisconsin,1,39,-0.3465046130429771,0.28205128205128205,0.8496502008484916,75,0.12376301294263806,0.48,1.0356378633871188
2025,401762791,1,Wisconsin,Miami (OH),1,75,0.12376301294263806,0.48,1.0356378633871188,39,-0.3465046130429771,0.28205128205128205,0.8496502008484916
2025,401762792,1,Kent State,Merrimack,1,56,0.08674040342892207,0.35714285714285715,1.3175491778381814,65,0.03724945175215531,0.3230769230769231,1.441039816915463
2025,401762792,1,Merrimack,Kent State,1,65,0.03724945175215531,0.3230769230769231,1.441039816915463,56,0.08674040342892207,0.35714285714285715,1.3175491778381814
2025,401762793,1,Holy Cross,Northern Illinois,1,54,-0.28972010566049966,0.2962962962962963,1.12623173164046,72,0.0401184822350788,0.3472222222222222,1.2711214013479497
2025,401762793,1,Northern Illinois,Holy Cross,1,72,0.0401184822350788,0.3472222222222222,1.2711214013479497,54,-0.28972010566049966,0.2962962962962963,1.12623173164046
2025,401762794,2,Buffalo,Saint Francis,1,60,0.2929433802493656,0.5,1.2132770228396546,34,-0.011740799340236035,0.29411764705882354,0.9179372415494339
2025,401762794,2,Saint Francis,Buffalo,1,34,-0.011740799340236035,0.29411764705882354,0.9179372415494339,60,0.2929433802493656,0.5,1.2132770228396546
2025,401762795,2,Eastern Michigan,Long Island University,1,82,0.11499266271068932,0.3780487804878049,1.2727273189754154,108,0.34094934499642615,0.4537037037037037,1.4458375664114949
2025,401762795,2,Long Island University,Eastern Michigan,1,108,0.34094934499642615,0.4537037037037037,1.4458375664114949,82,0.11499266271068932,0.3780487804878049,1.2727273189754154
2025,401762816,2,Bryant,Massachusetts,1,92,0.0255096986236768,0.358695652173913,1.208199554161928,96,0.13979267426677877,0.4583333333333333,1.209595702831653
2025,401762816,2,Massachusetts,Bryant,1,96,0.13979267426677877,0.4583333333333333,1.209595702831653,92,0.0255096986236768,0.358695652173913,1.208199554161928
2025,401762817,3,Buffalo,Kent State,1,69,0.15551508684790805,0.42028985507246375,1.431870675639407,73,0.1941711952898076,0.3835616438356164,1.4820846110367332
2025,401762817,3,Kent State,Buffalo,1,73,0.1941711952898076,0.3835616438356164,1.4820846110367332,69,0.15551508684790805,0.42028985507246375,1.431870675639407
2025,401762818,3,Ball State,New Hampshire,1,53,0.2025648509640994,0.5283018867924528,1.4600094958022392,78,0.15434492124356647,0.4358974358974359,1.21588262732249
2025,401762818,3,New Hampshire,Ball State,1,78,0.15434492124356647,0.4358974358974359,1.21588262732249,53,0.2025648509640994,0.5283018867924528,1.4600094958022392
2025,401762819,3,Morgan State,Toledo,1,24,-0.1593319104268843,0.20833333333333334,0.8767837054868443,33,0.4837373982357436,0.5757575757575758,1.1809200627376544
2025,401762819,3,Toledo,Morgan State,1,33,0.4837373982357436,0.5757575757575758,1.1809200627376544,24,-0.1593319104268843,0.20833333333333334,0.8767837054868443
2025,401762820,4,Toledo,Western Michigan,1,72,-0.24798133064826666,0.3055555555555556,1.044107821420498,70,-0.08485496770216223,0.4142857142857143,0.9673924347799617
2025,401762820,4,Western Michigan,Toledo,1,70,-0.08485496770216223,0.4142857142857143,0.9673924347799617,72,-0.24798133064826666,0.3055555555555556,1.044107821420498
2025,401762821,4,Akron,Duquesne,1,37,0.4108483944431378,0.5675675675675675,1.2133613932133256,38,-0.4066200888321919,0.21052631578947367,0.9986107892636747
2025,401762821,4,Duquesne,Akron,1,38,-0.4066200888321919,0.21052631578947367,0.9986107892636747,37,0.4108483944431378,0.5675675675675675,1.2133613932133256
2025,401762822,4,Central Michigan,Wagner,1,30,0.6535678645163578,0.6,1.4192794974971357,35,-0.42418955134428993,0.2,0.7298993359323432
2025,401762822,4,Wagner,Central Michigan,1,35,-0.42418955134428993,0.2,0.7298993359323432,30,0.6535678645163578,0.6,1.4192794974971357
2025,401762823,4,Gardner-Webb,Ohio,1,61,0.3809391488885773,0.3770491803278688,1.9454507819162234,74,0.4254437675156764,0.5675675675675675,1.2615618538117253
2025,401762823,4,Ohio,Gardner-Webb,1,74,0.4254437675156764,0.5675675675675675,1.2615618538117253,61,0.3809391488885773,0.3770491803278688,1.9454507819162234
2025,401762824,5,Akron,Toledo,1,33,-0.38861193200447725,0.30303030303030304,0.7516195855043634,28,0.8738596826855125,0.7142857142857143,1.3538409408024636
2025,401762824,5,Toledo,Akron,1,28,0.8738596826855125,0.7142857142857143,1.3538409408024636,33,-0.38861193200447725,0.30303030303030304,0.7516195855043634
2025,401762825,5,Bowling Green,Ohio,1,64,-0.22224018801611084,0.453125,0.9811267554880465,64,0.1435796334156662,0.453125,1.382566398262547
2025,401762825,5,Ohio,Bowling Green,1,64,0.1435796334156662,0.453125,1.382566398262547,64,-0.22224018801611084,0.453125,0.9811267554880465
2025,401762826,5,Central Michigan,Eastern Michigan,1,70,0.3335018091356222,0.5142857142857142,1.03516076815323,56,0.12697165014113293,0.42857142857142855,0.9963181690746992
2025,401762826,5,Eastern Michigan,Central Michigan,1,56,0.12697165014113293,0.42857142857142855,0.9963181690746992,70,0.3335018091356222,0.5142857142857142,1.03516076815323
2025,401762827,5,Lindenwood,Miami (OH),1,43,-0.4394251126947269,0.27906976744186046,0.7064886461476526,54,0.22999465802222507,0.46296296296296297,1.1524430892483961
2025,401762827,5,Miami (OH),Lindenwood,1,54,0.22999465802222507,0.46296296296296297,1.1524430892483961,43,-0.4394251126947269,0.27906976744186046,0.7064886461476526
2025,401762828,5,Rhode Island,Western Michigan,1,23,-0.24615576256435803,0.391304347826087,1.5075744857589755,50,0.39118816596493433,0.58,1.0084626669740269
2025,401762828,5,Western Michigan,Rhode Island,1,50,0.39118816596493433,0.58,1.0084626669740269,23,-0.24615576256435803,0.391304347826087,1.5075744857589755
2025,401762829,6,Akron,Central Michigan,1,68,0.2494062385773668,0.47058823529411764,1.3581136413926218,66,0.26137769033953756,0.3787878787878788,1.463725008986551
2025,401762829,6,Central Michigan,Akron,1,66,0.26137769033953756,0.3787878787878788,1.463725008986551,68,0.2494062385773668,0.47058823529411764,1.3581136413926218
2025,401762830,6,Ball State,Ohio,1,76,-0.024007812925036624,0.3684210526315789,1.1693177086931135,65,0.11036131228111276,0.4153846153846154,1.4214596013777787
2025,401762830,6,Ohio,Ball State,1,65,0.11036131228111276,0.4153846153846154,1.4214596013777787,76,-0.024007812925036624,0.3684210526315789,1.1693177086931135
2025,401762831,6,Buffalo,Eastern Michigan,1,69,0.16975796210263464,0.37681159420289856,1.4654421777296682,81,0.17659265738959273,0.4444444444444444,1.0712727708456058
2025,401762831,6,Eastern Michigan,Buffalo,1,81,0.17659265738959273,0.4444444444444444,1.0712727708456058,69,0.16975796210263464,0.37681159420289856,1.4654421777296682
2025,401762832,6,Massachusetts,Western Michigan,1,64,-0.2492857666406062,0.328125,1.0850235603400604,67,0.16245789020619694,0.5074626865671642,0.7437944148368317
2025,401762832,6,Western Michigan,Massachusetts,1,67,0.16245789020619694,0.5074626865671642,0.7437944148368317,64,-0.2492857666406062,0.328125,1.0850235603400604
2025,401762833,7,Akron,Miami (OH),1,63,0.027573820263981256,0.3968253968253968,1.0999227771463493,66,0.13191732154790625,0.3939393939393939,1.3687861772181589
2025,401762833,7,Miami (OH),Akron,1,66,0.13191732154790625,0.3939393939393939,1.3687861772181589,63,0.027573820263981256,0.3968253968253968,1.0999227771463493
2025,401762834,7,Ball State,Western Michigan,1,41,-0.42994828713053357,0.1951219512195122,0.9844165365205227,52,0.30494662016900614,0.5384615384615384,1.0647577053741457
2025,401762834,7,Western Michigan,Ball State,1,52,0.30494662016900614,0.5384615384615384,1.0647577053741457,41,-0.42994828713053357,0.1951219512195122,0.9844165365205227
2025,401762835,7,Bowling Green,Toledo,1,53,0.012416893469804582,0.20754716981132076,2.1909242124579564,72,0.05310593226005583,0.4722222222222222,0.9961631217907551
2025,401762835,7,Toledo,Bowling Green,1,72,0.05310593226005583,0.4722222222222222,0.9961631217907551,53,0.012416893469804582,0.20754716981132076,2.1909242124579564
2025,401762836,7,Eastern Michigan,Northern Illinois,1,69,0.09392798027742907,0.391304347826087,1.1323113237843816,65,-0.10722784919665743,0.2923076923076923,1.4222164007111262
2025,401762836,7,Northern Illinois,Eastern Michigan,1,65,-0.10722784919665743,0.2923076923076923,1.4222164007111262,69,0.09392798027742907,0.391304347826087,1.1323113237843816
2025,401762837,7,Kent State,Massachusetts,1,41,0.2606868907008721,0.5365853658536586,1.0304794825749861,51,-0.26042241950263806,0.3333333333333333,1.1440925218903983
2025,401762837,7,Massachusetts,Kent State,1,51,-0.26042241950263806,0.3333333333333333,1.1440925218903983,41,0.2606868907008721,0.5365853658536586,1.0304794825749861
2025,401762838,8,Akron,Ball State,1,73,-0.09544888104343066,0.410958904109589,1.2143670757062444,64,0.035444818849167004,0.3125,1.923776873613366
2025,401762838,8,Ball State,Akron,1,64,0.035444818849167004,0.3125,1.923776873613366,73,-0.09544888104343066,0.410958904109589,1.2143670757062444
2025,401762839,8,Bowling Green,Central Michigan,1,61,-0.42389599427701025,0.3442622950819672,1.2285368025901584,50,0.16514816634803933,0.36,1.3735527327471022
2025,401762839,8,Central Michigan,Bowling Green,1,50,0.16514816634803933,0.36,1.3735527327471022,61,-0.42389599427701025,0.3442622950819672,1.2285368025901584
2025,401762840,8,Buffalo,Massachusetts,1,90,0.09708602867100186,0.4222222222222222,1.2008351149757104,60,0.15354374152029357,0.2833333333333333,1.7943471155244135
2025,401762840,8,Massachusetts,Buffalo,1,60,0.15354374152029357,0.2833333333333333,1.7943471155244135,90,0.09708602867100186,0.4222222222222222,1.2008351149757104
2025,401762841,8,Eastern Michigan,Miami (OH),1,53,0.1236306852974463,0.33962264150943394,1.7708151911643342,74,0.3136312988796396,0.527027027027027,1.1752262108676639
2025,401762841,8,Miami (OH),Eastern Michigan,1,74,0.3136312988796396,0.527027027027027,1.1752262108676639,53,0.1236306852974463,0.33962264150943394,1.7708151911643342
2025,401762842,8,Kent State,Toledo,1,47,-0.026170913494085266,0.3191489361702128,1.4375800189512293,47,0.5175980983351951,0.46808510638297873,1.6779237947398837
2025,401762842,8,Toledo,Kent State,1,47,0.5175980983351951,0.46808510638297873,1.6779237947398837,47,-0.026170913494085266,0.3191489361702128,1.4375800189512293
2025,401762843,8,Northern Illinois,Ohio,1,45,-0.07853791936021602,0.37777777777777777,1.2148174350445557,70,0.435859469014113,0.5714285714285714,1.2894142385230716
2025,401762843,8,Ohio,Northern Illinois,1,70,0.435859469014113,0.5714285714285714,1.2894142385230716,45,-0.07853791936021602,0.37777777777777777,1.2148174350445557
2025,401762844,9,Akron,Buffalo,1,77,0.04355418703719968,0.3246753246753247,1.724613136767398,70,-0.3743208577730713,0.4,0.7550667624788034
2025,401762844,9,Buffalo,Akron,1,70,-0.3743208577730713,0.4,0.7550667624788034,77,0.04355418703719968,0.3246753246753247,1.724613136767398
2025,401762845,9,Ball State,Northern Illinois,1,70,0.1263035519012861,0.35714285714285715,1.4397912176989485,65,-0.10673199989551577,0.4461538461538462,0.8499426077857851
2025,401762845,9,Northern Illinois,Ball State,1,65,-0.10673199989551577,0.4461538461538462,0.8499426077857851,70,0.1263035519012861,0.35714285714285715,1.4397912176989485
2025,401762846,9,Bowling Green,Kent State,1,80,0.18718562020894855,0.4,1.2946247564876463,54,0.21239424500422252,0.42592592592592593,1.388088352538659
2025,401762846,9,Kent State,Bowling Green,1,54,0.21239424500422252,0.42592592592592593,1.388088352538659,80,0.18718562020894855,0.4,1.2946247564876463
2025,401762847,9,Central Michigan,Massachusetts,1,51,0.49194402293369954,0.5882352941176471,1.253014627501947,55,-0.22221446343151333,0.23636363636363636,1.3750981832284743
2025,401762847,9,Massachusetts,Central Michigan,1,55,-0.22221446343151333,0.23636363636363636,1.3750981832284743,51,0.49194402293369954,0.5882352941176471,1.253014627501947
2025,401762848,9,Eastern Michigan,Ohio,1,55,0.2912026669111582,0.43636363636363634,1.2414571092945819,78,0.17055559468341916,0.46153846153846156,1.2410618139355905
2025,401762848,9,Ohio,Eastern Michigan,1,78,0.17055559468341916,0.46153846153846156,1.2410618139355905,55,0.2912026669111582,0.43636363636363634,1.2414571092945819
2025,401762849,10,Bowling Green,Buffalo,1,55,-0.5243534351785756,0.21818181818181817,0.651812868447751,41,0.1342872864953472,0.3902439024390244,1.369636344826778
2025,401762849,10,Buffalo,Bowling Green,1,41,0.1342872864953472,0.3902439024390244,1.369636344826778,55,-0.5243534351785756,0.21818181818181817,0.651812868447751
2025,401762850,10,Central Michigan,Western Michigan,1,50,0.08371490609498747,0.36,1.6585962175200941,69,0.09475412910503589,0.43478260869565216,0.9272659528124276
2025,401762850,10,Western Michigan,Central Michigan,1,69,0.09475412910503589,0.43478260869565216,0.9272659528124276,50,0.08371490609498747,0.36,1.6585962175200941
2025,401762851,11,Akron,Massachusetts,1,56,0.2518893343092347,0.5,0.9237659457925249,48,-0.19113273667715805,0.3333333333333333,0.9173212232196059
2025,401762851,11,Massachusetts,Akron,1,48,-0.19113273667715805,0.3333333333333333,0.9173212232196059,56,0.2518893343092347,0.5,0.9237659457925249
2025,401762852,11,Miami (OH),Ohio,1,44,0.046093394664171436,0.3409090909090909,1.6106792272525956,46,0.1524062936793316,0.43478260869565216,1.1121013962712456
2025,401762852,11,Ohio,Miami (OH),1,46,0.1524062936793316,0.43478260869565216,1.1121013962712456,44,0.046093394664171436,0.3409090909090909,1.6106792272525956
2025,401762853,11,Ball State,Kent State,1,64,-0.0674925360303442,0.234375,1.6225407816265025,63,-0.32239211203775897,0.30158730158730157,1.3468501351062159
2025,401762853,11,Kent State,Ball State,1,63,-0.32239211203775897,0.30158730158730157,1.3468501351062159,64,-0.0674925360303442,0.234375,1.6225407816265025
2025,401762854,11,Northern Illinois,Toledo,1,44,-0.3726433641983916,0.22727272727272727,1.154120165272371,45,0.47974014857600483,0.5777777777777777,1.1475603087849107
2025,401762854,11,Toledo,Northern Illinois,1,45,0.47974014857600483,0.5777777777777777,1.1475603087849107,44,-0.3726433641983916,0.22727272727272727,1.154120165272371
2025,401762855,11,Bowling Green,Eastern Michigan,1,54,-0.12284869131486824,0.3333333333333333,1.4223029851725986,77,0.17654095697836591,0.4025974025974026,1.3414533446892165
2025,401762855,11,Eastern Michigan,Bowling Green,1,77,0.17654095697836591,0.4025974025974026,1.3414533446892165,54,-0.12284869131486824,0.3333333333333333,1.4223029851725986
2025,401762856,12,Akron,Kent State,1,99,0.008855557111285323,0.41414141414141414,1.2156937192851485,48,0.3384817063567157,0.3958333333333333,1.8951590597535024
2025,401762856,12,Kent State,Akron,1,48,0.3384817063567157,0.3958333333333333,1.8951590597535024,99,0.008855557111285323,0.41414141414141414,1.2156937192851485
2025,401762857,12,Ohio,Western Michigan,1,60,0.014268797340807724,0.38333333333333336,1.2704760442043865,58,0.09866985530517369,0.4482758620689655,1.022457555940854
2025,401762857,12,Western Michigan,Ohio,1,58,0.09866985530517369,0.4482758620689655,1.022457555940854,60,0.014268797340807724,0.38333333333333336,1.2704760442043865
2025,401762858,12,Buffalo,Central Michigan,1,66,-0.5098510528431652,0.30303030303030304,1.1864639114280136,56,0.022274319854139794,0.5,0.9583286013151011
2025,401762858,12,Central Michigan,Buffalo,1,56,0.022274319854139794,0.5,0.9583286013151011,66,-0.5098510528431652,0.30303030303030304,1.1864639114280136
2025,401762859,12,Massachusetts,Northern Illinois,1,41,0.022890831594460873,0.3170731707317073,1.6357435960183497,33,0.5663340643631931,0.48484848484848486,1.5470191045277162
2025,401762859,12,Northern Illinois,Massachusetts,1,33,0.5663340643631931,0.48484848484848486,1.5470191045277162,41,0.022890831594460873,0.3170731707317073,1.6357435960183497
2025,401762860,12,Miami (OH),Toledo,1,72,-0.3897557243799749,0.25,1.2481737344882116,65,0.013883306171781037,0.4153846153846154,1.2939192551701735
2025,401762860,12,Toledo,Miami (OH),1,65,0.013883306171781037,0.4153846153846154,1.2939192551701735,72,-0.3897557243799749,0.25,1.2481737344882116
2025,401762861,12,Ball State,Eastern Michigan,1,56,-0.17017713741116966,0.30357142857142855,0.871971364967632,71,0.052037343138659764,0.4647887323943662,1.1931178799040707
2025,401762861,12,Eastern Michigan,Ball State,1,71,0.052037343138659764,0.4647887323943662,1.1931178799040707,56,-0.17017713741116966,0.30357142857142855,0.871971364967632
2025,401762862,13,Akron,Bowling Green,1,67,-0.11098965972042985,0.29850746268656714,1.3814948666503633,73,-0.19316299557919533,0.3150684931506849,1.0544908720063217
2025,401762862,13,Bowling Green,Akron,1,73,-0.19316299557919533,0.3150684931506849,1.0544908720063217,67,-0.11098965972042985,0.29850746268656714,1.3814948666503633
2025,401762863,13,Massachusetts,Ohio,1,66,-0.28103822868555917,0.2878787878787879,1.4014543097602552,65,0.16973964144326364,0.49230769230769234,1.0589188697482081
2025,401762863,13,Ohio,Massachusetts,1,65,0.16973964144326364,0.49230769230769234,1.0589188697482081,66,-0.28103822868555917,0.2878787878787879,1.4014543097602552
2025,401762864,13,Northern Illinois,Western Michigan,1,58,-0.020717932716885434,0.27586206896551724,1.7217452564953268,70,0.220439440616894,0.6,0.8566520564856227
2025,401762864,13,Western Michigan,Northern Illinois,1,70,0.220439440616894,0.6,0.8566520564856227,58,-0.020717932716885434,0.27586206896551724,1.7217452564953268
2025,401762865,13,Buffalo,Miami (OH),1,83,-0.06744890731994355,0.3373493975903614,1.2334473787193683,68,-0.018806459217375004,0.38235294117647056,1.1567859291919438
2025,401762865,13,Miami (OH),Buffalo,1,68,-0.018806459217375004,0.38235294117647056,1.1567859291919438,83,-0.06744890731994355,0.3373493975903614,1.2334473787193683
2025,401762866,13,Central Michigan,Kent State,1,67,0.08393664156699136,0.3880597014925373,1.3003889947564027,67,-0.02731521450891914,0.3582089552238806,1.232477371851644
2025,401762866,13,Kent State,Central Michigan,1,67,-0.02731521450891914,0.3582089552238806,1.232477371851644,67,0.08393664156699136,0.3880597014925373,1.3003889947564027
2025,401762867,13,Ball State,Toledo,1,61,-0.31724253087059545,0.2459016393442623,1.0764732773774692,46,0.005438862779626768,0.45652173913043476,1.2506426372685209
2025,401762867,13,Toledo,Ball State,1,46,0.005438862779626768,0.45652173913043476,1.2506426372685209,61,-0.31724253087059545,0.2459016393442623,1.0764732773774692
2025,401762868,14,Bowling Green,Massachusetts,1,51,0.37835538969071486,0.43137254901960786,1.399385025374688,58,-0.12464523984438203,0.43103448275862066,1.1323809562766862
2025,401762868,14,Massachusetts,Bowling Green,1,58,-0.12464523984438203,0.43103448275862066,1.1323809562766862,51,0.37835538969071486,0.43137254901960786,1.399385025374688
2025,401762869,14,Eastern Michigan,Western Michigan,1,62,0.056804255458422284,0.41935483870967744,1.310527372225119,63,0.289811051219575,0.4444444444444444,1.3158054224838656
2025,401762869,14,Western Michigan,Eastern Michigan,1,63,0.289811051219575,0.4444444444444444,1.3158054224838656,62,0.056804255458422284,0.41935483870967744,1.310527372225119
2025,401762870,14,Buffalo,Ohio,1,63,0.153337086906691,0.4603174603174603,1.2610179018731003,78,0.14658336359321342,0.48717948717948717,1.0812500950744535
2025,401762870,14,Ohio,Buffalo,1,78,0.14658336359321342,0.48717948717948717,1.0812500950744535,63,0.153337086906691,0.4603174603174603,1.2610179018731003
2025,401762871,14,Kent State,Northern Illinois,1,60,0.1446117733215464,0.48333333333333334,1.0874888781221816,69,0.1426444549154961,0.5507246376811594,0.9081724515862188
2025,401762871,14,Northern Illinois,Kent State,1,69,0.1426444549154961,0.5507246376811594,0.9081724515862188,60,0.1446117733215464,0.48333333333333334,1.0874888781221816
2025,401762872,14,Central Michigan,Toledo,1,67,-0.1897404359637181,0.29850746268656714,1.130707933299515,62,0.0175003296474074,0.43548387096774194,1.0162126982085908
2025,401762872,14,Toledo,Central Michigan,1,62,0.0175003296474074,0.43548387096774194,1.0162126982085908,67,-0.1897404359637181,0.29850746268656714,1.130707933299515
2025,401762873,6,Miami (OH),Northern Illinois,1,76,0.17417458242650313,0.40789473684210525,1.1715095790629837,51,-0.059222053346558154,0.29411764705882354,1.5778247629510083
2025,401762873,6,Northern Illinois,Miami (OH),1,51,-0.059222053346558154,0.29411764705882354,1.5778247629510083,76,0.17417458242650313,0.40789473684210525,1.1715095790629837
2025,401762874,9,Miami (OH),Western Michigan,1,65,0.19084557130436927,0.4153846153846154,1.1819049353671292,69,-0.03203201721554815,0.4057971014492754,1.0654050285748276
2025,401762874,9,Western Michigan,Miami (OH),1,69,-0.03203201721554815,0.4057971014492754,1.0654050285748276,65,0.19084557130436927,0.4153846153846154,1.1819049353671292
2025,401762875,14,Ball State,Miami (OH),1,45,-0.15716457532852648,0.3333333333333333,1.2029970806123575,63,0.32548469334723945,0.5238095238095238,1.1549470260548453
2025,401762875,14,Miami (OH),Ball State,1,63,0.32548469334723945,0.5238095238095238,1.1549470260548453,45,-0.15716457532852648,0.3333333333333333,1.2029970806123575
2025,401766898,1,Bethune-Cookman,Florida International,1,35,-0.1489792824354737,0.2571428571428571,1.716960777791911,48,0.3553988441348226,0.5625,1.208777209042911
2025,401766898,1,Florida International,Bethune-Cookman,1,48,0.3553988441348226,0.5625,1.208777209042911,35,-0.1489792824354737,0.2571428571428571,1.716960777791911
2025,401767030,3,Bentley,Bryant,1,43,-0.13187842292281016,0.37209302325581395,1.1773234955334837,54,0.34639740481687703,0.46296296296296297,1.5053514610550824
2025,401767030,3,Bryant,Bentley,1,54,0.34639740481687703,0.46296296296296297,1.5053514610550824,43,-0.13187842292281016,0.37209302325581395,1.1773234955334837
2025,401767031,4,Bryant,Campbell,1,66,-0.024968937708652484,0.3333333333333333,1.5827963262615572,78,0.041415598379819646,0.3974358974358974,1.645906184140456
2025,401767031,4,Campbell,Bryant,1,78,0.041415598379819646,0.3974358974358974,1.645906184140456,66,-0.024968937708652484,0.3333333333333333,1.5827963262615572
2025,401767032,5,Bryant,Towson,1,67,0.11306967123500267,0.47761194029850745,1.0640925029192596,70,0.018671526244179046,0.44285714285714284,0.8216702067216985
2025,401767032,5,Towson,Bryant,1,70,0.018671526244179046,0.44285714285714284,0.8216702067216985,67,0.11306967123500267,0.47761194029850745,1.0640925029192596
2025,401767033,6,Bryant,Maine,1,28,-0.4741744467679054,0.32142857142857145,1.0047737340328238,44,0.5189080241560992,0.5,1.6121785502386548
2025,401767033,6,Maine,Bryant,1,44,0.5189080241560992,0.5,1.6121785502386548,28,-0.4741744467679054,0.32142857142857145,1.0047737340328238
2025,401767034,7,Brown,Bryant,1,82,0.18024547960642193,0.524390243902439,1.2554102453585458,62,0.06475619464788336,0.5,0.9880163763788319
2025,401767034,7,Bryant,Brown,1,62,0.06475619464788336,0.5,0.9880163763788319,82,0.18024547960642193,0.524390243902439,1.2554102453585458
2025,401767035,9,Bryant,Rhode Island,1,85,0.018907061556821814,0.4117647058823529,1.1492834102685567,49,0.22572488051859196,0.4489795918367347,1.396679703419595
2025,401767035,9,Rhode Island,Bryant,1,49,0.22572488051859196,0.4489795918367347,1.396679703419595,85,0.018907061556821814,0.4117647058823529,1.1492834102685567
2025,401767059,1,Eastern Washington,Incarnate Word,1,65,-0.01437467168806012,0.4,1.2020262745486074,88,0.16373043691853453,0.4659090909090909,1.105985984512033
2025,401767059,1,Incarnate Word,Eastern Washington,1,88,0.16373043691853453,0.4659090909090909,1.105985984512033,65,-0.01437467168806012,0.4,1.2020262745486074
2025,401767060,3,Eastern Washington,Northern Iowa,1,57,-0.031109326290875795,0.3157894736842105,1.1984600607402145,75,0.1316199790280169,0.4266666666666667,1.2300657428543131
2025,401767060,3,Northern Iowa,Eastern Washington,1,75,0.1316199790280169,0.4266666666666667,1.2300657428543131,57,-0.031109326290875795,0.3157894736842105,1.1984600607402145
2025,401767061,4,Eastern Washington,Western Illinois,1,71,0.2592628761131934,0.39436619718309857,1.8113610831987736,82,-0.05081465536428258,0.36585365853658536,1.1990110944146544
2025,401767061,4,Western Illinois,Eastern Washington,1,82,-0.05081465536428258,0.36585365853658536,1.1990110944146544,71,0.2592628761131934,0.39436619718309857,1.8113610831987736
2025,401767062,5,Eastern Washington,Montana State,1,35,-0.12612897515291563,0.3142857142857143,0.7685908331761109,43,0.47949462861010744,0.4418604651162791,1.9098430866743905
2025,401767062,5,Montana State,Eastern Washington,1,43,0.47949462861010744,0.4418604651162791,1.9098430866743905,35,-0.12612897515291563,0.3142857142857143,0.7685908331761109
2025,401767063,6,Eastern Washington,Portland State,1,58,0.33130908362514044,0.46551724137931033,1.514429261035399,84,0.0442047995748395,0.4523809523809524,1.037176277480284
2025,401767063,6,Portland State,Eastern Washington,1,84,0.0442047995748395,0.4523809523809524,1.037176277480284,58,0.33130908362514044,0.46551724137931033,1.514429261035399
2025,401767065,9,Eastern Washington,Weber State,1,71,-0.0927104433205072,0.28169014084507044,1.2942254677466127,64,-0.013364311522048646,0.3125,1.4295748970358524
2025,401767065,9,Weber State,Eastern Washington,1,64,-0.013364311522048646,0.3125,1.4295748970358524,71,-0.0927104433205072,0.28169014084507044,1.2942254677466127
2025,401767066,10,Eastern Washington,Sacramento State,1,87,-0.21796784168209202,0.3448275862068966,0.9817849390007312,63,0.10545954176748201,0.3333333333333333,1.4503370012511794
2025,401767066,10,Sacramento State,Eastern Washington,1,63,0.10545954176748201,0.3333333333333333,1.4503370012511794,87,-0.21796784168209202,0.3448275862068966,0.9817849390007312
2025,401767067,12,Eastern Washington,Northern Colorado,1,71,0.11157722597325634,0.39436619718309857,1.2854600028306928,73,-0.29285434034367946,0.273972602739726,1.604935258760667
2025,401767067,12,Northern Colorado,Eastern Washington,1,73,-0.29285434034367946,0.273972602739726,1.604935258760667,71,0.11157722597325634,0.39436619718309857,1.2854600028306928
2025,401767068,13,Cal Poly,Eastern Washington,1,89,0.01663351998723996,0.34831460674157305,1.4859672378832038,76,-0.08390844367973262,0.32894736842105265,1.3971748466135954
2025,401767068,13,Eastern Washington,Cal Poly,1,76,-0.08390844367973262,0.32894736842105265,1.3971748466135954,89,0.01663351998723996,0.34831460674157305,1.4859672378832038
2025,401767069,11,Eastern Washington,Montana,1,95,-0.03841227425237469,0.43157894736842106,1.2546018100945207,54,0.27818772831468574,0.37037037037037035,1.7587530346163411
2025,401767069,11,Montana,Eastern Washington,1,54,0.27818772831468574,0.37037037037037035,1.7587530346163411,95,-0.03841227425237469,0.43157894736842106,1.2546018100945207
2025,401767070,1,Cal Poly,San Diego,1,70,0.44935968075329047,0.4857142857142857,1.5945218685627751,59,0.07804948094128214,0.3728813559322034,1.2337457564925005
2025,401767070,1,San Diego,Cal Poly,1,59,0.07804948094128214,0.3728813559322034,1.2337457564925005,70,0.44935968075329047,0.4857142857142857,1.5945218685627751
2025,401767071,3,Cal Poly,Western Oregon,1,39,0.6859579730311692,0.48717948717948717,2.090815328909175,39,-0.10053537758755324,0.3333333333333333,1.2182786303086388
2025,401767071,3,Western Oregon,Cal Poly,1,39,-0.10053537758755324,0.3333333333333333,1.2182786303086388,39,0.6859579730311692,0.48717948717948717,2.090815328909175
2025,401767072,4,Cal Poly,Stephen F. Austin,1,63,-0.13621685269109035,0.31746031746031744,1.3702462335325938,53,0.14212059694240128,0.4716981132075472,1.1305320889140542
2025,401767072,4,Stephen F. Austin,Cal Poly,1,53,0.14212059694240128,0.4716981132075472,1.1305320889140542,63,-0.13621685269109035,0.31746031746031744,1.3702462335325938
2025,401767073,5,Cal Poly,Sacramento State,1,65,0.19552279628377078,0.3230769230769231,1.7645405955436313,75,-0.0223201754761118,0.4,1.3292699976252051
2025,401767073,5,Sacramento State,Cal Poly,1,75,-0.0223201754761118,0.4,1.3292699976252051,65,0.19552279628377078,0.3230769230769231,1.7645405955436313
2025,401767074,6,Cal Poly,UC Davis,1,69,0.14224796868867726,0.3333333333333333,1.304293278540004,62,0.45479016901953495,0.5,1.4639481176963614
2025,401767074,6,UC Davis,Cal Poly,1,62,0.45479016901953495,0.5,1.4639481176963614,69,0.14224796868867726,0.3333333333333333,1.304293278540004
2025,401767075,9,Cal Poly,Montana State,1,45,-0.029065452689781848,0.24444444444444444,1.4462266716009635,84,0.2222890034381703,0.5119047619047619,0.9691713669666132
2025,401767075,9,Montana State,Cal Poly,1,84,0.2222890034381703,0.5119047619047619,0.9691713669666132,45,-0.029065452689781848,0.24444444444444444,1.4462266716009635
2025,401767076,10,Cal Poly,Portland State,1,64,0.11601495445891477,0.46875,1.4006963834085453,75,0.20560818045842869,0.4533333333333333,1.3962467495451394
2025,401767076,10,Portland State,Cal Poly,1,75,0.20560818045842869,0.4533333333333333,1.3962467495451394,64,0.11601495445891477,0.46875,1.4006963834085453
2025,401767077,11,Cal Poly,Idaho State,1,70,0.14911723333024693,0.44285714285714284,1.1618439560591824,76,0.28369069393541896,0.5921052631578947,0.8596649265408767
2025,401767077,11,Idaho State,Cal Poly,1,76,0.28369069393541896,0.5921052631578947,0.8596649265408767,70,0.14911723333024693,0.44285714285714284,1.1618439560591824
2025,401767078,12,Cal Poly,Northern Arizona,1,69,-0.009393466966578152,0.34782608695652173,1.3471717145565285,64,0.19213982223436782,0.5,1.111727052802131
2025,401767078,12,Northern Arizona,Cal Poly,1,64,0.19213982223436782,0.5,1.111727052802131,69,-0.009393466966578152,0.34782608695652173,1.3471717145565285
2025,401767079,7,Cal Poly,Montana,1,56,-0.1200340720788662,0.30357142857142855,1.35089968006819,86,0.07796330787911172,0.47674418604651164,0.9872912594834117
2025,401767079,7,Montana,Cal Poly,1,86,0.07796330787911172,0.47674418604651164,0.9872912594834117,56,-0.1200340720788662,0.30357142857142855,1.35089968006819
2025,401767080,1,Idaho State,Southern Utah,1,66,-0.06485169317924298,0.3333333333333333,1.5554596782004293,74,0.3857604830642545,0.581081081081081,1.1354340135714291
2025,401767080,1,Southern Utah,Idaho State,1,74,0.3857604830642545,0.581081081081081,1.1354340135714291,66,-0.06485169317924298,0.3333333333333333,1.5554596782004293
2025,401767081,4,Idaho State,Lincoln (CA),1,22,0.8468376859534876,0.6818181818181818,1.394277602173973,17,-0.9644206925974855,0.29411764705882354,0.7559976354272873
2025,401767081,4,Lincoln (CA),Idaho State,1,17,-0.9644206925974855,0.29411764705882354,0.7559976354272873,22,0.8468376859534876,0.6818181818181818,1.394277602173973
2025,401767082,5,Idaho State,Northern Colorado,1,87,0.11291441038901602,0.45977011494252873,1.0349799851282757,71,0.10400744826104558,0.39436619718309857,1.53521237014669
2025,401767082,5,Northern Colorado,Idaho State,1,71,0.10400744826104558,0.39436619718309857,1.53521237014669,87,0.11291441038901602,0.45977011494252873,1.0349799851282757
2025,401767083,6,Idaho State,Montana,1,77,0.21953737721807037,0.4675324675324675,1.2725754393406041,78,0.23572648400431484,0.4358974358974359,1.4693905997199501
2025,401767083,6,Montana,Idaho State,1,78,0.23572648400431484,0.4358974358974359,1.4693905997199501,77,0.21953737721807037,0.4675324675324675,1.2725754393406041
2025,401767084,7,Idaho State,Montana State,1,47,0.258815609283211,0.3617021276595745,1.703318949942262,61,0.6213227371648224,0.6885245901639344,1.176507614651644
2025,401767084,7,Montana State,Idaho State,1,61,0.6213227371648224,0.6885245901639344,1.176507614651644,47,0.258815609283211,0.3617021276595745,1.703318949942262
2025,401767085,9,Idaho State,Northern Arizona,1,63,0.05527845125212212,0.47619047619047616,1.135646323183247,77,0.18675843755911878,0.42857142857142855,1.1786391333108492
2025,401767085,9,Northern Arizona,Idaho State,1,77,0.18675843755911878,0.42857142857142855,1.1786391333108492,63,0.05527845125212212,0.47619047619047616,1.135646323183247
2025,401767086,10,Idaho State,UC Davis,1,70,0.09067390861904243,0.5142857142857142,1.3866853492226432,81,0.16741334426878943,0.6049382716049383,0.950918223259051
2025,401767086,10,UC Davis,Idaho State,1,81,0.16741334426878943,0.6049382716049383,0.950918223259051,70,0.09067390861904243,0.5142857142857142,1.3866853492226432
2025,401767087,12,Idaho State,Weber State,1,55,0.42517544561104464,0.509090909090909,1.4418809601686549,41,-0.25574812859790436,0.21951219512195122,0.8849196622410926
2025,401767087,12,Weber State,Idaho State,1,41,-0.25574812859790436,0.21951219512195122,0.8849196622410926,55,0.42517544561104464,0.509090909090909,1.4418809601686549
2025,401767088,13,Idaho,Idaho State,1,40,-0.058519822207312555,0.325,1.4199219893214898,77,0.12467124550681935,0.45454545454545453,1.0300595304231521
2025,401767088,13,Idaho State,Idaho,1,77,0.12467124550681935,0.45454545454545453,1.0300595304231521,40,-0.058519822207312555,0.325,1.4199219893214898
2025,401767089,2,Idaho,St. Thomas (MN),1,113,0.315469049177615,0.5221238938053098,1.1729855127296234,115,0.22318675957508755,0.41739130434782606,1.6081478931029298
2025,401767089,2,St. Thomas (MN),Idaho,1,115,0.22318675957508755,0.41739130434782606,1.6081478931029298,113,0.315469049177615,0.5221238938053098,1.1729855127296234
2025,401767090,3,Idaho,Utah Tech,1,71,0.2558666636999266,0.4788732394366197,1.136682753917804,55,0.01607443541460536,0.3090909090909091,1.5264990480337803
2025,401767090,3,Utah Tech,Idaho,1,55,0.01607443541460536,0.3090909090909091,1.5264990480337803,71,0.2558666636999266,0.4788732394366197,1.136682753917804
2025,401767091,5,Idaho,Montana,1,62,0.28312339178867996,0.3225806451612903,1.7584143825746943,67,0.3421275134730169,0.47761194029850745,1.2478321347834946
2025,401767091,5,Montana,Idaho,1,67,0.3421275134730169,0.47761194029850745,1.2478321347834946,62,0.28312339178867996,0.3225806451612903,1.7584143825746943
2025,401767092,8,Eastern Washington,Idaho,1,66,-0.035980277232164896,0.3484848484848485,1.264842032338234,73,-0.22736564293546577,0.3424657534246575,1.0878064451194296
2025,401767092,8,Idaho,Eastern Washington,1,73,-0.22736564293546577,0.3424657534246575,1.0878064451194296,66,-0.035980277232164896,0.3484848484848485,1.264842032338234
2025,401767093,9,Idaho,Portland State,1,32,0.7945946210266787,0.65625,1.5479574498816808,38,-0.08233542149181824,0.39473684210526316,1.3610563614603999
2025,401767093,9,Portland State,Idaho,1,38,-0.08233542149181824,0.39473684210526316,1.3610563614603999,32,0.7945946210266787,0.65625,1.5479574498816808
2025,401767094,10,Idaho,Northern Arizona,1,70,0.05781035615658519,0.45714285714285713,1.2060558093868157,73,0.003513921297542367,0.3972602739726027,1.320009221312926
2025,401767094,10,Northern Arizona,Idaho,1,73,0.003513921297542367,0.3972602739726027,1.320009221312926,70,0.05781035615658519,0.45714285714285713,1.2060558093868157
2025,401767095,11,Idaho,UC Davis,1,61,0.14560413108556863,0.39344262295081966,1.3303563772968128,63,0.1264513962632231,0.47619047619047616,1.0823729353546339
2025,401767095,11,UC Davis,Idaho,1,63,0.1264513962632231,0.47619047619047616,1.0823729353546339,61,0.14560413108556863,0.39344262295081966,1.3303563772968128
2025,401767096,12,Idaho,Sacramento State,1,58,0.22274749408685515,0.43103448275862066,1.2366068968965376,77,0.1827105016820712,0.4675324675324675,1.181476816294498
2025,401767096,12,Sacramento State,Idaho,1,77,0.1827105016820712,0.4675324675324675,1.181476816294498,58,0.22274749408685515,0.43103448275862066,1.2366068968965376
2025,401767098,3,Montana,North Dakota,1,73,-0.03336758258317337,0.3150684931506849,1.4585295178683604,78,0.011301238600397293,0.3333333333333333,1.3626776901012017
2025,401767098,3,North Dakota,Montana,1,78,0.011301238600397293,0.3333333333333333,1.3626776901012017,73,-0.03336758258317337,0.3150684931506849,1.4585295178683604
2025,401767099,4,Indiana State,Montana,1,37,-0.048966669117832075,0.21621621621621623,1.6539254313203775,45,0.5814928974067223,0.5333333333333333,1.641734079381101
2025,401767099,4,Montana,Indiana State,1,45,0.5814928974067223,0.5333333333333333,1.641734079381101,37,-0.048966669117832075,0.21621621621621623,1.6539254313203775
2025,401767100,8,Montana,Sacred Heart,1,66,0.5100901900247036,0.5454545454545454,1.3498630154534819,63,0.2240896997567934,0.42857142857142855,1.3418348279604542
2025,401767100,8,Sacred Heart,Montana,1,63,0.2240896997567934,0.42857142857142855,1.3418348279604542,66,0.5100901900247036,0.5454545454545454,1.3498630154534819
2025,401767101,9,Montana,Sacramento State,1,58,0.32911231401362245,0.46551724137931033,1.7218105408597544,63,0.21033912790713585,0.42857142857142855,1.5890404036576171
2025,401767101,9,Sacramento State,Montana,1,63,0.21033912790713585,0.42857142857142855,1.5890404036576171,58,0.32911231401362245,0.46551724137931033,1.7218105408597544
2025,401767102,10,Montana,Weber State,1,73,0.3576573401414886,0.4383561643835616,1.6197555069017662,76,-0.19963460634176383,0.32894736842105265,0.9118351340430452
2025,401767102,10,Weber State,Montana,1,76,-0.19963460634176383,0.32894736842105265,0.9118351340430452,73,0.3576573401414886,0.4383561643835616,1.6197555069017662
2025,401767103,12,Montana,Portland State,1,42,0.3444551304748491,0.40476190476190477,1.9905001232059898,55,-0.2229966890276039,0.34545454545454546,1.2670727447930217
2025,401767103,12,Portland State,Montana,1,55,-0.2229966890276039,0.34545454545454546,1.2670727447930217,42,0.3444551304748491,0.40476190476190477,1.9905001232059898
2025,401767104,13,Montana,Montana State,1,61,0.2512764512326011,0.45901639344262296,1.3657586488176325,65,0.243924424642702,0.5076923076923077,1.0563383900211682
2025,401767104,13,Montana State,Montana,1,65,0.243924424642702,0.5076923076923077,1.0563383900211682,61,0.2512764512326011,0.45901639344262296,1.3657586488176325
2025,401767106,3,Montana State,San Diego,1,47,0.43773414101544644,0.5106382978723404,1.5347429220035218,23,-0.24415178725474823,0.13043478260869565,1.8202769554184
2025,401767106,3,San Diego,Montana State,1,23,-0.24415178725474823,0.13043478260869565,1.8202769554184,47,0.43773414101544644,0.5106382978723404,1.5347429220035218
2025,401767107,4,Mercyhurst,Montana State,1,58,-0.026696188981224455,0.3793103448275862,1.0382079174485372,58,0.3412999546989238,0.6379310344827587,0.9295664319939544
2025,401767107,4,Montana State,Mercyhurst,1,58,0.3412999546989238,0.6379310344827587,0.9295664319939544,58,-0.026696188981224455,0.3793103448275862,1.0382079174485372
2025,401767108,6,Montana State,Northern Arizona,1,40,0.5304935964296023,0.475,1.63989227314523,60,-0.010040785172947238,0.35,1.2043899639413909
2025,401767108,6,Northern Arizona,Montana State,1,60,-0.010040785172947238,0.35,1.2043899639413909,40,0.5304935964296023,0.475,1.63989227314523
2025,401767109,10,Montana State,Northern Colorado,1,86,0.3967860551966719,0.5,1.3713612330940708,79,-0.19511969209299365,0.3037974683544304,0.8265754294015698
2025,401767109,10,Northern Colorado,Montana State,1,79,-0.19511969209299365,0.3037974683544304,0.8265754294015698,86,0.3967860551966719,0.5,1.3713612330940708
2025,401767110,11,Montana State,Weber State,1,39,0.4841943020319408,0.6153846153846154,1.1761354310576793,35,-0.30450387891912595,0.37142857142857144,0.7553693928559229
2025,401767110,11,Weber State,Montana State,1,35,-0.30450387891912595,0.37142857142857144,0.7553693928559229,39,0.4841943020319408,0.6153846153846154,1.1761354310576793
2025,401767111,12,Montana State,UC Davis,1,53,0.36242968977714857,0.37735849056603776,1.3737108485912555,86,-0.0451120043022865,0.45348837209302323,1.068810569172197
2025,401767111,12,UC Davis,Montana State,1,86,-0.0451120043022865,0.45348837209302323,1.068810569172197,53,0.36242968977714857,0.37735849056603776,1.3737108485912555
2025,401767112,2,Northern Arizona,Utah Tech,1,69,0.22815369794569396,0.43478260869565216,1.3431321054156193,62,0.10097774031242449,0.3225806451612903,1.827327783711282
2025,401767112,2,Utah Tech,Northern Arizona,1,62,0.10097774031242449,0.3225806451612903,1.827327783711282,69,0.22815369794569396,0.43478260869565216,1.3431321054156193
2025,401767114,4,Incarnate Word,Northern Arizona,1,63,0.3411116739032195,0.4126984126984127,1.4776274653786279,63,0.3118763177301861,0.36507936507936506,2.0395798960295846
2025,401767114,4,Northern Arizona,Incarnate Word,1,63,0.3118763177301861,0.36507936507936506,2.0395798960295846,63,0.3411116739032195,0.4126984126984127,1.4776274653786279
2025,401767115,5,Northern Arizona,Portland State,1,65,0.3965960800133574,0.5538461538461539,1.2221147393920468,63,0.01242945620289692,0.3492063492063492,1.5357203503577945
2025,401767115,5,Portland State,Northern Arizona,1,63,0.01242945620289692,0.3492063492063492,1.5357203503577945,65,0.3965960800133574,0.5538461538461539,1.2221147393920468
2025,401767116,7,Northern Arizona,UC Davis,1,70,-0.028160355366371948,0.4714285714285714,1.0605324086823766,58,0.5140475110837205,0.5344827586206896,1.5141247981292152
2025,401767116,7,UC Davis,Northern Arizona,1,58,0.5140475110837205,0.5344827586206896,1.5141247981292152,70,-0.028160355366371948,0.4714285714285714,1.0605324086823766
2025,401767117,11,Northern Arizona,Northern Colorado,1,42,0.43732518311267177,0.6666666666666666,1.0531486414266769,52,-0.04310998819600466,0.38461538461538464,1.2457000049314346
2025,401767117,11,Northern Colorado,Northern Arizona,1,52,-0.04310998819600466,0.38461538461538464,1.2457000049314346,42,0.43732518311267177,0.6666666666666666,1.0531486414266769
2025,401767118,13,Northern Arizona,Weber State,1,65,-0.10104129922222792,0.23076923076923078,2.032468876952447,70,0.2615432390976528,0.4,1.8083548300658994
2025,401767118,13,Weber State,Northern Arizona,1,70,0.2615432390976528,0.4,1.8083548300658994,65,-0.10104129922222792,0.23076923076923078,2.032468876952447
2025,401767119,1,Chadron State,Northern Colorado,1,64,-0.010221814873344651,0.421875,1.0953824148566247,52,0.12026194742147933,0.38461538461538464,1.2733216898350317
2025,401767119,1,Northern Colorado,Chadron State,1,52,0.12026194742147933,0.38461538461538464,1.2733216898350317,64,-0.010221814873344651,0.421875,1.0953824148566247
2025,401767120,3,Northern Colorado,South Dakota,1,65,0.14557714147989614,0.4461538461538462,1.2186239422867609,63,0.20188096825832563,0.4444444444444444,1.3651809273137248
2025,401767120,3,South Dakota,Northern Colorado,1,63,0.20188096825832563,0.4444444444444444,1.3651809273137248,65,0.14557714147989614,0.4461538461538462,1.2186239422867609
2025,401767121,4,Houston Christian,Northern Colorado,1,37,-0.41552491668797187,0.13513513513513514,1.118652580599418,49,-0.13324175416579556,0.40816326530612246,0.9945440682241566
2025,401767121,4,Northern Colorado,Houston Christian,1,49,-0.13324175416579556,0.40816326530612246,0.9945440682241566,37,-0.41552491668797187,0.13513513513513514,1.118652580599418
2025,401767122,7,Idaho,Northern Colorado,1,76,0.19056183165139756,0.5263157894736842,1.2124415107846875,65,0.34651542447473016,0.5230769230769231,1.2449993208637735
2025,401767122,7,Northern Colorado,Idaho,1,65,0.34651542447473016,0.5230769230769231,1.2449993208637735,76,0.19056183165139756,0.5263157894736842,1.2124415107846875
2025,401767123,8,Northern Colorado,Sacramento State,1,69,0.007023752731976788,0.5362318840579711,1.152200272493131,72,0.24714069914859824,0.4166666666666667,1.3318577987244744
2025,401767123,8,Sacramento State,Northern Colorado,1,72,0.24714069914859824,0.4166666666666667,1.3318577987244744,69,0.007023752731976788,0.5362318840579711,1.152200272493131
2025,401767124,9,Northern Colorado,UC Davis,1,69,-0.05182240957771295,0.43478260869565216,0.9557914048803278,71,0.1412126060296122,0.4647887323943662,1.1981709244971774
2025,401767124,9,UC Davis,Northern Colorado,1,71,0.1412126060296122,0.4647887323943662,1.1981709244971774,69,-0.05182240957771295,0.43478260869565216,0.9557914048803278
2025,401767125,13,Northern Colorado,Portland State,1,49,0.17595570571546396,0.3673469387755102,1.399467872497002,78,0.010467276784013277,0.4230769230769231,0.974841234868237
2025,401767125,13,Portland State,Northern Colorado,1,78,0.010467276784013277,0.4230769230769231,0.974841234868237,49,0.17595570571546396,0.3673469387755102,1.399467872497002
2025,401767126,1,Portland State,Tarleton State,1,55,-0.29526687463329326,0.34545454545454546,0.9105285112235585,49,0.3583987524723169,0.4489795918367347,1.5006728364453497
2025,401767126,1,Tarleton State,Portland State,1,49,0.3583987524723169,0.4489795918367347,1.5006728364453497,55,-0.29526687463329326,0.34545454545454546,0.9105285112235585
2025,401767127,2,North Dakota,Portland State,1,42,0.35109053778071914,0.5238095238095238,1.1318953723019887,25,-0.36940381604702865,0.36,1.4711215459035942
2025,401767127,2,Portland State,North Dakota,1,25,-0.36940381604702865,0.36,1.4711215459035942,42,0.35109053778071914,0.5238095238095238,1.1318953723019887
2025,401767128,8,Portland State,Weber State,1,56,-0.29451139380676394,0.3392857142857143,1.5381037515641454,59,0.002890084276633394,0.4406779661016949,1.2139800327584902
2025,401767128,8,Weber State,Portland State,1,59,0.002890084276633394,0.4406779661016949,1.2139800327584902,56,-0.29451139380676394,0.3392857142857143,1.5381037515641454
2025,401767129,11,Portland State,Sacramento State,1,62,-0.1478774097158262,0.4032258064516129,0.9264333937102841,55,0.44630350642824473,0.43636363636363634,1.918874443722497
2025,401767129,11,Sacramento State,Portland State,1,55,0.44630350642824473,0.43636363636363634,1.918874443722497,62,-0.1478774097158262,0.4032258064516129,0.9264333937102841
2025,401767130,1,Sacramento State,South Dakota State,1,49,-0.5223030085412571,0.22448979591836735,1.0327327663913644,79,0.027063958464448416,0.4430379746835443,1.0581761876220408
2025,401767130,1,South Dakota State,Sacramento State,1,79,0.027063958464448416,0.4430379746835443,1.0581761876220408,49,-0.5223030085412571,0.22448979591836735,1.0327327663913644
2025,401767131,3,Mercyhurst,Sacramento State,1,75,0.08740667792363122,0.3466666666666667,1.5370412628999568,60,0.45830490609300195,0.5333333333333333,1.370482530400957
2025,401767131,3,Sacramento State,Mercyhurst,1,60,0.45830490609300195,0.5333333333333333,1.370482530400957,75,0.08740667792363122,0.3466666666666667,1.5370412628999568
2025,401767132,4,Central Arkansas,Sacramento State,1,42,0.06451075944771271,0.4523809523809524,1.0147210735479888,44,0.8396763799158745,0.5454545454545454,1.9714476289784784
2025,401767132,4,Sacramento State,Central Arkansas,1,44,0.8396763799158745,0.5454545454545454,1.9714476289784784,42,0.06451075944771271,0.4523809523809524,1.0147210735479888
2025,401767133,7,Sacramento State,Weber State,1,57,0.47199764005710554,0.49122807017543857,1.527451700880015,52,0.24411601850591136,0.4807692307692308,1.1611326912548339
2025,401767133,7,Weber State,Sacramento State,1,52,0.24411601850591136,0.4807692307692308,1.1611326912548339,57,0.47199764005710554,0.49122807017543857,1.527451700880015
2025,401767134,13,Sacramento State,UC Davis,1,74,0.02411481321078013,0.44594594594594594,1.0596981209017622,60,0.29052659975509243,0.55,1.1458259335506775
2025,401767134,13,UC Davis,Sacramento State,1,60,0.29052659975509243,0.55,1.1458259335506775,74,0.02411481321078013,0.44594594594594594,1.0596981209017622
2025,401767136,10,Bryant,Monmouth,1,60,-0.1572464500283875,0.2833333333333333,1.2064060793098634,68,0.3334015700180377,0.4852941176470588,1.4710562964258562
2025,401767136,10,Monmouth,Bryant,1,68,0.3334015700180377,0.4852941176470588,1.4710562964258562,60,-0.1572464500283875,0.2833333333333333,1.2064060793098634
2025,401767137,11,Bryant,UAlbany,1,64,0.13147928129206607,0.421875,1.2032321496115035,67,0.06196385569229932,0.3283582089552239,1.3487639338969697
2025,401767137,11,UAlbany,Bryant,1,67,0.06196385569229932,0.3283582089552239,1.3487639338969697,64,0.13147928129206607,0.421875,1.2032321496115035
2025,401767138,12,Bryant,New Hampshire,1,46,-0.06123201198884501,0.30434782608695654,1.011554213374679,52,0.3368627488339368,0.5,1.5716192629913806
2025,401767138,12,New Hampshire,Bryant,1,52,0.3368627488339368,0.5,1.5716192629913806,46,-0.06123201198884501,0.30434782608695654,1.011554213374679
2025,401767139,13,Bryant,Stony Brook,1,65,0.16453934305969875,0.46153846153846156,1.281560958506284,87,0.10521909741174139,0.4367816091954023,0.9921947043675255
2025,401767139,13,Stony Brook,Bryant,1,87,0.10521909741174139,0.4367816091954023,0.9921947043675255,65,0.16453934305969875,0.46153846153846156,1.281560958506284
2025,401767140,1,Campbell,Rhode Island,1,67,-0.07205426772516173,0.373134328358209,0.8896485429531458,62,0.18331681042874953,0.3870967741935484,1.2985238479492414
2025,401767140,1,Rhode Island,Campbell,1,62,0.18331681042874953,0.3870967741935484,1.2985238479492414,67,-0.07205426772516173,0.373134328358209,0.8896485429531458
2025,401767141,3,Campbell,Furman,1,78,0.18553185169645278,0.5384615384615384,0.9920960540298828,59,0.22690339011477972,0.4067796610169492,1.3932723391135151
2025,401767141,3,Furman,Campbell,1,59,0.22690339011477972,0.4067796610169492,1.3932723391135151,78,0.18553185169645278,0.5384615384615384,0.9920960540298828
2025,401767142,5,Campbell,Western Carolina,1,84,0.05703994112068129,0.2976190476190476,1.6742487340109797,70,0.38918736853554653,0.45714285714285713,1.6506889119961459
2025,401767142,5,Western Carolina,Campbell,1,70,0.38918736853554653,0.45714285714285713,1.6506889119961459,84,0.05703994112068129,0.2976190476190476,1.6742487340109797
2025,401767143,7,Campbell,Hampton,1,69,0.080692070995799,0.4782608695652174,1.181560887616808,60,-0.04884977343266528,0.35,1.1110563950331083
2025,401767143,7,Hampton,Campbell,1,60,-0.04884977343266528,0.35,1.1110563950331083,69,0.080692070995799,0.4782608695652174,1.181560887616808
2025,401767144,8,Campbell,New Hampshire,1,31,0.2093794896208509,0.3548387096774194,1.3176095471338005,56,0.1368450277195017,0.44642857142857145,1.1144214784063755
2025,401767144,8,New Hampshire,Campbell,1,56,0.1368450277195017,0.44642857142857145,1.1144214784063755,31,0.2093794896208509,0.3548387096774194,1.3176095471338005
2025,401767145,9,Campbell,North Carolina A&T,1,86,-0.10387625759083532,0.3953488372093023,1.1652253934889676,53,0.02779133144333466,0.33962264150943394,1.3929937148446472
2025,401767145,9,North Carolina A&T,Campbell,1,53,0.02779133144333466,0.33962264150943394,1.3929937148446472,86,-0.10387625759083532,0.3953488372093023,1.1652253934889676
2025,401767146,11,Campbell,William & Mary,1,64,0.34070799890511744,0.53125,1.053319280797206,78,0.14799078784836506,0.5,1.015681950382088
2025,401767146,11,William & Mary,Campbell,1,78,0.14799078784836506,0.5,1.015681950382088,64,0.34070799890511744,0.53125,1.053319280797206
2025,401767147,12,Campbell,Elon,1,67,-0.0527063414224116,0.47761194029850745,0.8574865781740052,71,0.08423083869826901,0.3380281690140845,1.5367182883780666
2025,401767147,12,Elon,Campbell,1,71,0.08423083869826901,0.3380281690140845,1.5367182883780666,67,-0.0527063414224116,0.47761194029850745,0.8574865781740052
2025,401767148,13,Campbell,Towson,1,77,0.2649990571087367,0.5584415584415584,0.9890868338146926,57,0.1753231212553945,0.45614035087719296,1.2975177470144326
2025,401767148,13,Towson,Campbell,1,57,0.1753231212553945,0.45614035087719296,1.2975177470144326,77,0.2649990571087367,0.5584415584415584,0.9890868338146926
2025,401767149,2,Davidson,Elon,1,26,-0.42679602208642714,0.15384615384615385,-0.01404106981030885,53,0.33391948489987866,0.6037735849056604,1.065823553036204
2025,401767149,2,Elon,Davidson,1,53,0.33391948489987866,0.6037735849056604,1.065823553036204,26,-0.42679602208642714,0.15384615384615385,-0.01404106981030885
2025,401767150,3,Elon,Western Carolina,1,75,0.14887629238863323,0.36,1.6448374688346372,84,0.0984293305432144,0.40476190476190477,1.1729814954454356
2025,401767150,3,Western Carolina,Elon,1,84,0.0984293305432144,0.40476190476190477,1.1729814954454356,75,0.14887629238863323,0.36,1.6448374688346372
2025,401767151,4,East Tennessee State,Elon,1,86,-0.001277684475275454,0.3953488372093023,0.9368277868147213,58,-0.055120963709118,0.3793103448275862,1.3748399505366011
2025,401767151,4,Elon,East Tennessee State,1,58,-0.055120963709118,0.3793103448275862,1.3748399505366011,86,-0.001277684475275454,0.3953488372093023,0.9368277868147213
2025,401767152,5,Elon,Hampton,1,64,0.22032336269844743,0.453125,1.4842397880889564,69,0.07348605309744852,0.30434782608695654,1.9061825488584248
2025,401767152,5,Hampton,Elon,1,69,0.07348605309744852,0.30434782608695654,1.9061825488584248,64,0.22032336269844743,0.453125,1.4842397880889564
2025,401767153,6,Elon,Towson,1,76,0.2064893028840814,0.4342105263157895,1.1998887656296506,55,-0.11257884555398635,0.41818181818181815,1.0653276972922954
2025,401767153,6,Towson,Elon,1,55,-0.11257884555398635,0.41818181818181815,1.0653276972922954,76,0.2064893028840814,0.4342105263157895,1.1998887656296506
2025,401767154,7,Elon,Villanova,1,54,0.24292850191698065,0.46296296296296297,1.3483868351096027,68,0.26347689536205793,0.4117647058823529,1.4791121155219764
2025,401767154,7,Villanova,Elon,1,68,0.26347689536205793,0.4117647058823529,1.4791121155219764,54,0.24292850191698065,0.46296296296296297,1.3483868351096027
2025,401767155,8,Elon,William & Mary,1,57,0.23445719448914443,0.47368421052631576,1.330524786870366,67,0.05398239018642713,0.3283582089552239,1.4795770274753566
2025,401767155,8,William & Mary,Elon,1,67,0.05398239018642713,0.3283582089552239,1.4795770274753566,57,0.23445719448914443,0.47368421052631576,1.330524786870366
2025,401767156,1,UC Davis,Utah Tech,1,77,-0.02359300086240105,0.37662337662337664,1.3106244979021286,75,-0.21686827911499298,0.4,1.0335832251401662
2025,401767156,1,Utah Tech,UC Davis,1,75,-0.21686827911499298,0.4,1.0335832251401662,77,-0.02359300086240105,0.37662337662337664,1.3106244979021286
2025,401767157,4,Southern Utah,UC Davis,1,67,0.3065377430109995,0.5373134328358209,1.2605988902575882,43,0.8038438520506296,0.5348837209302325,2.0309130400757227
2025,401767157,4,UC Davis,Southern Utah,1,43,0.8038438520506296,0.5348837209302325,2.0309130400757227,67,0.3065377430109995,0.5373134328358209,1.2605988902575882
2025,401767158,5,UC Davis,Weber State,1,65,0.29694248722607713,0.5384615384615384,1.179132757425725,57,-0.16680993469340144,0.38596491228070173,0.8580906916469009
2025,401767158,5,Weber State,UC Davis,1,57,-0.16680993469340144,0.38596491228070173,0.8580906916469009,65,0.29694248722607713,0.5384615384615384,1.179132757425725
2025,401767159,3,McNeese,Weber State,1,72,0.24009396477454698,0.4722222222222222,1.5110736439954737,69,0.2129145372488055,0.42028985507246375,1.547904456503006
2025,401767159,3,Weber State,McNeese,1,69,0.2129145372488055,0.42028985507246375,1.547904456503006,72,0.24009396477454698,0.4722222222222222,1.5110736439954737
2025,401767160,4,Butler,Weber State,1,66,-0.0977934080594774,0.22727272727272727,1.7245921209614599,64,0.07507868076188501,0.484375,1.0881438196677884
2025,401767160,4,Weber State,Butler,1,64,0.07507868076188501,0.484375,1.0881438196677884,66,-0.0977934080594774,0.22727272727272727,1.7245921209614599
2025,401767161,3,Charleston Southern,Lindenwood,1,64,0.3199740949238871,0.390625,1.7113558788983256,62,0.28373791606959714,0.45161290322580644,1.3139872349017476
2025,401767161,3,Lindenwood,Charleston Southern,1,62,0.28373791606959714,0.45161290322580644,1.3139872349017476,64,0.3199740949238871,0.390625,1.7113558788983256
2025,401767162,4,Charleston Southern,William & Mary,1,39,0.1970911280690552,0.3333333333333333,1.5527455425831909,82,0.24786245014621053,0.43902439024390244,1.3319135948867262
2025,401767162,4,William & Mary,Charleston Southern,1,82,0.24786245014621053,0.43902439024390244,1.3319135948867262,39,0.1970911280690552,0.3333333333333333,1.5527455425831909
2025,401767163,5,Charleston Southern,South Carolina State,1,57,0.07412726975154874,0.40350877192982454,1.3625317056740494,72,0.20586725456730723,0.4861111111111111,1.1779288547578044
2025,401767163,5,South Carolina State,Charleston Southern,1,72,0.20586725456730723,0.4861111111111111,1.1779288547578044,57,0.07412726975154874,0.40350877192982454,1.3625317056740494
2025,401767164,6,Charleston Southern,Gardner-Webb,1,56,0.3667838200814007,0.42857142857142855,1.5858126524467384,75,0.07807268335137535,0.4533333333333333,1.2019834729951462
2025,401767164,6,Gardner-Webb,Charleston Southern,1,75,0.07807268335137535,0.4533333333333333,1.2019834729951462,56,0.3667838200814007,0.42857142857142855,1.5858126524467384
2025,401767165,7,Charleston Southern,Tennessee Tech,1,65,-0.1019565739511561,0.2,2.0053801421147153,69,0.033498367694807796,0.463768115942029,1.2876365390441604
2025,401767165,7,Tennessee Tech,Charleston Southern,1,69,0.033498367694807796,0.463768115942029,1.2876365390441604,65,-0.1019565739511561,0.2,2.0053801421147153
2025,401767166,8,Charleston Southern,Western Illinois,1,58,0.2898252329356476,0.41379310344827586,1.4505206299166524,80,0.050475830933444085,0.4625,1.2168532982820242
2025,401767166,8,Western Illinois,Charleston Southern,1,80,0.050475830933444085,0.4625,1.2168532982820242,58,0.2898252329356476,0.41379310344827586,1.4505206299166524
2025,401767167,9,Charleston Southern,Eastern Illinois,1,70,-0.06471552086394441,0.4,1.2640249763478337,58,0.09738641229661511,0.41379310344827586,0.9554255857304105
2025,401767167,9,Eastern Illinois,Charleston Southern,1,58,0.09738641229661511,0.41379310344827586,0.9554255857304105,70,-0.06471552086394441,0.4,1.2640249763478337
2025,401767168,10,Charleston Southern,Southeast Missouri State,1,75,0.05884162464370818,0.32,1.6404386262316544,77,0.004410967469089621,0.37662337662337664,1.4093608626540035
2025,401767168,10,Southeast Missouri State,Charleston Southern,1,77,0.004410967469089621,0.37662337662337664,1.4093608626540035,75,0.05884162464370818,0.32,1.6404386262316544
2025,401767169,12,Charleston Southern,UT Martin,1,54,-0.03064875835011952,0.4074074074074074,1.5243644542381847,65,0.16485267654867572,0.4307692307692308,1.1335414952108942
2025,401767169,12,UT Martin,Charleston Southern,1,65,0.16485267654867572,0.4307692307692308,1.1335414952108942,54,-0.03064875835011952,0.4074074074074074,1.5243644542381847
2025,401767170,13,Charleston Southern,Tennessee State,1,61,-0.09251479776187019,0.45901639344262296,0.623983896041886,63,-0.0673806825069736,0.31746031746031744,1.4424132447958113
2025,401767170,13,Tennessee State,Charleston Southern,1,63,-0.0673806825069736,0.31746031746031744,1.4424132447958113,61,-0.09251479776187019,0.45901639344262296,0.623983896041886
2025,401767171,1,Dayton,Eastern Illinois,1,50,-0.07882691572051409,0.24,2.2145382988740856,82,0.026371382155078133,0.45121951219512196,0.9103082879037754
2025,401767171,1,Eastern Illinois,Dayton,1,82,0.026371382155078133,0.45121951219512196,0.9103082879037754,50,-0.07882691572051409,0.24,2.2145382988740856
2025,401767173,3,Eastern Illinois,Illinois State,1,70,0.007610399701413844,0.3142857142857143,1.669964044981172,72,0.24356265609896963,0.4583333333333333,1.3525776384461128
2025,401767173,3,Illinois State,Eastern Illinois,1,72,0.24356265609896963,0.4583333333333333,1.3525776384461128,70,0.007610399701413844,0.3142857142857143,1.669964044981172
2025,401767174,5,Eastern Illinois,Western Illinois,1,51,0.19832305587968116,0.45098039215686275,1.2401118112048988,82,0.12740578396233188,0.4268292682926829,1.0296638500266235
2025,401767174,5,Western Illinois,Eastern Illinois,1,82,0.12740578396233188,0.4268292682926829,1.0296638500266235,51,0.19832305587968116,0.45098039215686275,1.2401118112048988
2025,401767175,6,Eastern Illinois,Tennessee State,1,70,0.2022366798974962,0.45714285714285713,1.2882014681455678,32,-0.16729353202904,0.46875,1.1242735702626259
2025,401767175,6,Tennessee State,Eastern Illinois,1,32,-0.16729353202904,0.46875,1.1242735702626259,70,0.2022366798974962,0.45714285714285713,1.2882014681455678
2025,401767176,9,Elon,Maine,1,55,-0.2491365716120682,0.3090909090909091,1.350744870295855,65,0.23523684048421284,0.46153846153846156,1.225236088942062
2025,401767176,9,Maine,Elon,1,65,0.23523684048421284,0.46153846153846156,1.225236088942062,55,-0.2491365716120682,0.3090909090909091,1.350744870295855
2025,401767177,11,Elon,Rhode Island,1,38,-0.0728145943043666,0.3684210526315789,1.1447800035549134,71,0.2325805829643278,0.5633802816901409,1.0963442487078623
2025,401767177,11,Rhode Island,Elon,1,71,0.2325805829643278,0.5633802816901409,1.0963442487078623,38,-0.0728145943043666,0.3684210526315789,1.1447800035549134
2025,401767178,13,Elon,North Carolina A&T,1,51,0.044095482173921084,0.3333333333333333,1.7914042047411287,46,0.05561068632950874,0.30434782608695654,1.8243252258944271
2025,401767178,13,North Carolina A&T,Elon,1,46,0.05561068632950874,0.30434782608695654,1.8243252258944271,51,0.044095482173921084,0.3333333333333333,1.7914042047411287
2025,401767179,1,Hampton,Jackson State,1,70,0.1273425526947779,0.44285714285714284,1.2826049713858074,62,0.15136513438479998,0.41935483870967744,1.0487383233461742
2025,401767179,1,Jackson State,Hampton,1,62,0.15136513438479998,0.41935483870967744,1.0487383233461742,70,0.1273425526947779,0.44285714285714284,1.2826049713858074
2025,401767180,2,Elizabeth City State,Hampton,1,66,0.06012711146338847,0.4393939393939394,1.236358427775505,65,0.15910751135806805,0.47692307692307695,1.0316137860933776
2025,401767180,2,Hampton,Elizabeth City State,1,65,0.15910751135806805,0.47692307692307695,1.0316137860933776,66,0.06012711146338847,0.4393939393939394,1.236358427775505
2025,401767181,3,Hampton,North Carolina A&T,1,58,0.1089989434299671,0.3620689655172414,1.1112998938649208,62,0.0659489528071124,0.2903225806451613,1.3066747864967623
2025,401767181,3,North Carolina A&T,Hampton,1,62,0.0659489528071124,0.2903225806451613,1.3066747864967623,58,0.1089989434299671,0.3620689655172414,1.1112998938649208
2025,401767182,4,Hampton,Howard,1,45,-0.06960558484580374,0.26666666666666666,1.4583597705071,46,0.38817968511835976,0.6086956521739131,1.0904796658429494
2025,401767182,4,Howard,Hampton,1,46,0.38817968511835976,0.6086956521739131,1.0904796658429494,45,-0.06960558484580374,0.26666666666666666,1.4583597705071
2025,401767183,6,Hampton,Norfolk State,1,52,0.24639335132772494,0.5384615384615384,1.0169582918037319,46,0.4333191550869469,0.5652173913043478,1.372126396852453
2025,401767183,6,Norfolk State,Hampton,1,46,0.4333191550869469,0.5652173913043478,1.372126396852453,52,0.24639335132772494,0.5384615384615384,1.0169582918037319
2025,401767184,8,Hampton,Villanova,1,17,-0.7821467867459446,0.11764705882352941,1.1224258399701132,26,0.7027718725985687,0.5,1.891299496888531
2025,401767184,8,Villanova,Hampton,1,26,0.7027718725985687,0.5,1.891299496888531,17,-0.7821467867459446,0.11764705882352941,1.1224258399701132
2025,401767185,9,Hampton,Monmouth,1,116,0.043012470916208564,0.39655172413793105,1.294313895453778,115,-0.02639908389068919,0.5217391304347826,0.8691714129979796
2025,401767185,9,Monmouth,Hampton,1,115,-0.02639908389068919,0.5217391304347826,0.8691714129979796,116,0.043012470916208564,0.39655172413793105,1.294313895453778
2025,401767186,11,Hampton,Maine,1,35,0.13925573387503165,0.4,1.1218552998271814,58,0.3067613599896371,0.46551724137931033,1.2514504226144596
2025,401767186,11,Maine,Hampton,1,58,0.3067613599896371,0.46551724137931033,1.2514504226144596,35,0.13925573387503165,0.4,1.1218552998271814
2025,401767187,12,Hampton,William & Mary,1,39,0.3028366815111941,0.46153846153846156,1.140881352511544,41,0.4342999020643685,0.5121951219512195,1.6620788648094782
2025,401767187,12,William & Mary,Hampton,1,41,0.4342999020643685,0.5121951219512195,1.6620788648094782,39,0.3028366815111941,0.46153846153846156,1.140881352511544
2025,401767188,13,Hampton,Rhode Island,1,48,0.051696711924575936,0.3333333333333333,1.193320198862928,74,0.33693370105214165,0.44594594594594594,1.5486435338726392
2025,401767188,13,Rhode Island,Hampton,1,74,0.33693370105214165,0.44594594594594594,1.5486435338726392,48,0.051696711924575936,0.3333333333333333,1.193320198862928
2025,401767189,2,Maine,William & Mary,1,66,0.1841423645298977,0.42424242424242425,1.1822462386996129,60,0.10061504348122265,0.45,1.1381036930926296
2025,401767189,2,William & Mary,Maine,1,60,0.10061504348122265,0.45,1.1381036930926296,66,0.1841423645298977,0.42424242424242425,1.1822462386996129
2025,401767190,3,Maine,Stonehill,1,53,-0.09092924725603559,0.33962264150943394,1.0410301888446507,63,-0.16340178161888727,0.3492063492063492,1.1635008987696727
2025,401767190,3,Stonehill,Maine,1,63,-0.16340178161888727,0.3492063492063492,1.1635008987696727,53,-0.09092924725603559,0.33962264150943394,1.0410301888446507
2025,401767191,5,Maine,North Carolina A&T,1,53,0.2578554241650642,0.4716981132075472,1.29525372178077,50,0.1892532963570121,0.34,1.6525328695920025
2025,401767191,5,North Carolina A&T,Maine,1,50,0.1892532963570121,0.34,1.6525328695920025,53,0.2578554241650642,0.4716981132075472,1.29525372178077
2025,401767192,7,Maine,Merrimack,1,65,0.05294083028676461,0.4153846153846154,1.289854347570635,54,0.07714844984838533,0.3333333333333333,1.1506511657150478
2025,401767192,7,Merrimack,Maine,1,54,0.07714844984838533,0.3333333333333333,1.1506511657150478,65,0.05294083028676461,0.4153846153846154,1.289854347570635
2025,401767193,10,Maine,Stony Brook,1,74,-0.06331228851871765,0.3783783783783784,1.2729017845495705,83,-0.08105293574967437,0.3493975903614458,1.2992085978133607
2025,401767193,10,Stony Brook,Maine,1,83,-0.08105293574967437,0.3493975903614458,1.2992085978133607,74,-0.06331228851871765,0.3783783783783784,1.2729017845495705
2025,401767194,12,Maine,Rhode Island,1,48,-0.0008895816531784586,0.3958333333333333,1.179130281261627,46,0.6248635948153813,0.6086956521739131,1.3388651042842141
2025,401767194,12,Rhode Island,Maine,1,46,0.6248635948153813,0.6086956521739131,1.3388651042842141,48,-0.0008895816531784586,0.3958333333333333,1.179130281261627
2025,401767195,13,Maine,New Hampshire,1,51,0.117363780428114,0.4117647058823529,1.6136287100423115,72,-0.006816470019131474,0.3611111111111111,1.2931008682525449
2025,401767195,13,New Hampshire,Maine,1,72,-0.006816470019131474,0.3611111111111111,1.2931008682525449,51,0.117363780428114,0.4117647058823529,1.6136287100423115
2025,401767196,7,Eastern Illinois,Gardner-Webb,1,72,-0.11034409569316944,0.3333333333333333,1.3451200318262126,59,0.16417867379035522,0.4576271186440678,0.8600487286048171
2025,401767196,7,Gardner-Webb,Eastern Illinois,1,59,0.16417867379035522,0.4576271186440678,0.8600487286048171,72,-0.11034409569316944,0.3333333333333333,1.3451200318262126
2025,401767197,8,Eastern Illinois,Southeast Missouri State,1,40,-0.4477449459011811,0.275,1.1844468691254735,38,0.40446762675643083,0.39473684210526316,1.9266371632068475
2025,401767197,8,Southeast Missouri State,Eastern Illinois,1,38,0.40446762675643083,0.39473684210526316,1.9266371632068475,40,-0.4477449459011811,0.275,1.1844468691254735
2025,401767198,10,Eastern Illinois,UT Martin,1,49,0.0774887500869945,0.4489795918367347,1.2546314563655352,78,0.09436181142761471,0.5384615384615384,0.7244044788113441
2025,401767198,10,UT Martin,Eastern Illinois,1,78,0.09436181142761471,0.5384615384615384,0.7244044788113441,49,0.0774887500869945,0.4489795918367347,1.2546314563655352
2025,401767199,11,Eastern Illinois,Tennessee Tech,1,67,-0.1111274908487455,0.3880597014925373,1.287365828526998,60,0.17439501328916285,0.43333333333333335,1.2456171888922845
2025,401767199,11,Tennessee Tech,Eastern Illinois,1,60,0.17439501328916285,0.43333333333333335,1.2456171888922845,67,-0.1111274908487455,0.3880597014925373,1.287365828526998
2025,401767200,12,Eastern Illinois,Lindenwood,1,54,-0.024704725251222942,0.4074074074074074,0.7928630049842026,51,0.17375245954077959,0.49019607843137253,1.3730035254550523
2025,401767200,12,Lindenwood,Eastern Illinois,1,51,0.17375245954077959,0.49019607843137253,1.3730035254550523,54,-0.024704725251222942,0.4074074074074074,0.7928630049842026
2025,401767201,1,Gardner-Webb,Western Carolina,1,90,0.15677039700895282,0.35555555555555557,1.9376938613311743,78,0.18227298631053107,0.46153846153846156,1.3562212446836057
2025,401767201,1,Western Carolina,Gardner-Webb,1,78,0.18227298631053107,0.46153846153846156,1.3562212446836057,90,0.15677039700895282,0.35555555555555557,1.9376938613311743
2025,401767202,3,Gardner-Webb,The Citadel,1,57,0.23654815806572763,0.3684210526315789,1.4496688259520978,59,0.1274371465432154,0.3728813559322034,1.35527137987645
2025,401767202,3,The Citadel,Gardner-Webb,1,59,0.1274371465432154,0.3728813559322034,1.35527137987645,57,0.23654815806572763,0.3684210526315789,1.4496688259520978
2025,401767203,8,Gardner-Webb,UT Martin,1,42,-0.057846147958895824,0.3333333333333333,1.6636253519580448,59,0.2631420265353772,0.4406779661016949,1.2030503275293902
2025,401767203,8,UT Martin,Gardner-Webb,1,59,0.2631420265353772,0.4406779661016949,1.2030503275293902,42,-0.057846147958895824,0.3333333333333333,1.6636253519580448
2025,401767204,9,Gardner-Webb,Lindenwood,1,61,0.43268784430726637,0.6557377049180327,1.087401493723698,60,0.12098118517641919,0.48333333333333334,1.051221870731751
2025,401767204,9,Lindenwood,Gardner-Webb,1,60,0.12098118517641919,0.48333333333333334,1.051221870731751,61,0.43268784430726637,0.6557377049180327,1.087401493723698
2025,401767205,10,Gardner-Webb,Tennessee Tech,1,84,-0.020385613688829594,0.40476190476190477,0.9087158554286753,51,0.23397019254201884,0.3333333333333333,1.7218140350620028
2025,401767205,10,Tennessee Tech,Gardner-Webb,1,51,0.23397019254201884,0.3333333333333333,1.7218140350620028,84,-0.020385613688829594,0.40476190476190477,0.9087158554286753
2025,401767206,11,Gardner-Webb,Southeast Missouri State,1,73,0.07504651375144318,0.3013698630136986,1.8368400805488279,75,-0.0920479052232079,0.26666666666666666,1.8813266260830706
2025,401767206,11,Southeast Missouri State,Gardner-Webb,1,75,-0.0920479052232079,0.26666666666666666,1.8813266260830706,73,0.07504651375144318,0.3013698630136986,1.8368400805488279
2025,401767207,12,Gardner-Webb,Tennessee State,1,61,0.06076877691226998,0.36065573770491804,1.1329858440869807,65,-0.24460865437647802,0.3230769230769231,1.3631158096428184
2025,401767207,12,Tennessee State,Gardner-Webb,1,65,-0.24460865437647802,0.3230769230769231,1.3631158096428184,61,0.06076877691226998,0.36065573770491804,1.1329858440869807
2025,401767208,13,Gardner-Webb,Western Illinois,1,76,0.19259229628882077,0.3815789473684211,1.5388030138683007,72,0.1435203588134874,0.4027777777777778,1.1360135672789566
2025,401767208,13,Western Illinois,Gardner-Webb,1,72,0.1435203588134874,0.4027777777777778,1.1360135672789566,76,0.19259229628882077,0.3815789473684211,1.5388030138683007
2025,401767209,1,Lindenwood,St. Thomas (MN),1,67,0.17428963808655626,0.43283582089552236,1.1504704857674517,64,0.4225645109897693,0.453125,1.4861653395692254
2025,401767209,1,St. Thomas (MN),Lindenwood,1,64,0.4225645109897693,0.453125,1.4861653395692254,67,0.17428963808655626,0.43283582089552236,1.1504704857674517
2025,401767210,4,Lindenwood,Stony Brook,1,68,0.30598054576866424,0.39705882352941174,1.6369283775179542,71,0.18860228847202268,0.323943661971831,1.781438133425161
2025,401767210,4,Stony Brook,Lindenwood,1,71,0.18860228847202268,0.323943661971831,1.781438133425161,68,0.30598054576866424,0.39705882352941174,1.6369283775179542
2025,401767211,6,Lindenwood,UT Martin,1,55,0.46152188071580047,0.4,1.886106623047572,49,-0.05036490471548436,0.42857142857142855,0.7532468766576618
2025,401767211,6,UT Martin,Lindenwood,1,49,-0.05036490471548436,0.42857142857142855,0.7532468766576618,55,0.46152188071580047,0.4,1.886106623047572
2025,401767212,8,Lindenwood,Tennessee Tech,1,67,0.11706779390989304,0.34328358208955223,1.7265407006117177,66,0.41143620071086806,0.5303030303030303,1.306362571202818
2025,401767212,8,Tennessee Tech,Lindenwood,1,66,0.41143620071086806,0.5303030303030303,1.306362571202818,67,0.11706779390989304,0.34328358208955223,1.7265407006117177
2025,401767213,10,Lindenwood,Tennessee State,1,72,0.06620695242922002,0.4722222222222222,1.1404158294058315,49,-0.08566771694753156,0.30612244897959184,1.0085640140861916
2025,401767213,10,Tennessee State,Lindenwood,1,49,-0.08566771694753156,0.30612244897959184,1.0085640140861916,72,0.06620695242922002,0.4722222222222222,1.1404158294058315
2025,401767214,11,Lindenwood,Western Illinois,1,64,-0.05739864875546089,0.375,1.395804411596472,73,0.10292715355595222,0.3835616438356164,1.2049324682009854
2025,401767214,11,Western Illinois,Lindenwood,1,73,0.10292715355595222,0.3835616438356164,1.2049324682009854,64,-0.05739864875546089,0.375,1.395804411596472
2025,401767215,13,Lindenwood,Southeast Missouri State,1,63,0.04591770039379602,0.36507936507936506,1.2155629666317567,59,-0.07030814586265224,0.288135593220339,1.2489528479429046
2025,401767215,13,Southeast Missouri State,Lindenwood,1,59,-0.07030814586265224,0.288135593220339,1.2489528479429046,63,0.04591770039379602,0.36507936507936506,1.2155629666317567
2025,401767216,2,North Alabama,Southeast Missouri State,1,126,-0.0652675320579839,0.35714285714285715,1.2785453719962467,132,0.057541898280837354,0.3560606060606061,1.2093075649593705
2025,401767216,2,Southeast Missouri State,North Alabama,1,132,0.057541898280837354,0.3560606060606061,1.2093075649593705,126,-0.0652675320579839,0.35714285714285715,1.2785453719962467
2025,401767217,3,North Dakota State,Southeast Missouri State,1,52,0.6465387310379489,0.46153846153846156,2.116828064478049,46,0.14363809968389518,0.2826086956521739,1.6133404693299513
2025,401767217,3,Southeast Missouri State,North Dakota State,1,46,0.14363809968389518,0.2826086956521739,1.6133404693299513,52,0.6465387310379489,0.46153846153846156,2.116828064478049
2025,401767218,4,Southeast Missouri State,Southern Illinois,1,68,0.18664761818821476,0.5882352941176471,0.8501501711260869,46,0.8474718737930022,0.5434782608695652,1.9102490801048166
2025,401767218,4,Southern Illinois,Southeast Missouri State,1,46,0.8474718737930022,0.5434782608695652,1.9102490801048166,68,0.18664761818821476,0.5882352941176471,0.8501501711260869
2025,401767219,5,Southeast Missouri State,UT Martin,1,57,-0.2740653200904388,0.3333333333333333,1.2229541932891164,67,0.2971059982469848,0.44776119402985076,1.3299398459692888
2025,401767219,5,UT Martin,Southeast Missouri State,1,67,0.2971059982469848,0.44776119402985076,1.3299398459692888,57,-0.2740653200904388,0.3333333333333333,1.2229541932891164
2025,401767220,7,Southeast Missouri State,Tennessee State,1,75,0.18248025887457298,0.4266666666666667,1.5633155994777765,69,-0.276574779007758,0.2463768115942029,1.799164004627679
2025,401767220,7,Tennessee State,Southeast Missouri State,1,69,-0.276574779007758,0.2463768115942029,1.799164004627679,75,0.18248025887457298,0.4266666666666667,1.5633155994777765
2025,401767221,9,Southeast Missouri State,Tennessee Tech,1,84,-0.11953260303057947,0.38095238095238093,1.2088475347372163,65,0.17848750928287416,0.36923076923076925,1.2769260193922256
2025,401767221,9,Tennessee Tech,Southeast Missouri State,1,65,0.17848750928287416,0.36923076923076925,1.2769260193922256,84,-0.11953260303057947,0.38095238095238093,1.2088475347372163
2025,401767222,12,Southeast Missouri State,Western Illinois,1,73,0.10778771096102138,0.3698630136986301,1.3927347070773826,80,-0.18675535763653398,0.3375,1.333582075115954
2025,401767222,12,Western Illinois,Southeast Missouri State,1,80,-0.18675535763653398,0.3375,1.333582075115954,73,0.10778771096102138,0.3698630136986301,1.3927347070773826
2025,401767223,1,North Carolina A&T,Tennessee State,1,65,0.1831341952063469,0.35384615384615387,1.6159369895221098,50,-0.10142613930878527,0.3,1.6471663788233575
2025,401767223,1,Tennessee State,North Carolina A&T,1,50,-0.10142613930878527,0.3,1.6471663788233575,65,0.1831341952063469,0.35384615384615387,1.6159369895221098
2025,401767224,2,North Dakota State,Tennessee State,1,67,0.43812245675449113,0.6417910447761194,0.8519228235090245,34,-0.33905025117678345,0.11764705882352941,1.02204959568135
2025,401767224,2,Tennessee State,North Dakota State,1,34,-0.33905025117678345,0.11764705882352941,1.02204959568135,67,0.43812245675449113,0.6417910447761194,0.8519228235090245
2025,401767225,3,Alabama A&M,Tennessee State,1,63,0.26244703890865667,0.42857142857142855,1.229455412105501,67,0.11314482875729652,0.373134328358209,1.6067308063138805
2025,401767225,3,Tennessee State,Alabama A&M,1,67,0.11314482875729652,0.373134328358209,1.6067308063138805,63,0.26244703890865667,0.42857142857142855,1.229455412105501
2025,401767226,5,Tennessee State,Tennessee Tech,1,48,-0.502864688730658,0.2708333333333333,1.1831146968705621,42,0.19473001633001058,0.40476190476190477,1.7784956524337199
2025,401767226,5,Tennessee Tech,Tennessee State,1,42,0.19473001633001058,0.40476190476190477,1.7784956524337199,48,-0.502864688730658,0.2708333333333333,1.1831146968705621
2025,401767227,8,Howard,Tennessee State,1,62,-0.2763945008472228,0.27419354838709675,1.3136105126808755,51,0.06057652240046736,0.2549019607843137,1.9128642020026152
2025,401767227,8,Tennessee State,Howard,1,51,0.06057652240046736,0.2549019607843137,1.9128642020026152,62,-0.2763945008472228,0.27419354838709675,1.3136105126808755
2025,401767228,9,Tennessee State,Western Illinois,1,80,-0.045729798074629784,0.375,1.3464237349898482,52,-0.20745092492173925,0.25,1.2862956572999493
2025,401767228,9,Western Illinois,Tennessee State,1,52,-0.20745092492173925,0.25,1.2862956572999493,80,-0.045729798074629784,0.375,1.3464237349898482
2025,401767229,11,Tennessee State,UT Martin,1,47,-0.29631152469887495,0.2978723404255319,0.7797769334152913,68,0.061888813013149774,0.39705882352941174,1.2226267124581285
2025,401767229,11,UT Martin,Tennessee State,1,68,0.061888813013149774,0.39705882352941174,1.2226267124581285,47,-0.29631152469887495,0.2978723404255319,0.7797769334152913
2025,401767230,1,Cumberland (TN),Tennessee Tech,1,31,-0.442137348978559,0.12903225806451613,1.3546575213268246,21,1.02786284017484,0.8095238095238095,1.3918231041397937
2025,401767230,1,Tennessee Tech,Cumberland (TN),1,21,1.02786284017484,0.8095238095238095,1.3918231041397937,31,-0.442137348978559,0.12903225806451613,1.3546575213268246
2025,401767232,3,Davidson,Tennessee Tech,1,33,-0.0594872513752537,0.3939393939393939,1.3736025710147273,43,0.4773630254443361,0.627906976744186,1.1044072299833547
2025,401767232,3,Tennessee Tech,Davidson,1,43,0.4773630254443361,0.627906976744186,1.1044072299833547,33,-0.0594872513752537,0.3939393939393939,1.3736025710147273
2025,401767233,6,Tennessee Tech,Western Illinois,1,56,0.6147161621198979,0.5,1.802771805489313,42,0.04404199662362743,0.3333333333333333,1.549811242970998
2025,401767233,6,Western Illinois,Tennessee Tech,1,42,0.04404199662362743,0.3333333333333333,1.549811242970998,56,0.6147161621198979,0.5,1.802771805489313
2025,401767234,13,Tennessee Tech,UT Martin,1,65,0.1486668467711138,0.4461538461538462,0.9735471108340972,69,0.04284237683946707,0.37681159420289856,1.2783694018020078
2025,401767234,13,UT Martin,Tennessee Tech,1,69,0.04284237683946707,0.37681159420289856,1.2783694018020078,65,0.1486668467711138,0.4461538461538462,0.9735471108340972
2025,401767235,3,Southern Illinois,UT Martin,1,57,0.3446521288461647,0.5087719298245614,1.241283533467968,55,-0.1630712492880549,0.32727272727272727,1.215263673629011
2025,401767235,3,UT Martin,Southern Illinois,1,55,-0.1630712492880549,0.32727272727272727,1.215263673629011,57,0.3446521288461647,0.5087719298245614,1.241283533467968
2025,401767236,7,UT Martin,Western Illinois,1,69,0.2519210524421109,0.5072463768115942,1.1209427836175418,51,0.40922245860505135,0.5294117647058824,1.235967050793053
2025,401767236,7,Western Illinois,UT Martin,1,51,0.40922245860505135,0.5294117647058824,1.235967050793053,69,0.2519210524421109,0.5072463768115942,1.1209427836175418
2025,401767238,2,Abilene Christian,Stephen F. Austin,1,75,0.0436875040204228,0.41333333333333333,1.0863325381015363,73,-0.010137328647116643,0.3698630136986301,1.0410377940528144
2025,401767238,2,Stephen F. Austin,Abilene Christian,1,73,-0.010137328647116643,0.3698630136986301,1.0410377940528144,75,0.0436875040204228,0.41333333333333333,1.0863325381015363
2025,401767239,4,Abilene Christian,Austin Peay,1,70,0.2603006287107097,0.5142857142857142,1.1741052885580836,72,0.1935366931107687,0.4444444444444444,1.2521086867330107
2025,401767239,4,Austin Peay,Abilene Christian,1,72,0.1935366931107687,0.4444444444444444,1.2521086867330107,70,0.2603006287107097,0.5142857142857142,1.1741052885580836
2025,401767240,5,Abilene Christian,Incarnate Word,1,41,-0.021465701562549577,0.4634146341463415,1.1038640175623855,74,0.19673378446474507,0.5405405405405406,0.8572303411991097
2025,401767240,5,Incarnate Word,Abilene Christian,1,74,0.19673378446474507,0.5405405405405406,0.8572303411991097,41,-0.021465701562549577,0.4634146341463415,1.1038640175623855
2025,401767241,6,Abilene Christian,North Alabama,1,64,0.36926874539744275,0.53125,1.2673471995306285,35,0.11420103074127586,0.45714285714285713,1.1435647948026442
2025,401767241,6,North Alabama,Abilene Christian,1,35,0.11420103074127586,0.45714285714285713,1.1435647948026442,64,0.36926874539744275,0.53125,1.2673471995306285
2025,401767242,7,Abilene Christian,West Georgia,1,78,0.058103709673659146,0.3333333333333333,1.3393988684444738,62,0.19440158571052785,0.3709677419354839,1.774176788762878
2025,401767242,7,West Georgia,Abilene Christian,1,62,0.19440158571052785,0.3709677419354839,1.774176788762878,78,0.058103709673659146,0.3333333333333333,1.3393988684444738
2025,401767243,8,Abilene Christian,Southern Utah,1,59,0.09626367112427232,0.5423728813559322,1.1621175449819048,55,0.09543392770188464,0.4,1.2258091197122427
2025,401767243,8,Southern Utah,Abilene Christian,1,55,0.09543392770188464,0.4,1.2258091197122427,59,0.09626367112427232,0.5423728813559322,1.1621175449819048
2025,401767244,10,Abilene Christian,Tarleton State,1,58,0.27487915341377317,0.39655172413793105,1.4806857826928383,85,-0.019474837658208847,0.35294117647058826,1.4842745657258138
2025,401767244,10,Tarleton State,Abilene Christian,1,85,-0.019474837658208847,0.35294117647058826,1.4842745657258138,58,0.27487915341377317,0.39655172413793105,1.4806857826928383
2025,401767245,11,Abilene Christian,Utah Tech,1,72,0.13181094316960187,0.4027777777777778,1.1039907812292056,63,-0.41596624205503896,0.36507936507936506,0.8906862358702831
2025,401767245,11,Utah Tech,Abilene Christian,1,63,-0.41596624205503896,0.36507936507936506,0.8906862358702831,72,0.13181094316960187,0.4027777777777778,1.1039907812292056
2025,401767246,12,Abilene Christian,Eastern Kentucky,1,85,-0.0035862254213821594,0.3411764705882353,1.1727591179352288,50,-0.13257513867469797,0.3,1.1881352620601104
2025,401767246,12,Eastern Kentucky,Abilene Christian,1,50,-0.13257513867469797,0.3,1.1881352620601104,85,-0.0035862254213821594,0.3411764705882353,1.1727591179352288
2025,401767247,13,Abilene Christian,Central Arkansas,1,74,0.1746344310192201,0.581081081081081,0.8607730638564977,60,0.0372102335833866,0.38333333333333336,1.7332128969840175
2025,401767247,13,Central Arkansas,Abilene Christian,1,60,0.0372102335833866,0.38333333333333336,1.7332128969840175,74,0.1746344310192201,0.581081081081081,0.8607730638564977
2025,401767248,3,Austin Peay,Morehead State,1,37,1.0685140935555582,0.6486486486486487,1.958221771433922,29,-0.18317952296057274,0.2413793103448276,1.176310632876166
2025,401767248,3,Morehead State,Austin Peay,1,29,-0.18317952296057274,0.2413793103448276,1.176310632876166,37,1.0685140935555582,0.6486486486486487,1.958221771433922
2025,401767249,5,Austin Peay,Utah Tech,1,49,0.6319927059569523,0.5306122448979592,1.6153324600139243,40,0.04608310701153239,0.45,0.700861278692633
2025,401767249,5,Utah Tech,Austin Peay,1,40,0.04608310701153239,0.45,0.700861278692633,49,0.6319927059569523,0.5306122448979592,1.6153324600139243
2025,401767250,6,Austin Peay,West Georgia,1,64,0.28471453340626734,0.390625,1.7143719673717719,66,0.058426204580049386,0.36363636363636365,1.4828046302539923
2025,401767250,6,West Georgia,Austin Peay,1,66,0.058426204580049386,0.36363636363636365,1.4828046302539923,64,0.28471453340626734,0.390625,1.7143719673717719
2025,401767251,7,Austin Peay,Eastern Kentucky,1,72,0.07849283812633623,0.3888888888888889,1.4996780913380383,52,0.2883484459238178,0.4807692307692308,1.2614304486547023
2025,401767251,7,Eastern Kentucky,Austin Peay,1,52,0.2883484459238178,0.4807692307692308,1.2614304486547023,72,0.07849283812633623,0.3888888888888889,1.4996780913380383
2025,401767252,9,Austin Peay,North Alabama,1,58,0.6507797520259248,0.4827586206896552,1.9153701787880542,85,-0.1018815567820576,0.36470588235294116,1.362700965929613
2025,401767252,9,North Alabama,Austin Peay,1,85,-0.1018815567820576,0.36470588235294116,1.362700965929613,58,0.6507797520259248,0.4827586206896552,1.9153701787880542
2025,401767253,10,Austin Peay,Southern Utah,1,63,-0.02326759351325205,0.5079365079365079,0.819886985962704,79,0.12755799859719855,0.46835443037974683,1.1044630057301075
2025,401767253,10,Southern Utah,Austin Peay,1,79,0.12755799859719855,0.46835443037974683,1.1044630057301075,63,-0.02326759351325205,0.5079365079365079,0.819886985962704
2025,401767254,11,Austin Peay,Central Arkansas,1,85,0.20303151255073743,0.4470588235294118,1.257932598855753,65,-0.01732779421167844,0.49230769230769234,0.6182874244253086
2025,401767254,11,Central Arkansas,Austin Peay,1,65,-0.01732779421167844,0.49230769230769234,0.6182874244253086,85,0.20303151255073743,0.4470588235294118,1.257932598855753
2025,401767255,12,Austin Peay,Samford,1,55,0.0551537570383088,0.43636363636363634,1.0276282421008744,69,-0.1222015852658737,0.42028985507246375,1.061586437288315
2025,401767255,12,Samford,Austin Peay,1,69,-0.1222015852658737,0.42028985507246375,1.061586437288315,55,0.0551537570383088,0.43636363636363634,1.0276282421008744
2025,401767256,1,Colgate,Monmouth,1,79,0.2941698013102524,0.4050632911392405,1.6374775912307908,73,0.340351982820872,0.589041095890411,1.4014236938150775
2025,401767256,1,Monmouth,Colgate,1,73,0.340351982820872,0.589041095890411,1.4014236938150775,79,0.2941698013102524,0.4050632911392405,1.6374775912307908
2025,401767257,2,Fordham,Monmouth,1,139,-0.11987904061522882,0.3381294964028777,1.1762732374956848,150,0.18889838265980388,0.43333333333333335,1.2061947306181684
2025,401767257,2,Monmouth,Fordham,1,150,0.18889838265980388,0.43333333333333335,1.2061947306181684,139,-0.11987904061522882,0.3381294964028777,1.1762732374956848
2025,401767258,4,Monmouth,Villanova,1,65,0.5828191975434004,0.5692307692307692,1.5230226300270255,57,0.3358106463811147,0.5789473684210527,1.0308086571826385
2025,401767258,4,Villanova,Monmouth,1,57,0.3358106463811147,0.5789473684210527,1.0308086571826385,65,0.5828191975434004,0.5692307692307692,1.5230226300270255
2025,401767259,6,Delaware State,Monmouth,1,65,0.4047879087110347,0.49230769230769234,1.2470449703101278,79,0.5360537319341925,0.569620253164557,1.4536521425121298
2025,401767259,6,Monmouth,Delaware State,1,79,0.5360537319341925,0.569620253164557,1.4536521425121298,65,0.4047879087110347,0.49230769230769234,1.2470449703101278
2025,401767260,7,Monmouth,Towson,1,72,0.4671397828403453,0.6527777777777778,0.9463734826149705,65,0.20641626548295247,0.5538461538461539,0.9809181370624476
2025,401767260,7,Towson,Monmouth,1,65,0.20641626548295247,0.5538461538461539,0.9809181370624476,72,0.4671397828403453,0.6527777777777778,0.9463734826149705
2025,401767261,8,Monmouth,Stony Brook,1,64,0.3264860035100782,0.421875,1.6656567028230735,75,-0.14670308650820757,0.4533333333333333,1.0294903962553454
2025,401767261,8,Stony Brook,Monmouth,1,75,-0.14670308650820757,0.4533333333333333,1.0294903962553454,64,0.3264860035100782,0.421875,1.6656567028230735
2025,401767262,11,Monmouth,New Hampshire,1,61,-0.016003637622055252,0.39344262295081966,1.406599619091138,72,0.13408887159195967,0.4166666666666667,1.3156078212097215
2025,401767262,11,New Hampshire,Monmouth,1,72,0.13408887159195967,0.4166666666666667,1.3156078212097215,61,-0.016003637622055252,0.39344262295081966,1.406599619091138
2025,401767263,12,Monmouth,North Carolina A&T,1,38,0.7404092243981928,0.5526315789473685,1.6742115364067784,42,0.1503937026725593,0.35714285714285715,1.4098572206058306
2025,401767263,12,North Carolina A&T,Monmouth,1,42,0.1503937026725593,0.35714285714285715,1.4098572206058306,38,0.7404092243981928,0.5526315789473685,1.6742115364067784
2025,401767264,13,Monmouth,UAlbany,1,68,-0.006087716016143782,0.4264705882352941,1.013340143687632,76,-0.03975440134605566,0.3815789473684211,0.995087400421394
2025,401767264,13,UAlbany,Monmouth,1,76,-0.03975440134605566,0.3815789473684211,0.995087400421394,68,-0.006087716016143782,0.4264705882352941,1.013340143687632
2025,401767265,1,New Hampshire,North Carolina Central,1,63,0.10370761873726007,0.2857142857142857,1.8388333181621583,61,-0.1966313684709874,0.3114754098360656,1.132190601419897
2025,401767265,1,North Carolina Central,New Hampshire,1,61,-0.1966313684709874,0.3114754098360656,1.132190601419897,63,0.10370761873726007,0.2857142857142857,1.8388333181621583
2025,401767266,2,Holy Cross,New Hampshire,1,109,-0.03316621534449818,0.4036697247706422,1.0165222988433882,102,0.008695522468530293,0.3627450980392157,1.2984280936931276
2025,401767266,2,New Hampshire,Holy Cross,1,102,0.008695522468530293,0.3627450980392157,1.2984280936931276,109,-0.03316621534449818,0.4036697247706422,1.0165222988433882
2025,401767267,4,Dartmouth,New Hampshire,1,63,0.31196663453497636,0.5238095238095238,1.2496591996504123,65,0.05837491886474286,0.35384615384615387,1.5557380769047824
2025,401767267,4,New Hampshire,Dartmouth,1,65,0.05837491886474286,0.35384615384615387,1.5557380769047824,63,0.31196663453497636,0.5238095238095238,1.2496591996504123
2025,401767268,5,New Hampshire,UAlbany,1,64,0.12358402643898546,0.46875,1.0311303779466072,57,-0.22193825694393796,0.2807017543859649,1.4666731417716452
2025,401767268,5,UAlbany,New Hampshire,1,57,-0.22193825694393796,0.2807017543859649,1.4666731417716452,64,0.12358402643898546,0.46875,1.0311303779466072
2025,401767269,6,New Hampshire,Villanova,1,36,0.10796046735884893,0.4166666666666667,1.2466113822502582,56,0.33590306063665637,0.5535714285714286,1.1680613675317384
2025,401767269,6,Villanova,New Hampshire,1,56,0.33590306063665637,0.5535714285714286,1.1680613675317384,36,0.10796046735884893,0.4166666666666667,1.2466113822502582
2025,401767270,7,New Hampshire,Rhode Island,1,66,0.20551386965630736,0.42424242424242425,1.118823032517103,64,0.28556166948719813,0.46875,1.279104658356368
2025,401767270,7,Rhode Island,New Hampshire,1,64,0.28556166948719813,0.46875,1.279104658356368,66,0.20551386965630736,0.42424242424242425,1.118823032517103
2025,401767271,9,New Hampshire,William & Mary,1,63,0.4943991926677486,0.5079365079365079,1.4504063844489652,61,0.20110850063923152,0.45901639344262296,1.2616906448631198
2025,401767271,9,William & Mary,New Hampshire,1,61,0.20110850063923152,0.45901639344262296,1.2616906448631198,63,0.4943991926677486,0.5079365079365079,1.4504063844489652
2025,401767272,4,North Carolina A&T,North Carolina Central,1,36,-0.03212715254348169,0.3333333333333333,1.685574099853923,54,0.5636488045402404,0.5740740740740741,1.5675412987473427
2025,401767272,4,North Carolina Central,North Carolina A&T,1,54,0.5636488045402404,0.5740740740740741,1.5675412987473427,36,-0.03212715254348169,0.3333333333333333,1.685574099853923
2025,401767273,6,North Carolina A&T,William & Mary,1,79,0.0504456247907947,0.43037974683544306,1.125012142688216,48,0.2074565838625928,0.3958333333333333,1.6277409802214027
2025,401767273,6,William & Mary,North Carolina A&T,1,48,0.2074565838625928,0.3958333333333333,1.6277409802214027,79,0.0504456247907947,0.43037974683544306,1.125012142688216
2025,401767274,7,North Carolina A&T,South Carolina State,1,69,-0.15277043728215686,0.2898550724637681,1.2781787678619898,63,0.10076327430593776,0.4126984126984127,1.24033564469583
2025,401767274,7,South Carolina State,North Carolina A&T,1,63,0.10076327430593776,0.4126984126984127,1.24033564469583,69,-0.15277043728215686,0.2898550724637681,1.2781787678619898
2025,401767275,10,North Carolina A&T,Towson,1,35,-0.4889807159370115,0.22857142857142856,1.1721067067849793,22,1.189765671798727,0.6363636363636364,2.048777707511796
2025,401767275,10,Towson,North Carolina A&T,1,22,1.189765671798727,0.6363636363636364,2.048777707511796,35,-0.4889807159370115,0.22857142857142856,1.1721067067849793
2025,401767276,13,Austin Peay,Tarleton State,1,77,0.177430996316732,0.4935064935064935,1.2920016365178426,80,0.30464001432959265,0.4625,1.5211645595746872
2025,401767276,13,Tarleton State,Austin Peay,1,80,0.30464001432959265,0.4625,1.5211645595746872,77,0.177430996316732,0.4935064935064935,1.2920016365178426
2025,401767277,2,Eastern Kentucky,Houston Christian,1,115,-0.11586749359836994,0.28695652173913044,0.7027649901093272,151,-0.057891807687118275,0.2847682119205298,1.2304189410790631
2025,401767277,2,Houston Christian,Eastern Kentucky,1,151,-0.057891807687118275,0.2847682119205298,1.2304189410790631,115,-0.11586749359836994,0.28695652173913044,0.7027649901093272
2025,401767278,4,Eastern Kentucky,West Georgia,1,70,-0.18003024072648088,0.34285714285714286,1.4403287588674614,57,-0.01447782439899788,0.3508771929824561,1.2061869484964947
2025,401767278,4,West Georgia,Eastern Kentucky,1,57,-0.01447782439899788,0.3508771929824561,1.2061869484964947,70,-0.18003024072648088,0.34285714285714286,1.4403287588674614
2025,401767279,5,Eastern Kentucky,Nicholls,1,57,0.12858619562095888,0.3684210526315789,1.0840889338671522,61,-0.3006352193689006,0.3114754098360656,1.2395688703446022
2025,401767279,5,Nicholls,Eastern Kentucky,1,61,-0.3006352193689006,0.3114754098360656,1.2395688703446022,57,0.12858619562095888,0.3684210526315789,1.0840889338671522
2025,401767280,8,Eastern Kentucky,North Alabama,1,52,0.0630677918154419,0.40384615384615385,1.0635740619192666,70,0.25864303534115435,0.5285714285714286,1.089290342089123
2025,401767280,8,North Alabama,Eastern Kentucky,1,70,0.25864303534115435,0.5285714285714286,1.089290342089123,52,0.0630677918154419,0.40384615384615385,1.0635740619192666
2025,401767281,9,Eastern Kentucky,Tarleton State,1,35,-0.06523374239843636,0.37142857142857144,0.8337537050991921,61,0.23296043008947684,0.5409836065573771,1.111777255316023
2025,401767281,9,Tarleton State,Eastern Kentucky,1,61,0.23296043008947684,0.5409836065573771,1.111777255316023,35,-0.06523374239843636,0.37142857142857144,0.8337537050991921
2025,401767282,10,Central Arkansas,Eastern Kentucky,1,57,-0.14874787016482405,0.42105263157894735,0.8760510676244879,80,0.2910972756681834,0.5125,1.1793798536049374
2025,401767282,10,Eastern Kentucky,Central Arkansas,1,80,0.2910972756681834,0.5125,1.1793798536049374,57,-0.14874787016482405,0.42105263157894735,0.8760510676244879
2025,401767283,11,Eastern Kentucky,Southern Utah,1,41,0.03479525425583307,0.3902439024390244,0.9725163074739678,75,0.4355300659208503,0.49333333333333335,1.4426246857607075
2025,401767283,11,Southern Utah,Eastern Kentucky,1,75,0.4355300659208503,0.49333333333333335,1.4426246857607075,41,0.03479525425583307,0.3902439024390244,0.9725163074739678
2025,401767284,13,Eastern Kentucky,Utah Tech,1,69,0.17442785298084498,0.391304347826087,1.1432210492580719,55,-0.27263770584225155,0.3090909090909091,0.9533797226217309
2025,401767284,13,Utah Tech,Eastern Kentucky,1,55,-0.27263770584225155,0.3090909090909091,0.9533797226217309,69,0.17442785298084498,0.391304347826087,1.1432210492580719
2025,401767285,3,North Alabama,Northeastern State,1,45,0.4849538807899934,0.5333333333333333,1.1895530788901378,30,0.18255248608734714,0.23333333333333334,2.9737884923586684
2025,401767285,3,Northeastern State,North Alabama,1,30,0.18255248608734714,0.23333333333333334,2.9737884923586684,45,0.4849538807899934,0.5333333333333333,1.1895530788901378
2025,401767286,4,Illinois State,North Alabama,1,73,0.21256356614449587,0.410958904109589,1.2795798527507447,75,0.1885471696502827,0.44,1.2238456176992254
2025,401767286,4,North Alabama,Illinois State,1,75,0.1885471696502827,0.44,1.2238456176992254,73,0.21256356614449587,0.410958904109589,1.2795798527507447
2025,401767287,7,Central Arkansas,North Alabama,1,54,0.33072591823508674,0.4074074074074074,1.7785597139397433,55,-0.0802576271942286,0.34545454545454546,1.6178049715653142
2025,401767287,7,North Alabama,Central Arkansas,1,55,-0.0802576271942286,0.34545454545454546,1.6178049715653142,54,0.33072591823508674,0.4074074074074074,1.7785597139397433
2025,401767288,10,North Alabama,Utah Tech,1,85,0.07339172801342497,0.4,1.2508028071086184,73,0.1991736110256627,0.410958904109589,1.378606198128059
2025,401767288,10,Utah Tech,North Alabama,1,73,0.1991736110256627,0.410958904109589,1.378606198128059,85,0.07339172801342497,0.4,1.2508028071086184
2025,401767289,11,North Alabama,West Georgia,1,58,-0.08932987260491415,0.3103448275862069,1.223158408922429,72,0.14609104480725335,0.4027777777777778,1.2912375630419402
2025,401767289,11,West Georgia,North Alabama,1,72,0.14609104480725335,0.4027777777777778,1.2912375630419402,58,-0.08932987260491415,0.3103448275862069,1.223158408922429
2025,401767290,12,North Alabama,Tarleton State,1,40,-0.45420847022534117,0.175,0.8522887382098424,28,0.505767392146865,0.4642857142857143,2.11888981652834
2025,401767290,12,Tarleton State,North Alabama,1,28,0.505767392146865,0.4642857142857143,2.11888981652834,40,-0.45420847022534117,0.175,0.8522887382098424
2025,401767291,13,North Alabama,Southern Utah,1,80,0.17541855898691247,0.4,1.2777442019611003,69,0.17891480731181486,0.463768115942029,1.2322406565912898
2025,401767291,13,Southern Utah,North Alabama,1,69,0.17891480731181486,0.463768115942029,1.2322406565912898,80,0.17541855898691247,0.4,1.2777442019611003
2025,401767292,2,San Diego,Southern Utah,1,63,0.19912526306565692,0.3968253968253968,1.3225066736959512,61,0.20887598437471888,0.47540983606557374,1.3739135210800921
2025,401767292,2,Southern Utah,San Diego,1,61,0.20887598437471888,0.47540983606557374,1.3739135210800921,63,0.19912526306565692,0.3968253968253968,1.3225066736959512
2025,401767293,5,Southern Utah,West Georgia,1,56,0.10661482082014286,0.4107142857142857,1.2554386228471834,69,0.22714655643285345,0.37681159420289856,1.4123640394795123
2025,401767293,5,West Georgia,Southern Utah,1,69,0.22714655643285345,0.37681159420289856,1.4123640394795123,56,0.10661482082014286,0.4107142857142857,1.2554386228471834
2025,401767294,6,Southern Utah,Tarleton State,1,52,0.5591698757756552,0.5,1.8160782111935354,72,0.5862990491921463,0.5833333333333334,1.4022636064466933
2025,401767294,6,Tarleton State,Southern Utah,1,72,0.5862990491921463,0.5833333333333334,1.4022636064466933,52,0.5591698757756552,0.5,1.8160782111935354
2025,401767295,9,Southern Utah,Utah Tech,1,58,0.3111726246805707,0.5172413793103449,1.1137539621135346,69,-0.07149697683581072,0.34782608695652173,1.1809934308956702
2025,401767295,9,Utah Tech,Southern Utah,1,69,-0.07149697683581072,0.34782608695652173,1.1809934308956702,58,0.3111726246805707,0.5172413793103449,1.1137539621135346
2025,401767296,12,Central Arkansas,Southern Utah,1,63,-0.0007186939664756515,0.4126984126984127,1.3044393746468605,79,0.18530848177816378,0.5063291139240507,1.1066346428219707
2025,401767296,12,Southern Utah,Central Arkansas,1,79,0.18530848177816378,0.5063291139240507,1.1066346428219707,63,-0.0007186939664756515,0.4126984126984127,1.3044393746468605
2025,401767298,1,Samford,West Georgia,1,45,-0.3269761482430046,0.3111111111111111,1.0664439785000117,59,0.11472056557965525,0.423728813559322,1.2367203596463239
2025,401767298,1,West Georgia,Samford,1,59,0.11472056557965525,0.423728813559322,1.2367203596463239,45,-0.3269761482430046,0.3111111111111111,1.0664439785000117
2025,401767300,3,East Tennessee State,West Georgia,1,61,0.0011378334687339989,0.3442622950819672,1.4001014194164645,85,0.18310634523840247,0.4235294117647059,1.5167453772566182
2025,401767300,3,West Georgia,East Tennessee State,1,85,0.18310634523840247,0.4235294117647059,1.5167453772566182,61,0.0011378334687339989,0.3442622950819672,1.4001014194164645
2025,401767301,8,Tarleton State,West Georgia,1,49,0.34619739941183864,0.5306122448979592,1.2970591757113699,51,-0.14846191640531348,0.43137254901960786,0.9212275212341304
2025,401767301,8,West Georgia,Tarleton State,1,51,-0.14846191640531348,0.43137254901960786,0.9212275212341304,49,0.34619739941183864,0.5306122448979592,1.2970591757113699
2025,401767302,9,Central Arkansas,West Georgia,1,73,-0.011129573560660402,0.5205479452054794,0.8563623970281161,68,0.05951592052910187,0.4264705882352941,1.095282210366583
2025,401767302,9,West Georgia,Central Arkansas,1,68,0.05951592052910187,0.4264705882352941,1.095282210366583,73,-0.011129573560660402,0.5205479452054794,0.8563623970281161
2025,401767303,12,Utah Tech,West Georgia,1,48,-0.12270596382031927,0.3541666666666667,0.72034250339103,60,0.14128816741096906,0.38333333333333336,1.1794082912501314
2025,401767303,12,West Georgia,Utah Tech,1,60,0.14128816741096906,0.38333333333333336,1.1794082912501314,48,-0.12270596382031927,0.3541666666666667,0.72034250339103
2025,401767304,2,Mississippi Valley State,Tarleton State,1,39,-0.0992904082825664,0.28205128205128205,1.1949335935539833,35,0.5840959432350221,0.5142857142857142,1.658456663960525
2025,401767304,2,Tarleton State,Mississippi Valley State,1,35,0.5840959432350221,0.5142857142857142,1.658456663960525,39,-0.0992904082825664,0.28205128205128205,1.1949335935539833
2025,401767305,3,Central Arkansas,Tarleton State,1,24,-0.5077621079909531,0.375,1.4256290937842961,41,0.5256480960585534,0.5121951219512195,1.5430491638150354
2025,401767305,3,Tarleton State,Central Arkansas,1,41,0.5256480960585534,0.5121951219512195,1.5430491638150354,24,-0.5077621079909531,0.375,1.4256290937842961
2025,401767306,4,Chattanooga,Tarleton State,1,45,0.14835690044305452,0.3333333333333333,1.9830197926414401,61,0.5024504802670837,0.4918032786885246,1.6707825272789163
2025,401767306,4,Tarleton State,Chattanooga,1,61,0.5024504802670837,0.4918032786885246,1.6707825272789163,45,0.14835690044305452,0.3333333333333333,1.9830197926414401
2025,401767307,7,Tarleton State,Utah Tech,1,77,0.23746047539969312,0.5454545454545454,1.0395447242065257,70,0.1883593589350648,0.4714285714285714,0.9902382751980016
2025,401767307,7,Utah Tech,Tarleton State,1,70,0.1883593589350648,0.4714285714285714,0.9902382751980016,77,0.23746047539969312,0.5454545454545454,1.0395447242065257
2025,401767308,4,Northern Iowa,Utah Tech,1,59,-0.12701314221071652,0.288135593220339,1.1581954287914689,78,0.11740257858397284,0.3974358974358974,1.1741579823009094
2025,401767308,4,Utah Tech,Northern Iowa,1,78,0.11740257858397284,0.3974358974358974,1.1741579823009094,59,-0.12701314221071652,0.288135593220339,1.1581954287914689
2025,401767310,4,Alabama A&M,Lane College,1,44,0.21910034651373422,0.4318181818181818,1.352929468884934,35,-0.4054656354730362,0.22857142857142856,1.272472699914927
2025,401767310,4,Lane College,Alabama A&M,1,35,-0.4054656354730362,0.22857142857142856,1.272472699914927,44,0.21910034651373422,0.4318181818181818,1.352929468884934
2025,401767311,5,Alabama A&M,Bethune-Cookman,1,76,0.24479662215664846,0.4605263157894737,1.3046766459123522,61,0.432957883201331,0.5081967213114754,1.5359839718034995
2025,401767311,5,Bethune-Cookman,Alabama A&M,1,61,0.432957883201331,0.5081967213114754,1.5359839718034995,76,0.24479662215664846,0.4605263157894737,1.3046766459123522
2025,401767312,6,Alabama A&M,Jackson State,1,48,0.2674666573852292,0.4375,1.3178302467645435,68,0.49896859498926444,0.5882352941176471,1.2113695575873078
2025,401767312,6,Jackson State,Alabama A&M,1,68,0.49896859498926444,0.5882352941176471,1.2113695575873078,48,0.2674666573852292,0.4375,1.3178302467645435
2025,401767313,7,Alabama A&M,Mississippi Valley State,1,83,0.24311708758432124,0.5783132530120482,1.0524340744797354,44,0.24548052699518813,0.36363636363636365,1.414896480907472
2025,401767313,7,Mississippi Valley State,Alabama A&M,1,44,0.24548052699518813,0.36363636363636365,1.414896480907472,83,0.24311708758432124,0.5783132530120482,1.0524340744797354
2025,401767314,9,Alabama A&M,Alabama State,1,24,-0.42746793163359265,0.16666666666666666,1.0231040987668212,44,0.5944415440606544,0.6363636363636364,1.5184626307929154
2025,401767314,9,Alabama State,Alabama A&M,1,44,0.5944415440606544,0.6363636363636364,1.5184626307929154,24,-0.42746793163359265,0.16666666666666666,1.0231040987668212
2025,401767315,10,Alabama A&M,Grambling,1,50,-0.6576126840944874,0.18,1.6554664720234298,62,-0.304645784195713,0.1935483870967742,1.1376283279382493
2025,401767315,10,Grambling,Alabama A&M,1,62,-0.304645784195713,0.1935483870967742,1.1376283279382493,50,-0.6576126840944874,0.18,1.6554664720234298
2025,401767316,11,North Carolina A&T,Stony Brook,1,44,0.002948861632286692,0.3409090909090909,1.3354200519684174,86,0.2908235899495254,0.5,1.0684658229628379
2025,401767316,11,Stony Brook,North Carolina A&T,1,86,0.2908235899495254,0.5,1.0684658229628379,44,0.002948861632286692,0.3409090909090909,1.3354200519684174
2025,401767317,2,Rhode Island,Stony Brook,1,116,0.19116724079931793,0.4051724137931034,1.4465735732885494,144,-0.012222806765968122,0.375,0.8152862488536683
2025,401767317,2,Stony Brook,Rhode Island,1,144,-0.012222806765968122,0.375,0.8152862488536683,116,0.19116724079931793,0.4051724137931034,1.4465735732885494
2025,401767318,3,Holy Cross,Rhode Island,1,59,-0.018927185113594817,0.288135593220339,1.3835561962466576,62,0.23164258739273075,0.43548387096774194,1.2138645192924882
2025,401767318,3,Rhode Island,Holy Cross,1,62,0.23164258739273075,0.43548387096774194,1.2138645192924882,59,-0.018927185113594817,0.288135593220339,1.3835561962466576
2025,401767319,4,Long Island University,Rhode Island,1,63,-0.08669847960980813,0.3968253968253968,1.0045259883280695,68,0.13895141361365457,0.4264705882352941,1.2526199615572249
2025,401767319,4,Rhode Island,Long Island University,1,68,0.13895141361365457,0.4264705882352941,1.2526199615572249,63,-0.08669847960980813,0.3968253968253968,1.0045259883280695
2025,401767320,6,Brown,Rhode Island,1,75,0.24662381956849505,0.48,1.044771497870982,66,0.13604595745515663,0.5454545454545454,0.9560384890618199
2025,401767320,6,Rhode Island,Brown,1,66,0.13604595745515663,0.5454545454545454,0.9560384890618199,75,0.24662381956849505,0.48,1.044771497870982
2025,401767321,8,Rhode Island,UAlbany,1,53,0.5131407885025184,0.5283018867924528,1.429123486560288,47,-0.02021452089042435,0.40425531914893614,1.4823492096913018
2025,401767321,8,UAlbany,Rhode Island,1,47,-0.02021452089042435,0.40425531914893614,1.4823492096913018,53,0.5131407885025184,0.5283018867924528,1.429123486560288
2025,401767322,3,Fordham,Stony Brook,1,57,-0.15440361854156773,0.3333333333333333,1.1318986603430734,60,0.17766742482405867,0.48333333333333334,1.0333675998977436
2025,401767322,3,Stony Brook,Fordham,1,60,0.17766742482405867,0.48333333333333334,1.0333675998977436,57,-0.15440361854156773,0.3333333333333333,1.1318986603430734
2025,401767323,5,Merrimack,Stony Brook,1,57,-0.11988279457191395,0.2807017543859649,1.230570690442201,66,0.21290545850699139,0.5606060606060606,1.0039136262939337
2025,401767323,5,Stony Brook,Merrimack,1,66,0.21290545850699139,0.5606060606060606,1.0039136262939337,57,-0.11988279457191395,0.2807017543859649,1.230570690442201
2025,401767324,6,Stony Brook,UAlbany,1,62,0.14381340862258685,0.4838709677419355,1.2156915989310746,38,-0.1367764704757251,0.23684210526315788,1.5385669356906302
2025,401767324,6,UAlbany,Stony Brook,1,38,-0.1367764704757251,0.23684210526315788,1.5385669356906302,62,0.14381340862258685,0.4838709677419355,1.2156915989310746
2025,401767325,9,Stony Brook,Towson,1,77,0.08975881360651584,0.38961038961038963,1.0308863678688123,43,0.2556281446362258,0.2558139534883721,2.367625745898121
2025,401767325,9,Towson,Stony Brook,1,43,0.2556281446362258,0.2558139534883721,2.367625745898121,77,0.08975881360651584,0.38961038961038963,1.0308863678688123
2025,401767326,12,Stony Brook,Villanova,1,62,0.031949475690740727,0.43548387096774194,1.1055112115815788,76,0.19778232934373793,0.4342105263157895,1.4085447212641804
2025,401767326,12,Villanova,Stony Brook,1,76,0.19778232934373793,0.4342105263157895,1.4085447212641804,62,0.031949475690740727,0.43548387096774194,1.1055112115815788
2025,401767327,1,Norfolk State,Towson,1,68,-0.014430617550318676,0.29411764705882354,1.3527840422701267,67,0.07798065621324232,0.417910447761194,1.0717135184695057
2025,401767327,1,Towson,Norfolk State,1,67,0.07798065621324232,0.417910447761194,1.0717135184695057,68,-0.014430617550318676,0.29411764705882354,1.3527840422701267
2025,401767328,2,Morgan State,Towson,1,66,0.1288445567340845,0.4393939393939394,1.3773678596356094,51,0.17564817837925836,0.4117647058823529,1.227691620332405
2025,401767328,2,Towson,Morgan State,1,51,0.17564817837925836,0.4117647058823529,1.227691620332405,66,0.1288445567340845,0.4393939393939394,1.3773678596356094
2025,401767329,4,Towson,Youngstown State,1,56,0.3811522295500926,0.4107142857142857,1.5808853150117324,73,0.2600808428414752,0.4520547945205479,1.4020983976360744
2025,401767329,4,Youngstown State,Towson,1,73,0.2600808428414752,0.4520547945205479,1.4020983976360744,56,0.3811522295500926,0.4107142857142857,1.5808853150117324
2025,401767330,11,Towson,Villanova,1,60,-0.10680634775580787,0.38333333333333336,1.0863462985561594,74,0.11057953818561336,0.4864864864864865,1.2081523849220075
2025,401767330,11,Villanova,Towson,1,74,0.11057953818561336,0.4864864864864865,1.2081523849220075,60,-0.10680634775580787,0.38333333333333336,1.0863462985561594
2025,401767332,2,Delaware State,UAlbany,1,126,0.1837301216050907,0.373015873015873,1.7838941595461084,106,0.29857958635280607,0.4811320754716981,1.4768254236684994
2025,401767332,2,UAlbany,Delaware State,1,106,0.29857958635280607,0.4811320754716981,1.4768254236684994,126,0.1837301216050907,0.373015873015873,1.7838941595461084
2025,401767333,4,Cornell,UAlbany,1,59,-0.05812983068630409,0.4745762711864407,0.7937118390508362,72,-0.04820692033608322,0.3194444444444444,1.3149760868580214
2025,401767333,4,UAlbany,Cornell,1,72,-0.04820692033608322,0.3194444444444444,1.3149760868580214,59,-0.05812983068630409,0.4745762711864407,0.7937118390508362
2025,401767334,9,UAlbany,Villanova,1,59,-0.21349213894246982,0.288135593220339,1.0965627540622735,63,-0.15055164494759718,0.36507936507936506,0.9309691822384778
2025,401767334,9,Villanova,UAlbany,1,63,-0.15055164494759718,0.36507936507936506,0.9309691822384778,59,-0.21349213894246982,0.288135593220339,1.0965627540622735
2025,401767335,10,UAlbany,William & Mary,1,37,-0.28628201295209765,0.24324324324324326,1.1789760849932578,65,0.19689179323817177,0.5230769230769231,0.9097753807723808
2025,401767335,10,William & Mary,UAlbany,1,65,0.19689179323817177,0.5230769230769231,0.9097753807723808,37,-0.28628201295209765,0.24324324324324326,1.1789760849932578
2025,401767337,5,Villanova,William & Mary,1,62,0.46236697547781735,0.5,1.4301343507468314,75,0.20176151566377623,0.4,1.4384555315408794
2025,401767337,5,William & Mary,Villanova,1,75,0.20176151566377623,0.4,1.4384555315408794,62,0.46236697547781735,0.5,1.4301343507468314
2025,401767338,13,Sacred Heart,Villanova,1,53,-0.14243647997880016,0.3584905660377358,1.0847424470095253,52,0.4460030912327988,0.4423076923076923,1.7162162840591986
2025,401767338,13,Villanova,Sacred Heart,1,52,0.4460030912327988,0.4423076923076923,1.7162162840591986,53,-0.14243647997880016,0.3584905660377358,1.0847424470095253
2025,401767339,1,Furman,William & Mary,1,64,0.03749593130708438,0.40625,0.9472177294969264,66,0.09848115557800562,0.48484848484848486,1.0929263673133562
2025,401767339,1,William & Mary,Furman,1,66,0.09848115557800562,0.48484848484848486,1.0929263673133562,64,0.03749593130708438,0.40625,0.9472177294969264
2025,401767340,13,Richmond,William & Mary,1,68,0.058481026251393974,0.36764705882352944,1.2403045357441227,58,-0.09275612040687951,0.3103448275862069,1.142211158483353
2025,401767340,13,William & Mary,Richmond,1,58,-0.09275612040687951,0.3103448275862069,1.142211158483353,68,0.058481026251393974,0.36764705882352944,1.2403045357441227
2025,401767341,3,Bowie State,Delaware State,1,48,-0.01093718370729288,0.3541666666666667,1.3041272510529396,66,0.28339724751106,0.3484848484848485,1.8586862761516365
2025,401767341,3,Delaware State,Bowie State,1,66,0.28339724751106,0.3484848484848485,1.8586862761516365,48,-0.01093718370729288,0.3541666666666667,1.3041272510529396
2025,401767342,4,Delaware State,Saint Francis,1,56,0.25992545430181285,0.4107142857142857,1.642248898169675,45,0.008160384187088926,0.3333333333333333,1.5992608511727375
2025,401767342,4,Saint Francis,Delaware State,1,45,0.008160384187088926,0.3333333333333333,1.5992608511727375,56,0.25992545430181285,0.4107142857142857,1.642248898169675
2025,401767343,5,Delaware State,Sacred Heart,1,42,0.42217672200832523,0.5238095238095238,1.4652440213662978,69,0.4007045742797868,0.5507246376811594,1.0729731978953196
2025,401767343,5,Sacred Heart,Delaware State,1,69,0.4007045742797868,0.5507246376811594,1.0729731978953196,42,0.42217672200832523,0.5238095238095238,1.4652440213662978
2025,401767344,7,Delaware State,Southern Connecticut State,1,44,0.9381204938788793,0.6136363636363636,2.0111080440614977,61,0.06264552477968097,0.29508196721311475,1.8783665733638235
2025,401767344,7,Southern Connecticut State,Delaware State,1,61,0.06264552477968097,0.29508196721311475,1.8783665733638235,44,0.9381204938788793,0.6136363636363636,2.0111080440614977
2025,401767345,9,Delaware State,North Carolina Central,1,67,0.06861160883421387,0.3880597014925373,1.6063961553931438,63,0.21781607402720043,0.47619047619047616,1.3217131955159984
2025,401767345,9,North Carolina Central,Delaware State,1,63,0.21781607402720043,0.47619047619047616,1.3217131955159984,67,0.06861160883421387,0.3880597014925373,1.6063961553931438
2025,401767346,10,Delaware State,Norfolk State,1,47,0.05185304612052189,0.40425531914893614,1.0236640021669847,65,-0.19829632354542168,0.4307692307692308,1.1967362195311435
2025,401767346,10,Norfolk State,Delaware State,1,65,-0.19829632354542168,0.4307692307692308,1.1967362195311435,47,0.05185304612052189,0.40425531914893614,1.0236640021669847
2025,401767347,11,Delaware State,Morgan State,1,63,-0.05906569180807895,0.4126984126984127,1.3151929084482419,63,-0.10729350623482002,0.36507936507936506,1.1582718463593518
2025,401767347,11,Morgan State,Delaware State,1,63,-0.10729350623482002,0.36507936507936506,1.1582718463593518,63,-0.05906569180807895,0.4126984126984127,1.3151929084482419
2025,401767348,12,Delaware State,Howard,1,67,-0.1124138364589011,0.373134328358209,1.077800861744255,62,-0.46367017614277484,0.27419354838709675,1.5048723214579096
2025,401767348,12,Howard,Delaware State,1,62,-0.46367017614277484,0.27419354838709675,1.5048723214579096,67,-0.1124138364589011,0.373134328358209,1.077800861744255
2025,401767349,13,Delaware State,South Carolina State,1,83,-0.04903546882323464,0.3493975903614458,1.5080275247840678,60,0.08894595782491042,0.38333333333333336,1.3576447956724789
2025,401767349,13,South Carolina State,Delaware State,1,60,0.08894595782491042,0.38333333333333336,1.3576447956724789,83,-0.04903546882323464,0.3493975903614458,1.5080275247840678
2025,401767350,1,Florida A&M,Howard,1,63,-0.06160444827201088,0.36507936507936506,0.9673243375987024,59,0.016019937614893152,0.23728813559322035,1.2664604946980844
2025,401767350,1,Howard,Florida A&M,1,59,0.016019937614893152,0.23728813559322035,1.2664604946980844,63,-0.06160444827201088,0.36507936507936506,0.9673243375987024
2025,401767351,3,Howard,Morehouse,1,66,0.4223306020146013,0.6060606060606061,1.274177440992169,50,-0.1084570720788876,0.3,1.3638641659447888
2025,401767351,3,Morehouse,Howard,1,50,-0.1084570720788876,0.3,1.3638641659447888,66,0.4223306020146013,0.6060606060606061,1.274177440992169
2025,401767352,5,Howard,Richmond,1,76,-0.14318678104929894,0.3684210526315789,1.0390603492966868,43,-0.1526304903627391,0.3488372093023256,1.285192571661733
2025,401767352,5,Richmond,Howard,1,43,-0.1526304903627391,0.3488372093023256,1.285192571661733,76,-0.14318678104929894,0.3684210526315789,1.0390603492966868
2025,401767353,7,Howard,Sacred Heart,1,56,-0.04374948194150559,0.30357142857142855,1.3208683547751654,65,0.3060294815489977,0.46153846153846156,1.4795282525501436
2025,401767353,7,Sacred Heart,Howard,1,65,0.3060294815489977,0.46153846153846156,1.4795282525501436,56,-0.04374948194150559,0.30357142857142855,1.3208683547751654
2025,401767355,10,Howard,North Carolina Central,1,46,-0.10668607425668915,0.30434782608695654,1.0016201620814291,49,0.411678696898159,0.4897959183673469,2.02416377693316
2025,401767355,10,North Carolina Central,Howard,1,49,0.411678696898159,0.4897959183673469,2.02416377693316,46,-0.10668607425668915,0.30434782608695654,1.0016201620814291
2025,401767356,11,Alabama A&M,Prairie View A&M,1,58,-0.08448614346686761,0.3103448275862069,1.2904439288294915,49,0.47613323898170834,0.4897959183673469,1.664738146813627
2025,401767356,11,Prairie View A&M,Alabama A&M,1,49,0.47613323898170834,0.4897959183673469,1.664738146813627,58,-0.08448614346686761,0.3103448275862069,1.2904439288294915
2025,401767357,12,Alabama A&M,Florida A&M,1,80,0.1568435653234909,0.4875,1.257940280641797,51,0.4100501846054429,0.49019607843137253,1.4829898112849633
2025,401767357,12,Florida A&M,Alabama A&M,1,51,0.4100501846054429,0.49019607843137253,1.4829898112849633,80,0.1568435653234909,0.4875,1.257940280641797
2025,401767358,13,Alabama A&M,Texas Southern,1,58,-0.04455118574506337,0.3448275862068966,1.0882457543197621,72,0.0968932776663096,0.4305555555555556,1.0244376075788522
2025,401767358,13,Texas Southern,Alabama A&M,1,72,0.0968932776663096,0.4305555555555556,1.0244376075788522,58,-0.04455118574506337,0.3448275862068966,1.0882457543197621
2025,401767359,2,Alabama State,Southern,1,101,0.09188203563397818,0.44554455445544555,1.0785898809867362,98,-0.07395331144654825,0.41836734693877553,1.0011809161361962
2025,401767359,2,Southern,Alabama State,1,98,-0.07395331144654825,0.41836734693877553,1.0011809161361962,101,0.09188203563397818,0.44554455445544555,1.0785898809867362
2025,401767360,3,Alabama State,Miles,1,40,0.4060131065743215,0.475,1.649380364995922,60,-0.009848931524112549,0.4166666666666667,0.9820368239249025
2025,401767360,3,Miles,Alabama State,1,60,-0.009848931524112549,0.4166666666666667,0.9820368239249025,40,0.4060131065743215,0.475,1.649380364995922
2025,401767361,5,Alabama State,Florida A&M,1,61,0.4465475635610272,0.5901639344262295,1.143369148324455,48,-0.18942150528579735,0.3541666666666667,1.2203114637963868
2025,401767361,5,Florida A&M,Alabama State,1,48,-0.18942150528579735,0.3541666666666667,1.2203114637963868,61,0.4465475635610272,0.5901639344262295,1.143369148324455
2025,401767362,6,Alabama State,Bethune-Cookman,1,50,0.7217082918893919,0.66,1.4118717975847035,54,0.3079805495319301,0.48148148148148145,1.5618953222944816
2025,401767362,6,Bethune-Cookman,Alabama State,1,54,0.3079805495319301,0.48148148148148145,1.5618953222944816,50,0.7217082918893919,0.66,1.4118717975847035
2025,401767363,7,Alabama State,Jackson State,1,63,0.37197500031479275,0.5079365079365079,1.3878584440100692,66,0.4855530026582047,0.5757575757575758,1.2503666383994376
2025,401767363,7,Jackson State,Alabama State,1,66,0.4855530026582047,0.5757575757575758,1.2503666383994376,63,0.37197500031479275,0.5079365079365079,1.3878584440100692
2025,401767364,10,Alabama State,Prairie View A&M,1,58,0.10428190935719504,0.43103448275862066,1.1908230894531395,82,0.05910486505046206,0.4268292682926829,1.3086837735217034
2025,401767364,10,Prairie View A&M,Alabama State,1,82,0.05910486505046206,0.4268292682926829,1.3086837735217034,58,0.10428190935719504,0.43103448275862066,1.1908230894531395
2025,401767365,11,Alabama State,Texas Southern,1,37,0.5326634221088006,0.5945945945945946,1.2645086198328974,86,0.07579549799060473,0.5,1.0699615261038469
2025,401767365,11,Texas Southern,Alabama State,1,86,0.07579549799060473,0.5,1.0699615261038469,37,0.5326634221088006,0.5945945945945946,1.2645086198328974
2025,401767367,13,Alabama State,Arkansas-Pine Bluff,1,48,0.43816255990219616,0.4791666666666667,1.6100314998221388,56,0.18863055527395026,0.5178571428571429,1.053628848758048
2025,401767367,13,Arkansas-Pine Bluff,Alabama State,1,56,0.18863055527395026,0.5178571428571429,1.053628848758048,48,0.43816255990219616,0.4791666666666667,1.6100314998221388
2025,401767368,14,Alabama State,Tuskegee,1,39,0.9303735734252343,0.6666666666666666,1.6034275961847642,42,0.14390326477591006,0.47619047619047616,1.6213857249777683
2025,401767368,14,Tuskegee,Alabama State,1,42,0.14390326477591006,0.47619047619047616,1.6213857249777683,39,0.9303735734252343,0.6666666666666666,1.6034275961847642
2025,401767369,1,Alcorn State,Northwestern State,1,72,-0.2267765074679165,0.3611111111111111,0.9368237360544467,58,-0.19250165206575848,0.3103448275862069,1.4112839619572068
2025,401767369,1,Northwestern State,Alcorn State,1,58,-0.19250165206575848,0.3103448275862069,1.4112839619572068,72,-0.2267765074679165,0.3611111111111111,0.9368237360544467
2025,401767370,5,Alcorn State,Arkansas-Pine Bluff,1,61,0.2565470694662369,0.4262295081967213,1.1958253412675914,57,0.10240130575863098,0.3333333333333333,1.2407887442057277
2025,401767370,5,Arkansas-Pine Bluff,Alcorn State,1,57,0.10240130575863098,0.3333333333333333,1.2407887442057277,61,0.2565470694662369,0.4262295081967213,1.1958253412675914
2025,401767371,6,Alcorn State,Prairie View A&M,1,59,8.49984320090483e-06,0.423728813559322,0.9803764838706589,67,0.11058067059791221,0.40298507462686567,1.2016672968175144
2025,401767371,6,Prairie View A&M,Alcorn State,1,67,0.11058067059791221,0.40298507462686567,1.2016672968175144,59,8.49984320090483e-06,0.423728813559322,0.9803764838706589
2025,401767372,7,Alcorn State,Lincoln (CA),1,36,0.4777539252026713,0.5833333333333334,1.8594304212270039,46,-0.3208130160476615,0.1956521739130435,1.4235211333892293
2025,401767372,7,Lincoln (CA),Alcorn State,1,46,-0.3208130160476615,0.1956521739130435,1.4235211333892293,36,0.4777539252026713,0.5833333333333334,1.8594304212270039
2025,401767373,8,Alcorn State,Florida A&M,1,56,0.10104437114844965,0.42857142857142855,1.2623373065219312,77,0.1660530854820437,0.44155844155844154,1.3450180013949786
2025,401767373,8,Florida A&M,Alcorn State,1,77,0.1660530854820437,0.44155844155844154,1.3450180013949786,56,0.10104437114844965,0.42857142857142855,1.2623373065219312
2025,401767374,9,Alcorn State,Mississippi Valley State,1,63,0.16836610177843292,0.4603174603174603,1.121290425718891,63,-0.3034413239169049,0.31746031746031744,1.4593131530892194
2025,401767374,9,Mississippi Valley State,Alcorn State,1,63,-0.3034413239169049,0.31746031746031744,1.4593131530892194,63,0.16836610177843292,0.4603174603174603,1.121290425718891
2025,401767375,10,Alcorn State,Texas Southern,1,75,0.20379832283949603,0.5466666666666666,1.0473693742048822,65,-0.09695867632464501,0.3384615384615385,1.4678624656150099
2025,401767375,10,Texas Southern,Alcorn State,1,65,-0.09695867632464501,0.3384615384615385,1.4678624656150099,75,0.20379832283949603,0.5466666666666666,1.0473693742048822
2025,401767376,11,Alcorn State,Southern,1,73,-0.03993166845805854,0.4520547945205479,1.1263972607483221,65,-0.07340169869691485,0.2923076923076923,1.5098014322547533
2025,401767376,11,Southern,Alcorn State,1,65,-0.07340169869691485,0.2923076923076923,1.5098014322547533,73,-0.03993166845805854,0.4520547945205479,1.1263972607483221
2025,401767377,12,Alcorn State,Grambling,1,72,0.0041079862979641925,0.4583333333333333,0.9096741419333254,69,-0.1981136551831363,0.2898550724637681,1.368742124006202
2025,401767377,12,Grambling,Alcorn State,1,69,-0.1981136551831363,0.2898550724637681,1.368742124006202,72,0.0041079862979641925,0.4583333333333333,0.9096741419333254
2025,401767378,13,Alcorn State,Jackson State,1,64,0.13024564832076233,0.46875,0.9691477011090284,57,0.30158854652962735,0.43859649122807015,1.6184751997229667
2025,401767378,13,Jackson State,Alcorn State,1,57,0.30158854652962735,0.43859649122807015,1.6184751997229667,64,0.13024564832076233,0.46875,0.9691477011090284
2025,401767379,2,Arkansas-Pine Bluff,Central Arkansas,1,68,0.03193969038770502,0.2647058823529412,1.7930943727633486,113,0.2701950784690059,0.6283185840707964,1.069184370224706
2025,401767379,2,Central Arkansas,Arkansas-Pine Bluff,1,113,0.2701950784690059,0.6283185840707964,1.069184370224706,68,0.03193969038770502,0.2647058823529412,1.7930943727633486
2025,401767380,3,Arkansas-Pine Bluff,Lincoln (CA),1,75,0.24820886094753994,0.6133333333333333,1.1407548081457315,39,-0.19912190731946824,0.3076923076923077,1.1820354487840836
2025,401767380,3,Lincoln (CA),Arkansas-Pine Bluff,1,39,-0.19912190731946824,0.3076923076923077,1.1820354487840836,75,0.24820886094753994,0.6133333333333333,1.1407548081457315
2025,401767381,6,Arkansas-Pine Bluff,Texas Southern,1,28,-0.3916510688068655,0.2857142857142857,1.017836733199575,42,0.3060026231909417,0.5238095238095238,1.1505236699589119
2025,401767381,6,Texas Southern,Arkansas-Pine Bluff,1,42,0.3060026231909417,0.5238095238095238,1.1505236699589119,28,-0.3916510688068655,0.2857142857142857,1.017836733199575
2025,401767383,8,Arkansas-Pine Bluff,Grambling,1,66,-0.03195624126024814,0.2727272727272727,1.6851005916692152,69,-0.09958942865885581,0.37681159420289856,1.065658437323821
2025,401767383,8,Grambling,Arkansas-Pine Bluff,1,69,-0.09958942865885581,0.37681159420289856,1.065658437323821,66,-0.03195624126024814,0.2727272727272727,1.6851005916692152
2025,401767384,9,Arkansas-Pine Bluff,Bethune-Cookman,1,69,-0.189056605937455,0.3333333333333333,1.3373764909919983,74,0.14396299155846126,0.47297297297297297,1.0162054488077619
2025,401767384,9,Bethune-Cookman,Arkansas-Pine Bluff,1,74,0.14396299155846126,0.47297297297297297,1.0162054488077619,69,-0.189056605937455,0.3333333333333333,1.3373764909919983
2025,401767385,10,Arkansas-Pine Bluff,Southern,1,71,0.16380825826824513,0.39436619718309857,1.1960013013935291,43,-0.2459315584491252,0.32558139534883723,1.35370905507214
2025,401767385,10,Southern,Arkansas-Pine Bluff,1,43,-0.2459315584491252,0.32558139534883723,1.35370905507214,71,0.16380825826824513,0.39436619718309857,1.1960013013935291
2025,401767386,11,Arkansas-Pine Bluff,Florida A&M,1,66,0.21875502993873733,0.4393939393939394,1.50188904226222,67,0.2574901433659611,0.417910447761194,1.7436006870826901
2025,401767386,11,Florida A&M,Arkansas-Pine Bluff,1,67,0.2574901433659611,0.417910447761194,1.7436006870826901,66,0.21875502993873733,0.4393939393939394,1.50188904226222
2025,401767387,12,Arkansas-Pine Bluff,Prairie View A&M,1,41,-0.06744736373254967,0.2926829268292683,1.1029826178032194,56,0.419153328477706,0.5892857142857143,1.0391755346313591
2025,401767387,12,Prairie View A&M,Arkansas-Pine Bluff,1,56,0.419153328477706,0.5892857142857143,1.0391755346313591,41,-0.06744736373254967,0.2926829268292683,1.1029826178032194
2025,401767388,3,Bethune-Cookman,South Carolina State,1,73,0.20671628231028838,0.5068493150684932,1.401483910041231,76,0.3992033316924747,0.5789473684210527,1.1634629940454815
2025,401767388,3,South Carolina State,Bethune-Cookman,1,76,0.3992033316924747,0.5789473684210527,1.1634629940454815,73,0.20671628231028838,0.5068493150684932,1.401483910041231
2025,401767389,4,Bethune-Cookman,Edward Waters,1,55,0.18804087455963417,0.4909090909090909,1.321118554114707,48,-0.2743908800181463,0.2708333333333333,1.4773603065794563
2025,401767389,4,Edward Waters,Bethune-Cookman,1,48,-0.2743908800181463,0.2708333333333333,1.4773603065794563,55,0.18804087455963417,0.4909090909090909,1.321118554114707
2025,401767391,10,Bethune-Cookman,Mississippi Valley State,1,65,0.2234447157063226,0.46153846153846156,1.134178325701931,86,0.015370980493552094,0.4069767441860465,1.4050824778868978
2025,401767391,10,Mississippi Valley State,Bethune-Cookman,1,86,0.015370980493552094,0.4069767441860465,1.4050824778868978,65,0.2234447157063226,0.46153846153846156,1.134178325701931
2025,401767392,11,Bethune-Cookman,Grambling,1,62,0.08428534714695403,0.4032258064516129,1.3488950670156332,62,0.18942138366341402,0.4032258064516129,1.5174761596974833
2025,401767392,11,Grambling,Bethune-Cookman,1,62,0.18942138366341402,0.4032258064516129,1.5174761596974833,62,0.08428534714695403,0.4032258064516129,1.3488950670156332
2025,401767393,12,Bethune-Cookman,Jackson State,1,56,-0.15815741028543626,0.32142857142857145,1.4078797716617382,74,0.16991409465197307,0.5,1.0638436173247252
2025,401767393,12,Jackson State,Bethune-Cookman,1,74,0.16991409465197307,0.5,1.0638436173247252,56,-0.15815741028543626,0.32142857142857145,1.4078797716617382
2025,401767395,3,Grambling,Kentucky State,1,64,0.3941555568798507,0.453125,1.3842822348865795,66,0.17813447431853152,0.4090909090909091,1.4146416756225628
2025,401767395,3,Kentucky State,Grambling,1,66,0.17813447431853152,0.4090909090909091,1.4146416756225628,64,0.3941555568798507,0.453125,1.3842822348865795
2025,401767396,11,Howard,South Carolina State,1,51,-0.3778953906578767,0.3137254901960784,1.116068435762424,30,0.2381614125508553,0.36666666666666664,1.9925991673984487
2025,401767396,11,South Carolina State,Howard,1,30,0.2381614125508553,0.36666666666666664,1.9925991673984487,51,-0.3778953906578767,0.3137254901960784,1.116068435762424
2025,401767397,13,Howard,Norfolk State,1,65,0.19003209482949668,0.4307692307692308,1.5271114168043545,49,-0.3672684008482238,0.3469387755102041,1.4004420610634372
2025,401767397,13,Norfolk State,Howard,1,49,-0.3672684008482238,0.3469387755102041,1.4004420610634372,65,0.19003209482949668,0.4307692307692308,1.5271114168043545
2025,401767398,5,Miles,Morgan State,1,59,0.02969518733219449,0.2711864406779661,1.574882622518947,71,0.09088467354164614,0.4084507042253521,1.022954556137036
2025,401767398,5,Morgan State,Miles,1,71,0.09088467354164614,0.4084507042253521,1.022954556137036,59,0.02969518733219449,0.2711864406779661,1.574882622518947
2025,401767399,6,Georgetown,Morgan State,1,77,0.15812573533864283,0.4155844155844156,1.3914045630837109,56,0.21892666884410797,0.32142857142857145,1.6730448736507402
2025,401767399,6,Morgan State,Georgetown,1,56,0.21892666884410797,0.32142857142857145,1.6730448736507402,77,0.15812573533864283,0.4155844155844156,1.3914045630837109
2025,401767400,7,Morgan State,Virginia Lynchburg,1,52,0.3196637122128338,0.4807692307692308,1.1994301930094058,27,-0.20677706448442518,0.2962962962962963,0.952076254907823
2025,401767400,7,Virginia Lynchburg,Morgan State,1,27,-0.20677706448442518,0.2962962962962963,0.952076254907823,52,0.3196637122128338,0.4807692307692308,1.1994301930094058
2025,401767401,10,Morgan State,South Carolina State,1,60,0.14305529660109034,0.4,1.4437712845330928,65,0.2961667468463207,0.47692307692307695,1.4198552764615626
2025,401767401,10,South Carolina State,Morgan State,1,65,0.2961667468463207,0.47692307692307695,1.4198552764615626,60,0.14305529660109034,0.4,1.4437712845330928
2025,401767402,12,Morgan State,Norfolk State,1,66,0.17972011093239024,0.4090909090909091,1.2758268150160796,69,-0.0168028897605345,0.4927536231884058,1.2874454763258385
2025,401767402,12,Norfolk State,Morgan State,1,69,-0.0168028897605345,0.4927536231884058,1.2874454763258385,66,0.17972011093239024,0.4090909090909091,1.2758268150160796
2025,401767403,13,Morgan State,North Carolina Central,1,63,-0.23225185839603044,0.31746031746031744,0.9577212893346377,66,-0.041260663027339356,0.5,0.5876032433145383
2025,401767403,13,North Carolina Central,Morgan State,1,66,-0.041260663027339356,0.5,0.5876032433145383,63,-0.23225185839603044,0.31746031746031744,0.9577212893346377
2025,401767404,2,Norfolk State,Virginia State,1,69,0.20886592614915173,0.43478260869565216,1.21884623228334,69,0.02538317584720898,0.34782608695652173,0.9544417287093219
2025,401767404,2,Virginia State,Norfolk State,1,69,0.02538317584720898,0.34782608695652173,0.9544417287093219,69,0.20886592614915173,0.43478260869565216,1.21884623228334
2025,401767405,4,Norfolk State,Sacred Heart,1,72,0.2623354342743131,0.5,1.5185272921166193,68,0.207200661768475,0.39705882352941174,1.2438455857579755
2025,401767405,4,Sacred Heart,Norfolk State,1,68,0.207200661768475,0.39705882352941174,1.2438455857579755,72,0.2623354342743131,0.5,1.5185272921166193
2025,401767406,5,Norfolk State,Wagner,1,69,0.03557777365133299,0.4492753623188406,1.0458383989773437,75,-0.016106542177704148,0.41333333333333333,1.2545522640262423
2025,401767406,5,Wagner,Norfolk State,1,75,-0.016106542177704148,0.41333333333333333,1.2545522640262423,69,0.03557777365133299,0.4492753623188406,1.0458383989773437
2025,401767407,7,Norfolk State,Wofford,1,54,-0.032021629337947305,0.3333333333333333,1.1344634544197874,75,0.14765055568728183,0.4266666666666667,1.3766748432794602
2025,401767407,7,Wofford,Norfolk State,1,75,0.14765055568728183,0.4266666666666667,1.3766748432794602,54,-0.032021629337947305,0.3333333333333333,1.1344634544197874
2025,401767408,9,Norfolk State,South Carolina State,1,32,0.10209383075808381,0.21875,2.7603410728263564,56,0.34287938159724723,0.5,1.4384315065285536
2025,401767408,9,South Carolina State,Norfolk State,1,56,0.34287938159724723,0.5,1.4384315065285536,32,0.10209383075808381,0.21875,2.7603410728263564
2025,401767409,11,Norfolk State,North Carolina Central,1,64,0.17387556306339141,0.4375,1.5093114578088103,77,0.025076013991105095,0.44155844155844154,0.9250778377437199
2025,401767409,11,North Carolina Central,Norfolk State,1,77,0.025076013991105095,0.44155844155844154,0.9250778377437199,64,0.17387556306339141,0.4375,1.5093114578088103
2025,401767410,1,North Carolina Central,Southern,1,63,0.3406924362545086,0.49206349206349204,1.2119759765161064,48,0.24878797073271158,0.4166666666666667,1.4073424681430586
2025,401767410,1,Southern,North Carolina Central,1,48,0.24878797073271158,0.4166666666666667,1.4073424681430586,63,0.3406924362545086,0.49206349206349204,1.2119759765161064
2025,401767411,3,Fayetteville State,North Carolina Central,1,31,-0.3769590115524805,0.22580645161290322,1.3215868767933732,54,0.25159619161867397,0.4444444444444444,1.4349727799320147
2025,401767411,3,North Carolina Central,Fayetteville State,1,54,0.25159619161867397,0.4444444444444444,1.4349727799320147,31,-0.3769590115524805,0.22580645161290322,1.3215868767933732
2025,401767412,5,East Texas A&M,North Carolina Central,1,71,0.03167664894181,0.39436619718309857,1.7032392157387735,84,0.13344669644665294,0.5119047619047619,0.905547691756604
2025,401767412,5,North Carolina Central,East Texas A&M,1,84,0.13344669644665294,0.5119047619047619,0.905547691756604,71,0.03167664894181,0.39436619718309857,1.7032392157387735
2025,401767413,7,Florida A&M,North Carolina Central,1,43,-0.271482672146453,0.3023255813953488,1.5372035272069469,53,0.48119436365403473,0.5094339622641509,1.4339019857949624
2025,401767413,7,North Carolina Central,Florida A&M,1,53,0.48119436365403473,0.5094339622641509,1.4339019857949624,43,-0.271482672146453,0.3023255813953488,1.5372035272069469
2025,401767414,12,North Carolina Central,South Carolina State,1,60,0.06431324394801455,0.3333333333333333,1.4226264828546626,78,0.03965851930237878,0.4358974358974359,1.3396670989309178
2025,401767414,12,South Carolina State,North Carolina Central,1,78,0.03965851930237878,0.4358974358974359,1.3396670989309178,60,0.06431324394801455,0.3333333333333333,1.4226264828546626
2025,401767415,1,South Carolina State,Wofford,1,93,-0.07195867713086154,0.43010752688172044,1.0935139217930885,53,-0.11295987418083654,0.3018867924528302,1.024905834344002
2025,401767415,1,Wofford,South Carolina State,1,53,-0.11295987418083654,0.3018867924528302,1.024905834344002,93,-0.07195867713086154,0.43010752688172044,1.0935139217930885
2025,401767416,4,East Texas A&M,Grambling,1,74,0.01296905102648108,0.43243243243243246,1.1476204499727098,54,0.2174042194035411,0.4444444444444444,1.3878968319997094
2025,401767416,4,Grambling,East Texas A&M,1,54,0.2174042194035411,0.4444444444444444,1.3878968319997094,74,0.01296905102648108,0.43243243243243246,1.1476204499727098
2025,401767417,5,Grambling,Prairie View A&M,1,74,-0.2420799220128118,0.35135135135135137,0.9994044909630353,60,0.1511483990905725,0.4666666666666667,1.2066910922254073
2025,401767417,5,Prairie View A&M,Grambling,1,60,0.1511483990905725,0.4666666666666667,1.2066910922254073,74,-0.2420799220128118,0.35135135135135137,0.9994044909630353
2025,401767418,7,Grambling,Texas Southern,1,53,-0.061441093842961085,0.4528301886792453,1.099363399180997,59,0.0476105408137476,0.4067796610169492,1.2627111322298896
2025,401767418,7,Texas Southern,Grambling,1,59,0.0476105408137476,0.4067796610169492,1.2627111322298896,53,-0.061441093842961085,0.4528301886792453,1.099363399180997
2025,401767419,9,Grambling,Jackson State,1,64,0.14045568229921782,0.390625,1.6709518053855272,66,0.3780608688042901,0.45454545454545453,1.5237494526875925
2025,401767419,9,Jackson State,Grambling,1,66,0.3780608688042901,0.45454545454545453,1.5237494526875925,64,0.14045568229921782,0.390625,1.6709518053855272
2025,401767420,14,Grambling,Southern,1,71,-0.030543795727109135,0.2676056338028169,1.8690953453380228,52,0.04558220570617995,0.38461538461538464,1.5887007481625763
2025,401767420,14,Southern,Grambling,1,52,0.04558220570617995,0.38461538461538464,1.5887007481625763,71,-0.030543795727109135,0.2676056338028169,1.8690953453380228
2025,401767421,3,Jackson State,Tuskegee,1,55,0.3949779429299729,0.5454545454545454,1.317674237536577,31,-0.06173738614283512,0.25806451612903225,1.0580237798242325
2025,401767421,3,Tuskegee,Jackson State,1,31,-0.06173738614283512,0.25806451612903225,1.0580237798242325,55,0.3949779429299729,0.5454545454545454,1.317674237536577
2025,401767422,5,Jackson State,Southern,1,69,0.43896860383010045,0.463768115942029,1.445170842770059,48,0.002996859193731737,0.3333333333333333,1.5457990215406647
2025,401767422,5,Southern,Jackson State,1,48,0.002996859193731737,0.3333333333333333,1.5457990215406647,69,0.43896860383010045,0.463768115942029,1.445170842770059
2025,401767423,10,Florida A&M,Jackson State,1,45,-0.16621090532887733,0.28888888888888886,1.1828283486170204,60,0.3922708860690176,0.4666666666666667,1.2380948548977437
2025,401767423,10,Jackson State,Florida A&M,1,60,0.3922708860690176,0.4666666666666667,1.2380948548977437,45,-0.16621090532887733,0.28888888888888886,1.1828283486170204
2025,401767424,11,Jackson State,Mississippi Valley State,1,62,0.31826948665952765,0.5806451612903226,0.8276028283036384,39,-0.6458926025400485,0.20512820512820512,1.045422562841312
2025,401767424,11,Mississippi Valley State,Jackson State,1,39,-0.6458926025400485,0.20512820512820512,1.045422562841312,62,0.31826948665952765,0.5806451612903226,0.8276028283036384
2025,401767425,1,Mississippi Valley State,Southern,1,65,-0.07355950467786027,0.2,2.260754354129192,80,-0.01502222107271666,0.475,0.96419384672661
2025,401767425,1,Southern,Mississippi Valley State,1,80,-0.01502222107271666,0.475,0.96419384672661,65,-0.07355950467786027,0.2,2.260754354129192
2025,401767426,3,Mississippi Valley State,SE Louisiana,1,31,-0.3512064111120471,0.25806451612903225,1.2195030838708953,26,0.8098372579255054,0.7692307692307693,1.4395516385114615
2025,401767426,3,SE Louisiana,Mississippi Valley State,1,26,0.8098372579255054,0.7692307692307693,1.4395516385114615,31,-0.3512064111120471,0.25806451612903225,1.2195030838708953
2025,401767427,5,Mississippi Valley State,Texas Southern,1,79,0.10782869169396786,0.4430379746835443,1.145369252406389,66,0.047209965774026356,0.42424242424242425,1.2962368349611324
2025,401767427,5,Texas Southern,Mississippi Valley State,1,66,0.047209965774026356,0.42424242424242425,1.2962368349611324,79,0.10782869169396786,0.4430379746835443,1.145369252406389
2025,401767428,14,Florida A&M,Mississippi Valley State,1,73,0.016666730853495064,0.4383561643835616,1.3153204965212972,68,0.2585714757362134,0.45588235294117646,1.4292639471388897
2025,401767428,14,Mississippi Valley State,Florida A&M,1,68,0.2585714757362134,0.45588235294117646,1.4292639471388897,73,0.016666730853495064,0.4383561643835616,1.3153204965212972
2025,401767430,13,Mississippi Valley State,Prairie View A&M,1,41,-0.44688030507193205,0.24390243902439024,1.3193450145048322,27,0.484726926639331,0.5185185185185185,1.6121594093982263
2025,401767430,13,Prairie View A&M,Mississippi Valley State,1,27,0.484726926639331,0.5185185185185185,1.6121594093982263,41,-0.44688030507193205,0.24390243902439024,1.3193450145048322
2025,401767431,1,Prairie View A&M,Texas Southern,1,74,0.12989092834336263,0.35135135135135137,1.615136036282058,51,0.1919539269366544,0.4117647058823529,1.538535199545832
2025,401767431,1,Texas Southern,Prairie View A&M,1,51,0.1919539269366544,0.4117647058823529,1.538535199545832,74,0.12989092834336263,0.35135135135135137,1.615136036282058
2025,401767433,4,Northwestern State,Prairie View A&M,1,53,0.13596586499198868,0.37735849056603776,1.6464572850988812,67,0.23437846563867895,0.44776119402985076,1.2749907398794602
2025,401767433,4,Prairie View A&M,Northwestern State,1,67,0.23437846563867895,0.44776119402985076,1.2749907398794602,53,0.13596586499198868,0.37735849056603776,1.6464572850988812
2025,401767434,8,Prairie View A&M,Southern,1,48,0.09768883248708915,0.3958333333333333,1.279371918667201,52,-0.04581152744381979,0.34615384615384615,0.8873342478624168
2025,401767434,8,Southern,Prairie View A&M,1,52,-0.04581152744381979,0.34615384615384615,0.8873342478624168,48,0.09768883248708915,0.3958333333333333,1.279371918667201
2025,401767435,9,Lincoln (CA),Prairie View A&M,1,14,-0.7256576267946967,0.21428571428571427,-0.21929628569168633,33,0.48719887406228307,0.6060606060606061,1.2567893313432714
2025,401767435,9,Prairie View A&M,Lincoln (CA),1,33,0.48719887406228307,0.6060606060606061,1.2567893313432714,14,-0.7256576267946967,0.21428571428571427,-0.21929628569168633
2025,401767436,6,Savannah State,South Carolina State,1,54,-0.567150768906641,0.2037037037037037,1.4134998057830335,56,-0.05656326181185828,0.42857142857142855,1.3446251393451285
2025,401767436,6,South Carolina State,Savannah State,1,56,-0.05656326181185828,0.42857142857142855,1.3446251393451285,54,-0.567150768906641,0.2037037037037037,1.4134998057830335
2025,401767437,2,Illinois State,Morehead State,1,56,0.24722905485085037,0.5535714285714286,1.1096305494382899,66,-0.3823053494946493,0.3787878787878788,1.0874637457989955
2025,401767437,2,Morehead State,Illinois State,1,66,-0.3823053494946493,0.3787878787878788,1.0874637457989955,56,0.24722905485085037,0.5535714285714286,1.1096305494382899
2025,401767438,6,Illinois State,North Dakota State,1,66,0.0640956802693272,0.48484848484848486,1.1350493498118837,50,0.4458440329378538,0.58,1.3473126512515134
2025,401767438,6,North Dakota State,Illinois State,1,50,0.4458440329378538,0.58,1.3473126512515134,66,0.0640956802693272,0.48484848484848486,1.1350493498118837
2025,401767439,7,Illinois State,Murray State,1,65,0.497002509613696,0.5846153846153846,1.335849668298496,72,0.26399412500286634,0.4722222222222222,1.2898521212829173
2025,401767439,7,Murray State,Illinois State,1,72,0.26399412500286634,0.4722222222222222,1.2898521212829173,65,0.497002509613696,0.5846153846153846,1.335849668298496
2025,401767440,8,Illinois State,Youngstown State,1,58,0.0633127357648822,0.4482758620689655,1.338847368084961,82,0.291051809074203,0.4878048780487805,1.260283523000396
2025,401767440,8,Youngstown State,Illinois State,1,82,0.291051809074203,0.4878048780487805,1.260283523000396,58,0.0633127357648822,0.4482758620689655,1.338847368084961
2025,401767441,9,Illinois State,South Dakota,1,64,0.04918612308468977,0.46875,0.9576246598255721,81,0.1800183801867571,0.4567901234567901,1.0159574634825164
2025,401767441,9,South Dakota,Illinois State,1,81,0.1800183801867571,0.4567901234567901,1.0159574634825164,64,0.04918612308468977,0.46875,0.9576246598255721
2025,401767442,10,Illinois State,Northern Iowa,1,74,0.24262937268236606,0.47297297297297297,1.1154694751894068,57,-0.16120244180126103,0.3684210526315789,0.9665541745204534
2025,401767442,10,Northern Iowa,Illinois State,1,57,-0.16120244180126103,0.3684210526315789,0.9665541745204534,74,0.24262937268236606,0.47297297297297297,1.1154694751894068
2025,401767443,11,Illinois State,Indiana State,1,65,0.44840585308479164,0.6,1.1953814826492115,32,4.474700972363875e-05,0.375,1.5157129529322102
2025,401767443,11,Indiana State,Illinois State,1,32,4.474700972363875e-05,0.375,1.5157129529322102,65,0.44840585308479164,0.6,1.1953814826492115
2025,401767444,12,Illinois State,South Dakota State,1,75,-0.03168163775441513,0.36,1.152716742181482,90,-0.13975077500544292,0.4111111111111111,1.1279326019515346
2025,401767444,12,South Dakota State,Illinois State,1,90,-0.13975077500544292,0.4111111111111111,1.1279326019515346,75,-0.03168163775441513,0.36,1.152716742181482
2025,401767445,13,Illinois State,Southern Illinois,1,45,-0.22610551731050407,0.35555555555555557,1.1020850585984905,74,0.21535282896317084,0.527027027027027,0.9602510367968254
2025,401767445,13,Southern Illinois,Illinois State,1,74,0.21535282896317084,0.527027027027027,0.9602510367968254,45,-0.22610551731050407,0.35555555555555557,1.1020850585984905
2025,401767446,1,Indiana State,McKendree,1,79,0.1379891402827021,0.4936708860759494,1.0643216762569858,79,-0.0970444931575412,0.34177215189873417,1.2998827685718572
2025,401767446,1,McKendree,Indiana State,1,79,-0.0970444931575412,0.34177215189873417,1.2998827685718572,79,0.1379891402827021,0.4936708860759494,1.0643216762569858
2025,401767447,6,Indiana State,Southern Illinois,1,61,0.21207164664715036,0.4098360655737705,1.3349093397672713,57,0.5533562644187695,0.5964912280701754,1.2711014268101357
2025,401767447,6,Southern Illinois,Indiana State,1,57,0.5533562644187695,0.5964912280701754,1.2711014268101357,61,0.21207164664715036,0.4098360655737705,1.3349093397672713
2025,401767448,7,Indiana State,South Dakota,1,40,0.051021137158277566,0.25,1.820439575279237,74,0.08097761987249373,0.36486486486486486,1.3531948397175657
2025,401767448,7,South Dakota,Indiana State,1,74,0.08097761987249373,0.36486486486486486,1.3531948397175657,40,0.051021137158277566,0.25,1.820439575279237
2025,401767449,8,Indiana State,North Dakota State,1,38,-0.13834444376264476,0.3684210526315789,0.8794704817048825,52,0.2465778174706102,0.6153846153846154,0.986297860903612
2025,401767449,8,North Dakota State,Indiana State,1,52,0.2465778174706102,0.6153846153846154,0.986297860903612,38,-0.13834444376264476,0.3684210526315789,0.8794704817048825
2025,401767450,9,Indiana State,North Dakota,1,56,-0.2854417490001085,0.25,1.6069510863132912,70,0.29391409158780524,0.5142857142857142,1.4167253133399762
2025,401767450,9,North Dakota,Indiana State,1,70,0.29391409158780524,0.5142857142857142,1.4167253133399762,56,-0.2854417490001085,0.25,1.6069510863132912
2025,401767451,10,Indiana State,South Dakota State,1,48,-0.0754585248838318,0.3541666666666667,1.3956799311877044,94,-0.17075883940137018,0.43617021276595747,1.021879680206115
2025,401767451,10,South Dakota State,Indiana State,1,94,-0.17075883940137018,0.43617021276595747,1.021879680206115,48,-0.0754585248838318,0.3541666666666667,1.3956799311877044
2025,401767452,12,Indiana State,Youngstown State,1,63,0.15203580025352198,0.36507936507936506,1.96834231869499,72,0.32438827176310947,0.5277777777777778,1.0989364474228538
2025,401767452,12,Youngstown State,Indiana State,1,72,0.32438827176310947,0.5277777777777778,1.0989364474228538,63,0.15203580025352198,0.36507936507936506,1.96834231869499
2025,401767453,13,Indiana State,Murray State,1,68,0.23078017970292877,0.36764705882352944,1.5868251939795626,83,0.18834957972991156,0.5301204819277109,0.9834050684026492
2025,401767453,13,Murray State,Indiana State,1,83,0.18834957972991156,0.5301204819277109,0.9834050684026492,68,0.23078017970292877,0.36764705882352944,1.5868251939795626
2025,401767454,1,East Tennessee State,Murray State,1,74,0.41464234524266275,0.6081081081081081,1.1165028350914072,47,0.055031729209426686,0.3404255319148936,1.3466014742286292
2025,401767454,1,Murray State,East Tennessee State,1,47,0.055031729209426686,0.3404255319148936,1.3466014742286292,74,0.41464234524266275,0.6081081081081081,1.1165028350914072
2025,401767455,2,Murray State,SE Louisiana,1,135,-0.008938802360016427,0.4666666666666667,1.059808951699558,143,0.2811347601978498,0.5174825174825175,1.1144046976103712
2025,401767455,2,SE Louisiana,Murray State,1,143,0.2811347601978498,0.5174825174825175,1.1144046976103712,135,-0.008938802360016427,0.4666666666666667,1.059808951699558
2025,401767456,9,Florida A&M,Southern,1,74,0.3016816475625508,0.47297297297297297,1.4609514300143407,72,0.22881654824226796,0.4722222222222222,1.2583057862474438
2025,401767456,9,Southern,Florida A&M,1,72,0.22881654824226796,0.4722222222222222,1.2583057862474438,74,0.3016816475625508,0.47297297297297297,1.4609514300143407
2025,401767457,12,Southern,Texas Southern,1,67,0.17785557325865273,0.4925373134328358,1.129765299258691,60,0.2927645241655851,0.5,1.0207977901457241
2025,401767457,12,Texas Southern,Southern,1,60,0.2927645241655851,0.5,1.0207977901457241,67,0.17785557325865273,0.4925373134328358,1.129765299258691
2025,401767458,3,Lamar,Texas Southern,1,49,0.21543370732173545,0.46938775510204084,1.003490876587528,41,0.007382015207172598,0.34146341463414637,1.0710295705940605
2025,401767458,3,Texas Southern,Lamar,1,41,0.007382015207172598,0.34146341463414637,1.0710295705940605,49,0.21543370732173545,0.46938775510204084,1.003490876587528
2025,401767460,6,East Texas A&M,Northwestern State,1,54,0.5458164519687096,0.5740740740740741,1.450371625709482,39,-0.1199286902496197,0.3076923076923077,1.0148503529250041
2025,401767460,6,Northwestern State,East Texas A&M,1,39,-0.1199286902496197,0.3076923076923077,1.0148503529250041,54,0.5458164519687096,0.5740740740740741,1.450371625709482
2025,401767461,7,East Texas A&M,Lamar,1,65,-0.09052720285896275,0.4461538461538462,1.007074979643805,66,-0.11419784597107754,0.2878787878787879,1.3968837233623261
2025,401767461,7,Lamar,East Texas A&M,1,66,-0.11419784597107754,0.2878787878787879,1.3968837233623261,65,-0.09052720285896275,0.4461538461538462,1.007074979643805
2025,401767462,8,East Texas A&M,Incarnate Word,1,83,0.2452493299733829,0.42168674698795183,1.5766583145872097,86,0.22083449762284205,0.4883720930232558,1.2161547539414095
2025,401767462,8,Incarnate Word,East Texas A&M,1,86,0.22083449762284205,0.4883720930232558,1.2161547539414095,83,0.2452493299733829,0.42168674698795183,1.5766583145872097
2025,401767463,9,East Texas A&M,Stephen F. Austin,1,58,-0.11797890465211681,0.3275862068965517,1.3438928067196811,96,-0.14339418066278187,0.3958333333333333,1.2256398197554388
2025,401767463,9,Stephen F. Austin,East Texas A&M,1,96,-0.14339418066278187,0.3958333333333333,1.2256398197554388,58,-0.11797890465211681,0.3275862068965517,1.3438928067196811
2025,401767464,10,East Texas A&M,SE Louisiana,1,33,-0.3515014016404464,0.2727272727272727,1.1911824474902706,36,0.6892313508260944,0.6666666666666666,1.311616987963577
2025,401767464,10,SE Louisiana,East Texas A&M,1,36,0.6892313508260944,0.6666666666666666,1.311616987963577,33,-0.3515014016404464,0.2727272727272727,1.1911824474902706
2025,401767465,11,East Texas A&M,McNeese,1,65,0.11150256508706104,0.4,1.4037506329573117,73,0.16368638369121943,0.4246575342465753,1.3277869600133676
2025,401767465,11,McNeese,East Texas A&M,1,73,0.16368638369121943,0.4246575342465753,1.3277869600133676,65,0.11150256508706104,0.4,1.4037506329573117
2025,401767466,12,East Texas A&M,Houston Christian,1,77,0.09262972331938775,0.4675324675324675,1.1682178833716423,79,0.04567718197698814,0.4430379746835443,1.0496424660106558
2025,401767466,12,Houston Christian,East Texas A&M,1,79,0.04567718197698814,0.4430379746835443,1.0496424660106558,77,0.09262972331938775,0.4675324675324675,1.1682178833716423
2025,401767467,13,East Texas A&M,UT Rio Grande Valley,1,59,-0.12110177401304996,0.4067796610169492,1.0349859285260479,51,0.1145101448456178,0.5490196078431373,0.7046581991677411
2025,401767467,13,UT Rio Grande Valley,East Texas A&M,1,51,0.1145101448456178,0.5490196078431373,0.7046581991677411,59,-0.12110177401304996,0.4067796610169492,1.0349859285260479
2025,401767468,1,Arkansas Baptist,Houston Christian,1,32,-0.49819836373595844,0.0625,1.6529455286296286,49,0.05164466104285147,0.5714285714285714,0.902039327041071
2025,401767468,1,Houston Christian,Arkansas Baptist,1,49,0.05164466104285147,0.5714285714285714,0.902039327041071,32,-0.49819836373595844,0.0625,1.6529455286296286
2025,401767469,6,Houston Christian,UT Rio Grande Valley,1,69,-0.18577234268149426,0.3333333333333333,1.0608515193861747,60,-0.07463437557705646,0.38333333333333336,1.1604980707546246
2025,401767469,6,UT Rio Grande Valley,Houston Christian,1,60,-0.07463437557705646,0.38333333333333336,1.1604980707546246,69,-0.18577234268149426,0.3333333333333333,1.0608515193861747
2025,401767470,7,Houston Christian,Northwestern State,1,65,0.12615305163414087,0.36923076923076925,1.4592383360738885,71,0.1501790784480627,0.43661971830985913,1.1013751527250868
2025,401767470,7,Northwestern State,Houston Christian,1,71,0.1501790784480627,0.43661971830985913,1.1013751527250868,65,0.12615305163414087,0.36923076923076925,1.4592383360738885
2025,401767471,8,Houston Christian,McNeese,1,43,0.05064564112019319,0.3953488372093023,1.1686807856806434,53,0.2851641244195415,0.6037735849056604,0.9572455443698952
2025,401767471,8,McNeese,Houston Christian,1,53,0.2851641244195415,0.6037735849056604,0.9572455443698952,43,0.05064564112019319,0.3953488372093023,1.1686807856806434
2025,401767472,9,Houston Christian,SE Louisiana,1,41,-0.08952145476772921,0.3170731707317073,1.0136738303363366,65,0.052944033592321825,0.47692307692307695,1.070495994310661
2025,401767472,9,SE Louisiana,Houston Christian,1,65,0.052944033592321825,0.47692307692307695,1.070495994310661,41,-0.08952145476772921,0.3170731707317073,1.0136738303363366
2025,401767473,10,Houston Christian,Nicholls,1,47,-0.24177062531076973,0.3404255319148936,1.2780247877748296,58,0.2334178608550337,0.43103448275862066,1.1866395469234365
2025,401767473,10,Nicholls,Houston Christian,1,58,0.2334178608550337,0.43103448275862066,1.1866395469234365,47,-0.24177062531076973,0.3404255319148936,1.2780247877748296
2025,401767474,11,Houston Christian,Stephen F. Austin,1,40,-0.380255305699586,0.225,1.306315268347552,47,0.22843821125401598,0.44680851063829785,1.0964337241900453
2025,401767474,11,Stephen F. Austin,Houston Christian,1,47,0.22843821125401598,0.44680851063829785,1.0964337241900453,40,-0.380255305699586,0.225,1.306315268347552
2025,401767476,1,Incarnate Word,Nicholls,1,68,-0.4267694908850066,0.29411764705882354,0.9418568458389172,66,-0.015576823669418228,0.2878787878787879,1.3724473910696768
2025,401767476,1,Nicholls,Incarnate Word,1,66,-0.015576823669418228,0.2878787878787879,1.3724473910696768,68,-0.4267694908850066,0.29411764705882354,0.9418568458389172
2025,401767477,6,Incarnate Word,Stephen F. Austin,1,79,-0.19081371189086063,0.4050632911392405,0.9264814061351136,60,0.13970694831328948,0.4,1.3787884022768127
2025,401767477,6,Stephen F. Austin,Incarnate Word,1,60,0.13970694831328948,0.4,1.3787884022768127,79,-0.19081371189086063,0.4050632911392405,0.9264814061351136
2025,401767478,9,Incarnate Word,UT Rio Grande Valley,1,74,-0.0024813996794541752,0.3918918918918919,1.4347707629484872,55,0.5834754345585141,0.509090909090909,1.6797659381760266
2025,401767478,9,UT Rio Grande Valley,Incarnate Word,1,55,0.5834754345585141,0.509090909090909,1.6797659381760266,74,-0.0024813996794541752,0.3918918918918919,1.4347707629484872
2025,401767479,10,Incarnate Word,Lamar,1,74,-0.048915594657227696,0.36486486486486486,0.988038204066427,53,-0.1628541345264441,0.3018867924528302,1.39559409921598
2025,401767479,10,Lamar,Incarnate Word,1,53,-0.1628541345264441,0.3018867924528302,1.39559409921598,74,-0.048915594657227696,0.36486486486486486,0.988038204066427
2025,401767480,11,Incarnate Word,Northwestern State,1,45,0.493731973759681,0.4666666666666667,1.792903534784118,34,-0.15065614367308275,0.23529411764705882,1.3976740379446597
2025,401767480,11,Northwestern State,Incarnate Word,1,34,-0.15065614367308275,0.23529411764705882,1.3976740379446597,45,0.493731973759681,0.4666666666666667,1.792903534784118
2025,401767481,12,Incarnate Word,SE Louisiana,1,72,0.046498262774932,0.3472222222222222,1.1892134829071666,62,-0.0948594316042681,0.2903225806451613,1.4251844644640472
2025,401767481,12,SE Louisiana,Incarnate Word,1,62,-0.0948594316042681,0.2903225806451613,1.4251844644640472,72,0.046498262774932,0.3472222222222222,1.1892134829071666
2025,401767483,5,Central Arkansas,Lamar,1,85,0.08032034448311984,0.49411764705882355,1.007561117440662,50,0.10149481653293672,0.36,1.573388411296712
2025,401767483,5,Lamar,Central Arkansas,1,50,0.10149481653293672,0.36,1.573388411296712,85,0.08032034448311984,0.49411764705882355,1.007561117440662
2025,401767484,6,Lamar,Nicholls,1,57,0.04502836069775598,0.3508771929824561,1.394864622332149,73,0.09265600652908207,0.3150684931506849,1.5967992473341288
2025,401767484,6,Nicholls,Lamar,1,73,0.09265600652908207,0.3150684931506849,1.5967992473341288,57,0.04502836069775598,0.3508771929824561,1.394864622332149
2025,401767485,8,Lamar,UT Rio Grande Valley,1,72,0.05741769095359636,0.4027777777777778,1.2843568784637465,55,-0.04094530520670422,0.34545454545454546,1.2021892921944544
2025,401767485,8,UT Rio Grande Valley,Lamar,1,55,-0.04094530520670422,0.34545454545454546,1.2021892921944544,72,0.05741769095359636,0.4027777777777778,1.2843568784637465
2025,401767486,9,Lamar,Northwestern State,1,76,0.26399526736868917,0.4868421052631579,1.0933819174227073,43,0.09749947123829868,0.32558139534883723,2.0149727001457323
2025,401767486,9,Northwestern State,Lamar,1,43,0.09749947123829868,0.32558139534883723,2.0149727001457323,76,0.26399526736868917,0.4868421052631579,1.0933819174227073
2025,401767487,11,Lamar,SE Louisiana,1,71,-0.04771874240088201,0.36619718309859156,1.0882995035445673,53,-0.30285365538541303,0.2830188679245283,1.4988309153419188
2025,401767487,11,SE Louisiana,Lamar,1,53,-0.30285365538541303,0.2830188679245283,1.4988309153419188,71,-0.04771874240088201,0.36619718309859156,1.0882995035445673
2025,401767488,12,Lamar,Stephen F. Austin,1,53,-0.024531393014801933,0.33962264150943394,1.3232687878531015,79,0.0561693423843215,0.35443037974683544,1.1479673148412233
2025,401767488,12,Stephen F. Austin,Lamar,1,79,0.0561693423843215,0.35443037974683544,1.1479673148412233,53,-0.024531393014801933,0.33962264150943394,1.3232687878531015
2025,401767489,13,Lamar,McNeese,1,64,-0.07885021991047711,0.421875,1.2421385897331998,75,-0.049960610675492824,0.41333333333333333,1.0305984215178168
2025,401767489,13,McNeese,Lamar,1,75,-0.049960610675492824,0.41333333333333333,1.0305984215178168,64,-0.07885021991047711,0.421875,1.2421385897331998
2025,401767490,1,Louisiana Christian,McNeese,1,31,-0.14097738835417417,0.22580645161290322,1.6813245744708387,43,0.6512485136668283,0.6511627906976745,1.2517946307490453
2025,401767490,1,McNeese,Louisiana Christian,1,43,0.6512485136668283,0.6511627906976745,1.2517946307490453,31,-0.14097738835417417,0.22580645161290322,1.6813245744708387
2025,401767491,5,McNeese,Stephen F. Austin,1,74,-0.09908331443948383,0.3108108108108108,1.5801016731584976,64,0.1969844554249014,0.34375,1.5079270664113318
2025,401767491,5,Stephen F. Austin,McNeese,1,64,0.1969844554249014,0.34375,1.5079270664113318,74,-0.09908331443948383,0.3108108108108108,1.5801016731584976
2025,401767492,6,McNeese,SE Louisiana,1,26,-0.6643175579665045,0.15384615384615385,0.8905092996274164,36,0.4480082545065395,0.4444444444444444,1.7273613178619187
2025,401767492,6,SE Louisiana,McNeese,1,36,0.4480082545065395,0.4444444444444444,1.7273613178619187,26,-0.6643175579665045,0.15384615384615385,0.8905092996274164
2025,401767493,9,McNeese,Nicholls,1,39,-0.019775938540566692,0.358974358974359,1.3396359922105041,58,0.4368801289070771,0.4482758620689655,1.5916732415999268
2025,401767493,9,Nicholls,McNeese,1,58,0.4368801289070771,0.4482758620689655,1.5916732415999268,39,-0.019775938540566692,0.358974358974359,1.3396359922105041
2025,401767494,10,McNeese,Northwestern State,1,46,0.3458867545936495,0.5217391304347826,1.4670135992485385,35,-0.3224201623299628,0.2571428571428571,1.0568328340242887
2025,401767494,10,Northwestern State,McNeese,1,35,-0.3224201623299628,0.2571428571428571,1.0568328340242887,46,0.3458867545936495,0.5217391304347826,1.4670135992485385
2025,401767495,12,McNeese,UT Rio Grande Valley,1,77,0.021870510413310673,0.4155844155844156,1.1763724851996915,56,0.3361862956679195,0.4107142857142857,1.5752347543498706
2025,401767495,12,UT Rio Grande Valley,McNeese,1,56,0.3361862956679195,0.4107142857142857,1.5752347543498706,77,0.021870510413310673,0.4155844155844156,1.1763724851996915
2025,401767496,6,Murray State,South Dakota,1,36,0.14845754829341437,0.4166666666666667,1.2243292646874606,51,0.7084012539758423,0.6666666666666666,1.298384704930331
2025,401767496,6,South Dakota,Murray State,1,51,0.7084012539758423,0.6666666666666666,1.298384704930331,36,0.14845754829341437,0.4166666666666667,1.2243292646874606
2025,401767498,9,Murray State,Youngstown State,1,34,-0.0610944216468226,0.3235294117647059,1.5608907897712874,52,0.6063972967240386,0.6346153846153846,1.1231930048557786
2025,401767498,9,Youngstown State,Murray State,1,52,0.6063972967240386,0.6346153846153846,1.1231930048557786,34,-0.0610944216468226,0.3235294117647059,1.5608907897712874
2025,401767499,10,Murray State,Southern Illinois,1,63,-0.13688201337726988,0.47619047619047616,0.9172222592072001,73,0.07210448011821265,0.5068493150684932,0.964509679744446
2025,401767499,10,Southern Illinois,Murray State,1,73,0.07210448011821265,0.5068493150684932,0.964509679744446,63,-0.13688201337726988,0.47619047619047616,0.9172222592072001
2025,401767500,11,Murray State,Northern Iowa,1,61,-0.044748744796095336,0.45901639344262296,1.2917773082503816,59,0.41466967833804225,0.576271186440678,1.1413193859639712
2025,401767500,11,Northern Iowa,Murray State,1,59,0.41466967833804225,0.576271186440678,1.1413193859639712,61,-0.044748744796095336,0.45901639344262296,1.2917773082503816
2025,401767501,12,Murray State,North Dakota,1,69,-0.13548863002620196,0.30434782608695654,1.2714608861790646,65,0.12147576117904,0.5384615384615384,0.9133703330726692
2025,401767501,12,North Dakota,Murray State,1,65,0.12147576117904,0.5384615384615384,0.9133703330726692,69,-0.13548863002620196,0.30434782608695654,1.2714608861790646
2025,401767502,4,North Dakota,Valparaiso,1,48,0.39393649117930624,0.5,1.3268606189238166,32,0.048128004888088355,0.21875,1.747632329146706
2025,401767502,4,Valparaiso,North Dakota,1,32,0.048128004888088355,0.21875,1.747632329146706,48,0.39393649117930624,0.5,1.3268606189238166
2025,401767503,6,North Dakota,Northern Iowa,1,41,0.512775737332294,0.6097560975609756,1.1775583959451166,54,-0.07579843833892166,0.42592592592592593,0.9137314812984172
2025,401767503,6,Northern Iowa,North Dakota,1,54,-0.07579843833892166,0.42592592592592593,0.9137314812984172,41,0.512775737332294,0.6097560975609756,1.1775583959451166
2025,401767504,7,North Dakota,Youngstown State,1,70,0.204069008045291,0.35714285714285715,1.5449981379794688,61,0.00820621043350147,0.39344262295081966,1.1710143971369646
2025,401767504,7,Youngstown State,North Dakota,1,61,0.00820621043350147,0.39344262295081966,1.1710143971369646,70,0.204069008045291,0.35714285714285715,1.5449981379794688
2025,401767505,8,North Dakota,Southern Illinois,1,65,0.3100884116563,0.47692307692307695,1.331376256509539,54,0.00824956883963042,0.42592592592592593,1.220407199803823
2025,401767505,8,Southern Illinois,North Dakota,1,54,0.00824956883963042,0.42592592592592593,1.220407199803823,65,0.3100884116563,0.47692307692307695,1.331376256509539
2025,401767506,10,North Dakota,South Dakota,1,51,-0.0595574755067727,0.5294117647058824,1.0227016795854482,57,-0.04033887153420991,0.40350877192982454,1.0740336286208538
2025,401767506,10,South Dakota,North Dakota,1,57,-0.04033887153420991,0.40350877192982454,1.0740336286208538,51,-0.0595574755067727,0.5294117647058824,1.0227016795854482
2025,401767507,11,North Dakota,North Dakota State,1,83,-0.20301291945561611,0.3373493975903614,1.1097706950816157,52,0.08697347959753728,0.40384615384615385,1.102652758726396
2025,401767507,11,North Dakota State,North Dakota,1,52,0.08697347959753728,0.40384615384615385,1.102652758726396,83,-0.20301291945561611,0.3373493975903614,1.1097706950816157
2025,401767508,13,North Dakota,South Dakota State,1,67,-0.07504039489987153,0.34328358208955223,1.2762502041408363,74,0.048078724354290336,0.36486486486486486,1.185063919398317
2025,401767508,13,South Dakota State,North Dakota,1,74,0.048078724354290336,0.36486486486486486,1.185063919398317,67,-0.07504039489987153,0.34328358208955223,1.2762502041408363
2025,401767509,1,North Dakota State,The Citadel,1,54,0.4979877930673493,0.5370370370370371,1.362512654636589,25,-0.5068998396341174,0.16,0.7730237922933101
2025,401767509,1,The Citadel,North Dakota State,1,25,-0.5068998396341174,0.16,0.7730237922933101,54,0.4979877930673493,0.5370370370370371,1.362512654636589
2025,401767510,5,North Dakota State,South Dakota,1,45,0.7005163016165254,0.6222222222222222,1.3797468027883415,17,0.09717772415572902,0.35294117647058826,1.0354513962901548
2025,401767510,5,South Dakota,North Dakota State,1,17,0.09717772415572902,0.35294117647058826,1.0354513962901548,45,0.7005163016165254,0.6222222222222222,1.3797468027883415
2025,401767511,7,North Dakota State,Southern Illinois,1,45,0.6961730927455365,0.6,1.5545957881729509,53,0.15799833905280478,0.4716981132075472,1.2212205073382465
2025,401767511,7,Southern Illinois,North Dakota State,1,53,0.15799833905280478,0.4716981132075472,1.2212205073382465,45,0.6961730927455365,0.6,1.5545957881729509
2025,401767512,9,North Dakota State,South Dakota State,1,60,0.35446810211435476,0.43333333333333335,1.6278136583925538,35,-0.08673813147706133,0.37142857142857144,0.8014619963564212
2025,401767512,9,South Dakota State,North Dakota State,1,35,-0.08673813147706133,0.37142857142857144,0.8014619963564212,60,0.35446810211435476,0.43333333333333335,1.6278136583925538
2025,401767513,10,North Dakota State,Youngstown State,1,66,0.17920032545246722,0.4696969696969697,1.151651008243281,61,0.10079981647384847,0.45901639344262296,1.2191923215293576
2025,401767513,10,Youngstown State,North Dakota State,1,61,0.10079981647384847,0.45901639344262296,1.2191923215293576,66,0.17920032545246722,0.4696969696969697,1.151651008243281
2025,401767514,12,North Dakota State,Northern Iowa,1,50,0.1806485420804953,0.54,1.2005197136070052,24,-0.1047983957145738,0.25,1.1074987618561771
2025,401767514,12,Northern Iowa,North Dakota State,1,24,-0.1047983957145738,0.25,1.1074987618561771,50,0.1806485420804953,0.54,1.2005197136070052
2025,401767515,13,North Dakota State,St. Thomas (MN),1,41,0.9370803502642365,0.6097560975609756,1.851876977649408,29,-0.3186979243705799,0.1724137931034483,1.2240619664233996
2025,401767515,13,St. Thomas (MN),North Dakota State,1,29,-0.3186979243705799,0.1724137931034483,1.2240619664233996,41,0.9370803502642365,0.6097560975609756,1.851876977649408
2025,401767517,8,Nicholls,Stephen F. Austin,1,36,-0.3487817975904541,0.3888888888888889,0.23469232089051004,35,0.3162870932988139,0.5428571428571428,1.1719715894814846
2025,401767517,8,Stephen F. Austin,Nicholls,1,35,0.3162870932988139,0.5428571428571428,1.1719715894814846,36,-0.3487817975904541,0.3888888888888889,0.23469232089051004
2025,401767518,11,Nicholls,UT Rio Grande Valley,1,79,0.08491810249288646,0.3924050632911392,1.3646734131857432,62,0.26855157415711717,0.45161290322580644,1.3256155666199188
2025,401767518,11,UT Rio Grande Valley,Nicholls,1,62,0.26855157415711717,0.45161290322580644,1.3256155666199188,79,0.08491810249288646,0.3924050632911392,1.3646734131857432
2025,401767519,12,Nicholls,Northwestern State,1,57,0.24205730525719937,0.43859649122807015,1.4747707574951332,63,0.1044128765916102,0.36507936507936506,1.292762548019487
2025,401767519,12,Northwestern State,Nicholls,1,63,0.1044128765916102,0.36507936507936506,1.292762548019487,57,0.24205730525719937,0.43859649122807015,1.4747707574951332
2025,401767520,13,Nicholls,SE Louisiana,1,59,0.032428475769105736,0.3898305084745763,1.368132312330889,70,0.23475948604578864,0.4714285714285714,1.1834031010476906
2025,401767520,13,SE Louisiana,Nicholls,1,70,0.23475948604578864,0.4714285714285714,1.1834031010476906,59,0.032428475769105736,0.3898305084745763,1.368132312330889
2025,401767521,8,Northwestern State,SE Louisiana,1,27,-0.2703747709974479,0.18518518518518517,0.8327279629907243,30,0.46572491022840007,0.5,1.2943092510548726
2025,401767521,8,SE Louisiana,Northwestern State,1,30,0.46572491022840007,0.5,1.2943092510548726,27,-0.2703747709974479,0.18518518518518517,0.8327279629907243
2025,401767522,13,Northwestern State,Stephen F. Austin,1,27,-0.4753521195530103,0.14814814814814814,1.8753814858100222,29,1.0086410477557934,0.7586206896551724,1.4864729391873166
2025,401767522,13,Stephen F. Austin,Northwestern State,1,29,1.0086410477557934,0.7586206896551724,1.4864729391873166,27,-0.4753521195530103,0.14814814814814814,1.8753814858100222
2025,401767523,5,SE Louisiana,UT Rio Grande Valley,1,63,0.6240882936588934,0.5555555555555556,1.4806102207188074,60,0.2612311603321359,0.4166666666666667,1.611122750127651
2025,401767523,5,UT Rio Grande Valley,SE Louisiana,1,60,0.2612311603321359,0.4166666666666667,1.611122750127651,63,0.6240882936588934,0.5555555555555556,1.4806102207188074
2025,401767524,3,Stephen F. Austin,Sul Ross State,1,27,0.8372964409498498,0.6296296296296297,1.715337264301344,20,-0.500095484435875,0.1,0.1819454477588316
2025,401767524,3,Sul Ross State,Stephen F. Austin,1,20,-0.500095484435875,0.1,0.1819454477588316,27,0.8372964409498498,0.6296296296296297,1.715337264301344
2025,401767525,10,Stephen F. Austin,UT Rio Grande Valley,1,65,0.3168761683844451,0.5846153846153846,0.9947496035502885,33,-0.08460808334280877,0.36363636363636365,1.2518224306913464
2025,401767525,10,UT Rio Grande Valley,Stephen F. Austin,1,33,-0.08460808334280877,0.36363636363636365,1.2518224306913464,65,0.3168761683844451,0.5846153846153846,0.9947496035502885
2025,401767526,1,Sul Ross State,UT Rio Grande Valley,1,20,-0.35449287308430194,0.1,0.46528125597299524,30,0.8872316230594787,0.6333333333333333,1.616284202104664
2025,401767526,1,UT Rio Grande Valley,Sul Ross State,1,30,0.8872316230594787,0.6333333333333333,1.616284202104664,20,-0.35449287308430194,0.1,0.46528125597299524
2025,401767527,3,Langston,UT Rio Grande Valley,1,40,-0.3215374662449498,0.2,1.367885440994758,35,0.7131320499080759,0.45714285714285713,2.272127483173348
2025,401767527,3,UT Rio Grande Valley,Langston,1,35,0.7131320499080759,0.45714285714285713,2.272127483173348,40,-0.3215374662449498,0.2,1.367885440994758
2025,401767528,4,Texas Wesleyan,UT Rio Grande Valley,1,36,-0.7327390252698669,0.2777777777777778,1.528173066373702,35,0.6012196050794804,0.6285714285714286,1.3169569497661
2025,401767528,4,UT Rio Grande Valley,Texas Wesleyan,1,35,0.6012196050794804,0.6285714285714286,1.3169569497661,36,-0.7327390252698669,0.2777777777777778,1.528173066373702
2025,401767529,3,Chattanooga,Stetson,1,41,0.1851743433957054,0.5121951219512195,1.4601212568991802,29,-0.4192881962048063,0.1724137931034483,1.3980999452190197
2025,401767529,3,Stetson,Chattanooga,1,29,-0.4192881962048063,0.1724137931034483,1.3980999452190197,41,0.1851743433957054,0.5121951219512195,1.4601212568991802
2025,401767530,5,Chattanooga,The Citadel,1,55,-0.048701950972156516,0.4,1.3981128127628506,74,0.2755029753922015,0.5135135135135135,1.0945881825156527
2025,401767530,5,The Citadel,Chattanooga,1,74,0.2755029753922015,0.5135135135135135,1.0945881825156527,55,-0.048701950972156516,0.4,1.3981128127628506
2025,401767531,6,Chattanooga,VMI,1,61,0.076904542802703,0.4262295081967213,1.2153627086696535,61,-0.29740979365226555,0.2786885245901639,1.2463331613639348
2025,401767531,6,VMI,Chattanooga,1,61,-0.29740979365226555,0.2786885245901639,1.2463331613639348,61,0.076904542802703,0.4262295081967213,1.2153627086696535
2025,401767532,8,Chattanooga,East Tennessee State,1,74,0.4587139363622261,0.5,1.4088905665938876,74,0.21085092169498598,0.44594594594594594,1.4126067812904661
2025,401767532,8,East Tennessee State,Chattanooga,1,74,0.21085092169498598,0.44594594594594594,1.4126067812904661,74,0.4587139363622261,0.5,1.4088905665938876
2025,401767533,9,Chattanooga,Samford,1,58,0.23995887264052657,0.39655172413793105,1.5658867707806052,61,-0.08041466101909532,0.2459016393442623,1.3890056063753815
2025,401767533,9,Samford,Chattanooga,1,61,-0.08041466101909532,0.2459016393442623,1.3890056063753815,58,0.23995887264052657,0.39655172413793105,1.5658867707806052
2025,401767534,10,Chattanooga,Western Carolina,1,78,0.08846361539224927,0.41025641025641024,1.431908235696396,63,0.23855051898893906,0.4444444444444444,1.3674518446475172
2025,401767534,10,Western Carolina,Chattanooga,1,63,0.23855051898893906,0.4444444444444444,1.3674518446475172,78,0.08846361539224927,0.41025641025641024,1.431908235696396
2025,401767535,11,Chattanooga,Furman,1,77,0.40545114804846766,0.4675324675324675,1.481168906747903,51,0.21096688242071737,0.49019607843137253,1.1802335870167302
2025,401767535,11,Furman,Chattanooga,1,51,0.21096688242071737,0.49019607843137253,1.1802335870167302,77,0.40545114804846766,0.4675324675324675,1.481168906747903
2025,401767536,1,Butler,Northern Iowa,1,59,0.07803529995573673,0.4576271186440678,1.1172380513155475,49,0.5411236743769149,0.4897959183673469,1.6209099648344454
2025,401767536,1,Northern Iowa,Butler,1,49,0.5411236743769149,0.4897959183673469,1.6209099648344454,59,0.07803529995573673,0.4576271186440678,1.1172380513155475
2025,401767537,7,Northern Iowa,South Dakota State,1,46,-0.44705862469115987,0.34782608695652173,0.7772562831789595,57,0.10460861317102177,0.42105263157894735,1.2164932714453518
2025,401767537,7,South Dakota State,Northern Iowa,1,57,0.10460861317102177,0.42105263157894735,1.2164932714453518,46,-0.44705862469115987,0.34782608695652173,0.7772562831789595
2025,401767538,8,Northern Iowa,South Dakota,1,67,0.0885886452745824,0.373134328358209,1.220541546416811,56,0.008693295282424659,0.375,1.2472158810788165
2025,401767538,8,South Dakota,Northern Iowa,1,56,0.008693295282424659,0.375,1.2472158810788165,67,0.0885886452745824,0.373134328358209,1.220541546416811
2025,401767539,9,Northern Iowa,Southern Illinois,1,47,0.06928121028642119,0.2978723404255319,1.6039426761296374,53,0.26477310050012093,0.4339622641509434,1.1842606330574412
2025,401767539,9,Southern Illinois,Northern Iowa,1,53,0.26477310050012093,0.4339622641509434,1.1842606330574412,47,0.06928121028642119,0.2978723404255319,1.6039426761296374
2025,401767540,13,Northern Iowa,Youngstown State,1,61,0.3412264792489036,0.5409836065573771,1.1192244279214363,63,0.2603780037004081,0.47619047619047616,1.4640640917703769
2025,401767540,13,Youngstown State,Northern Iowa,1,63,0.2603780037004081,0.47619047619047616,1.4640640917703769,61,0.3412264792489036,0.5409836065573771,1.1192244279214363
2025,401767541,4,Drake,South Dakota,1,31,-0.13277360234758753,0.3870967741935484,1.0311776650277131,46,0.6595536944505035,0.5869565217391305,1.4306598431527822
2025,401767541,4,South Dakota,Drake,1,46,0.6595536944505035,0.5869565217391305,1.4306598431527822,31,-0.13277360234758753,0.3870967741935484,1.0311776650277131
2025,401767542,11,South Dakota,South Dakota State,1,66,0.1725083306963884,0.5151515151515151,0.9123867343819807,56,0.0844023455862055,0.35714285714285715,1.3528685173751345
2025,401767542,11,South Dakota State,South Dakota,1,56,0.0844023455862055,0.35714285714285715,1.3528685173751345,66,0.1725083306963884,0.5151515151515151,0.9123867343819807
2025,401767543,12,South Dakota,Southern Illinois,1,82,0.26873109080903934,0.4878048780487805,1.1560009500440802,66,0.3155620268415836,0.42424242424242425,1.6375392873873018
2025,401767543,12,Southern Illinois,South Dakota,1,66,0.3155620268415836,0.42424242424242425,1.6375392873873018,82,0.26873109080903934,0.4878048780487805,1.1560009500440802
2025,401767544,3,Drake,South Dakota State,1,60,0.07219784791581188,0.4,1.136901183183163,68,0.20355507169369078,0.5,1.141806490177399
2025,401767544,3,South Dakota State,Drake,1,68,0.20355507169369078,0.5,1.141806490177399,60,0.07219784791581188,0.4,1.136901183183163
2025,401767545,5,Mercyhurst,South Dakota State,1,31,-0.15247158016289902,0.3225806451612903,1.579600583663778,46,0.4424402168514675,0.5652173913043478,1.178374215506568
2025,401767545,5,South Dakota State,Mercyhurst,1,46,0.4424402168514675,0.5652173913043478,1.178374215506568,31,-0.15247158016289902,0.3225806451612903,1.579600583663778
2025,401767546,6,South Dakota State,Youngstown State,1,66,0.08492164021697554,0.4393939393939394,1.3738503389886196,71,0.2299547010516396,0.4788732394366197,1.1211635673225737
2025,401767546,6,Youngstown State,South Dakota State,1,71,0.2299547010516396,0.4788732394366197,1.1211635673225737,66,0.08492164021697554,0.4393939393939394,1.3738503389886196
2025,401767547,1,Southern Illinois,Thomas More,1,46,0.3519955647498855,0.5652173913043478,1.187722770245942,31,-0.25468854962265364,0.3548387096774194,0.43810827856835416
2025,401767547,1,Thomas More,Southern Illinois,1,31,-0.25468854962265364,0.3548387096774194,0.43810827856835416,46,0.3519955647498855,0.5652173913043478,1.187722770245942
2025,401767548,11,Southern Illinois,Youngstown State,1,74,0.4301601042674564,0.5135135135135135,1.4997548750822813,73,0.7062830761719561,0.5616438356164384,1.5933389818866337
2025,401767548,11,Youngstown State,Southern Illinois,1,73,0.7062830761719561,0.5616438356164384,1.5933389818866337,74,0.4301601042674564,0.5135135135135135,1.4997548750822813
2025,401767549,1,Mercyhurst,Youngstown State,1,71,-0.02665096372327563,0.4084507042253521,1.1900058080097076,61,0.13067765954787666,0.47540983606557374,0.9326270897308079
2025,401767549,1,Youngstown State,Mercyhurst,1,61,0.13067765954787666,0.47540983606557374,0.9326270897308079,71,-0.02665096372327563,0.4084507042253521,1.1900058080097076
2025,401767551,4,Brown,Georgetown,1,28,0.29096376783089645,0.42857142857142855,1.1259146020699504,21,-0.2757809828001722,0.2857142857142857,1.2279146992492713
2025,401767551,4,Georgetown,Brown,1,21,-0.2757809828001722,0.2857142857142857,1.2279146992492713,28,0.29096376783089645,0.42857142857142855,1.1259146020699504
2025,401767552,5,Brown,Harvard,1,26,-0.6664793572134716,0.34615384615384615,1.0286338867251508,49,0.49776121865334627,0.5102040816326531,1.408563473778996
2025,401767552,5,Harvard,Brown,1,49,0.49776121865334627,0.5102040816326531,1.408563473778996,26,-0.6664793572134716,0.34615384615384615,1.0286338867251508
2025,401767553,8,Brown,Princeton,1,87,-0.05436813933192994,0.41379310344827586,1.155707825220265,70,0.2653143865520828,0.5142857142857142,1.0727133627387262
2025,401767553,8,Princeton,Brown,1,70,0.2653143865520828,0.5142857142857142,1.0727133627387262,87,-0.05436813933192994,0.41379310344827586,1.155707825220265
2025,401767554,9,Brown,Cornell,1,85,0.06994702593232878,0.32941176470588235,1.684993108319857,96,0.08248061486850478,0.4583333333333333,1.1964109658658475
2025,401767554,9,Cornell,Brown,1,96,0.08248061486850478,0.4583333333333333,1.1964109658658475,85,0.06994702593232878,0.32941176470588235,1.684993108319857
2025,401767555,10,Brown,Pennsylvania,1,67,0.2728385789785237,0.40298507462686567,1.5494591136586056,71,0.2991458050694433,0.5211267605633803,1.2301263438093961
2025,401767555,10,Pennsylvania,Brown,1,71,0.2991458050694433,0.5211267605633803,1.2301263438093961,67,0.2728385789785237,0.40298507462686567,1.5494591136586056
2025,401767556,12,Chattanooga,Mercer,1,32,-0.6507590102068829,0.15625,0.7889616391816886,38,0.47010767016474475,0.5789473684210527,1.2250178277092785
2025,401767556,12,Mercer,Chattanooga,1,38,0.47010767016474475,0.5789473684210527,1.2250178277092785,32,-0.6507590102068829,0.15625,0.7889616391816886
2025,401767557,13,Chattanooga,Wofford,1,70,-0.04344484096223057,0.42857142857142855,1.1717708523109591,55,0.3502220955334586,0.43636363636363634,1.5017645243708533
2025,401767557,13,Wofford,Chattanooga,1,55,0.3502220955334586,0.43636363636363634,1.5017645243708533,70,-0.04344484096223057,0.42857142857142855,1.1717708523109591
2025,401767558,5,East Tennessee State,Mercer,1,78,0.2389963705239467,0.47435897435897434,1.265311680833367,71,0.3478822169730551,0.4647887323943662,1.3577014763843516
2025,401767558,5,Mercer,East Tennessee State,1,71,0.3478822169730551,0.4647887323943662,1.3577014763843516,78,0.2389963705239467,0.47435897435897434,1.265311680833367
2025,401767559,6,East Tennessee State,Furman,1,66,-0.08768982638984939,0.42424242424242425,1.175318898619713,81,0.21503167493111225,0.5185185185185185,1.0005995472148441
2025,401767559,6,Furman,East Tennessee State,1,81,0.21503167493111225,0.5185185185185185,1.0005995472148441,66,-0.08768982638984939,0.42424242424242425,1.175318898619713
2025,401767560,7,East Tennessee State,VMI,1,47,0.13670680004563215,0.48936170212765956,1.1243747437679537,31,-0.44928015898766616,0.16129032258064516,0.7372532357066154
2025,401767560,7,VMI,East Tennessee State,1,31,-0.44928015898766616,0.16129032258064516,0.7372532357066154,47,0.13670680004563215,0.48936170212765956,1.1243747437679537
2025,401767561,9,East Tennessee State,Wofford,1,70,0.0742013168013315,0.38571428571428573,1.227976449494632,62,-0.17575939459337445,0.3225806451612903,0.8130169479005526
2025,401767561,9,Wofford,East Tennessee State,1,62,-0.17575939459337445,0.3225806451612903,0.8130169479005526,70,0.0742013168013315,0.38571428571428573,1.227976449494632
2025,401767562,11,East Tennessee State,Samford,1,50,0.5327408700761982,0.5,1.683213158958621,42,0.07339939083151911,0.2619047619047619,2.03429899365814
2025,401767562,11,Samford,East Tennessee State,1,42,0.07339939083151911,0.2619047619047619,2.03429899365814,50,0.5327408700761982,0.5,1.683213158958621
2025,401767563,12,East Tennessee State,Western Carolina,1,90,0.2813984187314758,0.4888888888888889,1.4157550796063423,85,0.17687065595044055,0.4588235294117647,1.235392326514782
2025,401767563,12,Western Carolina,East Tennessee State,1,85,0.17687065595044055,0.4588235294117647,1.235392326514782,90,0.2813984187314758,0.4888888888888889,1.4157550796063423
2025,401767564,13,East Tennessee State,The Citadel,1,72,0.1760564264595198,0.4722222222222222,1.2613884374664242,68,0.10389795272325285,0.4411764705882353,1.4622074429330512
2025,401767564,13,The Citadel,East Tennessee State,1,68,0.10389795272325285,0.4411764705882353,1.4622074429330512,72,0.1760564264595198,0.4722222222222222,1.2613884374664242
2025,401767565,2,Furman,Presbyterian,1,69,-0.03287891694338619,0.4492753623188406,1.022701626832336,67,0.058438256808183424,0.44776119402985076,1.1691963846972426
2025,401767565,2,Presbyterian,Furman,1,67,0.058438256808183424,0.44776119402985076,1.1691963846972426,69,-0.03287891694338619,0.4492753623188406,1.022701626832336
2025,401767566,5,Furman,Samford,1,67,0.1752052895998101,0.40298507462686567,1.2668574105106205,73,-0.09617830124143985,0.3287671232876712,1.4513757722541347
2025,401767566,5,Samford,Furman,1,73,-0.09617830124143985,0.3287671232876712,1.4513757722541347,67,0.1752052895998101,0.40298507462686567,1.2668574105106205
2025,401767567,7,Furman,Western Carolina,1,49,-0.24360615388608656,0.3469387755102041,1.4104911546028596,45,0.2538317747251728,0.4888888888888889,1.3170737143864315
2025,401767567,7,Western Carolina,Furman,1,45,0.2538317747251728,0.4888888888888889,1.3170737143864315,49,-0.24360615388608656,0.3469387755102041,1.4104911546028596
2025,401767568,8,Furman,Wofford,1,61,-0.08297824281235788,0.36065573770491804,1.483781892690912,55,0.16202436230681486,0.43636363636363634,1.036357645795579
2025,401767568,8,Wofford,Furman,1,55,0.16202436230681486,0.43636363636363634,1.036357645795579,61,-0.08297824281235788,0.36065573770491804,1.483781892690912
2025,401767569,9,Furman,The Citadel,1,59,0.17684720076439198,0.4915254237288136,0.9059597105669951,55,0.18997899607686428,0.34545454545454546,1.745839720492539
2025,401767569,9,The Citadel,Furman,1,55,0.18997899607686428,0.34545454545454546,1.745839720492539,59,0.17684720076439198,0.4915254237288136,0.9059597105669951
2025,401767570,10,Furman,Mercer,1,31,0.15741730811520668,0.22580645161290322,2.528037640797771,80,0.3963836282664521,0.55,1.3415540767545167
2025,401767570,10,Mercer,Furman,1,80,0.3963836282664521,0.55,1.3415540767545167,31,0.15741730811520668,0.22580645161290322,2.528037640797771
2025,401767571,12,Furman,VMI,1,83,0.12664820364666074,0.4939759036144578,0.9778171012184121,43,-0.09732409057575674,0.3023255813953488,1.147361485678826
2025,401767571,12,VMI,Furman,1,43,-0.09732409057575674,0.3023255813953488,1.147361485678826,83,0.12664820364666074,0.4939759036144578,0.9778171012184121
2025,401767572,1,Mercer,Presbyterian,1,60,0.014437345657952353,0.43333333333333335,0.9861943350457871,70,0.09161409604236072,0.35714285714285715,1.568271786866506
2025,401767572,1,Presbyterian,Mercer,1,70,0.09161409604236072,0.35714285714285715,1.568271786866506,60,0.014437345657952353,0.43333333333333335,0.9861943350457871
2025,401767573,3,Mercer,Wofford,1,83,-0.04622619388528494,0.46987951807228917,0.8917921893239796,45,-0.05192237892771077,0.26666666666666666,1.8024638922847303
2025,401767573,3,Wofford,Mercer,1,45,-0.05192237892771077,0.26666666666666666,1.8024638922847303,83,-0.04622619388528494,0.46987951807228917,0.8917921893239796
2025,401767574,4,Mercer,The Citadel,1,49,0.29694002821110727,0.4489795918367347,1.396228214878744,41,-0.21099522844478974,0.21951219512195122,1.1102240885726475
2025,401767574,4,The Citadel,Mercer,1,41,-0.21099522844478974,0.21951219512195122,1.1102240885726475,49,0.29694002821110727,0.4489795918367347,1.396228214878744
2025,401767575,6,Mercer,Samford,1,64,0.3985043526658218,0.46875,1.464261407427384,52,0.021268125180786843,0.23076923076923078,2.4038071329735415
2025,401767575,6,Samford,Mercer,1,52,0.021268125180786843,0.23076923076923078,2.4038071329735415,64,0.3985043526658218,0.46875,1.464261407427384
2025,401767576,7,Mercer,Princeton,1,57,0.3703259879921161,0.5614035087719298,1.2437981083415959,50,-0.18261848879523712,0.3,1.4393705742916012
2025,401767576,7,Princeton,Mercer,1,50,-0.18261848879523712,0.3,1.4393705742916012,57,0.3703259879921161,0.5614035087719298,1.2437981083415959
2025,401767577,9,Mercer,VMI,1,37,0.9183349506515833,0.4594594594594595,2.604592354764651,36,-0.11282862704497516,0.16666666666666666,1.7819147622260985
2025,401767577,9,VMI,Mercer,1,36,-0.11282862704497516,0.16666666666666666,1.7819147622260985,37,0.9183349506515833,0.4594594594594595,2.604592354764651
2025,401767578,11,Mercer,Western Carolina,1,70,0.4298061204108498,0.38571428571428573,1.8113941923037506,89,0.2456170698115951,0.4044943820224719,1.6591285825259754
2025,401767578,11,Western Carolina,Mercer,1,89,0.2456170698115951,0.4044943820224719,1.6591285825259754,70,0.4298061204108498,0.38571428571428573,1.8113941923037506
2025,401767580,4,Samford,Western Carolina,1,77,0.31517682436443345,0.42857142857142855,1.565737815544551,73,0.4109652869674222,0.547945205479452,1.5672669130345145
2025,401767580,4,Western Carolina,Samford,1,73,0.4109652869674222,0.547945205479452,1.5672669130345145,77,0.31517682436443345,0.42857142857142855,1.565737815544551
2025,401767581,8,Samford,VMI,1,75,0.10679131324869741,0.4,1.2704276704071753,69,0.3052530607129023,0.42028985507246375,1.4596853269593333
2025,401767581,8,VMI,Samford,1,69,0.3052530607129023,0.42028985507246375,1.4596853269593333,75,0.10679131324869741,0.4,1.2704276704071753
2025,401767582,10,Samford,Wofford,1,84,-0.34697997220164045,0.2857142857142857,1.3751979892294912,64,-0.2789980294600863,0.3125,1.09405654741274
2025,401767582,10,Wofford,Samford,1,64,-0.2789980294600863,0.3125,1.09405654741274,84,-0.34697997220164045,0.2857142857142857,1.3751979892294912
2025,401767584,8,The Citadel,Western Carolina,1,57,0.3995998568075791,0.38596491228070173,1.7008308223487114,69,0.4437672774629527,0.5362318840579711,1.3204293312538655
2025,401767584,8,Western Carolina,The Citadel,1,69,0.4437672774629527,0.5362318840579711,1.3204293312538655,57,0.3995998568075791,0.38596491228070173,1.7008308223487114
2025,401767585,10,The Citadel,VMI,1,68,0.3406777866958707,0.5294117647058824,1.1668475702088386,64,0.31405722718357626,0.5,1.1846983618565987
2025,401767585,10,VMI,The Citadel,1,64,0.31405722718357626,0.5,1.1846983618565987,68,0.3406777866958707,0.5294117647058824,1.1668475702088386
2025,401767586,12,The Citadel,Wofford,1,68,-0.022432599585487253,0.3382352941176471,1.3798920665409822,67,0.05552875064611239,0.34328358208955223,1.171290287640811
2025,401767586,12,Wofford,The Citadel,1,67,0.05552875064611239,0.34328358208955223,1.171290287640811,68,-0.022432599585487253,0.3382352941176471,1.3798920665409822
2025,401767587,2,Ferrum,VMI,1,35,-0.3371279982650216,0.2,0.9524993470026303,51,0.3064482869776952,0.45098039215686275,1.6957050626079766
2025,401767587,2,VMI,Ferrum,1,51,0.3064482869776952,0.45098039215686275,1.6957050626079766,35,-0.3371279982650216,0.2,0.9524993470026303
2025,401767588,3,Bucknell,VMI,1,63,0.4231615460806341,0.3968253968253968,1.854954238311201,66,0.20860032933004916,0.36363636363636365,1.624600150675715
2025,401767588,3,VMI,Bucknell,1,66,0.20860032933004916,0.36363636363636365,1.624600150675715,63,0.4231615460806341,0.3968253968253968,1.854954238311201
2025,401767589,4,Richmond,VMI,1,51,0.44747123025856317,0.49019607843137253,1.5910760065196832,46,0.09902095702849473,0.391304347826087,1.262381549210568
2025,401767589,4,VMI,Richmond,1,46,0.09902095702849473,0.391304347826087,1.262381549210568,51,0.44747123025856317,0.49019607843137253,1.5910760065196832
2025,401767590,11,VMI,Wofford,1,50,-0.20876151191744316,0.26,1.0453940870280256,50,0.40167767289933076,0.44,1.473002376539187
2025,401767590,11,Wofford,VMI,1,50,0.40167767289933076,0.44,1.473002376539187,50,-0.20876151191744316,0.26,1.0453940870280256
2025,401767591,13,VMI,Western Carolina,1,59,-0.049352111091829534,0.3389830508474576,1.191816291928257,55,0.3689394260174902,0.6181818181818182,0.9898091644830329
2025,401767591,13,Western Carolina,VMI,1,55,0.3689394260174902,0.6181818181818182,0.9898091644830329,59,-0.049352111091829534,0.3389830508474576,1.191816291928257
2025,401767593,2,Richmond,Wofford,1,136,0.0385878007615156,0.35294117647058826,1.3340890130537246,93,-0.18674216422949763,0.3118279569892473,0.9412784841902945
2025,401767593,2,Wofford,Richmond,1,93,-0.18674216422949763,0.3118279569892473,0.9412784841902945,136,0.0385878007615156,0.35294117647058826,1.3340890130537246
2025,401767594,5,Butler,Marist,1,66,0.11579407455499387,0.36363636363636365,1.423375887205064,60,-0.1430787303696105,0.2833333333333333,1.6847537918863147
2025,401767594,5,Marist,Butler,1,60,-0.1430787303696105,0.2833333333333333,1.6847537918863147,66,0.11579407455499387,0.36363636363636365,1.423375887205064
2025,401767595,6,Butler,St. Thomas (MN),1,59,0.06640769056313671,0.5084745762711864,0.7304594971161794,61,0.17005817036685109,0.5081967213114754,0.9989402281328776
2025,401767595,6,St. Thomas (MN),Butler,1,61,0.17005817036685109,0.5081967213114754,0.9989402281328776,59,0.06640769056313671,0.5084745762711864,0.7304594971161794
2025,401767596,7,Butler,Presbyterian,1,81,0.17994273889071216,0.48148148148148145,0.94010506788167,44,0.5069365878956108,0.5454545454545454,1.4305736481995155
2025,401767596,7,Presbyterian,Butler,1,44,0.5069365878956108,0.5454545454545454,1.4305736481995155,81,0.17994273889071216,0.48148148148148145,0.94010506788167
2025,401767597,8,Butler,Dayton,1,61,0.2107039373461932,0.36065573770491804,1.5469241538277843,57,0.10155693169215158,0.3157894736842105,1.7083782437332846
2025,401767597,8,Dayton,Butler,1,57,0.10155693169215158,0.3157894736842105,1.7083782437332846,61,0.2107039373461932,0.36065573770491804,1.5469241538277843
2025,401767598,10,Butler,Drake,1,54,0.08804829456603377,0.48148148148148145,0.9655652532957321,67,0.25531121985702887,0.44776119402985076,1.4714643619020609
2025,401767598,10,Drake,Butler,1,67,0.25531121985702887,0.44776119402985076,1.4714643619020609,54,0.08804829456603377,0.48148148148148145,0.9655652532957321
2025,401767599,11,Butler,Morehead State,1,72,0.039302146956614,0.4722222222222222,1.0064354024829696,59,0.2531489997768988,0.4406779661016949,1.3885942871307786
2025,401767599,11,Morehead State,Butler,1,59,0.2531489997768988,0.4406779661016949,1.3885942871307786,72,0.039302146956614,0.4722222222222222,1.0064354024829696
2025,401767600,12,Butler,San Diego,1,61,-0.358176653485421,0.2786885245901639,1.1762016511518436,59,0.2098688059010245,0.423728813559322,1.3395475534565293
2025,401767600,12,San Diego,Butler,1,59,0.2098688059010245,0.423728813559322,1.3395475534565293,61,-0.358176653485421,0.2786885245901639,1.1762016511518436
2025,401767601,13,Butler,Valparaiso,1,67,0.08479103618297516,0.4626865671641791,1.0585632202384971,55,0.21732418289836966,0.45454545454545453,1.2458897201495966
2025,401767601,13,Valparaiso,Butler,1,55,0.21732418289836966,0.45454545454545453,1.2458897201495966,67,0.08479103618297516,0.4626865671641791,1.0585632202384971
2025,401767602,1,Davidson,Georgetown,1,43,-0.0704231693250091,0.3488372093023256,1.6333698639044343,43,0.7530553000471408,0.5348837209302325,1.79531196992677
2025,401767602,1,Georgetown,Davidson,1,43,0.7530553000471408,0.5348837209302325,1.79531196992677,43,-0.0704231693250091,0.3488372093023256,1.6333698639044343
2025,401767603,4,Davidson,Greensboro,1,38,0.509994487776724,0.5526315789473685,1.5424558392613077,23,-0.4113888229780827,0.2608695652173913,0.8881884978393377
2025,401767603,4,Greensboro,Davidson,1,23,-0.4113888229780827,0.2608695652173913,0.8881884978393377,38,0.509994487776724,0.5526315789473685,1.5424558392613077
2025,401767604,6,Davidson,Stetson,1,68,0.08306147550689139,0.4411764705882353,1.308845885149464,57,0.43917898980431774,0.5614035087719298,1.4136411281367576
2025,401767604,6,Stetson,Davidson,1,57,0.43917898980431774,0.5614035087719298,1.4136411281367576,68,0.08306147550689139,0.4411764705882353,1.308845885149464
2025,401767605,7,Davidson,St. Thomas (MN),1,32,-0.014566222730453944,0.375,1.1741998860254939,32,0.3003276752379592,0.5,1.2644368505950263
2025,401767605,7,St. Thomas (MN),Davidson,1,32,0.3003276752379592,0.5,1.2644368505950263,32,-0.014566222730453944,0.375,1.1741998860254939
2025,401767606,8,Davidson,Drake,1,34,0.05212017668222742,0.29411764705882354,1.6827800175230059,39,0.5874536621239423,0.7435897435897436,0.937991780997123
2025,401767606,8,Drake,Davidson,1,39,0.5874536621239423,0.7435897435897436,0.937991780997123,34,0.05212017668222742,0.29411764705882354,1.6827800175230059
2025,401767607,9,Davidson,San Diego,1,55,0.2831404614543121,0.43636363636363634,1.540055020754222,77,0.33475514952681895,0.4935064935064935,1.3000518619235908
2025,401767607,9,San Diego,Davidson,1,77,0.33475514952681895,0.4935064935064935,1.3000518619235908,55,0.2831404614543121,0.43636363636363634,1.540055020754222
2025,401767608,10,Davidson,Morehead State,1,68,0.08408552923392641,0.4411764705882353,1.1514728245321613,71,0.0681706905757896,0.43661971830985913,1.3787447851720849
2025,401767608,10,Morehead State,Davidson,1,71,0.0681706905757896,0.43661971830985913,1.3787447851720849,68,0.08408552923392641,0.4411764705882353,1.1514728245321613
2025,401767609,11,Davidson,Presbyterian,1,68,-0.10541167987089152,0.35294117647058826,0.8334736565778534,65,-0.27351556541726085,0.46153846153846156,0.6737257354236696
2025,401767609,11,Presbyterian,Davidson,1,65,-0.27351556541726085,0.46153846153846156,0.6737257354236696,68,-0.10541167987089152,0.35294117647058826,0.8334736565778534
2025,401767610,12,Davidson,Marist,1,62,-0.24409356810897753,0.3387096774193548,1.4299697315060356,57,0.4715966517492562,0.5087719298245614,1.4107329278091885
2025,401767610,12,Marist,Davidson,1,57,0.4715966517492562,0.5087719298245614,1.4107329278091885,62,-0.24409356810897753,0.3387096774193548,1.4299697315060356
2025,401767611,13,Davidson,Dayton,1,39,-0.3380436725501524,0.3333333333333333,1.0409845453957567,61,0.26607399507724433,0.47540983606557374,1.2917091776099852
2025,401767611,13,Dayton,Davidson,1,61,0.26607399507724433,0.47540983606557374,1.2917091776099852,39,-0.3380436725501524,0.3333333333333333,1.0409845453957567
2025,401767612,2,Dayton,Thomas More,1,55,0.3227168954947518,0.4909090909090909,1.1124485441166423,39,-0.13454078332223637,0.41025641025641024,0.9767722359807018
2025,401767612,2,Thomas More,Dayton,1,39,-0.13454078332223637,0.41025641025641024,0.9767722359807018,55,0.3227168954947518,0.4909090909090909,1.1124485441166423
2025,401767613,4,Dayton,Robert Morris,1,51,0.1878497824041703,0.35294117647058826,1.4807473347866675,64,-0.051632549311566085,0.296875,1.607671318723863
2025,401767613,4,Robert Morris,Dayton,1,64,-0.051632549311566085,0.296875,1.607671318723863,51,0.1878497824041703,0.35294117647058826,1.4807473347866675
2025,401767614,5,Dayton,Stetson,1,43,0.7485919837737072,0.46511627906976744,2.186247301352229,42,-0.11760866148663175,0.30952380952380953,1.7290554523536712
2025,401767614,5,Stetson,Dayton,1,42,-0.11760866148663175,0.30952380952380953,1.7290554523536712,43,0.7485919837737072,0.46511627906976744,2.186247301352229
2025,401767615,6,Dayton,Morehead State,1,67,0.33858516689529833,0.44776119402985076,1.3412722069672327,60,-0.03542400184347929,0.36666666666666664,1.6235602424806366
2025,401767615,6,Morehead State,Dayton,1,60,-0.03542400184347929,0.36666666666666664,1.6235602424806366,67,0.33858516689529833,0.44776119402985076,1.3412722069672327
2025,401767616,7,Dayton,Valparaiso,1,32,0.7052217446076808,0.5625,1.5212193493827597,34,-0.4653459770819942,0.29411764705882354,0.9503561438226854
2025,401767616,7,Valparaiso,Dayton,1,34,-0.4653459770819942,0.29411764705882354,0.9503561438226854,32,0.7052217446076808,0.5625,1.5212193493827597
2025,401767617,9,Dayton,Presbyterian,1,65,0.2439452330729024,0.36923076923076925,1.9236017565575223,62,0.008142457368322371,0.41935483870967744,1.1069537688449564
2025,401767617,9,Presbyterian,Dayton,1,62,0.008142457368322371,0.41935483870967744,1.1069537688449564,65,0.2439452330729024,0.36923076923076925,1.9236017565575223
2025,401767618,10,Dayton,San Diego,1,40,-0.40173467468322754,0.25,1.0578455135719238,68,0.1444573014414612,0.35294117647058826,1.4710670529520966
2025,401767618,10,San Diego,Dayton,1,68,0.1444573014414612,0.35294117647058826,1.4710670529520966,40,-0.40173467468322754,0.25,1.0578455135719238
2025,401767619,12,Dayton,Drake,1,83,-0.12249239500288114,0.3373493975903614,1.4887476183481938,57,-0.08022610043669487,0.3333333333333333,1.4405488409796132
2025,401767619,12,Drake,Dayton,1,57,-0.08022610043669487,0.3333333333333333,1.4405488409796132,83,-0.12249239500288114,0.3373493975903614,1.4887476183481938
2025,401767620,1,Drake,Upper Iowa,1,53,0.30666059219966446,0.49056603773584906,1.375808991609587,35,-0.08526521207499693,0.3142857142857143,1.5457438733491424
2025,401767620,1,Upper Iowa,Drake,1,35,-0.08526521207499693,0.3142857142857143,1.5457438733491424,53,0.30666059219966446,0.49056603773584906,1.375808991609587
2025,401767621,6,Drake,Valparaiso,1,45,0.255259904618661,0.4,1.2754478599538064,44,-0.3628127471896804,0.2727272727272727,1.0013921608345975
2025,401767621,6,Valparaiso,Drake,1,44,-0.3628127471896804,0.2727272727272727,1.0013921608345975,45,0.255259904618661,0.4,1.2754478599538064
2025,401767622,7,Drake,San Diego,1,63,0.077946442575179,0.3333333333333333,1.3502134200579037,68,0.06574428270676869,0.29411764705882354,1.2396176074890635
2025,401767622,7,San Diego,Drake,1,68,0.06574428270676869,0.29411764705882354,1.2396176074890635,63,0.077946442575179,0.3333333333333333,1.3502134200579037
2025,401767623,9,Drake,Marist,1,62,0.21265274357431166,0.45161290322580644,1.2486121706755389,67,-0.02401068231024337,0.417910447761194,1.1425944205295502
2025,401767623,9,Marist,Drake,1,67,-0.02401068231024337,0.417910447761194,1.1425944205295502,62,0.21265274357431166,0.45161290322580644,1.2486121706755389
2025,401767624,11,Drake,St. Thomas (MN),1,59,-0.11378178909052052,0.3389830508474576,1.5431892230433235,61,0.12613700730309368,0.4262295081967213,1.0191894179720828
2025,401767624,11,St. Thomas (MN),Drake,1,61,0.12613700730309368,0.4262295081967213,1.0191894179720828,59,-0.11378178909052052,0.3389830508474576,1.5431892230433235
2025,401767625,13,Drake,Morehead State,1,57,0.0772521991940396,0.5263157894736842,0.8338022642732541,65,0.04350251715801255,0.4307692307692308,1.1367350151328945
2025,401767625,13,Morehead State,Drake,1,65,0.04350251715801255,0.4307692307692308,1.1367350151328945,57,0.0772521991940396,0.5263157894736842,0.8338022642732541
2025,401767626,2,Bucknell,Marist,1,53,0.24978809130318896,0.39622641509433965,1.5331755505837894,82,0.09278598112703432,0.4634146341463415,1.0142905490558998
2025,401767626,2,Marist,Bucknell,1,82,0.09278598112703432,0.4634146341463415,1.0142905490558998,53,0.24978809130318896,0.39622641509433965,1.5331755505837894
2025,401767627,3,Marist,Wagner,1,72,-0.21100072013337462,0.3194444444444444,1.1264606947031595,71,-0.36932478972455446,0.36619718309859156,1.0281633001135784
2025,401767627,3,Wagner,Marist,1,71,-0.36932478972455446,0.36619718309859156,1.0281633001135784,72,-0.21100072013337462,0.3194444444444444,1.1264606947031595
2025,401767628,6,Marist,San Diego,1,71,-0.027260084665362765,0.30985915492957744,1.5095629307139409,73,-0.24506220467302772,0.2876712328767123,1.2009930151352006
2025,401767628,6,San Diego,Marist,1,73,-0.24506220467302772,0.2876712328767123,1.2009930151352006,71,-0.027260084665362765,0.30985915492957744,1.5095629307139409
2025,401767629,7,Marist,Pennsylvania,1,53,-0.07884277870578141,0.32075471698113206,1.2300453870619361,65,0.25141891918778647,0.46153846153846156,1.447757331319499
2025,401767629,7,Pennsylvania,Marist,1,65,0.25141891918778647,0.46153846153846156,1.447757331319499,53,-0.07884277870578141,0.32075471698113206,1.2300453870619361
2025,401767630,8,Marist,Morehead State,1,79,-0.04558312364230672,0.4050632911392405,1.2193284879457844,54,0.07808094208144412,0.5,0.723282298457689
2025,401767630,8,Morehead State,Marist,1,54,0.07808094208144412,0.5,0.723282298457689,79,-0.04558312364230672,0.4050632911392405,1.2193284879457844
2025,401767631,10,Marist,St. Thomas (MN),1,33,-0.5095093168127333,0.3333333333333333,0.9340472249096939,38,0.4226129445533863,0.5,1.5251500268770826
2025,401767631,10,St. Thomas (MN),Marist,1,38,0.4226129445533863,0.5,1.5251500268770826,33,-0.5095093168127333,0.3333333333333333,0.9340472249096939
2025,401767632,11,Marist,Stetson,1,25,0.6107775084518832,0.48,1.8886697067257212,48,-0.1659156866053895,0.375,1.484191079608954
2025,401767632,11,Stetson,Marist,1,48,-0.1659156866053895,0.375,1.484191079608954,25,0.6107775084518832,0.48,1.8886697067257212
2025,401767633,13,Marist,Presbyterian,1,63,-0.03784950935814892,0.36507936507936506,1.0311123621994078,70,0.05044172183468809,0.44285714285714284,1.1240289842756996
2025,401767633,13,Presbyterian,Marist,1,70,0.05044172183468809,0.44285714285714284,1.1240289842756996,63,-0.03784950935814892,0.36507936507936506,1.0311123621994078
2025,401767634,1,Allen,Morehead State,1,71,0.2588383588793223,0.5352112676056338,1.0637332500839627,51,0.41171827408028533,0.49019607843137253,1.2797131340723695
2025,401767634,1,Morehead State,Allen,1,51,0.41171827408028533,0.49019607843137253,1.2797131340723695,71,0.2588383588793223,0.5352112676056338,1.0637332500839627
2025,401767635,4,Kentucky Christian,Morehead State,1,41,0.3628852778696372,0.43902439024390244,1.6297343159444462,56,0.6294994592069373,0.7142857142857143,1.1279223004786387
2025,401767635,4,Morehead State,Kentucky Christian,1,56,0.6294994592069373,0.7142857142857143,1.1279223004786387,41,0.3628852778696372,0.43902439024390244,1.6297343159444462
2025,401767636,5,Morehead State,Presbyterian,1,39,-0.8368297490116695,0.28205128205128205,0.8028831587463378,25,0.8480728565223775,0.72,1.4151895659628595
2025,401767636,5,Presbyterian,Morehead State,1,25,0.8480728565223775,0.72,1.4151895659628595,39,-0.8368297490116695,0.28205128205128205,0.8028831587463378
2025,401767637,7,Morehead State,Stetson,1,55,0.11683204696390094,0.41818181818181815,1.2926884120014726,75,0.05854760287612056,0.38666666666666666,1.167853552242538
2025,401767637,7,Stetson,Morehead State,1,75,0.05854760287612056,0.38666666666666666,1.167853552242538,55,0.11683204696390094,0.41818181818181815,1.2926884120014726
2025,401767638,9,Morehead State,Valparaiso,1,59,0.08658310143777276,0.4067796610169492,1.3668684770617903,72,-0.07157589098511975,0.375,1.3203893594702165
2025,401767638,9,Valparaiso,Morehead State,1,72,-0.07157589098511975,0.375,1.3203893594702165,59,0.08658310143777276,0.4067796610169492,1.3668684770617903
2025,401767639,3,Erskine,Presbyterian,1,40,-0.1068217772508589,0.3,1.206762574665942,55,0.43486441572256795,0.6181818181818182,1.4500512857322485
2025,401767639,3,Presbyterian,Erskine,1,55,0.43486441572256795,0.6181818181818182,1.4500512857322485,40,-0.1068217772508589,0.3,1.206762574665942
2025,401767640,4,BLUEFIELD,Presbyterian,1,27,-0.1773422046844936,0.18518518518518517,2.0388332249389816,25,0.9320700112276452,0.6,2.0943054507269854
2025,401767640,4,Presbyterian,BLUEFIELD,1,25,0.9320700112276452,0.6,2.0943054507269854,27,-0.1773422046844936,0.18518518518518517,2.0388332249389816
2025,401767641,8,Presbyterian,Stetson,1,49,0.43900343324087376,0.5102040816326531,1.3085412812510855,53,-0.043128322523427666,0.32075471698113206,1.221023697587335
2025,401767641,8,Stetson,Presbyterian,1,53,-0.043128322523427666,0.32075471698113206,1.221023697587335,49,0.43900343324087376,0.5102040816326531,1.3085412812510855
2025,401767642,10,Presbyterian,Valparaiso,1,57,0.3382913270202315,0.631578947368421,0.8882366417362052,35,-0.010621257772329341,0.3142857142857143,1.4254821117293288
2025,401767642,10,Valparaiso,Presbyterian,1,35,-0.010621257772329341,0.3142857142857143,1.4254821117293288,57,0.3382913270202315,0.631578947368421,0.8882366417362052
2025,401767643,12,Presbyterian,St. Thomas (MN),1,76,-0.0532966514834266,0.3815789473684211,1.23608871503454,54,-0.3399620702638998,0.3333333333333333,1.1097335865647378
2025,401767643,12,St. Thomas (MN),Presbyterian,1,54,-0.3399620702638998,0.3333333333333333,1.1097335865647378,76,-0.0532966514834266,0.3815789473684211,1.23608871503454
2025,401767644,4,Princeton,San Diego,1,55,0.19585479948896306,0.41818181818181815,1.3517481210656297,84,0.29197802763935565,0.4523809523809524,1.3193559593251996
2025,401767644,4,San Diego,Princeton,1,84,0.29197802763935565,0.4523809523809524,1.3193559593251996,55,0.19585479948896306,0.41818181818181815,1.3517481210656297
2025,401767645,5,San Diego,St. Thomas (MN),1,64,0.19407638694293494,0.359375,1.6395790012322027,69,-0.05525706650710806,0.34782608695652173,1.7335596134235487
2025,401767645,5,St. Thomas (MN),San Diego,1,69,-0.05525706650710806,0.34782608695652173,1.7335596134235487,64,0.19407638694293494,0.359375,1.6395790012322027
2025,401767646,11,San Diego,Valparaiso,1,75,0.2689188154993808,0.4266666666666667,1.4414411674545111,46,-0.09929092993712174,0.34782608695652173,1.6723148406741453
2025,401767646,11,Valparaiso,San Diego,1,46,-0.09929092993712174,0.34782608695652173,1.6723148406741453,75,0.2689188154993808,0.4266666666666667,1.4414411674545111
2025,401767647,13,San Diego,Stetson,1,39,0.11217704737132765,0.5641025641025641,0.8849133277443151,65,-0.2167168563452741,0.35384615384615387,0.9494840450188045
2025,401767647,13,Stetson,San Diego,1,65,-0.2167168563452741,0.35384615384615387,0.9494840450188045,39,0.11217704737132765,0.5641025641025641,0.8849133277443151
2025,401767648,3,Northern Michigan,St. Thomas (MN),1,73,-0.04596377223358779,0.3972602739726027,1.04942588849188,46,0.2461922311905488,0.391304347826087,1.5458527851630846
2025,401767648,3,St. Thomas (MN),Northern Michigan,1,46,0.2461922311905488,0.391304347826087,1.5458527851630846,73,-0.04596377223358779,0.3972602739726027,1.04942588849188
2025,401767649,8,St. Thomas (MN),Valparaiso,1,34,0.654077472280289,0.5882352941176471,1.5374948889320752,36,-0.03523565311940521,0.2777777777777778,1.0126106118162415
2025,401767649,8,Valparaiso,St. Thomas (MN),1,36,-0.03523565311940521,0.2777777777777778,1.0126106118162415,34,0.654077472280289,0.5882352941176471,1.5374948889320752
2025,401767650,9,Stetson,St. Thomas (MN),1,23,-0.3423899010770405,0.043478260869565216,1.3082811215804009,51,0.4876956042461225,0.5490196078431373,1.4957189931914936
2025,401767650,9,St. Thomas (MN),Stetson,1,51,0.4876956042461225,0.5490196078431373,1.4957189931914936,23,-0.3423899010770405,0.043478260869565216,1.3082811215804009
2025,401767651,1,Stetson,Webber International,1,77,-0.21203138423470186,0.4025974025974026,1.2051247273291275,59,0.048192141964714406,0.3898305084745763,1.0897666135482902
2025,401767651,1,Webber International,Stetson,1,59,0.048192141964714406,0.3898305084745763,1.0897666135482902,77,-0.21203138423470186,0.4025974025974026,1.2051247273291275
2025,401767652,2,Stetson,Warner,1,47,0.4016334613970299,0.5531914893617021,1.2501044837888695,34,-0.009286128666431585,0.23529411764705882,1.8314106232373983
2025,401767652,2,Warner,Stetson,1,34,-0.009286128666431585,0.23529411764705882,1.8314106232373983,47,0.4016334613970299,0.5531914893617021,1.2501044837888695
2025,401767653,4,Harvard,Stetson,1,34,0.5499957238692509,0.5588235294117647,1.6017320170322384,17,-0.7433746446492677,0.11764705882352941,0.9595822772100528
2025,401767653,4,Stetson,Harvard,1,17,-0.7433746446492677,0.11764705882352941,0.9595822772100528,34,0.5499957238692509,0.5588235294117647,1.6017320170322384
2025,401767654,12,Stetson,Valparaiso,1,72,0.014725916749231491,0.3888888888888889,1.2532357228177573,61,0.0047491714785620615,0.5245901639344263,0.9384282768321662
2025,401767654,12,Valparaiso,Stetson,1,61,0.0047491714785620615,0.5245901639344263,0.9384282768321662,72,0.014725916749231491,0.3888888888888889,1.2532357228177573
2025,401767655,1,Valparaiso,Virginia Lynchburg,1,33,0.021510130316396012,0.42424242424242425,1.511678260008425,37,-0.3389485900191052,0.21621621621621623,1.3268477266309224
2025,401767655,1,Virginia Lynchburg,Valparaiso,1,37,-0.3389485900191052,0.21621621621621623,1.3268477266309224,33,0.021510130316396012,0.42424242424242425,1.511678260008425
2025,401767656,2,Adrian,Valparaiso,1,126,0.07162941543848626,0.3968253968253968,1.0575494766164155,93,-0.17259215207865788,0.40860215053763443,0.8015757628363641
2025,401767656,2,Valparaiso,Adrian,1,93,-0.17259215207865788,0.40860215053763443,0.8015757628363641,126,0.07162941543848626,0.3968253968253968,1.0575494766164155
2025,401767657,1,Sacred Heart,Stonehill,1,63,-0.042296607712731915,0.38095238095238093,1.1685626143972256,63,-0.044741760675699314,0.3968253968253968,1.1458209935652401
2025,401767657,1,Stonehill,Sacred Heart,1,63,-0.044741760675699314,0.3968253968253968,1.1458209935652401,63,-0.042296607712731915,0.38095238095238093,1.1685626143972256
2025,401767660,6,Central Connecticut,Sacred Heart,1,74,0.26272433938661793,0.4864864864864865,1.0249649738004485,62,0.37853884659798936,0.46774193548387094,1.387648483796663
2025,401767660,6,Sacred Heart,Central Connecticut,1,62,0.37853884659798936,0.46774193548387094,1.387648483796663,74,0.26272433938661793,0.4864864864864865,1.0249649738004485
2025,401767661,10,New Haven,Sacred Heart,1,57,-0.1683255751583726,0.2982456140350877,1.3836150928142044,79,0.15879379422303797,0.379746835443038,1.3709202502670124
2025,401767661,10,Sacred Heart,New Haven,1,79,0.15879379422303797,0.379746835443038,1.3709202502670124,57,-0.1683255751583726,0.2982456140350877,1.3836150928142044
2025,401767662,11,Sacred Heart,Virginia Lynchburg,1,35,0.6137595500396531,0.8,0.9428777142149436,31,-0.33688904137054565,0.25806451612903225,1.2590513843166853
2025,401767662,11,Virginia Lynchburg,Sacred Heart,1,31,-0.33688904137054565,0.25806451612903225,1.2590513843166853,35,0.6137595500396531,0.8,0.9428777142149436
2025,401767663,12,Merrimack,Sacred Heart,1,85,0.31464473673009963,0.47058823529411764,1.221590782207136,58,0.5143740175250756,0.5172413793103449,1.5549904486340356
2025,401767663,12,Sacred Heart,Merrimack,1,58,0.5143740175250756,0.5172413793103449,1.5549904486340356,85,0.31464473673009963,0.47058823529411764,1.221590782207136
2025,401767664,4,Bucknell,Lehigh,1,55,0.21901324353217794,0.4,1.4160594358081504,60,0.4022864175709893,0.55,1.116292889366275
2025,401767664,4,Lehigh,Bucknell,1,60,0.4022864175709893,0.55,1.116292889366275,55,0.21901324353217794,0.4,1.4160594358081504
2025,401767665,5,Bucknell,Saint Francis,1,60,0.3220382933722512,0.43333333333333335,1.5137833942217496,72,0.18774159056728915,0.4583333333333333,1.2718823205559717
2025,401767665,5,Saint Francis,Bucknell,1,72,0.18774159056728915,0.4583333333333333,1.2718823205559717,60,0.3220382933722512,0.43333333333333335,1.5137833942217496
2025,401767666,6,Bucknell,Richmond,1,81,0.2959738971077377,0.5555555555555556,0.9796748891596747,56,0.3133686107572899,0.5357142857142857,1.4719190110402613
2025,401767666,6,Richmond,Bucknell,1,56,0.3133686107572899,0.5357142857142857,1.4719190110402613,81,0.2959738971077377,0.5555555555555556,0.9796748891596747
2025,401767667,7,Bucknell,Lafayette,1,32,0.15860125738476608,0.25,1.921112553678397,41,0.11198927143876286,0.4146341463414634,1.4860995467878224
2025,401767667,7,Lafayette,Bucknell,1,41,0.11198927143876286,0.4146341463414634,1.4860995467878224,32,0.15860125738476608,0.25,1.921112553678397
2025,401767668,9,Bucknell,Georgetown,1,64,0.235613223233313,0.40625,1.3429400200164199,67,-0.02144806317860544,0.40298507462686567,1.047402349006886
2025,401767668,9,Georgetown,Bucknell,1,67,-0.02144806317860544,0.40298507462686567,1.047402349006886,64,0.235613223233313,0.40625,1.3429400200164199
2025,401767669,11,Bucknell,Fordham,1,66,0.17910447204086793,0.36363636363636365,1.4861459413088982,58,-0.08127235890123265,0.3620689655172414,1.1699475782037694
2025,401767669,11,Fordham,Bucknell,1,58,-0.08127235890123265,0.3620689655172414,1.1699475782037694,66,0.17910447204086793,0.36363636363636365,1.4861459413088982
2025,401767670,12,Bucknell,Holy Cross,1,65,-0.08155712222297441,0.36923076923076925,1.253304108379848,64,0.28442169879240226,0.515625,1.1609677000963117
2025,401767670,12,Holy Cross,Bucknell,1,64,0.28442169879240226,0.515625,1.1609677000963117,65,-0.08155712222297441,0.36923076923076925,1.253304108379848
2025,401767671,13,Bucknell,Colgate,1,60,-0.07033168600363741,0.4,1.061255926812588,68,0.17222856491055627,0.47058823529411764,1.2256815887008223
2025,401767671,13,Colgate,Bucknell,1,68,0.17222856491055627,0.47058823529411764,1.2256815887008223,60,-0.07033168600363741,0.4,1.061255926812588
2025,401767672,4,Colgate,Fordham,1,68,0.4596535088324652,0.6176470588235294,1.2473444803120484,44,0.20895129546191785,0.45454545454545453,1.014389744869941
2025,401767672,4,Fordham,Colgate,1,44,0.20895129546191785,0.45454545454545453,1.014389744869941,68,0.4596535088324652,0.6176470588235294,1.2473444803120484
2025,401767673,5,Fordham,Holy Cross,1,54,0.363804499964037,0.4074074074074074,1.5085269072042953,77,0.020166460487124338,0.4155844155844156,1.1703788158598738
2025,401767673,5,Holy Cross,Fordham,1,77,0.020166460487124338,0.4155844155844156,1.1703788158598738,54,0.363804499964037,0.4074074074074074,1.5085269072042953
2025,401767674,6,Fordham,Lafayette,1,78,4.216482959418477e-05,0.3974358974358974,1.316432303769695,66,0.1213104099925246,0.42424242424242425,1.2099009741988034
2025,401767674,6,Lafayette,Fordham,1,66,0.1213104099925246,0.42424242424242425,1.2099009741988034,78,4.216482959418477e-05,0.3974358974358974,1.316432303769695
2025,401767675,9,Fordham,Lehigh,1,66,-0.08563443421115245,0.3333333333333333,1.295340904695108,72,0.1655830783588376,0.4583333333333333,1.1592271317767775
2025,401767675,9,Lehigh,Fordham,1,72,0.1655830783588376,0.4583333333333333,1.1592271317767775,66,-0.08563443421115245,0.3333333333333333,1.295340904695108
2025,401767676,11,Brown,Yale,1,75,-0.09136205953573048,0.37333333333333335,1.2990209259905594,72,0.22735870208756392,0.3888888888888889,1.5794017487205767
2025,401767676,11,Yale,Brown,1,72,0.22735870208756392,0.3888888888888889,1.5794017487205767,75,-0.09136205953573048,0.37333333333333335,1.2990209259905594
2025,401767677,12,Brown,Columbia,1,73,0.13586317521126667,0.4246575342465753,1.2503475591126418,70,0.03623196018787151,0.4857142857142857,0.8433582597448792
2025,401767677,12,Columbia,Brown,1,70,0.03623196018787151,0.4857142857142857,0.8433582597448792,73,0.13586317521126667,0.4246575342465753,1.2503475591126418
2025,401767678,13,Brown,Dartmouth,1,54,0.04080770964922392,0.48148148148148145,1.166562574127829,70,0.031711539540641286,0.4714285714285714,1.2624371934434226
2025,401767678,13,Dartmouth,Brown,1,70,0.031711539540641286,0.4714285714285714,1.2624371934434226,54,0.04080770964922392,0.48148148148148145,1.166562574127829
2025,401767679,4,Columbia,Lafayette,1,63,-0.053271785172572445,0.4126984126984127,0.9825481669203164,66,0.2643479977851011,0.5909090909090909,0.8354498775900991
2025,401767679,4,Lafayette,Columbia,1,66,0.2643479977851011,0.5909090909090909,0.8354498775900991,63,-0.053271785172572445,0.4126984126984127,0.9825481669203164
2025,401767681,6,Columbia,Princeton,1,68,-0.04879927531732146,0.4264705882352941,0.8203087413434449,64,-0.00793260341022153,0.34375,1.5830522212838425
2025,401767681,6,Princeton,Columbia,1,64,-0.00793260341022153,0.34375,1.5830522212838425,68,-0.04879927531732146,0.4264705882352941,0.8203087413434449
2025,401767683,8,Columbia,Pennsylvania,1,74,-0.013258603308939831,0.3918918918918919,1.3696554902942029,70,0.1301569802001968,0.45714285714285713,1.4298107429617315
2025,401767683,8,Pennsylvania,Columbia,1,70,0.1301569802001968,0.45714285714285713,1.4298107429617315,74,-0.013258603308939831,0.3918918918918919,1.3696554902942029
2025,401767685,10,Columbia,Yale,1,59,0.026711832160962654,0.2542372881355932,1.7733949099108048,70,0.26571905534583745,0.45714285714285713,1.2460329223795057
2025,401767685,10,Yale,Columbia,1,70,0.26571905534583745,0.45714285714285713,1.2460329223795057,59,0.026711832160962654,0.2542372881355932,1.7733949099108048
2025,401767689,5,Cornell,Yale,1,99,-0.10344869699649922,0.3838383838383838,0.9715262320135345,63,-0.3144286127189964,0.30158730158730157,0.9326402847218409
2025,401767689,5,Yale,Cornell,1,63,-0.3144286127189964,0.30158730158730157,0.9326402847218409,99,-0.10344869699649922,0.3838383838383838,0.9715262320135345
2025,401767690,6,Colgate,Cornell,1,63,0.30524197900126365,0.4603174603174603,1.2036369124458337,81,-0.018282680085498115,0.49382716049382713,0.9694098343678027
2025,401767690,6,Cornell,Colgate,1,81,-0.018282680085498115,0.49382716049382713,0.9694098343678027,63,0.30524197900126365,0.4603174603174603,1.2036369124458337
2025,401767691,7,Cornell,Harvard,1,51,-0.2907802784805476,0.29411764705882354,1.255062405820364,70,0.19506450717595994,0.5285714285714286,1.0250554564041225
2025,401767691,7,Harvard,Cornell,1,70,0.19506450717595994,0.5285714285714286,1.0250554564041225,51,-0.2907802784805476,0.29411764705882354,1.255062405820364
2025,401767692,8,Bucknell,Cornell,1,58,-0.024610275157733754,0.41379310344827586,1.2626059804228476,76,-0.0003839819390974211,0.5131578947368421,0.8618972489889994
2025,401767692,8,Cornell,Bucknell,1,76,-0.0003839819390974211,0.5131578947368421,0.8618972489889994,58,-0.024610275157733754,0.41379310344827586,1.2626059804228476
2025,401767693,10,Cornell,Princeton,1,74,0.03497660166481169,0.4864864864864865,0.8272840786219544,70,-0.09460726290324531,0.4142857142857143,1.0429126793393755
2025,401767693,10,Princeton,Cornell,1,70,-0.09460726290324531,0.4142857142857143,1.0429126793393755,74,0.03497660166481169,0.4864864864864865,0.8272840786219544
2025,401767694,11,Cornell,Pennsylvania,1,71,0.5235586345337968,0.6619718309859155,1.0460456186784715,58,0.10731476304938768,0.43103448275862066,1.1171933468609805
2025,401767694,11,Pennsylvania,Cornell,1,58,0.10731476304938768,0.43103448275862066,1.1171933468609805,71,0.5235586345337968,0.6619718309859155,1.0460456186784715
2025,401767695,12,Cornell,Dartmouth,1,63,0.07322166197419075,0.5079365079365079,0.8889608910169099,59,0.24153240770001908,0.3898305084745763,1.320131700082888
2025,401767695,12,Dartmouth,Cornell,1,59,0.24153240770001908,0.3898305084745763,1.320131700082888,63,0.07322166197419075,0.5079365079365079,0.8889608910169099
2025,401767696,13,Columbia,Cornell,1,77,0.1529485198483411,0.45454545454545453,1.243755595402857,60,0.034868466277991,0.4166666666666667,1.0070555703587314
2025,401767696,13,Cornell,Columbia,1,60,0.034868466277991,0.4166666666666667,1.0070555703587314,77,0.1529485198483411,0.45454545454545453,1.243755595402857
2025,401767697,5,Central Connecticut,Dartmouth,1,61,0.07741111796006768,0.5245901639344263,0.8952015462613437,74,0.29630269882009674,0.5135135135135135,1.240041210280134
2025,401767697,5,Dartmouth,Central Connecticut,1,74,0.29630269882009674,0.5135135135135135,1.240041210280134,61,0.07741111796006768,0.5245901639344263,0.8952015462613437
2025,401767698,6,Dartmouth,Pennsylvania,1,67,0.0675680299334281,0.417910447761194,1.2078635811218321,61,0.22267786730351477,0.45901639344262296,0.9698610176478936
2025,401767698,6,Pennsylvania,Dartmouth,1,61,0.22267786730351477,0.45901639344262296,0.9698610176478936,67,0.0675680299334281,0.417910447761194,1.2078635811218321
2025,401767699,7,Dartmouth,Yale,1,68,0.1712480340045985,0.5,1.1668355984530172,74,-0.021753942610171897,0.4594594594594595,0.9510317862255152
2025,401767699,7,Yale,Dartmouth,1,74,-0.021753942610171897,0.4594594594594595,0.9510317862255152,68,0.1712480340045985,0.5,1.1668355984530172
2025,401767700,8,Dartmouth,Fordham,1,65,0.13862271626755016,0.49230769230769234,1.1808554776573945,67,-0.011179839066328712,0.40298507462686567,0.8932694404999022
2025,401767700,8,Fordham,Dartmouth,1,67,-0.011179839066328712,0.40298507462686567,0.8932694404999022,65,0.13862271626755016,0.49230769230769234,1.1808554776573945
2025,401767701,9,Columbia,Dartmouth,1,37,-0.3069520103451488,0.3783783783783784,0.6931696858187968,25,0.4990161952973179,0.68,0.993131637936397
2025,401767701,9,Dartmouth,Columbia,1,25,0.4990161952973179,0.68,0.993131637936397,37,-0.3069520103451488,0.3783783783783784,0.6931696858187968
2025,401767702,10,Dartmouth,Harvard,1,65,-8.100790477437068e-05,0.38461538461538464,1.391842320086138,68,0.2466673738815395,0.39705882352941174,1.7925147130980728
2025,401767702,10,Harvard,Dartmouth,1,68,0.2466673738815395,0.39705882352941174,1.7925147130980728,65,-8.100790477437068e-05,0.38461538461538464,1.391842320086138
2025,401767703,11,Dartmouth,Princeton,1,54,0.22298296061892275,0.48148148148148145,1.0953572356380235,83,0.04979857111688395,0.4457831325301205,1.0398130846380202
2025,401767703,11,Princeton,Dartmouth,1,83,0.04979857111688395,0.4457831325301205,1.0398130846380202,54,0.22298296061892275,0.48148148148148145,1.0953572356380235
2025,401767704,8,Harvard,Merrimack,1,53,0.4804615485111816,0.4716981132075472,1.5318480562423944,54,-0.0004523499080519329,0.42592592592592593,1.0986397024116072
2025,401767704,8,Merrimack,Harvard,1,54,-0.0004523499080519329,0.42592592592592593,1.0986397024116072,53,0.4804615485111816,0.4716981132075472,1.5318480562423944
2025,401767705,9,Harvard,Princeton,1,67,0.3421571226592799,0.5223880597014925,1.195616674542514,51,-0.06073836621744901,0.43137254901960786,1.0719984954171342
2025,401767705,9,Princeton,Harvard,1,51,-0.06073836621744901,0.43137254901960786,1.0719984954171342,67,0.3421571226592799,0.5223880597014925,1.195616674542514
2025,401767706,11,Columbia,Harvard,1,33,-0.26048884425979085,0.2727272727272727,1.1523294049395445,53,0.5238182353153413,0.5849056603773585,1.2962452185443623
2025,401767706,11,Harvard,Columbia,1,53,0.5238182353153413,0.5849056603773585,1.2962452185443623,33,-0.26048884425979085,0.2727272727272727,1.1523294049395445
2025,401767707,12,Harvard,Pennsylvania,1,80,0.309363794785764,0.5,1.4391180643319585,75,0.3997668252538421,0.68,0.7711624221549371
2025,401767707,12,Pennsylvania,Harvard,1,75,0.3997668252538421,0.68,0.7711624221549371,80,0.309363794785764,0.5,1.4391180643319585
2025,401767708,13,Harvard,Yale,1,71,0.19337203178875098,0.38028169014084506,1.3930206031677619,70,0.46131417330873903,0.5142857142857142,1.3133309398753887
2025,401767708,13,Yale,Harvard,1,70,0.46131417330873903,0.5142857142857142,1.3133309398753887,71,0.19337203178875098,0.38028169014084506,1.3930206031677619
2025,401767716,10,Fordham,Richmond,1,68,-0.2969086235590354,0.3088235294117647,0.9790271763031733,72,-0.06244613837067679,0.3194444444444444,1.1012068885393573
2025,401767716,10,Richmond,Fordham,1,72,-0.06244613837067679,0.3194444444444444,1.1012068885393573,68,-0.2969086235590354,0.3088235294117647,0.9790271763031733
2025,401767717,12,Fordham,Georgetown,1,65,-0.10277707910105507,0.2923076923076923,1.1225170965302613,72,-0.20606594674192538,0.2777777777777778,1.2270362434944146
2025,401767717,12,Georgetown,Fordham,1,72,-0.20606594674192538,0.2777777777777778,1.2270362434944146,65,-0.10277707910105507,0.2923076923076923,1.1225170965302613
2025,401767718,13,Fordham,Merrimack,1,71,-0.014294397509724036,0.43661971830985913,1.165688229702857,66,-0.11567271171878413,0.19696969696969696,1.8935255420672659
2025,401767718,13,Merrimack,Fordham,1,66,-0.11567271171878413,0.19696969696969696,1.8935255420672659,71,-0.014294397509724036,0.43661971830985913,1.165688229702857
2025,401767719,2,Georgetown,Wagner,1,107,0.1382828635394825,0.38317757009345793,1.516460071780534,155,0.08192320100295179,0.45806451612903226,0.9027920117931979
2025,401767719,2,Wagner,Georgetown,1,155,0.08192320100295179,0.45806451612903226,0.9027920117931979,107,0.1382828635394825,0.38317757009345793,1.516460071780534
2025,401767720,3,Georgetown,Lafayette,1,73,0.2837597230779873,0.410958904109589,1.4333125073629658,63,0.34360428043942076,0.5079365079365079,1.6705136158617837
2025,401767720,3,Lafayette,Georgetown,1,63,0.34360428043942076,0.5079365079365079,1.6705136158617837,73,0.2837597230779873,0.410958904109589,1.4333125073629658
2025,401767721,5,Columbia,Georgetown,1,70,0.04191423704434883,0.4,1.133584372016914,66,-0.29039950493733324,0.25757575757575757,1.4101984447417713
2025,401767721,5,Georgetown,Columbia,1,66,-0.29039950493733324,0.25757575757575757,1.4101984447417713,70,0.04191423704434883,0.4,1.133584372016914
2025,401767722,8,Colgate,Georgetown,1,72,-0.016233319749925455,0.4166666666666667,1.3859237699459561,61,0.1299637396643949,0.4098360655737705,1.280151903100193
2025,401767722,8,Georgetown,Colgate,1,61,0.1299637396643949,0.4098360655737705,1.280151903100193,72,-0.016233319749925455,0.4166666666666667,1.3859237699459561
2025,401767723,10,Georgetown,Lehigh,1,50,-0.3546334078551022,0.24,1.2008350512184451,40,0.4113551078783508,0.4,1.6569116071074605
2025,401767723,10,Lehigh,Georgetown,1,40,0.4113551078783508,0.4,1.6569116071074605,50,-0.3546334078551022,0.24,1.2008350512184451
2025,401767724,11,Georgetown,Richmond,1,73,0.03389221700497072,0.3835616438356164,1.2814837421142231,61,0.12001507435134529,0.36065573770491804,1.6182866725689349
2025,401767724,11,Richmond,Georgetown,1,61,0.12001507435134529,0.36065573770491804,1.6182866725689349,73,0.03389221700497072,0.3835616438356164,1.2814837421142231
2025,401767725,13,Georgetown,Holy Cross,1,62,-0.773234469819553,0.3870967741935484,0.8253076374490392,57,0.032219053253131014,0.3157894736842105,1.124116306596086
2025,401767725,13,Holy Cross,Georgetown,1,57,0.032219053253131014,0.3157894736842105,1.124116306596086,62,-0.773234469819553,0.3870967741935484,0.8253076374490392
2025,401767726,4,Holy Cross,Yale,1,41,-0.3675195196853297,0.36585365853658536,0.5272763419847234,52,0.1549029442006744,0.40384615384615385,1.3607653415987546
2025,401767726,4,Yale,Holy Cross,1,52,0.1549029442006744,0.40384615384615385,1.3607653415987546,41,-0.3675195196853297,0.36585365853658536,0.5272763419847234
2025,401767727,6,Harvard,Holy Cross,1,46,0.3516769804497454,0.5652173913043478,1.0673902862089544,27,-0.01540863455870953,0.2962962962962963,1.6263785881396309
2025,401767727,6,Holy Cross,Harvard,1,27,-0.01540863455870953,0.2962962962962963,1.6263785881396309,46,0.3516769804497454,0.5652173913043478,1.0673902862089544
2025,401767728,8,Holy Cross,Richmond,1,63,0.10230325704186863,0.42857142857142855,0.902261331677332,68,0.039488746305658184,0.38235294117647056,1.2381620689869524
2025,401767728,8,Richmond,Holy Cross,1,68,0.039488746305658184,0.38235294117647056,1.2381620689869524,63,0.10230325704186863,0.42857142857142855,0.902261331677332
2025,401767729,9,Colgate,Holy Cross,1,76,0.16570218536640438,0.47368421052631576,1.1242529378174693,56,0.021096297060118757,0.35714285714285715,1.2748786865035509
2025,401767729,9,Holy Cross,Colgate,1,56,0.021096297060118757,0.35714285714285715,1.2748786865035509,76,0.16570218536640438,0.47368421052631576,1.1242529378174693
2025,401767730,10,Holy Cross,Lafayette,1,65,-0.13276254350617467,0.36923076923076925,1.229928214150475,75,-0.1516138214613071,0.3333333333333333,1.3078057009455006
2025,401767730,10,Lafayette,Holy Cross,1,75,-0.1516138214613071,0.3333333333333333,1.3078057009455006,65,-0.13276254350617467,0.36923076923076925,1.229928214150475
2025,401767731,11,Holy Cross,Lehigh,1,53,-0.3505148936421499,0.1320754716981132,1.941742915659986,46,0.14926727136026727,0.4782608695652174,1.471207951320446
2025,401767731,11,Lehigh,Holy Cross,1,46,0.14926727136026727,0.4782608695652174,1.471207951320446,53,-0.3505148936421499,0.1320754716981132,1.941742915659986
2025,401767732,1,Lehigh,Richmond,1,65,-0.0045263585660909236,0.4153846153846154,1.1081945121618122,51,-0.13844826042283317,0.3333333333333333,1.2885552539450045
2025,401767732,1,Richmond,Lehigh,1,51,-0.13844826042283317,0.3333333333333333,1.2885552539450045,65,-0.0045263585660909236,0.4153846153846154,1.1081945121618122
2025,401767733,3,Duquesne,Lehigh,1,58,0.20489687955345173,0.39655172413793105,1.2651062511756228,60,0.2803148363952682,0.43333333333333335,1.430019003877116
2025,401767733,3,Lehigh,Duquesne,1,60,0.2803148363952682,0.43333333333333335,1.430019003877116,58,0.20489687955345173,0.39655172413793105,1.2651062511756228
2025,401767734,5,Lehigh,Pennsylvania,1,79,0.3032101147727421,0.46835443037974683,1.4443586074894244,58,0.175620984705115,0.4827586206896552,1.4066143378091247
2025,401767734,5,Pennsylvania,Lehigh,1,58,0.175620984705115,0.4827586206896552,1.4066143378091247,79,0.3032101147727421,0.46835443037974683,1.4443586074894244
2025,401767735,6,Lehigh,Yale,1,55,0.38656801570306487,0.509090909090909,1.3255006936618765,73,-0.0330314696485112,0.3972602739726027,1.334537510272469
2025,401767735,6,Yale,Lehigh,1,73,-0.0330314696485112,0.3972602739726027,1.334537510272469,55,0.38656801570306487,0.509090909090909,1.3255006936618765
2025,401767736,7,Columbia,Lehigh,1,29,-0.14595382401578577,0.1724137931034483,1.620088439116231,54,0.33521766197028185,0.5185185185185185,1.3915627197486122
2025,401767736,7,Lehigh,Columbia,1,54,0.33521766197028185,0.5185185185185185,1.3915627197486122,29,-0.14595382401578577,0.1724137931034483,1.620088439116231
2025,401767737,12,Colgate,Lehigh,1,49,-0.04877760804494588,0.32653061224489793,1.241362669039693,62,0.23318990887660881,0.3709677419354839,1.3049075707190065
2025,401767737,12,Lehigh,Colgate,1,62,0.23318990887660881,0.3709677419354839,1.3049075707190065,49,-0.04877760804494588,0.32653061224489793,1.241362669039693
2025,401767738,13,Lafayette,Lehigh,1,88,0.14313913172350942,0.5,1.0271770823982604,50,0.5244137962198248,0.6,1.55108473495239
2025,401767738,13,Lehigh,Lafayette,1,50,0.5244137962198248,0.6,1.55108473495239,88,0.14313913172350942,0.5,1.0271770823982604
2025,401767739,7,Colgate,Richmond,1,73,-0.019170680392356795,0.4520547945205479,1.2027544997625692,54,0.14600416510102504,0.3888888888888889,1.2287130737967522
2025,401767739,7,Richmond,Colgate,1,54,0.14600416510102504,0.3888888888888889,1.2287130737967522,73,-0.019170680392356795,0.4520547945205479,1.2027544997625692
2025,401767740,12,Lafayette,Richmond,1,60,0.1444444327914516,0.35,1.7299947847578423,97,-0.0020374997919164473,0.3402061855670103,1.4878082807660882
2025,401767740,12,Richmond,Lafayette,1,97,-0.0020374997919164473,0.3402061855670103,1.4878082807660882,60,0.1444444327914516,0.35,1.7299947847578423
2025,401767741,2,American International,Central Connecticut,1,48,-0.2249106809114612,0.22916666666666666,1.5599468952602382,40,0.14234865612947,0.425,1.3030055697481169
2025,401767741,2,Central Connecticut,American International,1,40,0.14234865612947,0.425,1.3030055697481169,48,-0.2249106809114612,0.22916666666666666,1.5599468952602382
2025,401767742,3,Central Connecticut,Saint Francis,1,59,0.01734464669274618,0.3559322033898305,1.2242667996214116,46,-0.07094043188940409,0.2608695652173913,1.6678044554879334
2025,401767742,3,Saint Francis,Central Connecticut,1,46,-0.07094043188940409,0.2608695652173913,1.6678044554879334,59,0.01734464669274618,0.3559322033898305,1.2242667996214116
2025,401767743,4,Central Connecticut,Merrimack,1,62,-0.06205305360608694,0.3387096774193548,1.5502340459679842,72,-0.05690345122147013,0.4166666666666667,0.895499046261218
2025,401767743,4,Merrimack,Central Connecticut,1,72,-0.05690345122147013,0.4166666666666667,0.895499046261218,62,-0.06205305360608694,0.3387096774193548,1.5502340459679842
2025,401767744,7,Central Connecticut,Robert Morris,1,63,0.1441165362450823,0.4126984126984127,1.119369841277406,70,-0.07980097195931461,0.37142857142857144,1.5113465925100666
2025,401767744,7,Robert Morris,Central Connecticut,1,70,-0.07980097195931461,0.37142857142857144,1.5113465925100666,63,0.1441165362450823,0.4126984126984127,1.119369841277406
2025,401767745,8,Central Connecticut,Wagner,1,80,-0.08911429139089794,0.4125,0.9368918777940396,60,-0.06268576113039818,0.3333333333333333,1.108167944713218
2025,401767745,8,Wagner,Central Connecticut,1,60,-0.06268576113039818,0.3333333333333333,1.108167944713218,80,-0.08911429139089794,0.4125,0.9368918777940396
2025,401767746,10,Central Connecticut,Long Island University,1,62,-0.004012528860230237,0.3870967741935484,1.2449993130979065,79,-0.16999141113806934,0.34177215189873417,1.1102428443225505
2025,401767746,10,Long Island University,Central Connecticut,1,79,-0.16999141113806934,0.34177215189873417,1.1102428443225505,62,-0.004012528860230237,0.3870967741935484,1.2449993130979065
2025,401767747,11,Central Connecticut,Stonehill,1,50,0.439766465393038,0.52,1.3638967536606177,46,-0.09713607850382937,0.391304347826087,1.073583069611316
2025,401767747,11,Stonehill,Central Connecticut,1,46,-0.09713607850382937,0.391304347826087,1.073583069611316,50,0.439766465393038,0.52,1.3638967536606177
2025,401767748,12,Central Connecticut,Duquesne,1,75,0.3126217416308934,0.44,1.6408353291495712,57,0.5892230026509945,0.5087719298245614,1.7298168453710663
2025,401767748,12,Duquesne,Central Connecticut,1,57,0.5892230026509945,0.5087719298245614,1.7298168453710663,75,0.3126217416308934,0.44,1.6408353291495712
2025,401767749,13,Central Connecticut,Mercyhurst,1,72,0.17498602620029757,0.4305555555555556,1.4298584773127077,71,0.062235742016190726,0.4507042253521127,1.236598367561839
2025,401767749,13,Mercyhurst,Central Connecticut,1,71,0.062235742016190726,0.4507042253521127,1.236598367561839,72,0.17498602620029757,0.4305555555555556,1.4298584773127077
2025,401767750,2,Duquesne,Lincoln (PA),1,54,0.49822161879053295,0.5,1.5780231259285658,39,0.009886790596962559,0.20512820512820512,1.8874108968036292
2025,401767750,2,Lincoln (PA),Duquesne,1,39,0.009886790596962559,0.20512820512820512,1.8874108968036292,54,0.49822161879053295,0.5,1.5780231259285658
2025,401767751,6,Duquesne,Stonehill,1,67,0.25837037365643395,0.43283582089552236,1.5469110040531624,39,-0.05531310045208309,0.28205128205128205,1.7841722209205286
2025,401767751,6,Stonehill,Duquesne,1,39,-0.05531310045208309,0.28205128205128205,1.7841722209205286,67,0.25837037365643395,0.43283582089552236,1.5469110040531624
2025,401767752,7,Duquesne,Saint Francis,1,26,0.33279485356772376,0.34615384615384615,2.0778404040639304,22,-0.27722282527458525,0.22727272727272727,0.6981486693655073
2025,401767752,7,Saint Francis,Duquesne,1,22,-0.27722282527458525,0.22727272727272727,0.6981486693655073,26,0.33279485356772376,0.34615384615384615,2.0778404040639304
2025,401767753,8,Duquesne,Mercyhurst,1,37,0.5234287155748515,0.5945945945945946,1.1009558198073872,29,-0.24981755696130148,0.3103448275862069,0.9223789650690559
2025,401767753,8,Mercyhurst,Duquesne,1,29,-0.24981755696130148,0.3103448275862069,0.9223789650690559,37,0.5234287155748515,0.5945945945945946,1.1009558198073872
2025,401767754,9,Duquesne,Wagner,1,57,0.1106244133567637,0.42105263157894735,1.3051611605517928,60,0.26386644089193423,0.45,1.3720351966974742
2025,401767754,9,Wagner,Duquesne,1,60,0.26386644089193423,0.45,1.3720351966974742,57,0.1106244133567637,0.42105263157894735,1.3051611605517928
2025,401767755,11,Duquesne,Long Island University,1,74,-0.26029040576909324,0.44594594594594594,0.7232873271593259,59,0.11883980045195233,0.3898305084745763,1.6046532024945304
2025,401767755,11,Long Island University,Duquesne,1,59,0.11883980045195233,0.3898305084745763,1.6046532024945304,74,-0.26029040576909324,0.44594594594594594,0.7232873271593259
2025,401767756,13,Duquesne,Robert Morris,1,74,-0.1474809567916163,0.35135135135135137,1.0187954715435266,59,-0.13292582129161978,0.3389830508474576,0.9569382449604459
2025,401767756,13,Robert Morris,Duquesne,1,59,-0.13292582129161978,0.3389830508474576,0.9569382449604459,74,-0.1474809567916163,0.35135135135135137,1.0187954715435266
2025,401767757,6,Long Island University,Mercyhurst,1,49,0.14368423454195609,0.3673469387755102,1.069547654862419,72,0.10632461883814787,0.4305555555555556,1.2035491128713864
2025,401767757,6,Mercyhurst,Long Island University,1,72,0.10632461883814787,0.4305555555555556,1.2035491128713864,49,0.14368423454195609,0.3673469387755102,1.069547654862419
2025,401767758,5,Long Island University,Stonehill,1,58,-0.11095398961379037,0.39655172413793105,1.1295762022143496,51,0.14217989323731917,0.3333333333333333,1.2434438692773484
2025,401767758,5,Stonehill,Long Island University,1,51,0.14217989323731917,0.3333333333333333,1.2434438692773484,58,-0.11095398961379037,0.39655172413793105,1.1295762022143496
2025,401767759,8,Long Island University,Robert Morris,1,70,0.030544042663606056,0.45714285714285713,1.0428234426737202,43,-0.0017433942078601326,0.27906976744186046,1.4335157105867038
2025,401767759,8,Robert Morris,Long Island University,1,43,-0.0017433942078601326,0.27906976744186046,1.4335157105867038,70,0.030544042663606056,0.45714285714285713,1.0428234426737202
2025,401767760,12,Long Island University,Saint Francis,1,75,-0.18758825774822005,0.28,1.1276181782059944,64,-0.41125921800430254,0.234375,1.1932301813826736
2025,401767760,12,Saint Francis,Long Island University,1,64,-0.41125921800430254,0.234375,1.1932301813826736,75,-0.18758825774822005,0.28,1.1276181782059944
2025,401767761,13,Long Island University,Wagner,1,62,0.20830096797726952,0.5161290322580645,1.0290931131797136,66,-0.24905236561607338,0.3484848484848485,0.7251520925604596
2025,401767761,13,Wagner,Long Island University,1,66,-0.24905236561607338,0.3484848484848485,0.7251520925604596,62,0.20830096797726952,0.5161290322580645,1.0290931131797136
2025,401767762,3,Robert Morris,West Liberty,1,47,0.04600144918476422,0.6170212765957447,0.6592129200992978,65,-0.20449868079883102,0.35384615384615387,1.425819192515125
2025,401767762,3,West Liberty,Robert Morris,1,65,-0.20449868079883102,0.35384615384615387,1.425819192515125,47,0.04600144918476422,0.6170212765957447,0.6592129200992978
2025,401767763,6,Merrimack,Robert Morris,1,70,0.13718417001163097,0.44285714285714284,1.2883894918760397,45,-0.027193721654740047,0.28888888888888886,1.576319570713367
2025,401767763,6,Robert Morris,Merrimack,1,45,-0.027193721654740047,0.28888888888888886,1.576319570713367,70,0.13718417001163097,0.44285714285714284,1.2883894918760397
2025,401767764,9,Robert Morris,Saint Francis,1,63,0.141661720266151,0.47619047619047616,1.102711151487917,58,0.3291186430670974,0.46551724137931033,1.3486763361386351
2025,401767764,9,Saint Francis,Robert Morris,1,58,0.3291186430670974,0.46551724137931033,1.3486763361386351,63,0.141661720266151,0.47619047619047616,1.102711151487917
2025,401767765,10,Robert Morris,Stonehill,1,62,-0.16668204006754944,0.3225806451612903,1.0530497569689865,64,-0.08798707804409711,0.359375,1.3095508448436854
2025,401767765,10,Stonehill,Robert Morris,1,64,-0.08798707804409711,0.359375,1.3095508448436854,62,-0.16668204006754944,0.3225806451612903,1.0530497569689865
2025,401767766,11,Robert Morris,Wagner,1,69,0.03249628904446301,0.37681159420289856,1.3180996871116846,68,-0.14410846877728076,0.39705882352941174,1.0908627068558983
2025,401767766,11,Wagner,Robert Morris,1,68,-0.14410846877728076,0.39705882352941174,1.0908627068558983,69,0.03249628904446301,0.37681159420289856,1.3180996871116846
2025,401767767,12,Mercyhurst,Robert Morris,1,62,0.10602277236496818,0.4032258064516129,1.3582232316153082,56,-0.16931194582897516,0.35714285714285715,0.8404540674219609
2025,401767767,12,Robert Morris,Mercyhurst,1,56,-0.16931194582897516,0.35714285714285715,0.8404540674219609,62,0.10602277236496818,0.4032258064516129,1.3582232316153082
2025,401767768,10,Saint Francis,Wagner,1,71,0.010911978466988924,0.5211267605633803,0.7739651942491595,45,-0.27975823893156937,0.37777777777777777,0.7332236586705381
2025,401767768,10,Wagner,Saint Francis,1,45,-0.27975823893156937,0.37777777777777777,0.7332236586705381,71,0.010911978466988924,0.5211267605633803,0.7739651942491595
2025,401767769,11,Mercyhurst,Saint Francis,1,56,-0.05880211841002432,0.375,1.2051669201013624,74,-0.07513760000458324,0.3108108108108108,1.160252549388823
2025,401767769,11,Saint Francis,Mercyhurst,1,74,-0.07513760000458324,0.3108108108108108,1.160252549388823,56,-0.05880211841002432,0.375,1.2051669201013624
2025,401767770,13,Saint Francis,Stonehill,1,69,-0.29036625331161314,0.391304347826087,1.0184986460606131,53,0.012327359641290801,0.37735849056603776,1.219966262569113
2025,401767770,13,Stonehill,Saint Francis,1,53,0.012327359641290801,0.37735849056603776,1.219966262569113,69,-0.29036625331161314,0.391304347826087,1.0184986460606131
2025,401767771,2,Lafayette,Stonehill,1,48,0.30994882638009863,0.5416666666666666,1.0978886923547695,57,0.05087379816912467,0.42105263157894735,1.2258746457452037
2025,401767771,2,Stonehill,Lafayette,1,57,0.05087379816912467,0.42105263157894735,1.2258746457452037,48,0.30994882638009863,0.5416666666666666,1.0978886923547695
2025,401767772,4,Pennsylvania,Stonehill,1,61,0.21736485124812335,0.36065573770491804,1.6361807162825792,59,0.12321330397438923,0.3389830508474576,1.2141235946628886
2025,401767772,4,Stonehill,Pennsylvania,1,59,0.12321330397438923,0.3389830508474576,1.2141235946628886,61,0.21736485124812335,0.36065573770491804,1.6361807162825792
2025,401767773,8,Stonehill,Yale,1,28,-0.15912857500872685,0.17857142857142858,1.6668005219788173,54,0.30617265122279064,0.5370370370370371,0.9378722682433979
2025,401767773,8,Yale,Stonehill,1,54,0.30617265122279064,0.5370370370370371,0.9378722682433979,28,-0.15912857500872685,0.17857142857142858,1.6668005219788173
2025,401767774,9,Mercyhurst,Stonehill,1,60,-0.025395437023417188,0.43333333333333335,1.2192110135591185,57,0.09188138985015282,0.40350877192982454,1.2006315246229806
2025,401767774,9,Stonehill,Mercyhurst,1,57,0.09188138985015282,0.40350877192982454,1.2006315246229806,60,-0.025395437023417188,0.43333333333333335,1.2192110135591185
2025,401767775,12,Stonehill,Wagner,1,54,-0.16945203358492694,0.3333333333333333,1.242533217663741,66,-0.1836458541964088,0.3787878787878788,0.7071633089707232
2025,401767775,12,Wagner,Stonehill,1,66,-0.1836458541964088,0.3787878787878788,0.7071633089707232,54,-0.16945203358492694,0.3333333333333333,1.242533217663741
2025,401767776,7,Mercyhurst,Wagner,1,68,0.021908251437689832,0.4117647058823529,1.1695910178911266,62,-0.0552473831141594,0.4032258064516129,0.9031530298233192
2025,401767776,7,Wagner,Mercyhurst,1,62,-0.0552473831141594,0.4032258064516129,0.9031530298233192,68,0.021908251437689832,0.4117647058823529,1.1695910178911266
2025,401769068,10,Colgate,Merrimack,1,59,0.01944682179685758,0.423728813559322,0.9918729477197601,71,0.23896146363321188,0.43661971830985913,1.5340903210541472
2025,401769068,10,Merrimack,Colgate,1,71,0.23896146363321188,0.43661971830985913,1.5340903210541472,59,0.01944682179685758,0.423728813559322,0.9918729477197601
2025,401769070,1,Miami,Ohio State,1,65,0.05442238125064054,0.4153846153846154,1.0026362459812173,60,0.0034127128586893133,0.43333333333333335,1.2371265941423084
2025,401769070,1,Ohio State,Miami,1,60,0.0034127128586893133,0.43333333333333335,1.2371265941423084,65,0.05442238125064054,0.4153846153846154,1.0026362459812173
2025,401769071,1,Oregon,Texas Tech,1,83,-0.18468996331232726,0.30120481927710846,1.2348480696045987,62,-0.37833244398440785,0.25806451612903225,1.2545443095289677
2025,401769071,1,Texas Tech,Oregon,1,62,-0.37833244398440785,0.25806451612903225,1.2545443095289677,83,-0.18468996331232726,0.30120481927710846,1.2348480696045987
2025,401769072,1,Alabama,Indiana,1,37,-0.27469982570377505,0.35135135135135137,0.6255611699467989,54,0.3882497569965623,0.5740740740740741,1.0240595021966048
2025,401769072,1,Indiana,Alabama,1,54,0.3882497569965623,0.5740740740740741,1.0240595021966048,37,-0.27469982570377505,0.35135135135135137,0.6255611699467989
2025,401769073,1,Georgia,Ole Miss,1,70,0.12141487485705516,0.38571428571428573,1.3689091375299598,74,0.20046590000490266,0.5405405405405406,1.0784956297273947
2025,401769073,1,Ole Miss,Georgia,1,74,0.20046590000490266,0.5405405405405406,1.0784956297273947,70,0.12141487485705516,0.38571428571428573,1.3689091375299598
2025,401769074,1,Indiana,Oregon,1,50,0.4330009523577483,0.44,1.5519247131700267,44,-0.355493478268677,0.3181818181818182,1.590728483903543
2025,401769074,1,Oregon,Indiana,1,44,-0.355493478268677,0.3181818181818182,1.590728483903543,50,0.4330009523577483,0.44,1.5519247131700267
2025,401769075,1,Miami,Ole Miss,1,90,0.2043022526328501,0.4222222222222222,1.3580651747782042,61,0.20457799662667364,0.39344262295081966,1.399209477205219
2025,401769075,1,Ole Miss,Miami,1,61,0.20457799662667364,0.39344262295081966,1.399209477205219,90,0.2043022526328501,0.4222222222222222,1.3580651747782042
2025,401769076,1,Indiana,Miami,1,74,0.08426218648826335,0.36486486486486486,1.2901041291558442,55,0.16536372083508555,0.43636363636363634,1.2068355807117428
2025,401769076,1,Miami,Indiana,1,55,0.16536372083508555,0.43636363636363634,1.2068355807117428,74,0.08426218648826335,0.36486486486486486,1.2901041291558442
2025,401769849,11,Colgate,Lafayette,1,63,0.06104669384238051,0.5238095238095238,1.3058711426146927,66,0.3988264928191689,0.5454545454545454,1.3687830015823652
2025,401769849,11,Lafayette,Colgate,1,66,0.3988264928191689,0.5454545454545454,1.3687830015823652,63,0.06104669384238051,0.5238095238095238,1.3058711426146927
2025,401769866,5,Lafayette,Princeton,1,67,0.09717995151058854,0.5223880597014925,0.9063992933405199,73,0.2332307659791111,0.5205479452054794,0.9338462789621709
2025,401769866,5,Princeton,Lafayette,1,73,0.2332307659791111,0.5205479452054794,0.9338462789621709,67,0.09717995151058854,0.5223880597014925,0.9063992933405199
2025,401769868,2,Nicholls,West Georgia,1,68,-0.27205304366963795,0.2647058823529412,0.9764154921807856,128,0.11778390071751439,0.4296875,1.1743719102867307
2025,401769868,2,West Georgia,Nicholls,1,128,0.11778390071751439,0.4296875,1.1743719102867307,68,-0.27205304366963795,0.2647058823529412,0.9764154921807856
2025,401769869,6,Central Arkansas,Utah Tech,1,72,-0.020519341876963068,0.4305555555555556,1.0428532142349651,80,-0.10133337118115984,0.275,1.5030629385557008
2025,401769869,6,Utah Tech,Central Arkansas,1,80,-0.10133337118115984,0.275,1.5030629385557008,72,-0.020519341876963068,0.4305555555555556,1.0428532142349651
2025,401769892,3,Butler,Hanover,1,61,-0.0591330716673373,0.47540983606557374,0.8486539211951878,55,-0.17162832055745986,0.2545454545454545,1.422005310720615
2025,401769892,3,Hanover,Butler,1,55,-0.17162832055745986,0.2545454545454545,1.422005310720615,61,-0.0591330716673373,0.47540983606557374,0.8486539211951878
2025,401773491,4,New Haven,Saginaw Valley State,1,66,0.049858651121748164,0.3939393939393939,1.3898424061131138,72,0.1475969621336648,0.3888888888888889,1.2600784929089324
2025,401773491,4,Saginaw Valley State,New Haven,1,72,0.1475969621336648,0.3888888888888889,1.2600784929089324,66,0.049858651121748164,0.3939393939393939,1.3898424061131138
2025,401774013,4,Central State,Morgan State,1,50,-0.3865503482768873,0.2,1.1885322351058338,63,-0.121513908426047,0.4126984126984127,1.0451788155270945
2025,401774013,4,Morgan State,Central State,1,63,-0.121513908426047,0.4126984126984127,1.0451788155270945,50,-0.3865503482768873,0.2,1.1885322351058338
2025,401777324,15,North Texas,Tulane,1,69,-0.0102618145549327,0.4782608695652174,1.0921348060219256,74,0.21572026778306871,0.4594594594594595,1.0011992565856405
2025,401777324,15,Tulane,North Texas,1,74,0.21572026778306871,0.4594594594594595,1.0011992565856405,69,-0.0102618145549327,0.4782608695652174,1.0921348060219256
2025,401777325,15,Jacksonville State,Kennesaw State,1,62,0.0007965268062526068,0.45161290322580644,1.0432413434035874,70,0.1146895344738842,0.44285714285714284,1.105610626868189
2025,401777325,15,Kennesaw State,Jacksonville State,1,70,0.1146895344738842,0.44285714285714284,1.105610626868189,62,0.0007965268062526068,0.45161290322580644,1.0432413434035874
2025,401777326,15,Boise State,UNLV,1,71,0.270714208653738,0.43661971830985913,1.4304657517119932,73,0.11997487988381272,0.3972602739726027,1.3185224489125702
2025,401777326,15,UNLV,Boise State,1,73,0.11997487988381272,0.3972602739726027,1.3185224489125702,71,0.270714208653738,0.43661971830985913,1.4304657517119932
2025,401777327,15,BYU,Texas Tech,1,56,-0.2843863981052817,0.39285714285714285,0.9848223523501566,66,0.09680237547013429,0.36363636363636365,1.4368133162341816
2025,401777327,15,Texas Tech,BYU,1,66,0.09680237547013429,0.36363636363636365,1.4368133162341816,56,-0.2843863981052817,0.39285714285714285,0.9848223523501566
2025,401777328,15,Duke,Virginia,1,70,0.15157306702317996,0.44285714285714284,1.1911213167981847,70,0.07388322793864219,0.42857142857142855,1.189865442404618
2025,401777328,15,Virginia,Duke,1,70,0.07388322793864219,0.42857142857142855,1.189865442404618,70,0.15157306702317996,0.44285714285714284,1.1911213167981847
2025,401777329,15,Miami (OH),Western Michigan,1,70,-0.16289233931461478,0.2857142857142857,1.4221453810632068,71,-0.07765712913728273,0.29577464788732394,1.2954637376993954
2025,401777329,15,Western Michigan,Miami (OH),1,71,-0.07765712913728273,0.29577464788732394,1.2954637376993954,70,-0.16289233931461478,0.2857142857142857,1.4221453810632068
2025,401777350,15,Jackson State,Prairie View A&M,1,44,0.08685562738206642,0.3409090909090909,1.473623780427518,78,0.041057403353830804,0.3333333333333333,1.4094903507210952
2025,401777350,15,Prairie View A&M,Jackson State,1,78,0.041057403353830804,0.3333333333333333,1.4094903507210952,44,0.08685562738206642,0.3409090909090909,1.473623780427518
2025,401777351,15,Alabama,Georgia,1,58,-0.14932227403292211,0.29310344827586204,1.3016053936279703,68,0.19337712889996378,0.36764705882352944,1.246365158977709
2025,401777351,15,Georgia,Alabama,1,68,0.19337712889996378,0.36764705882352944,1.246365158977709,58,-0.14932227403292211,0.29310344827586204,1.3016053936279703
2025,401777352,15,James Madison,Troy,1,69,-0.07222873571402326,0.37681159420289856,1.1150170776134152,68,-0.11793490743458834,0.27941176470588236,1.6199504943122893
2025,401777352,15,Troy,James Madison,1,68,-0.11793490743458834,0.27941176470588236,1.6199504943122893,69,-0.07222873571402326,0.37681159420289856,1.1150170776134152
2025,401777353,15,Indiana,Ohio State,1,60,0.12621942710116768,0.38333333333333336,1.2421196286264502,56,0.03869119688236909,0.4107142857142857,1.3150933246576109
2025,401777353,15,Ohio State,Indiana,1,56,0.03869119688236909,0.4107142857142857,1.3150933246576109,60,0.12621942710116768,0.38333333333333336,1.2421196286264502
2025,401777983,6,New Haven,Pace,1,63,0.07963419210609766,0.5079365079365079,0.8582405137725624,52,-0.059033394142215576,0.34615384615384615,1.4068073397363607
2025,401777983,6,Pace,New Haven,1,52,-0.059033394142215576,0.34615384615384615,1.4068073397363607,63,0.07963419210609766,0.5079365079365079,0.8582405137725624
2025,401778123,1,Prairie View A&M,South Carolina State,1,72,0.3318684697581228,0.4027777777777778,1.4868979265113726,87,0.07856751730540582,0.3563218390804598,1.5000766718442036
2025,401778123,1,South Carolina State,Prairie View A&M,1,87,0.07856751730540582,0.3563218390804598,1.5000766718442036,72,0.3318684697581228,0.4027777777777778,1.4868979265113726
2025,401778302,1,Boise State,Washington,1,34,-0.44533366717521317,0.29411764705882354,0.8110987095909956,43,0.31239119938328896,0.4418604651162791,1.6943154024143612
2025,401778302,1,Washington,Boise State,1,43,0.31239119938328896,0.4418604651162791,1.6943154024143612,34,-0.44533366717521317,0.29411764705882354,0.8110987095909956
2025,401778303,1,Jacksonville State,Troy,1,68,-0.1094415505057177,0.29411764705882354,1.3956125774211094,62,-0.2680667497129657,0.3225806451612903,1.176978550778081
2025,401778303,1,Troy,Jacksonville State,1,62,-0.2680667497129657,0.3225806451612903,1.176978550778081,68,-0.1094415505057177,0.29411764705882354,1.3956125774211094
2025,401778304,1,Old Dominion,South Florida,1,81,0.10879343209625088,0.35802469135802467,1.3071416281868156,78,-0.13879510837918285,0.358974358974359,0.9852191630210119
2025,401778304,1,South Florida,Old Dominion,1,78,-0.13879510837918285,0.358974358974359,0.9852191630210119,81,0.10879343209625088,0.35802469135802467,1.3071416281868156
2025,401778305,1,Delaware,Louisiana,1,61,0.055661761183469875,0.3770491803278688,1.5423502346290254,79,0.006808389977215684,0.379746835443038,1.1228608591424236
2025,401778305,1,Louisiana,Delaware,1,79,0.006808389977215684,0.379746835443038,1.1228608591424236,61,0.055661761183469875,0.3770491803278688,1.5423502346290254
2025,401778306,1,Kennesaw State,Western Michigan,1,43,-0.27774758102362485,0.3023255813953488,1.402824939974048,33,0.2938908331283995,0.5757575757575758,0.8740057192475669
2025,401778306,1,Western Michigan,Kennesaw State,1,33,0.2938908331283995,0.5757575757575758,0.8740057192475669,43,-0.27774758102362485,0.3023255813953488,1.402824939974048
2025,401778307,1,Memphis,NC State,1,52,-0.267589855709118,0.3269230769230769,1.2718278591573666,52,0.15556206401012782,0.38461538461538464,1.6012116103035183
2025,401778307,1,NC State,Memphis,1,52,0.15556206401012782,0.38461538461538464,1.6012116103035183,52,-0.267589855709118,0.3269230769230769,1.2718278591573666
2025,401778308,1,Utah State,Washington State,1,55,-0.04972830737534892,0.2727272727272727,1.348937426878901,90,0.18198018915735253,0.4888888888888889,1.3011333615509104
2025,401778308,1,Washington State,Utah State,1,90,0.18198018915735253,0.4888888888888889,1.3011333615509104,55,-0.04972830737534892,0.2727272727272727,1.348937426878901
2025,401778309,1,Louisville,Toledo,1,63,0.11501266684065262,0.47619047619047616,1.1603920037686286,69,0.051468555885049325,0.4057971014492754,1.0473532487520671
2025,401778309,1,Toledo,Louisville,1,69,0.051468555885049325,0.4057971014492754,1.0473532487520671,63,0.11501266684065262,0.47619047619047616,1.1603920037686286
2025,401778310,1,Southern Miss,Western Kentucky,1,88,-0.07086511795311501,0.3181818181818182,1.372310646086069,76,0.0017539041027727102,0.3026315789473684,1.744902488467169
2025,401778310,1,Western Kentucky,Southern Miss,1,76,0.0017539041027727102,0.3026315789473684,1.744902488467169,88,-0.07086511795311501,0.3181818181818182,1.372310646086069
2025,401778311,1,Ohio,UNLV,1,61,0.11230563960869587,0.47540983606557374,0.9827582125202877,59,0.022165509519634443,0.4067796610169492,1.214022120779889
2025,401778311,1,UNLV,Ohio,1,59,0.022165509519634443,0.4067796610169492,1.214022120779889,61,0.11230563960869587,0.47540983606557374,0.9827582125202877
2025,401778312,1,California,Hawai'i,1,69,0.39744685187861223,0.5507246376811594,1.1862521667133719,73,0.3090644136142811,0.5068493150684932,1.134474987455651
2025,401778312,1,Hawai'i,California,1,73,0.3090644136142811,0.5068493150684932,1.134474987455651,69,0.39744685187861223,0.5507246376811594,1.1862521667133719
2025,401778313,1,Central Michigan,Northwestern,1,40,-0.29572880991178796,0.475,0.46698673952560704,46,0.19598857148131865,0.41304347826086957,1.3883148840917785
2025,401778313,1,Northwestern,Central Michigan,1,46,0.19598857148131865,0.41304347826086957,1.3883148840917785,40,-0.29572880991178796,0.475,0.46698673952560704
2025,401778314,1,Minnesota,New Mexico,1,64,0.01608227689725397,0.328125,1.13919580678296,69,-0.08840068076095292,0.2898550724637681,1.0692757229845546
2025,401778314,1,New Mexico,Minnesota,1,69,-0.08840068076095292,0.2898550724637681,1.0692757229845546,64,0.01608227689725397,0.328125,1.13919580678296
2025,401778315,1,Florida International,UTSA,1,52,-0.41323799900504754,0.3076923076923077,1.1921743738678034,62,0.27229961019969007,0.5161290322580645,1.3009337525074223
2025,401778315,1,UTSA,Florida International,1,62,0.27229961019969007,0.5161290322580645,1.3009337525074223,52,-0.41323799900504754,0.3076923076923077,1.1921743738678034
2025,401778316,1,East Carolina,Pittsburgh,1,62,-0.23479009262042833,0.24193548387096775,1.604287240441148,81,-0.10397587637029,0.4567901234567901,0.9075198954892847
2025,401778316,1,Pittsburgh,East Carolina,1,81,-0.10397587637029,0.4567901234567901,0.9075198954892847,62,-0.23479009262042833,0.24193548387096775,1.604287240441148
2025,401778317,1,Clemson,Penn State,1,65,-0.12686337393179534,0.35384615384615387,1.1840679556824025,79,0.02167974885794843,0.35443037974683544,1.3781954838270998
2025,401778317,1,Penn State,Clemson,1,79,0.02167974885794843,0.35443037974683544,1.3781954838270998,65,-0.12686337393179534,0.35384615384615387,1.1840679556824025
2025,401778318,1,Army,UConn,1,68,0.4331494173248586,0.6176470588235294,1.1847998350016875,41,0.10368980379804807,0.43902439024390244,1.0840730894424762
2025,401778318,1,UConn,Army,1,41,0.10368980379804807,0.43902439024390244,1.0840730894424762,68,0.4331494173248586,0.6176470588235294,1.1847998350016875
2025,401778319,1,BYU,Georgia Tech,1,65,0.3162141179460731,0.5692307692307692,1.1635279134244956,69,0.2221531612628639,0.4492753623188406,1.1120522525872842
2025,401778319,1,Georgia Tech,BYU,1,69,0.2221531612628639,0.4492753623188406,1.1120522525872842,65,0.3162141179460731,0.5692307692307692,1.1635279134244956
2025,401778320,1,Fresno State,Miami (OH),1,73,0.14592211332667554,0.3698630136986301,1.1134572451379288,48,-0.3026647329826799,0.3125,0.7174115869248693
2025,401778320,1,Miami (OH),Fresno State,1,48,-0.3026647329826799,0.3125,0.7174115869248693,73,0.14592211332667554,0.3698630136986301,1.1134572451379288
2025,401778321,1,North Texas,San Diego State,1,101,0.10708910572936035,0.4752475247524752,1.3043540588096536,84,0.1614459186765121,0.4166666666666667,1.4222425653478998
2025,401778321,1,San Diego State,North Texas,1,84,0.1614459186765121,0.4166666666666667,1.4222425653478998,101,0.10708910572936035,0.4752475247524752,1.3043540588096536
2025,401778322,1,Missouri,Virginia,1,57,-0.22437411632268256,0.2807017543859649,1.1621076206114205,80,-0.026014764009325328,0.3125,1.4055390229169045
2025,401778322,1,Virginia,Missouri,1,80,-0.026014764009325328,0.3125,1.4055390229169045,57,-0.22437411632268256,0.2807017543859649,1.1621076206114205
2025,401778323,1,Houston,LSU,1,83,0.2352251471735026,0.4819277108433735,1.1600457863254254,50,0.291194680938756,0.46,1.780311913617574
2025,401778323,1,LSU,Houston,1,50,0.291194680938756,0.46,1.780311913617574,83,0.2352251471735026,0.4819277108433735,1.1600457863254254
2025,401778324,1,App State,Georgia Southern,1,64,-0.06956678570208104,0.484375,0.9473819084877468,66,0.21766402037889065,0.5151515151515151,1.0251993142125575
2025,401778324,1,Georgia Southern,App State,1,66,0.21766402037889065,0.5151515151515151,1.0251993142125575,64,-0.06956678570208104,0.484375,0.9473819084877468
2025,401778325,1,Coastal Carolina,Louisiana Tech,1,74,-0.16463066974953397,0.2972972972972973,0.9804339317263936,67,0.009539928892297872,0.29850746268656714,1.3523276960221342
2025,401778325,1,Louisiana Tech,Coastal Carolina,1,67,0.009539928892297872,0.29850746268656714,1.3523276960221342,74,-0.16463066974953397,0.2972972972972973,0.9804339317263936
2025,401778326,1,Illinois,Tennessee,1,73,0.18749893420662145,0.5205479452054794,0.9781037431735533,58,0.17269052968552898,0.46551724137931033,1.226292636627358
2025,401778326,1,Tennessee,Illinois,1,58,0.17269052968552898,0.46551724137931033,1.226292636627358,73,0.18749893420662145,0.5205479452054794,0.9781037431735533
2025,401778327,1,TCU,USC,1,74,0.24194430034530615,0.44594594594594594,1.2506931079090269,62,0.11367009087510006,0.3225806451612903,1.6329036905040883
2025,401778327,1,USC,TCU,1,62,0.11367009087510006,0.3225806451612903,1.6329036905040883,74,0.24194430034530615,0.44594594594594594,1.2506931079090269
2025,401778328,1,Iowa,Vanderbilt,1,62,0.2558127541389607,0.45161290322580644,1.530846874556999,61,0.19402027050485612,0.3442622950819672,1.6906547232740077
2025,401778328,1,Vanderbilt,Iowa,1,61,0.19402027050485612,0.3442622950819672,1.6906547232740077,62,0.2558127541389607,0.45161290322580644,1.530846874556999
2025,401778329,1,Arizona State,Duke,1,81,-0.12859358597373277,0.43209876543209874,1.183907379737758,89,0.15979118214204652,0.4943820224719101,1.224803444129932
2025,401778329,1,Duke,Arizona State,1,89,0.15979118214204652,0.4943820224719101,1.224803444129932,81,-0.12859358597373277,0.43209876543209874,1.183907379737758
2025,401778330,1,Michigan,Texas,1,85,-0.029303472219038576,0.36470588235294116,1.1594532922694454,68,0.37639319921030734,0.47058823529411764,1.5325170601124116
2025,401778330,1,Texas,Michigan,1,68,0.37639319921030734,0.47058823529411764,1.5325170601124116,85,-0.029303472219038576,0.36470588235294116,1.1594532922694454
2025,401778331,1,Nebraska,Utah,1,48,0.032277368944658595,0.3541666666666667,1.308308186352042,68,0.3480448312072989,0.5441176470588235,1.2401271856508649
2025,401778331,1,Utah,Nebraska,1,68,0.3480448312072989,0.5441176470588235,1.2401271856508649,48,0.032277368944658595,0.3541666666666667,1.308308186352042
2025,401778332,1,Rice,Texas State,1,56,-0.3731790435648778,0.17857142857142858,1.8318907387313714,53,0.2341430157573329,0.39622641509433965,1.500499940976693
2025,401778332,1,Texas State,Rice,1,53,0.2341430157573329,0.39622641509433965,1.500499940976693,56,-0.3731790435648778,0.17857142857142858,1.8318907387313714
2025,401778333,1,Cincinnati,Navy,1,59,-0.12855992120774573,0.2542372881355932,1.6514933341787124,67,0.18280621328671157,0.5074626865671642,0.9656159635223407
2025,401778333,1,Navy,Cincinnati,1,67,0.18280621328671157,0.5074626865671642,0.9656159635223407,59,-0.12855992120774573,0.2542372881355932,1.6514933341787124
2025,401778334,1,Mississippi State,Wake Forest,1,71,-0.013316715261831483,0.36619718309859156,1.146518487458487,68,0.281189926256456,0.4411764705882353,1.5401861531690109
2025,401778334,1,Wake Forest,Mississippi State,1,68,0.281189926256456,0.4411764705882353,1.5401861531690109,71,-0.013316715261831483,0.36619718309859156,1.146518487458487
2025,401779328,5,Duquesne,New Haven,1,56,0.5215219364562176,0.5535714285714286,1.305151298768486,47,0.04430640917828071,0.48936170212765956,1.2435696050829659
2025,401779328,5,New Haven,Duquesne,1,47,0.04430640917828071,0.48936170212765956,1.2435696050829659,56,0.5215219364562176,0.5535714285714286,1.305151298768486
2025,401779329,1,Marist,New Haven,1,62,0.01636660825650003,0.25806451612903225,1.737673933275974,71,-0.0730152318582072,0.36619718309859156,1.3590912220327
2025,401779329,1,New Haven,Marist,1,71,-0.0730152318582072,0.36619718309859156,1.3590912220327,62,0.01636660825650003,0.25806451612903225,1.737673933275974
2025,401779510,9,Long Island University,New Haven,1,77,0.17595604501524972,0.37662337662337664,1.3800308124164418,71,-0.5915783651449026,0.22535211267605634,1.3583176643218975
2025,401779510,9,New Haven,Long Island University,1,71,-0.5915783651449026,0.22535211267605634,1.3583176643218975,77,0.17595604501524972,0.37662337662337664,1.3800308124164418
2025,401779512,7,New Haven,Western Connecticut State,1,34,0.9140545481633283,0.6470588235294118,1.7715186394194802,22,-0.4358076581277804,0.18181818181818182,1.4689237523350949
2025,401779512,7,Western Connecticut State,New Haven,1,22,-0.4358076581277804,0.18181818181818182,1.4689237523350949,34,0.9140545481633283,0.6470588235294118,1.7715186394194802
2025,401779840,1,Alabama,Oklahoma,1,56,0.08906139992022805,0.26785714285714285,1.8286655509383576,77,-0.005512441343402595,0.3116883116883117,1.4322608209868748
2025,401779840,1,Oklahoma,Alabama,1,77,-0.005512441343402595,0.3116883116883117,1.4322608209868748,56,0.08906139992022805,0.26785714285714285,1.8286655509383576
2025,401779841,1,Miami,Texas A&M,1,50,-0.11646551355509938,0.3,1.017841679351216,77,-0.1385814017093818,0.37662337662337664,0.9938339328023552
2025,401779841,1,Texas A&M,Miami,1,77,-0.1385814017093818,0.37662337662337664,0.9938339328023552,50,-0.11646551355509938,0.3,1.017841679351216
2025,401779842,1,Ole Miss,Tulane,1,53,0.3828405556916763,0.6037735849056604,1.0154472611617,55,-0.19840011064139407,0.41818181818181815,1.238098109564228
2025,401779842,1,Tulane,Ole Miss,1,55,-0.19840011064139407,0.41818181818181815,1.238098109564228,53,0.3828405556916763,0.6037735849056604,1.0154472611617
2025,401779843,1,James Madison,Oregon,1,64,0.16474786681983566,0.375,1.69843528921675,47,0.4548372894152202,0.5319148936170213,1.6286115452584051
2025,401779843,1,Oregon,James Madison,1,47,0.4548372894152202,0.5319148936170213,1.6286115452584051,64,0.16474786681983566,0.375,1.69843528921675
2025,401783278,3,New Haven,UAlbany,1,62,0.12133958660525418,0.41935483870967744,0.996169428911683,76,0.05552960572700018,0.39473684210526316,1.4466624645857435
2025,401783278,3,UAlbany,New Haven,1,76,0.05552960572700018,0.39473684210526316,1.4466624645857435,62,0.12133958660525418,0.41935483870967744,0.996169428911683
2025,401783279,11,Merrimack,New Haven,1,76,-0.027503791234167782,0.34210526315789475,1.3844820810033798,58,0.3430240068847564,0.46551724137931033,1.4403012152555754
2025,401783279,11,New Haven,Merrimack,1,58,0.3430240068847564,0.46551724137931033,1.4403012152555754,76,-0.027503791234167782,0.34210526315789475,1.3844820810033798
2025,401788977,1,Grambling,Langston,1,51,0.32457615790425864,0.5098039215686274,1.5348533186364897,32,-0.7830839875736162,0.125,1.3241661663157314
2025,401788977,1,Langston,Grambling,1,32,-0.7830839875736162,0.125,1.3241661663157314,51,0.32457615790425864,0.5098039215686274,1.5348533186364897
2025,401788996,13,Pennsylvania,Princeton,1,67,0.10944781428658591,0.4626865671641791,0.9984135160846406,62,-0.2095810836756643,0.3387096774193548,1.1067779029185736
2025,401788996,13,Princeton,Pennsylvania,1,62,-0.2095810836756643,0.3387096774193548,1.1067779029185736,67,0.10944781428658591,0.4626865671641791,0.9984135160846406
2025,401788997,9,Pennsylvania,Yale,1,74,-0.1806733533848427,0.3918918918918919,1.1081343522220564,54,0.37576229766504493,0.46296296296296297,1.3403104975713107
2025,401788997,9,Yale,Pennsylvania,1,54,0.37576229766504493,0.46296296296296297,1.3403104975713107,74,-0.1806733533848427,0.3918918918918919,1.1081343522220564
2025,401788998,12,Princeton,Yale,1,76,-0.047895244711890494,0.2894736842105263,1.4828056388750106,55,0.04572979798680633,0.34545454545454546,1.1385847832172107
2025,401788998,12,Yale,Princeton,1,55,0.04572979798680633,0.34545454545454546,1.1385847832172107,76,-0.047895244711890494,0.2894736842105263,1.4828056388750106
2025,401831583,1,Arizona,SMU,1,83,-0.009392807577778937,0.43373493975903615,1.1872433919076355,65,0.12556341178278335,0.47692307692307695,1.1338822947974745
2025,401831583,1,SMU,Arizona,1,65,0.12556341178278335,0.47692307692307695,1.1338822947974745,83,-0.009392807577778937,0.43373493975903615,1.1872433919076355
2025,401833680,1,Illinois State,Montana State,1,84,0.3459258885436655,0.4642857142857143,1.213239681454915,51,0.4873337688303981,0.5686274509803921,1.5108707545756925
2025,401833680,1,Montana State,Illinois State,1,51,0.4873337688303981,0.5686274509803921,1.5108707545756925,84,0.3459258885436655,0.4642857142857143,1.213239681454915
2025,401833969,14,Abilene Christian,Lamar,1,44,0.07666410622113368,0.45454545454545453,1.0200077566022088,31,-0.3014914661841676,0.22580645161290322,1.6413302210565979
2025,401833969,14,Lamar,Abilene Christian,1,31,-0.3014914661841676,0.22580645161290322,1.6413302210565979,44,0.07666410622113368,0.45454545454545453,1.0200077566022088
2025,401833975,14,Yale,Youngstown State,1,87,0.22300126872093062,0.4367816091954023,1.4229017267009105,59,0.3924605028445684,0.5423728813559322,1.2417038431251513
2025,401833975,14,Youngstown State,Yale,1,59,0.3924605028445684,0.5423728813559322,1.2417038431251513,87,0.22300126872093062,0.4367816091954023,1.4229017267009105
2025,401833977,15,Rhode Island,UC Davis,1,57,0.12571942847309314,0.3508771929824561,1.4552590011685256,74,0.3506468677915442,0.527027027027027,1.3070706480633492
2025,401833977,15,UC Davis,Rhode Island,1,74,0.3506468677915442,0.527027027027027,1.3070706480633492,57,0.12571942847309314,0.3508771929824561,1.4552590011685256
2025,401833978,15,Lehigh,Villanova,1,63,-0.12929760729393955,0.42857142857142855,0.9322668143289934,57,0.024102252834115358,0.40350877192982454,0.8335528930424515
2025,401833978,15,Villanova,Lehigh,1,57,0.024102252834115358,0.40350877192982454,0.8335528930424515,63,-0.12929760729393955,0.42857142857142855,0.9322668143289934
2025,401833985,16,Montana State,Stephen F. Austin,1,70,0.21699033463534548,0.5,1.1454213736912604,66,0.05752253680426585,0.4696969696969697,0.9776934777205285
2025,401833985,16,Stephen F. Austin,Montana State,1,66,0.05752253680426585,0.4696969696969697,0.9776934777205285,70,0.21699033463534548,0.5,1.1454213736912604
2025,401833986,16,Tarleton State,Villanova,1,55,-0.08929631472576832,0.34545454545454546,1.3694052986247767,73,0.1928926206635145,0.410958904109589,1.2658703007560297
2025,401833986,16,Villanova,Tarleton State,1,73,0.1928926206635145,0.410958904109589,1.2658703007560297,55,-0.08929631472576832,0.34545454545454546,1.3694052986247767
2025,401833987,16,Montana,South Dakota,1,57,0.44426790149240425,0.543859649122807,1.2363999038342828,47,0.05447137078908351,0.3829787234042553,1.625111278601278
2025,401833987,16,South Dakota,Montana,1,47,0.05447137078908351,0.3829787234042553,1.625111278601278,57,0.44426790149240425,0.543859649122807,1.2363999038342828
2025,401833989,1,Montana,Montana State,1,59,0.11276022504841207,0.4067796610169492,1.2077104899591264,58,0.3941728185472993,0.5517241379310345,1.2475765782403099
2025,401833989,1,Montana State,Montana,1,58,0.3941728185472993,0.5517241379310345,1.2475765782403099,59,0.11276022504841207,0.4067796610169492,1.2077104899591264
2025,401833990,1,Illinois State,Villanova,1,81,0.1798826960674149,0.4074074074074074,1.3337545990065771,49,-0.028952855798892306,0.3469387755102041,1.2201079904376408
2025,401833990,1,Villanova,Illinois State,1,49,-0.028952855798892306,0.3469387755102041,1.2201079904376408,81,0.1798826960674149,0.4074074074074074,1.3337545990065771
2025,401836055,14,Harvard,Villanova,1,21,-0.1414134682700453,0.19047619047619047,1.9583093853346312,49,0.630964484948493,0.5918367346938775,1.4960651296192917
2025,401836055,14,Villanova,Harvard,1,49,0.630964484948493,0.5918367346938775,1.4960651296192917,21,-0.1414134682700453,0.19047619047619047,1.9583093853346312
2025,401836095,14,Illinois State,SE Louisiana,1,51,-0.04776433093778236,0.4117647058823529,0.8444872693945716,52,-0.2872683636822401,0.36538461538461536,1.1857203917825416
2025,401836095,14,SE Louisiana,Illinois State,1,52,-0.2872683636822401,0.36538461538461536,1.1857203917825416,51,-0.04776433093778236,0.4117647058823529,0.8444872693945716
2025,401836102,14,Central Connecticut,Rhode Island,1,83,0.028272094552396862,0.3855421686746988,1.1922737566199417,66,0.1793093386716088,0.36363636363636365,1.6395976865663942
2025,401836102,14,Rhode Island,Central Connecticut,1,66,0.1793093386716088,0.36363636363636365,1.6395976865663942,83,0.028272094552396862,0.3855421686746988,1.1922737566199417
2025,401836115,14,North Dakota,Tennessee Tech,1,74,-0.018468821594898203,0.43243243243243246,0.7646276494909074,69,-0.21169264575423857,0.2898550724637681,1.2177107266766494
2025,401836115,14,Tennessee Tech,North Dakota,1,69,-0.21169264575423857,0.2898550724637681,1.2177107266766494,74,-0.018468821594898203,0.43243243243243246,0.7646276494909074
2025,401836116,14,New Hampshire,South Dakota State,1,44,-0.05347692979707198,0.3409090909090909,1.1041962665791387,49,0.5248082509401222,0.5714285714285714,1.2527751101226714
2025,401836116,14,South Dakota State,New Hampshire,1,49,0.5248082509401222,0.5714285714285714,1.2527751101226714,44,-0.05347692979707198,0.3409090909090909,1.1041962665791387
2025,401836195,14,Drake,South Dakota,1,57,-0.03293550572604746,0.40350877192982454,0.9818335830719395,44,0.6039833995473731,0.5681818181818182,1.4193353562359925
2025,401836195,14,South Dakota,Drake,1,44,0.6039833995473731,0.5681818181818182,1.4193353562359925,57,-0.03293550572604746,0.40350877192982454,0.9818335830719395
2025,401836196,15,Montana State,Yale,1,57,0.04707591811087821,0.49122807017543857,0.8041149087220618,77,-0.044339859857035056,0.38961038961038963,1.2791968424526667
2025,401836196,15,Yale,Montana State,1,77,-0.044339859857035056,0.38961038961038963,1.2791968424526667,57,0.04707591811087821,0.49122807017543857,0.8041149087220618
2025,401836197,15,Montana,South Dakota State,1,84,0.30171475610941917,0.5357142857142857,1.148305863716413,59,0.22919861768035732,0.4406779661016949,1.5389833749201276
2025,401836197,15,South Dakota State,Montana,1,59,0.22919861768035732,0.4406779661016949,1.5389833749201276,84,0.30171475610941917,0.5357142857142857,1.148305863716413
2025,401836198,15,Illinois State,North Dakota State,1,93,-0.30125740493450515,0.34408602150537637,1.2531516397090625,48,-0.16316487267846116,0.22916666666666666,1.5615019568717219
2025,401836198,15,North Dakota State,Illinois State,1,48,-0.16316487267846116,0.22916666666666666,1.5615019568717219,93,-0.30125740493450515,0.34408602150537637,1.2531516397090625
2025,401836216,15,Abilene Christian,Stephen F. Austin,1,69,0.19842828449457917,0.42028985507246375,1.3227544148215664,61,0.30936895412291787,0.47540983606557374,1.307521231557637
2025,401836216,15,Stephen F. Austin,Abilene Christian,1,61,0.30936895412291787,0.47540983606557374,1.307521231557637,69,0.19842828449457917,0.42028985507246375,1.3227544148215664
2025,401836217,15,North Dakota,Tarleton State,1,58,-0.38041173819243823,0.2413793103448276,1.5927405190417663,75,0.11904141969732071,0.38666666666666666,1.1914686272576147
2025,401836217,15,Tarleton State,North Dakota,1,75,0.11904141969732071,0.38666666666666666,1.1914686272576147,58,-0.38041173819243823,0.2413793103448276,1.5927405190417663
2025,401836218,15,Mercer,South Dakota,1,28,-0.09194875546498782,0.35714285714285715,1.525368835503571,38,0.5031462656121503,0.5,1.6087767416473542
2025,401836218,15,South Dakota,Mercer,1,38,0.5031462656121503,0.5,1.6087767416473542,28,-0.09194875546498782,0.35714285714285715,1.525368835503571
2025,401836219,16,Illinois State,UC Davis,1,65,0.4569414102223602,0.6,1.336761965506596,64,0.1274337022689291,0.53125,0.9687936321068455
2025,401836219,16,UC Davis,Illinois State,1,64,0.1274337022689291,0.53125,0.9687936321068455,65,0.4569414102223602,0.6,1.336761965506596
2025,401838053,1,Arkansas State,Missouri State,1,58,0.13292623209863028,0.29310344827586204,1.8109894360152115,73,0.24586370678737077,0.3835616438356164,1.7216132717749015
2025,401838053,1,Missouri State,Arkansas State,1,73,0.24586370678737077,0.3835616438356164,1.7216132717749015,58,0.13292623209863028,0.29310344827586204,1.8109894360152115
