season_year,game_id,week,team,opponent,garbage_time_excluded,off_plays,off_ppa,off_success_rate,off_explosiveness,def_plays,def_ppa,def_success_rate,def_explosiveness
2001,212370201,1,North Carolina,Oklahoma,1,3,-0.20464740146496574,0,0,3,-0.20052588134755578,0,0
2001,212370201,1,Oklahoma,North Carolina,1,3,-0.20052588134755578,0,0,3,-0.20464740146496574,0,0
2001,212380038,1,Colorado,Fresno State,1,86,0.02221492236987422,0.29069767441860467,1.6471026529960124,73,-0.15197105916161183,0.3424657534246575,0.8857593044244937
2001,212380038,1,Fresno State,Colorado,1,73,-0.15197105916161183,0.3424657534246575,0.8857593044244937,86,0.02221492236987422,0.29069767441860467,1.6471026529960124
2001,212380183,1,Georgia Tech,Syracuse,1,72,-0.06534880283886202,0.3194444444444444,1.1877598872463317,59,-0.03377991685573866,0.3050847457627119,1.3276949621262075
2001,212380183,1,Syracuse,Georgia Tech,1,59,-0.03377991685573866,0.3050847457627119,1.3276949621262075,72,-0.06534880283886202,0.3194444444444444,1.1877598872463317
2001,212420008,2,Arkansas,UNLV,1,56,-0.3005040888011166,0.17857142857142858,1.07699932757384,74,-0.2808008491815655,0.28378378378378377,1.0534181122837716
2001,212420008,2,UNLV,Arkansas,1,74,-0.2808008491815655,0.28378378378378377,1.0534181122837716,56,-0.3005040888011166,0.17857142857142858,1.07699932757384
2001,212420021,2,Arizona,San Diego State,1,73,-0.09512289033458957,0.3835616438356164,0.9741393863891342,72,-0.38800243065878115,0.2638888888888889,0.9426646078336163
2001,212420021,2,San Diego State,Arizona,1,72,-0.38800243065878115,0.2638888888888889,0.9426646078336163,73,-0.09512289033458957,0.3835616438356164,0.9741393863891342
2001,212420218,2,Navy,Temple,1,48,-0.4082421977695442,0.20833333333333334,1.2196508449175412,65,0.07130645571462402,0.46153846153846156,0.7895181609338978
2001,212420218,2,Temple,Navy,1,65,0.07130645571462402,0.46153846153846156,0.7895181609338978,48,-0.4082421977695442,0.20833333333333334,1.2196508449175412
2001,212420238,2,Middle Tennessee,Vanderbilt,1,88,0.2283682583971182,0.5113636363636364,0.9305885522514704,56,0.2368924363724228,0.4107142857142857,1.2730643219198983
2001,212420238,2,Vanderbilt,Middle Tennessee,1,56,0.2368924363724228,0.4107142857142857,1.2730643219198983,88,0.2283682583971182,0.5113636363636364,0.9305885522514704
2001,212422649,2,Minnesota,Toledo,1,38,-0.06589072715347152,0.34210526315789475,1.1153853453502123,36,0.22036521599480638,0.6388888888888888,0.702513143476352
2001,212422649,2,Toledo,Minnesota,1,36,0.22036521599480638,0.6388888888888888,0.702513143476352,38,-0.06589072715347152,0.34210526315789475,1.1153853453502123
2001,212440002,2,Auburn,Ball State,1,53,-0.012465940153675203,0.37735849056603776,0.997087678105432,42,-0.1743947029636437,0.16666666666666666,1.2605367195453205
2001,212440002,2,Ball State,Auburn,1,42,-0.1743947029636437,0.16666666666666666,1.2605367195453205,53,-0.012465940153675203,0.37735849056603776,0.997087678105432
2001,212440025,2,California,Illinois,1,38,0.09326637110389441,0.34210526315789475,1.224051243409951,51,0.03914444438348504,0.3333333333333333,1.1150406232659313
2001,212440025,2,Illinois,California,1,51,0.03914444438348504,0.3333333333333333,1.1150406232659313,38,0.09326637110389441,0.34210526315789475,1.224051243409951
2001,212440030,2,San José State,USC,1,67,-0.07965309101140264,0.3283582089552239,1.270232314248239,63,0.04458359055282896,0.3492063492063492,1.1030460879160284
2001,212440030,2,USC,San José State,1,63,0.04458359055282896,0.3492063492063492,1.1030460879160284,67,-0.07965309101140264,0.3283582089552239,1.270232314248239
2001,212440036,2,Colorado,Colorado State,1,68,0.12765117974699566,0.4411764705882353,0.844431767939455,52,-0.3113288952977616,0.34615384615384615,0.9131276012492424
2001,212440036,2,Colorado State,Colorado,1,52,-0.3113288952977616,0.34615384615384615,0.9131276012492424,68,0.12765117974699566,0.4411764705882353,0.844431767939455
2001,212440057,2,Florida,Marshall,1,25,0.22404646066337697,0.4,1.1561584462373231,33,-0.059848194241536666,0.3333333333333333,0.8263823662404367
2001,212440057,2,Marshall,Florida,1,33,-0.059848194241536666,0.3333333333333333,0.8263823662404367,25,0.22404646066337697,0.4,1.1561584462373231
2001,212440059,2,Georgia Tech,The Citadel,1,53,0.2151383980405243,0.41509433962264153,1.4657024756667387,45,-0.36105595527679163,0.28888888888888886,0.34750642559675154
2001,212440059,2,The Citadel,Georgia Tech,1,45,-0.36105595527679163,0.28888888888888886,0.34750642559675154,53,0.2151383980405243,0.41509433962264153,1.4657024756667387
2001,212440061,2,Arkansas State,Georgia,1,50,-0.2195619783665271,0.2,1.2520686517377657,65,0.14783675556464793,0.46153846153846156,0.8560408162937074
2001,212440061,2,Georgia,Arkansas State,1,65,0.14783675556464793,0.46153846153846156,0.8560408162937074,50,-0.2195619783665271,0.2,1.2520686517377657
2001,212440096,2,Kentucky,Louisville,1,57,-0.2637085154009256,0.38596491228070173,0.7725739442557904,71,0.005324701099311972,0.36619718309859156,0.9346414878671007
2001,212440096,2,Louisville,Kentucky,1,71,0.005324701099311972,0.36619718309859156,0.9346414878671007,57,-0.2637085154009256,0.38596491228070173,0.7725739442557904
2001,212440099,2,LSU,Tulane,1,56,0.1452013911519467,0.4107142857142857,1.2754032635325356,34,0.008606610882964313,0.38235294117647056,0.8803058455489797
2001,212440099,2,Tulane,LSU,1,34,0.008606610882964313,0.38235294117647056,0.8803058455489797,56,0.1452013911519467,0.4107142857142857,1.2754032635325356
2001,212440103,2,Boston College,West Virginia,1,66,-0.025491592861101947,0.3333333333333333,1.3562975080172672,61,0.03660322478632959,0.3442622950819672,1.4449395175425437
2001,212440103,2,West Virginia,Boston College,1,61,0.03660322478632959,0.3442622950819672,1.4449395175425437,66,-0.025491592861101947,0.3333333333333333,1.3562975080172672
2001,212440130,2,Miami (OH),Michigan,1,63,-0.3019656423383096,0.25396825396825395,0.956952268012992,79,0.047201873920827656,0.3924050632911392,0.9898129145788901
2001,212440130,2,Michigan,Miami (OH),1,79,0.047201873920827656,0.3924050632911392,0.9898129145788901,63,-0.3019656423383096,0.25396825396825395,0.956952268012992
2001,212440142,2,Bowling Green,Missouri,1,70,0.023172515318068437,0.38571428571428573,1.001678035905042,67,-0.11020838288528503,0.26865671641791045,1.1525457280898728
2001,212440142,2,Missouri,Bowling Green,1,67,-0.11020838288528503,0.26865671641791045,1.1525457280898728,70,0.023172515318068437,0.38571428571428573,1.001678035905042
2001,212440145,2,Murray State,Ole Miss,1,42,0.0895544151664332,0.5,0.6893272098151847,47,0.36128067248653184,0.6170212765957447,0.9739537489308903
2001,212440145,2,Ole Miss,Murray State,1,47,0.36128067248653184,0.6170212765957447,0.9739537489308903,42,0.0895544151664332,0.5,0.6893272098151847
2001,212440150,2,Duke,Florida State,1,43,-0.4683815033507693,0.16279069767441862,1.2798619599497638,32,-0.43313134485810795,0.21875,1.2833761972869127
2001,212440150,2,Florida State,Duke,1,32,-0.43313134485810795,0.21875,1.2833761972869127,43,-0.4683815033507693,0.16279069767441862,1.2798619599497638
2001,212440151,2,East Carolina,Wake Forest,1,64,0.05211757992650498,0.375,1.227765214299926,90,-0.04778320953034458,0.3888888888888889,0.8111816189371146
2001,212440151,2,Wake Forest,East Carolina,1,90,-0.04778320953034458,0.3888888888888889,0.8111816189371146,64,0.05211757992650498,0.375,1.227765214299926
2001,212440158,2,Nebraska,Troy,1,66,-0.044868076021653845,0.4696969696969697,0.7504873526891847,64,-0.35847439208847853,0.171875,1.544353770499384
2001,212440158,2,Troy,Nebraska,1,64,-0.35847439208847853,0.171875,1.544353770499384,66,-0.044868076021653845,0.4696969696969697,0.7504873526891847
2001,212440213,2,Miami,Penn State,1,36,0.3002506300559845,0.5277777777777778,1.0029994772138457,34,-0.36872431162362984,0.2647058823529412,0.7366088852174325
2001,212440213,2,Penn State,Miami,1,34,-0.36872431162362984,0.2647058823529412,0.7366088852174325,36,0.3002506300559845,0.5277777777777778,1.0029994772138457
2001,212440221,2,East Tennessee State,Pittsburgh,1,40,-0.14885705775209512,0.275,0.8512618123041754,26,-0.30155804757747295,0.11538461538461539,1.0868168665515079
2001,212440221,2,Pittsburgh,East Tennessee State,1,26,-0.30155804757747295,0.11538461538461539,1.0868168665515079,40,-0.14885705775209512,0.275,0.8512618123041754
2001,212440228,2,Clemson,UCF,1,64,0.016992208400281122,0.296875,1.1186499220432564,75,-0.03766049622092018,0.36,1.1339296867882072
2001,212440228,2,UCF,Clemson,1,75,-0.03766049622092018,0.36,1.1339296867882072,64,0.016992208400281122,0.296875,1.1186499220432564
2001,212440245,2,McNeese,Texas A&M,1,63,-0.18921440347722607,0.3333333333333333,0.772648441691679,74,-0.30102550466199685,0.2972972972972973,0.9486275629518243
2001,212440245,2,Texas A&M,McNeese,1,74,-0.30102550466199685,0.2972972972972973,0.9486275629518243,63,-0.18921440347722607,0.3333333333333333,0.772648441691679
2001,212440251,2,New Mexico State,Texas,1,46,-0.1500754034573466,0.30434782608695654,1.2408994301094005,71,0.09118727569456733,0.4084507042253521,0.9196136173520519
2001,212440251,2,Texas,New Mexico State,1,71,0.09118727569456733,0.4084507042253521,0.9196136173520519,46,-0.1500754034573466,0.30434782608695654,1.2408994301094005
2001,212440258,2,Richmond,Virginia,1,56,-0.054192596735190404,0.32142857142857145,1.0882530063335523,83,-0.06550944372705561,0.39759036144578314,0.9903192414217009
2001,212440258,2,Virginia,Richmond,1,83,-0.06550944372705561,0.39759036144578314,0.9903192414217009,56,-0.054192596735190404,0.32142857142857145,1.0882530063335523
2001,212440259,2,UConn,Virginia Tech,1,38,-0.18475749276439146,0.21052631578947367,1.1696822544754597,44,0.37717745294258187,0.5681818181818182,0.9154905647432132
2001,212440259,2,Virginia Tech,UConn,1,44,0.37717745294258187,0.5681818181818182,0.9154905647432132,38,-0.18475749276439146,0.21052631578947367,1.1696822544754597
2001,212440333,2,Alabama,UCLA,1,71,-0.06723727901864185,0.29577464788732394,1.0115768778864647,61,-0.10559152834576095,0.22950819672131148,1.725980718871164
2001,212440333,2,UCLA,Alabama,1,61,-0.10559152834576095,0.22950819672131148,1.725980718871164,71,-0.06723727901864185,0.29577464788732394,1.0115768778864647
2001,212442005,2,Air Force,Oklahoma,1,69,-0.09347195250701028,0.3188405797101449,0.8031362598827962,65,-0.023571898742753263,0.4,0.7775826615918765
2001,212442005,2,Oklahoma,Air Force,1,65,-0.023571898742753263,0.4,0.7775826615918765,69,-0.09347195250701028,0.3188405797101449,0.8031362598827962
2001,212442294,2,Iowa,Kent State,1,46,0.40247542919558243,0.6304347826086957,0.9165313319963897,34,-0.3527782875704025,0.23529411764705882,1.4285824394952356
2001,212442294,2,Kent State,Iowa,1,34,-0.3527782875704025,0.23529411764705882,1.4285824394952356,46,0.40247542919558243,0.6304347826086957,0.9165313319963897
2001,212442305,2,Kansas,Missouri State,1,62,-0.11587028598906397,0.3387096774193548,0.900383728535746,77,-0.3320431310048582,0.33766233766233766,0.7829331316232764
2001,212442305,2,Missouri State,Kansas,1,77,-0.3320431310048582,0.33766233766233766,0.7829331316232764,62,-0.11587028598906397,0.3387096774193548,0.900383728535746
2001,212442483,2,Oregon,Wisconsin,1,83,-0.13948529233066018,0.27710843373493976,1.513233914643429,65,-0.05489287824724547,0.2923076923076923,1.034059781977546
2001,212442483,2,Wisconsin,Oregon,1,65,-0.05489287824724547,0.2923076923076923,1.034059781977546,83,-0.13948529233066018,0.27710843373493976,1.513233914643429
2001,212442572,2,Oklahoma State,Southern Miss,1,68,-0.13491531738316068,0.3382352941176471,1.1584732170628265,76,-0.023591790077502988,0.35526315789473684,0.9958495360751716
2001,212442572,2,Southern Miss,Oklahoma State,1,76,-0.023591790077502988,0.35526315789473684,0.9958495360751716,68,-0.13491531738316068,0.3382352941176471,1.1584732170628265
2001,212442579,2,Boise State,South Carolina,1,49,-0.31553855762764327,0.2857142857142857,1.090389759745832,55,0.00025818410276571874,0.38181818181818183,1.0577442977642462
2001,212442579,2,South Carolina,Boise State,1,55,0.00025818410276571874,0.38181818181818183,1.0577442977642462,49,-0.31553855762764327,0.2857142857142857,1.090389759745832
2001,212442633,2,Syracuse,Tennessee,1,60,-0.2875752687653242,0.2833333333333333,0.5500028354395602,55,-0.18197674150697585,0.18181818181818182,1.5440956673524409
2001,212442633,2,Tennessee,Syracuse,1,55,-0.18197674150697585,0.18181818181818182,1.5440956673524409,60,-0.2875752687653242,0.2833333333333333,0.5500028354395602
2001,212450278,2,Fresno State,Oregon State,1,66,0.01231206315533606,0.36363636363636365,1.0368473573081536,66,-0.023617656349526457,0.30303030303030304,1.0107997667469573
2001,212450278,2,Oregon State,Fresno State,1,66,-0.023617656349526457,0.30303030303030304,1.0107997667469573,66,0.01231206315533606,0.36363636363636365,1.0368473573081536
2001,212452132,2,Cincinnati,Purdue,1,71,-0.09411180374860001,0.323943661971831,0.9001884113160596,66,-0.2362072302465514,0.2878787878787879,0.8570808812121312
2001,212452132,2,Purdue,Cincinnati,1,66,-0.2362072302465514,0.2878787878787879,0.8570808812121312,71,-0.09411180374860001,0.323943661971831,0.9001884113160596
2001,212460344,2,Memphis,Mississippi State,1,66,-0.3757942683482523,0.19696969696969696,0.8066629413816774,66,-0.18713824750580438,0.3484848484848485,0.671718062767366
2001,212460344,2,Mississippi State,Memphis,1,66,-0.18713824750580438,0.3484848484848485,0.671718062767366,66,-0.3757942683482523,0.19696969696969696,0.8066629413816774
2001,212490152,3,Indiana,NC State,1,52,-0.38160121850009815,0.3269230769230769,0.7728228918928179,56,0.029980712015152577,0.35714285714285715,1.078032863895167
2001,212490152,3,NC State,Indiana,1,56,0.029980712015152577,0.35714285714285715,1.078032863895167,52,-0.38160121850009815,0.3269230769230769,0.7728228918928179
2001,212492751,3,Texas A&M,Wyoming,1,83,0.1710400664633582,0.43373493975903615,1.2536901495092758,58,-0.05934668664390186,0.3793103448275862,0.6975898650679492
2001,212492751,3,Wyoming,Texas A&M,1,58,-0.05934668664390186,0.3793103448275862,0.6975898650679492,83,0.1710400664633582,0.43373493975903615,1.2536901495092758
2001,212502439,3,Northwestern,UNLV,1,94,-0.025432081900826183,0.35106382978723405,0.8184556601139633,77,-0.28846169970462315,0.35064935064935066,0.8291383100853152
2001,212502439,3,UNLV,Northwestern,1,77,-0.28846169970462315,0.35064935064935066,0.8291383100853152,94,-0.025432081900826183,0.35106382978723405,0.8184556601139633
2001,212510002,3,Auburn,Ole Miss,1,73,-0.077928685839065,0.3150684931506849,1.2065115545649354,63,-0.02012297669464436,0.3333333333333333,1.0362280175651726
2001,212510002,3,Ole Miss,Auburn,1,63,-0.02012297669464436,0.3333333333333333,1.0362280175651726,73,-0.077928685839065,0.3150684931506849,1.2065115545649354
2001,212510008,3,Arkansas,Tennessee,1,44,-0.21322061204519419,0.1590909090909091,1.145030526690817,77,-0.0938996500841026,0.44155844155844154,0.7900562127676335
2001,212510008,3,Tennessee,Arkansas,1,77,-0.0938996500841026,0.44155844155844154,0.7900562127676335,44,-0.21322061204519419,0.1590909090909091,1.145030526690817
2001,212510009,3,Arizona State,San Diego State,1,67,-0.02230859361989693,0.4626865671641791,0.8336038387037707,39,-0.29315614429045117,0.20512820512820512,1.2788669673182975
2001,212510009,3,San Diego State,Arizona State,1,39,-0.29315614429045117,0.20512820512820512,1.2788669673182975,67,-0.02230859361989693,0.4626865671641791,0.8336038387037707
2001,212510012,3,Arizona,Idaho,1,67,0.0850418414178406,0.3283582089552239,1.3687670755845032,74,-0.0468065646544278,0.3108108108108108,1.264353182491605
2001,212510012,3,Idaho,Arizona,1,74,-0.0468065646544278,0.3108108108108108,1.264353182491605,67,0.0850418414178406,0.3283582089552239,1.3687670755845032
2001,212510024,3,Boston College,Stanford,1,75,-0.1029026763040884,0.37333333333333335,1.0320910215481238,71,-0.06832676465401666,0.36619718309859156,0.8215436389761169
2001,212510024,3,Stanford,Boston College,1,71,-0.06832676465401666,0.36619718309859156,0.8215436389761169,75,-0.1029026763040884,0.37333333333333335,1.0320910215481238
2001,212510025,3,BYU,California,1,44,0.21651179734887285,0.45454545454545453,1.1218501134451115,57,-0.08038175025240475,0.3333333333333333,1.197438138522364
2001,212510025,3,California,BYU,1,57,-0.08038175025240475,0.3333333333333333,1.197438138522364,44,0.21651179734887285,0.45454545454545453,1.1218501134451115
2001,212510030,3,Kansas State,USC,1,68,0.02566091323165117,0.3235294117647059,1.1423479897257522,66,-0.09300722778701385,0.24242424242424243,1.7044204676421864
2001,212510030,3,USC,Kansas State,1,66,-0.09300722778701385,0.24242424242424243,1.7044204676421864,68,0.02566091323165117,0.3235294117647059,1.1423479897257522
2001,212510038,3,Colorado,San José State,1,42,0.19902892785668874,0.47619047619047616,0.9737856600117921,42,-0.11631251189530845,0.2857142857142857,1.2142655091546362
2001,212510038,3,San José State,Colorado,1,42,-0.11631251189530845,0.2857142857142857,1.2142655091546362,42,0.19902892785668874,0.47619047619047616,0.9737856600117921
2001,212510052,3,Florida State,UAB,1,66,0.06798724149615064,0.3939393939393939,1.0004327459878892,59,-0.037684844738907326,0.3220338983050847,1.1591502028628697
2001,212510052,3,UAB,Florida State,1,59,-0.037684844738907326,0.3220338983050847,1.1591502028628697,66,0.06798724149615064,0.3939393939393939,1.0004327459878892
2001,212510057,3,Florida,UL Monroe,1,43,-0.02675440273528255,0.4418604651162791,1.0378412974604156,25,-0.22721819000524493,0.12,0.5172280905261192
2001,212510057,3,UL Monroe,Florida,1,25,-0.22721819000524493,0.12,0.5172280905261192,43,-0.02675440273528255,0.4418604651162791,1.0378412974604156
2001,212510061,3,Georgia,South Carolina,1,73,-0.10921995739488746,0.4246575342465753,0.6875691172763092,70,-0.18761455232225807,0.2571428571428571,1.2132702777003086
2001,212510061,3,South Carolina,Georgia,1,70,-0.18761455232225807,0.2571428571428571,1.2132702777003086,73,-0.10921995739488746,0.4246575342465753,0.6875691172763092
2001,212510066,3,Iowa State,Northern Iowa,1,19,-0.03104788376076689,0.3157894736842105,1.1442708725116415,26,-0.11819642633131283,0.5769230769230769,0.10551791993936421
2001,212510066,3,Northern Iowa,Iowa State,1,26,-0.11819642633131283,0.5769230769230769,0.10551791993936421,19,-0.03104788376076689,0.3157894736842105,1.1442708725116415
2001,212510096,3,Ball State,Kentucky,1,83,0.1333337428876269,0.43373493975903615,0.9565895651566294,47,-0.05258644385125095,0.40425531914893614,0.8370088081549437
2001,212510096,3,Kentucky,Ball State,1,47,-0.05258644385125095,0.40425531914893614,0.8370088081549437,83,0.1333337428876269,0.43373493975903615,0.9565895651566294
2001,212510099,3,LSU,Utah State,1,47,0.08482209288608339,0.40425531914893614,1.1702139475944637,47,-0.10199660593947209,0.3404255319148936,1.1423809993483827
2001,212510099,3,Utah State,LSU,1,47,-0.10199660593947209,0.3404255319148936,1.1423809993483827,47,0.08482209288608339,0.40425531914893614,1.1702139475944637
2001,212510127,3,Central Michigan,Michigan State,1,67,-0.11386900780450365,0.2835820895522388,0.9855257427167302,74,-0.24898990423226125,0.35135135135135137,1.2798723638688492
2001,212510127,3,Michigan State,Central Michigan,1,74,-0.24898990423226125,0.35135135135135137,1.2798723638688492,67,-0.11386900780450365,0.2835820895522388,0.9855257427167302
2001,212510135,3,Louisiana,Minnesota,1,47,-0.17349656975498443,0.23404255319148937,0.9942543304795761,69,-0.04279466785477805,0.4782608695652174,0.7004473921500571
2001,212510135,3,Minnesota,Louisiana,1,69,-0.04279466785477805,0.4782608695652174,0.7004473921500571,47,-0.17349656975498443,0.23404255319148937,0.9942543304795761
2001,212510142,3,Missouri,Texas State,1,58,-0.06112659914836525,0.3620689655172414,0.9100844476202229,26,-0.44689584896281176,0.15384615384615385,0.8466897442264198
2001,212510142,3,Texas State,Missouri,1,26,-0.44689584896281176,0.15384615384615385,0.8466897442264198,58,-0.06112659914836525,0.3620689655172414,0.9100844476202229
2001,212510154,3,App State,Wake Forest,1,61,-0.05126318862050753,0.4262295081967213,0.7690809695947733,71,0.020689797821032276,0.36619718309859156,0.9286380054677916
2001,212510154,3,Wake Forest,App State,1,71,0.020689797821032276,0.36619718309859156,0.9286380054677916,61,-0.05126318862050753,0.4262295081967213,0.7690809695947733
2001,212510158,3,Nebraska,Notre Dame,1,57,-0.07246131606764535,0.38596491228070173,0.929770814317568,62,-0.19524787669702434,0.2903225806451613,0.9782788297146412
2001,212510158,3,Notre Dame,Nebraska,1,62,-0.19524787669702434,0.2903225806451613,0.9782788297146412,57,-0.07246131606764535,0.38596491228070173,0.929770814317568
2001,212510166,3,New Mexico State,Oregon State,1,68,0.06551132774544006,0.5,0.8061499736678192,77,0.10927452616382806,0.4935064935064935,0.8256001773141347
2001,212510166,3,Oregon State,New Mexico State,1,77,0.10927452616382806,0.4935064935064935,0.8256001773141347,68,0.06551132774544006,0.5,0.8061499736678192
2001,212510194,3,Akron,Ohio State,1,68,-0.17009714862463837,0.2647058823529412,1.0814801922640487,89,-0.07118930523829198,0.38202247191011235,1.005009270102795
2001,212510194,3,Ohio State,Akron,1,89,-0.07118930523829198,0.38202247191011235,1.005009270102795,68,-0.17009714862463837,0.2647058823529412,1.0814801922640487
2001,212510197,3,Louisiana Tech,Oklahoma State,1,82,-0.20693415445654165,0.3170731707317073,0.9746802310692135,71,-0.1814143775599983,0.352112676056338,0.6751652419033144
2001,212510197,3,Oklahoma State,Louisiana Tech,1,71,-0.1814143775599983,0.352112676056338,0.6751652419033144,82,-0.20693415445654165,0.3170731707317073,0.9746802310692135
2001,212510201,3,North Texas,Oklahoma,1,53,-0.07858039603609046,0.22641509433962265,1.0054835801976751,49,0.07589805275919699,0.4897959183673469,0.828906497576522
2001,212510201,3,Oklahoma,North Texas,1,49,0.07589805275919699,0.4897959183673469,0.828906497576522,53,-0.07858039603609046,0.22641509433962265,1.0054835801976751
2001,212510218,3,Temple,Toledo,1,36,-0.16107915373027998,0.2222222222222222,1.547964471055496,45,-0.04994611365458884,0.37777777777777777,0.5833788675197052
2001,212510218,3,Toledo,Temple,1,45,-0.04994611365458884,0.37777777777777777,0.5833788675197052,36,-0.16107915373027998,0.2222222222222222,1.547964471055496
2001,212510221,3,Pittsburgh,South Florida,1,82,-0.11141001168928406,0.32926829268292684,0.9969939913147015,96,-0.09431523366029862,0.3645833333333333,0.7971739483143999
2001,212510221,3,South Florida,Pittsburgh,1,96,-0.09431523366029862,0.3645833333333333,0.7971739483143999,82,-0.11141001168928406,0.32926829268292684,0.9969939913147015
2001,212510228,3,Clemson,Wofford,1,62,0.05337401880585326,0.5,0.96491220047615,63,-0.23877862145001694,0.36507936507936506,0.7918669842170941
2001,212510228,3,Wofford,Clemson,1,63,-0.23877862145001694,0.36507936507936506,0.7918669842170941,62,0.05337401880585326,0.5,0.96491220047615
2001,212510238,3,Alabama,Vanderbilt,1,65,0.09348168563097854,0.4461538461538462,0.912270762962761,73,0.13866385259671057,0.3835616438356164,1.3677059180923938
2001,212510238,3,Vanderbilt,Alabama,1,73,0.13866385259671057,0.3835616438356164,1.3677059180923938,65,0.09348168563097854,0.4461538461538462,0.912270762962761
2001,212510239,3,Arkansas State,Baylor,1,76,-0.4964890715897748,0.25,1.0059787201289498,74,-0.08831282075500904,0.33783783783783783,0.7274468091670119
2001,212510239,3,Baylor,Arkansas State,1,74,-0.08831282075500904,0.33783783783783783,0.7274468091670119,76,-0.4964890715897748,0.25,1.0059787201289498
2001,212510242,3,Duke,Rice,1,57,-0.16906864764772203,0.3684210526315789,0.8909055077296553,66,-0.22014603017851966,0.2878787878787879,0.8556990386600284
2001,212510242,3,Rice,Duke,1,66,-0.22014603017851966,0.2878787878787879,0.8556990386600284,57,-0.16906864764772203,0.3684210526315789,0.8909055077296553
2001,212510251,3,North Carolina,Texas,1,60,-0.32514915108961084,0.26666666666666666,1.0061231860535225,62,-0.10846579447717992,0.3387096774193548,0.8572294665530955
2001,212510251,3,Texas,North Carolina,1,62,-0.10846579447717992,0.3387096774193548,0.8572294665530955,60,-0.32514915108961084,0.26666666666666666,1.0061231860535225
2001,212510259,3,Virginia Tech,Western Michigan,1,57,-0.03690641488919212,0.43859649122807015,0.8356700595789011,43,-0.09464604289364192,0.3023255813953488,0.6464315471958393
2001,212510259,3,Western Michigan,Virginia Tech,1,43,-0.09464604289364192,0.3023255813953488,0.6464315471958393,57,-0.03690641488919212,0.43859649122807015,0.8356700595789011
2001,212510264,3,Michigan,Washington,1,83,-0.20189223947059926,0.37349397590361444,1.0556181874384736,60,-0.07487676013380044,0.3,1.0673479406816853
2001,212510264,3,Washington,Michigan,1,60,-0.07487676013380044,0.3,1.0673479406816853,83,-0.20189223947059926,0.37349397590361444,1.0556181874384736
2001,212510275,3,Fresno State,Wisconsin,1,82,-0.01762082693201003,0.4024390243902439,0.8345058346722761,69,-0.003072573106449316,0.3188405797101449,1.5624485518587314
2001,212510275,3,Wisconsin,Fresno State,1,69,-0.003072573106449316,0.3188405797101449,1.5624485518587314,82,-0.01762082693201003,0.4024390243902439,0.8345058346722761
2001,212510277,3,Ohio,West Virginia,1,68,-0.10437873009257692,0.3235294117647059,0.9402109892977647,79,-0.0360584206205967,0.3924050632911392,0.7928835058241414
2001,212510277,3,West Virginia,Ohio,1,79,-0.0360584206205967,0.3924050632911392,0.7928835058241414,68,-0.10437873009257692,0.3235294117647059,0.9402109892977647
2001,212510356,3,Illinois,Northern Illinois,1,75,-0.1246833969418215,0.32,1.2310902797912062,89,0.024239873904293604,0.3707865168539326,1.1092511040845787
2001,212510356,3,Northern Illinois,Illinois,1,89,0.024239873904293604,0.3707865168539326,1.1092511040845787,75,-0.1246833969418215,0.32,1.2310902797912062
2001,212512294,3,Iowa,Miami (OH),1,47,0.030696395239714153,0.48936170212765956,0.7902845566805624,19,-0.22928729290892438,0.21052631578947367,0.6058339817351441
2001,212512294,3,Miami (OH),Iowa,1,19,-0.22928729290892438,0.21052631578947367,0.6058339817351441,47,0.030696395239714153,0.48936170212765956,0.7902845566805624
2001,212512305,3,Kansas,UCLA,1,60,-0.2481052223243529,0.25,1.5586455164497288,62,-0.008177829100993463,0.4838709677419355,0.7028617448179578
2001,212512305,3,UCLA,Kansas,1,62,-0.008177829100993463,0.4838709677419355,0.7028617448179578,60,-0.2481052223243529,0.25,1.5586455164497288
2001,212512390,3,Miami,Rutgers,1,46,0.3466133658741511,0.4782608695652174,1.2522706332116504,34,-0.39070732105552197,0.14705882352941177,0.8960855807266783
2001,212512390,3,Rutgers,Miami,1,34,-0.39070732105552197,0.14705882352941177,0.8960855807266783,46,0.3466133658741511,0.4782608695652174,1.2522706332116504
2001,212512426,3,Georgia Tech,Navy,1,34,0.23639618356967207,0.47058823529411764,0.8805379169587342,23,-0.21379999222662735,0.30434782608695654,0.909480068300189
2001,212512426,3,Navy,Georgia Tech,1,23,-0.21379999222662735,0.30434782608695654,0.909480068300189,34,0.23639618356967207,0.47058823529411764,0.8805379169587342
2001,212512483,3,Oregon,Utah,1,62,-0.1464502354133333,0.3387096774193548,1.1409085147439957,84,-0.0785126471823376,0.3333333333333333,1.1417346107696182
2001,212512483,3,Utah,Oregon,1,84,-0.0785126471823376,0.3333333333333333,1.1417346107696182,62,-0.1464502354133333,0.3387096774193548,1.1409085147439957
2001,212512641,3,New Mexico,Texas Tech,1,55,-0.23928697877344973,0.32727272727272727,0.893499964040764,77,-0.041967608561632175,0.3116883116883117,0.9816511264797162
2001,212512641,3,Texas Tech,New Mexico,1,77,-0.041967608561632175,0.3116883116883117,0.9816511264797162,55,-0.23928697877344973,0.32727272727272727,0.893499964040764
2001,212630158,5,Nebraska,Rice,1,33,0.1926338147632682,0.42424242424242425,1.420165315465441,36,-0.07208709602693496,0.25,1.2765681524557266
2001,212630158,5,Rice,Nebraska,1,36,-0.07208709602693496,0.25,1.2765681524557266,33,0.1926338147632682,0.42424242424242425,1.420165315465441
2001,212630344,5,Mississippi State,South Carolina,1,84,0.0744953148511079,0.35714285714285715,1.219296675312346,64,0.07460245943255636,0.390625,1.1331505146371412
2001,212630344,5,South Carolina,Mississippi State,1,64,0.07460245943255636,0.390625,1.1331505146371412,84,0.0744953148511079,0.35714285714285715,1.219296675312346
2001,212650012,5,Arizona,UNLV,1,61,-0.10309583090067194,0.36065573770491804,0.774623078271845,47,-0.24349103373029835,0.2553191489361702,1.2363836031262594
2001,212650012,5,UNLV,Arizona,1,47,-0.24349103373029835,0.2553191489361702,1.2363836031262594,61,-0.10309583090067194,0.36065573770491804,0.774623078271845
2001,212650024,5,Arizona State,Stanford,1,56,-0.04594677497385945,0.2857142857142857,1.524837618583678,56,0.3024581806954795,0.42857142857142855,1.3150267734899563
2001,212650024,5,Stanford,Arizona State,1,56,0.3024581806954795,0.42857142857142855,1.3150267734899563,56,-0.04594677497385945,0.2857142857142857,1.524837618583678
2001,212650026,5,Ohio State,UCLA,1,60,-0.30275422845791483,0.21666666666666667,0.8501214660580922,74,-0.2981977704120272,0.2972972972972973,1.04988663470387
2001,212650026,5,UCLA,Ohio State,1,74,-0.2981977704120272,0.2972972972972973,1.04988663470387,60,-0.30275422845791483,0.21666666666666667,0.8501214660580922
2001,212650038,5,Colorado,Kansas,1,70,0.18084089231515857,0.5,1.0317476126144318,71,-0.15524973962700936,0.22535211267605634,1.3698250677405597
2001,212650038,5,Kansas,Colorado,1,71,-0.15524973962700936,0.22535211267605634,1.3698250677405597,70,0.18084089231515857,0.5,1.0317476126144318
2001,212650084,5,Indiana,Utah,1,64,0.1279692963626513,0.421875,1.0758185143847157,71,0.08315418540819224,0.4647887323943662,1.035227783545468
2001,212650084,5,Utah,Indiana,1,71,0.08315418540819224,0.4647887323943662,1.035227783545468,64,0.1279692963626513,0.421875,1.0758185143847157
2001,212650087,5,Michigan State,Notre Dame,1,67,-0.025284726266059973,0.23880597014925373,1.5255642214001959,72,-0.1822889142898207,0.375,0.895582234807931
2001,212650087,5,Notre Dame,Michigan State,1,72,-0.1822889142898207,0.375,0.895582234807931,67,-0.025284726266059973,0.23880597014925373,1.5255642214001959
2001,212650096,5,Florida,Kentucky,1,60,0.009558919616186426,0.4166666666666667,1.054184384050112,56,-0.14521692294795024,0.26785714285714285,1.3778311566174035
2001,212650096,5,Kentucky,Florida,1,56,-0.14521692294795024,0.26785714285714285,1.3778311566174035,60,0.009558919616186426,0.4166666666666667,1.054184384050112
2001,212650130,5,Michigan,Western Michigan,1,66,0.13763243636667805,0.3939393939393939,1.1000543710569686,70,-0.14277424849832346,0.34285714285714286,1.3451072277642808
2001,212650130,5,Western Michigan,Michigan,1,70,-0.14277424849832346,0.34285714285714286,1.3451072277642808,66,0.13763243636667805,0.3939393939393939,1.1000543710569686
2001,212650150,5,Duke,Northwestern,1,41,-0.034175721538747136,0.36585365853658536,1.085604749959741,57,0.42136548819177555,0.47368421052631576,1.3507508319195625
2001,212650150,5,Northwestern,Duke,1,57,0.42136548819177555,0.47368421052631576,1.3507508319195625,41,-0.034175721538747136,0.36585365853658536,1.085604749959741
2001,212650153,5,Florida State,North Carolina,1,62,-0.22930116821034785,0.3225806451612903,1.085870673127571,58,-0.21778874728878372,0.2413793103448276,1.0119477633998406
2001,212650153,5,North Carolina,Florida State,1,58,-0.21778874728878372,0.2413793103448276,1.0119477633998406,62,-0.22930116821034785,0.3225806451612903,1.085870673127571
2001,212650154,5,Maryland,Wake Forest,1,72,0.04986181799335266,0.4166666666666667,0.9866918942365056,79,-0.0988056973769393,0.3924050632911392,0.9666027426215185
2001,212650154,5,Wake Forest,Maryland,1,79,-0.0988056973769393,0.3924050632911392,0.9666027426215185,72,0.04986181799335266,0.4166666666666667,0.9866918942365056
2001,212650164,5,Rutgers,Virginia Tech,1,46,-0.2529518492675925,0.17391304347826086,0.5176355097674079,46,-0.15345647446324642,0.34782608695652173,0.6329043090772576
2001,212650164,5,Virginia Tech,Rutgers,1,46,-0.15345647446324642,0.34782608695652173,0.6329043090772576,46,-0.2529518492675925,0.17391304347826086,0.5176355097674079
2001,212650183,5,Auburn,Syracuse,1,59,-0.14096255613872538,0.3050847457627119,1.0859429549862318,61,-0.05233095208085033,0.3770491803278688,0.7915020202118765
2001,212650183,5,Syracuse,Auburn,1,61,-0.05233095208085033,0.3770491803278688,0.7915020202118765,59,-0.14096255613872538,0.3050847457627119,1.0859429549862318
2001,212650189,5,Bowling Green,Temple,1,52,-0.4660631121065158,0.34615384615384615,0.8287228823379711,80,-0.310498249729616,0.2875,0.9418352209994594
2001,212650189,5,Temple,Bowling Green,1,80,-0.310498249729616,0.2875,0.9418352209994594,52,-0.4660631121065158,0.34615384615384615,0.8287228823379711
2001,212650195,5,Iowa State,Ohio,1,86,0.077247555570963,0.3953488372093023,1.2925170145844258,55,0.14180355493075886,0.45454545454545453,0.8034300513374496
2001,212650195,5,Ohio,Iowa State,1,55,0.14180355493075886,0.45454545454545453,0.8034300513374496,86,0.077247555570963,0.3953488372093023,1.2925170145844258
2001,212650202,5,Fresno State,Tulsa,1,55,0.17873163197606484,0.5454545454545454,0.8882826019562379,66,-0.07882011130927737,0.3787878787878788,0.876235653156984
2001,212650202,5,Tulsa,Fresno State,1,66,-0.07882011130927737,0.3787878787878788,0.876235653156984,55,0.17873163197606484,0.5454545454545454,0.8882826019562379
2001,212650213,5,Penn State,Wisconsin,1,45,-0.3420468414131479,0.2222222222222222,1.030862484658172,87,-0.020323782507262814,0.39080459770114945,0.9648242430141075
2001,212650213,5,Wisconsin,Penn State,1,87,-0.020323782507262814,0.39080459770114945,0.9648242430141075,45,-0.3420468414131479,0.2222222222222222,1.030862484658172
2001,212650228,5,Clemson,Virginia,1,81,0.19685905592700353,0.5679012345679012,0.7179989329300301,69,0.061839984832840866,0.37681159420289856,0.9952697251690855
2001,212650228,5,Virginia,Clemson,1,69,0.061839984832840866,0.37681159420289856,0.9952697251690855,81,0.19685905592700353,0.5679012345679012,0.7179989329300301
2001,212650238,5,Richmond,Vanderbilt,1,71,0.02232637761194676,0.3380281690140845,1.0909882239353277,56,0.017661286158919307,0.44642857142857145,1.0146173574557953
2001,212650238,5,Vanderbilt,Richmond,1,56,0.017661286158919307,0.44642857142857145,1.0146173574557953,71,0.02232637761194676,0.3380281690140845,1.0909882239353277
2001,212650239,5,Baylor,New Mexico,1,89,-0.21473530272206348,0.2247191011235955,1.3936186428011283,73,-0.18980724131750043,0.2876712328767123,1.084888939279519
2001,212650239,5,New Mexico,Baylor,1,73,-0.18980724131750043,0.2876712328767123,1.084888939279519,89,-0.21473530272206348,0.2247191011235955,1.3936186428011283
2001,212650245,5,Oklahoma State,Texas A&M,1,67,-0.3623506253112053,0.26865671641791045,0.6717669778033113,69,-0.18715259140567653,0.30434782608695654,0.6543425119656523
2001,212650245,5,Texas A&M,Oklahoma State,1,69,-0.18715259140567653,0.30434782608695654,0.6543425119656523,67,-0.3623506253112053,0.26865671641791045,0.6717669778033113
2001,212650248,5,Houston,Texas,1,52,-0.05166711705626183,0.3269230769230769,1.2887294641952776,72,0.05737545286989096,0.4861111111111111,0.9251973680046846
2001,212650248,5,Texas,Houston,1,72,0.05737545286989096,0.4861111111111111,0.9251973680046846,52,-0.05166711705626183,0.3269230769230769,1.2887294641952776
2001,212650249,5,North Texas,Texas Tech,1,64,-0.4078109613337536,0.328125,0.9128098429819124,72,0.09972310030841662,0.5416666666666666,0.8492126944603079
2001,212650249,5,Texas Tech,North Texas,1,72,0.09972310030841662,0.5416666666666666,0.8492126944603079,64,-0.4078109613337536,0.328125,0.9128098429819124
2001,212650264,5,Idaho,Washington,1,44,-0.35700423660832004,0.25,1.144832708036491,34,0.039328239431848454,0.5294117647058824,0.6183646330432007
2001,212650264,5,Washington,Idaho,1,34,0.039328239431848454,0.5294117647058824,0.6183646330432007,44,-0.35700423660832004,0.25,1.144832708036491
2001,212650265,5,California,Washington State,1,50,-0.0689986592148921,0.28,1.0857024066021215,54,0.14918124588134854,0.35185185185185186,1.5045182726880237
2001,212650265,5,Washington State,California,1,54,0.14918124588134854,0.35185185185185186,1.5045182726880237,50,-0.0689986592148921,0.28,1.0857024066021215
2001,212650277,5,Kent State,West Virginia,1,75,-0.3210016570709271,0.22666666666666666,0.9314784930794384,84,0.011882366081618585,0.4523809523809524,0.8203255590762534
2001,212650277,5,West Virginia,Kent State,1,84,0.011882366081618585,0.4523809523809524,0.8203255590762534,75,-0.3210016570709271,0.22666666666666666,0.9314784930794384
2001,212650333,5,Alabama,Arkansas,1,58,-0.1578699664762394,0.3103448275862069,0.7662418502092099,86,-0.3232640045030283,0.38372093023255816,0.8158273190157851
2001,212650333,5,Arkansas,Alabama,1,86,-0.3232640045030283,0.38372093023255816,0.8158273190157851,58,-0.1578699664762394,0.3103448275862069,0.7662418502092099
2001,212650356,5,Illinois,Louisville,1,64,0.09656088311442959,0.359375,1.087037114428491,60,-0.10614185897716215,0.3,1.5072947673229176
2001,212650356,5,Louisville,Illinois,1,60,-0.10614185897716215,0.3,1.5072947673229176,64,0.09656088311442959,0.359375,1.087037114428491
2001,212652306,5,Kansas State,New Mexico State,1,28,0.26697815765492977,0.5,0.8046637397221754,29,-0.34117968990692166,0.2413793103448276,0.20678145441908127
2001,212652306,5,New Mexico State,Kansas State,1,29,-0.34117968990692166,0.2413793103448276,0.20678145441908127,28,0.26697815765492977,0.5,0.8046637397221754
2001,212652426,5,Boston College,Navy,1,69,0.16238531670539302,0.4782608695652174,0.9060560097309766,62,-0.0102765219838539,0.46774193548387094,0.6980701646009216
2001,212652426,5,Navy,Boston College,1,62,-0.0102765219838539,0.46774193548387094,0.6980701646009216,69,0.16238531670539302,0.4782608695652174,0.9060560097309766
2001,212652483,5,Oregon,USC,1,63,-0.15100407223966827,0.36507936507936506,1.119007225819152,76,-0.25881305287444734,0.25,0.968887699913846
2001,212652483,5,USC,Oregon,1,76,-0.25881305287444734,0.25,0.968887699913846,63,-0.15100407223966827,0.36507936507936506,1.119007225819152
2001,212652509,5,Akron,Purdue,1,73,-0.0879690303886451,0.3561643835616438,0.9334322499190482,74,-0.07408078878575736,0.2972972972972973,1.4929157232634604
2001,212652509,5,Purdue,Akron,1,74,-0.07408078878575736,0.2972972972972973,1.4929157232634604,73,-0.0879690303886451,0.3561643835616438,0.9334322499190482
2001,212652567,5,NC State,SMU,1,61,-0.026180418294255197,0.3770491803278688,0.9712968599887752,74,-0.3389817108080364,0.32432432432432434,0.8981789430818344
2001,212652567,5,SMU,NC State,1,74,-0.3389817108080364,0.32432432432432434,0.8981789430818344,61,-0.026180418294255197,0.3770491803278688,0.9712968599887752
2001,212700221,6,Miami,Pittsburgh,1,65,0.0013617314184675286,0.3230769230769231,1.4524273552179146,48,-0.07942801475446006,0.2708333333333333,1.1989756989248546
2001,212700221,6,Pittsburgh,Miami,1,48,-0.07942801475446006,0.2708333333333333,1.1989756989248546,65,0.0013617314184675286,0.3230769230769231,1.4524273552179146
2001,212720009,6,Arizona State,San José State,1,52,-0.17922208589309813,0.3076923076923077,1.059241909456544,52,-0.10420832773401233,0.40384615384615385,1.0597360878845319
2001,212720009,6,San José State,Arizona State,1,52,-0.10420832773401233,0.40384615384615385,1.0597360878845319,52,-0.17922208589309813,0.3076923076923077,1.059241909456544
2001,212720012,6,Arizona,Washington State,1,51,-0.13758717493247852,0.39215686274509803,0.7947556959857882,75,-0.07203784899259202,0.3466666666666667,1.121759726660245
2001,212720012,6,Washington State,Arizona,1,75,-0.07203784899259202,0.3466666666666667,1.121759726660245,51,-0.13758717493247852,0.39215686274509803,0.7947556959857882
2001,212720025,6,California,Washington,1,67,-0.0062256428251061665,0.3582089552238806,0.8932184409114242,68,-0.042938496900745846,0.3235294117647059,1.1139695219532235
2001,212720025,6,Washington,California,1,68,-0.042938496900745846,0.3235294117647059,1.1139695219532235,67,-0.0062256428251061665,0.3582089552238806,0.8932184409114242
2001,212720030,6,Stanford,USC,1,80,-0.18911157505664,0.3125,1.129546933274813,67,-0.15382505167857274,0.31343283582089554,1.3056563631043785
2001,212720030,6,USC,Stanford,1,67,-0.15382505167857274,0.31343283582089554,1.3056563631043785,80,-0.18911157505664,0.3125,1.129546933274813
2001,212720052,6,Florida State,Wake Forest,1,47,0.3535643788752718,0.6170212765957447,0.8868533791709349,38,0.07751813594717961,0.4473684210526316,1.1045511133298302
2001,212720052,6,Wake Forest,Florida State,1,38,0.07751813594717961,0.4473684210526316,1.1045511133298302,47,0.3535643788752718,0.6170212765957447,0.8868533791709349
2001,212720057,6,Florida,Mississippi State,1,33,0.18531606776347645,0.5151515151515151,0.9214597436426895,35,-0.1816137515200601,0.2571428571428571,1.0708681103290711
2001,212720057,6,Mississippi State,Florida,1,35,-0.1816137515200601,0.2571428571428571,1.0708681103290711,33,0.18531606776347645,0.5151515151515151,0.9214597436426895
2001,212720059,6,Clemson,Georgia Tech,1,82,0.11439031801186006,0.3780487804878049,1.2507309684094876,68,0.05294353127868868,0.4264705882352941,0.782644941409898
2001,212720059,6,Georgia Tech,Clemson,1,68,0.05294353127868868,0.4264705882352941,0.782644941409898,82,0.11439031801186006,0.3780487804878049,1.2507309684094876
2001,212720061,6,Arkansas,Georgia,1,71,-0.0848756368941399,0.2535211267605634,1.1236247149687997,80,-0.13467740956783006,0.3625,0.8640143889685787
2001,212720061,6,Georgia,Arkansas,1,80,-0.13467740956783006,0.3625,0.8640143889685787,71,-0.0848756368941399,0.2535211267605634,1.1236247149687997
2001,212720066,6,Baylor,Iowa State,1,32,-0.06814384193036692,0.28125,0.8471009075842778,40,0.28976274083599296,0.55,0.864740250331317
2001,212720066,6,Iowa State,Baylor,1,40,0.28976274083599296,0.55,0.864740250331317,32,-0.06814384193036692,0.28125,0.8471009075842778
2001,212720077,6,Michigan State,Northwestern,1,79,0.01607592764014042,0.43037974683544306,0.9517623388771472,87,-0.026527063032589525,0.41379310344827586,0.9035081980650674
2001,212720077,6,Northwestern,Michigan State,1,87,-0.026527063032589525,0.41379310344827586,0.9035081980650674,79,0.01607592764014042,0.43037974683544306,0.9517623388771472
2001,212720084,6,Indiana,Ohio State,1,58,0.021101528910217927,0.46551724137931033,0.5528124014039815,75,0.12435207173560707,0.4,1.0634544771229135
2001,212720084,6,Ohio State,Indiana,1,75,0.12435207173560707,0.4,1.0634544771229135,58,0.021101528910217927,0.46551724137931033,0.5528124014039815
2001,212720096,6,Kentucky,Ole Miss,1,65,-0.05757691465541671,0.38461538461538464,0.6453372363148273,80,0.00680791587149971,0.375,1.096874799399709
2001,212720096,6,Ole Miss,Kentucky,1,80,0.00680791587149971,0.375,1.096874799399709,65,-0.05757691465541671,0.38461538461538464,0.6453372363148273
2001,212720103,6,Army,Boston College,1,69,-0.2119774179149974,0.2608695652173913,0.8833782649588903,70,-0.060348444878243555,0.38571428571428573,0.8311141091851635
2001,212720103,6,Boston College,Army,1,70,-0.060348444878243555,0.38571428571428573,0.8311141091851635,69,-0.2119774179149974,0.2608695652173913,0.8833782649588903
2001,212720120,6,Maryland,West Virginia,1,80,-0.14034184009918893,0.4125,0.7546406199412433,96,-0.2855290847161361,0.3854166666666667,0.9445190083549153
2001,212720120,6,West Virginia,Maryland,1,96,-0.2855290847161361,0.3854166666666667,0.9445190083549153,80,-0.14034184009918893,0.4125,0.7546406199412433
2001,212720130,6,Illinois,Michigan,1,64,-0.11287704645647206,0.21875,1.51318990105173,59,0.06948099844805058,0.3559322033898305,1.026481599096034
2001,212720130,6,Michigan,Illinois,1,59,0.06948099844805058,0.3559322033898305,1.026481599096034,64,-0.11287704645647206,0.21875,1.51318990105173
2001,212720135,6,Minnesota,Purdue,1,67,0.0528246862030426,0.43283582089552236,0.9803569714854672,76,0.052143148378994246,0.47368421052631576,0.7457782475292635
2001,212720135,6,Purdue,Minnesota,1,76,0.052143148378994246,0.47368421052631576,0.7457782475292635,67,0.0528246862030426,0.43283582089552236,0.9803569714854672
2001,212720142,6,Missouri,Nebraska,1,59,-0.08415768767714102,0.23728813559322035,1.2693249913533609,70,0.07732865499341283,0.45714285714285713,0.9085946480838973
2001,212720142,6,Nebraska,Missouri,1,70,0.07732865499341283,0.45714285714285713,0.9085946480838973,59,-0.08415768767714102,0.23728813559322035,1.2693249913533609
2001,212720152,6,NC State,North Carolina,1,67,-0.11212178433087691,0.26865671641791045,1.3992839411405602,82,-0.25452368347303406,0.32926829268292684,0.8607553181299245
2001,212720152,6,North Carolina,NC State,1,82,-0.25452368347303406,0.32926829268292684,0.8607553181299245,67,-0.11212178433087691,0.26865671641791045,1.3992839411405602
2001,212720164,6,Rutgers,UConn,1,79,-0.12508957821574127,0.22784810126582278,1.0118276925748169,60,-0.29182063919768225,0.3,1.103351224683396
2001,212720164,6,UConn,Rutgers,1,60,-0.29182063919768225,0.3,1.103351224683396,79,-0.12508957821574127,0.22784810126582278,1.0118276925748169
2001,212720183,6,East Carolina,Syracuse,1,62,0.028335127114800525,0.3709677419354839,0.8755978591150894,66,-0.01589764864222091,0.4090909090909091,0.8949475971851288
2001,212720183,6,Syracuse,East Carolina,1,66,-0.01589764864222091,0.4090909090909091,0.8949475971851288,62,0.028335127114800525,0.3709677419354839,0.8755978591150894
2001,212720197,6,Northwestern State,Oklahoma State,1,46,-0.045760796408682504,0.34782608695652173,0.7915947295839666,50,0.115462883360852,0.46,1.0275945503779658
2001,212720197,6,Oklahoma State,Northwestern State,1,50,0.115462883360852,0.46,1.0275945503779658,46,-0.045760796408682504,0.34782608695652173,0.7915947295839666
2001,212720201,6,Kansas State,Oklahoma,1,76,-0.09004155676289478,0.25,1.4021259578153618,63,-0.09079074745510893,0.2698412698412698,1.181285705536282
2001,212720201,6,Oklahoma,Kansas State,1,63,-0.09079074745510893,0.2698412698412698,1.181285705536282,76,-0.09004155676289478,0.25,1.4021259578153618
2001,212720204,6,Oregon State,UCLA,1,48,-0.3630896295093305,0.20833333333333334,1.362403860062398,52,0.047565972872241055,0.4230769230769231,1.0247454995949852
2001,212720204,6,UCLA,Oregon State,1,52,0.047565972872241055,0.4230769230769231,1.0247454995949852,48,-0.3630896295093305,0.20833333333333334,1.362403860062398
2001,212720238,6,Auburn,Vanderbilt,1,52,-0.03368679982989126,0.3269230769230769,1.2140750459334195,82,-0.04557849449552505,0.3170731707317073,1.1579414143971907
2001,212720238,6,Vanderbilt,Auburn,1,82,-0.04557849449552505,0.3170731707317073,1.1579414143971907,52,-0.03368679982989126,0.3269230769230769,1.2140750459334195
2001,212720245,6,Notre Dame,Texas A&M,1,66,-0.2145335386347265,0.2878787878787879,1.060310786725683,68,-0.08921488793089133,0.27941176470588236,1.2892609909002575
2001,212720245,6,Texas A&M,Notre Dame,1,68,-0.08921488793089133,0.27941176470588236,1.2892609909002575,66,-0.2145335386347265,0.2878787878787879,1.060310786725683
2001,212720251,6,Texas,Texas Tech,1,51,0.10448758066954565,0.5490196078431373,0.6720664217399902,56,-0.16939802837026946,0.3392857142857143,0.9935988115547648
2001,212720251,6,Texas Tech,Texas,1,56,-0.16939802837026946,0.3392857142857143,0.9935988115547648,51,0.10448758066954565,0.5490196078431373,0.6720664217399902
2001,212720258,6,Duke,Virginia,1,72,-0.025088433544442245,0.375,1.0551537263384159,75,0.06313430906520082,0.38666666666666666,0.8409866329879886
2001,212720258,6,Virginia,Duke,1,75,0.06313430906520082,0.38666666666666666,0.8409866329879886,72,-0.025088433544442245,0.375,1.0551537263384159
2001,212720259,6,UCF,Virginia Tech,1,49,-0.1891541163191652,0.32653061224489793,1.0475444557653493,74,-0.006912047444903359,0.32432432432432434,1.095598317584678
2001,212720259,6,Virginia Tech,UCF,1,74,-0.006912047444903359,0.32432432432432434,1.095598317584678,49,-0.1891541163191652,0.32653061224489793,1.0475444557653493
2001,212720275,6,Western Kentucky,Wisconsin,1,60,-0.2084888399661337,0.2833333333333333,0.6093395921038047,66,-0.0061469027772394534,0.3787878787878788,0.8649868790410803
2001,212720275,6,Wisconsin,Western Kentucky,1,66,-0.0061469027772394534,0.3787878787878788,0.8649868790410803,60,-0.2084888399661337,0.2833333333333333,0.6093395921038047
2001,212720278,6,Fresno State,Louisiana Tech,1,85,0.044340436392353536,0.38823529411764707,1.0913698921310873,80,-0.0558427057414174,0.375,0.9288617044144056
2001,212720278,6,Louisiana Tech,Fresno State,1,80,-0.0558427057414174,0.375,0.9288617044144056,85,0.044340436392353536,0.38823529411764707,1.0913698921310873
2001,212720328,6,Oregon,Utah State,1,44,0.13446896953847784,0.45454545454545453,0.9723942985431542,46,0.10839910394670726,0.43478260869565216,1.1093364311808052
2001,212720328,6,Utah State,Oregon,1,46,0.10839910394670726,0.43478260869565216,1.1093364311808052,44,0.13446896953847784,0.45454545454545453,0.9723942985431542
2001,212722294,6,Iowa,Penn State,1,71,-0.07910950242735068,0.38028169014084506,0.9594303088773537,66,-0.17869629284370037,0.25757575757575757,1.0253200433873233
2001,212722294,6,Penn State,Iowa,1,66,-0.17869629284370037,0.25757575757575757,1.0253200433873233,71,-0.07910950242735068,0.38028169014084506,0.9594303088773537
2001,212722439,6,BYU,UNLV,1,80,-0.14827010712566843,0.3625,1.0756930781977354,67,-0.09158521761912247,0.47761194029850745,0.5951225296560098
2001,212722439,6,UNLV,BYU,1,67,-0.09158521761912247,0.47761194029850745,0.5951225296560098,80,-0.14827010712566843,0.3625,1.0756930781977354
2001,212722579,6,Alabama,South Carolina,1,87,0.058445830764251444,0.5057471264367817,0.6933414901391554,57,0.00826441779511746,0.40350877192982454,0.8049229071617652
2001,212722579,6,South Carolina,Alabama,1,57,0.00826441779511746,0.40350877192982454,0.8049229071617652,87,0.058445830764251444,0.5057471264367817,0.6933414901391554
2001,212722633,6,LSU,Tennessee,1,65,-0.040639223704409734,0.3384615384615385,1.2040572603713746,78,-0.032161828930363366,0.38461538461538464,1.039055728542388
2001,212722633,6,Tennessee,LSU,1,78,-0.032161828930363366,0.38461538461538464,1.039055728542388,65,-0.040639223704409734,0.3384615384615385,1.2040572603713746
2001,212722649,6,Northern Illinois,Toledo,1,72,-0.22942354562959155,0.16666666666666666,1.0536520556707034,78,-0.11862981579526762,0.3974358974358974,0.8922295937691558
2001,212722649,6,Toledo,Northern Illinois,1,78,-0.11862981579526762,0.3974358974358974,0.8922295937691558,72,-0.22942354562959155,0.16666666666666666,1.0536520556707034
2001,212770097,7,Colorado State,Louisville,1,64,-0.2945813576752145,0.265625,0.9305228646714437,64,-0.17394442924457357,0.375,0.9048479904200502
2001,212770097,7,Louisville,Colorado State,1,64,-0.17394442924457357,0.375,0.9048479904200502,64,-0.2945813576752145,0.265625,0.9305228646714437
2001,212780252,7,BYU,Utah State,1,73,0.2314730356865224,0.4520547945205479,1.1599999665774523,78,0.06714111826028712,0.41025641025641024,0.991241067199196
2001,212780252,7,Utah State,BYU,1,78,0.06714111826028712,0.41025641025641024,0.991241067199196,73,0.2314730356865224,0.4520547945205479,1.1599999665774523
2001,212790002,7,Auburn,Mississippi State,1,58,-0.08410475165179003,0.3275862068965517,0.9192841199290762,60,-0.1686739713200844,0.31666666666666665,0.6428514422981909
2001,212790002,7,Mississippi State,Auburn,1,60,-0.1686739713200844,0.31666666666666665,0.6428514422981909,58,-0.08410475165179003,0.3275862068965517,0.9192841199290762
2001,212790008,7,Arkansas,Weber State,1,54,0.15519614897925704,0.5,0.987195011117769,66,-0.002328113171577188,0.36363636363636365,0.9868943945734983
2001,212790008,7,Weber State,Arkansas,1,66,-0.002328113171577188,0.36363636363636365,0.9868943945734983,54,0.15519614897925704,0.5,0.987195011117769
2001,212790009,7,Arizona State,Louisiana,1,45,0.12281641239502443,0.4222222222222222,1.1751203581542964,61,-0.06605959698563967,0.3114754098360656,1.155238159062105
2001,212790009,7,Louisiana,Arizona State,1,61,-0.06605959698563967,0.3114754098360656,1.155238159062105,45,0.12281641239502443,0.4222222222222222,1.1751203581542964
2001,212790012,7,Arizona,Oregon,1,38,-0.1367965364054133,0.3157894736842105,0.9981880575914872,50,0.3107299829455091,0.5,1.1109604251183898
2001,212790012,7,Oregon,Arizona,1,50,0.3107299829455091,0.5,1.1109604251183898,38,-0.1367965364054133,0.3157894736842105,0.9981880575914872
2001,212790087,7,Notre Dame,Pittsburgh,1,68,-0.04189899235733724,0.38235294117647056,0.8173556860355856,54,-0.14594219682005916,0.35185185185185186,0.9275333900747884
2001,212790087,7,Pittsburgh,Notre Dame,1,54,-0.14594219682005916,0.35185185185185186,0.9275333900747884,68,-0.04189899235733724,0.38235294117647056,0.8173556860355856
2001,212790099,7,Florida,LSU,1,49,0.29754067404099976,0.5306122448979592,1.1070378405029684,64,-0.11156048769375632,0.34375,1.3786616161974512
2001,212790099,7,LSU,Florida,1,64,-0.11156048769375632,0.34375,1.3786616161974512,49,0.29754067404099976,0.5306122448979592,1.1070378405029684
2001,212790103,7,Boston College,Temple,1,58,-0.08885000428821521,0.39655172413793105,0.7597606528440648,51,-0.0886530655738159,0.23529411764705882,0.8385210380442395
2001,212790103,7,Temple,Boston College,1,51,-0.0886530655738159,0.23529411764705882,0.8385210380442395,58,-0.08885000428821521,0.39655172413793105,0.7597606528440648
2001,212790120,7,Maryland,Virginia,1,72,0.05131830145143703,0.3333333333333333,1.0637409912198132,53,-0.2844198216682004,0.33962264150943394,0.621872033459378
2001,212790120,7,Virginia,Maryland,1,53,-0.2844198216682004,0.33962264150943394,0.621872033459378,72,0.05131830145143703,0.3333333333333333,1.0637409912198132
2001,212790150,7,Duke,Georgia Tech,1,53,-0.10881108954878813,0.32075471698113206,1.1253263457300442,70,0.005971061112760321,0.44285714285714284,0.9517664814640159
2001,212790150,7,Georgia Tech,Duke,1,70,0.005971061112760321,0.44285714285714284,0.9517664814640159,53,-0.10881108954878813,0.32075471698113206,1.1253263457300442
2001,212790153,7,East Carolina,North Carolina,1,59,-0.03163488780985729,0.3389830508474576,0.9567578679594091,74,0.12443875672576883,0.3108108108108108,1.471118916470297
2001,212790153,7,North Carolina,East Carolina,1,74,0.12443875672576883,0.3108108108108108,1.471118916470297,59,-0.03163488780985729,0.3389830508474576,0.9567578679594091
2001,212790154,7,NC State,Wake Forest,1,80,0.00712639560941798,0.3875,0.9072943931163049,72,-0.11045723984648574,0.3472222222222222,1.0488721882123508
2001,212790154,7,Wake Forest,NC State,1,72,-0.11045723984648574,0.3472222222222222,1.0488721882123508,80,0.00712639560941798,0.3875,0.9072943931163049
2001,212790158,7,Iowa State,Nebraska,1,36,-0.23853314167218131,0.3055555555555556,1.1765076307782882,36,0.35729951729481213,0.4722222222222222,1.1347596045706978
2001,212790158,7,Nebraska,Iowa State,1,36,0.35729951729481213,0.4722222222222222,1.1347596045706978,36,-0.23853314167218131,0.3055555555555556,1.1765076307782882
2001,212790164,7,Rutgers,Syracuse,1,79,-0.11245658234290973,0.2911392405063291,1.1643084618522244,65,0.13220598595472624,0.38461538461538464,1.0446292387238632
2001,212790164,7,Syracuse,Rutgers,1,65,0.13220598595472624,0.38461538461538464,1.0446292387238632,79,-0.11245658234290973,0.2911392405063291,1.1643084618522244
2001,212790194,7,Northwestern,Ohio State,1,61,-0.2641884262531336,0.3114754098360656,0.6300197074229437,49,0.010190105236499837,0.4489795918367347,0.8125503227639003
2001,212790194,7,Ohio State,Northwestern,1,49,0.010190105236499837,0.4489795918367347,0.8125503227639003,61,-0.2641884262531336,0.3114754098360656,0.6300197074229437
2001,212790195,7,Ohio,Toledo,1,61,-0.1802964436982627,0.39344262295081966,0.7786348181849269,83,0.10163862113853482,0.4457831325301205,0.9996210528256422
2001,212790195,7,Toledo,Ohio,1,83,0.10163862113853482,0.4457831325301205,0.9996210528256422,61,-0.1802964436982627,0.39344262295081966,0.7786348181849269
2001,212790197,7,Missouri,Oklahoma State,1,77,0.07099730991529776,0.45454545454545453,0.6660167637263407,85,-0.001156909220655423,0.3176470588235294,1.107246388991001
2001,212790197,7,Oklahoma State,Missouri,1,85,-0.001156909220655423,0.3176470588235294,1.107246388991001,77,0.07099730991529776,0.45454545454545453,0.6660167637263407
2001,212790213,7,Michigan,Penn State,1,85,-0.10130685910780785,0.36470588235294116,0.9331687404511194,63,-0.19553920347746362,0.2698412698412698,1.1354268271828944
2001,212790213,7,Penn State,Michigan,1,63,-0.19553920347746362,0.2698412698412698,1.1354268271828944,85,-0.10130685910780785,0.36470588235294116,0.9331687404511194
2001,212790245,7,Baylor,Texas A&M,1,73,-0.21524807610056765,0.2602739726027397,1.1330113565980737,85,-0.06761369753338416,0.32941176470588235,0.877624250285191
2001,212790245,7,Texas A&M,Baylor,1,85,-0.06761369753338416,0.32941176470588235,0.877624250285191,73,-0.21524807610056765,0.2602739726027397,1.1330113565980737
2001,212790251,7,Oklahoma,Texas,1,67,-0.07919544492190495,0.2835820895522388,1.0763863689560065,69,-0.19625696323473907,0.3333333333333333,0.9391060280452305
2001,212790251,7,Texas,Oklahoma,1,69,-0.19625696323473907,0.3333333333333333,0.9391060280452305,67,-0.07919544492190495,0.2835820895522388,1.0763863689560065
2001,212790264,7,USC,Washington,1,58,-0.029085219873580977,0.3275862068965517,1.0328550369933365,76,-0.05333508330170608,0.3684210526315789,1.0913457544064573
2001,212790264,7,Washington,USC,1,76,-0.05333508330170608,0.3684210526315789,1.0913457544064573,58,-0.029085219873580977,0.3275862068965517,1.0328550369933365
2001,212790265,7,Oregon State,Washington State,1,64,-0.31258724864199194,0.265625,0.9221009324793851,88,-0.30486931161851766,0.36363636363636365,0.9496024205930357
2001,212790265,7,Washington State,Oregon State,1,88,-0.30486931161851766,0.36363636363636365,0.9496024205930357,64,-0.31258724864199194,0.265625,0.9221009324793851
2001,212790275,7,Indiana,Wisconsin,1,34,0.43939871140462666,0.47058823529411764,1.4330963429139298,40,-0.24773050942217392,0.25,1.3518988193577717
2001,212790275,7,Wisconsin,Indiana,1,40,-0.24773050942217392,0.25,1.3518988193577717,34,0.43939871140462666,0.47058823529411764,1.4330963429139298
2001,212790277,7,Virginia Tech,West Virginia,1,49,-0.1015991698680883,0.3877551020408163,0.8519228582487607,50,-0.4651591311080006,0.18,1.1844682095480328
2001,212790277,7,West Virginia,Virginia Tech,1,50,-0.4651591311080006,0.18,1.1844682095480328,49,-0.1015991698680883,0.3877551020408163,0.8519228582487607
2001,212790333,7,Alabama,UTEP,1,37,0.5658000033052987,0.4594594594594595,1.4644534140470498,30,-0.19735976306242786,0.23333333333333334,1.00827696192467
2001,212790333,7,UTEP,Alabama,1,30,-0.19735976306242786,0.23333333333333334,1.00827696192467,37,0.5658000033052987,0.4594594594594595,1.4644534140470498
2001,212790356,7,Illinois,Minnesota,1,75,0.13778168265736446,0.4533333333333333,0.8227730694540757,73,0.01485393501019881,0.3561643835616438,1.0912090125843812
2001,212790356,7,Minnesota,Illinois,1,73,0.01485393501019881,0.3561643835616438,1.0912090125843812,75,0.13778168265736446,0.4533333333333333,0.8227730694540757
2001,212792032,7,Arkansas State,Ole Miss,1,64,0.02781240281219486,0.4375,0.8784336063235467,70,-0.036285520171268223,0.42857142857142855,0.9733476681214692
2001,212792032,7,Ole Miss,Arkansas State,1,70,-0.036285520171268223,0.42857142857142855,0.9733476681214692,64,0.02781240281219486,0.4375,0.8784336063235467
2001,212792306,7,Colorado,Kansas State,1,63,-0.1805757427667324,0.3333333333333333,0.9821069155764065,68,-0.23349728793053615,0.3088235294117647,0.7151411842852703
2001,212792306,7,Kansas State,Colorado,1,68,-0.23349728793053615,0.3088235294117647,0.7151411842852703,63,-0.1805757427667324,0.3333333333333333,0.9821069155764065
2001,212792390,7,Miami,Troy,1,45,0.13230278004994536,0.4222222222222222,1.4515227678586886,49,-0.1690280854646006,0.2653061224489796,1.4498237399209262
2001,212792390,7,Troy,Miami,1,49,-0.1690280854646006,0.2653061224489796,1.4498237399209262,45,0.13230278004994536,0.4222222222222222,1.4515227678586886
2001,212792509,7,Iowa,Purdue,1,70,-0.2844827191858128,0.2571428571428571,0.8141997343169168,66,-0.24174568164916788,0.24242424242424243,0.7774832306794873
2001,212792509,7,Purdue,Iowa,1,66,-0.24174568164916788,0.24242424242424243,0.7774832306794873,70,-0.2844827191858128,0.2571428571428571,0.8141997343169168
2001,212792579,7,Kentucky,South Carolina,1,51,-0.0034813632794037227,0.3137254901960784,1.3052827220636336,39,-0.05256241760986432,0.41025641025641024,0.8990114826352229
2001,212792579,7,South Carolina,Kentucky,1,39,-0.05256241760986432,0.41025641025641024,0.8990114826352229,51,-0.0034813632794037227,0.3137254901960784,1.3052827220636336
2001,212792633,7,Georgia,Tennessee,1,63,-0.14294232277605554,0.36507936507936506,0.790025074048519,82,-0.054309089228166976,0.32926829268292684,0.9982343663000132
2001,212792633,7,Tennessee,Georgia,1,82,-0.054309089228166976,0.32926829268292684,0.9982343663000132,63,-0.14294232277605554,0.36507936507936506,0.790025074048519
2001,212792641,7,Kansas,Texas Tech,1,83,0.032016671764260395,0.37349397590361444,1.1168786505187847,76,-0.21147162857133867,0.27631578947368424,1.207857044175921
2001,212792641,7,Texas Tech,Kansas,1,76,-0.21147162857133867,0.27631578947368424,1.207857044175921,83,0.032016671764260395,0.37349397590361444,1.1168786505187847
2001,212840059,8,Georgia Tech,Maryland,1,89,-0.1857319959351136,0.3146067415730337,1.1196346942350246,74,-0.08311348116561643,0.28378378378378377,1.246844010402562
2001,212840059,8,Maryland,Georgia Tech,1,74,-0.08311348116561643,0.28378378378378377,1.246844010402562,89,-0.1857319959351136,0.3146067415730337,1.1196346942350246
2001,212860002,8,Auburn,Florida,1,67,-0.1674786897522938,0.2537313432835821,0.9471443303279478,57,-0.0351849042419269,0.3333333333333333,1.3104344824870056
2001,212860002,8,Florida,Auburn,1,57,-0.0351849042419269,0.3333333333333333,1.3104344824870056,67,-0.1674786897522938,0.2537313432835821,0.9471443303279478
2001,212860008,8,Arkansas,South Carolina,1,67,-0.052510718751310026,0.26865671641791045,0.9109388891248935,60,-0.10936812974608894,0.26666666666666666,1.4322035105781645
2001,212860008,8,South Carolina,Arkansas,1,60,-0.10936812974608894,0.26666666666666666,1.4322035105781645,67,-0.052510718751310026,0.26865671641791045,0.9109388891248935
2001,212860024,8,Stanford,Washington State,1,74,-0.21339218424398737,0.3783783783783784,1.144240729097659,70,0.062052316812238335,0.35714285714285715,0.9815246481899048
2001,212860024,8,Washington State,Stanford,1,70,0.062052316812238335,0.35714285714285715,0.9815246481899048,74,-0.21339218424398737,0.3783783783783784,1.144240729097659
2001,212860025,8,California,Oregon,1,41,-0.21576992786325952,0.2926829268292683,1.0794954142095223,49,-0.016921998306566165,0.40816326530612246,0.9682411684380078
2001,212860025,8,Oregon,California,1,49,-0.016921998306566165,0.40816326530612246,0.9682411684380078,41,-0.21576992786325952,0.2926829268292683,1.0794954142095223
2001,212860026,8,UCLA,Washington,1,57,-0.29671729331256813,0.40350877192982454,0.7765606877122245,59,-0.2631610160988415,0.2033898305084746,1.4890139677307221
2001,212860026,8,Washington,UCLA,1,59,-0.2631610160988415,0.2033898305084746,1.4890139677307221,57,-0.29671729331256813,0.40350877192982454,0.7765606877122245
2001,212860030,8,Arizona State,USC,1,55,-0.040116004141315414,0.34545454545454546,0.9511360439564005,49,-0.04818308193726238,0.3877551020408163,1.0065446491710541
2001,212860030,8,USC,Arizona State,1,49,-0.04818308193726238,0.3877551020408163,1.0065446491710541,55,-0.040116004141315414,0.34545454545454546,0.9511360439564005
2001,212860036,8,Colorado State,Fresno State,1,72,-0.012543873434218285,0.4444444444444444,0.8816408245782422,69,0.2395121591321616,0.37681159420289856,1.3151241533980131
2001,212860036,8,Fresno State,Colorado State,1,69,0.2395121591321616,0.37681159420289856,1.3151241533980131,72,-0.012543873434218285,0.4444444444444444,0.8816408245782422
2001,212860038,8,Colorado,Texas A&M,1,80,-0.096876641243918,0.3,0.9315350236860387,69,-0.2315999938415094,0.34782608695652173,0.9532895343596041
2001,212860038,8,Texas A&M,Colorado,1,69,-0.2315999938415094,0.34782608695652173,0.9532895343596041,80,-0.096876641243918,0.3,0.9315350236860387
2001,212860052,8,Florida State,Miami,1,73,-0.09222326384312211,0.3972602739726027,1.0115256221204931,46,-0.07688900356176788,0.21739130434782608,1.9012681084800005
2001,212860052,8,Miami,Florida State,1,46,-0.07688900356176788,0.21739130434782608,1.9012681084800005,73,-0.09222326384312211,0.3972602739726027,1.0115256221204931
2001,212860077,8,Minnesota,Northwestern,1,88,-0.22589170330927233,0.3181818181818182,1.1279422297450465,81,-0.023065614424671123,0.35802469135802467,0.7917991216471841
2001,212860077,8,Northwestern,Minnesota,1,81,-0.023065614424671123,0.35802469135802467,0.7917991216471841,88,-0.22589170330927233,0.3181818181818182,1.1279422297450465
2001,212860084,8,Illinois,Indiana,1,68,0.051931534439485186,0.45588235294117646,0.8382059641186502,79,0.027066225819701827,0.34177215189873417,1.1302742260293916
2001,212860084,8,Indiana,Illinois,1,79,0.027066225819701827,0.34177215189873417,1.1302742260293916,68,0.051931534439485186,0.45588235294117646,0.8382059641186502
2001,212860087,8,Notre Dame,West Virginia,1,83,-0.053359719854681055,0.37349397590361444,0.8173853137512247,57,-0.17482452419779396,0.2982456140350877,0.8347619519442534
2001,212860087,8,West Virginia,Notre Dame,1,57,-0.17482452419779396,0.2982456140350877,0.8347619519442534,83,-0.053359719854681055,0.37349397590361444,0.8173853137512247
2001,212860096,8,Kentucky,LSU,1,62,0.12368873354809543,0.41935483870967744,1.043888685507523,78,0.09557734753809224,0.46153846153846156,1.087457219251667
2001,212860096,8,LSU,Kentucky,1,78,0.09557734753809224,0.46153846153846156,1.087457219251667,62,0.12368873354809543,0.41935483870967744,1.043888685507523
2001,212860127,8,Iowa,Michigan State,1,75,-0.0823856674806378,0.38666666666666666,0.947440434639991,61,0.06167372252468302,0.3442622950819672,1.0108635131772623
2001,212860127,8,Michigan State,Iowa,1,61,0.06167372252468302,0.3442622950819672,1.0108635131772623,75,-0.0823856674806378,0.38666666666666666,0.947440434639991
2001,212860130,8,Michigan,Purdue,1,71,-0.14854931931734383,0.4084507042253521,0.6900042500802208,72,-0.03769995655343737,0.25,1.5791017500546034
2001,212860130,8,Purdue,Michigan,1,72,-0.03769995655343737,0.25,1.5791017500546034,71,-0.14854931931734383,0.4084507042253521,0.6900042500802208
2001,212860142,8,Iowa State,Missouri,1,63,-0.046313473887514764,0.30158730158730157,0.9562616301915047,66,0.0038711833345911003,0.4090909090909091,0.9551753380604044
2001,212860142,8,Missouri,Iowa State,1,66,0.0038711833345911003,0.4090909090909091,0.9551753380604044,63,-0.046313473887514764,0.30158730158730157,0.9562616301915047
2001,212860145,8,Alabama,Ole Miss,1,61,0.030393596650527117,0.39344262295081966,0.9937122543529295,80,-0.06426973959212637,0.3375,1.2894730852716227
2001,212860145,8,Ole Miss,Alabama,1,80,-0.06426973959212637,0.3375,1.2894730852716227,61,0.030393596650527117,0.39344262295081966,0.9937122543529295
2001,212860150,8,Duke,Wake Forest,1,69,-0.061608699421391716,0.4782608695652174,0.5364014363681419,74,-0.01821403346608553,0.3918918918918919,0.986932634406408
2001,212860150,8,Wake Forest,Duke,1,74,-0.01821403346608553,0.3918918918918919,0.986932634406408,69,-0.061608699421391716,0.4782608695652174,0.5364014363681419
2001,212860152,8,Clemson,NC State,1,74,0.06536228850767467,0.4594594594594595,1.0339238224088354,67,0.00779120571762898,0.2835820895522388,1.2036576181080907
2001,212860152,8,NC State,Clemson,1,67,0.00779120571762898,0.2835820895522388,1.2036576181080907,74,0.06536228850767467,0.4594594594594595,1.0339238224088354
2001,212860153,8,North Carolina,Virginia,1,79,-0.019528815533717332,0.379746835443038,0.9891737659790475,71,-0.004065351289510325,0.38028169014084506,1.1261853827117128
2001,212860153,8,Virginia,North Carolina,1,71,-0.004065351289510325,0.38028169014084506,1.1261853827117128,79,-0.019528815533717332,0.379746835443038,0.9891737659790475
2001,212860167,8,BYU,New Mexico,1,74,-0.10593314876445893,0.3783783783783784,1.006860129086893,80,0.04406814832948239,0.5375,0.5596292774274249
2001,212860167,8,New Mexico,BYU,1,80,0.04406814832948239,0.5375,0.5596292774274249,74,-0.10593314876445893,0.3783783783783784,1.006860129086893
2001,212860194,8,Ohio State,Wisconsin,1,73,-0.05146220777568693,0.3287671232876712,1.052713265131542,60,-0.058584617519299956,0.35,0.8726402816364881
2001,212860194,8,Wisconsin,Ohio State,1,60,-0.058584617519299956,0.35,0.8726402816364881,73,-0.05146220777568693,0.3287671232876712,1.052713265131542
2001,212860197,8,Oklahoma State,Texas,1,48,-0.36813969180949535,0.3125,0.7137952989173844,60,0.07650046698884172,0.4,0.8710430864379544
2001,212860197,8,Texas,Oklahoma State,1,60,0.07650046698884172,0.4,0.8710430864379544,48,-0.36813969180949535,0.3125,0.7137952989173844
2001,212860204,8,Arizona,Oregon State,1,36,-0.5386951179547124,0.16666666666666666,0.603330434665806,52,-0.05843578417337527,0.4230769230769231,0.9445139407474125
2001,212860204,8,Oregon State,Arizona,1,52,-0.05843578417337527,0.4230769230769231,0.9445139407474125,36,-0.5386951179547124,0.16666666666666666,0.603330434665806
2001,212860218,8,Rutgers,Temple,1,51,-0.5852565647086045,0.2549019607843137,0.6206033669548441,52,-0.13620168578022962,0.2692307692307692,0.7400088719634782
2001,212860218,8,Temple,Rutgers,1,52,-0.13620168578022962,0.2692307692307692,0.7400088719634782,51,-0.5852565647086045,0.2549019607843137,0.6206033669548441
2001,212860221,8,Pittsburgh,Syracuse,1,65,-0.2114758947007686,0.3076923076923077,1.0706598457583154,57,-0.13553247005412472,0.3157894736842105,0.98719583420372
2001,212860221,8,Syracuse,Pittsburgh,1,57,-0.13553247005412472,0.3157894736842105,0.98719583420372,65,-0.2114758947007686,0.3076923076923077,1.0706598457583154
2001,212860238,8,Georgia,Vanderbilt,1,58,0.1060637485400273,0.41379310344827586,1.118556807888452,92,-0.08067744601260496,0.34782608695652173,1.1831625509366381
2001,212860238,8,Vanderbilt,Georgia,1,92,-0.08067744601260496,0.34782608695652173,1.1831625509366381,58,0.1060637485400273,0.41379310344827586,1.118556807888452
2001,212860239,8,Baylor,Nebraska,1,67,-0.3194445459773922,0.22388059701492538,1.019184441905543,73,-0.10827112652819604,0.4794520547945205,0.8993609300949673
2001,212860239,8,Nebraska,Baylor,1,73,-0.10827112652819604,0.4794520547945205,0.8993609300949673,67,-0.3194445459773922,0.22388059701492538,1.019184441905543
2001,212860259,8,Boston College,Virginia Tech,1,44,-0.3636183386147311,0.20454545454545456,0.9880043558398373,71,-0.12106544448900088,0.38028169014084506,0.6281967242499783
2001,212860259,8,Virginia Tech,Boston College,1,71,-0.12106544448900088,0.38028169014084506,0.6281967242499783,44,-0.3636183386147311,0.20454545454545456,0.9880043558398373
2001,212860344,8,Mississippi State,Troy,1,69,-0.3216988825917628,0.30434782608695654,0.9528544278158289,53,-0.4857137131951868,0.1509433962264151,1.1885480091739602
2001,212860344,8,Troy,Mississippi State,1,53,-0.4857137131951868,0.1509433962264151,1.1885480091739602,69,-0.3216988825917628,0.30434782608695654,0.9528544278158289
2001,212862305,8,Kansas,Oklahoma,1,58,-0.1402273225993533,0.1724137931034483,0.955258079291326,64,-0.27935813740197113,0.3125,0.8772311307631133
2001,212862305,8,Oklahoma,Kansas,1,64,-0.27935813740197113,0.3125,0.8772311307631133,58,-0.1402273225993533,0.1724137931034483,0.955258079291326
2001,212862641,8,Kansas State,Texas Tech,1,87,-0.12778361740913866,0.3448275862068966,0.9064339990926537,69,-0.060402326093022554,0.4057971014492754,0.9955004536779449
2001,212862641,8,Texas Tech,Kansas State,1,69,-0.060402326093022554,0.4057971014492754,0.9955004536779449,87,-0.12778361740913866,0.3448275862068966,0.9064339990926537
2001,212982390,10,Miami,West Virginia,1,52,0.04968237832966314,0.40384615384615385,0.8703502655080287,58,-0.3907235585635731,0.29310344827586204,0.9430017339546013
2001,212982390,10,West Virginia,Miami,1,58,-0.3907235585635731,0.29310344827586204,0.9430017339546013,52,0.04968237832966314,0.40384615384615385,0.8703502655080287
2001,212990062,10,Fresno State,Hawai'i,1,81,-0.07339982129524615,0.3333333333333333,1.0913953992752392,67,0.035451112236018614,0.373134328358209,0.9403804236283947
2001,212990062,10,Hawai'i,Fresno State,1,67,0.035451112236018614,0.373134328358209,0.9403804236283947,81,-0.07339982129524615,0.3333333333333333,1.0913953992752392
2001,213000008,10,Arkansas,Auburn,1,57,-0.16921311667555816,0.2982456140350877,1.0191488160288715,70,-0.13121598584908387,0.38571428571428573,0.8836155187315229
2001,213000008,10,Auburn,Arkansas,1,70,-0.13121598584908387,0.38571428571428573,0.8836155187315229,57,-0.16921311667555816,0.2982456140350877,1.0191488160288715
2001,213000009,10,Arizona State,Washington,1,59,0.13590206429364746,0.3898305084745763,1.33359482193346,76,0.038770276303903575,0.3815789473684211,1.117410543788764
2001,213000009,10,Washington,Arizona State,1,76,0.038770276303903575,0.3815789473684211,1.117410543788764,59,0.13590206429364746,0.3898305084745763,1.33359482193346
2001,213000012,10,Arizona,USC,1,79,-0.25175536558106987,0.3037974683544304,1.3390175449793127,78,-0.17752544830778239,0.3333333333333333,0.9267155285109505
2001,213000012,10,USC,Arizona,1,78,-0.17752544830778239,0.3333333333333333,0.9267155285109505,79,-0.25175536558106987,0.3037974683544304,1.3390175449793127
2001,213000021,10,BYU,San Diego State,1,45,0.13322782045431242,0.4444444444444444,0.8263219311167681,64,-0.2537456926352638,0.34375,1.0199688560144602
2001,213000021,10,San Diego State,BYU,1,64,-0.2537456926352638,0.34375,1.0199688560144602,45,0.13322782045431242,0.4444444444444444,0.8263219311167681
2001,213000024,10,Stanford,UCLA,1,80,-0.14215640762323595,0.3625,0.9623418889613238,69,-0.05198843552684061,0.3333333333333333,1.0962699525486366
2001,213000024,10,UCLA,Stanford,1,69,-0.05198843552684061,0.3333333333333333,1.0962699525486366,80,-0.14215640762323595,0.3625,0.9623418889613238
2001,213000052,10,Florida State,Maryland,1,62,0.13094928305247222,0.4032258064516129,1.2236970065722002,74,-0.04913486248973526,0.33783783783783783,1.1360247511362238
2001,213000052,10,Maryland,Florida State,1,74,-0.04913486248973526,0.33783783783783783,1.1360247511362238,62,0.13094928305247222,0.4032258064516129,1.2236970065722002
2001,213000057,10,Florida,Georgia,1,74,0.09078510265013182,0.5,1.018545941001086,84,-0.19893550066691582,0.34523809523809523,0.9912002440468812
2001,213000057,10,Georgia,Florida,1,84,-0.19893550066691582,0.34523809523809523,0.9912002440468812,74,0.09078510265013182,0.5,1.018545941001086
2001,213000099,10,LSU,Ole Miss,1,62,-0.004838679041128207,0.3709677419354839,0.9844400703502144,80,-0.13496481057432452,0.3875,0.8456919597015273
2001,213000099,10,Ole Miss,LSU,1,80,-0.13496481057432452,0.3875,0.8456919597015273,62,-0.004838679041128207,0.3709677419354839,0.9844400703502144
2001,213000103,10,Boston College,Notre Dame,1,49,-0.11780470035822563,0.30612244897959184,0.8158986897009631,82,-0.05700513520778104,0.3780487804878049,0.8548849090701878
2001,213000103,10,Notre Dame,Boston College,1,82,-0.05700513520778104,0.3780487804878049,0.8548849090701878,49,-0.11780470035822563,0.30612244897959184,0.8158986897009631
2001,213000135,10,Minnesota,Murray State,1,35,0.2153429990669806,0.5428571428571428,0.756936451108417,55,-0.020766511026676565,0.36363636363636365,1.0191876719142043
2001,213000135,10,Murray State,Minnesota,1,55,-0.020766511026676565,0.36363636363636365,1.0191876719142043,35,0.2153429990669806,0.5428571428571428,0.756936451108417
2001,213000142,10,Missouri,Texas,1,53,-0.03741071470577228,0.33962264150943394,1.026744931741951,74,0.0668687511822046,0.527027027027027,0.6261244425141768
2001,213000142,10,Texas,Missouri,1,74,0.0668687511822046,0.527027027027027,0.6261244425141768,53,-0.03741071470577228,0.33962264150943394,1.026744931741951
2001,213000150,10,Duke,Vanderbilt,1,94,-0.02458617037893122,0.4787234042553192,0.7983908409015957,60,0.04207953489753783,0.36666666666666664,1.4403113088464605
2001,213000150,10,Vanderbilt,Duke,1,60,0.04207953489753783,0.36666666666666664,1.4403113088464605,94,-0.02458617037893122,0.4787234042553192,0.7983908409015957
2001,213000152,10,NC State,Virginia,1,54,0.13103181360659807,0.5,0.9498721971365449,53,0.022883667546885682,0.3584905660377358,1.141058451658689
2001,213000152,10,Virginia,NC State,1,53,0.022883667546885682,0.3584905660377358,1.141058451658689,54,0.13103181360659807,0.5,0.9498721971365449
2001,213000154,10,Clemson,Wake Forest,1,70,0.05221354554728019,0.4,1.0986765925721678,74,-0.0953397770278893,0.4189189189189189,0.9847981878755658
2001,213000154,10,Wake Forest,Clemson,1,74,-0.0953397770278893,0.4189189189189189,0.9847981878755658,70,0.05221354554728019,0.4,1.0986765925721678
2001,213000158,10,Nebraska,Oklahoma,1,63,-0.14358491172403856,0.3333333333333333,0.6993593339822222,80,0.005318277648563163,0.3125,1.2563897725404787
2001,213000158,10,Oklahoma,Nebraska,1,80,0.005318277648563163,0.3125,1.2563897725404787,63,-0.14358491172403856,0.3333333333333333,0.6993593339822222
2001,213000197,10,Colorado,Oklahoma State,1,78,0.02826375465517535,0.4230769230769231,1.0989833262078454,66,-0.0060141853847258805,0.3333333333333333,1.2726774266140564
2001,213000197,10,Oklahoma State,Colorado,1,66,-0.0060141853847258805,0.3333333333333333,1.2726774266140564,78,0.02826375465517535,0.4230769230769231,1.0989833262078454
2001,213000204,10,California,Oregon State,1,87,-0.1693871575558875,0.28735632183908044,0.8912898142462359,65,-0.15537648596887704,0.24615384615384617,1.4754379377688067
2001,213000204,10,Oregon State,California,1,65,-0.15537648596887704,0.24615384615384617,1.4754379377688067,87,-0.1693871575558875,0.28735632183908044,0.8912898142462359
2001,213000213,10,Ohio State,Penn State,1,63,0.05664872493749997,0.38095238095238093,1.0392090341618423,81,-0.14317813333490853,0.32098765432098764,1.4354293281412633
2001,213000213,10,Penn State,Ohio State,1,81,-0.14317813333490853,0.32098765432098764,1.4354293281412633,63,0.05664872493749997,0.38095238095238093,1.0392090341618423
2001,213000218,10,Pittsburgh,Temple,1,47,-0.2591232041386081,0.23404255319148937,0.8609144342204826,62,-0.2713375054441143,0.3064516129032258,0.7153762543629442
2001,213000218,10,Temple,Pittsburgh,1,62,-0.2713375054441143,0.3064516129032258,0.7153762543629442,47,-0.2591232041386081,0.23404255319148937,0.8609144342204826
2001,213000239,10,Baylor,Texas Tech,1,25,-0.6289733100011409,0.16,0.5275533359030624,35,0.14175134302195966,0.5428571428571428,0.7590676092683825
2001,213000239,10,Texas Tech,Baylor,1,35,0.14175134302195966,0.5428571428571428,0.7590676092683825,25,-0.6289733100011409,0.16,0.5275533359030624
2001,213000245,10,Iowa State,Texas A&M,1,57,0.09671467492719751,0.47368421052631576,0.8358214248182995,43,-0.05603676476479847,0.37209302325581395,1.2034931395432003
2001,213000245,10,Texas A&M,Iowa State,1,43,-0.05603676476479847,0.37209302325581395,1.2034931395432003,57,0.09671467492719751,0.47368421052631576,0.8358214248182995
2001,213000259,10,Syracuse,Virginia Tech,1,74,-0.13765903682339414,0.28378378378378377,1.07559447864089,69,-0.19412221911968047,0.391304347826087,1.0206778249909192
2001,213000259,10,Virginia Tech,Syracuse,1,69,-0.19412221911968047,0.391304347826087,1.0206778249909192,74,-0.13765903682339414,0.28378378378378377,1.07559447864089
2001,213000265,10,Oregon,Washington State,1,79,0.07656459987690055,0.4430379746835443,1.0001808374365886,68,0.04417648183512929,0.3235294117647059,1.5984753978615713
2001,213000265,10,Washington State,Oregon,1,68,0.04417648183512929,0.3235294117647059,1.5984753978615713,79,0.07656459987690055,0.4430379746835443,1.0001808374365886
2001,213000275,10,Michigan State,Wisconsin,1,55,0.1581887967356842,0.4,0.9764707163604384,82,-0.053049212806650044,0.35365853658536583,1.3556990954744659
2001,213000275,10,Wisconsin,Michigan State,1,82,-0.053049212806650044,0.35365853658536583,1.3556990954744659,55,0.1581887967356842,0.4,0.9764707163604384
2001,213002294,10,Iowa,Michigan,1,70,-0.06700749374164688,0.3142857142857143,1.250684898482635,77,-0.21463162042587322,0.23376623376623376,1.528177629982199
2001,213002294,10,Michigan,Iowa,1,77,-0.21463162042587322,0.23376623376623376,1.528177629982199,70,-0.06700749374164688,0.3142857142857143,1.250684898482635
2001,213002306,10,Kansas,Kansas State,1,52,-0.10715219095163095,0.2692307692307692,0.971842612166619,61,0.02325742407123609,0.3442622950819672,0.9722793314858622
2001,213002306,10,Kansas State,Kansas,1,61,0.02325742407123609,0.3442622950819672,0.9722793314858622,52,-0.10715219095163095,0.2692307692307692,0.971842612166619
2001,213002509,10,Northwestern,Purdue,1,88,-0.1318559116107432,0.3181818181818182,0.8938959275738297,81,-0.07557474923221115,0.38271604938271603,0.8485740990339211
2001,213002509,10,Purdue,Northwestern,1,81,-0.07557474923221115,0.38271604938271603,0.8485740990339211,88,-0.1318559116107432,0.3181818181818182,0.8938959275738297
2001,213002633,10,South Carolina,Tennessee,1,65,-0.036586654834617795,0.3230769230769231,1.1152732778694083,61,0.0074841071419425795,0.29508196721311475,1.5168186766358165
2001,213002633,10,Tennessee,South Carolina,1,61,0.0074841071419425795,0.29508196721311475,1.5168186766358165,65,-0.036586654834617795,0.3230769230769231,1.1152732778694083
2001,213050059,11,Georgia Tech,North Carolina,1,78,0.01959964860156737,0.4230769230769231,0.8497482688725106,53,-0.05386003258478536,0.3018867924528302,1.6127178716095072
2001,213050059,11,North Carolina,Georgia Tech,1,53,-0.05386003258478536,0.3018867924528302,1.6127178716095072,78,0.01959964860156737,0.4230769230769231,0.8497482688725106
2001,213050252,11,BYU,Colorado State,1,66,0.22408985909920648,0.6060606060606061,1.016265899600401,86,0.021772831150591438,0.4186046511627907,1.057326393334834
2001,213050252,11,Colorado State,BYU,1,86,0.021772831150591438,0.4186046511627907,1.057326393334834,66,0.22408985909920648,0.6060606060606061,1.016265899600401
2001,213070025,11,Arizona,California,1,65,-0.08594175371820326,0.3230769230769231,1.123141949086338,61,-0.3397484242230564,0.32786885245901637,0.7686726741322186
2001,213070025,11,California,Arizona,1,61,-0.3397484242230564,0.32786885245901637,0.7686726741322186,65,-0.08594175371820326,0.3230769230769231,1.123141949086338
2001,213070038,11,Colorado,Missouri,1,69,-0.07537754286641096,0.4782608695652174,0.9356673635809055,76,-0.11121039157245478,0.34210526315789475,0.907765385886474
2001,213070038,11,Missouri,Colorado,1,76,-0.11121039157245478,0.34210526315789475,0.907765385886474,69,-0.07537754286641096,0.4782608695652174,0.9356673635809055
2001,213070057,11,Florida,Vanderbilt,1,41,0.21636115074585235,0.5121951219512195,1.1927198757807738,35,-0.3296855400769859,0.2857142857142857,0.4405539037773004
2001,213070057,11,Vanderbilt,Florida,1,35,-0.3296855400769859,0.2857142857142857,0.4405539037773004,41,0.21636115074585235,0.5121951219512195,1.1927198757807738
2001,213070066,11,Iowa State,Kansas State,1,37,-0.2562326855308296,0.2972972972972973,0.468561087503722,62,0.04874420073942253,0.5,0.7798419398740024
2001,213070066,11,Kansas State,Iowa State,1,62,0.04874420073942253,0.5,0.7798419398740024,37,-0.2562326855308296,0.2972972972972973,0.468561087503722
2001,213070084,11,Indiana,Northwestern,1,47,0.35616621302358276,0.5957446808510638,0.998260893600366,36,-0.20478655935755297,0.3055555555555556,0.6891944073177492
2001,213070084,11,Northwestern,Indiana,1,36,-0.20478655935755297,0.3055555555555556,0.6891944073177492,47,0.35616621302358276,0.5957446808510638,0.998260893600366
2001,213070087,11,Notre Dame,Tennessee,1,74,-0.2197678809716689,0.44594594594594594,0.7293684202719545,65,-0.02611633280503448,0.3230769230769231,1.2609924626525288
2001,213070087,11,Tennessee,Notre Dame,1,65,-0.02611633280503448,0.3230769230769231,1.2609924626525288,74,-0.2197678809716689,0.44594594594594594,0.7293684202719545
2001,213070120,11,Maryland,Troy,1,41,0.03368101799571225,0.4878048780487805,0.697344552778559,26,-0.25430629621039424,0.15384615384615385,1.8408808262460126
2001,213070120,11,Troy,Maryland,1,26,-0.25430629621039424,0.15384615384615385,1.8408808262460126,41,0.03368101799571225,0.4878048780487805,0.697344552778559
2001,213070127,11,Michigan,Michigan State,1,58,-0.045873222018033524,0.3275862068965517,0.7460071858521999,89,-0.15983280668456482,0.29213483146067415,1.2325968810348322
2001,213070127,11,Michigan State,Michigan,1,89,-0.15983280668456482,0.29213483146067415,1.2325968810348322,58,-0.045873222018033524,0.3275862068965517,0.7460071858521999
2001,213070135,11,Minnesota,Ohio State,1,66,0.0719444019936017,0.3333333333333333,1.4090490360775159,64,0.1382764372836594,0.515625,0.9165488945922929
2001,213070135,11,Ohio State,Minnesota,1,64,0.1382764372836594,0.515625,0.9165488945922929,66,0.0719444019936017,0.3333333333333333,1.4090490360775159
2001,213070145,11,Arkansas,Ole Miss,1,99,0.005137033804881779,0.42424242424242425,0.9676919111036881,82,-0.018192564864232187,0.43902439024390244,0.7143895603447471
2001,213070145,11,Ole Miss,Arkansas,1,82,-0.018192564864232187,0.43902439024390244,0.7143895603447471,99,0.005137033804881779,0.42424242424242425,0.9676919111036881
2001,213070150,11,Duke,NC State,1,32,-0.6201267375785011,0.3125,1.4328777162876851,13,0.15881901720200806,0.38461538461538464,0.9765658535225726
2001,213070150,11,NC State,Duke,1,13,0.15881901720200806,0.38461538461538464,0.9765658535225726,32,-0.6201267375785011,0.3125,1.4328777162876851
2001,213070201,11,Oklahoma,Tulsa,1,39,0.23512201652213366,0.4358974358974359,1.2928925734598353,33,-0.1286648696116772,0.18181818181818182,1.2110802055226746
2001,213070201,11,Tulsa,Oklahoma,1,33,-0.1286648696116772,0.18181818181818182,1.2110802055226746,39,0.23512201652213366,0.4358974358974359,1.2928925734598353
2001,213070213,11,Penn State,Southern Miss,1,50,0.0717648911780267,0.48,0.8759223878437018,40,-0.21687829289596314,0.425,0.6565260258317526
2001,213070213,11,Southern Miss,Penn State,1,40,-0.21687829289596314,0.425,0.6565260258317526,50,0.0717648911780267,0.48,0.8759223878437018
2001,213070221,11,Pittsburgh,Virginia Tech,1,49,-0.1781479680776342,0.4489795918367347,0.6703378469348694,45,-0.3693288882736881,0.24444444444444444,1.1585734440037638
2001,213070221,11,Virginia Tech,Pittsburgh,1,45,-0.3693288882736881,0.24444444444444444,1.1585734440037638,49,-0.1781479680776342,0.4489795918367347,0.6703378469348694
2001,213070228,11,Clemson,Florida State,1,80,0.12531874493945247,0.4,1.1763307190003391,64,0.18165594776067331,0.421875,1.3743152916200514
2001,213070228,11,Florida State,Clemson,1,64,0.18165594776067331,0.421875,1.3743152916200514,80,0.12531874493945247,0.4,1.1763307190003391
2001,213070239,11,Baylor,Texas,1,59,-0.19215991423340398,0.22033898305084745,1.0514014446926077,54,0.06553096700869362,0.4074074074074074,1.1181886729676629
2001,213070239,11,Texas,Baylor,1,54,0.06553096700869362,0.4074074074074074,1.1181886729676629,59,-0.19215991423340398,0.22033898305084745,1.0514014446926077
2001,213070258,11,Virginia,Wake Forest,1,81,-0.054979803305620946,0.345679012345679,1.1241798645375938,72,-0.02143761724938649,0.4583333333333333,0.7126945276995721
2001,213070258,11,Wake Forest,Virginia,1,72,-0.02143761724938649,0.4583333333333333,0.7126945276995721,81,-0.054979803305620946,0.345679012345679,1.1241798645375938
2001,213070264,11,Stanford,Washington,1,74,0.028259877356680955,0.2702702702702703,1.2680057037748549,63,0.08540835133130247,0.3968253968253968,1.1572293789254837
2001,213070264,11,Washington,Stanford,1,63,0.08540835133130247,0.3968253968253968,1.1572293789254837,74,0.028259877356680955,0.2702702702702703,1.2680057037748549
2001,213070265,11,UCLA,Washington State,1,60,-0.4550611190469235,0.31666666666666665,0.6162685874097025,78,-0.2616734402521617,0.2564102564102564,1.1362983710580907
2001,213070265,11,Washington State,UCLA,1,78,-0.2616734402521617,0.2564102564102564,1.1362983710580907,60,-0.4550611190469235,0.31666666666666665,0.6162685874097025
2001,213070275,11,Iowa,Wisconsin,1,58,-0.04618753127989805,0.3793103448275862,1.0121255934406863,78,0.0397558446405348,0.358974358974359,1.2297213921048558
2001,213070275,11,Wisconsin,Iowa,1,78,0.0397558446405348,0.358974358974359,1.2297213921048558,58,-0.04618753127989805,0.3793103448275862,1.0121255934406863
2001,213070277,11,Rutgers,West Virginia,1,24,-0.49492928094406025,0.041666666666666664,0.41419843663513856,30,0.5177473431463503,0.5,1.5696919672055276
2001,213070277,11,West Virginia,Rutgers,1,30,0.5177473431463503,0.5,1.5696919672055276,24,-0.49492928094406025,0.041666666666666664,0.41419843663513856
2001,213070333,11,Alabama,LSU,1,70,0.05158841429164034,0.38571428571428573,0.9112277309380616,74,0.16864234876828732,0.5,0.9955246398880105
2001,213070333,11,LSU,Alabama,1,74,0.16864234876828732,0.5,0.9955246398880105,70,0.05158841429164034,0.38571428571428573,0.9112277309380616
2001,213072305,11,Kansas,Nebraska,1,36,-0.2941379500159896,0.1111111111111111,1.2513732440425211,66,0.06667124566655237,0.3939393939393939,1.033151637689205
2001,213072305,11,Nebraska,Kansas,1,66,0.06667124566655237,0.3939393939393939,1.033151637689205,36,-0.2941379500159896,0.1111111111111111,1.2513732440425211
2001,213072390,11,Miami,Temple,1,55,-0.1563271522992512,0.32727272727272727,1.0801222422244496,40,-0.3840620794893151,0.225,0.7804202626368055
2001,213072390,11,Temple,Miami,1,40,-0.3840620794893151,0.225,0.7804202626368055,55,-0.1563271522992512,0.32727272727272727,1.0801222422244496
2001,213072483,11,Arizona State,Oregon,1,60,-0.11810674226773968,0.2833333333333333,1.4913542314552748,58,0.021688971048629997,0.3275862068965517,1.15322502533535
2001,213072483,11,Oregon,Arizona State,1,58,0.021688971048629997,0.3275862068965517,1.15322502533535,60,-0.11810674226773968,0.2833333333333333,1.4913542314552748
2001,213072509,11,Illinois,Purdue,1,53,-0.006908392214211793,0.3584905660377358,1.0400047156846992,63,-0.5154302938057922,0.2857142857142857,0.9889257548643738
2001,213072509,11,Purdue,Illinois,1,63,-0.5154302938057922,0.2857142857142857,0.9889257548643738,53,-0.006908392214211793,0.3584905660377358,1.0400047156846992
2001,213072579,11,South Carolina,Wofford,1,59,0.21315971929112248,0.6271186440677966,0.6677662310119828,54,-0.030621508443098803,0.37037037037037035,0.8781908710810509
2001,213072579,11,Wofford,South Carolina,1,54,-0.030621508443098803,0.37037037037037035,0.8781908710810509,59,0.21315971929112248,0.6271186440677966,0.6677662310119828
2001,213072641,11,Texas A&M,Texas Tech,1,71,-0.10880706494361252,0.39436619718309857,0.8742043036646463,78,0.00813333466031964,0.46153846153846156,0.8839947018897327
2001,213072641,11,Texas Tech,Texas A&M,1,78,0.00813333466031964,0.46153846153846156,0.8839947018897327,71,-0.10880706494361252,0.39436619718309857,0.8742043036646463
2001,213140008,12,Arkansas,UCF,1,55,-0.13409115917205852,0.2545454545454545,1.1378457592548359,70,-0.10549265023120195,0.35714285714285715,0.7522924666749492
2001,213140008,12,UCF,Arkansas,1,70,-0.10549265023120195,0.35714285714285715,0.7522924666749492,55,-0.13409115917205852,0.2545454545454545,1.1378457592548359
2001,213140009,12,Arizona State,Washington State,1,73,-0.24958582949741656,0.2876712328767123,1.341799127917752,67,-0.1090246165816355,0.29850746268656714,1.127126546891667
2001,213140009,12,Washington State,Arizona State,1,67,-0.1090246165816355,0.29850746268656714,1.127126546891667,73,-0.24958582949741656,0.2876712328767123,1.341799127917752
2001,213140012,12,Arizona,Stanford,1,67,-0.2537233386522899,0.40298507462686567,1.2166503420357675,63,0.019020556083815143,0.36507936507936506,0.8761343586754547
2001,213140012,12,Stanford,Arizona,1,63,0.019020556083815143,0.36507936507936506,0.8761343586754547,67,-0.2537233386522899,0.40298507462686567,1.2166503420357675
2001,213140025,12,California,USC,1,45,-0.36398245283177266,0.26666666666666666,0.9291783521320077,64,-0.016959381770339767,0.3125,1.4590595101410793
2001,213140025,12,USC,California,1,64,-0.016959381770339767,0.3125,1.4590595101410793,45,-0.36398245283177266,0.26666666666666666,0.9291783521320077
2001,213140026,12,Oregon,UCLA,1,57,0.10934283346868641,0.40350877192982454,1.0980481633155872,76,-0.003729198647882422,0.39473684210526316,1.0862448335366952
2001,213140026,12,UCLA,Oregon,1,76,-0.003729198647882422,0.39473684210526316,1.0862448335366952,57,0.10934283346868641,0.40350877192982454,1.0980481633155872
2001,213140052,12,Florida State,NC State,1,65,-0.04376444698098603,0.38461538461538464,0.8634593218142683,74,0.17976026857038174,0.5135135135135135,0.8095569654927799
2001,213140052,12,NC State,Florida State,1,74,0.17976026857038174,0.5135135135135135,0.8095569654927799,65,-0.04376444698098603,0.38461538461538464,0.8634593218142683
2001,213140061,12,Auburn,Georgia,1,86,-0.01296634270842321,0.3953488372093023,0.9634904961713999,66,-0.1599527678547109,0.3181818181818182,0.9368236395111638
2001,213140061,12,Georgia,Auburn,1,66,-0.1599527678547109,0.3181818181818182,0.9368236395111638,86,-0.01296634270842321,0.3953488372093023,0.9634904961713999
2001,213140066,12,Colorado,Iowa State,1,83,0.10651758165685823,0.4578313253012048,0.8382412512181511,72,-0.016351960816522265,0.4444444444444444,0.7991101295729726
2001,213140066,12,Iowa State,Colorado,1,72,-0.016351960816522265,0.4444444444444444,0.7991101295729726,83,0.10651758165685823,0.4578313253012048,0.8382412512181511
2001,213140077,12,Iowa,Northwestern,1,53,0.164754744208571,0.49056603773584906,0.8753686562128432,22,-0.13331418777417126,0.2727272727272727,0.7271825126142439
2001,213140077,12,Northwestern,Iowa,1,22,-0.13331418777417126,0.2727272727272727,0.7271825126142439,53,0.164754744208571,0.49056603773584906,0.8753686562128432
2001,213140097,12,Houston,Louisville,1,55,-0.23681921488195806,0.21818181818181817,1.294769777656207,49,0.14712873388926292,0.4489795918367347,0.9943546190503757
2001,213140097,12,Louisville,Houston,1,49,0.14712873388926292,0.4489795918367347,0.9943546190503757,55,-0.23681921488195806,0.21818181818181817,1.294769777656207
2001,213140099,12,LSU,Middle Tennessee,1,63,0.232818487777628,0.4603174603174603,1.2402266469388843,46,0.05129741606441523,0.41304347826086957,1.2868351868708308
2001,213140099,12,Middle Tennessee,LSU,1,46,0.05129741606441523,0.41304347826086957,1.2868351868708308,63,0.232818487777628,0.4603174603174603,1.2402266469388843
2001,213140103,12,Boston College,Miami,1,72,-0.13889318131397965,0.2916666666666667,0.9408558836199595,86,-0.10588448227333877,0.38372093023255816,0.9437295698548804
2001,213140103,12,Miami,Boston College,1,86,-0.10588448227333877,0.38372093023255816,0.9437295698548804,72,-0.13889318131397965,0.2916666666666667,0.9408558836199595
2001,213140120,12,Clemson,Maryland,1,74,-0.04783695070533535,0.43243243243243246,0.9723571036563483,73,0.10670604066811995,0.3972602739726027,1.027141482713631
2001,213140120,12,Maryland,Clemson,1,73,0.10670604066811995,0.3972602739726027,1.027141482713631,74,-0.04783695070533535,0.43243243243243246,0.9723571036563483
2001,213140127,12,Indiana,Michigan State,1,77,0.010123323362113709,0.4025974025974026,1.0551227369023386,61,-0.0907192815175098,0.4426229508196721,0.7673006340707166
2001,213140127,12,Michigan State,Indiana,1,61,-0.0907192815175098,0.4426229508196721,0.7673006340707166,77,0.010123323362113709,0.4025974025974026,1.0551227369023386
2001,213140130,12,Michigan,Minnesota,1,80,-0.006600020080332559,0.45,0.9620607417512758,53,0.036194815618059456,0.20754716981132076,1.59006496598578
2001,213140130,12,Minnesota,Michigan,1,53,0.036194815618059456,0.20754716981132076,1.59006496598578,80,-0.006600020080332559,0.45,0.9620607417512758
2001,213140142,12,Baylor,Missouri,1,56,-0.030604838815305922,0.3392857142857143,0.9596511229162465,74,0.12925953745990645,0.44594594594594594,1.0835829523782903
2001,213140142,12,Missouri,Baylor,1,74,0.12925953745990645,0.44594594594594594,1.0835829523782903,56,-0.030604838815305922,0.3392857142857143,0.9596511229162465
2001,213140153,12,North Carolina,Wake Forest,1,67,-0.025088415182776685,0.43283582089552236,0.661140884037373,82,0.003547766826675888,0.3780487804878049,0.8808070291029555
2001,213140153,12,Wake Forest,North Carolina,1,82,0.003547766826675888,0.3780487804878049,0.8808070291029555,67,-0.025088415182776685,0.43283582089552236,0.661140884037373
2001,213140158,12,Kansas State,Nebraska,1,59,-0.31781488468361135,0.3220338983050847,1.030988850366246,70,0.027070345738592076,0.4142857142857143,0.8140693384442329
2001,213140158,12,Nebraska,Kansas State,1,70,0.027070345738592076,0.4142857142857143,0.8140693384442329,59,-0.31781488468361135,0.3220338983050847,1.030988850366246
2001,213140164,12,Pittsburgh,Rutgers,1,36,0.27275597656215866,0.5277777777777778,0.9815178296866297,29,-0.25702553823834545,0.2413793103448276,0.5930957002091715
2001,213140164,12,Rutgers,Pittsburgh,1,29,-0.25702553823834545,0.2413793103448276,0.5930957002091715,36,0.27275597656215866,0.5277777777777778,0.9815178296866297
2001,213140183,12,Syracuse,West Virginia,1,67,-0.11172955384604097,0.23880597014925373,0.940552285767207,88,-0.11945342772758717,0.32954545454545453,0.7693589721016639
2001,213140183,12,West Virginia,Syracuse,1,88,-0.11945342772758717,0.32954545454545453,0.7693589721016639,67,-0.11172955384604097,0.23880597014925373,0.940552285767207
2001,213140194,12,Ohio State,Purdue,1,68,0.03717806922569435,0.3235294117647059,1.3359802984786118,48,-0.2240343869146143,0.3333333333333333,0.6861536397111004
2001,213140194,12,Purdue,Ohio State,1,48,-0.2240343869146143,0.3333333333333333,0.6861536397111004,68,0.03717806922569435,0.3235294117647059,1.3359802984786118
2001,213140197,12,Oklahoma State,Texas Tech,1,70,-0.1317911866117784,0.44285714285714284,0.7071693163739942,82,0.14452976877727583,0.4146341463414634,1.0951107363429329
2001,213140197,12,Texas Tech,Oklahoma State,1,82,0.14452976877727583,0.4146341463414634,1.0951107363429329,70,-0.1317911866117784,0.44285714285714284,0.7071693163739942
2001,213140201,12,Oklahoma,Texas A&M,1,79,-0.021559523690388722,0.35443037974683544,0.7475713670260454,54,-0.18758180419372686,0.16666666666666666,1.1156222993521119
2001,213140201,12,Texas A&M,Oklahoma,1,54,-0.18758180419372686,0.16666666666666666,1.1156222993521119,79,-0.021559523690388722,0.35443037974683544,0.7475713670260454
2001,213140204,12,Oregon State,Washington,1,62,0.024923838497952776,0.3064516129032258,1.284392489815529,53,-0.22615050221981375,0.32075471698113206,0.6109551354169076
2001,213140204,12,Washington,Oregon State,1,53,-0.22615050221981375,0.32075471698113206,0.6109551354169076,62,0.024923838497952776,0.3064516129032258,1.284392489815529
2001,213140218,12,Temple,Virginia Tech,1,52,-0.3115108945525593,0.19230769230769232,1.4659453896109753,46,-0.15228182491984932,0.1956521739130435,1.5271705632941388
2001,213140218,12,Virginia Tech,Temple,1,46,-0.15228182491984932,0.1956521739130435,1.5271705632941388,52,-0.3115108945525593,0.19230769230769232,1.4659453896109753
2001,213140238,12,Kentucky,Vanderbilt,1,61,0.2016461194860007,0.4426229508196721,1.1062785576709517,78,0.08151196888175942,0.4230769230769231,1.3107870082565185
2001,213140238,12,Vanderbilt,Kentucky,1,78,0.08151196888175942,0.4230769230769231,1.3107870082565185,61,0.2016461194860007,0.4426229508196721,1.1062785576709517
2001,213140251,12,Kansas,Texas,1,25,-0.3794103596833644,0.04,1.011889073809554,42,0.18101708582706522,0.5238095238095238,1.0445351712458233
2001,213140251,12,Texas,Kansas,1,42,0.18101708582706522,0.5238095238095238,1.0445351712458233,25,-0.3794103596833644,0.04,1.011889073809554
2001,213140258,12,Georgia Tech,Virginia,1,89,0.12268376587803603,0.39325842696629215,1.146505928196843,69,0.1670474345750837,0.5507246376811594,0.8200961697903938
2001,213140258,12,Virginia,Georgia Tech,1,69,0.1670474345750837,0.5507246376811594,0.8200961697903938,89,0.12268376587803603,0.39325842696629215,1.146505928196843
2001,213140333,12,Alabama,Mississippi State,1,78,-0.2614367094711819,0.358974358974359,0.9504427720363374,70,-0.0910093402510074,0.32857142857142857,0.9333650010634016
2001,213140333,12,Mississippi State,Alabama,1,70,-0.0910093402510074,0.32857142857142857,0.9333650010634016,78,-0.2614367094711819,0.358974358974359,0.9504427720363374
2001,213140356,12,Illinois,Penn State,1,79,-0.22156754015387226,0.34177215189873417,0.670078731930258,66,-0.1414597162536823,0.36363636363636365,0.7327862342611067
2001,213140356,12,Penn State,Illinois,1,66,-0.1414597162536823,0.36363636363636365,0.7327862342611067,79,-0.22156754015387226,0.34177215189873417,0.670078731930258
2001,213142579,12,Florida,South Carolina,1,54,0.23442792432008172,0.5370370370370371,0.9766341661736648,37,-0.1876175055423259,0.40540540540540543,0.5613558984706701
2001,213142579,12,South Carolina,Florida,1,37,-0.1876175055423259,0.40540540540540543,0.5613558984706701,54,0.23442792432008172,0.5370370370370371,0.9766341661736648
2001,213142633,12,Memphis,Tennessee,1,50,-0.046826126064508374,0.26,1.2112190794619535,75,-0.009691375388798513,0.4666666666666667,0.7210673541816423
2001,213142633,12,Tennessee,Memphis,1,75,-0.009691375388798513,0.4666666666666667,0.7210673541816423,50,-0.046826126064508374,0.26,1.2112190794619535
2001,213142751,12,BYU,Wyoming,1,81,0.15201881515228025,0.48148148148148145,0.9962218984985677,86,-0.07251079778314186,0.38372093023255816,0.8940922076027075
2001,213142751,12,Wyoming,BYU,1,86,-0.07251079778314186,0.38372093023255816,0.8940922076027075,81,0.15201881515228025,0.48148148148148145,0.9962218984985677
2001,213190151,13,East Carolina,Louisville,1,71,0.0038746390367910923,0.4225352112676056,1.0612664050856668,75,0.07882014534806539,0.48,0.801808446461236
2001,213190151,13,Louisville,East Carolina,1,75,0.07882014534806539,0.48,0.801808446461236,71,0.0038746390367910923,0.4225352112676056,1.0612664050856668
2001,213210002,13,Alabama,Auburn,1,63,0.21340827058618403,0.49206349206349204,0.9902319931854839,42,-0.03647300949692778,0.3333333333333333,1.2187966210549543
2001,213210002,13,Auburn,Alabama,1,42,-0.03647300949692778,0.3333333333333333,1.2187966210549543,63,0.21340827058618403,0.49206349206349204,0.9902319931854839
2001,213210008,13,Arkansas,Mississippi State,1,77,-0.004785446088361933,0.4155844155844156,1.0326993982625219,61,-0.15856274483001628,0.29508196721311475,0.7733664804655952
2001,213210008,13,Mississippi State,Arkansas,1,61,-0.15856274483001628,0.29508196721311475,0.7733664804655952,77,-0.004785446088361933,0.4155844155844156,1.0326993982625219
2001,213210024,13,California,Stanford,1,66,-0.1644984091142344,0.2878787878787879,1.1413785281016011,75,-0.2315035952095506,0.3333333333333333,0.9953591031716779
2001,213210024,13,Stanford,California,1,75,-0.2315035952095506,0.3333333333333333,0.9953591031716779,66,-0.1644984091142344,0.2878787878787879,1.1413785281016011
2001,213210030,13,UCLA,USC,1,39,-0.44847289823098163,0.3333333333333333,0.2992211475897072,47,-0.09162952490437226,0.2765957446808511,0.9406544358514992
2001,213210030,13,USC,UCLA,1,47,-0.09162952490437226,0.2765957446808511,0.9406544358514992,39,-0.44847289823098163,0.3333333333333333,0.2992211475897072
2001,213210057,13,Florida,Florida State,1,73,0.08321797251154005,0.4383561643835616,0.8736504408080163,59,-0.07049765105985065,0.4067796610169492,0.744826420685828
2001,213210057,13,Florida State,Florida,1,59,-0.07049765105985065,0.4067796610169492,0.744826420685828,73,0.08321797251154005,0.4383561643835616,0.8736504408080163
2001,213210077,13,Bowling Green,Northwestern,1,83,0.11824318791245034,0.4939759036144578,0.9239643625488317,93,0.13576843233803654,0.44086021505376344,1.1094144571141562
2001,213210077,13,Northwestern,Bowling Green,1,93,0.13576843233803654,0.44086021505376344,1.1094144571141562,83,0.11824318791245034,0.4939759036144578,0.9239643625488317
2001,213210096,13,Kentucky,Tennessee,1,82,0.08866275918284504,0.4268292682926829,1.2421664474563439,51,-0.022032296480960785,0.37254901960784315,0.8836905320447568
2001,213210096,13,Tennessee,Kentucky,1,51,-0.022032296480960785,0.37254901960784315,0.8836905320447568,82,0.08866275918284504,0.4268292682926829,1.2421664474563439
2001,213210145,13,Georgia,Ole Miss,1,60,0.06727068543859385,0.4666666666666667,0.8742231392286155,62,-0.2415444561525349,0.25806451612903225,1.238709881123021
2001,213210145,13,Ole Miss,Georgia,1,62,-0.2415444561525349,0.25806451612903225,1.238709881123021,60,0.06727068543859385,0.4666666666666667,0.8742231392286155
2001,213210152,13,Maryland,NC State,1,77,0.001126903301077514,0.45454545454545453,0.9363099907912682,81,0.0007921636122347745,0.3333333333333333,1.0177962044038382
2001,213210152,13,NC State,Maryland,1,81,0.0007921636122347745,0.3333333333333333,1.0177962044038382,77,0.001126903301077514,0.45454545454545453,0.9363099907912682
2001,213210153,13,Duke,North Carolina,1,54,-0.0881618671049551,0.2222222222222222,1.533121261068117,54,0.13225629950248388,0.42592592592592593,1.1116485699874579
2001,213210153,13,North Carolina,Duke,1,54,0.13225629950248388,0.42592592592592593,1.1116485699874579,54,-0.0881618671049551,0.2222222222222222,1.533121261068117
2001,213210154,13,Georgia Tech,Wake Forest,1,75,-0.12185478411901582,0.29333333333333333,0.9879418319883011,81,0.0236150499133873,0.3333333333333333,1.0516732576315944
2001,213210154,13,Wake Forest,Georgia Tech,1,81,0.0236150499133873,0.3333333333333333,1.0516732576315944,75,-0.12185478411901582,0.29333333333333333,0.9879418319883011
2001,213210164,13,Boston College,Rutgers,1,56,-0.16648795585848203,0.42857142857142855,0.8880201872483452,41,-0.24529603278140072,0.17073170731707318,1.3940419664898502
2001,213210164,13,Rutgers,Boston College,1,41,-0.24529603278140072,0.17073170731707318,1.3940419664898502,56,-0.16648795585848203,0.42857142857142855,0.8880201872483452
2001,213210194,13,Illinois,Ohio State,1,74,-0.09185913899459978,0.40540540540540543,1.116899671620499,76,-0.07743983638191661,0.3026315789473684,1.4263676359273876
2001,213210194,13,Ohio State,Illinois,1,76,-0.07743983638191661,0.3026315789473684,1.4263676359273876,74,-0.09185913899459978,0.40540540540540543,1.116899671620499
2001,213210204,13,Northern Arizona,Oregon State,1,29,-0.28242072788561107,0.1724137931034483,1.1418087154526049,40,0.06876387428086657,0.425,1.1294582489191587
2001,213210204,13,Oregon State,Northern Arizona,1,40,0.06876387428086657,0.425,1.1294582489191587,29,-0.28242072788561107,0.1724137931034483,1.1418087154526049
2001,213210239,13,Baylor,Oklahoma State,1,76,-0.17496322518151453,0.4868421052631579,0.6670630193886364,49,0.013588349824778616,0.40816326530612246,0.8953033479929539
2001,213210239,13,Oklahoma State,Baylor,1,49,0.013588349824778616,0.40816326530612246,0.8953033479929539,76,-0.17496322518151453,0.4868421052631579,0.6670630193886364
2001,213210252,13,BYU,Utah,1,73,-0.00527733798552252,0.3972602739726027,1.0927427251971136,81,-0.05811736297151565,0.38271604938271603,0.7968806906464894
2001,213210252,13,Utah,BYU,1,81,-0.05811736297151565,0.38271604938271603,0.7968806906464894,73,-0.00527733798552252,0.3972602739726027,1.0927427251971136
2001,213210258,13,Virginia,Virginia Tech,1,51,-0.12727698216441558,0.23529411764705882,1.2634409776101203,74,-0.025688674412966,0.4189189189189189,0.6897263253496747
2001,213210258,13,Virginia Tech,Virginia,1,74,-0.025688674412966,0.4189189189189189,0.6897263253496747,51,-0.12727698216441558,0.23529411764705882,1.2634409776101203
2001,213210264,13,Washington,Washington State,1,80,0.09769349853825408,0.3875,1.1755617587106346,71,-0.17617399927021923,0.352112676056338,0.947848287436111
2001,213210264,13,Washington State,Washington,1,71,-0.17617399927021923,0.352112676056338,0.947848287436111,80,0.09769349853825408,0.3875,1.1755617587106346
2001,213210275,13,Michigan,Wisconsin,1,63,-0.32150952338163286,0.2857142857142857,0.9657849802473101,79,-0.083834271206124,0.27848101265822783,1.1670823373548684
2001,213210275,13,Wisconsin,Michigan,1,79,-0.083834271206124,0.27848101265822783,1.1670823373548684,63,-0.32150952338163286,0.2857142857142857,0.9657849802473101
2001,213210276,13,Marshall,Ohio,1,52,0.21379162188832207,0.4807692307692308,1.10069332642012,67,-0.028363517239805888,0.373134328358209,0.967611357407268
2001,213210276,13,Ohio,Marshall,1,67,-0.028363517239805888,0.373134328358209,0.967611357407268,52,0.21379162188832207,0.4807692307692308,1.10069332642012
2001,213210277,13,Temple,West Virginia,1,70,-0.11738695900093467,0.2857142857142857,1.2001376645394035,79,-0.1392745537880073,0.3291139240506329,0.86593787825932
2001,213210277,13,West Virginia,Temple,1,79,-0.1392745537880073,0.3291139240506329,0.86593787825932,70,-0.11738695900093467,0.2857142857142857,1.2001376645394035
2001,213212294,13,Iowa,Minnesota,1,50,0.3853831737327476,0.6,0.9065692684745715,53,-0.008406381046657575,0.39622641509433965,1.1041322278374535
2001,213212294,13,Minnesota,Iowa,1,53,-0.008406381046657575,0.39622641509433965,1.1041322278374535,50,0.3853831737327476,0.6,0.9065692684745715
2001,213212305,13,Iowa State,Kansas,1,61,0.013774166379230022,0.4918032786885246,0.8275736469549885,45,-0.17386283177719208,0.35555555555555557,0.45604145228983156
2001,213212305,13,Kansas,Iowa State,1,45,-0.17386283177719208,0.35555555555555557,0.45604145228983156,61,0.013774166379230022,0.4918032786885246,0.8275736469549885
2001,213212390,13,Miami,Syracuse,1,42,0.2011005744643141,0.40476190476190477,1.3450068170369736,34,-0.11377702647070356,0.38235294117647056,0.5268512843771231
2001,213212390,13,Syracuse,Miami,1,34,-0.11377702647070356,0.38235294117647056,0.5268512843771231,42,0.2011005744643141,0.40476190476190477,1.3450068170369736
2001,213212641,13,Oklahoma,Texas Tech,1,78,-0.10946356260271999,0.38461538461538464,0.7392077861700871,42,-0.236305411715909,0.23809523809523808,1.1425694748084063
2001,213212641,13,Texas Tech,Oklahoma,1,42,-0.236305411715909,0.23809523809523808,1.1425694748084063,78,-0.10946356260271999,0.38461538461538464,0.7392077861700871
2001,213260344,14,Mississippi State,Ole Miss,1,63,0.12526654334833817,0.5396825396825397,0.7723465527523444,76,0.011129250468622686,0.39473684210526316,1.013733277115199
2001,213260344,14,Ole Miss,Mississippi State,1,76,0.011129250468622686,0.39473684210526316,1.013733277115199,63,0.12526654334833817,0.5396825396825397,0.7723465527523444
2001,213260356,14,Illinois,Northwestern,1,91,0.015749435014956882,0.5164835164835165,0.7270414210282297,81,0.04216440911608639,0.3950617283950617,1.0810016672965652
2001,213260356,14,Northwestern,Illinois,1,81,0.04216440911608639,0.3950617283950617,1.0810016672965652,91,0.015749435014956882,0.5164835164835165,0.7270414210282297
2001,213270009,14,Arizona,Arizona State,1,71,-0.005006950179545309,0.43661971830985913,0.8057761577675467,70,-0.21433229858447578,0.35714285714285715,1.0017075546803755
2001,213270009,14,Arizona State,Arizona,1,70,-0.21433229858447578,0.35714285714285715,1.0017075546803755,71,-0.005006950179545309,0.43661971830985913,0.8057761577675467
2001,213270038,14,Colorado,Nebraska,1,47,0.2594235807908669,0.40425531914893614,1.3614037062998086,68,0.05704265547269317,0.38235294117647056,1.0876892787912866
2001,213270038,14,Nebraska,Colorado,1,68,0.05704265547269317,0.38235294117647056,1.0876892787912866,47,0.2594235807908669,0.40425531914893614,1.3614037062998086
2001,213270099,14,Arkansas,LSU,1,70,-0.15667941447938358,0.2857142857142857,1.0323507333357549,71,-0.014800651506106623,0.29577464788732394,1.3087198238067141
2001,213270099,14,LSU,Arkansas,1,71,-0.014800651506106623,0.29577464788732394,1.3087198238067141,70,-0.15667941447938358,0.2857142857142857,1.0323507333357549
2001,213270151,14,East Carolina,Southern Miss,1,72,0.010399206242005157,0.4027777777777778,1.214546754154842,71,0.036545139266606956,0.38028169014084506,0.9467436149310368
2001,213270151,14,Southern Miss,East Carolina,1,71,0.036545139266606956,0.38028169014084506,0.9467436149310368,72,0.010399206242005157,0.4027777777777778,1.214546754154842
2001,213270164,14,California,Rutgers,1,72,-0.0831976654357571,0.2777777777777778,1.0165526096934223,62,-0.15551118227671093,0.2903225806451613,0.6711559402837961
2001,213270164,14,Rutgers,California,1,62,-0.15551118227671093,0.2903225806451613,0.6711559402837961,72,-0.0831976654357571,0.2777777777777778,1.0165526096934223
2001,213270245,14,Texas,Texas A&M,1,67,-0.13412632152242515,0.26865671641791045,1.1749542882706712,74,-0.3799626752851173,0.20270270270270271,0.9525828159049476
2001,213270245,14,Texas A&M,Texas,1,74,-0.3799626752851173,0.20270270270270271,0.9525828159049476,67,-0.13412632152242515,0.26865671641791045,1.1749542882706712
2001,213270278,14,Fresno State,San José State,1,61,0.19873128872891466,0.5409836065573771,1.0125419559146742,46,-0.21383035922419835,0.34782608695652173,0.7348471310396149
2001,213270278,14,San José State,Fresno State,1,46,-0.21383035922419835,0.34782608695652173,0.7348471310396149,61,0.19873128872891466,0.5409836065573771,1.0125419559146742
2001,213272628,14,Louisville,TCU,1,63,-0.2641840037167145,0.25396825396825395,1.4218506718848085,67,-0.09125142886438864,0.3283582089552239,0.840855223397654
2001,213272628,14,TCU,Louisville,1,67,-0.09125142886438864,0.3283582089552239,0.840855223397654,63,-0.2641840037167145,0.25396825396825395,1.4218506718848085
2001,213280024,14,Notre Dame,Stanford,1,64,-0.11789654264665787,0.28125,1.092832121841322,70,-0.1012246484202633,0.3142857142857143,1.3631359484344505
2001,213280024,14,Stanford,Notre Dame,1,70,-0.1012246484202633,0.3142857142857143,1.3631359484344505,64,-0.11789654264665787,0.28125,1.092832121841322
2001,213280059,14,Georgia,Georgia Tech,1,79,0.18208065008706095,0.3924050632911392,1.241973762510284,64,-0.2701553131420436,0.234375,0.9400724164436395
2001,213280059,14,Georgia Tech,Georgia,1,64,-0.2701553131420436,0.234375,0.9400724164436395,79,0.18208065008706095,0.3924050632911392,1.241973762510284
2001,213280066,14,Iowa,Iowa State,1,57,0.08850556860327868,0.45614035087719296,0.8691616744197805,67,0.03818113712473779,0.44776119402985076,0.8815084348875686
2001,213280066,14,Iowa State,Iowa,1,67,0.03818113712473779,0.44776119402985076,0.8815084348875686,57,0.08850556860327868,0.45614035087719296,0.8691616744197805
2001,213280084,14,Indiana,Purdue,1,72,-0.05142003961407657,0.2916666666666667,1.109868873905217,82,-0.221643131766318,0.34146341463414637,1.002473644545741
2001,213280084,14,Purdue,Indiana,1,82,-0.221643131766318,0.34146341463414637,1.002473644545741,72,-0.05142003961407657,0.2916666666666667,1.109868873905217
2001,213280127,14,Michigan State,Penn State,1,78,0.02093188619498511,0.47435897435897434,0.8866947009655972,59,0.14088666926612742,0.4067796610169492,1.0828991257215421
2001,213280127,14,Penn State,Michigan State,1,59,0.14088666926612742,0.4067796610169492,1.0828991257215421,78,0.02093188619498511,0.47435897435897434,0.8866947009655972
2001,213280130,14,Michigan,Ohio State,1,80,-0.08662762910519234,0.3375,0.7634972320546045,71,-0.2289978357240158,0.16901408450704225,1.2914464351098618
2001,213280130,14,Ohio State,Michigan,1,71,-0.2289978357240158,0.16901408450704225,1.2914464351098618,80,-0.08662762910519234,0.3375,0.7634972320546045
2001,213280135,14,Minnesota,Wisconsin,1,70,0.0023487558931514683,0.3142857142857143,1.1491017850503127,72,0.09423352387510237,0.375,1.0788033000051516
2001,213280135,14,Wisconsin,Minnesota,1,72,0.09423352387510237,0.375,1.0788033000051516,70,0.0023487558931514683,0.3142857142857143,1.1491017850503127
2001,213280152,14,NC State,Ohio,1,71,0.08053359036886415,0.49295774647887325,0.7838590417733217,58,-0.05243070661296375,0.3103448275862069,0.9871179749780626
2001,213280152,14,Ohio,NC State,1,58,-0.05243070661296375,0.3103448275862069,0.9871179749780626,71,0.08053359036886415,0.49295774647887325,0.7838590417733217
2001,213280154,14,Northern Illinois,Wake Forest,1,61,0.01042907348468936,0.3114754098360656,0.921545421602966,77,-0.03197306905721024,0.45454545454545453,0.5609795085124099
2001,213280154,14,Wake Forest,Northern Illinois,1,77,-0.03197306905721024,0.45454545454545453,0.5609795085124099,61,0.01042907348468936,0.3114754098360656,0.921545421602966
2001,213280183,14,Boston College,Syracuse,1,52,0.0021417052379550405,0.34615384615384615,1.1335921044627935,85,0.22141067923870633,0.47058823529411764,1.0686991973278004
2001,213280183,14,Syracuse,Boston College,1,85,0.22141067923870633,0.47058823529411764,1.0686991973278004,52,0.0021417052379550405,0.34615384615384615,1.1335921044627935
2001,213280201,14,Oklahoma,Oklahoma State,1,77,-0.17809132084840362,0.2727272727272727,0.8857092032546704,92,-0.0925584241005544,0.29347826086956524,1.2465615139107176
2001,213280201,14,Oklahoma State,Oklahoma,1,92,-0.0925584241005544,0.29347826086956524,1.2465615139107176,77,-0.17809132084840362,0.2727272727272727,0.8857092032546704
2001,213280218,14,Temple,UConn,1,32,0.24118988308434702,0.5,0.9004305966499615,23,-0.4859909472995446,0.13043478260869565,0.7823895606523372
2001,213280218,14,UConn,Temple,1,23,-0.4859909472995446,0.13043478260869565,0.7823895606523372,32,0.24118988308434702,0.5,0.9004305966499615
2001,213280239,14,Baylor,Southern Illinois,1,57,0.04108390604575791,0.38596491228070173,1.1631155964587516,54,-0.21039245916831611,0.35185185185185186,0.7186123446526622
2001,213280239,14,Southern Illinois,Baylor,1,54,-0.21039245916831611,0.35185185185185186,0.7186123446526622,57,0.04108390604575791,0.38596491228070173,1.1631155964587516
2001,213280276,14,Marshall,Youngstown State,1,64,0.08295065961593641,0.40625,0.765386907696702,77,0.008292776187491992,0.45454545454545453,0.9407702319371339
2001,213280276,14,Youngstown State,Marshall,1,77,0.008292776187491992,0.45454545454545453,0.9407702319371339,64,0.08295065961593641,0.40625,0.765386907696702
2001,213280277,14,Pittsburgh,West Virginia,1,78,0.07296829591543808,0.3974358974358974,1.0717454182095807,61,-0.22615453894292686,0.2459016393442623,0.5903596171399698
2001,213280277,14,West Virginia,Pittsburgh,1,61,-0.22615453894292686,0.2459016393442623,0.5903596171399698,78,0.07296829591543808,0.3974358974358974,1.0717454182095807
2001,213282305,14,Kansas,Wyoming,1,78,0.006378960403149581,0.41025641025641024,1.0381685174335242,64,-0.06120115247374306,0.390625,0.9396955787969049
2001,213282305,14,Wyoming,Kansas,1,64,-0.06120115247374306,0.390625,0.9396955787969049,78,0.006378960403149581,0.41025641025641024,1.0381685174335242
2001,213282306,14,Kansas State,Missouri,1,81,-0.003027608922322358,0.345679012345679,0.8876011944803512,61,-0.15421014785242518,0.36065573770491804,1.0740529744658784
2001,213282306,14,Missouri,Kansas State,1,61,-0.15421014785242518,0.36065573770491804,1.0740529744658784,81,-0.003027608922322358,0.345679012345679,0.8876011944803512
2001,213282390,14,Miami,Washington,1,21,-0.26520369448452674,0.42857142857142855,0.5964109294973339,42,-0.0443260630660881,0.3333333333333333,0.9078991042966373
2001,213282390,14,Washington,Miami,1,42,-0.0443260630660881,0.3333333333333333,0.9078991042966373,21,-0.26520369448452674,0.42857142857142855,0.5964109294973339
2001,213282633,14,Tennessee,Vanderbilt,1,37,0.08618647220686583,0.40540540540540543,1.0874581243742543,41,-0.2966393505246955,0.2926829268292683,0.9239109836107888
2001,213282633,14,Vanderbilt,Tennessee,1,41,-0.2966393505246955,0.2926829268292683,0.9239109836107888,37,0.08618647220686583,0.40540540540540543,1.0874581243742543
2001,213282641,14,Stephen F. Austin,Texas Tech,1,32,-0.14982908954158616,0.375,0.5618258525547689,32,0.23368018044293246,0.53125,0.9532529363426894
2001,213282641,14,Texas Tech,Stephen F. Austin,1,32,0.23368018044293246,0.53125,0.9532529363426894,32,-0.14982908954158616,0.375,0.5618258525547689
2001,213330333,15,Alabama,Southern Miss,1,57,-0.022489547068301467,0.3157894736842105,1.2291113364149757,78,-0.1382325052150572,0.358974358974359,0.9092947588327297
2001,213330333,15,Southern Miss,Alabama,1,78,-0.1382325052150572,0.358974358974359,0.9092947588327297,57,-0.022489547068301467,0.3157894736842105,1.2291113364149757
2001,213342649,15,Marshall,Toledo,1,73,-0.07155446774625655,0.3972602739726027,1.131533924258137,79,0.10174584999691638,0.4177215189873418,0.866177808936737
2001,213342649,15,Toledo,Marshall,1,79,0.10174584999691638,0.4177215189873418,0.866177808936737,73,-0.07155446774625655,0.3972602739726027,1.131533924258137
2001,213350023,15,San José State,Stanford,1,70,-0.11766581637849213,0.3,1.4253656149807172,61,-0.06665050803939533,0.32786885245901637,1.1840850905935538
2001,213350023,15,Stanford,San José State,1,61,-0.06665050803939533,0.32786885245901637,1.1840850905935538,70,-0.11766581637849213,0.3,1.4253656149807172
2001,213350026,15,Arizona State,UCLA,1,58,0.11213081289959269,0.3448275862068966,1.1456494022446744,81,-0.015368218568513092,0.3950617283950617,0.9293798983617074
2001,213350026,15,UCLA,Arizona State,1,81,-0.015368218568513092,0.3950617283950617,0.9293798983617074,58,0.11213081289959269,0.3448275862068966,1.1456494022446744
2001,213350052,15,Florida State,Georgia Tech,1,67,0.01622783552979784,0.373134328358209,1.051842221481279,68,0.02051283080546083,0.4264705882352941,1.018353692811942
2001,213350052,15,Georgia Tech,Florida State,1,68,0.02051283080546083,0.4264705882352941,1.018353692811942,67,0.01622783552979784,0.373134328358209,1.051842221481279
2001,213350057,15,Florida,Tennessee,1,75,0.08729466713865947,0.41333333333333333,1.1681475135063202,56,0.08139873605230306,0.44642857142857145,0.8323645411333878
2001,213350057,15,Tennessee,Florida,1,56,0.08139873605230306,0.44642857142857145,0.8323645411333878,75,0.08729466713865947,0.41333333333333333,1.1681475135063202
2001,213350061,15,Georgia,Houston,1,53,-0.029078586896565693,0.37735849056603776,1.0635321037733807,46,-0.20561416300045693,0.21739130434782608,1.1122804962230857
2001,213350061,15,Houston,Georgia,1,46,-0.20561416300045693,0.21739130434782608,1.1122804962230857,53,-0.029078586896565693,0.37735849056603776,1.0635321037733807
2001,213350084,15,Indiana,Kentucky,1,89,-0.14827108306933648,0.39325842696629215,0.832864784929784,66,0.04793180431147259,0.3939393939393939,1.0454021997402918
2001,213350084,15,Kentucky,Indiana,1,66,0.04793180431147259,0.3939393939393939,1.0454021997402918,89,-0.14827108306933648,0.39325842696629215,0.832864784929784
2001,213350099,15,Auburn,LSU,1,58,-0.1377512340343443,0.3103448275862069,1.0460016850604208,77,0.056601628855727025,0.3246753246753247,1.367107137328511
2001,213350099,15,LSU,Auburn,1,77,0.056601628855727025,0.3246753246753247,1.367107137328511,58,-0.1377512340343443,0.3103448275862069,1.0460016850604208
2001,213350127,15,Michigan State,Missouri,1,27,0.27469272900572445,0.6666666666666666,0.7498964040685329,24,-0.2728639872455676,0.25,1.434338629681262
2001,213350127,15,Missouri,Michigan State,1,24,-0.2728639872455676,0.25,1.434338629681262,27,0.27469272900572445,0.6666666666666666,0.7498964040685329
2001,213350145,15,Ole Miss,Vanderbilt,1,80,-0.08166813967445649,0.475,0.6533177598677525,65,-0.015702507957773483,0.3384615384615385,1.2670630462946832
2001,213350145,15,Vanderbilt,Ole Miss,1,65,-0.015702507957773483,0.3384615384615385,1.2670630462946832,80,-0.08166813967445649,0.475,0.6533177598677525
2001,213350153,15,North Carolina,SMU,1,60,0.09806646160231647,0.45,0.9149100373261161,66,-0.029013510273263512,0.3484848484848485,0.9632568652160386
2001,213350153,15,SMU,North Carolina,1,66,-0.029013510273263512,0.3484848484848485,0.9632568652160386,60,0.09806646160231647,0.45,0.9149100373261161
2001,213350221,15,Pittsburgh,UAB,1,70,-0.08165399537937529,0.3142857142857143,1.0139535486690125,70,-0.05689915431381604,0.3142857142857143,1.1254647519625376
2001,213350221,15,UAB,Pittsburgh,1,70,-0.05689915431381604,0.3142857142857143,1.1254647519625376,70,-0.08165399537937529,0.3142857142857143,1.0139535486690125
2001,213350228,15,Clemson,Duke,1,37,0.020220734505013178,0.40540540540540543,1.0352268136843406,65,-0.34559872165506095,0.3230769230769231,0.6463552733362473
2001,213350228,15,Duke,Clemson,1,65,-0.34559872165506095,0.3230769230769231,0.6463552733362473,37,0.020220734505013178,0.40540540540540543,1.0352268136843406
2001,213350251,15,Colorado,Texas,1,72,-0.10609150183672936,0.3194444444444444,1.3212544551404048,67,-0.23151496127423876,0.417910447761194,0.6596877042857902
2001,213350251,15,Texas,Colorado,1,67,-0.23151496127423876,0.417910447761194,0.6596877042857902,72,-0.10609150183672936,0.3194444444444444,1.3212544551404048
2001,213350258,15,Penn State,Virginia,1,68,-0.1319037587993311,0.39705882352941174,0.8610945168566104,76,-0.09886378209144144,0.3684210526315789,0.9381039205239018
2001,213350258,15,Virginia,Penn State,1,76,-0.09886378209144144,0.3684210526315789,0.9381039205239018,68,-0.1319037587993311,0.39705882352941174,0.8610945168566104
2001,213350259,15,Miami,Virginia Tech,1,85,-0.1725649729232883,0.3176470588235294,1.0110987734371486,60,-0.2589713545657315,0.2833333333333333,0.5583777825975206
2001,213350259,15,Virginia Tech,Miami,1,60,-0.2589713545657315,0.2833333333333333,0.5583777825975206,85,-0.1725649729232883,0.3176470588235294,1.0110987734371486
2001,213350278,15,Fresno State,Utah State,1,36,0.27167176060499637,0.5,1.0501109695161348,36,-0.2618397898895799,0.3055555555555556,1.122449213087304
2001,213350278,15,Utah State,Fresno State,1,36,-0.2618397898895799,0.3055555555555556,1.122449213087304,36,0.27167176060499637,0.5,1.0501109695161348
2001,213350344,15,BYU,Mississippi State,1,75,-0.0880385881480899,0.4533333333333333,0.9468247249692331,56,0.013344711810404994,0.42857142857142855,0.8767694947796276
2001,213350344,15,Mississippi State,BYU,1,56,0.013344711810404994,0.42857142857142855,0.8767694947796276,75,-0.0880385881480899,0.4533333333333333,0.9468247249692331
2001,213352483,15,Oregon,Oregon State,1,58,-0.1594262286346303,0.3275862068965517,0.921899533841269,81,-0.15650351886266317,0.35802469135802467,0.9613524150893928
2001,213352483,15,Oregon State,Oregon,1,81,-0.15650351886266317,0.35802469135802467,0.9613524150893928,58,-0.1594262286346303,0.3275862068965517,0.921899533841269
2001,213352509,15,Notre Dame,Purdue,1,57,-0.2871317294212568,0.19298245614035087,0.9273222353567017,85,-0.15054809968378788,0.3058823529411765,1.134949993479505
2001,213352509,15,Purdue,Notre Dame,1,85,-0.15054809968378788,0.3058823529411765,1.134949993479505,57,-0.2871317294212568,0.19298245614035087,0.9273222353567017
2001,213420062,16,BYU,Hawai'i,1,88,-0.17504370036107644,0.42045454545454547,0.9607821699613982,55,-0.01831345311170973,0.38181818181818183,1.323224129058826
2001,213420062,16,Hawai'i,BYU,1,55,-0.01831345311170973,0.38181818181818183,1.323224129058826,88,-0.17504370036107644,0.42045454545454547,0.9607821699613982
2001,213420099,16,LSU,Tennessee,1,77,-0.049564083334989746,0.3116883116883117,0.9893475774581302,64,0.053213247805349875,0.359375,1.2060147065353766
2001,213420099,16,Tennessee,LSU,1,64,0.053213247805349875,0.359375,1.2060147065353766,77,-0.049564083334989746,0.3116883116883117,0.9893475774581302
2001,213520036,1,Colorado State,North Texas,1,49,-0.07754906413264076,0.3877551020408163,1.022345842565943,61,-0.09514786906995647,0.3442622950819672,1.1494907736462283
2001,213520036,1,North Texas,Colorado State,1,61,-0.09514786906995647,0.3442622950819672,1.1494907736462283,49,-0.07754906413264076,0.3877551020408163,1.022345842565943
2001,213530276,1,East Carolina,Marshall,1,76,-0.18422618282416914,0.32894736842105265,1.2083182568577995,96,-0.08460294012003008,0.3958333333333333,1.351226398231852
2001,213530276,1,Marshall,East Carolina,1,96,-0.08460294012003008,0.3958333333333333,1.351226398231852,76,-0.18422618282416914,0.32894736842105265,1.2083182568577995
2001,213540152,1,NC State,Pittsburgh,1,71,-0.2258323316310167,0.36619718309859156,0.9001255901788694,69,0.11545187619639197,0.4057971014492754,1.1007625270723287
2001,213540152,1,Pittsburgh,NC State,1,69,0.11545187619639197,0.4057971014492754,1.1007625270723287,71,-0.2258323316310167,0.36619718309859156,0.9001255901788694
2001,213590254,1,USC,Utah,1,34,0.04341848074469458,0.29411764705882354,1.175237910059264,53,-0.0724194657253828,0.3584905660377358,1.2666444049325596
2001,213590254,1,Utah,USC,1,53,-0.0724194657253828,0.3584905660377358,1.2666444049325596,34,0.04341848074469458,0.29411764705882354,1.175237910059264
2001,213610024,1,Georgia Tech,Stanford,1,65,0.12474455500572583,0.47692307692307695,1.0171132764941921,73,-0.018148637592544238,0.4383561643835616,0.9327973422791325
2001,213610024,1,Stanford,Georgia Tech,1,73,-0.018148637592544238,0.4383561643835616,0.9327973422791325,65,0.12474455500572583,0.47692307692307695,1.0171132764941921
2001,213610066,1,Alabama,Iowa State,1,58,-0.0597974898753985,0.43103448275862066,0.6864873814249108,77,0.13592694447675138,0.36363636363636365,1.4719131997155879
2001,213610066,1,Iowa State,Alabama,1,77,0.13592694447675138,0.36363636363636365,1.4719131997155879,58,-0.0597974898753985,0.43103448275862066,0.6864873814249108
2001,213620061,1,Boston College,Georgia,1,76,-0.17675188106366319,0.2894736842105263,1.0355805092205503,79,-0.10232445261893591,0.4177215189873418,0.9954868627825603
2001,213620061,1,Georgia,Boston College,1,79,-0.10232445261893591,0.4177215189873418,0.9954868627825603,76,-0.17675188106366319,0.2894736842105263,1.0355805092205503
2001,213620245,1,TCU,Texas A&M,1,58,-0.2595038404648146,0.25862068965517243,0.8749229679109398,69,-0.4250493995358644,0.3333333333333333,0.6161801019141303
2001,213620245,1,Texas A&M,TCU,1,69,-0.4250493995358644,0.3333333333333333,0.6161801019141303,58,-0.2595038404648146,0.25862068965517243,0.8749229679109398
2001,213620251,1,Texas,Washington,1,78,0.035667450779788765,0.44871794871794873,1.095779841162547,82,0.027525842014764827,0.36585365853658536,1.0176344655090706
2001,213620251,1,Washington,Texas,1,82,0.027525842014764827,0.36585365853658536,1.0176344655090706,78,0.035667450779788765,0.44871794871794873,1.095779841162547
2001,213632306,1,Kansas State,Syracuse,1,73,-0.20643309416219516,0.2054794520547945,1.2312412158557733,55,-0.4401517726719544,0.18181818181818182,0.8348882210738257
2001,213632306,1,Syracuse,Kansas State,1,55,-0.4401517726719544,0.18181818181818182,0.8348882210738257,73,-0.20643309416219516,0.2054794520547945,1.2312412158557733
2001,213632641,1,Iowa,Texas Tech,1,72,-0.045503422273039,0.4166666666666667,0.8532941213113445,68,0.14448819829113185,0.38235294117647056,1.202665902434016
2001,213632641,1,Texas Tech,Iowa,1,68,0.14448819829113185,0.38235294117647056,1.202665902434016,72,-0.045503422273039,0.4166666666666667,0.8532941213113445
2001,213632649,1,Cincinnati,Toledo,1,71,-0.060384651153482884,0.29577464788732394,1.028298466002732,76,0.09895787888411588,0.4473684210526316,0.8126833441718665
2001,213632649,1,Toledo,Cincinnati,1,76,0.09895787888411588,0.4473684210526316,0.8126833441718665,71,-0.060384651153482884,0.29577464788732394,1.028298466002732
2001,213650002,1,Auburn,North Carolina,1,64,-0.24251193055128395,0.34375,0.514317369341479,60,-0.14366560522034047,0.25,1.496353644008136
2001,213650002,1,North Carolina,Auburn,1,60,-0.14366560522034047,0.25,1.496353644008136,64,-0.24251193055128395,0.34375,0.514317369341479
2001,213650252,1,BYU,Louisville,1,69,-0.10142096204842745,0.30434782608695654,1.2817829787685957,62,-0.07237070188266265,0.3387096774193548,1.2552444009512365
2001,213650252,1,Louisville,BYU,1,62,-0.07237070188266265,0.3387096774193548,1.2552444009512365,69,-0.10142096204842745,0.30434782608695654,1.2817829787685957
2001,213650265,1,Purdue,Washington State,1,105,-0.22466366172717228,0.3619047619047619,0.9670456897613515,67,-0.09068165520799605,0.29850746268656714,1.0006370321483498
2001,213650265,1,Washington State,Purdue,1,67,-0.09068165520799605,0.29850746268656714,1.0006370321483498,105,-0.22466366172717228,0.3619047619047619,0.9670456897613515
2001,213650278,1,Fresno State,Michigan State,1,80,-0.08282489795700944,0.3625,1.0982571483617387,70,0.17953309965007277,0.4714285714285714,0.9852799623419984
2001,213650278,1,Michigan State,Fresno State,1,70,0.17953309965007277,0.4714285714285714,0.9852799623419984,80,-0.08282489795700944,0.3625,1.0982571483617387
2001,213652348,1,Clemson,Louisiana Tech,1,56,-0.04371775193973703,0.39285714285714285,0.7076461603805447,49,-0.09303943017961,0.3673469387755102,0.9020259308274076
2001,213652348,1,Louisiana Tech,Clemson,1,49,-0.09303943017961,0.3673469387755102,0.9020259308274076,56,-0.04371775193973703,0.39285714285714285,0.7076461603805447
2001,220010201,1,Arkansas,Oklahoma,1,57,-0.3318341820316851,0.19298245614035087,0.8075988106049141,71,-0.1023680876246385,0.30985915492957744,1.1066503496944906
2001,220010201,1,Oklahoma,Arkansas,1,71,-0.1023680876246385,0.30985915492957744,1.1066503496944906,57,-0.3318341820316851,0.19298245614035087,0.8075988106049141
2001,220010259,1,Florida State,Virginia Tech,1,65,0.04488375859519654,0.3384615384615385,1.3458432326722376,68,-0.1281637671217613,0.3235294117647059,1.0936470836817542
2001,220010259,1,Virginia Tech,Florida State,1,68,-0.1281637671217613,0.3235294117647059,1.0936470836817542,65,0.04488375859519654,0.3384615384615385,1.3458432326722376
2001,220010356,1,Illinois,LSU,1,56,0.0006640692960107867,0.23214285714285715,1.4810064289109974,95,0.041549198875035435,0.4105263157894737,1.0704009716870173
2001,220010356,1,LSU,Illinois,1,95,0.041549198875035435,0.4105263157894737,1.0704009716870173,56,0.0006640692960107867,0.23214285714285715,1.4810064289109974
2001,220012483,1,Colorado,Oregon,1,53,-0.1653252784166101,0.33962264150943394,1.180426112584492,60,0.040557488637514925,0.38333333333333336,1.0159567367106637
2001,220012483,1,Oregon,Colorado,1,60,0.040557488637514925,0.38333333333333336,1.0159567367106637,53,-0.1653252784166101,0.33962264150943394,1.180426112584492
2001,220012579,1,Ohio State,South Carolina,1,70,-0.04653522557665434,0.35714285714285715,1.1933861062849287,73,-0.029528491226789643,0.2876712328767123,1.1308566922520924
2001,220012579,1,South Carolina,Ohio State,1,73,-0.029528491226789643,0.2876712328767123,1.1308566922520924,70,-0.04653522557665434,0.35714285714285715,1.1933861062849287
2001,220012633,1,Michigan,Tennessee,1,53,0.0017753827260114283,0.32075471698113206,1.286631532447287,61,0.12258333395718143,0.3442622950819672,1.5815737546058353
2001,220012633,1,Tennessee,Michigan,1,61,0.12258333395718143,0.3442622950819672,1.5815737546058353,53,0.0017753827260114283,0.32075471698113206,1.286631532447287
2001,220020057,1,Florida,Maryland,1,56,0.2890918551161371,0.5535714285714286,1.122124334855474,34,-0.22246254491620637,0.2647058823529412,1.0192287446289963
2001,220020057,1,Maryland,Florida,1,34,-0.22246254491620637,0.2647058823529412,1.0192287446289963,56,0.2890918551161371,0.5535714285714286,1.122124334855474
2001,220032390,1,Miami,Nebraska,1,46,-0.0605935438495253,0.3695652173913043,1.3778325402697997,38,-0.3934622496867009,0.23684210526315788,1.4133769900424775
2001,220032390,1,Nebraska,Miami,1,38,-0.3934622496867009,0.23684210526315788,1.4133769900424775,46,-0.0605935438495253,0.3695652173913043,1.3778325402697997
