season_year,game_id,week,team,opponent,garbage_time_excluded,off_plays,off_ppa,off_success_rate,off_explosiveness,def_plays,def_ppa,def_success_rate,def_explosiveness
2009,292460066,1,Iowa State,North Dakota State,1,69,0.12744963295624465,0.43478260869565216,1.0899762891485552,64,0.08428283151777144,0.359375,1.2568710851853637
2009,292460066,1,North Dakota State,Iowa State,1,64,0.08428283151777144,0.359375,1.2568710851853637,69,0.12744963295624465,0.43478260869565216,1.0899762891485552
2009,292460068,1,Boise State,Oregon,1,88,-0.03057523245172084,0.3977272727272727,0.8983270238472667,43,-0.27493383744538896,0.2558139534883721,0.739322394764632
2009,292460068,1,Oregon,Boise State,1,43,-0.27493383744538896,0.2558139534883721,0.739322394764632,88,-0.03057523245172084,0.3977272727272727,0.8983270238472667
2009,292460084,1,Eastern Kentucky,Indiana,1,58,0.1307100821720796,0.39655172413793105,1.124739680363273,67,0.15379052949171018,0.417910447761194,1.227345388686318
2009,292460084,1,Indiana,Eastern Kentucky,1,67,0.15379052949171018,0.417910447761194,1.227345388686318,58,0.1307100821720796,0.39655172413793105,1.124739680363273
2009,292460152,1,NC State,South Carolina,1,57,-0.132486993434193,0.2982456140350877,0.719375250203594,63,-0.051099518441753485,0.3968253968253968,0.8856742309523156
2009,292460152,1,South Carolina,NC State,1,63,-0.051099518441753485,0.3968253968253968,0.8856742309523156,57,-0.132486993434193,0.2982456140350877,0.719375250203594
2009,292460189,1,Bowling Green,Troy,1,74,0.06418746661333868,0.2972972972972973,1.4841996059123934,67,-0.14550443853926684,0.417910447761194,0.8078045300338226
2009,292460189,1,Troy,Bowling Green,1,67,-0.14550443853926684,0.417910447761194,0.8078045300338226,74,0.06418746661333868,0.2972972972972973,1.4841996059123934
2009,292460254,1,Utah,Utah State,1,78,0.12370343444524985,0.5512820512820513,0.76232476657241,60,-0.14614662536504403,0.3,1.1110345309649368
2009,292460254,1,Utah State,Utah,1,60,-0.14614662536504403,0.3,1.1110345309649368,78,0.12370343444524985,0.5512820512820513,0.76232476657241
2009,292462050,1,Ball State,North Texas,1,60,-0.060954107863227566,0.31666666666666665,0.9825579275852568,86,0.07727467002245182,0.5116279069767442,0.7946265742612367
2009,292462050,1,North Texas,Ball State,1,86,0.07727467002245182,0.5116279069767442,0.7946265742612367,60,-0.060954107863227566,0.31666666666666665,0.9825579275852568
2009,292462309,1,Coastal Carolina,Kent State,1,66,-0.23037921660822325,0.2878787878787879,0.7256694992628996,73,-0.06918314090350226,0.3972602739726027,0.8592230362567915
2009,292462309,1,Kent State,Coastal Carolina,1,73,-0.06918314090350226,0.3972602739726027,0.8592230362567915,66,-0.23037921660822325,0.2878787878787879,0.7256694992628996
2009,292472655,1,Tulane,Tulsa,1,62,0.035579482645913846,0.3870967741935484,1.002798242933556,61,0.11546136502355261,0.4098360655737705,0.9172716807172372
2009,292472655,1,Tulsa,Tulane,1,61,0.11546136502355261,0.4098360655737705,0.9172716807172372,62,0.035579482645913846,0.3870967741935484,1.002798242933556
2009,292480002,1,Auburn,Louisiana Tech,1,71,0.22157729804887327,0.5633802816901409,0.691330437834197,64,-0.08180001304915784,0.375,0.8951194725435526
2009,292480002,1,Louisiana Tech,Auburn,1,64,-0.08180001304915784,0.375,0.8951194725435526,71,0.22157729804887327,0.5633802816901409,0.691330437834197
2009,292480005,1,Rice,UAB,1,79,-0.00918628596715885,0.46835443037974683,0.6797966588111206,43,0.3369321827872234,0.46511627906976744,1.1886365402878445
2009,292480005,1,UAB,Rice,1,43,0.3369321827872234,0.46511627906976744,1.1886365402878445,79,-0.00918628596715885,0.46835443037974683,0.6797966588111206
2009,292480008,1,Arkansas,Missouri State,1,44,0.40831145413625813,0.5909090909090909,0.9978041967374293,40,-0.15644150843246393,0.3,1.1381384714432716
2009,292480008,1,Missouri State,Arkansas,1,40,-0.15644150843246393,0.3,1.1381384714432716,44,0.40831145413625813,0.5909090909090909,0.9978041967374293
2009,292480009,1,Arizona State,Idaho State,1,57,-0.003930875012845147,0.42105263157894735,0.5108226046261273,30,-0.2986575570179882,0.16666666666666666,0.3621077759489749
2009,292480009,1,Idaho State,Arizona State,1,30,-0.2986575570179882,0.16666666666666666,0.3621077759489749,57,-0.003930875012845147,0.42105263157894735,0.5108226046261273
2009,292480012,1,Arizona,Central Michigan,1,79,0.12723842681635197,0.46835443037974683,0.8674188462930758,50,-0.0839402982629192,0.34,0.7926097553033867
2009,292480012,1,Central Michigan,Arizona,1,50,-0.0839402982629192,0.34,0.7926097553033867,79,0.12723842681635197,0.46835443037974683,0.8674188462930758
2009,292480025,1,California,Maryland,1,32,0.19922884262775348,0.5625,0.8331365687345058,44,-0.00825183724780475,0.36363636363636365,0.9407444974332265
2009,292480025,1,Maryland,California,1,44,-0.00825183724780475,0.36363636363636365,0.9407444974332265,32,0.19922884262775348,0.5625,0.8331365687345058
2009,292480026,1,San Diego State,UCLA,1,62,-0.22243329615901197,0.3387096774193548,0.5117457798774345,69,0.08882250955560293,0.42028985507246375,1.0331830628983587
2009,292480026,1,UCLA,San Diego State,1,69,0.08882250955560293,0.42028985507246375,1.0331830628983587,62,-0.22243329615901197,0.3387096774193548,0.5117457798774345
2009,292480030,1,San José State,USC,1,38,-0.0023032872318965044,0.23684210526315788,1.4284285588664436,32,0.2518121036135081,0.46875,1.1065107736939683
2009,292480030,1,USC,San José State,1,32,0.2518121036135081,0.46875,1.1065107736939683,38,-0.0023032872318965044,0.23684210526315788,1.4284285588664436
2009,292480057,1,Charleston Southern,Florida,1,31,-0.0005650235715416826,0.3870967741935484,0.8142253669166989,20,0.7125644323632707,0.6,1.5037119398579484
2009,292480057,1,Florida,Charleston Southern,1,20,0.7125644323632707,0.6,1.5037119398579484,31,-0.0005650235715416826,0.3870967741935484,0.8142253669166989
2009,292480058,1,South Florida,Wofford,1,49,0.09755307783932989,0.5306122448979592,0.7002236872666233,48,0.06730572410495748,0.4375,0.9556817556472534
2009,292480058,1,Wofford,South Florida,1,48,0.06730572410495748,0.4375,0.9556817556472534,49,0.09755307783932989,0.5306122448979592,0.7002236872666233
2009,292480059,1,Georgia Tech,Jacksonville State,1,44,0.28601130097519045,0.4318181818181818,1.118033108001883,56,-0.07769948391128763,0.3392857142857143,0.7869994571297275
2009,292480059,1,Jacksonville State,Georgia Tech,1,56,-0.07769948391128763,0.3392857142857143,0.7869994571297275,44,0.28601130097519045,0.4318181818181818,1.118033108001883
2009,292480062,1,Central Arkansas,Hawai'i,1,47,-0.0441461313975183,0.3404255319148936,1.0687750127135085,47,0.1123624848750566,0.44680851063829785,1.1007412121255116
2009,292480062,1,Hawai'i,Central Arkansas,1,47,0.1123624848750566,0.44680851063829785,1.1007412121255116,47,-0.0441461313975183,0.3404255319148936,1.0687750127135085
2009,292480077,1,Northwestern,Towson,1,53,0.23366980086652536,0.4716981132075472,1.1134138383734773,37,-0.06714010742643092,0.2702702702702703,0.8512925593283381
2009,292480077,1,Towson,Northwestern,1,37,-0.06714010742643092,0.2702702702702703,0.8512925593283381,53,0.23366980086652536,0.4716981132075472,1.1134138383734773
2009,292480087,1,Nevada,Notre Dame,1,33,0.08661972109795432,0.42424242424242425,1.2795160054125498,33,0.3262782282072331,0.5454545454545454,0.9802775026511705
2009,292480087,1,Notre Dame,Nevada,1,33,0.3262782282072331,0.5454545454545454,0.9802775026511705,33,0.08661972109795432,0.42424242424242425,1.2795160054125498
2009,292480097,1,Indiana State,Louisville,1,52,-0.20238105903352957,0.19230769230769232,1.1875166713483392,62,0.0443911916569907,0.532258064516129,0.5374109323205729
2009,292480097,1,Louisville,Indiana State,1,62,0.0443911916569907,0.532258064516129,0.5374109323205729,52,-0.20238105903352957,0.19230769230769232,1.1875166713483392
2009,292480103,1,Boston College,Northeastern,1,28,0.18833491562609475,0.5714285714285714,0.7672999874309994,29,-0.18221538726591788,0.20689655172413793,0.6109961044951381
2009,292480103,1,Northeastern,Boston College,1,29,-0.18221538726591788,0.20689655172413793,0.6109961044951381,28,0.18833491562609475,0.5714285714285714,0.7672999874309994
2009,292480127,1,Michigan State,Montana State,1,8,-0.01410694857020489,0.25,2.057526775765813,12,-0.20245854190560503,0.25,0.716121807911437
2009,292480127,1,Montana State,Michigan State,1,12,-0.20245854190560503,0.25,0.716121807911437,8,-0.01410694857020489,0.25,2.057526775765813
2009,292480130,1,Michigan,Western Michigan,1,37,0.1615907324803441,0.5135135135135135,0.7826438756485653,35,-0.1719025308428859,0.3142857142857143,0.5347490559989667
2009,292480130,1,Western Michigan,Michigan,1,35,-0.1719025308428859,0.3142857142857143,0.5347490559989667,37,0.1615907324803441,0.5135135135135135,0.7826438756485653
2009,292480150,1,Duke,Richmond,1,93,0.0704657148661593,0.3225806451612903,1.4819037779916975,79,0.06886723877630034,0.5189873417721519,0.680966698608186
2009,292480150,1,Richmond,Duke,1,79,0.06886723877630034,0.5189873417721519,0.680966698608186,93,0.0704657148661593,0.3225806451612903,1.4819037779916975
2009,292480151,1,App State,East Carolina,1,72,-0.0025490045707945897,0.4166666666666667,0.7477409988332213,61,-0.0948262731488585,0.36065573770491804,0.6621129264453712
2009,292480151,1,East Carolina,App State,1,61,-0.0948262731488585,0.36065573770491804,0.6621129264453712,72,-0.0025490045707945897,0.4166666666666667,0.7477409988332213
2009,292480153,1,North Carolina,The Citadel,1,52,0.10506766579868906,0.5,0.7516741645999655,36,-0.29885825372959357,0.25,1.1799802423427148
2009,292480153,1,The Citadel,North Carolina,1,36,-0.29885825372959357,0.25,1.1799802423427148,52,0.10506766579868906,0.5,0.7516741645999655
2009,292480154,1,Baylor,Wake Forest,1,60,0.12564153580637685,0.4666666666666667,0.7478870422348417,63,0.050699151756095365,0.36507936507936506,0.8666841151415218
2009,292480154,1,Wake Forest,Baylor,1,63,0.050699151756095365,0.36507936507936506,0.8666841151415218,60,0.12564153580637685,0.4666666666666667,0.7478870422348417
2009,292480158,1,Florida Atlantic,Nebraska,1,40,-0.11639634373891174,0.35,0.8433844514286007,33,0.26307083786127,0.45454545454545453,1.1539596180478788
2009,292480158,1,Nebraska,Florida Atlantic,1,33,0.26307083786127,0.45454545454545453,1.1539596180478788,40,-0.11639634373891174,0.35,0.8433844514286007
2009,292480166,1,Idaho,New Mexico State,1,64,0.06903892570618439,0.375,1.0425747958497011,84,0.22219172151928437,0.4880952380952381,1.0544459300698195
2009,292480166,1,New Mexico State,Idaho,1,84,0.22219172151928437,0.4880952380952381,1.0544459300698195,64,0.06903892570618439,0.375,1.0425747958497011
2009,292480183,1,Minnesota,Syracuse,1,75,-0.04129710800961283,0.3466666666666667,0.8616993104652836,65,-0.08574089166658162,0.36923076923076925,0.761428723524916
2009,292480183,1,Syracuse,Minnesota,1,65,-0.08574089166658162,0.36923076923076925,0.761428723524916,75,-0.04129710800961283,0.3466666666666667,0.8616993104652836
2009,292480194,1,Navy,Ohio State,1,53,0.09242776411739911,0.4716981132075472,0.6086287672058696,64,0.012125209290711309,0.453125,0.6986351485692947
2009,292480194,1,Ohio State,Navy,1,64,0.012125209290711309,0.453125,0.6986351485692947,53,0.09242776411739911,0.4716981132075472,0.6086287672058696
2009,292480195,1,Ohio,UConn,1,56,-0.1579075329867793,0.32142857142857145,0.6515353203861013,70,0.03569061422873547,0.32857142857142857,1.107644582106061
2009,292480195,1,UConn,Ohio,1,70,0.03569061422873547,0.32857142857142857,1.107644582106061,56,-0.1579075329867793,0.32142857142857145,0.6515353203861013
2009,292480197,1,Georgia,Oklahoma State,1,60,0.028208227657713254,0.36666666666666664,0.8316278382590924,66,0.01415325632404109,0.3484848484848485,0.6714097019474689
2009,292480197,1,Oklahoma State,Georgia,1,66,0.01415325632404109,0.3484848484848485,0.6714097019474689,60,0.028208227657713254,0.36666666666666664,0.8316278382590924
2009,292480201,1,BYU,Oklahoma,1,67,0.1147053511131089,0.34328358208955223,1.2928514619942753,58,-0.022923816467728585,0.39655172413793105,0.5933730840463679
2009,292480201,1,Oklahoma,BYU,1,58,-0.022923816467728585,0.39655172413793105,0.5933730840463679,67,0.1147053511131089,0.34328358208955223,1.2928514619942753
2009,292480204,1,Oregon State,Portland State,1,28,0.1970647751161714,0.5714285714285714,0.7619121771317907,36,0.06042965423324616,0.3333333333333333,1.4818585341653134
2009,292480204,1,Portland State,Oregon State,1,36,0.06042965423324616,0.3333333333333333,1.4818585341653134,28,0.1970647751161714,0.5714285714285714,0.7619121771317907
2009,292480213,1,Akron,Penn State,1,28,-0.09238086603041287,0.14285714285714285,1.2265563417891014,46,0.10363216215092126,0.45652173913043476,0.9908507046646617
2009,292480213,1,Penn State,Akron,1,46,0.10363216215092126,0.45652173913043476,0.9908507046646617,28,-0.09238086603041287,0.14285714285714285,1.2265563417891014
2009,292480221,1,Pittsburgh,Youngstown State,1,41,0.1203684234403471,0.5365853658536586,0.7424850886812752,44,0.00715808776706618,0.3409090909090909,0.9975079295003743
2009,292480221,1,Youngstown State,Pittsburgh,1,44,0.00715808776706618,0.3409090909090909,0.9975079295003743,41,0.1203684234403471,0.5365853658536586,0.7424850886812752
2009,292480228,1,Clemson,Middle Tennessee,1,55,-0.24452011310675784,0.34545454545454546,0.4795408807767421,53,-0.15270218668574986,0.33962264150943394,0.8568752549958063
2009,292480228,1,Middle Tennessee,Clemson,1,53,-0.15270218668574986,0.33962264150943394,0.8568752549958063,55,-0.24452011310675784,0.34545454545454546,0.4795408807767421
2009,292480245,1,New Mexico,Texas A&M,1,52,-0.010410127277843417,0.36538461538461536,0.9349775594949616,69,0.26916269359714934,0.4782608695652174,0.9093951321079243
2009,292480245,1,Texas A&M,New Mexico,1,69,0.26916269359714934,0.4782608695652174,0.9093951321079243,52,-0.010410127277843417,0.36538461538461536,0.9349775594949616
2009,292480248,1,Houston,Northwestern State,1,27,0.39018827057746447,0.6296296296296297,1.0737721248907184,39,0.016039141196728852,0.3333333333333333,0.9336875553925805
2009,292480248,1,Northwestern State,Houston,1,39,0.016039141196728852,0.3333333333333333,0.9336875553925805,27,0.39018827057746447,0.6296296296296297,1.0737721248907184
2009,292480251,1,Texas,UL Monroe,1,52,0.14403509477042012,0.5,0.8267184427663451,32,-0.2705047707599103,0.34375,0.477305153639412
2009,292480251,1,UL Monroe,Texas,1,32,-0.2705047707599103,0.34375,0.477305153639412,52,0.14403509477042012,0.5,0.8267184427663451
2009,292480258,1,Virginia,William & Mary,1,80,-0.20819563435746552,0.3625,0.6532332947643388,97,-0.12156024630526867,0.24742268041237114,0.6807417771205747
2009,292480258,1,William & Mary,Virginia,1,97,-0.12156024630526867,0.24742268041237114,0.6807417771205747,80,-0.20819563435746552,0.3625,0.6532332947643388
2009,292480259,1,Alabama,Virginia Tech,1,80,0.12054844521775933,0.375,1.1843532122065024,50,-0.16117926947925149,0.32,0.5750164915410606
2009,292480259,1,Virginia Tech,Alabama,1,50,-0.16117926947925149,0.32,0.5750164915410606,80,0.12054844521775933,0.375,1.1843532122065024
2009,292480264,1,LSU,Washington,1,44,0.16670839175539826,0.4318181818181818,0.8369755949829205,86,0.14764677524821382,0.37209302325581395,1.193562739572282
2009,292480264,1,Washington,LSU,1,86,0.14764677524821382,0.37209302325581395,1.193562739572282,44,0.16670839175539826,0.4318181818181818,0.8369755949829205
2009,292480265,1,Stanford,Washington State,1,56,0.08758783436198245,0.4107142857142857,1.157931839891229,62,0.10950227181933199,0.4032258064516129,1.0455058197474154
2009,292480265,1,Washington State,Stanford,1,62,0.10950227181933199,0.4032258064516129,1.0455058197474154,56,0.08758783436198245,0.4107142857142857,1.157931839891229
2009,292480275,1,Northern Illinois,Wisconsin,1,61,-0.028339134999415462,0.39344262295081966,0.8910101171798073,60,0.1723263121150915,0.45,1.067868591788511
2009,292480275,1,Wisconsin,Northern Illinois,1,60,0.1723263121150915,0.45,1.067868591788511,61,-0.028339134999415462,0.39344262295081966,0.8910101171798073
2009,292480276,1,Marshall,Southern Illinois,1,70,-0.04167882053032398,0.37142857142857144,1.000185053774785,62,0.0744858485277216,0.5161290322580645,0.5590755783817293
2009,292480276,1,Southern Illinois,Marshall,1,62,0.0744858485277216,0.5161290322580645,0.5590755783817293,70,-0.04167882053032398,0.37142857142857144,1.000185053774785
2009,292480277,1,Liberty,West Virginia,1,59,-0.007742683092403635,0.288135593220339,1.2620315247840121,61,0.19430014425500208,0.5245901639344263,0.9269171933150285
2009,292480277,1,West Virginia,Liberty,1,61,0.19430014425500208,0.5245901639344263,0.9269171933150285,59,-0.007742683092403635,0.288135593220339,1.2620315247840121
2009,292480278,1,Fresno State,UC Davis,1,26,0.2983033323570593,0.46153846153846156,1.104431135593722,40,-0.23534672285499697,0.275,0.810473756496174
2009,292480278,1,UC Davis,Fresno State,1,40,-0.23534672285499697,0.275,0.810473756496174,26,0.2983033323570593,0.46153846153846156,1.104431135593722
2009,292480309,1,Louisiana,Southern,1,46,0.2576334476711015,0.5217391304347826,0.9136080967868028,49,-0.056358228344688004,0.4489795918367347,1.0853920643411838
2009,292480309,1,Southern,Louisiana,1,49,-0.056358228344688004,0.4489795918367347,1.0853920643411838,46,0.2576334476711015,0.5217391304347826,0.9136080967868028
2009,292480344,1,Jackson State,Mississippi State,1,40,-0.2557470323293056,0.125,2.093265171503533,56,0.1659371127611185,0.39285714285714285,1.0720901001755325
2009,292480344,1,Mississippi State,Jackson State,1,56,0.1659371127611185,0.39285714285714285,1.0720901001755325,40,-0.2557470323293056,0.125,2.093265171503533
2009,292480356,1,Illinois,Missouri,1,57,0.0628657852082878,0.47368421052631576,0.7295516325704107,66,0.24742993893247933,0.4393939393939394,1.2743933581589806
2009,292480356,1,Missouri,Illinois,1,66,0.24742993893247933,0.4393939393939394,1.2743933581589806,57,0.0628657852082878,0.47368421052631576,0.7295516325704107
2009,292482005,1,Air Force,Nicholls,1,28,0.2816365901857732,0.5357142857142857,0.7756349991197786,25,-0.1679309781403447,0.12,1.037234881394342
2009,292482005,1,Nicholls,Air Force,1,25,-0.1679309781403447,0.12,1.037234881394342,28,0.2816365901857732,0.5357142857142857,0.7756349991197786
2009,292482032,1,Arkansas State,Mississippi Valley State,1,25,0.16311516433419304,0.56,0.6217801746233066,20,-0.34786299384481345,0.1,1.2069853642784332
2009,292482032,1,Mississippi Valley State,Arkansas State,1,20,-0.34786299384481345,0.1,1.2069853642784332,25,0.16311516433419304,0.56,0.6217801746233066
2009,292482116,1,Samford,UCF,1,64,-0.07651071040641652,0.328125,0.7799890810938626,62,-0.015203948639922683,0.3870967741935484,0.8201697693298117
2009,292482116,1,UCF,Samford,1,62,-0.015203948639922683,0.3870967741935484,0.8201697693298117,64,-0.07651071040641652,0.328125,0.7799890810938626
2009,292482199,1,Army,Eastern Michigan,1,49,0.07454687549399337,0.30612244897959184,1.0719293916219137,57,-0.009290092770652573,0.3157894736842105,1.04901988563282
2009,292482199,1,Eastern Michigan,Army,1,57,-0.009290092770652573,0.3157894736842105,1.04901988563282,49,0.07454687549399337,0.30612244897959184,1.0719293916219137
2009,292482294,1,Iowa,Northern Iowa,1,65,0.014448466908871228,0.4153846153846154,0.9986349094891586,72,0.11481652016387703,0.4166666666666667,0.9136386758268722
2009,292482294,1,Northern Iowa,Iowa,1,72,0.11481652016387703,0.4166666666666667,0.9136386758268722,65,0.014448466908871228,0.4153846153846154,0.9986349094891586
2009,292482305,1,Kansas,Northern Colorado,1,50,0.24071319000933755,0.48,1.033544020803755,41,0.19352601314202544,0.34146341463414637,1.246701449100502
2009,292482305,1,Northern Colorado,Kansas,1,41,0.19352601314202544,0.34146341463414637,1.246701449100502,50,0.24071319000933755,0.48,1.033544020803755
2009,292482306,1,Kansas State,Massachusetts,1,72,0.0055878997181808285,0.3472222222222222,1.00015296954834,60,-0.13359727195673854,0.31666666666666665,0.9586943436569906
2009,292482306,1,Massachusetts,Kansas State,1,60,-0.13359727195673854,0.31666666666666665,0.9586943436569906,72,0.0055878997181808285,0.3472222222222222,1.00015296954834
2009,292482439,1,Sacramento State,UNLV,1,50,0.008413639883353292,0.42,0.8374914335395762,49,0.3167760908687684,0.673469387755102,0.7820076104428247
2009,292482439,1,UNLV,Sacramento State,1,49,0.3167760908687684,0.673469387755102,0.7820076104428247,50,0.008413639883353292,0.42,0.8374914335395762
2009,292482509,1,Purdue,Toledo,1,63,-0.03813498920819514,0.36507936507936506,1.1860186182885633,77,-0.0003568562450883896,0.37662337662337664,1.0794743124854163
2009,292482509,1,Toledo,Purdue,1,77,-0.0003568562450883896,0.37662337662337664,1.0794743124854163,63,-0.03813498920819514,0.36507936507936506,1.1860186182885633
2009,292482567,1,SMU,Stephen F. Austin,1,70,-0.08777811146055642,0.32857142857142857,0.8099091490342889,81,0.0030143875934375173,0.43209876543209874,1.1201864181411498
2009,292482567,1,Stephen F. Austin,SMU,1,81,0.0030143875934375173,0.43209876543209874,1.1201864181411498,70,-0.08777811146055642,0.32857142857142857,0.8099091490342889
2009,292482572,1,Alcorn State,Southern Miss,1,37,-0.10302946140400332,0.2972972972972973,0.7449813258760989,40,0.2023601788833736,0.625,0.6149753803816349
2009,292482572,1,Southern Miss,Alcorn State,1,40,0.2023601788833736,0.625,0.6149753803816349,37,-0.10302946140400332,0.2972972972972973,0.7449813258760989
2009,292482633,1,Tennessee,Western Kentucky,1,51,0.29263834916514303,0.6470588235294118,0.869058266062444,31,-0.3831688254582089,0.0967741935483871,0.6575649815184528
2009,292482633,1,Western Kentucky,Tennessee,1,31,-0.3831688254582089,0.0967741935483871,0.6575649815184528,51,0.29263834916514303,0.6470588235294118,0.869058266062444
2009,292482638,1,Buffalo,UTEP,1,58,0.12626943016351364,0.4827586206896552,0.7198399019379061,74,0.03793953042279815,0.5135135135135135,0.6798010612563581
2009,292482638,1,UTEP,Buffalo,1,74,0.03793953042279815,0.5135135135135135,0.6798010612563581,58,0.12626943016351364,0.4827586206896552,0.7198399019379061
2009,292482641,1,North Dakota,Texas Tech,1,55,0.028212126243388147,0.3090909090909091,1.1702574808975075,68,-0.13237442066777974,0.4117647058823529,0.5540608403905426
2009,292482641,1,Texas Tech,North Dakota,1,68,-0.13237442066777974,0.4117647058823529,0.5540608403905426,55,0.028212126243388147,0.3090909090909091,1.1702574808975075
2009,292482751,1,Weber State,Wyoming,1,69,0.04617425776539611,0.2898550724637681,1.5051968828124502,80,-0.017242945383105543,0.4,0.7862295400326149
2009,292482751,1,Wyoming,Weber State,1,80,-0.017242945383105543,0.4,0.7862295400326149,69,0.04617425776539611,0.2898550724637681,1.5051968828124502
2009,292490038,1,Colorado,Colorado State,1,63,0.006946247980360983,0.3492063492063492,1.115286753980806,61,-0.05482295111596187,0.3442622950819672,0.731110405847043
2009,292490038,1,Colorado State,Colorado,1,61,-0.05482295111596187,0.3442622950819672,0.731110405847043,63,0.006946247980360983,0.3492063492063492,1.115286753980806
2009,292490235,1,Memphis,Ole Miss,1,66,-0.025414999832254148,0.3787878787878788,0.7952815942568655,52,-0.04499585352323619,0.4807692307692308,0.6336339933516094
2009,292490235,1,Ole Miss,Memphis,1,52,-0.04499585352323619,0.4807692307692308,0.6336339933516094,66,-0.025414999832254148,0.3787878787878788,0.7952815942568655
2009,292500052,1,Florida State,Miami,1,70,0.06903572787255217,0.38571428571428573,1.1569661339851895,60,0.19188527987292722,0.48333333333333334,1.1119814194466704
2009,292500052,1,Miami,Florida State,1,60,0.19188527987292722,0.48333333333333334,1.1119814194466704,70,0.06903572787255217,0.38571428571428573,1.1569661339851895
2009,292500164,1,Cincinnati,Rutgers,1,44,0.39115876122138005,0.75,0.7424307434822645,43,-0.011297607441574044,0.3953488372093023,1.034708731720657
2009,292500164,1,Rutgers,Cincinnati,1,43,-0.011297607441574044,0.3953488372093023,1.034708731720657,44,0.39115876122138005,0.75,0.7424307434822645
2009,292530059,2,Clemson,Georgia Tech,1,68,-0.09807781982989691,0.23529411764705882,1.1643212399447378,65,-0.07676513835994901,0.2923076923076923,0.9147496897820582
2009,292530059,2,Georgia Tech,Clemson,1,65,-0.07676513835994901,0.2923076923076923,0.9147496897820582,68,-0.09807781982989691,0.23529411764705882,1.1643212399447378
2009,292542649,2,Colorado,Toledo,1,57,0.12014658893811575,0.42105263157894735,1.1319654187496315,45,0.27250542957156243,0.4222222222222222,1.2614886018904257
2009,292542649,2,Toledo,Colorado,1,45,0.27250542957156243,0.4222222222222222,1.2614886018904257,57,0.12014658893811575,0.42105263157894735,1.1319654187496315
2009,292550002,2,Auburn,Mississippi State,1,66,0.2984096921373757,0.5151515151515151,1.2061668786091209,53,-0.01767915937664155,0.32075471698113206,0.8629078334303416
2009,292550002,2,Mississippi State,Auburn,1,53,-0.01767915937664155,0.32075471698113206,0.8629078334303416,66,0.2984096921373757,0.5151515151515151,1.2061668786091209
2009,292550005,2,SMU,UAB,1,73,-0.11249246930409985,0.3835616438356164,0.8206707665895846,67,-0.03609858344980129,0.373134328358209,0.9966776236645507
2009,292550005,2,UAB,SMU,1,67,-0.03609858344980129,0.373134328358209,0.9966776236645507,73,-0.11249246930409985,0.3835616438356164,0.8206707665895846
2009,292550012,2,Arizona,Northern Arizona,1,65,0.33943438277721844,0.5384615384615384,1.0667950076279138,41,-0.094590455313412,0.4146341463414634,0.9697795319616432
2009,292550012,2,Northern Arizona,Arizona,1,41,-0.094590455313412,0.4146341463414634,0.9697795319616432,65,0.33943438277721844,0.5384615384615384,1.0667950076279138
2009,292550021,2,San Diego State,Southern Utah,1,58,0.2573250037933775,0.41379310344827586,1.1609484328670063,48,-0.10216208002944448,0.3541666666666667,1.2851008349051751
2009,292550021,2,Southern Utah,San Diego State,1,48,-0.10216208002944448,0.3541666666666667,1.2851008349051751,58,0.2573250037933775,0.41379310344827586,1.1609484328670063
2009,292550023,2,San José State,Utah,1,54,-0.06660237692067614,0.3148148148148148,1.0182692023579893,71,0.12436254040436484,0.4507042253521127,1.1083559444311664
2009,292550023,2,Utah,San José State,1,71,0.12436254040436484,0.4507042253521127,1.1083559444311664,54,-0.06660237692067614,0.3148148148148148,1.0182692023579893
2009,292550025,2,California,Eastern Washington,1,36,0.20772484969932153,0.6111111111111112,0.6881667366051007,45,0.08408117265737572,0.35555555555555557,1.1099725624229198
2009,292550025,2,Eastern Washington,California,1,45,0.08408117265737572,0.35555555555555557,1.1099725624229198,36,0.20772484969932153,0.6111111111111112,0.6881667366051007
2009,292550036,2,Colorado State,Weber State,1,46,0.07316978329141152,0.391304347826087,1.0583263077403855,82,-0.001818781664299255,0.32926829268292684,0.99422401496481
2009,292550036,2,Weber State,Colorado State,1,82,-0.001818781664299255,0.32926829268292684,0.99422401496481,46,0.07316978329141152,0.391304347826087,1.0583263077403855
2009,292550041,2,North Carolina,UConn,1,70,-0.037596593670868005,0.35714285714285715,0.7871588396276082,62,-0.1330288558762914,0.41935483870967744,0.6810897282971988
2009,292550041,2,UConn,North Carolina,1,62,-0.1330288558762914,0.41935483870967744,0.6810897282971988,70,-0.037596593670868005,0.35714285714285715,0.7871588396276082
2009,292550052,2,Florida State,Jacksonville State,1,59,0.08199645221466623,0.3389830508474576,1.6052471148991725,68,-0.0009063534786044301,0.3088235294117647,1.3781973266065255
2009,292550052,2,Jacksonville State,Florida State,1,68,-0.0009063534786044301,0.3088235294117647,1.3781973266065255,59,0.08199645221466623,0.3389830508474576,1.6052471148991725
2009,292550057,2,Florida,Troy,1,39,0.24214225896291913,0.5384615384615384,1.089925804522807,36,-0.2831022283809044,0.25,0.6261140429275567
2009,292550057,2,Troy,Florida,1,36,-0.2831022283809044,0.25,0.6261140429275567,39,0.24214225896291913,0.5384615384615384,1.089925804522807
2009,292550061,2,Georgia,South Carolina,1,51,0.12406332832293047,0.39215686274509803,0.8321619280746163,85,0.09026960188285353,0.4235294117647059,0.8122814186406201
2009,292550061,2,South Carolina,Georgia,1,85,0.09026960188285353,0.4235294117647059,0.8122814186406201,51,0.12406332832293047,0.39215686274509803,0.8321619280746163
2009,292550066,2,Iowa,Iowa State,1,49,0.008388715132698591,0.4489795918367347,0.7465434054187338,50,-2.510618820098248e-05,0.46,0.6121270080170366
2009,292550066,2,Iowa State,Iowa,1,50,-2.510618820098248e-05,0.46,0.6121270080170366,49,0.008388715132698591,0.4489795918367347,0.7465434054187338
2009,292550068,2,Boise State,Miami (OH),1,40,0.15530562676045506,0.45,0.9236540651598939,49,-0.14014869392674223,0.2857142857142857,1.3350290381890009
2009,292550068,2,Miami (OH),Boise State,1,49,-0.14014869392674223,0.2857142857142857,1.3350290381890009,40,0.15530562676045506,0.45,0.9236540651598939
2009,292550077,2,Eastern Michigan,Northwestern,1,58,0.01965769503727442,0.4827586206896552,0.5252613363230721,72,0.12397515372892434,0.5138888888888888,0.7290770132494273
2009,292550077,2,Northwestern,Eastern Michigan,1,72,0.12397515372892434,0.5138888888888888,0.7290770132494273,58,0.01965769503727442,0.4827586206896552,0.5252613363230721
2009,292550084,2,Indiana,Western Michigan,1,63,0.14301346723907077,0.49206349206349204,0.6927675630747974,71,-0.025160193127086346,0.3380281690140845,0.9494025358628724
2009,292550084,2,Western Michigan,Indiana,1,71,-0.025160193127086346,0.3380281690140845,0.9494025358628724,63,0.14301346723907077,0.49206349206349204,0.6927675630747974
2009,292550098,2,South Florida,Western Kentucky,1,58,0.19098080610885954,0.5172413793103449,0.8177709391106617,64,-0.08113943268891413,0.34375,1.0990190224310272
2009,292550098,2,Western Kentucky,South Florida,1,64,-0.08113943268891413,0.34375,1.0990190224310272,58,0.19098080610885954,0.5172413793103449,0.8177709391106617
2009,292550099,2,LSU,Vanderbilt,1,74,0.10366534620774168,0.47297297297297297,0.6653245408968615,63,-0.13069493578197267,0.30158730158730157,1.0766207161305659
2009,292550099,2,Vanderbilt,LSU,1,63,-0.13069493578197267,0.30158730158730157,1.0766207161305659,74,0.10366534620774168,0.47297297297297297,0.6653245408968615
2009,292550103,2,Boston College,Kent State,1,42,-0.03050990674397467,0.30952380952380953,1.1419249932364537,34,-0.19805536796154552,0.23529411764705882,0.6111280941327927
2009,292550103,2,Kent State,Boston College,1,34,-0.19805536796154552,0.23529411764705882,0.6111280941327927,42,-0.03050990674397467,0.30952380952380953,1.1419249932364537
2009,292550120,2,James Madison,Maryland,1,59,-0.03874792777374528,0.23728813559322035,1.7156527581354304,66,0.0894948905657915,0.4696969696969697,0.8559551456243546
2009,292550120,2,Maryland,James Madison,1,66,0.0894948905657915,0.4696969696969697,0.8559551456243546,59,-0.03874792777374528,0.23728813559322035,1.7156527581354304
2009,292550127,2,Central Michigan,Michigan State,1,76,0.1277244025418857,0.4868421052631579,0.7769255719303051,55,0.07265866405056966,0.4727272727272727,0.8536440674614795
2009,292550127,2,Michigan State,Central Michigan,1,55,0.07265866405056966,0.4727272727272727,0.8536440674614795,76,0.1277244025418857,0.4868421052631579,0.7769255719303051
2009,292550130,2,Michigan,Notre Dame,1,68,0.16597001952759918,0.4411764705882353,1.1096494372771408,70,0.2395419182245568,0.5,0.9395160486734031
2009,292550130,2,Notre Dame,Michigan,1,70,0.2395419182245568,0.5,0.9395160486734031,68,0.16597001952759918,0.4411764705882353,1.1096494372771408
2009,292550135,2,Air Force,Minnesota,1,84,0.04022115242853126,0.4523809523809524,0.7429564295803724,54,0.18017789526278943,0.46296296296296297,0.9657781143664975
2009,292550135,2,Minnesota,Air Force,1,54,0.18017789526278943,0.46296296296296297,0.9657781143664975,84,0.04022115242853126,0.4523809523809524,0.7429564295803724
2009,292550142,2,Bowling Green,Missouri,1,78,0.011010356652006404,0.38461538461538464,0.7973492594330828,75,0.06722441989383089,0.44,0.856129785916615
2009,292550142,2,Missouri,Bowling Green,1,75,0.06722441989383089,0.44,0.856129785916615,78,0.011010356652006404,0.38461538461538464,0.7973492594330828
2009,292550152,2,Murray State,NC State,1,20,-0.3154950822871608,0.1,0.7859224533173926,38,0.14782920896554658,0.5526315789473685,0.8038803190214884
2009,292550152,2,NC State,Murray State,1,38,0.14782920896554658,0.5526315789473685,0.8038803190214884,20,-0.3154950822871608,0.1,0.7859224533173926
2009,292550154,2,Stanford,Wake Forest,1,59,0.20964563187575963,0.5084745762711864,0.9971544646900798,70,0.22938720174487937,0.5,0.9361066706240405
2009,292550154,2,Wake Forest,Stanford,1,70,0.22938720174487937,0.5,0.9361066706240405,59,0.20964563187575963,0.5084745762711864,0.9971544646900798
2009,292550158,2,Arkansas State,Nebraska,1,42,0.10088041378937135,0.42857142857142855,0.9941991293736487,54,0.41552154862623425,0.5925925925925926,1.048856902442902
2009,292550158,2,Nebraska,Arkansas State,1,54,0.41552154862623425,0.5925925925925926,1.048856902442902,42,0.10088041378937135,0.42857142857142855,0.9941991293736487
2009,292550164,2,Howard,Rutgers,1,33,-0.008868223826068774,0.36363636363636365,0.9101708729760903,26,0.2547017782527639,0.4230769230769231,1.1136557858216654
2009,292550164,2,Rutgers,Howard,1,26,0.2547017782527639,0.4230769230769231,1.1136557858216654,33,-0.008868223826068774,0.36363636363636365,0.9101708729760903
2009,292550166,2,New Mexico State,Prairie View A&M,1,89,0.01222239761200016,0.3258426966292135,1.1646900185211577,62,0.017173785699037793,0.3225806451612903,1.1721595560806193
2009,292550166,2,Prairie View A&M,New Mexico State,1,62,0.017173785699037793,0.3225806451612903,1.1721595560806193,89,0.01222239761200016,0.3258426966292135,1.1646900185211577
2009,292550167,2,New Mexico,Tulsa,1,43,-0.06862697154839069,0.2558139534883721,1.4506175140595843,69,0.1285787218407722,0.43478260869565216,0.8990049709215243
2009,292550167,2,Tulsa,New Mexico,1,69,0.1285787218407722,0.43478260869565216,0.8990049709215243,43,-0.06862697154839069,0.2558139534883721,1.4506175140595843
2009,292550194,2,Ohio State,USC,1,57,-0.1136551107226044,0.3333333333333333,0.8071390931092177,71,0.0657152805551191,0.36619718309859156,1.0733720384713517
2009,292550194,2,USC,Ohio State,1,71,0.0657152805551191,0.36619718309859156,1.0733720384713517,57,-0.1136551107226044,0.3333333333333333,0.8071390931092177
2009,292550197,2,Houston,Oklahoma State,1,79,0.10099619010372651,0.5443037974683544,0.7351769708721622,68,0.15080314999366862,0.4411764705882353,1.1214597414649732
2009,292550197,2,Oklahoma State,Houston,1,68,0.15080314999366862,0.4411764705882353,1.1214597414649732,79,0.10099619010372651,0.5443037974683544,0.7351769708721622
2009,292550201,2,Idaho State,Oklahoma,1,25,-0.34495364993920424,0.08,1.1134288007900448,37,0.10193753723248869,0.5405405405405406,0.9060111766212042
2009,292550201,2,Oklahoma,Idaho State,1,37,0.10193753723248869,0.5405405405405406,0.9060111766212042,25,-0.34495364993920424,0.08,1.1134288007900448
2009,292550213,2,Penn State,Syracuse,1,61,-0.03506894547998864,0.45901639344262296,0.6475896186988747,47,-0.10056350861651028,0.3191489361702128,0.8889208008506779
2009,292550213,2,Syracuse,Penn State,1,47,-0.10056350861651028,0.3191489361702128,0.8889208008506779,61,-0.03506894547998864,0.45901639344262296,0.6475896186988747
2009,292550258,2,TCU,Virginia,1,58,0.0062034491587025144,0.46551724137931033,0.5662634216174229,43,-0.19538345481160602,0.2558139534883721,0.7341843411616586
2009,292550258,2,Virginia,TCU,1,43,-0.19538345481160602,0.2558139534883721,0.7341843411616586,58,0.0062034491587025144,0.46551724137931033,0.5662634216174229
2009,292550259,2,Marshall,Virginia Tech,1,35,-0.11856961847949629,0.2857142857142857,0.5739688624212378,44,0.25013111115485853,0.4772727272727273,1.1613973535669795
2009,292550259,2,Virginia Tech,Marshall,1,44,0.25013111115485853,0.4772727272727273,1.1613973535669795,35,-0.11856961847949629,0.2857142857142857,0.5739688624212378
2009,292550264,2,Idaho,Washington,1,53,0.20446566622790044,0.49056603773584906,0.7954174317594881,47,0.3219659714506972,0.48936170212765956,1.3807518530533498
2009,292550264,2,Washington,Idaho,1,47,0.3219659714506972,0.48936170212765956,1.3807518530533498,53,0.20446566622790044,0.49056603773584906,0.7954174317594881
2009,292550265,2,Hawai'i,Washington State,1,59,0.24278180522630016,0.4915254237288136,1.032759043077017,65,0.06537935836329668,0.46153846153846156,0.8762325393871304
2009,292550265,2,Washington State,Hawai'i,1,65,0.06537935836329668,0.46153846153846156,0.8762325393871304,59,0.24278180522630016,0.4915254237288136,1.032759043077017
2009,292550275,2,Fresno State,Wisconsin,1,74,-0.024588381123814014,0.35135135135135137,1.1351424658145144,65,0.049451894210103695,0.35384615384615387,0.9355802580418583
2009,292550275,2,Wisconsin,Fresno State,1,65,0.049451894210103695,0.35384615384615387,0.9355802580418583,74,-0.024588381123814014,0.35135135135135137,1.1351424658145144
2009,292550277,2,East Carolina,West Virginia,1,66,-0.027289918623760862,0.3333333333333333,0.9298697561878734,63,0.21980434145646482,0.4603174603174603,1.011989363398896
2009,292550277,2,West Virginia,East Carolina,1,63,0.21980434145646482,0.4603174603174603,1.011989363398896,66,-0.027289918623760862,0.3333333333333333,0.9298697561878734
2009,292550309,2,Kansas State,Louisiana,1,75,-0.04874551633882106,0.3333333333333333,1.0469432778821688,63,0.04039104906849463,0.3968253968253968,0.9671952714762041
2009,292550309,2,Louisiana,Kansas State,1,63,0.04039104906849463,0.3968253968253968,0.9671952714762041,75,-0.04874551633882106,0.3333333333333333,1.0469432778821688
2009,292550333,2,Alabama,Florida International,1,55,0.27051943416791613,0.5636363636363636,0.7710078692330262,53,-0.1157289908450301,0.2830188679245283,1.3775350404389415
2009,292550333,2,Florida International,Alabama,1,53,-0.1157289908450301,0.2830188679245283,1.3775350404389415,55,0.27051943416791613,0.5636363636363636,0.7710078692330262
2009,292550349,2,Army,Duke,1,85,0.028391918577992514,0.4,0.7888074397683417,56,-0.2277504952005797,0.26785714285714285,0.9049900717189214
2009,292550349,2,Duke,Army,1,56,-0.2277504952005797,0.26785714285714285,0.9049900717189214,85,0.028391918577992514,0.4,0.7888074397683417
2009,292550356,2,Illinois,Illinois State,1,50,0.10919570285997376,0.52,0.8624080115643207,42,-0.08864169050718812,0.2857142857142857,0.9768602125509555
2009,292550356,2,Illinois State,Illinois,1,42,-0.08864169050718812,0.2857142857142857,0.9768602125509555,50,0.10919570285997376,0.52,0.8624080115643207
2009,292552006,2,Akron,Morgan State,1,53,0.11807968806897436,0.5094339622641509,0.6884831021645557,29,-0.027929756226682992,0.1724137931034483,1.013689215160172
2009,292552006,2,Morgan State,Akron,1,29,-0.027929756226682992,0.1724137931034483,1.013689215160172,53,0.11807968806897436,0.5094339622641509,0.6884831021645557
2009,292552050,2,Ball State,New Hampshire,1,62,-0.18180193735261774,0.24193548387096775,0.9471600660048538,70,-0.012204484049747971,0.2714285714285714,1.4103842359471688
2009,292552050,2,New Hampshire,Ball State,1,70,-0.012204484049747971,0.2714285714285714,1.4103842359471688,62,-0.18180193735261774,0.24193548387096775,0.9471600660048538
2009,292552084,2,Buffalo,Pittsburgh,1,57,-0.059465810404149805,0.38596491228070173,1.0931171989678663,51,-0.08371984538976632,0.45098039215686275,0.6266351864089367
2009,292552084,2,Pittsburgh,Buffalo,1,51,-0.08371984538976632,0.45098039215686275,0.6266351864089367,57,-0.059465810404149805,0.38596491228070173,1.0931171989678663
2009,292552132,2,Cincinnati,Southeast Missouri State,1,31,0.3814081078539091,0.6774193548387096,0.8912436311321599,30,-0.018963263887904612,0.26666666666666666,1.1190853219973766
2009,292552132,2,Southeast Missouri State,Cincinnati,1,30,-0.018963263887904612,0.26666666666666666,1.1190853219973766,31,0.3814081078539091,0.6774193548387096,0.8912436311321599
2009,292552393,2,Memphis,Middle Tennessee,1,47,-0.1330357422255942,0.2553191489361702,1.0123138673725862,59,0.11611567157335152,0.3728813559322034,0.9416104806539529
2009,292552393,2,Middle Tennessee,Memphis,1,59,0.11611567157335152,0.3728813559322034,0.9416104806539529,47,-0.1330357422255942,0.2553191489361702,1.0123138673725862
2009,292552426,2,Louisiana Tech,Navy,1,45,-0.0035633293131736043,0.3111111111111111,1.29926605687769,74,0.09466264759977101,0.4864864864864865,0.7769971590865661
2009,292552426,2,Navy,Louisiana Tech,1,74,0.09466264759977101,0.4864864864864865,0.7769971590865661,45,-0.0035633293131736043,0.3111111111111111,1.29926605687769
2009,292552433,2,Texas Southern,UL Monroe,1,23,-0.448884555403663,0.13043478260869565,0.3437685751245697,33,0.5118306830243156,0.5757575757575758,1.2865350870691428
2009,292552433,2,UL Monroe,Texas Southern,1,33,0.5118306830243156,0.5757575757575758,1.2865350870691428,23,-0.448884555403663,0.13043478260869565,0.3437685751245697
2009,292552439,2,Oregon State,UNLV,1,64,0.1942617348912721,0.46875,0.9604437862964837,57,0.10730455646820762,0.47368421052631576,0.9226825030292168
2009,292552439,2,UNLV,Oregon State,1,57,0.10730455646820762,0.47368421052631576,0.9226825030292168,64,0.1942617348912721,0.46875,0.9604437862964837
2009,292552459,2,Northern Illinois,Western Illinois,1,39,0.14609797876898156,0.46153846153846156,0.8131508683552551,46,-0.04954709036173048,0.43478260869565216,0.9063500465367111
2009,292552459,2,Western Illinois,Northern Illinois,1,46,-0.04954709036173048,0.43478260869565216,0.9063500465367111,39,0.14609797876898156,0.46153846153846156,0.8131508683552551
2009,292552483,2,Oregon,Purdue,1,59,0.004325181897520234,0.423728813559322,0.9585339228405363,82,0.06817124751889145,0.3780487804878049,0.9049154937145433
2009,292552483,2,Purdue,Oregon,1,82,0.06817124751889145,0.3780487804878049,0.9049154937145433,59,0.004325181897520234,0.423728813559322,0.9585339228405363
2009,292552572,2,Southern Miss,UCF,1,72,0.08347251335809397,0.4166666666666667,1.0652534499510287,59,-0.0033955016394350756,0.288135593220339,1.1417123209245323
2009,292552572,2,UCF,Southern Miss,1,59,-0.0033955016394350756,0.288135593220339,1.1417123209245323,72,0.08347251335809397,0.4166666666666667,1.0652534499510287
2009,292552633,2,Tennessee,UCLA,1,72,-0.17186266852635942,0.3194444444444444,0.6527086708062225,61,-0.14223157185528307,0.26229508196721313,0.769018084926916
2009,292552633,2,UCLA,Tennessee,1,61,-0.14223157185528307,0.26229508196721313,0.769018084926916,72,-0.17186266852635942,0.3194444444444444,0.6527086708062225
2009,292552638,2,Kansas,UTEP,1,59,0.10746103313713658,0.4745762711864407,0.783602523780962,38,-0.060867070400232974,0.2631578947368421,0.8818985102603094
2009,292552638,2,UTEP,Kansas,1,38,-0.060867070400232974,0.2631578947368421,0.8818985102603094,59,0.10746103313713658,0.4745762711864407,0.783602523780962
2009,292552641,2,Rice,Texas Tech,1,47,-0.010616182002723452,0.3829787234042553,1.1038645772656317,53,0.17946296283588511,0.41509433962264153,1.2822228592882217
2009,292552641,2,Texas Tech,Rice,1,53,0.17946296283588511,0.41509433962264153,1.2822228592882217,47,-0.010616182002723452,0.3829787234042553,1.1038645772656317
2009,292552655,2,BYU,Tulane,1,54,0.2756783849259104,0.7037037037037037,0.6272767038800713,36,-0.002465969147877817,0.4166666666666667,0.6562078334208313
2009,292552655,2,Tulane,BYU,1,36,-0.002465969147877817,0.4166666666666667,0.6562078334208313,54,0.2756783849259104,0.7037037037037037,0.6272767038800713
2009,292552751,2,Texas,Wyoming,1,69,0.05252483865732614,0.391304347826087,0.8798394409594009,62,-0.1500548944922629,0.3870967741935484,0.7227996973709676
2009,292552751,2,Wyoming,Texas,1,62,-0.1500548944922629,0.3870967741935484,0.7227996973709676,69,0.05252483865732614,0.391304347826087,0.8798394409594009
2009,292602390,3,Georgia Tech,Miami,1,50,-0.10100634131106058,0.28,1.041320137392296,56,0.23713065236462205,0.44642857142857145,1.0709093974612696
2009,292602390,3,Miami,Georgia Tech,1,56,0.23713065236462205,0.44642857142857145,1.0709093974612696,50,-0.10100634131106058,0.28,1.041320137392296
2009,292610278,3,Boise State,Fresno State,1,54,0.04297523723486805,0.35185185185185186,0.9820544507033647,67,-0.08243901429080619,0.29850746268656714,1.2586281472965222
2009,292610278,3,Fresno State,Boise State,1,67,-0.08243901429080619,0.29850746268656714,1.2586281472965222,54,0.04297523723486805,0.35185185185185186,0.9820544507033647
2009,292620002,3,Auburn,West Virginia,1,72,0.0041370532002434155,0.3888888888888889,1.0185410590751263,79,0.07122804465894435,0.45569620253164556,0.9521485845544034
2009,292620002,3,West Virginia,Auburn,1,79,0.07122804465894435,0.45569620253164556,0.9521485845544034,72,0.0041370532002434155,0.3888888888888889,1.0185410590751263
2009,292620008,3,Arkansas,Georgia,1,60,0.10258288167435561,0.36666666666666664,0.9755728094078268,59,0.08483901440936416,0.3220338983050847,1.2739740713056726
2009,292620008,3,Georgia,Arkansas,1,59,0.08483901440936416,0.3220338983050847,1.2739740713056726,60,0.10258288167435561,0.36666666666666664,0.9755728094078268
2009,292620009,3,Arizona State,UL Monroe,1,49,0.07756695552717528,0.40816326530612246,0.8414639168584447,36,-0.2294161685921613,0.3055555555555556,1.0768229215647414
2009,292620009,3,UL Monroe,Arizona State,1,36,-0.2294161685921613,0.3055555555555556,1.0768229215647414,49,0.07756695552717528,0.40816326530612246,0.8414639168584447
2009,292620026,3,Kansas State,UCLA,1,72,-0.021045801975493838,0.4166666666666667,0.8477044072129167,60,0.11982140321270959,0.45,0.9222798086189803
2009,292620026,3,UCLA,Kansas State,1,60,0.11982140321270959,0.45,0.9222798086189803,72,-0.021045801975493838,0.4166666666666667,0.8477044072129167
2009,292620036,3,Colorado State,Nevada,1,51,0.010741891249970763,0.39215686274509803,0.9010890193989668,59,0.05613045808579149,0.559322033898305,0.5885622154109894
2009,292620036,3,Nevada,Colorado State,1,59,0.05613045808579149,0.559322033898305,0.5885622154109894,51,0.010741891249970763,0.39215686274509803,0.9010890193989668
2009,292620038,3,Colorado,Wyoming,1,63,0.09895251454647142,0.4603174603174603,0.8820836120695495,50,-0.25434122727767305,0.24,0.8144821593323412
2009,292620038,3,Wyoming,Colorado,1,50,-0.25434122727767305,0.24,0.8144821593323412,63,0.09895251454647142,0.4603174603174603,0.8820836120695495
2009,292620057,3,Florida,Tennessee,1,64,0.25383365980532957,0.515625,0.8750648763899203,52,-0.050153935471506254,0.3269230769230769,0.827044849211278
2009,292620057,3,Tennessee,Florida,1,52,-0.050153935471506254,0.3269230769230769,0.827044849211278,64,0.25383365980532957,0.515625,0.8750648763899203
2009,292620058,3,Charleston Southern,South Florida,1,29,-0.00841196408552001,0.27586206896551724,1.158864146594071,34,0.260618115333556,0.5588235294117647,0.8474710389841243
2009,292620058,3,South Florida,Charleston Southern,1,34,0.260618115333556,0.5588235294117647,0.8474710389841243,29,-0.00841196408552001,0.27586206896551724,1.158864146594071
2009,292620070,3,Idaho,San Diego State,1,51,0.11521290261337884,0.3137254901960784,1.381262074821195,43,-0.032907172984157164,0.4418604651162791,0.7195110230958307
2009,292620070,3,San Diego State,Idaho,1,43,-0.032907172984157164,0.4418604651162791,0.7195110230958307,51,0.11521290261337884,0.3137254901960784,1.381262074821195
2009,292620087,3,Michigan State,Notre Dame,1,62,0.18451467523534928,0.5806451612903226,0.7078951630894199,69,0.14898132854022772,0.5217391304347826,0.8526365368518093
2009,292620087,3,Notre Dame,Michigan State,1,69,0.14898132854022772,0.5217391304347826,0.8526365368518093,62,0.18451467523534928,0.5806451612903226,0.7078951630894199
2009,292620096,3,Kentucky,Louisville,1,59,0.1515882343874506,0.4576271186440678,0.85340524141315,67,-0.09277893327030626,0.3582089552238806,0.7501870252289112
2009,292620096,3,Louisville,Kentucky,1,67,-0.09277893327030626,0.3582089552238806,0.7501870252289112,59,0.1515882343874506,0.4576271186440678,0.85340524141315
2009,292620098,3,Central Arkansas,Western Kentucky,1,51,-0.00030512073091753855,0.43137254901960786,0.6079060969757661,75,-0.08782723678195081,0.36,0.8835180821931091
2009,292620098,3,Western Kentucky,Central Arkansas,1,75,-0.08782723678195081,0.36,0.8835180821931091,51,-0.00030512073091753855,0.43137254901960786,0.6079060969757661
2009,292620099,3,Louisiana,LSU,1,62,-0.1245068550470092,0.3225806451612903,0.9536391894418614,53,0.07805364157554028,0.41509433962264153,0.890091711304295
2009,292620099,3,LSU,Louisiana,1,53,0.07805364157554028,0.41509433962264153,0.890091711304295,62,-0.1245068550470092,0.3225806451612903,0.9536391894418614
2009,292620120,3,Maryland,Middle Tennessee,1,66,0.07214003944687704,0.3484848484848485,1.0325584553341733,75,0.024143221991659015,0.49333333333333335,0.7683499519935465
2009,292620120,3,Middle Tennessee,Maryland,1,75,0.024143221991659015,0.49333333333333335,0.7683499519935465,66,0.07214003944687704,0.3484848484848485,1.0325584553341733
2009,292620130,3,Eastern Michigan,Michigan,1,62,0.004933903654831238,0.4032258064516129,0.8110237440676057,47,0.061326371645457775,0.5106382978723404,0.6676328718964389
2009,292620130,3,Michigan,Eastern Michigan,1,47,0.061326371645457775,0.5106382978723404,0.6676328718964389,62,0.004933903654831238,0.4032258064516129,0.8110237440676057
2009,292620135,3,California,Minnesota,1,64,0.11620332004272904,0.328125,1.4709228591411903,52,-0.08286989526211032,0.28846153846153844,1.020230907119499
2009,292620135,3,Minnesota,California,1,52,-0.08286989526211032,0.28846153846153844,1.020230907119499,64,0.11620332004272904,0.328125,1.4709228591411903
2009,292620142,3,Furman,Missouri,1,42,-0.005476899584872153,0.38095238095238093,0.9251217389198935,27,0.38561962460714444,0.48148148148148145,1.3761132099947873
2009,292620142,3,Missouri,Furman,1,27,0.38561962460714444,0.48148148148148145,1.3761132099947873,42,-0.005476899584872153,0.38095238095238093,0.9251217389198935
2009,292620145,3,Ole Miss,SE Louisiana,1,50,0.1705695125075788,0.46,1.0861985852147242,44,-0.12676838787664832,0.3409090909090909,0.8305195419698584
2009,292620145,3,SE Louisiana,Ole Miss,1,44,-0.12676838787664832,0.3409090909090909,0.8305195419698584,50,0.1705695125075788,0.46,1.0861985852147242
2009,292620152,3,Gardner-Webb,NC State,1,22,-0.07409373413761348,0.4090909090909091,0.5632871485956702,42,0.272525556644067,0.47619047619047616,1.1105160273877428
2009,292620152,3,NC State,Gardner-Webb,1,42,0.272525556644067,0.47619047619047616,1.1105160273877428,22,-0.07409373413761348,0.4090909090909091,0.5632871485956702
2009,292620153,3,East Carolina,North Carolina,1,60,-0.06579842611787834,0.31666666666666665,0.9098351517005007,60,0.19277844108605294,0.38333333333333336,1.044417426561315
2009,292620153,3,North Carolina,East Carolina,1,60,0.19277844108605294,0.38333333333333336,1.044417426561315,60,-0.06579842611787834,0.31666666666666665,0.9098351517005007
2009,292620154,3,Elon,Wake Forest,1,39,-0.16405177883530095,0.28205128205128205,1.0309330906388192,49,0.053620789928695865,0.5306122448979592,0.6981764165225728
2009,292620154,3,Wake Forest,Elon,1,49,0.053620789928695865,0.5306122448979592,0.6981764165225728,39,-0.16405177883530095,0.28205128205128205,1.0309330906388192
2009,292620164,3,Florida International,Rutgers,1,57,-0.06856170318943837,0.3333333333333333,0.9993421449712705,72,-0.00015386212782797612,0.375,1.1460261808296441
2009,292620164,3,Rutgers,Florida International,1,72,-0.00015386212782797612,0.375,1.1460261808296441,57,-0.06856170318943837,0.3333333333333333,0.9993421449712705
2009,292620166,3,New Mexico State,UTEP,1,51,-0.15547975127678004,0.3137254901960784,0.9237276126796983,69,0.018664453195217107,0.463768115942029,0.8496174675807019
2009,292620166,3,UTEP,New Mexico State,1,69,0.018664453195217107,0.463768115942029,0.8496174675807019,51,-0.15547975127678004,0.3137254901960784,0.9237276126796983
2009,292620167,3,Air Force,New Mexico,1,55,0.058855348397766315,0.4727272727272727,0.514109779149441,33,0.11120443759242393,0.42424242424242425,0.8227173382242892
2009,292620167,3,New Mexico,Air Force,1,33,0.11120443759242393,0.42424242424242425,0.8227173382242892,55,0.058855348397766315,0.4727272727272727,0.514109779149441
2009,292620183,3,Northwestern,Syracuse,1,66,0.14577098421701437,0.4393939393939394,0.9503523223877149,67,0.04869115788805759,0.44776119402985076,0.6647243224421867
2009,292620183,3,Syracuse,Northwestern,1,67,0.04869115788805759,0.44776119402985076,0.6647243224421867,66,0.14577098421701437,0.4393939393939394,0.9503523223877149
2009,292620195,3,Cal Poly,Ohio,1,59,0.02532956235502012,0.3728813559322034,0.7934440194825455,55,0.051723845477533975,0.4,1.0973843174803146
2009,292620195,3,Ohio,Cal Poly,1,55,0.051723845477533975,0.4,1.0973843174803146,59,0.02532956235502012,0.3728813559322034,0.7934440194825455
2009,292620197,3,Oklahoma State,Rice,1,54,0.1418406368450121,0.4444444444444444,0.9589593396329835,81,0.08540010547772729,0.3950617283950617,0.9819579075858434
2009,292620197,3,Rice,Oklahoma State,1,81,0.08540010547772729,0.3950617283950617,0.9819579075858434,54,0.1418406368450121,0.4444444444444444,0.9589593396329835
2009,292620201,3,Oklahoma,Tulsa,1,41,0.09741620324935568,0.5609756097560976,0.5553548525312783,39,-0.1288743646181684,0.4358974358974359,0.7276287691159438
2009,292620201,3,Tulsa,Oklahoma,1,39,-0.1288743646181684,0.4358974358974359,0.7276287691159438,41,0.09741620324935568,0.5609756097560976,0.5553548525312783
2009,292620204,3,Cincinnati,Oregon State,1,67,0.079079526928061,0.417910447761194,1.076115057747455,83,0.0039297192853000535,0.4457831325301205,0.7627827170492727
2009,292620204,3,Oregon State,Cincinnati,1,83,0.0039297192853000535,0.4457831325301205,0.7627827170492727,67,0.079079526928061,0.417910447761194,1.076115057747455
2009,292620213,3,Penn State,Temple,1,56,0.04962196313986482,0.5178571428571429,0.786116332324331,44,-0.14731033524779147,0.2727272727272727,0.9837838657490034
2009,292620213,3,Temple,Penn State,1,44,-0.14731033524779147,0.2727272727272727,0.9837838657490034,56,0.04962196313986482,0.5178571428571429,0.786116332324331
2009,292620221,3,Navy,Pittsburgh,1,72,-0.0009678858056120897,0.2916666666666667,1.1792875289495246,66,0.03545119947487394,0.3939393939393939,0.9954429019112955
2009,292620221,3,Pittsburgh,Navy,1,66,0.03545119947487394,0.3939393939393939,0.9954429019112955,72,-0.0009678858056120897,0.2916666666666667,1.1792875289495246
2009,292620228,3,Boston College,Clemson,1,48,-0.36657701672887333,0.14583333333333334,1.1031601922166272,83,-0.1904759627233505,0.3493975903614458,0.6463503805480265
2009,292620228,3,Clemson,Boston College,1,83,-0.1904759627233505,0.3493975903614458,0.6463503805480265,48,-0.36657701672887333,0.14583333333333334,1.1031601922166272
2009,292620235,3,Memphis,UT Martin,1,50,0.06733552222765654,0.58,0.49656792290423923,52,0.08547787318512728,0.36538461538461536,1.1709238023808635
2009,292620235,3,UT Martin,Memphis,1,52,0.08547787318512728,0.36538461538461536,1.1709238023808635,50,0.06733552222765654,0.58,0.49656792290423923
2009,292620238,3,Mississippi State,Vanderbilt,1,76,0.006264023647682957,0.40789473684210525,0.7461064844686872,62,-0.3172020151055169,0.24193548387096775,1.2158165527824871
2009,292620238,3,Vanderbilt,Mississippi State,1,62,-0.3172020151055169,0.24193548387096775,1.2158165527824871,76,0.006264023647682957,0.40789473684210525,0.7461064844686872
2009,292620239,3,Baylor,UConn,1,45,0.03247791160758355,0.35555555555555557,0.8829153771845242,81,0.09968623445365174,0.5061728395061729,0.5980094523656481
2009,292620239,3,UConn,Baylor,1,81,0.09968623445365174,0.5061728395061729,0.5980094523656481,45,0.03247791160758355,0.35555555555555557,0.8829153771845242
2009,292620245,3,Texas A&M,Utah State,1,82,0.12814427706877846,0.4146341463414634,0.9732325978214236,89,0.10051046641052186,0.42696629213483145,1.182332537810936
2009,292620245,3,Utah State,Texas A&M,1,89,0.10051046641052186,0.42696629213483145,1.182332537810936,82,0.12814427706877846,0.4146341463414634,0.9732325978214236
2009,292620251,3,Texas,Texas Tech,1,75,0.02223191470145926,0.44,0.9822430241713512,79,0.17383368452357542,0.43037974683544306,1.1224960623760838
2009,292620251,3,Texas Tech,Texas,1,79,0.17383368452357542,0.43037974683544306,1.1224960623760838,75,0.02223191470145926,0.44,0.9822430241713512
2009,292620252,3,BYU,Florida State,1,35,0.39145496269305036,0.6,0.957007438024653,55,0.3344971765828274,0.5636363636363636,0.8008415637832559
2009,292620252,3,Florida State,BYU,1,55,0.3344971765828274,0.5636363636363636,0.8008415637832559,35,0.39145496269305036,0.6,0.957007438024653
2009,292620259,3,Nebraska,Virginia Tech,1,68,0.07595878756407955,0.36764705882352944,0.9173359727595647,63,0.03203980990457322,0.2698412698412698,1.5110709888669056
2009,292620259,3,Virginia Tech,Nebraska,1,63,0.03203980990457322,0.2698412698412698,1.5110709888669056,68,0.07595878756407955,0.36764705882352944,0.9173359727595647
2009,292620264,3,USC,Washington,1,56,0.0842218643964112,0.44642857142857145,0.6674450626351257,71,0.047710311768296015,0.39436619718309857,1.0406706454662886
2009,292620264,3,Washington,USC,1,71,0.047710311768296015,0.39436619718309857,1.0406706454662886,56,0.0842218643964112,0.44642857142857145,0.6674450626351257
2009,292620265,3,SMU,Washington State,1,83,-0.003977084372277092,0.5542168674698795,0.6218615511571677,69,-0.09352971763587353,0.3188405797101449,1.033944793100895
2009,292620265,3,Washington State,SMU,1,69,-0.09352971763587353,0.3188405797101449,1.033944793100895,83,-0.003977084372277092,0.5542168674698795,0.6218615511571677
2009,292620275,3,Wisconsin,Wofford,1,44,0.19296272852344337,0.6136363636363636,0.7533698348753801,26,-0.12600735029524435,0.15384615384615385,1.1777848798444401
2009,292620275,3,Wofford,Wisconsin,1,26,-0.12600735029524435,0.15384615384615385,1.1777848798444401,44,0.19296272852344337,0.6136363636363636,0.7533698348753801
2009,292620276,3,Bowling Green,Marshall,1,82,0.07474740737782466,0.4268292682926829,0.882793810743834,57,0.02864398413043135,0.40350877192982454,0.8036206273358778
2009,292620276,3,Marshall,Bowling Green,1,57,0.02864398413043135,0.40350877192982454,0.8036206273358778,82,0.07474740737782466,0.4268292682926829,0.882793810743834
2009,292620333,3,Alabama,North Texas,1,39,0.3155849184718146,0.6666666666666666,0.8073902285201741,23,-0.17308537015241396,0.13043478260869565,1.336502038208718
2009,292620333,3,North Texas,Alabama,1,23,-0.17308537015241396,0.13043478260869565,1.336502038208718,39,0.3155849184718146,0.6666666666666666,0.8073902285201741
2009,292620349,3,Army,Ball State,1,64,-0.03302738221513681,0.46875,0.6986166049864782,62,0.08190042825233732,0.41935483870967744,1.00442038744919
2009,292620349,3,Ball State,Army,1,62,0.08190042825233732,0.41935483870967744,1.00442038744919,64,-0.03302738221513681,0.46875,0.6986166049864782
2009,292622006,3,Akron,Indiana,1,39,-0.11641487370336846,0.41025641025641024,0.4167195994908553,70,0.08867642341932046,0.5142857142857142,0.7743835224823701
2009,292622006,3,Indiana,Akron,1,70,0.08867642341932046,0.5142857142857142,0.7743835224823701,39,-0.11641487370336846,0.41025641025641024,0.4167195994908553
2009,292622116,3,Buffalo,UCF,1,67,-0.13404213605564444,0.3582089552238806,0.7695407179547596,63,0.1435821419603077,0.4444444444444444,0.8733702853454188
2009,292622116,3,UCF,Buffalo,1,63,0.1435821419603077,0.4444444444444444,0.8733702853454188,67,-0.13404213605564444,0.3582089552238806,0.7695407179547596
2009,292622117,3,Alcorn State,Central Michigan,1,36,-0.2236495450092073,0.1111111111111111,1.7347614938032443,31,-0.019186981280699122,0.3870967741935484,0.5927045606480713
2009,292622117,3,Central Michigan,Alcorn State,1,31,-0.019186981280699122,0.3870967741935484,0.5927045606480713,36,-0.2236495450092073,0.1111111111111111,1.7347614938032443
2009,292622294,3,Arizona,Iowa,1,51,-0.09774686704952862,0.19607843137254902,1.8438386089524923,73,0.09151530838251581,0.410958904109589,1.0496968509682225
2009,292622294,3,Iowa,Arizona,1,73,0.09151530838251581,0.410958904109589,1.0496968509682225,51,-0.09774686704952862,0.19607843137254902,1.8438386089524923
2009,292622305,3,Duke,Kansas,1,59,-0.018956383818523596,0.3389830508474576,1.1351522544892958,68,0.17992429004021274,0.47058823529411764,1.028809494745246
2009,292622305,3,Kansas,Duke,1,68,0.17992429004021274,0.47058823529411764,1.028809494745246,59,-0.018956383818523596,0.3389830508474576,1.1351522544892958
2009,292622309,3,Iowa State,Kent State,1,65,0.09211156039861207,0.4,0.8169244381333394,47,-0.10391528271606286,0.3191489361702128,0.8739829346353083
2009,292622309,3,Kent State,Iowa State,1,47,-0.10391528271606286,0.3191489361702128,0.8739829346353083,65,0.09211156039861207,0.4,0.8169244381333394
2009,292622439,3,Hawai'i,UNLV,1,61,0.1594609902709126,0.47540983606557374,0.9857196902980603,73,0.12725466916606645,0.4931506849315068,0.8534335497926575
2009,292622439,3,UNLV,Hawai'i,1,73,0.12725466916606645,0.4931506849315068,0.8534335497926575,61,0.1594609902709126,0.47540983606557374,0.9857196902980603
2009,292622483,3,Oregon,Utah,1,66,-0.1975599206379733,0.3787878787878788,0.7607742564187819,74,-0.1855204727386362,0.32432432432432434,0.6554565425284846
2009,292622483,3,Utah,Oregon,1,74,-0.1855204727386362,0.32432432432432434,0.6554565425284846,66,-0.1975599206379733,0.3787878787878788,0.7607742564187819
2009,292622509,3,Northern Illinois,Purdue,1,81,0.05705431582135714,0.37037037037037035,0.9696972103796053,54,-0.029189443241698743,0.35185185185185186,1.235204538466676
2009,292622509,3,Purdue,Northern Illinois,1,54,-0.029189443241698743,0.35185185185185186,1.235204538466676,81,0.05705431582135714,0.37037037037037035,0.9696972103796053
2009,292622572,3,Southern Miss,Virginia,1,65,-0.01586351596404111,0.36923076923076925,0.9007773576942861,88,-0.020248648347921335,0.38636363636363635,0.7902948396482709
2009,292622572,3,Virginia,Southern Miss,1,88,-0.020248648347921335,0.38636363636363635,0.7902948396482709,65,-0.01586351596404111,0.36923076923076925,0.9007773576942861
2009,292622579,3,Florida Atlantic,South Carolina,1,72,0.005224299946609457,0.3888888888888889,1.0196726830140364,59,0.29400548037280966,0.4915254237288136,1.0811650150645598
2009,292622579,3,South Carolina,Florida Atlantic,1,59,0.29400548037280966,0.4915254237288136,1.0811650150645598,72,0.005224299946609457,0.3888888888888889,1.0196726830140364
2009,292622628,3,TCU,Texas State,1,58,0.21304186559653523,0.5862068965517241,0.7704382266620334,60,-0.1116016765088539,0.3,1.169274986962859
2009,292622628,3,Texas State,TCU,1,60,-0.1116016765088539,0.3,1.169274986962859,58,0.21304186559653523,0.5862068965517241,0.7704382266620334
2009,292622649,3,Ohio State,Toledo,1,52,0.21850731546412855,0.4807692307692308,1.1163778091502634,32,-0.16004453041772132,0.21875,0.749162792507177
2009,292622649,3,Toledo,Ohio State,1,32,-0.16004453041772132,0.21875,0.749162792507177,52,0.21850731546412855,0.4807692307692308,1.1163778091502634
2009,292622653,3,Troy,UAB,1,63,0.1515155091820874,0.4444444444444444,0.9960017052647864,65,0.07570014555262253,0.4153846153846154,0.9401761711642844
2009,292622653,3,UAB,Troy,1,65,0.07570014555262253,0.4153846153846154,0.9401761711642844,63,0.1515155091820874,0.4444444444444444,0.9960017052647864
2009,292622711,3,Miami (OH),Western Michigan,1,34,0.0027339265855500544,0.38235294117647056,0.9730306417358885,49,-0.021717400829507686,0.3469387755102041,1.1308133438025716
2009,292622711,3,Western Michigan,Miami (OH),1,49,-0.021717400829507686,0.3469387755102041,1.1308133438025716,34,0.0027339265855500544,0.38235294117647056,0.9730306417358885
2009,292672579,4,Ole Miss,South Carolina,1,62,-0.12097257741010019,0.3387096774193548,0.9437870549119841,68,0.01610895488035882,0.3382352941176471,0.8941158006053214
2009,292672579,4,South Carolina,Ole Miss,1,68,0.01610895488035882,0.3382352941176471,0.8941158006053214,62,-0.12097257741010019,0.3387096774193548,0.9437870549119841
2009,292682440,4,Missouri,Nevada,1,75,0.024947420661222026,0.4,0.9411231204907723,70,0.10970889127346208,0.4857142857142857,0.7925021993080356
2009,292682440,4,Nevada,Missouri,1,70,0.10970889127346208,0.4857142857142857,0.7925021993080356,75,0.024947420661222026,0.4,0.9411231204907723
2009,292690002,4,Auburn,Ball State,1,49,0.23632180548948897,0.4489795918367347,1.1823367884046887,42,-0.2562186362010436,0.38095238095238093,0.5392835298068238
2009,292690002,4,Ball State,Auburn,1,42,-0.2562186362010436,0.38095238095238093,0.5392835298068238,49,0.23632180548948897,0.4489795918367347,1.1823367884046887
2009,292690023,4,Cal Poly,San José State,1,69,-0.07000906066467387,0.34782608695652173,0.8797345798631739,60,0.08860960558360859,0.38333333333333336,1.1828809948422212
2009,292690023,4,San José State,Cal Poly,1,60,0.08860960558360859,0.38333333333333336,1.1828809948422212,69,-0.07000906066467387,0.34782608695652173,0.8797345798631739
2009,292690024,4,Stanford,Washington,1,64,0.12718042471364058,0.53125,0.759333118523459,58,0.014383013019666149,0.41379310344827586,1.0562528147222188
2009,292690024,4,Washington,Stanford,1,58,0.014383013019666149,0.41379310344827586,1.0562528147222188,64,0.12718042471364058,0.53125,0.759333118523459
2009,292690030,4,USC,Washington State,1,38,0.1292545703544882,0.39473684210526316,1.212830366101211,51,-0.15249691714180644,0.2549019607843137,0.8444205659083356
2009,292690030,4,Washington State,USC,1,51,-0.15249691714180644,0.2549019607843137,0.8444205659083356,38,0.1292545703544882,0.39473684210526316,1.212830366101211
2009,292690041,4,Rhode Island,UConn,1,40,-0.42499954800467327,0.225,0.12017942579918456,49,0.11572414092443838,0.4489795918367347,0.9709759868182194
2009,292690041,4,UConn,Rhode Island,1,49,0.11572414092443838,0.4489795918367347,0.9709759868182194,40,-0.42499954800467327,0.225,0.12017942579918456
2009,292690052,4,Florida State,South Florida,1,61,-0.03359270661527584,0.4098360655737705,0.9630887335464806,64,-0.08971735880804156,0.265625,1.0745282900147894
2009,292690052,4,South Florida,Florida State,1,64,-0.08971735880804156,0.265625,1.0745282900147894,61,-0.03359270661527584,0.4098360655737705,0.9630887335464806
2009,292690059,4,Georgia Tech,North Carolina,1,78,0.11703539226016295,0.4358974358974359,0.8662127320139328,43,-0.1909559360949116,0.27906976744186046,0.38129739426617093
2009,292690059,4,North Carolina,Georgia Tech,1,43,-0.1909559360949116,0.27906976744186046,0.38129739426617093,78,0.11703539226016295,0.4358974358974359,0.8662127320139328
2009,292690061,4,Arizona State,Georgia,1,60,-0.162855851032603,0.3333333333333333,0.9387294573437738,62,0.016196250562969687,0.3709677419354839,1.0188940725854996
2009,292690061,4,Georgia,Arizona State,1,62,0.016196250562969687,0.3709677419354839,1.0188940725854996,60,-0.162855851032603,0.3333333333333333,0.9387294573437738
2009,292690066,4,Army,Iowa State,1,74,-0.0030035410663228337,0.35135135135135137,0.8505260956254374,60,0.003245312695251157,0.4,1.0125897957523353
2009,292690066,4,Iowa State,Army,1,60,0.003245312695251157,0.4,1.0125897957523353,74,-0.0030035410663228337,0.35135135135135137,0.8505260956254374
2009,292690077,4,Minnesota,Northwestern,1,63,0.09448306870381878,0.4603174603174603,0.8201662917129959,74,0.13403305662156703,0.4189189189189189,1.0929285469997878
2009,292690077,4,Northwestern,Minnesota,1,74,0.13403305662156703,0.4189189189189189,1.0929285469997878,63,0.09448306870381878,0.4603174603174603,0.8201662917129959
2009,292690096,4,Florida,Kentucky,1,48,0.2560350731071142,0.5208333333333334,0.8866572178020335,47,-0.035816521097782474,0.2765957446808511,0.7802010756997019
2009,292690096,4,Kentucky,Florida,1,47,-0.035816521097782474,0.2765957446808511,0.7802010756997019,48,0.2560350731071142,0.5208333333333334,0.8866572178020335
2009,292690103,4,Boston College,Wake Forest,1,73,0.07474780173329408,0.4520547945205479,0.6944530704741655,63,0.17760051552433057,0.4444444444444444,1.04259878371495
2009,292690103,4,Wake Forest,Boston College,1,63,0.17760051552433057,0.4444444444444444,1.04259878371495,73,0.07474780173329408,0.4520547945205479,0.6944530704741655
2009,292690120,4,Maryland,Rutgers,1,62,-0.009698037896040004,0.3225806451612903,0.799354130130598,62,-0.30729409766179966,0.3064516129032258,0.4248931938552526
2009,292690120,4,Rutgers,Maryland,1,62,-0.30729409766179966,0.3064516129032258,0.4248931938552526,62,-0.009698037896040004,0.3225806451612903,0.799354130130598
2009,292690130,4,Indiana,Michigan,1,72,0.017959415110534675,0.3888888888888889,0.8053389670676449,69,-0.09971221444642347,0.36231884057971014,0.7790185560334659
2009,292690130,4,Michigan,Indiana,1,69,-0.09971221444642347,0.36231884057971014,0.7790185560334659,72,0.017959415110534675,0.3888888888888889,0.8053389670676449
2009,292690150,4,Duke,North Carolina Central,1,62,0.14250108757881563,0.5,0.7972257300042537,31,-0.04357189264429555,0.2903225806451613,1.2110571965817836
2009,292690150,4,North Carolina Central,Duke,1,31,-0.04357189264429555,0.2903225806451613,1.2110571965817836,62,0.14250108757881563,0.5,0.7972257300042537
2009,292690151,4,East Carolina,UCF,1,80,0.05026526220562005,0.4,1.1351262636756951,56,0.06448370428056124,0.42857142857142855,1.0169296419067755
2009,292690151,4,UCF,East Carolina,1,56,0.06448370428056124,0.42857142857142855,1.0169296419067755,80,0.05026526220562005,0.4,1.1351262636756951
2009,292690152,4,NC State,Pittsburgh,1,77,0.1681147597864281,0.37662337662337664,1.2606139635084057,42,-0.1115163652288906,0.2857142857142857,0.925369349460259
2009,292690152,4,Pittsburgh,NC State,1,42,-0.1115163652288906,0.2857142857142857,0.925369349460259,77,0.1681147597864281,0.37662337662337664,1.2606139635084057
2009,292690158,4,Louisiana,Nebraska,1,39,-0.03362778922577351,0.3333333333333333,0.6916061558908901,28,0.25670720466746133,0.4642857142857143,1.2445883039342076
2009,292690158,4,Nebraska,Louisiana,1,28,0.25670720466746133,0.4642857142857143,1.2445883039342076,39,-0.03362778922577351,0.3333333333333333,0.6916061558908901
2009,292690167,4,New Mexico,New Mexico State,1,52,0.18202113224442149,0.34615384615384615,1.340458490801332,79,-0.03691147768636921,0.3670886075949367,0.7511406159933943
2009,292690167,4,New Mexico State,New Mexico,1,79,-0.03691147768636921,0.3670886075949367,0.7511406159933943,52,0.18202113224442149,0.34615384615384615,1.340458490801332
2009,292690183,4,Maine,Syracuse,1,55,0.12387666549897809,0.4727272727272727,0.8213708016249426,56,0.19819129836416327,0.5357142857142857,0.7269614784861069
2009,292690183,4,Syracuse,Maine,1,56,0.19819129836416327,0.5357142857142857,0.7269614784861069,55,0.12387666549897809,0.4727272727272727,0.8213708016249426
2009,292690189,4,Boise State,Bowling Green,1,32,0.25496748252786283,0.59375,0.9671132341444079,31,-0.2503806246546448,0.2903225806451613,0.16018587883357208
2009,292690189,4,Bowling Green,Boise State,1,31,-0.2503806246546448,0.2903225806451613,0.16018587883357208,32,0.25496748252786283,0.59375,0.9671132341444079
2009,292690194,4,Illinois,Ohio State,1,53,-0.10744118943615219,0.39622641509433965,0.5075548072648614,39,0.10760812509276885,0.5641025641025641,0.6436335396746037
2009,292690194,4,Ohio State,Illinois,1,39,0.10760812509276885,0.5641025641025641,0.6436335396746037,53,-0.10744118943615219,0.39622641509433965,0.5075548072648614
2009,292690197,4,Grambling,Oklahoma State,1,31,-0.1002297374766543,0.2903225806451613,0.6556025271691438,35,0.19638257206174628,0.5142857142857142,1.1421729607672197
2009,292690197,4,Oklahoma State,Grambling,1,35,0.19638257206174628,0.5142857142857142,1.1421729607672197,31,-0.1002297374766543,0.2903225806451613,0.6556025271691438
2009,292690202,4,Sam Houston,Tulsa,1,38,-0.010309802916706806,0.2894736842105263,1.117799757362594,26,0.27020251298593595,0.5384615384615384,0.9753176037360743
2009,292690202,4,Tulsa,Sam Houston,1,26,0.27020251298593595,0.5384615384615384,0.9753176037360743,38,-0.010309802916706806,0.2894736842105263,1.117799757362594
2009,292690204,4,Arizona,Oregon State,1,62,0.10242761360037382,0.4838709677419355,0.858277796808865,76,0.08224364076710297,0.47368421052631576,0.8472144426691677
2009,292690204,4,Oregon State,Arizona,1,76,0.08224364076710297,0.47368421052631576,0.8472144426691677,62,0.10242761360037382,0.4838709677419355,0.858277796808865
2009,292690213,4,Iowa,Penn State,1,65,0.008805567739095745,0.4307692307692308,0.967760317242483,65,-0.04310014390643536,0.36923076923076925,1.0079750807259305
2009,292690213,4,Penn State,Iowa,1,65,-0.04310014390643536,0.36923076923076925,1.0079750807259305,65,0.008805567739095745,0.4307692307692308,0.967760317242483
2009,292690218,4,Buffalo,Temple,1,57,-0.041768242415697425,0.47368421052631576,0.2953010998386657,51,-0.033487153953908486,0.47058823529411764,0.5744164269675829
2009,292690218,4,Temple,Buffalo,1,51,-0.033487153953908486,0.47058823529411764,0.5744164269675829,57,-0.041768242415697425,0.47368421052631576,0.2953010998386657
2009,292690228,4,Clemson,TCU,1,69,-0.06736934945499336,0.3333333333333333,1.1613931481245972,64,0.09344482207862362,0.390625,1.1773712209294203
2009,292690228,4,TCU,Clemson,1,64,0.09344482207862362,0.390625,1.1773712209294203,69,-0.06736934945499336,0.3333333333333333,1.1613931481245972
2009,292690235,4,Marshall,Memphis,1,58,0.06721415930646768,0.3620689655172414,0.9628073848889261,64,-0.09645201208661286,0.40625,0.6639881843346015
2009,292690235,4,Memphis,Marshall,1,64,-0.09645201208661286,0.40625,0.6639881843346015,58,0.06721415930646768,0.3620689655172414,0.9628073848889261
2009,292690239,4,Baylor,Northwestern State,1,31,0.15215990339702007,0.5483870967741935,1.0380097658810015,40,-0.0013978514477521748,0.4,0.5175007019921601
2009,292690239,4,Northwestern State,Baylor,1,40,-0.0013978514477521748,0.4,0.5175007019921601,31,0.15215990339702007,0.5483870967741935,1.0380097658810015
2009,292690242,4,Rice,Vanderbilt,1,71,-0.05811442022925721,0.323943661971831,0.9813127168664909,84,0.03546453603909425,0.4166666666666667,0.9840275488854562
2009,292690242,4,Vanderbilt,Rice,1,84,0.03546453603909425,0.4166666666666667,0.9840275488854562,71,-0.05811442022925721,0.323943661971831,0.9813127168664909
2009,292690245,4,Texas A&M,UAB,1,54,0.3318043724574013,0.5740740740740741,0.966355421221342,44,0.108397320730365,0.4318181818181818,0.7303684145920006
2009,292690245,4,UAB,Texas A&M,1,44,0.108397320730365,0.4318181818181818,0.7303684145920006,54,0.3318043724574013,0.5740740740740741,0.966355421221342
2009,292690248,4,Houston,Texas Tech,1,93,0.20407586185960902,0.4838709677419355,0.9267718115204681,75,0.12391428962488775,0.5333333333333333,0.8304485612087753
2009,292690248,4,Texas Tech,Houston,1,75,0.12391428962488775,0.5333333333333333,0.8304485612087753,93,0.20407586185960902,0.4838709677419355,0.9267718115204681
2009,292690249,4,Middle Tennessee,North Texas,1,87,0.013790536700054217,0.3563218390804598,0.8819972397103912,77,-0.021085359893274543,0.44155844155844154,0.859500244275063
2009,292690249,4,North Texas,Middle Tennessee,1,77,-0.021085359893274543,0.44155844155844154,0.859500244275063,87,0.013790536700054217,0.3563218390804598,0.8819972397103912
2009,292690251,4,Texas,UTEP,1,37,0.1392867554164837,0.5405405405405406,0.5934339353234658,26,-0.2135437954854546,0.19230769230769232,1.0846022138610227
2009,292690251,4,UTEP,Texas,1,26,-0.2135437954854546,0.19230769230769232,1.0846022138610227,37,0.1392867554164837,0.5405405405405406,0.5934339353234658
2009,292690252,4,BYU,Colorado State,1,57,0.19649550155132015,0.42105263157894735,1.059369105605113,76,0.1183268376660025,0.42105263157894735,1.0998715432277637
2009,292690252,4,Colorado State,BYU,1,76,0.1183268376660025,0.42105263157894735,1.0998715432277637,57,0.19649550155132015,0.42105263157894735,1.059369105605113
2009,292690254,4,Louisville,Utah,1,66,-0.06480369538978091,0.3333333333333333,0.8390124330273646,65,0.03769036018182818,0.4,0.6676430532625115
2009,292690254,4,Utah,Louisville,1,65,0.03769036018182818,0.4,0.6676430532625115,66,-0.06480369538978091,0.3333333333333333,0.8390124330273646
2009,292690259,4,Miami,Virginia Tech,1,43,-0.23755738938970075,0.32558139534883723,0.6583494744093218,55,0.1675019994258648,0.34545454545454546,1.0557353446249873
2009,292690259,4,Virginia Tech,Miami,1,55,0.1675019994258648,0.34545454545454546,1.0557353446249873,43,-0.23755738938970075,0.32558139534883723,0.6583494744093218
2009,292690275,4,Michigan State,Wisconsin,1,63,0.054726914708739284,0.4444444444444444,0.962414329428115,76,0.033618643904423325,0.4605263157894737,0.8715473516733728
2009,292690275,4,Wisconsin,Michigan State,1,76,0.033618643904423325,0.4605263157894737,0.8715473516733728,63,0.054726914708739284,0.4444444444444444,0.962414329428115
2009,292690328,4,Southern Utah,Utah State,1,82,0.057820270275139675,0.3780487804878049,0.9732349743965837,60,0.025632234214885884,0.43333333333333335,1.001809603924747
2009,292690328,4,Utah State,Southern Utah,1,60,0.025632234214885884,0.43333333333333335,1.001809603924747,82,0.057820270275139675,0.3780487804878049,0.9732349743965837
2009,292690333,4,Alabama,Arkansas,1,47,-0.054351129913359934,0.2553191489361702,1.0173919288339766,52,0.034222960377342716,0.3076923076923077,1.2144681698609623
2009,292690333,4,Arkansas,Alabama,1,52,0.034222960377342716,0.3076923076923077,1.2144681698609623,47,-0.054351129913359934,0.2553191489361702,1.0173919288339766
2009,292690344,4,LSU,Mississippi State,1,58,-0.07163226944664246,0.3448275862068966,0.6310781464868706,84,-0.15620353753358002,0.38095238095238093,0.862603834584593
2009,292690344,4,Mississippi State,LSU,1,84,-0.15620353753358002,0.38095238095238093,0.862603834584593,58,-0.07163226944664246,0.3448275862068966,0.6310781464868706
2009,292692005,4,Air Force,San Diego State,1,56,-0.028249028125733874,0.30357142857142855,0.8470590989057171,53,-0.0002797531290153914,0.33962264150943394,1.1262454209373052
2009,292692005,4,San Diego State,Air Force,1,53,-0.0002797531290153914,0.33962264150943394,1.1262454209373052,56,-0.028249028125733874,0.30357142857142855,0.8470590989057171
2009,292692032,4,Arkansas State,Troy,1,51,0.06577340543246872,0.4117647058823529,0.9130023761915267,86,0.17818592478355208,0.47674418604651164,0.9698261833007383
2009,292692032,4,Troy,Arkansas State,1,86,0.17818592478355208,0.47674418604651164,0.9698261833007383,51,0.06577340543246872,0.4117647058823529,0.9130023761915267
2009,292692117,4,Akron,Central Michigan,1,39,-0.42114134771680095,0.20512820512820512,0.3014075534816547,60,0.21870094324581965,0.5,0.8241681894764465
2009,292692117,4,Central Michigan,Akron,1,60,0.21870094324581965,0.5,0.8241681894764465,39,-0.42114134771680095,0.20512820512820512,0.3014075534816547
2009,292692132,4,Cincinnati,Fresno State,1,38,0.2554340759633054,0.5789473684210527,1.0189752886519707,83,0.14827081820903618,0.46987951807228917,0.8693640626336447
2009,292692132,4,Fresno State,Cincinnati,1,83,0.14827081820903618,0.46987951807228917,0.8693640626336447,38,0.2554340759633054,0.5789473684210527,1.0189752886519707
2009,292692226,4,Florida Atlantic,UL Monroe,1,82,0.19139153324403244,0.45121951219512196,1.045248197313912,64,0.10889489677264773,0.453125,0.8001316446725881
2009,292692226,4,UL Monroe,Florida Atlantic,1,64,0.10889489677264773,0.453125,0.8001316446725881,82,0.19139153324403244,0.45121951219512196,1.045248197313912
2009,292692229,4,Florida International,Toledo,1,65,-0.1629926288159277,0.27692307692307694,1.1621110812478803,55,0.08017162103808745,0.38181818181818183,1.015094755033608
2009,292692229,4,Toledo,Florida International,1,55,0.08017162103808745,0.38181818181818183,1.015094755033608,65,-0.1629926288159277,0.27692307692307694,1.1621110812478803
2009,292692305,4,Kansas,Southern Miss,1,81,0.11092641089881075,0.4567901234567901,0.8871185401167866,66,0.06825891959847995,0.3939393939393939,1.0582756695971882
2009,292692305,4,Southern Miss,Kansas,1,66,0.06825891959847995,0.3939393939393939,1.0582756695971882,81,0.11092641089881075,0.4567901234567901,0.8871185401167866
2009,292692306,4,Kansas State,Tennessee Tech,1,45,0.29281285409601676,0.4888888888888889,0.8822804505664664,32,-0.17898388650893116,0.125,1.4488675352486469
2009,292692306,4,Tennessee Tech,Kansas State,1,32,-0.17898388650893116,0.125,1.4488675352486469,45,0.29281285409601676,0.4888888888888889,0.8822804505664664
2009,292692309,4,Kent State,Miami (OH),1,53,-0.24234512831143562,0.32075471698113206,0.8412120353567105,91,0.23801585589651214,0.5274725274725275,0.9884534498649149
2009,292692309,4,Miami (OH),Kent State,1,91,0.23801585589651214,0.5274725274725275,0.9884534498649149,53,-0.24234512831143562,0.32075471698113206,0.8412120353567105
2009,292692426,4,Navy,Western Kentucky,1,64,0.32302794834461296,0.59375,0.7554523180151599,51,0.23802325786804734,0.5098039215686274,0.963763128887414
2009,292692426,4,Western Kentucky,Navy,1,51,0.23802325786804734,0.5098039215686274,0.963763128887414,64,0.32302794834461296,0.59375,0.7554523180151599
2009,292692459,4,Idaho,Northern Illinois,1,62,0.23189531317826617,0.45161290322580644,1.0543656396591647,54,0.15386740228954743,0.46296296296296297,0.9528975668302169
2009,292692459,4,Northern Illinois,Idaho,1,54,0.15386740228954743,0.46296296296296297,0.9528975668302169,62,0.23189531317826617,0.45161290322580644,1.0543656396591647
2009,292692483,4,California,Oregon,1,40,-0.22253394550126693,0.25,1.3455304268695505,49,0.223698126083062,0.46938775510204084,1.1634899190624826
2009,292692483,4,Oregon,California,1,49,0.223698126083062,0.46938775510204084,1.1634899190624826,40,-0.22253394550126693,0.25,1.3455304268695505
2009,292692509,4,Notre Dame,Purdue,1,77,0.004353177174291789,0.33766233766233766,1.1671521114015406,61,0.0344117098273066,0.3442622950819672,1.3563472194698631
2009,292692509,4,Purdue,Notre Dame,1,61,0.0344117098273066,0.3442622950819672,1.3563472194698631,77,0.004353177174291789,0.33766233766233766,1.1671521114015406
2009,292692633,4,Ohio,Tennessee,1,71,0.040857006673631714,0.352112676056338,1.1444910324770878,73,0.16928602846112165,0.4520547945205479,0.9528025468939849
2009,292692633,4,Tennessee,Ohio,1,73,0.16928602846112165,0.4520547945205479,0.9528025468939849,71,0.040857006673631714,0.352112676056338,1.1444910324770878
2009,292692655,4,McNeese,Tulane,1,71,0.2996229796527381,0.5492957746478874,0.8590344388304477,46,0.21764998500123345,0.5434782608695652,0.9005539566143647
2009,292692655,4,Tulane,McNeese,1,46,0.21764998500123345,0.5434782608695652,0.9005539566143647,71,0.2996229796527381,0.5492957746478874,0.8590344388304477
2009,292692711,4,Hofstra,Western Michigan,1,65,-0.006199894045253179,0.38461538461538464,0.8919638490130947,72,0.09974103883197931,0.5694444444444444,0.7021071659598497
2009,292692711,4,Western Michigan,Hofstra,1,72,0.09974103883197931,0.5694444444444444,0.7021071659598497,65,-0.006199894045253179,0.38461538461538464,0.8919638490130947
2009,292692751,4,UNLV,Wyoming,1,76,0.042315139647572025,0.4342105263157895,0.9538893691007121,71,0.013350510809898774,0.4225352112676056,0.618669303572928
2009,292692751,4,Wyoming,UNLV,1,71,0.013350510809898774,0.4225352112676056,0.618669303572928,76,0.042315139647572025,0.4342105263157895,0.9538893691007121
2009,292732348,5,Hawai'i,Louisiana Tech,1,63,0.06294740397573281,0.38095238095238093,1.266342445909362,76,0.13900932915190628,0.4868421052631579,0.732929294505012
2009,292732348,5,Louisiana Tech,Hawai'i,1,76,0.13900932915190628,0.4868421052631579,0.732929294505012,63,0.06294740397573281,0.38095238095238093,1.266342445909362
2009,292740005,5,Southern Miss,UAB,1,63,0.10303614970511088,0.4444444444444444,0.8321307294176241,61,-0.0869860195714587,0.3770491803278688,0.7342891058311809
2009,292740005,5,UAB,Southern Miss,1,61,-0.0869860195714587,0.3770491803278688,0.7342891058311809,63,0.10303614970511088,0.4444444444444444,0.8321307294176241
2009,292740277,5,Colorado,West Virginia,1,82,-0.03842037813361411,0.3780487804878049,1.0025927622742263,56,0.12889414685036266,0.42857142857142855,1.1334617245024166
2009,292740277,5,West Virginia,Colorado,1,56,0.12889414685036266,0.42857142857142855,1.1334617245024166,82,-0.03842037813361411,0.3780487804878049,1.0025927622742263
2009,292750097,5,Louisville,Pittsburgh,1,60,0.03683076303268959,0.38333333333333336,0.786609159366118,54,0.12062724085140561,0.48148148148148145,0.7837530172746965
2009,292750097,5,Pittsburgh,Louisville,1,54,0.12062724085140561,0.48148148148148145,0.7837530172746965,60,0.03683076303268959,0.38333333333333336,0.786609159366118
2009,292750252,5,BYU,Utah State,1,59,0.19816001966986388,0.5084745762711864,0.8440889132075766,61,0.017472438553789243,0.39344262295081966,0.9778033733459772
2009,292750252,5,Utah State,BYU,1,61,0.017472438553789243,0.39344262295081966,0.9778033733459772,59,0.19816001966986388,0.5084745762711864,0.8440889132075766
2009,292760008,5,Arkansas,Texas A&M,1,52,0.08440863874151326,0.40384615384615385,0.843920827145687,77,-0.015543276323312736,0.45454545454545453,0.7786551935674555
2009,292760008,5,Texas A&M,Arkansas,1,77,-0.015543276323312736,0.45454545454545453,0.7786551935674555,52,0.08440863874151326,0.40384615384615385,0.843920827145687
2009,292760009,5,Arizona State,Oregon State,1,88,0.12386398558809754,0.4090909090909091,1.018390860435988,50,0.034233413357298945,0.34,1.2709727339869565
2009,292760009,5,Oregon State,Arizona State,1,50,0.034233413357298945,0.34,1.2709727339869565,88,0.12386398558809754,0.4090909090909091,1.018390860435988
2009,292760024,5,Stanford,UCLA,1,62,0.15612448016050923,0.4838709677419355,0.9077747255472035,63,0.10278310050670036,0.5079365079365079,0.6045767131470332
2009,292760024,5,UCLA,Stanford,1,63,0.10278310050670036,0.5079365079365079,0.6045767131470332,62,0.15612448016050923,0.4838709677419355,0.9077747255472035
2009,292760025,5,California,USC,1,48,-0.04660975557980303,0.4375,0.9202169893735458,70,0.12624036509171951,0.37142857142857144,1.1884081820825905
2009,292760025,5,USC,California,1,70,0.12624036509171951,0.37142857142857144,1.1884081820825905,48,-0.04660975557980303,0.4375,0.9202169893735458
2009,292760061,5,Georgia,LSU,1,56,0.057279856930718465,0.25,1.5674086401583864,72,0.008255574401271417,0.4305555555555556,0.8339595774873974
2009,292760061,5,LSU,Georgia,1,72,0.008255574401271417,0.4305555555555556,0.8339595774873974,56,0.057279856930718465,0.25,1.5674086401583864
2009,292760066,5,Iowa State,Kansas State,1,66,0.08378775258733269,0.5,0.8208219349531067,62,0.03694855795107599,0.45161290322580644,0.7057315294529638
2009,292760066,5,Kansas State,Iowa State,1,62,0.03694855795107599,0.45161290322580644,0.7057315294529638,66,0.08378775258733269,0.5,0.8208219349531067
2009,292760068,5,Boise State,UC Davis,1,62,-0.04285743592512808,0.5483870967741935,0.43156243133950106,52,0.05473934640969338,0.34615384615384615,1.0626385457572547
2009,292760068,5,UC Davis,Boise State,1,52,0.05473934640969338,0.34615384615384615,1.0626385457572547,62,-0.04285743592512808,0.5483870967741935,0.43156243133950106
2009,292760070,5,Colorado State,Idaho,1,64,0.07872301275676412,0.4375,1.0355486081147343,69,-0.002613840800160314,0.5072463768115942,0.784817545436545
2009,292760070,5,Idaho,Colorado State,1,69,-0.002613840800160314,0.5072463768115942,0.784817545436545,64,0.07872301275676412,0.4375,1.0355486081147343
2009,292760084,5,Indiana,Ohio State,1,46,-0.06334537132631649,0.32608695652173914,0.8309315997285359,57,0.0979036978297476,0.43859649122807015,0.8769666617150367
2009,292760084,5,Ohio State,Indiana,1,57,0.0979036978297476,0.43859649122807015,0.8769666617150367,46,-0.06334537132631649,0.32608695652173914,0.8309315997285359
2009,292760087,5,Notre Dame,Washington,1,61,0.17706557162596806,0.5573770491803278,0.7717286074937253,80,0.08427475206562766,0.4625,0.9121765311675394
2009,292760087,5,Washington,Notre Dame,1,80,0.08427475206562766,0.4625,0.9121765311675394,61,0.17706557162596806,0.5573770491803278,0.7717286074937253
2009,292760096,5,Alabama,Kentucky,1,65,0.036998412181234765,0.3384615384615385,0.9968186438850923,66,-0.029608897380890314,0.42424242424242425,0.774839813208946
2009,292760096,5,Kentucky,Alabama,1,66,-0.029608897380890314,0.42424242424242425,0.774839813208946,65,0.036998412181234765,0.3384615384615385,0.9968186438850923
2009,292760103,5,Boston College,Florida State,1,56,0.09565528589422245,0.4107142857142857,1.1956052792764016,73,0.02987572474956687,0.4657534246575342,0.8242610649444235
2009,292760103,5,Florida State,Boston College,1,73,0.02987572474956687,0.4657534246575342,0.8242610649444235,56,0.09565528589422245,0.4107142857142857,1.1956052792764016
2009,292760120,5,Clemson,Maryland,1,71,-0.03921203444810707,0.352112676056338,0.9549905229454125,68,-0.05114186008798249,0.39705882352941174,0.966783336896651
2009,292760120,5,Maryland,Clemson,1,68,-0.05114186008798249,0.39705882352941174,0.966783336896651,71,-0.03921203444810707,0.352112676056338,0.9549905229454125
2009,292760127,5,Michigan,Michigan State,1,60,-0.09407036257617027,0.31666666666666665,0.8743477926937778,77,0.05543454674748442,0.4155844155844156,0.9777364006809098
2009,292760127,5,Michigan State,Michigan,1,77,0.05543454674748442,0.4155844155844156,0.9777364006809098,60,-0.09407036257617027,0.31666666666666665,0.8743477926937778
2009,292760135,5,Minnesota,Wisconsin,1,57,0.13494864574454263,0.38596491228070173,1.2449478796796785,71,0.20717192148467511,0.5633802816901409,0.798501321833018
2009,292760135,5,Wisconsin,Minnesota,1,71,0.20717192148467511,0.5633802816901409,0.798501321833018,57,0.13494864574454263,0.38596491228070173,1.2449478796796785
2009,292760150,5,Duke,Virginia Tech,1,73,0.09348439323505552,0.3424657534246575,1.303058625347164,58,0.30564076506769416,0.43103448275862066,1.368193597874749
2009,292760150,5,Virginia Tech,Duke,1,58,0.30564076506769416,0.43103448275862066,1.368193597874749,73,0.09348439323505552,0.3424657534246575,1.303058625347164
2009,292760153,5,North Carolina,Virginia,1,60,-0.10663560448929452,0.3333333333333333,0.6205496379796847,71,-0.03013949669724428,0.3380281690140845,0.9437394630037569
2009,292760153,5,Virginia,North Carolina,1,71,-0.03013949669724428,0.3380281690140845,0.9437394630037569,60,-0.10663560448929452,0.3333333333333333,0.6205496379796847
2009,292760154,5,NC State,Wake Forest,1,67,0.10120313310699805,0.34328358208955223,1.3059152089515824,80,-0.008243613258217998,0.475,0.636960568269096
2009,292760154,5,Wake Forest,NC State,1,80,-0.008243613258217998,0.475,0.636960568269096,67,0.10120313310699805,0.34328358208955223,1.3059152089515824
2009,292760183,5,South Florida,Syracuse,1,53,-0.23618847730529463,0.24528301886792453,1.1934773001723304,76,-0.062445434340860105,0.39473684210526316,0.7665165737902001
2009,292760183,5,Syracuse,South Florida,1,76,-0.062445434340860105,0.39473684210526316,0.7665165737902001,53,-0.23618847730529463,0.24528301886792453,1.1934773001723304
2009,292760189,5,Bowling Green,Ohio,1,86,0.08922723277949432,0.37209302325581395,1.3455848275117452,50,0.004563492427920672,0.26,1.2338811256664648
2009,292760189,5,Ohio,Bowling Green,1,50,0.004563492427920672,0.26,1.2338811256664648,86,0.08922723277949432,0.37209302325581395,1.3455848275117452
2009,292760193,5,Cincinnati,Miami (OH),1,53,0.14620709534307386,0.5283018867924528,0.9146784318368475,62,-0.016092551247574895,0.3870967741935484,0.7551440321323105
2009,292760193,5,Miami (OH),Cincinnati,1,62,-0.016092551247574895,0.3870967741935484,0.7551440321323105,53,0.14620709534307386,0.5283018867924528,0.9146784318368475
2009,292760238,5,Ole Miss,Vanderbilt,1,75,0.05049743257865457,0.37333333333333335,1.1087195025754208,64,-0.18222847299767503,0.296875,0.8367028711100664
2009,292760238,5,Vanderbilt,Ole Miss,1,64,-0.18222847299767503,0.296875,0.8367028711100664,75,0.05049743257865457,0.37333333333333335,1.1087195025754208
2009,292760239,5,Baylor,Kent State,1,69,-0.037208803025846,0.34782608695652173,0.8500336454138029,69,-0.1725175201216035,0.2753623188405797,1.0241688362564407
2009,292760239,5,Kent State,Baylor,1,69,-0.1725175201216035,0.2753623188405797,1.0241688362564407,69,-0.037208803025846,0.34782608695652173,0.8500336454138029
2009,292760242,5,Rice,Tulsa,1,73,-0.20333522231848872,0.3287671232876712,0.6658512802799378,76,0.08668195097044298,0.4605263157894737,0.7944056311579201
2009,292760242,5,Tulsa,Rice,1,76,0.08668195097044298,0.4605263157894737,0.7944056311579201,73,-0.20333522231848872,0.3287671232876712,0.6658512802799378
2009,292760276,5,East Carolina,Marshall,1,55,0.0563621627279986,0.41818181818181815,0.9377665994072629,70,-0.007911958779190074,0.42857142857142855,0.7066217976465883
2009,292760276,5,Marshall,East Carolina,1,70,-0.007911958779190074,0.42857142857142855,0.7066217976465883,55,0.0563621627279986,0.41818181818181815,0.9377665994072629
2009,292760344,5,Georgia Tech,Mississippi State,1,63,0.23070576239376,0.49206349206349204,1.0115369901301925,67,0.18274789486224433,0.5074626865671642,0.9936104162346352
2009,292760344,5,Mississippi State,Georgia Tech,1,67,0.18274789486224433,0.5074626865671642,0.9936104162346352,63,0.23070576239376,0.49206349206349204,1.0115369901301925
2009,292760349,5,Army,Tulane,1,63,-0.13040167501139893,0.31746031746031744,0.429962343174336,54,0.04964254333865816,0.35185185185185186,1.1314722536766542
2009,292760349,5,Tulane,Army,1,54,0.04964254333865816,0.35185185185185186,1.1314722536766542,63,-0.13040167501139893,0.31746031746031744,0.429962343174336
2009,292760356,5,Illinois,Penn State,1,53,0.022950680672384413,0.37735849056603776,0.8860039094071809,60,0.3519222248218625,0.6,0.9836974149127368
2009,292760356,5,Penn State,Illinois,1,60,0.3519222248218625,0.6,0.9836974149127368,53,0.022950680672384413,0.37735849056603776,0.8860039094071809
2009,292762050,5,Ball State,Toledo,1,79,0.05666005450641721,0.4050632911392405,0.9424382516101353,57,0.16469214583192382,0.5087719298245614,0.9646721416125821
2009,292762050,5,Toledo,Ball State,1,57,0.16469214583192382,0.5087719298245614,0.9646721416125821,79,0.05666005450641721,0.4050632911392405,0.9424382516101353
2009,292762116,5,Memphis,UCF,1,55,0.03877228160788964,0.32727272727272727,1.020880214143652,79,0.07020298417070911,0.5063291139240507,0.6812983113373573
2009,292762116,5,UCF,Memphis,1,79,0.07020298417070911,0.5063291139240507,0.6812983113373573,55,0.03877228160788964,0.32727272727272727,1.020880214143652
2009,292762199,5,Eastern Michigan,Temple,1,67,-0.06170961571391928,0.3582089552238806,0.7288568129404008,58,0.12729015919656686,0.39655172413793105,1.1782733287559004
2009,292762199,5,Temple,Eastern Michigan,1,58,0.12729015919656686,0.39655172413793105,1.1782733287559004,67,-0.06170961571391928,0.3582089552238806,0.7288568129404008
2009,292762226,5,Florida Atlantic,Wyoming,1,58,0.06438818779099677,0.41379310344827586,1.2477921372893617,81,0.14052561286890503,0.48148148148148145,0.870508503043957
2009,292762226,5,Wyoming,Florida Atlantic,1,81,0.14052561286890503,0.48148148148148145,0.870508503043957,58,0.06438818779099677,0.41379310344827586,1.2477921372893617
2009,292762294,5,Arkansas State,Iowa,1,63,0.09909662691526745,0.3492063492063492,0.9902675616726002,58,-0.04230595477960116,0.3793103448275862,0.7887274127154125
2009,292762294,5,Iowa,Arkansas State,1,58,-0.04230595477960116,0.3793103448275862,0.7887274127154125,63,0.09909662691526745,0.3492063492063492,0.9902675616726002
2009,292762390,5,Miami,Oklahoma,1,57,-0.011474394422975901,0.42105263157894735,1.022029611333159,72,0.038240007434052314,0.4027777777777778,0.8594218929880253
2009,292762390,5,Oklahoma,Miami,1,72,0.038240007434052314,0.4027777777777778,0.8594218929880253,57,-0.011474394422975901,0.42105263157894735,1.022029611333159
2009,292762426,5,Air Force,Navy,1,69,-0.019987384615737687,0.37681159420289856,0.7776880130789698,62,-0.052141502692626664,0.25806451612903225,0.8013795457383147
2009,292762426,5,Navy,Air Force,1,62,-0.052141502692626664,0.25806451612903225,0.8013795457383147,69,-0.019987384615737687,0.37681159420289856,0.7776880130789698
2009,292762433,5,Florida International,UL Monroe,1,68,0.017462054754385455,0.4411764705882353,0.6991566993362374,83,0.1492706180333367,0.4939759036144578,0.8645164170933618
2009,292762433,5,UL Monroe,Florida International,1,83,0.1492706180333367,0.4939759036144578,0.8645164170933618,68,0.017462054754385455,0.4411764705882353,0.6991566993362374
2009,292762440,5,Nevada,UNLV,1,60,0.4789137674025692,0.6333333333333333,1.0727732298094748,57,-0.09390258297769348,0.3333333333333333,0.9150021315413925
2009,292762440,5,UNLV,Nevada,1,57,-0.09390258297769348,0.3333333333333333,0.9150021315413925,60,0.4789137674025692,0.6333333333333333,1.0727732298094748
2009,292762459,5,Northern Illinois,Western Michigan,1,48,0.22599002324127157,0.5208333333333334,0.8271284973860428,49,-0.11837251268612489,0.42857142857142855,0.7861555122139819
2009,292762459,5,Western Michigan,Northern Illinois,1,49,-0.11837251268612489,0.42857142857142855,0.7861555122139819,48,0.22599002324127157,0.5208333333333334,0.8271284973860428
2009,292762483,5,Oregon,Washington State,1,45,0.2803908962381954,0.5777777777777777,0.9274166638453032,22,-0.21737710968326038,0.13636363636363635,1.0097216155874411
2009,292762483,5,Washington State,Oregon,1,22,-0.21737710968326038,0.13636363636363635,1.0097216155874411,45,0.2803908962381954,0.5777777777777777,0.9274166638453032
2009,292762509,5,Northwestern,Purdue,1,91,-0.016450390368562905,0.37362637362637363,0.9185067948561597,54,0.10568642192904483,0.3888888888888889,1.194883478249475
2009,292762509,5,Purdue,Northwestern,1,54,0.10568642192904483,0.3888888888888889,1.194883478249475,91,-0.016450390368562905,0.37362637362637363,0.9185067948561597
2009,292762579,5,South Carolina,South Carolina State,1,46,0.060228429537636685,0.5,0.5680093374854229,46,-0.023874155618632938,0.2608695652173913,1.4513692991135836
2009,292762579,5,South Carolina State,South Carolina,1,46,-0.023874155618632938,0.2608695652173913,1.4513692991135836,46,0.060228429537636685,0.5,0.5680093374854229
2009,292762628,5,SMU,TCU,1,50,-0.07351846759089176,0.18,1.788238305422301,58,0.04220517613046192,0.5,0.7047580996902812
2009,292762628,5,TCU,SMU,1,58,0.04220517613046192,0.5,0.7047580996902812,50,-0.07351846759089176,0.18,1.788238305422301
2009,292762633,5,Auburn,Tennessee,1,85,0.05029202730012207,0.4470588235294118,0.7545823086264193,71,0.029938037820451457,0.30985915492957744,1.4116542038738078
2009,292762633,5,Tennessee,Auburn,1,71,0.029938037820451457,0.30985915492957744,1.4116542038738078,85,0.05029202730012207,0.4470588235294118,0.7545823086264193
2009,292762638,5,Houston,UTEP,1,97,0.12733649909748135,0.4845360824742268,0.847554174138363,65,0.19443572464522565,0.47692307692307695,0.8374858188717201
2009,292762638,5,UTEP,Houston,1,65,0.19443572464522565,0.47692307692307695,0.8374858188717201,97,0.12733649909748135,0.4845360824742268,0.847554174138363
2009,292762641,5,New Mexico,Texas Tech,1,82,0.03683846893616345,0.35365853658536583,1.0403389287475884,61,0.03302193577372039,0.4098360655737705,1.2000154394758205
2009,292762641,5,Texas Tech,New Mexico,1,61,0.03302193577372039,0.4098360655737705,1.2000154394758205,82,0.03683846893616345,0.35365853658536583,1.0403389287475884
2009,292792653,6,Middle Tennessee,Troy,1,55,-0.15834570252604216,0.2909090909090909,1.106780781143061,59,0.05621248576023107,0.3898305084745763,0.7784952012350638
2009,292792653,6,Troy,Middle Tennessee,1,59,0.05621248576023107,0.3898305084745763,0.7784952012350638,55,-0.15834570252604216,0.2909090909090909,1.106780781143061
2009,292810142,6,Missouri,Nebraska,1,75,-0.18011145125677153,0.28,0.727548305664724,61,-0.10456241825508994,0.2459016393442623,1.2117234745107837
2009,292810142,6,Nebraska,Missouri,1,61,-0.10456241825508994,0.2459016393442623,1.2117234745107837,75,-0.18011145125677153,0.28,0.727548305664724
2009,292822440,6,Louisiana Tech,Nevada,1,32,-0.26570436101859884,0.125,2.1766281004767074,56,0.2914968872667058,0.5535714285714286,0.8747391502921461
2009,292822440,6,Nevada,Louisiana Tech,1,56,0.2914968872667058,0.5535714285714286,0.8747391502921461,32,-0.26570436101859884,0.125,2.1766281004767074
2009,292830008,6,Arkansas,Auburn,1,76,0.04379103288785482,0.4473684210526316,0.9529465518631081,55,0.005803599263587009,0.32727272727272727,0.8791746880804914
2009,292830008,6,Auburn,Arkansas,1,55,0.005803599263587009,0.32727272727272727,0.8791746880804914,76,0.04379103288785482,0.4473684210526316,0.9529465518631081
2009,292830023,6,Idaho,San José State,1,69,0.21179329479247916,0.5797101449275363,0.7590779395283263,62,0.01740213720396476,0.41935483870967744,0.7915967981412045
2009,292830023,6,San José State,Idaho,1,62,0.01740213720396476,0.41935483870967744,0.7915967981412045,69,0.21179329479247916,0.5797101449275363,0.7590779395283263
2009,292830026,6,Oregon,UCLA,1,59,0.034623963770298694,0.3559322033898305,1.1354537648709426,69,-0.17267566781407287,0.37681159420289856,0.8179638847192419
2009,292830026,6,UCLA,Oregon,1,69,-0.17267566781407287,0.37681159420289856,0.8179638847192419,59,0.034623963770298694,0.3559322033898305,1.1354537648709426
2009,292830036,6,Colorado State,Utah,1,54,0.05456015879548512,0.5,0.9035785464945991,70,0.15015945903476924,0.5142857142857142,0.8685204107755494
2009,292830036,6,Utah,Colorado State,1,70,0.15015945903476924,0.5142857142857142,0.8685204107755494,54,0.05456015879548512,0.5,0.9035785464945991
2009,292830052,6,Florida State,Georgia Tech,1,61,0.33889232363937205,0.5573770491803278,1.0020730571835128,59,0.2588940735490541,0.5084745762711864,0.9993899714573371
2009,292830052,6,Georgia Tech,Florida State,1,59,0.2588940735490541,0.5084745762711864,0.9993899714573371,61,0.33889232363937205,0.5573770491803278,1.0020730571835128
2009,292830062,6,Fresno State,Hawai'i,1,37,0.29392525167549743,0.4864864864864865,1.1075614117060146,37,0.01466105504463223,0.40540540540540543,1.0295318401649167
2009,292830062,6,Hawai'i,Fresno State,1,37,0.01466105504463223,0.40540540540540543,1.0295318401649167,37,0.29392525167549743,0.4864864864864865,1.1075614117060146
2009,292830077,6,Miami (OH),Northwestern,1,77,0.02315067055632324,0.3246753246753247,1.1544325134567572,72,-0.030345008329950136,0.3611111111111111,1.1163246313998019
2009,292830077,6,Northwestern,Miami (OH),1,72,-0.030345008329950136,0.3611111111111111,1.1163246313998019,77,0.02315067055632324,0.3246753246753247,1.1544325134567572
2009,292830097,6,Louisville,Southern Miss,1,54,0.12937411335416885,0.3888888888888889,0.9052350845792032,75,0.14067220119665744,0.48,0.7690966385610624
2009,292830097,6,Southern Miss,Louisville,1,75,0.14067220119665744,0.48,0.7690966385610624,54,0.12937411335416885,0.3888888888888889,0.9052350845792032
2009,292830098,6,Florida International,Western Kentucky,1,64,0.17253554112333414,0.4375,1.0574937067173469,49,0.057072496462054985,0.3877551020408163,0.9087291031163284
2009,292830098,6,Western Kentucky,Florida International,1,49,0.057072496462054985,0.3877551020408163,0.9087291031163284,64,0.17253554112333414,0.4375,1.0574937067173469
2009,292830099,6,Florida,LSU,1,64,-0.01209249909128967,0.46875,0.740490187874426,48,-0.02508115309183839,0.4166666666666667,0.724580399756482
2009,292830099,6,LSU,Florida,1,48,-0.02508115309183839,0.4166666666666667,0.724580399756482,64,-0.01209249909128967,0.46875,0.740490187874426
2009,292830135,6,Minnesota,Purdue,1,50,0.01336026990887231,0.38,0.9730855452782978,77,0.017816731405318628,0.4155844155844156,0.9351537035704064
2009,292830135,6,Purdue,Minnesota,1,77,0.017816731405318628,0.4155844155844156,0.9351537035704064,50,0.01336026990887231,0.38,0.9730855452782978
2009,292830145,6,Alabama,Ole Miss,1,80,-0.005266547350003213,0.375,0.7136863625117666,60,-0.21077598368199962,0.25,0.8194345443387897
2009,292830145,6,Ole Miss,Alabama,1,60,-0.21077598368199962,0.25,0.8194345443387897,80,-0.005266547350003213,0.375,0.7136863625117666
2009,292830152,6,Duke,NC State,1,79,0.18061794259928673,0.46835443037974683,1.2067317469979517,50,-0.04955959135262005,0.4,0.9869006918129979
2009,292830152,6,NC State,Duke,1,50,-0.04955959135262005,0.4,0.9869006918129979,79,0.18061794259928673,0.46835443037974683,1.2067317469979517
2009,292830153,6,Georgia Southern,North Carolina,1,35,-0.192118564282256,0.37142857142857144,0.45326270492777465,39,0.19672640186789425,0.5384615384615384,0.8911497343607127
2009,292830153,6,North Carolina,Georgia Southern,1,39,0.19672640186789425,0.5384615384615384,0.8911497343607127,35,-0.192118564282256,0.37142857142857144,0.45326270492777465
2009,292830154,6,Maryland,Wake Forest,1,62,0.054975730798021746,0.4032258064516129,1.0789760069827048,62,0.25123005850774044,0.46774193548387094,1.2081691640956147
2009,292830154,6,Wake Forest,Maryland,1,62,0.25123005850774044,0.46774193548387094,1.2081691640956147,62,0.054975730798021746,0.4032258064516129,1.0789760069827048
2009,292830164,6,Rutgers,Texas Southern,1,33,0.09457886356816148,0.42424242424242425,0.8068174235135914,30,-0.04814934607405717,0.26666666666666666,1.300505817835536
2009,292830164,6,Texas Southern,Rutgers,1,30,-0.04814934607405717,0.26666666666666666,1.300505817835536,33,0.09457886356816148,0.42424242424242425,0.8068174235135914
2009,292830166,6,New Mexico State,Utah State,1,66,-0.06064101223761409,0.25757575757575757,1.0140437667419167,73,0.12241581037868546,0.3835616438356164,0.9297330835866411
2009,292830166,6,Utah State,New Mexico State,1,73,0.12241581037868546,0.3835616438356164,0.9297330835866411,66,-0.06064101223761409,0.25757575757575757,1.0140437667419167
2009,292830183,6,Syracuse,West Virginia,1,37,-0.2898435342669536,0.21621621621621623,0.22095128347206966,66,0.03754341199354803,0.3939393939393939,0.8952320767920372
2009,292830183,6,West Virginia,Syracuse,1,66,0.03754341199354803,0.3939393939393939,0.8952320767920372,37,-0.2898435342669536,0.21621621621621623,0.22095128347206966
2009,292830194,6,Ohio State,Wisconsin,1,40,-0.03983901950940438,0.275,0.9493144920463948,88,0.10219016331948981,0.3977272727272727,0.8448525584342864
2009,292830194,6,Wisconsin,Ohio State,1,88,0.10219016331948981,0.3977272727272727,0.8448525584342864,40,-0.03983901950940438,0.275,0.9493144920463948
2009,292830201,6,Baylor,Oklahoma,1,55,-0.0005452186843985395,0.23636363636363636,1.7453703385649848,96,0.08000092441895908,0.4479166666666667,0.9149885886938944
2009,292830201,6,Oklahoma,Baylor,1,96,0.08000092441895908,0.4479166666666667,0.9149885886938944,55,-0.0005452186843985395,0.23636363636363636,1.7453703385649848
2009,292830204,6,Oregon State,Stanford,1,68,0.2303316297508867,0.4852941176470588,1.0586361704792664,47,0.17400218554462657,0.3617021276595745,1.2553679358264989
2009,292830204,6,Stanford,Oregon State,1,47,0.17400218554462657,0.3617021276595745,1.2553679358264989,68,0.2303316297508867,0.4852941176470588,1.0586361704792664
2009,292830213,6,Eastern Illinois,Penn State,1,41,-0.06934172138780195,0.3902439024390244,0.745070771743075,26,0.472579536589064,0.7307692307692307,0.9196903472047947
2009,292830213,6,Penn State,Eastern Illinois,1,26,0.472579536589064,0.7307692307692307,0.9196903472047947,41,-0.06934172138780195,0.3902439024390244,0.745070771743075
2009,292830221,6,Pittsburgh,UConn,1,72,0.15488257623451307,0.5,0.9660230758471605,52,0.1047611747561569,0.5192307692307693,0.6987000713661102
2009,292830221,6,UConn,Pittsburgh,1,52,0.1047611747561569,0.5192307692307693,0.6987000713661102,72,0.15488257623451307,0.5,0.9660230758471605
2009,292830242,6,Navy,Rice,1,44,0.44875623811323817,0.6818181818181818,0.8090371369070508,26,0.023820254482922774,0.3076923076923077,1.1125862538983868
2009,292830242,6,Rice,Navy,1,26,0.023820254482922774,0.3076923076923077,1.1125862538983868,44,0.44875623811323817,0.6818181818181818,0.8090371369070508
2009,292830245,6,Oklahoma State,Texas A&M,1,67,0.02146296216232414,0.40298507462686567,0.9508425024959577,80,0.05209668604284506,0.3875,1.1195609968615228
2009,292830245,6,Texas A&M,Oklahoma State,1,80,0.05209668604284506,0.3875,1.1195609968615228,67,0.02146296216232414,0.40298507462686567,0.9508425024959577
2009,292830251,6,Colorado,Texas,1,48,-0.35206212101631396,0.25,0.41326652750654974,60,0.09547408750733989,0.4166666666666667,0.8772165427750335
2009,292830251,6,Texas,Colorado,1,60,0.09547408750733989,0.4166666666666667,0.8772165427750335,48,-0.35206212101631396,0.25,0.41326652750654974
2009,292830258,6,Indiana,Virginia,1,35,-0.09769651141108666,0.2857142857142857,0.6846279599427251,39,0.26842623453516556,0.5897435897435898,0.8359900676709097
2009,292830258,6,Virginia,Indiana,1,39,0.26842623453516556,0.5897435897435898,0.8359900676709097,35,-0.09769651141108666,0.2857142857142857,0.6846279599427251
2009,292830259,6,Boston College,Virginia Tech,1,21,-0.25367014653117265,0.047619047619047616,-0.6139422043948972,38,0.17115870666565894,0.3684210526315789,1.2208077206764492
2009,292830259,6,Virginia Tech,Boston College,1,38,0.17115870666565894,0.3684210526315789,1.2208077206764492,21,-0.25367014653117265,0.047619047619047616,-0.6139422043948972
2009,292830264,6,Arizona,Washington,1,86,-0.0008388286529403104,0.4883720930232558,0.5817191035518389,43,-0.13018785202061162,0.27906976744186046,0.8055507999376084
2009,292830264,6,Washington,Arizona,1,43,-0.13018785202061162,0.27906976744186046,0.8055507999376084,86,-0.0008388286529403104,0.4883720930232558,0.5817191035518389
2009,292830309,6,Louisiana,North Texas,1,65,-0.05691096642914445,0.3384615384615385,0.947966968395518,79,0.039568569591748884,0.4430379746835443,0.91736419119249
2009,292830309,6,North Texas,Louisiana,1,79,0.039568569591748884,0.4430379746835443,0.91736419119249,65,-0.05691096642914445,0.3384615384615385,0.947966968395518
2009,292830344,6,Houston,Mississippi State,1,74,0.08699371884346536,0.6216216216216216,0.5329649398093853,75,0.19564962963907953,0.49333333333333335,1.0615712711436336
2009,292830344,6,Mississippi State,Houston,1,75,0.19564962963907953,0.49333333333333335,1.0615712711436336,74,0.08699371884346536,0.6216216216216216,0.5329649398093853
2009,292830349,6,Army,Vanderbilt,1,75,-0.10511631539796489,0.36,0.6970752415805671,60,0.07982112108904936,0.43333333333333335,0.787552617404572
2009,292830349,6,Vanderbilt,Army,1,60,0.07982112108904936,0.43333333333333335,0.787552617404572,75,-0.10511631539796489,0.36,0.6970752415805671
2009,292830356,6,Illinois,Michigan State,1,58,0.04897383818249093,0.3103448275862069,1.1285131000968762,69,0.08718432749117758,0.42028985507246375,1.0561073307393498
2009,292830356,6,Michigan State,Illinois,1,69,0.08718432749117758,0.42028985507246375,1.0561073307393498,58,0.04897383818249093,0.3103448275862069,1.1285131000968762
2009,292832005,6,Air Force,TCU,1,62,0.046013854515064935,0.2903225806451613,0.9968511858482608,80,0.06203817259392249,0.475,0.8069314481964402
2009,292832005,6,TCU,Air Force,1,80,0.06203817259392249,0.475,0.8069314481964402,62,0.046013854515064935,0.2903225806451613,0.9968511858482608
2009,292832006,6,Akron,Ohio,1,74,0.02433161678659244,0.44594594594594594,0.9855572205934359,63,-0.1271892483886767,0.3492063492063492,0.9360043609616817
2009,292832006,6,Ohio,Akron,1,63,-0.1271892483886767,0.3492063492063492,0.9360043609616817,74,0.02433161678659244,0.44594594594594594,0.9855572205934359
2009,292832117,6,Central Michigan,Eastern Michigan,1,33,0.25625979913884467,0.48484848484848486,1.2215450111157191,28,-0.15854308292243285,0.32142857142857145,0.7646643847036018
2009,292832117,6,Eastern Michigan,Central Michigan,1,28,-0.15854308292243285,0.32142857142857145,0.7646643847036018,33,0.25625979913884467,0.48484848484848486,1.2215450111157191
2009,292832294,6,Iowa,Michigan,1,72,-0.05399705547629032,0.3888888888888889,0.8993950043166682,65,0.12711285072739145,0.5230769230769231,0.7181193429621554
2009,292832294,6,Michigan,Iowa,1,65,0.12711285072739145,0.5230769230769231,0.7181193429621554,72,-0.05399705547629032,0.3888888888888889,0.8993950043166682
2009,292832305,6,Iowa State,Kansas,1,81,0.1262197754142002,0.4567901234567901,1.0144020253217694,75,0.2137969805037191,0.5866666666666667,0.8988822579561723
2009,292832305,6,Kansas,Iowa State,1,75,0.2137969805037191,0.5866666666666667,0.8988822579561723,81,0.1262197754142002,0.4567901234567901,1.0144020253217694
2009,292832309,6,Bowling Green,Kent State,1,91,0.10091734258343509,0.4175824175824176,0.9697684665874231,48,0.04586605088719159,0.2916666666666667,1.1825664298491987
2009,292832309,6,Kent State,Bowling Green,1,48,0.04586605088719159,0.2916666666666667,1.1825664298491987,91,0.10091734258343509,0.4175824175824176,0.9697684665874231
2009,292832390,6,Florida A&M,Miami,1,46,-0.11214008043630125,0.3695652173913043,0.8566690228373283,48,0.05790443276584052,0.5208333333333334,0.5320316411112144
2009,292832390,6,Miami,Florida A&M,1,48,0.05790443276584052,0.5208333333333334,0.5320316411112144,46,-0.11214008043630125,0.3695652173913043,0.8566690228373283
2009,292832439,6,BYU,UNLV,1,51,0.3358850571944322,0.47058823529411764,1.3505400543244306,35,-0.06799646164765209,0.4,0.9761826107713324
2009,292832439,6,UNLV,BYU,1,35,-0.06799646164765209,0.4,0.9761826107713324,51,0.3358850571944322,0.47058823529411764,1.3505400543244306
2009,292832567,6,East Carolina,SMU,1,76,0.07322470292466796,0.4342105263157895,0.9165380878196192,48,-0.050604347515779115,0.3541666666666667,0.9037868156576466
2009,292832567,6,SMU,East Carolina,1,48,-0.050604347515779115,0.3541666666666667,0.9037868156576466,76,0.07322470292466796,0.4342105263157895,0.9165380878196192
2009,292832579,6,Kentucky,South Carolina,1,68,0.0379518390778685,0.3235294117647059,1.1889540519748956,52,0.1068876012539299,0.40384615384615385,0.9231456398833087
2009,292832579,6,South Carolina,Kentucky,1,52,0.1068876012539299,0.40384615384615385,0.9231456398833087,68,0.0379518390778685,0.3235294117647059,1.1889540519748956
2009,292832633,6,Georgia,Tennessee,1,54,0.023418723225587818,0.42592592592592593,0.8941773609329081,54,0.21785618321398473,0.5185185185185185,0.9893141517529286
2009,292832633,6,Tennessee,Georgia,1,54,0.21785618321398473,0.5185185185185185,0.9893141517529286,54,0.023418723225587818,0.42592592592592593,0.8941773609329081
2009,292832641,6,Kansas State,Texas Tech,1,23,-0.05059727892185178,0.30434782608695654,0.8595959232649885,34,0.3146156370003599,0.5588235294117647,1.0396002029114189
2009,292832641,6,Texas Tech,Kansas State,1,34,0.3146156370003599,0.5588235294117647,1.0396002029114189,23,-0.05059727892185178,0.30434782608695654,0.8595959232649885
2009,292832649,6,Toledo,Western Michigan,1,48,-0.021315263480390808,0.3541666666666667,0.7266535615747151,26,0.3608325699055207,0.5384615384615384,1.30754724027508
2009,292832649,6,Western Michigan,Toledo,1,26,0.3608325699055207,0.5384615384615384,1.30754724027508,48,-0.021315263480390808,0.3541666666666667,0.7266535615747151
2009,292832655,6,Marshall,Tulane,1,49,0.0666241197417734,0.4489795918367347,0.9674413872842855,67,0.03545247953273481,0.4626865671641791,0.8367395565899761
2009,292832655,6,Tulane,Marshall,1,67,0.03545247953273481,0.4626865671641791,0.8367395565899761,49,0.0666241197417734,0.4489795918367347,0.9674413872842855
2009,292832751,6,New Mexico,Wyoming,1,63,-0.03502682806552362,0.36507936507936506,0.9193447653985765,66,-0.08394222659297482,0.3484848484848485,1.1027194627632675
2009,292832751,6,Wyoming,New Mexico,1,66,-0.08394222659297482,0.3484848484848485,1.1027194627632675,63,-0.03502682806552362,0.36507936507936506,0.9193447653985765
2009,292862433,7,Arkansas State,UL Monroe,1,73,0.036777652758880994,0.3835616438356164,1.0215062824010348,57,-0.18743681121397265,0.3157894736842105,0.7694778394854088
2009,292862433,7,UL Monroe,Arkansas State,1,57,-0.18743681121397265,0.3157894736842105,0.7694778394854088,73,0.036777652758880994,0.3835616438356164,1.0215062824010348
2009,292870202,7,Boise State,Tulsa,1,75,0.037965358850069665,0.4666666666666667,0.7130300046845642,51,-0.11918439472047458,0.27450980392156865,1.02061440528849
2009,292870202,7,Tulsa,Boise State,1,51,-0.11918439472047458,0.27450980392156865,1.02061440528849,75,0.037965358850069665,0.4666666666666667,0.7130300046845642
2009,292880058,7,Cincinnati,South Florida,1,67,-0.04069369068788022,0.3880597014925373,0.7649281246145941,69,0.013668077016780848,0.36231884057971014,1.2159549318890457
2009,292880058,7,South Florida,Cincinnati,1,69,0.013668077016780848,0.36231884057971014,1.2159549318890457,67,-0.04069369068788022,0.3880597014925373,0.7649281246145941
2009,292890164,7,Pittsburgh,Rutgers,1,68,0.04706274293325828,0.4411764705882353,1.0649337189810966,62,0.06339266715008698,0.3548387096774194,1.1961690330614392
2009,292890164,7,Rutgers,Pittsburgh,1,62,0.06339266715008698,0.3548387096774194,1.1961690330614392,68,0.04706274293325828,0.4411764705882353,1.0649337189810966
2009,292900002,7,Auburn,Kentucky,1,73,0.03941964479819858,0.4520547945205479,0.7257743513620509,71,0.05409579231211719,0.39436619718309857,1.0823896874366963
2009,292900002,7,Kentucky,Auburn,1,71,0.05409579231211719,0.39436619718309857,1.0823896874366963,73,0.03941964479819858,0.4520547945205479,0.7257743513620509
2009,292900009,7,Arizona State,Washington,1,61,0.18572187274870514,0.4262295081967213,1.1552471070448727,64,-0.010024811166577177,0.375,0.9034849508463576
2009,292900009,7,Washington,Arizona State,1,64,-0.010024811166577177,0.375,0.9034849508463576,61,0.18572187274870514,0.4262295081967213,1.1552471070448727
2009,292900012,7,Arizona,Stanford,1,62,0.2012492762837378,0.532258064516129,0.872671440507381,72,0.1739528728718208,0.5,0.9818411126194767
2009,292900012,7,Stanford,Arizona,1,72,0.1739528728718208,0.5,0.9818411126194767,62,0.2012492762837378,0.532258064516129,0.872671440507381
2009,292900021,7,BYU,San Diego State,1,87,0.15385533044236974,0.4482758620689655,1.1258399599754227,46,0.043096183459662964,0.391304347826087,1.122396240618872
2009,292900021,7,San Diego State,BYU,1,46,0.043096183459662964,0.391304347826087,1.122396240618872,87,0.15385533044236974,0.4482758620689655,1.1258399599754227
2009,292900026,7,California,UCLA,1,60,0.04472082740762749,0.31666666666666665,1.0979200431534988,69,-0.057295965824496774,0.3333333333333333,0.8857202636536665
2009,292900026,7,UCLA,California,1,69,-0.057295965824496774,0.3333333333333333,0.8857202636536665,60,0.04472082740762749,0.31666666666666665,1.0979200431534988
2009,292900038,7,Colorado,Kansas,1,66,0.1281944245591299,0.4090909090909091,1.1806514171249312,75,0.13849016818138496,0.44,1.105535834445287
2009,292900038,7,Kansas,Colorado,1,75,0.13849016818138496,0.44,1.105535834445287,66,0.1281944245591299,0.4090909090909091,1.1806514171249312
2009,292900041,7,Louisville,UConn,1,75,0.23979291976863693,0.41333333333333333,1.2400193834966895,58,0.25221066633488665,0.4482758620689655,1.0818571698408281
2009,292900041,7,UConn,Louisville,1,58,0.25221066633488665,0.4482758620689655,1.0818571698408281,75,0.23979291976863693,0.41333333333333333,1.2400193834966895
2009,292900057,7,Arkansas,Florida,1,61,0.016117036358213814,0.3114754098360656,0.9077133133143023,73,0.1129142273797531,0.4794520547945205,0.7609513386531328
2009,292900057,7,Florida,Arkansas,1,73,0.1129142273797531,0.4794520547945205,0.7609513386531328,61,0.016117036358213814,0.3114754098360656,0.9077133133143023
2009,292900059,7,Georgia Tech,Virginia Tech,1,66,0.06535151200829678,0.4090909090909091,1.0164447947633402,43,-0.07242061923664586,0.4186046511627907,0.8624579534908632
2009,292900059,7,Virginia Tech,Georgia Tech,1,43,-0.07242061923664586,0.4186046511627907,0.8624579534908632,66,0.06535151200829678,0.4090909090909091,1.0164447947633402
2009,292900066,7,Baylor,Iowa State,1,68,-0.00040476031770173655,0.4411764705882353,0.8885593448317818,80,0.17218499464290757,0.4875,0.8263292762388005
2009,292900066,7,Iowa State,Baylor,1,80,0.17218499464290757,0.4875,0.8263292762388005,68,-0.00040476031770173655,0.4411764705882353,0.8885593448317818
2009,292900070,7,Hawai'i,Idaho,1,67,0.16204746293613487,0.5223880597014925,1.1231904233834424,51,0.29449371778712946,0.5294117647058824,0.9298070232491629
2009,292900070,7,Idaho,Hawai'i,1,51,0.29449371778712946,0.5294117647058824,0.9298070232491629,67,0.16204746293613487,0.5223880597014925,1.1231904233834424
2009,292900084,7,Illinois,Indiana,1,76,0.19422886838729078,0.5263157894736842,0.8068111499050011,70,0.1458417813713002,0.4142857142857143,1.1732908668927475
2009,292900084,7,Indiana,Illinois,1,70,0.1458417813713002,0.4142857142857143,1.1732908668927475,76,0.19422886838729078,0.5263157894736842,0.8068111499050011
2009,292900087,7,Notre Dame,USC,1,70,0.08002518945866849,0.4857142857142857,0.8926629903194307,60,0.260798496801113,0.43333333333333335,1.1775400681939419
2009,292900087,7,USC,Notre Dame,1,60,0.260798496801113,0.43333333333333335,1.1775400681939419,70,0.08002518945866849,0.4857142857142857,0.8926629903194307
2009,292900098,7,Louisiana,Western Kentucky,1,83,0.10769329529025107,0.43373493975903615,0.8548797290422513,47,-0.06698933639473703,0.44680851063829785,0.669998423487048
2009,292900098,7,Western Kentucky,Louisiana,1,47,-0.06698933639473703,0.44680851063829785,0.669998423487048,83,0.10769329529025107,0.43373493975903615,0.8548797290422513
2009,292900103,7,Boston College,NC State,1,45,0.23204252759948144,0.4888888888888889,1.135972251654636,54,-0.09511916988799603,0.3888888888888889,0.6616569416505838
2009,292900103,7,NC State,Boston College,1,54,-0.09511916988799603,0.3888888888888889,0.6616569416505838,45,0.23204252759948144,0.4888888888888889,1.135972251654636
2009,292900120,7,Maryland,Virginia,1,74,-0.03578123079773708,0.36486486486486486,0.8177856706496262,65,-0.04318295086927971,0.36923076923076925,0.931751769179326
2009,292900120,7,Virginia,Maryland,1,65,-0.04318295086927971,0.36923076923076925,0.931751769179326,74,-0.03578123079773708,0.36486486486486486,0.8177856706496262
2009,292900127,7,Michigan State,Northwestern,1,63,-0.061915411609119904,0.36507936507936506,1.1158035693916692,74,0.08331192442773443,0.4189189189189189,0.927466831865645
2009,292900127,7,Northwestern,Michigan State,1,74,0.08331192442773443,0.4189189189189189,0.927466831865645,63,-0.061915411609119904,0.36507936507936506,1.1158035693916692
2009,292900130,7,Delaware State,Michigan,1,25,-0.2868412021152957,0.04,0.25130409806093645,23,0.5654413050846845,0.7391304347826086,0.8971882081780501
2009,292900130,7,Michigan,Delaware State,1,23,0.5654413050846845,0.7391304347826086,0.8971882081780501,25,-0.2868412021152957,0.04,0.25130409806093645
2009,292900145,7,Ole Miss,UAB,1,29,0.19998665168053723,0.3793103448275862,1.3341275004767466,34,-0.1226612596123319,0.35294117647058826,0.6758515895718169
2009,292900145,7,UAB,Ole Miss,1,34,-0.1226612596123319,0.35294117647058826,0.6758515895718169,29,0.19998665168053723,0.3793103448275862,1.3341275004767466
2009,292900151,7,East Carolina,Rice,1,56,-0.01593064032420721,0.4107142857142857,0.6667953058301157,62,-0.060810449376549086,0.3870967741935484,0.4429360464231028
2009,292900151,7,Rice,East Carolina,1,62,-0.060810449376549086,0.3870967741935484,0.4429360464231028,56,-0.01593064032420721,0.4107142857142857,0.6667953058301157
2009,292900158,7,Nebraska,Texas Tech,1,68,-0.12625971275932765,0.35294117647058826,0.5767155356746202,56,0.09049097096879613,0.3392857142857143,1.3034515181460755
2009,292900158,7,Texas Tech,Nebraska,1,56,0.09049097096879613,0.3392857142857143,1.3034515181460755,68,-0.12625971275932765,0.35294117647058826,0.5767155356746202
2009,292900197,7,Missouri,Oklahoma State,1,67,-0.015786275190457142,0.43283582089552236,1.01174303578823,73,-0.003574199872688329,0.4246575342465753,0.7236132004974389
2009,292900197,7,Oklahoma State,Missouri,1,73,-0.003574199872688329,0.4246575342465753,0.7236132004974389,67,-0.015786275190457142,0.43283582089552236,1.01174303578823
2009,292900213,7,Minnesota,Penn State,1,40,-0.1381834179452379,0.225,1.0681398461003864,76,0.14855674576737773,0.4473684210526316,1.1061525721492216
2009,292900213,7,Penn State,Minnesota,1,76,0.14855674576737773,0.4473684210526316,1.1061525721492216,40,-0.1381834179452379,0.225,1.0681398461003864
2009,292900218,7,Army,Temple,1,43,0.09533701731763809,0.4883720930232558,0.5729584987507784,33,0.051218348065924804,0.3333333333333333,1.3464401477130028
2009,292900218,7,Temple,Army,1,33,0.051218348065924804,0.3333333333333333,1.3464401477130028,43,0.09533701731763809,0.4883720930232558,0.5729584987507784
2009,292900228,7,Clemson,Wake Forest,1,37,0.18660803362282744,0.4594594594594595,0.9794325246498451,51,-0.20677432897747086,0.29411764705882354,0.6942319017736427
2009,292900228,7,Wake Forest,Clemson,1,51,-0.20677432897747086,0.29411764705882354,0.6942319017736427,37,0.18660803362282744,0.4594594594594595,0.9794325246498451
2009,292900238,7,Georgia,Vanderbilt,1,63,-0.03231691959746055,0.31746031746031744,1.1587050348869563,62,-0.05690379830104525,0.3225806451612903,0.9523403155838148
2009,292900238,7,Vanderbilt,Georgia,1,62,-0.05690379830104525,0.3225806451612903,0.9523403155838148,63,-0.03231691959746055,0.31746031746031744,1.1587050348869563
2009,292900249,7,Florida Atlantic,North Texas,1,75,0.131193709655586,0.52,0.8419126813977652,55,0.14158482864286068,0.43636363636363634,1.3133394890263737
2009,292900249,7,North Texas,Florida Atlantic,1,55,0.14158482864286068,0.43636363636363634,1.3133394890263737,75,0.131193709655586,0.52,0.8419126813977652
2009,292900251,7,Oklahoma,Texas,1,72,-0.06502419137012476,0.2638888888888889,1.247561147864728,82,-0.14793291490810392,0.3780487804878049,0.6133526646770224
2009,292900251,7,Texas,Oklahoma,1,82,-0.14793291490810392,0.3780487804878049,0.6133526646770224,72,-0.06502419137012476,0.2638888888888889,1.247561147864728
2009,292900275,7,Iowa,Wisconsin,1,64,-0.0656244118341264,0.3125,1.2222943846535812,58,-0.050718120297500356,0.3620689655172414,0.8661550944293592
2009,292900275,7,Wisconsin,Iowa,1,58,-0.050718120297500356,0.3620689655172414,0.8661550944293592,64,-0.0656244118341264,0.3125,1.2222943846535812
2009,292900277,7,Marshall,West Virginia,1,68,-0.05697100359069776,0.35294117647058826,0.7578790656461141,52,0.026977654812847928,0.3269230769230769,1.188250131800902
2009,292900277,7,West Virginia,Marshall,1,52,0.026977654812847928,0.3269230769230769,1.188250131800902,68,-0.05697100359069776,0.35294117647058826,0.7578790656461141
2009,292900278,7,Fresno State,San José State,1,43,0.3177563233552797,0.5581395348837209,1.0784121107439586,49,-0.11071889400410946,0.2857142857142857,0.90274405208045
2009,292900278,7,San José State,Fresno State,1,49,-0.11071889400410946,0.2857142857142857,0.90274405208045,43,0.3177563233552797,0.5581395348837209,1.0784121107439586
2009,292900328,7,Nevada,Utah State,1,65,0.09256141078390438,0.3076923076923077,1.2949504730525172,73,0.09283482896992051,0.3698630136986301,1.3851856843939785
2009,292900328,7,Utah State,Nevada,1,73,0.09283482896992051,0.3698630136986301,1.3851856843939785,65,0.09256141078390438,0.3076923076923077,1.2949504730525172
2009,292900333,7,Alabama,South Carolina,1,59,0.07310678623990227,0.4745762711864407,0.8109567693873584,75,-0.09089019162958284,0.3466666666666667,0.9561770825601752
2009,292900333,7,South Carolina,Alabama,1,75,-0.09089019162958284,0.3466666666666667,0.9561770825601752,59,0.07310678623990227,0.4745762711864407,0.8109567693873584
2009,292902005,7,Air Force,Wyoming,1,74,-0.07762285589640498,0.3108108108108108,0.9679718942298908,67,-0.10507728023877681,0.31343283582089554,0.7896891096893156
2009,292902005,7,Wyoming,Air Force,1,67,-0.10507728023877681,0.31343283582089554,0.7896891096893156,74,-0.07762285589640498,0.3108108108108108,0.9679718942298908
2009,292902050,7,Ball State,Bowling Green,1,71,0.09225527104927801,0.3380281690140845,1.262499088712647,62,0.13143772741704557,0.4838709677419355,1.0326446648830254
2009,292902050,7,Bowling Green,Ball State,1,62,0.13143772741704557,0.4838709677419355,1.0326446648830254,71,0.09225527104927801,0.3380281690140845,1.262499088712647
2009,292902084,7,Akron,Buffalo,1,57,-0.011490004289950567,0.49122807017543857,0.7039845720459167,65,-0.01800513030357352,0.4,0.946828643248914
2009,292902084,7,Buffalo,Akron,1,65,-0.01800513030357352,0.4,0.946828643248914,57,-0.011490004289950567,0.49122807017543857,0.7039845720459167
2009,292902116,7,Miami,UCF,1,72,0.1760797722716413,0.4861111111111111,0.9281830938521118,53,-0.039779198546446286,0.33962264150943394,0.8349904268452205
2009,292902116,7,UCF,Miami,1,53,-0.039779198546446286,0.33962264150943394,0.8349904268452205,72,0.1760797722716413,0.4861111111111111,0.9281830938521118
2009,292902199,7,Eastern Michigan,Kent State,1,66,-0.099784490727815,0.36363636363636365,0.8230989733056808,61,0.012953143796057689,0.4098360655737705,0.872045769128599
2009,292902199,7,Kent State,Eastern Michigan,1,61,0.012953143796057689,0.4098360655737705,0.872045769128599,66,-0.099784490727815,0.36363636363636365,0.8230989733056808
2009,292902229,7,Florida International,Troy,1,84,-0.14597115306243444,0.39285714285714285,0.6202551766329343,71,0.28544249857166204,0.5070422535211268,1.008368366162753
2009,292902229,7,Troy,Florida International,1,71,0.28544249857166204,0.5070422535211268,1.008368366162753,84,-0.14597115306243444,0.39285714285714285,0.6202551766329343
2009,292902306,7,Kansas State,Texas A&M,1,36,0.08589713031686354,0.5,0.7247482268126736,30,-0.2159967747447621,0.3,0.7793916438680144
2009,292902306,7,Texas A&M,Kansas State,1,30,-0.2159967747447621,0.3,0.7793916438680144,36,0.08589713031686354,0.5,0.7247482268126736
2009,292902348,7,Louisiana Tech,New Mexico State,1,42,0.1958173386880663,0.40476190476190477,1.2269499464232005,28,-0.1872039546392471,0.21428571428571427,0.9052080965663053
2009,292902348,7,New Mexico State,Louisiana Tech,1,28,-0.1872039546392471,0.21428571428571427,0.9052080965663053,42,0.1958173386880663,0.40476190476190477,1.2269499464232005
2009,292902393,7,Middle Tennessee,Mississippi State,1,66,-0.13554247750712198,0.36363636363636365,0.6549657872778962,69,-0.12493363395741411,0.34782608695652173,0.7658753627472268
2009,292902393,7,Mississippi State,Middle Tennessee,1,69,-0.12493363395741411,0.34782608695652173,0.7658753627472268,66,-0.13554247750712198,0.36363636363636365,0.6549657872778962
2009,292902439,7,UNLV,Utah,1,80,-0.03567059844879457,0.35,0.9853793205254986,51,0.15158476310646726,0.5294117647058824,0.7593923986270684
2009,292902439,7,Utah,UNLV,1,51,0.15158476310646726,0.5294117647058824,0.7593923986270684,80,-0.03567059844879457,0.35,0.9853793205254986
2009,292902509,7,Ohio State,Purdue,1,58,-0.0545272179076411,0.3275862068965517,0.9493577537604887,85,-0.10605354588289025,0.4235294117647059,0.4890358937887752
2009,292902509,7,Purdue,Ohio State,1,85,-0.10605354588289025,0.4235294117647059,0.4890358937887752,58,-0.0545272179076411,0.3275862068965517,0.9493577537604887
2009,292902567,7,Navy,SMU,1,69,0.07688278503971045,0.37681159420289856,0.8036922343654206,68,0.05437714762839589,0.4411764705882353,0.973987557833181
2009,292902567,7,SMU,Navy,1,68,0.05437714762839589,0.4411764705882353,0.973987557833181,69,0.07688278503971045,0.37681159420289856,0.8036922343654206
2009,292902572,7,Memphis,Southern Miss,1,78,0.1264372051138386,0.4358974358974359,0.9429928562800727,64,0.0817249855465124,0.40625,1.079770648775582
2009,292902572,7,Southern Miss,Memphis,1,64,0.0817249855465124,0.40625,1.079770648775582,78,0.1264372051138386,0.4358974358974359,0.9429928562800727
2009,292902628,7,Colorado State,TCU,1,45,-0.05482467867380377,0.3111111111111111,0.8427552587890059,41,0.11504342135762773,0.5121951219512195,0.8034553536564323
2009,292902628,7,TCU,Colorado State,1,41,0.11504342135762773,0.5121951219512195,0.8034553536564323,45,-0.05482467867380377,0.3111111111111111,0.8427552587890059
2009,292902649,7,Northern Illinois,Toledo,1,60,0.18332898543730308,0.48333333333333334,0.9157050652703397,57,0.19662979454185422,0.40350877192982454,1.1206016033750619
2009,292902649,7,Toledo,Northern Illinois,1,57,0.19662979454185422,0.40350877192982454,1.1206016033750619,60,0.18332898543730308,0.48333333333333334,0.9157050652703397
2009,292902655,7,Houston,Tulane,1,73,0.3009211047513744,0.6438356164383562,0.7794048870268175,57,0.0821737176450146,0.40350877192982454,1.0489328173968229
2009,292902655,7,Tulane,Houston,1,57,0.0821737176450146,0.40350877192982454,1.0489328173968229,73,0.3009211047513744,0.6438356164383562,0.7794048870268175
2009,292902711,7,Central Michigan,Western Michigan,1,55,0.1588543444831212,0.45454545454545453,0.9578773060196427,83,0.12074167664687378,0.4819277108433735,0.8574350601797045
2009,292902711,7,Western Michigan,Central Michigan,1,83,0.12074167664687378,0.4819277108433735,0.8574350601797045,55,0.1588543444831212,0.45454545454545453,0.9578773060196427
2009,292942638,8,Tulsa,UTEP,1,68,0.22371904398700798,0.47058823529411764,1.1339533208190566,70,-0.03310587468648551,0.35714285714285715,0.9717586715886012
2009,292942638,8,UTEP,Tulsa,1,70,-0.03310587468648551,0.35714285714285715,0.9717586715886012,68,0.22371904398700798,0.47058823529411764,1.1339533208190566
2009,292950153,8,Florida State,North Carolina,1,65,0.11575592955423203,0.46153846153846156,0.7946796663463486,68,-0.029350367699169263,0.27941176470588236,1.150392693242955
2009,292950153,8,North Carolina,Florida State,1,68,-0.029350367699169263,0.27941176470588236,1.150392693242955,65,0.11575592955423203,0.46153846153846156,0.7946796663463486
2009,292960349,8,Army,Rutgers,1,48,-0.03218277685089885,0.25,1.3423685401236773,61,0.03223185336630795,0.3770491803278688,1.274125372275043
2009,292960349,8,Rutgers,Army,1,61,0.03223185336630795,0.3770491803278688,1.274125372275043,48,-0.03218277685089885,0.25,1.3423685401236773
2009,292970012,8,Arizona,UCLA,1,77,-0.009097981596525244,0.45454545454545453,0.8967151258815308,60,-0.03269239868295904,0.3,1.0743143817013114
2009,292970012,8,UCLA,Arizona,1,60,-0.03269239868295904,0.3,1.0743143817013114,77,-0.009097981596525244,0.45454545454545453,0.8967151258815308
2009,292970024,8,Arizona State,Stanford,1,53,0.09108130089001475,0.33962264150943394,1.3499767382982688,72,0.05784214300231109,0.4166666666666667,1.0973748396904264
2009,292970024,8,Stanford,Arizona State,1,72,0.05784214300231109,0.4166666666666667,1.0973748396904264,53,0.09108130089001475,0.33962264150943394,1.3499767382982688
2009,292970025,8,California,Washington State,1,38,0.15802253694610327,0.5263157894736842,0.8181764513666554,52,0.02684993122102363,0.3269230769230769,1.0172930959664523
2009,292970025,8,Washington State,California,1,52,0.02684993122102363,0.3269230769230769,1.0172930959664523,38,0.15802253694610327,0.5263157894736842,0.8181764513666554
2009,292970030,8,Oregon State,USC,1,76,0.23919760054640454,0.47368421052631576,1.0059545393592104,53,0.23086787666888575,0.5660377358490566,0.8616627307942754
2009,292970030,8,USC,Oregon State,1,53,0.23086787666888575,0.5660377358490566,0.8616627307942754,76,0.23919760054640454,0.47368421052631576,1.0059545393592104
2009,292970036,8,Colorado State,San Diego State,1,51,-0.030778871115881942,0.4117647058823529,0.837870795957728,69,0.20265026134775588,0.391304347826087,1.4052847875521963
2009,292970036,8,San Diego State,Colorado State,1,69,0.20265026134775588,0.391304347826087,1.4052847875521963,51,-0.030778871115881942,0.4117647058823529,0.837870795957728
2009,292970062,8,Boise State,Hawai'i,1,37,0.08713025387405102,0.4864864864864865,0.7978451692446729,30,-0.1381961717329459,0.4,0.5889835351957542
2009,292970062,8,Hawai'i,Boise State,1,30,-0.1381961717329459,0.4,0.5889835351957542,37,0.08713025387405102,0.4864864864864865,0.7978451692446729
2009,292970077,8,Indiana,Northwestern,1,54,-0.09969577330928556,0.37037037037037035,0.8301218228535289,86,0.045801953208146555,0.4883720930232558,0.7353492069594953
2009,292970077,8,Northwestern,Indiana,1,86,0.045801953208146555,0.4883720930232558,0.7353492069594953,54,-0.09969577330928556,0.37037037037037035,0.8301218228535289
2009,292970087,8,Boston College,Notre Dame,1,62,-0.017712371116306653,0.3064516129032258,1.2763492199070607,76,-0.057896585001588494,0.42105263157894735,0.6585238376985288
2009,292970087,8,Notre Dame,Boston College,1,76,-0.057896585001588494,0.42105263157894735,0.6585238376985288,62,-0.017712371116306653,0.3064516129032258,1.2763492199070607
2009,292970096,8,Kentucky,UL Monroe,1,48,0.15259663120143668,0.4583333333333333,1.1257975341835273,64,0.009429652609957907,0.3125,1.3654944540242568
2009,292970096,8,UL Monroe,Kentucky,1,64,0.009429652609957907,0.3125,1.3654944540242568,48,0.15259663120143668,0.4583333333333333,1.1257975341835273
2009,292970099,8,Auburn,LSU,1,49,-0.23386797913776158,0.3877551020408163,0.414205105772401,50,-0.04436458854828479,0.4,0.8519794973448503
2009,292970099,8,LSU,Auburn,1,50,-0.04436458854828479,0.4,0.8519794973448503,49,-0.23386797913776158,0.3877551020408163,0.414205105772401
2009,292970127,8,Iowa,Michigan State,1,68,-0.05165133835939252,0.3235294117647059,0.7937990820947342,63,-0.048441076016901105,0.30158730158730157,1.0122207874125897
2009,292970127,8,Michigan State,Iowa,1,63,-0.048441076016901105,0.30158730158730157,1.0122207874125897,68,-0.05165133835939252,0.3235294117647059,0.7937990820947342
2009,292970130,8,Michigan,Penn State,1,59,-0.13854240084907632,0.4406779661016949,0.42775515764490896,64,-0.029267553533151854,0.4375,0.6909207384635735
2009,292970130,8,Penn State,Michigan,1,64,-0.029267553533151854,0.4375,0.6909207384635735,59,-0.13854240084907632,0.4406779661016949,0.42775515764490896
2009,292970142,8,Missouri,Texas,1,37,-0.07575146872825388,0.2972972972972973,1.0637579385188567,51,0.13427782547336883,0.5294117647058824,0.8033923309940966
2009,292970142,8,Texas,Missouri,1,51,0.13427782547336883,0.5294117647058824,0.8033923309940966,37,-0.07575146872825388,0.2972972972972973,1.0637579385188567
2009,292970145,8,Arkansas,Ole Miss,1,55,-0.013799910051504551,0.3090909090909091,1.5494823569432914,80,0.13814350962970215,0.525,0.8285541253829812
2009,292970145,8,Ole Miss,Arkansas,1,80,0.13814350962970215,0.525,0.8285541253829812,55,-0.013799910051504551,0.3090909090909091,1.5494823569432914
2009,292970150,8,Duke,Maryland,1,70,0.1635120954474914,0.37142857142857144,1.2522487641205708,55,-0.1450005432821327,0.34545454545454546,0.6395498555586081
2009,292970150,8,Maryland,Duke,1,55,-0.1450005432821327,0.34545454545454546,0.6395498555586081,70,0.1635120954474914,0.37142857142857144,1.2522487641205708
2009,292970158,8,Iowa State,Nebraska,1,68,-0.10812368857758115,0.2647058823529412,0.8678618067516073,64,0.03900520659785369,0.4375,0.7853554740358588
2009,292970158,8,Nebraska,Iowa State,1,64,0.03900520659785369,0.4375,0.7853554740358588,68,-0.10812368857758115,0.2647058823529412,0.8678618067516073
2009,292970166,8,Fresno State,New Mexico State,1,45,0.04078422249702694,0.37777777777777777,1.0174990119536549,45,-0.006069410725268127,0.24444444444444444,1.2299648915541928
2009,292970166,8,New Mexico State,Fresno State,1,45,-0.006069410725268127,0.24444444444444444,1.2299648915541928,45,0.04078422249702694,0.37777777777777777,1.0174990119536549
2009,292970167,8,New Mexico,UNLV,1,55,0.15870306833441022,0.43636363636363634,1.121654418231872,77,0.15205579588977688,0.5064935064935064,0.8239861196892865
2009,292970167,8,UNLV,New Mexico,1,77,0.15205579588977688,0.5064935064935064,0.8239861196892865,55,0.15870306833441022,0.43636363636363634,1.121654418231872
2009,292970183,8,Akron,Syracuse,1,48,0.026352007193120225,0.2916666666666667,1.1567388811161867,60,0.047867861316546405,0.48333333333333334,0.7134138442189971
2009,292970183,8,Syracuse,Akron,1,60,0.047867861316546405,0.48333333333333334,0.7134138442189971,48,0.026352007193120225,0.2916666666666667,1.1567388811161867
2009,292970189,8,Bowling Green,Central Michigan,1,77,0.029646933711331258,0.4025974025974026,0.9732556698381363,64,0.18237650059325386,0.484375,0.8729327655253281
2009,292970189,8,Central Michigan,Bowling Green,1,64,0.18237650059325386,0.484375,0.8729327655253281,77,0.029646933711331258,0.4025974025974026,0.9732556698381363
2009,292970194,8,Minnesota,Ohio State,1,45,0.05083562098444249,0.35555555555555557,0.9603778421843344,58,0.06357064271023488,0.4827586206896552,0.7338807003222441
2009,292970194,8,Ohio State,Minnesota,1,58,0.06357064271023488,0.4827586206896552,0.7338807003222441,45,0.05083562098444249,0.35555555555555557,0.9603778421843344
2009,292970195,8,Kent State,Ohio,1,77,-0.040022139085465334,0.4155844155844156,0.7025958551127753,59,-0.25682819288586234,0.22033898305084745,1.4165267362827128
2009,292970195,8,Ohio,Kent State,1,59,-0.25682819288586234,0.22033898305084745,1.4165267362827128,77,-0.040022139085465334,0.4155844155844156,0.7025958551127753
2009,292970221,8,Pittsburgh,South Florida,1,51,0.2327487314219046,0.49019607843137253,1.0630253045379456,32,0.0660069155863044,0.4375,0.6092979910838375
2009,292970221,8,South Florida,Pittsburgh,1,32,0.0660069155863044,0.4375,0.6092979910838375,51,0.2327487314219046,0.49019607843137253,1.0630253045379456
2009,292970239,8,Baylor,Oklahoma State,1,40,-0.01459189935501743,0.35,0.9847431714468059,53,0.1512848269392027,0.5660377358490566,0.6741210493222
2009,292970239,8,Oklahoma State,Baylor,1,53,0.1512848269392027,0.5660377358490566,0.6741210493222,40,-0.01459189935501743,0.35,0.9847431714468059
2009,292970242,8,Rice,UCF,1,44,-0.016946276744710224,0.29545454545454547,0.9473420159678023,35,-0.009579094516909428,0.37142857142857144,0.9000744739639397
2009,292970242,8,UCF,Rice,1,35,-0.009579094516909428,0.37142857142857144,0.9000744739639397,44,-0.016946276744710224,0.29545454545454547,0.9473420159678023
2009,292970248,8,Houston,SMU,1,67,0.15571100334915294,0.5074626865671642,0.8451425752835314,55,0.13382363751779636,0.4727272727272727,0.899986077414599
2009,292970248,8,SMU,Houston,1,55,0.13382363751779636,0.4727272727272727,0.899986077414599,67,0.15571100334915294,0.5074626865671642,0.8451425752835314
2009,292970252,8,BYU,TCU,1,42,-0.02201771581348734,0.42857142857142855,0.6361698076116307,48,0.08779169398454255,0.4375,0.7126371743325559
2009,292970252,8,TCU,BYU,1,48,0.08779169398454255,0.4375,0.7126371743325559,42,-0.02201771581348734,0.42857142857142855,0.6361698076116307
2009,292970254,8,Air Force,Utah,1,91,-0.04199417430718808,0.37362637362637363,0.7590959946325061,51,-0.22510515731293332,0.35294117647058826,0.411677890256255
2009,292970254,8,Utah,Air Force,1,51,-0.22510515731293332,0.35294117647058826,0.411677890256255,91,-0.04199417430718808,0.37362637362637363,0.7590959946325061
2009,292970258,8,Georgia Tech,Virginia,1,73,0.19268634551239336,0.4657534246575342,0.8357713094917939,41,-0.06908613526483116,0.3902439024390244,0.7859889777143448
2009,292970258,8,Virginia,Georgia Tech,1,41,-0.06908613526483116,0.3902439024390244,0.7859889777143448,73,0.19268634551239336,0.4657534246575342,0.8357713094917939
2009,292970264,8,Oregon,Washington,1,48,0.35171869884858353,0.4791666666666667,1.147886430350493,54,0.020866285667328278,0.37037037037037035,1.155404413566346
2009,292970264,8,Washington,Oregon,1,54,0.020866285667328278,0.37037037037037035,1.155404413566346,48,0.35171869884858353,0.4791666666666667,1.147886430350493
2009,292970276,8,Marshall,UAB,1,75,0.13282858884205678,0.49333333333333335,0.8124624609609656,60,0.1223535127916362,0.4166666666666667,1.088183383016437
2009,292970276,8,UAB,Marshall,1,60,0.1223535127916362,0.4166666666666667,1.088183383016437,75,0.13282858884205678,0.49333333333333335,0.8124624609609656
2009,292970277,8,UConn,West Virginia,1,76,0.04432330548138516,0.3026315789473684,1.2224391482073744,64,0.06303412088701241,0.421875,1.0052617222949332
2009,292970277,8,West Virginia,UConn,1,64,0.06303412088701241,0.421875,1.0052617222949332,76,0.04432330548138516,0.3026315789473684,1.2224391482073744
2009,292970309,8,Florida Atlantic,Louisiana,1,65,0.18295509695694592,0.46153846153846156,0.9749496611308544,67,0.07109641610041338,0.40298507462686567,0.9084625117069767
2009,292970309,8,Louisiana,Florida Atlantic,1,67,0.07109641610041338,0.40298507462686567,0.9084625117069767,65,0.18295509695694592,0.46153846153846156,0.9749496611308544
2009,292970328,8,Louisiana Tech,Utah State,1,61,-0.03895146377513672,0.3770491803278688,0.7510805079737632,70,-0.12808393309962202,0.32857142857142857,0.7689631919693755
2009,292970328,8,Utah State,Louisiana Tech,1,70,-0.12808393309962202,0.32857142857142857,0.7689631919693755,61,-0.03895146377513672,0.3770491803278688,0.7510805079737632
2009,292970333,8,Alabama,Tennessee,1,63,-0.01960932984119755,0.4603174603174603,0.6615272638265056,72,0.05672066957224056,0.3888888888888889,1.0139382573457056
2009,292970333,8,Tennessee,Alabama,1,72,0.05672066957224056,0.3888888888888889,1.0139382573457056,63,-0.01960932984119755,0.4603174603174603,0.6615272638265056
2009,292970344,8,Florida,Mississippi State,1,70,-0.013894825245476694,0.44285714285714284,0.49495262625227415,60,-0.05181202975237503,0.38333333333333336,0.8846269434169405
2009,292970344,8,Mississippi State,Florida,1,60,-0.05181202975237503,0.38333333333333336,0.8846269434169405,70,-0.013894825245476694,0.44285714285714284,0.49495262625227415
2009,292972032,8,Arkansas State,Florida International,1,69,0.09029502941732326,0.42028985507246375,0.8962365059090888,59,-0.04614834655346205,0.288135593220339,0.936953892806214
2009,292972032,8,Florida International,Arkansas State,1,59,-0.04614834655346205,0.288135593220339,0.936953892806214,69,0.09029502941732326,0.42028985507246375,0.8962365059090888
2009,292972132,8,Cincinnati,Louisville,1,38,0.339667637411402,0.5526315789473685,0.9028213646208224,50,0.04218772164183354,0.42,0.8814880761372972
2009,292972132,8,Louisville,Cincinnati,1,50,0.04218772164183354,0.42,0.8814880761372972,38,0.339667637411402,0.5526315789473685,0.9028213646208224
2009,292972199,8,Ball State,Eastern Michigan,1,63,0.07404696065536118,0.4444444444444444,0.9758865489830304,57,-0.16133542603043938,0.3333333333333333,0.6235928601594087
2009,292972199,8,Eastern Michigan,Ball State,1,57,-0.16133542603043938,0.3333333333333333,0.6235928601594087,63,0.07404696065536118,0.4444444444444444,0.9758865489830304
2009,292972305,8,Kansas,Oklahoma,1,62,-0.13530660798315203,0.3709677419354839,0.7616598823965001,64,0.04181809142373854,0.390625,0.9003897109110053
2009,292972305,8,Oklahoma,Kansas,1,64,0.04181809142373854,0.390625,0.9003897109110053,62,-0.13530660798315203,0.3709677419354839,0.7616598823965001
2009,292972306,8,Colorado,Kansas State,1,67,-0.02651235934167224,0.29850746268656714,0.8224849457886213,60,-0.07201721819788937,0.2833333333333333,0.9620563098446845
2009,292972306,8,Kansas State,Colorado,1,60,-0.07201721819788937,0.2833333333333333,0.9620563098446845,67,-0.02651235934167224,0.29850746268656714,0.8224849457886213
2009,292972390,8,Clemson,Miami,1,70,0.018045700372346832,0.4,1.1401013719267923,62,0.16722099727386536,0.46774193548387094,0.9802237088565885
2009,292972390,8,Miami,Clemson,1,62,0.16722099727386536,0.46774193548387094,0.9802237088565885,70,0.018045700372346832,0.4,1.1401013719267923
2009,292972393,8,Middle Tennessee,Western Kentucky,1,50,0.18561173003513254,0.5,0.9788256421419215,36,-0.10792510895355,0.1388888888888889,1.9609426174106415
2009,292972393,8,Western Kentucky,Middle Tennessee,1,36,-0.10792510895355,0.1388888888888889,1.9609426174106415,50,0.18561173003513254,0.5,0.9788256421419215
2009,292972426,8,Navy,Wake Forest,1,65,0.12048756933527442,0.3384615384615385,1.1651804108347368,60,0.08844127462451024,0.35,1.0942184309669603
2009,292972426,8,Wake Forest,Navy,1,60,0.08844127462451024,0.35,1.0942184309669603,65,0.12048756933527442,0.3384615384615385,1.1651804108347368
2009,292972440,8,Idaho,Nevada,1,46,0.06717047951113556,0.34782608695652173,1.0314403339438387,57,0.12533826407728105,0.47368421052631576,0.7338553631527653
2009,292972440,8,Nevada,Idaho,1,57,0.12533826407728105,0.47368421052631576,0.7338553631527653,46,0.06717047951113556,0.34782608695652173,1.0314403339438387
2009,292972509,8,Illinois,Purdue,1,62,0.0346682952508706,0.3709677419354839,0.9810571793931722,61,0.1545981413648177,0.4262295081967213,0.8715561606815281
2009,292972509,8,Purdue,Illinois,1,61,0.1545981413648177,0.4262295081967213,0.8715561606815281,62,0.0346682952508706,0.3709677419354839,0.9810571793931722
2009,292972572,8,Southern Miss,Tulane,1,42,0.22095074103417575,0.5238095238095238,0.6874436433517951,48,0.08308877062745286,0.4166666666666667,1.0115428168413796
2009,292972572,8,Tulane,Southern Miss,1,48,0.08308877062745286,0.4166666666666667,1.0115428168413796,42,0.22095074103417575,0.5238095238095238,0.6874436433517951
2009,292972579,8,South Carolina,Vanderbilt,1,67,-0.0002013809239001828,0.34328358208955223,1.1765941904795107,71,-0.015176536691504795,0.3380281690140845,0.8835138107890661
2009,292972579,8,Vanderbilt,South Carolina,1,71,-0.015176536691504795,0.3380281690140845,0.8835138107890661,67,-0.0002013809239001828,0.34328358208955223,1.1765941904795107
2009,292972641,8,Texas A&M,Texas Tech,1,81,0.2209620877133491,0.5555555555555556,0.7305645316736146,70,-0.014603701676816119,0.44285714285714284,0.9952730941930285
2009,292972641,8,Texas Tech,Texas A&M,1,70,-0.014603701676816119,0.44285714285714284,0.9952730941930285,81,0.2209620877133491,0.5555555555555556,0.7305645316736146
2009,292972649,8,Temple,Toledo,1,65,-0.08423781335630086,0.35384615384615387,0.649281339663144,57,-0.06448122423146388,0.40350877192982454,0.7057578660263669
2009,292972649,8,Toledo,Temple,1,57,-0.06448122423146388,0.40350877192982454,0.7057578660263669,65,-0.08423781335630086,0.35384615384615387,0.649281339663144
2009,292972653,8,North Texas,Troy,1,35,-0.1101838730044709,0.2857142857142857,1.0197667361944032,64,0.2324775935083965,0.59375,0.8581679252798696
2009,292972653,8,Troy,North Texas,1,64,0.2324775935083965,0.59375,0.8581679252798696,35,-0.1101838730044709,0.2857142857142857,1.0197667361944032
2009,292972711,8,Buffalo,Western Michigan,1,76,0.02275427519281913,0.4342105263157895,0.9836559434821875,86,0.13748586946345265,0.5,0.7557408319265506
2009,292972711,8,Western Michigan,Buffalo,1,86,0.13748586946345265,0.5,0.7557408319265506,76,0.02275427519281913,0.4342105263157895,0.9836559434821875
2009,293000235,9,East Carolina,Memphis,1,72,0.18075704554143224,0.5277777777777778,0.8285926723516054,74,-0.0015270228314012465,0.4864864864864865,0.7033614251831654
2009,293000235,9,Memphis,East Carolina,1,74,-0.0015270228314012465,0.4864864864864865,0.7033614251831654,72,0.18075704554143224,0.5277777777777778,0.8285926723516054
2009,293020259,9,North Carolina,Virginia Tech,1,71,-0.007031613359379807,0.352112676056338,0.7520534275153312,55,-0.04043862488845151,0.34545454545454546,1.1391618265285484
2009,293020259,9,Virginia Tech,North Carolina,1,55,-0.04043862488845151,0.34545454545454546,1.1391618265285484,71,-0.007031613359379807,0.352112676056338,0.7520534275153312
2009,293030058,9,South Florida,West Virginia,1,66,0.09218813163763709,0.3787878787878788,1.1409750092469695,66,0.033915456870747505,0.4696969696969697,0.7237535063314949
2009,293030058,9,West Virginia,South Florida,1,66,0.033915456870747505,0.4696969696969697,0.7237535063314949,66,0.09218813163763709,0.3787878787878788,1.1409750092469695
2009,293040002,9,Auburn,Ole Miss,1,65,0.01698701663329666,0.3230769230769231,1.371983628139664,73,-0.047190956873753305,0.410958904109589,0.8593090095865027
2009,293040002,9,Ole Miss,Auburn,1,73,-0.047190956873753305,0.410958904109589,0.8593090095865027,65,0.01698701663329666,0.3230769230769231,1.371983628139664
2009,293040008,9,Arkansas,Eastern Michigan,1,24,0.257847324403538,0.5833333333333334,0.772470580657627,18,-0.3417989662462614,0.2777777777777778,0.15619576891470877
2009,293040008,9,Eastern Michigan,Arkansas,1,18,-0.3417989662462614,0.2777777777777778,0.15619576891470877,24,0.257847324403538,0.5833333333333334,0.772470580657627
2009,293040009,9,Arizona State,California,1,52,-0.07074516338612762,0.40384615384615385,0.5955536875805304,76,0.17446018903303323,0.35526315789473684,1.190475356201288
2009,293040009,9,California,Arizona State,1,76,0.17446018903303323,0.35526315789473684,1.190475356201288,52,-0.07074516338612762,0.40384615384615385,0.5955536875805304
2009,293040021,9,New Mexico,San Diego State,1,88,0.05247658973226493,0.3977272727272727,1.037289049017628,64,-0.02726142508482838,0.375,1.0868089843973383
2009,293040021,9,San Diego State,New Mexico,1,64,-0.02726142508482838,0.375,1.0868089843973383,88,0.05247658973226493,0.3977272727272727,1.037289049017628
2009,293040036,9,Air Force,Colorado State,1,68,0.18055954865624813,0.47058823529411764,0.8752019416262902,42,-0.009608784714130812,0.38095238095238093,0.8157171988510513
2009,293040036,9,Colorado State,Air Force,1,42,-0.009608784714130812,0.38095238095238093,0.8157171988510513,68,0.18055954865624813,0.47058823529411764,0.8752019416262902
2009,293040038,9,Colorado,Missouri,1,53,-0.18002147829302428,0.2830188679245283,1.027323743380469,73,-0.14053504253701626,0.3698630136986301,0.6570206321085782
2009,293040038,9,Missouri,Colorado,1,73,-0.14053504253701626,0.3698630136986301,0.6570206321085782,53,-0.18002147829302428,0.2830188679245283,1.027323743380469
2009,293040041,9,Rutgers,UConn,1,52,-0.1250519822669464,0.21153846153846154,1.1983583640950066,84,0.04205619541841928,0.38095238095238093,1.0244955780753207
2009,293040041,9,UConn,Rutgers,1,84,0.04205619541841928,0.38095238095238093,1.0244955780753207,52,-0.1250519822669464,0.21153846153846154,1.1983583640950066
2009,293040052,9,Florida State,NC State,1,68,0.17652880490660705,0.5882352941176471,0.6962129158430085,63,0.19733091602340086,0.5238095238095238,0.8636026078836887
2009,293040052,9,NC State,Florida State,1,63,0.19733091602340086,0.5238095238095238,0.8636026078836887,68,0.17652880490660705,0.5882352941176471,0.6962129158430085
2009,293040057,9,Florida,Georgia,1,51,0.1665537438622572,0.5294117647058824,0.9303900647791,51,0.11715631528339673,0.37254901960784315,1.0357844694749803
2009,293040057,9,Georgia,Florida,1,51,0.11715631528339673,0.37254901960784315,1.0357844694749803,51,0.1665537438622572,0.5294117647058824,0.9303900647791
2009,293040068,9,Boise State,San José State,1,48,0.07470676522133274,0.4166666666666667,0.9751050182985832,33,-0.04272930396202287,0.2727272727272727,1.1731423941634158
2009,293040068,9,San José State,Boise State,1,33,-0.04272930396202287,0.2727272727272727,1.1731423941634158,48,0.07470676522133274,0.4166666666666667,0.9751050182985832
2009,293040070,9,Idaho,Louisiana Tech,1,69,0.04973241776331565,0.4057971014492754,1.217717195379989,86,0.20957009628667475,0.47674418604651164,0.9371091603397791
2009,293040070,9,Louisiana Tech,Idaho,1,86,0.20957009628667475,0.47674418604651164,0.9371091603397791,69,0.04973241776331565,0.4057971014492754,1.217717195379989
2009,293040077,9,Northwestern,Penn State,1,81,0.036604930201404,0.38271604938271603,0.9039155877206952,55,0.16533398276045577,0.6,0.6675838220257655
2009,293040077,9,Penn State,Northwestern,1,55,0.16533398276045577,0.6,0.6675838220257655,81,0.036604930201404,0.38271604938271603,0.9039155877206952
2009,293040087,9,Notre Dame,Washington State,1,66,0.30973318728312926,0.6060606060606061,0.7969829754035187,28,-0.09857689495779248,0.2857142857142857,0.8301568810407493
2009,293040087,9,Washington State,Notre Dame,1,28,-0.09857689495779248,0.2857142857142857,0.8301568810407493,66,0.30973318728312926,0.6060606060606061,0.7969829754035187
2009,293040096,9,Kentucky,Mississippi State,1,65,-0.08512538867708236,0.4,0.9097789555704234,59,0.1414029928611892,0.4745762711864407,0.8560821200757361
2009,293040096,9,Mississippi State,Kentucky,1,59,0.1414029928611892,0.4745762711864407,0.8560821200757361,65,-0.08512538867708236,0.4,0.9097789555704234
2009,293040097,9,Arkansas State,Louisville,1,67,-0.005232654120473767,0.3880597014925373,0.8583620286369501,75,0.1361619568076488,0.41333333333333333,1.1424368552310766
2009,293040097,9,Louisville,Arkansas State,1,75,0.1361619568076488,0.41333333333333333,1.1424368552310766,67,-0.005232654120473767,0.3880597014925373,0.8583620286369501
2009,293040099,9,LSU,Tulane,1,37,0.06858596528393492,0.5135135135135135,0.7851822196268162,46,-0.124359507105927,0.391304347826087,0.8594099654817294
2009,293040099,9,Tulane,LSU,1,46,-0.124359507105927,0.391304347826087,0.8594099654817294,37,0.06858596528393492,0.5135135135135135,0.7851822196268162
2009,293040103,9,Boston College,Central Michigan,1,59,0.19799546697698372,0.4745762711864407,0.9213947112794219,65,-0.057354365148238474,0.38461538461538464,0.8927570914203267
2009,293040103,9,Central Michigan,Boston College,1,65,-0.057354365148238474,0.38461538461538464,0.8927570914203267,59,0.19799546697698372,0.4745762711864407,0.9213947112794219
2009,293040135,9,Michigan State,Minnesota,1,47,-0.09608603685719781,0.3829787234042553,0.5438979317957816,61,0.028150081442004496,0.32786885245901637,1.114566005841295
2009,293040135,9,Minnesota,Michigan State,1,61,0.028150081442004496,0.32786885245901637,1.114566005841295,47,-0.09608603685719781,0.3829787234042553,0.5438979317957816
2009,293040154,9,Miami,Wake Forest,1,61,0.11116364764993153,0.3442622950819672,1.3482335456184757,85,0.160504731553859,0.4823529411764706,0.9734271594988465
2009,293040154,9,Wake Forest,Miami,1,85,0.160504731553859,0.4823529411764706,0.9734271594988465,61,0.11116364764993153,0.3442622950819672,1.3482335456184757
2009,293040183,9,Cincinnati,Syracuse,1,59,0.12290566508915184,0.5084745762711864,0.842378684339208,55,0.04163518693011714,0.4,0.9016407608102375
2009,293040183,9,Syracuse,Cincinnati,1,55,0.04163518693011714,0.4,0.9016407608102375,59,0.12290566508915184,0.5084745762711864,0.842378684339208
2009,293040193,9,Miami (OH),Toledo,1,71,0.18096612782931182,0.5070422535211268,0.9617231585888518,71,0.17705767231065644,0.49295774647887325,0.9622400692634444
2009,293040193,9,Toledo,Miami (OH),1,71,0.17705767231065644,0.49295774647887325,0.9622400692634444,71,0.18096612782931182,0.5070422535211268,0.9617231585888518
2009,293040194,9,New Mexico State,Ohio State,1,28,-0.2717418560096382,0.14285714285714285,1.0053632268478523,55,0.1441016902216964,0.4,1.3632061383907381
2009,293040194,9,Ohio State,New Mexico State,1,55,0.1441016902216964,0.4,1.3632061383907381,28,-0.2717418560096382,0.14285714285714285,1.0053632268478523
2009,293040197,9,Oklahoma State,Texas,1,49,-0.045489665320979075,0.4489795918367347,0.712240923518746,44,0.22970550686778676,0.45454545454545453,1.0929827240862726
2009,293040197,9,Texas,Oklahoma State,1,44,0.22970550686778676,0.45454545454545453,1.0929827240862726,49,-0.045489665320979075,0.4489795918367347,0.712240923518746
2009,293040201,9,Kansas State,Oklahoma,1,58,0.20489411567319063,0.41379310344827586,1.1672020809712418,66,0.26562756463334525,0.4696969696969697,1.1497506271582796
2009,293040201,9,Oklahoma,Kansas State,1,66,0.26562756463334525,0.4696969696969697,1.1497506271582796,58,0.20489411567319063,0.41379310344827586,1.1672020809712418
2009,293040202,9,SMU,Tulsa,1,68,0.07348793008040569,0.3088235294117647,1.17533410185182,62,-0.08295034048510994,0.27419354838709675,1.2085200689674667
2009,293040202,9,Tulsa,SMU,1,62,-0.08295034048510994,0.27419354838709675,1.2085200689674667,68,0.07348793008040569,0.3088235294117647,1.17533410185182
2009,293040204,9,Oregon State,UCLA,1,72,0.2123709258978667,0.5138888888888888,0.8597963405878764,62,0.08939884397001398,0.43548387096774194,1.0985887179638085
2009,293040204,9,UCLA,Oregon State,1,62,0.08939884397001398,0.43548387096774194,1.0985887179638085,72,0.2123709258978667,0.5138888888888888,0.8597963405878764
2009,293040228,9,Clemson,Coastal Carolina,1,39,-0.02083686314852668,0.48717948717948717,0.917775626568812,39,-0.13802734615818682,0.20512820512820512,0.9262627927177962
2009,293040228,9,Coastal Carolina,Clemson,1,39,-0.13802734615818682,0.20512820512820512,0.9262627927177962,39,-0.02083686314852668,0.48717948717948717,0.917775626568812
2009,293040238,9,Georgia Tech,Vanderbilt,1,62,0.2053941494944371,0.5806451612903226,0.7565377052095588,44,0.2224086360379949,0.4318181818181818,1.1968237574241392
2009,293040238,9,Vanderbilt,Georgia Tech,1,44,0.2224086360379949,0.4318181818181818,1.1968237574241392,62,0.2053941494944371,0.5806451612903226,0.7565377052095588
2009,293040239,9,Baylor,Nebraska,1,71,-0.06492438058803564,0.38028169014084506,1.000842197941219,60,0.009606470560408047,0.36666666666666664,0.968153035329252
2009,293040239,9,Nebraska,Baylor,1,60,0.009606470560408047,0.36666666666666664,0.968153035329252,71,-0.06492438058803564,0.38028169014084506,1.000842197941219
2009,293040245,9,Iowa State,Texas A&M,1,54,-0.01800964965301158,0.5555555555555556,0.5687228384517974,58,0.3679583920821771,0.6206896551724138,0.8751264130904454
2009,293040245,9,Texas A&M,Iowa State,1,58,0.3679583920821771,0.6206896551724138,0.8751264130904454,54,-0.01800964965301158,0.5555555555555556,0.5687228384517974
2009,293040248,9,Houston,Southern Miss,1,83,0.2738468835241094,0.5783132530120482,0.9794180368930774,76,0.22323780646220379,0.5131578947368421,0.9511659540511298
2009,293040248,9,Southern Miss,Houston,1,76,0.22323780646220379,0.5131578947368421,0.9511659540511298,83,0.2738468835241094,0.5783132530120482,0.9794180368930774
2009,293040249,9,North Texas,Western Kentucky,1,66,0.202843421918566,0.5909090909090909,0.685627280360612,50,0.16124785186403995,0.46,1.136416882239375
2009,293040249,9,Western Kentucky,North Texas,1,50,0.16124785186403995,0.46,1.136416882239375,66,0.202843421918566,0.5909090909090909,0.685627280360612
2009,293040254,9,Utah,Wyoming,1,67,0.0840389516343959,0.417910447761194,0.8194259691507408,55,-0.07550407758419511,0.3090909090909091,0.726608218766959
2009,293040254,9,Wyoming,Utah,1,55,-0.07550407758419511,0.3090909090909091,0.726608218766959,67,0.0840389516343959,0.417910447761194,0.8194259691507408
2009,293040258,9,Duke,Virginia,1,83,0.04098679187983025,0.3855421686746988,0.9239285015193786,65,-0.07525254199919044,0.3076923076923077,0.8059353248737712
2009,293040258,9,Virginia,Duke,1,65,-0.07525254199919044,0.3076923076923077,0.8059353248737712,83,0.04098679187983025,0.3855421686746988,0.9239285015193786
2009,293040275,9,Purdue,Wisconsin,1,35,-0.10810924969654044,0.2,1.3371407186633957,41,0.21682135223003954,0.5121951219512195,0.820452408655192
2009,293040275,9,Wisconsin,Purdue,1,41,0.21682135223003954,0.5121951219512195,0.820452408655192,35,-0.10810924969654044,0.2,1.3371407186633957
2009,293040278,9,Fresno State,Utah State,1,21,0.5551527570223743,0.5714285714285714,1.282465107595453,24,0.3037480122205084,0.4583333333333333,1.1546741464119676
2009,293040278,9,Utah State,Fresno State,1,24,0.3037480122205084,0.4583333333333333,1.1546741464119676,21,0.5551527570223743,0.5714285714285714,1.282465107595453
2009,293040356,9,Illinois,Michigan,1,63,0.16778998450327234,0.3968253968253968,0.9504412444451603,62,0.05399436263373662,0.43548387096774194,0.974817794362585
2009,293040356,9,Michigan,Illinois,1,62,0.05399436263373662,0.43548387096774194,0.974817794362585,63,0.16778998450327234,0.3968253968253968,0.9504412444451603
2009,293042050,9,Ball State,Ohio,1,46,0.004965673876277625,0.34782608695652173,0.8575803512515975,71,-0.03461354577488221,0.4084507042253521,0.7899129187689127
2009,293042050,9,Ohio,Ball State,1,71,-0.03461354577488221,0.4084507042253521,0.7899129187689127,46,0.004965673876277625,0.34782608695652173,0.8575803512515975
2009,293042226,9,Florida Atlantic,Middle Tennessee,1,91,0.08332630633214351,0.38461538461538464,1.2343605148011838,55,-0.2953946631063649,0.3090909090909091,0.8666010610103947
2009,293042226,9,Middle Tennessee,Florida Atlantic,1,55,-0.2953946631063649,0.3090909090909091,0.8666010610103947,91,0.08332630633214351,0.38461538461538464,1.2343605148011838
2009,293042229,9,Florida International,Louisiana,1,91,0.07167660379738919,0.4175824175824176,1.013976152916654,79,-0.11821141817689039,0.3924050632911392,0.7626612070635226
2009,293042229,9,Louisiana,Florida International,1,79,-0.11821141817689039,0.3924050632911392,0.7626612070635226,91,0.07167660379738919,0.4175824175824176,1.013976152916654
2009,293042294,9,Indiana,Iowa,1,66,-0.14582788322274742,0.3484848484848485,0.48903069566103874,58,0.03227426637011782,0.3620689655172414,0.9953398638598377
2009,293042294,9,Iowa,Indiana,1,58,0.03227426637011782,0.3620689655172414,0.9953398638598377,66,-0.14582788322274742,0.3484848484848485,0.48903069566103874
2009,293042309,9,Kent State,Western Michigan,1,65,0.23834913927319526,0.46153846153846156,1.1448414441473311,70,0.005197087995333196,0.44285714285714284,0.8119084218290665
2009,293042309,9,Western Michigan,Kent State,1,70,0.005197087995333196,0.44285714285714284,0.8119084218290665,65,0.23834913927319526,0.46153846153846156,1.1448414441473311
2009,293042426,9,Navy,Temple,1,68,-0.08672316529183875,0.36764705882352944,0.6298158101063526,51,-0.04901242675222218,0.37254901960784315,0.7424462309074256
2009,293042426,9,Temple,Navy,1,51,-0.04901242675222218,0.37254901960784315,0.7424462309074256,68,-0.08672316529183875,0.36764705882352944,0.6298158101063526
2009,293042440,9,Hawai'i,Nevada,1,66,0.022844497398355094,0.45454545454545453,0.8426562500540798,71,0.11905752225620428,0.4788732394366197,1.0041584787056965
2009,293042440,9,Nevada,Hawai'i,1,71,0.11905752225620428,0.4788732394366197,1.0041584787056965,66,0.022844497398355094,0.45454545454545453,0.8426562500540798
2009,293042459,9,Akron,Northern Illinois,1,52,-0.12500227060471178,0.2692307692307692,0.7927742174552269,70,0.07948347456658897,0.4,0.8772706520288788
2009,293042459,9,Northern Illinois,Akron,1,70,0.07948347456658897,0.4,0.8772706520288788,52,-0.12500227060471178,0.2692307692307692,0.7927742174552269
2009,293042483,9,Oregon,USC,1,72,0.37606718537979106,0.5833333333333334,0.9896194438453945,54,0.11241433123560586,0.4074074074074074,0.8313485644025359
2009,293042483,9,USC,Oregon,1,54,0.11241433123560586,0.4074074074074074,0.8313485644025359,72,0.37606718537979106,0.5833333333333334,0.9896194438453945
2009,293042628,9,TCU,UNLV,1,53,0.17266105051319566,0.5471698113207547,0.7287253583059079,38,-0.238434137878348,0.18421052631578946,1.4990888964845723
2009,293042628,9,UNLV,TCU,1,38,-0.238434137878348,0.18421052631578946,1.4990888964845723,53,0.17266105051319566,0.5471698113207547,0.7287253583059079
2009,293042633,9,South Carolina,Tennessee,1,71,0.03678331036666617,0.39436619718309857,1.0022301422383109,61,0.003755726807628796,0.39344262295081966,0.6617877068192615
2009,293042633,9,Tennessee,South Carolina,1,61,0.003755726807628796,0.39344262295081966,0.6617877068192615,71,0.03678331036666617,0.39436619718309857,1.0022301422383109
2009,293042641,9,Kansas,Texas Tech,1,69,-0.05384048533835211,0.36231884057971014,0.9218159307547166,72,-0.005728101657892883,0.3611111111111111,1.0965512569495948
2009,293042641,9,Texas Tech,Kansas,1,72,-0.005728101657892883,0.3611111111111111,1.0965512569495948,69,-0.05384048533835211,0.36231884057971014,0.9218159307547166
2009,293042653,9,Troy,UL Monroe,1,64,0.0076014199532822326,0.375,1.1849634271454512,68,-0.0059527723437512855,0.38235294117647056,1.075873697753102
2009,293042653,9,UL Monroe,Troy,1,68,-0.0059527723437512855,0.38235294117647056,1.075873697753102,64,0.0076014199532822326,0.375,1.1849634271454512
2009,293052116,9,Marshall,UCF,1,64,-0.07628346189374552,0.390625,0.8118546362464123,75,0.08010800230749994,0.3333333333333333,1.5176642744777227
2009,293052116,9,UCF,Marshall,1,75,0.08010800230749994,0.3333333333333333,1.5176642744777227,64,-0.07628346189374552,0.390625,0.8118546362464123
2009,293072084,10,Bowling Green,Buffalo,1,63,-0.02360090077589247,0.38095238095238093,1.0902618280151049,70,0.18067208117040642,0.35714285714285715,1.1870817992741938
2009,293072084,10,Buffalo,Bowling Green,1,70,0.18067208117040642,0.35714285714285715,1.1870817992741938,63,-0.02360090077589247,0.38095238095238093,1.0902618280151049
2009,293090151,10,East Carolina,Virginia Tech,1,67,0.0665253170752412,0.34328358208955223,0.8881383973881446,77,0.07372487972921847,0.45454545454545453,0.7635539375544591
2009,293090151,10,Virginia Tech,East Carolina,1,77,0.07372487972921847,0.45454545454545453,0.7635539375544591,67,0.0665253170752412,0.34328358208955223,0.8881383973881446
2009,293090218,10,Miami (OH),Temple,1,70,0.2176359480642052,0.4,1.1703241402112299,62,0.02965587778738056,0.41935483870967744,0.8089269544506672
2009,293090218,10,Temple,Miami (OH),1,62,0.02965587778738056,0.41935483870967744,0.8089269544506672,70,0.2176359480642052,0.4,1.1703241402112299
2009,293092459,10,Eastern Michigan,Northern Illinois,1,36,-0.047759751234082895,0.3611111111111111,0.6614696727300647,21,0.0907874829906344,0.42857142857142855,1.2672486454087843
2009,293092459,10,Northern Illinois,Eastern Michigan,1,21,0.0907874829906344,0.42857142857142855,1.2672486454087843,36,-0.047759751234082895,0.3611111111111111,0.6614696727300647
2009,293102348,10,Boise State,Louisiana Tech,1,72,0.09691852551084965,0.5138888888888888,0.6325097832481527,59,-0.003155646944951206,0.3559322033898305,0.6984122712314291
2009,293102348,10,Louisiana Tech,Boise State,1,59,-0.003155646944951206,0.3559322033898305,0.6984122712314291,72,0.09691852551084965,0.5138888888888888,0.6325097832481527
2009,293110002,10,Auburn,Furman,1,46,0.4286678775351264,0.5869565217391305,0.9720391054342021,31,-0.09452045788026,0.1935483870967742,0.8523229636978674
2009,293110002,10,Furman,Auburn,1,31,-0.09452045788026,0.1935483870967742,0.8523229636978674,46,0.4286678775351264,0.5869565217391305,0.9720391054342021
2009,293110005,10,Florida Atlantic,UAB,1,53,0.08063300642173385,0.41509433962264153,1.0685501451714643,40,0.534086512078691,0.575,1.3763747350692053
2009,293110005,10,UAB,Florida Atlantic,1,40,0.534086512078691,0.575,1.3763747350692053,53,0.08063300642173385,0.41509433962264153,1.0685501451714643
2009,293110008,10,Arkansas,South Carolina,1,60,0.18814369715261042,0.4,1.1713801751859139,58,-0.00612088275973217,0.39655172413793105,1.2683786182465886
2009,293110008,10,South Carolina,Arkansas,1,58,-0.00612088275973217,0.39655172413793105,1.2683786182465886,60,0.18814369715261042,0.4,1.1713801751859139
2009,293110009,10,Arizona State,USC,1,83,-0.040397030762712394,0.39759036144578314,0.8361191533578047,54,-0.21961448698610492,0.3333333333333333,0.6620611137813855
2009,293110009,10,USC,Arizona State,1,54,-0.21961448698610492,0.3333333333333333,0.6620611137813855,83,-0.040397030762712394,0.39759036144578314,0.8361191533578047
2009,293110012,10,Arizona,Washington State,1,36,0.3248726905294593,0.6111111111111112,0.8551738282868935,27,-0.006049232603815592,0.25925925925925924,0.6913674225665641
2009,293110012,10,Washington State,Arizona,1,27,-0.006049232603815592,0.25925925925925924,0.6913674225665641,36,0.3248726905294593,0.6111111111111112,0.8551738282868935
2009,293110021,10,San Diego State,TCU,1,37,0.05390618322679868,0.3783783783783784,0.82593697566875,36,0.16795459457890635,0.5833333333333334,0.7596373354118311
2009,293110021,10,TCU,San Diego State,1,36,0.16795459457890635,0.5833333333333334,0.7596373354118311,37,0.05390618322679868,0.3783783783783784,0.82593697566875
2009,293110024,10,Oregon,Stanford,1,65,0.21049327732662942,0.47692307692307695,1.1060571606724348,69,0.15256271695080748,0.463768115942029,0.9305030318195545
2009,293110024,10,Stanford,Oregon,1,69,0.15256271695080748,0.463768115942029,0.9305030318195545,65,0.21049327732662942,0.47692307692307695,1.1060571606724348
2009,293110025,10,California,Oregon State,1,49,-0.12154721149714583,0.2653061224489796,1.0812678831693157,75,0.016609860826484926,0.4266666666666667,1.0976404357872878
2009,293110025,10,Oregon State,California,1,75,0.016609860826484926,0.4266666666666667,1.0976404357872878,49,-0.12154721149714583,0.2653061224489796,1.0812678831693157
2009,293110026,10,UCLA,Washington,1,67,0.2666912258962502,0.5522388059701493,1.1187637114744247,66,0.03129035316405111,0.4696969696969697,0.7456818022425056
2009,293110026,10,Washington,UCLA,1,66,0.03129035316405111,0.4696969696969697,0.7456818022425056,67,0.2666912258962502,0.5522388059701493,1.1187637114744247
2009,293110038,10,Colorado,Texas A&M,1,73,0.22405390800146174,0.3561643835616438,1.365107039429999,70,0.0527824258159979,0.38571428571428573,1.072124351085281
2009,293110038,10,Texas A&M,Colorado,1,70,0.0527824258159979,0.38571428571428573,1.072124351085281,73,0.22405390800146174,0.3561643835616438,1.365107039429999
2009,293110057,10,Florida,Vanderbilt,1,54,0.1151795708759022,0.37037037037037035,0.8055836509222979,45,-0.07680670695158558,0.26666666666666666,0.8765441539793919
2009,293110057,10,Vanderbilt,Florida,1,45,-0.07680670695158558,0.26666666666666666,0.8765441539793919,54,0.1151795708759022,0.37037037037037035,0.8055836509222979
2009,293110059,10,Georgia Tech,Wake Forest,1,73,0.061661999140371224,0.410958904109589,1.0110016253579872,64,0.020021732625975064,0.390625,1.0114456625905381
2009,293110059,10,Wake Forest,Georgia Tech,1,64,0.020021732625975064,0.390625,1.0114456625905381,73,0.061661999140371224,0.410958904109589,1.0110016253579872
2009,293110061,10,Georgia,Tennessee Tech,1,23,0.0986997105821451,0.6956521739130435,0.5895096461443914,27,-0.2169072546705643,0.2222222222222222,1.016551413928759
2009,293110061,10,Tennessee Tech,Georgia,1,27,-0.2169072546705643,0.2222222222222222,1.016551413928759,23,0.0986997105821451,0.6956521739130435,0.5895096461443914
2009,293110062,10,Hawai'i,Utah State,1,68,0.31562992563908665,0.47058823529411764,1.3929607464914793,72,0.0841694907702053,0.4583333333333333,1.0312470751241343
2009,293110062,10,Utah State,Hawai'i,1,72,0.0841694907702053,0.4583333333333333,1.0312470751241343,68,0.31562992563908665,0.47058823529411764,1.3929607464914793
2009,293110066,10,Iowa State,Oklahoma State,1,41,-0.19598113639812417,0.3170731707317073,1.1122929545577462,61,0.24494453238946023,0.5901639344262295,0.7679901004366824
2009,293110066,10,Oklahoma State,Iowa State,1,61,0.24494453238946023,0.5901639344262295,0.7679901004366824,41,-0.19598113639812417,0.3170731707317073,1.1122929545577462
2009,293110070,10,Fresno State,Idaho,1,54,0.11411627843192679,0.46296296296296297,0.8249293288792606,47,0.11830174880172954,0.44680851063829785,1.050487410143186
2009,293110070,10,Idaho,Fresno State,1,47,0.11830174880172954,0.44680851063829785,1.050487410143186,54,0.11411627843192679,0.46296296296296297,0.8249293288792606
2009,293110084,10,Indiana,Wisconsin,1,56,0.06458610817712168,0.4642857142857143,1.1452436510824182,67,0.20157289415175583,0.5671641791044776,0.763778597567392
2009,293110084,10,Wisconsin,Indiana,1,67,0.20157289415175583,0.5671641791044776,0.763778597567392,56,0.06458610817712168,0.4642857142857143,1.1452436510824182
2009,293110087,10,Navy,Notre Dame,1,56,0.18424897104344062,0.39285714285714285,1.1867886208242955,68,0.17973831941600157,0.5735294117647058,0.8142976838035567
2009,293110087,10,Notre Dame,Navy,1,68,0.17973831941600157,0.5735294117647058,0.8142976838035567,56,0.18424897104344062,0.39285714285714285,1.1867886208242955
2009,293110096,10,Eastern Kentucky,Kentucky,1,36,-0.027013626059473394,0.3055555555555556,1.3565994238685688,68,0.07955325960427397,0.4117647058823529,0.8397637442055529
2009,293110096,10,Kentucky,Eastern Kentucky,1,68,0.07955325960427397,0.4117647058823529,0.8397637442055529,36,-0.027013626059473394,0.3055555555555556,1.3565994238685688
2009,293110098,10,Troy,Western Kentucky,1,63,0.15047630740106616,0.42857142857142855,1.0657966576199953,74,0.05795259051878206,0.3783783783783784,1.3260076890756471
2009,293110098,10,Western Kentucky,Troy,1,74,0.05795259051878206,0.3783783783783784,1.3260076890756471,63,0.15047630740106616,0.42857142857142855,1.0657966576199953
2009,293110127,10,Michigan State,Western Michigan,1,49,0.0662451810701228,0.3673469387755102,1.1422883806503723,46,-0.1860515658173924,0.2608695652173913,0.9672776429079109
2009,293110127,10,Western Michigan,Michigan State,1,46,-0.1860515658173924,0.2608695652173913,0.9672776429079109,49,0.0662451810701228,0.3673469387755102,1.1422883806503723
2009,293110130,10,Michigan,Purdue,1,64,0.1047138705376948,0.453125,1.0228924735172937,65,0.10068805497096836,0.4307692307692308,1.0826515883275711
2009,293110130,10,Purdue,Michigan,1,65,0.10068805497096836,0.4307692307692308,1.0826515883275711,64,0.1047138705376948,0.453125,1.0228924735172937
2009,293110135,10,Illinois,Minnesota,1,63,0.1001038580029007,0.36507936507936506,1.2884872157834881,65,0.16136805218533526,0.4461538461538462,1.0506114386194423
2009,293110135,10,Minnesota,Illinois,1,65,0.16136805218533526,0.4461538461538462,1.0506114386194423,63,0.1001038580029007,0.36507936507936506,1.2884872157834881
2009,293110142,10,Baylor,Missouri,1,68,0.1345042519692495,0.36764705882352944,1.126800786708201,77,0.12923768511900294,0.44155844155844154,0.9434409758720992
2009,293110142,10,Missouri,Baylor,1,77,0.12923768511900294,0.44155844155844154,0.9434409758720992,68,0.1345042519692495,0.36764705882352944,1.126800786708201
2009,293110145,10,Northern Arizona,Ole Miss,1,54,0.16857311312634593,0.3888888888888889,1.3804649448104906,49,0.07438998620557734,0.40816326530612246,0.9996068691305101
2009,293110145,10,Ole Miss,Northern Arizona,1,49,0.07438998620557734,0.40816326530612246,0.9996068691305101,54,0.16857311312634593,0.3888888888888889,1.3804649448104906
2009,293110152,10,Maryland,NC State,1,59,0.053153612411357735,0.4067796610169492,0.8478961875547993,75,0.04305013849410029,0.44,0.9799540787698918
2009,293110152,10,NC State,Maryland,1,75,0.04305013849410029,0.44,0.9799540787698918,59,0.053153612411357735,0.4067796610169492,0.8478961875547993
2009,293110153,10,Duke,North Carolina,1,55,-0.35181987562400513,0.2545454545454545,0.1109704188630853,82,0.03548025269702438,0.4878048780487805,0.6255860343145091
2009,293110153,10,North Carolina,Duke,1,82,0.03548025269702438,0.4878048780487805,0.6255860343145091,55,-0.35181987562400513,0.2545454545454545,0.1109704188630853
2009,293110158,10,Nebraska,Oklahoma,1,57,-0.20889439333921647,0.19298245614035087,0.9816505252101024,88,-0.17147704106278963,0.3409090909090909,0.8357822044494096
2009,293110158,10,Oklahoma,Nebraska,1,88,-0.17147704106278963,0.3409090909090909,0.8357822044494096,57,-0.20889439333921647,0.19298245614035087,0.9816505252101024
2009,293110202,10,Houston,Tulsa,1,100,0.15562542602943522,0.47,0.9675441470447569,63,0.1990158766640683,0.47619047619047616,1.0169964861420475
2009,293110202,10,Tulsa,Houston,1,63,0.1990158766640683,0.47619047619047616,1.0169964861420475,100,0.15562542602943522,0.47,0.9675441470447569
2009,293110213,10,Ohio State,Penn State,1,64,-0.05318480140634143,0.28125,1.1558753235026034,57,-0.11428464587502259,0.21052631578947367,1.1557584483002712
2009,293110213,10,Penn State,Ohio State,1,57,-0.11428464587502259,0.21052631578947367,1.1557584483002712,64,-0.05318480140634143,0.28125,1.1558753235026034
2009,293110221,10,Pittsburgh,Syracuse,1,48,0.2817734613569648,0.5208333333333334,1.0051319545105721,43,-0.004157035622903624,0.3953488372093023,0.7426511626517646
2009,293110221,10,Syracuse,Pittsburgh,1,43,-0.004157035622903624,0.3953488372093023,0.7426511626517646,48,0.2817734613569648,0.5208333333333334,1.0051319545105721
2009,293110228,10,Clemson,Florida State,1,63,0.045823074753793304,0.3968253968253968,1.044320293771121,70,0.05166752396224568,0.4857142857142857,0.56922536833552
2009,293110228,10,Florida State,Clemson,1,70,0.05166752396224568,0.4857142857142857,0.56922536833552,63,0.045823074753793304,0.3968253968253968,1.044320293771121
2009,293110249,10,North Texas,UL Monroe,1,58,-0.10706918526144008,0.43103448275862066,0.5834558834327815,60,0.06674607447250117,0.4,1.1653382898757436
2009,293110249,10,UL Monroe,North Texas,1,60,0.06674607447250117,0.4,1.1653382898757436,58,-0.10706918526144008,0.43103448275862066,0.5834558834327815
2009,293110251,10,Texas,UCF,1,56,0.23206294384796827,0.44642857142857145,1.3425087768681534,41,-0.17339022141639548,0.24390243902439024,0.7285437907992979
2009,293110251,10,UCF,Texas,1,41,-0.17339022141639548,0.24390243902439024,0.7285437907992979,56,0.23206294384796827,0.44642857142857145,1.3425087768681534
2009,293110254,10,New Mexico,Utah,1,36,-0.03497205104860078,0.2777777777777778,1.122703498422998,54,0.13799330751798494,0.5740740740740741,0.6131551111766073
2009,293110254,10,Utah,New Mexico,1,54,0.13799330751798494,0.5740740740740741,0.6131551111766073,36,-0.03497205104860078,0.2777777777777778,1.122703498422998
2009,293110277,10,Louisville,West Virginia,1,71,0.028901219685913228,0.43661971830985913,0.7904947407621896,56,-0.06494769520629574,0.30357142857142855,1.175212161682834
2009,293110277,10,West Virginia,Louisville,1,56,-0.06494769520629574,0.30357142857142855,1.175212161682834,71,0.028901219685913228,0.43661971830985913,0.7904947407621896
2009,293110333,10,Alabama,LSU,1,73,-0.04052691150702752,0.3698630136986301,1.0487485792834672,54,0.07258620734871941,0.3148148148148148,1.1477616169683165
2009,293110333,10,LSU,Alabama,1,54,0.07258620734871941,0.3148148148148148,1.1477616169683165,73,-0.04052691150702752,0.3698630136986301,1.0487485792834672
2009,293112005,10,Air Force,Army,1,54,0.0006081754116204887,0.3333333333333333,0.9536776030253089,48,-0.21136844650807182,0.2708333333333333,0.7988229153689493
2009,293112005,10,Army,Air Force,1,48,-0.21136844650807182,0.2708333333333333,0.7988229153689493,54,0.0006081754116204887,0.3333333333333333,0.9536776030253089
2009,293112006,10,Akron,Kent State,1,71,-0.08130232923595353,0.43661971830985913,0.9010334779723483,80,-0.03416948514935452,0.3875,0.9706096348412993
2009,293112006,10,Kent State,Akron,1,80,-0.03416948514935452,0.3875,0.9706096348412993,71,-0.08130232923595353,0.43661971830985913,0.9010334779723483
2009,293112032,10,Arkansas State,Louisiana,1,51,0.047049955290342435,0.3333333333333333,1.0359127317133436,74,0.07445725606413547,0.47297297297297297,0.7433312170756957
2009,293112032,10,Louisiana,Arkansas State,1,74,0.07445725606413547,0.47297297297297297,0.7433312170756957,51,0.047049955290342435,0.3333333333333333,1.0359127317133436
2009,293112132,10,Cincinnati,UConn,1,71,0.39508149553715155,0.5492957746478874,1.119308409801658,66,0.20675665998439083,0.4696969696969697,1.0179941631718137
2009,293112132,10,UConn,Cincinnati,1,66,0.20675665998439083,0.4696969696969697,1.0179941631718137,71,0.39508149553715155,0.5492957746478874,1.119308409801658
2009,293112294,10,Iowa,Northwestern,1,63,-0.1119473898940711,0.3333333333333333,0.665468146980473,76,-0.0983302130576135,0.35526315789473684,0.8264604782392131
2009,293112294,10,Northwestern,Iowa,1,76,-0.0983302130576135,0.35526315789473684,0.8264604782392131,63,-0.1119473898940711,0.3333333333333333,0.665468146980473
2009,293112306,10,Kansas,Kansas State,1,63,0.05218005556168042,0.47619047619047616,0.7776515540163682,58,0.05867332847079033,0.3448275862068966,1.3285762469236715
2009,293112306,10,Kansas State,Kansas,1,58,0.05867332847079033,0.3448275862068966,1.3285762469236715,63,0.05218005556168042,0.47619047619047616,0.7776515540163682
2009,293112390,10,Miami,Virginia,1,68,0.21821214837504216,0.5441176470588235,0.8462828566905931,39,-0.1780890715239666,0.2564102564102564,0.7603429711362343
2009,293112390,10,Virginia,Miami,1,39,-0.1780890715239666,0.2564102564102564,0.7603429711362343,68,0.21821214837504216,0.5441176470588235,0.8462828566905931
2009,293112393,10,Florida International,Middle Tennessee,1,74,-0.07143055779539059,0.2972972972972973,1.113196150792943,80,-0.06169167376948752,0.375,0.8015429349228993
2009,293112393,10,Middle Tennessee,Florida International,1,80,-0.06169167376948752,0.375,0.8015429349228993,74,-0.07143055779539059,0.2972972972972973,1.113196150792943
2009,293112439,10,Colorado State,UNLV,1,82,0.10347805897764771,0.43902439024390244,0.8164625128862516,49,0.13972553272913074,0.42857142857142855,1.1743594908995332
2009,293112439,10,UNLV,Colorado State,1,49,0.13972553272913074,0.42857142857142855,1.1743594908995332,82,0.10347805897764771,0.43902439024390244,0.8164625128862516
2009,293112567,10,Rice,SMU,1,73,0.060873082242288476,0.3835616438356164,1.0109424018260555,56,0.06637394702966241,0.44642857142857145,0.8215681395729013
2009,293112567,10,SMU,Rice,1,56,0.06637394702966241,0.44642857142857145,0.8215681395729013,73,0.060873082242288476,0.3835616438356164,1.0109424018260555
2009,293112633,10,Memphis,Tennessee,1,26,-0.2406009089561188,0.38461538461538464,0.2809518145032738,43,0.3383709500333698,0.5348837209302325,1.139811467257945
2009,293112633,10,Tennessee,Memphis,1,43,0.3383709500333698,0.5348837209302325,1.139811467257945,26,-0.2406009089561188,0.38461538461538464,0.2809518145032738
2009,293112655,10,Tulane,UTEP,1,58,0.20393416773793147,0.39655172413793105,1.3164477412450575,46,0.045716303611530215,0.391304347826087,0.9892476732213842
2009,293112655,10,UTEP,Tulane,1,46,0.045716303611530215,0.391304347826087,0.9892476732213842,58,0.20393416773793147,0.39655172413793105,1.3164477412450575
2009,293112751,10,BYU,Wyoming,1,32,0.4286606334877996,0.8125,0.653852842509992,29,0.11514972264335065,0.3448275862068966,0.9909947844646114
2009,293112751,10,Wyoming,BYU,1,29,0.11514972264335065,0.3448275862068966,0.9909947844646114,32,0.4286606334877996,0.8125,0.653852842509992
2009,293120023,10,Nevada,San José State,1,39,0.41285526530793687,0.6153846153846154,1.0023019224912586,24,0.021278770385483318,0.2916666666666667,1.0708265416756144
2009,293120023,10,San José State,Nevada,1,24,0.021278770385483318,0.2916666666666667,1.0708265416756144,39,0.41285526530793687,0.6153846153846154,1.0023019224912586
2009,293142084,11,Buffalo,Ohio,1,69,0.026944538130540055,0.37681159420289856,1.0645442312799624,62,0.16057697889267705,0.41935483870967744,1.1502958902197724
2009,293142084,11,Ohio,Buffalo,1,62,0.16057697889267705,0.41935483870967744,1.1502958902197724,69,0.026944538130540055,0.37681159420289856,1.0645442312799624
2009,293152117,11,Central Michigan,Toledo,1,54,0.15535292369543383,0.4074074074074074,0.9911753879361695,42,-0.06173689562387219,0.47619047619047616,0.47570262076655573
2009,293152117,11,Toledo,Central Michigan,1,42,-0.06173689562387219,0.47619047619047616,0.47570262076655573,54,0.15535292369543383,0.4074074074074074,0.9911753879361695
2009,293160164,11,Rutgers,South Florida,1,60,-0.08096621532098605,0.36666666666666664,0.8477478806218571,37,-0.1780535403461698,0.21621621621621623,1.5171347041446661
2009,293160164,11,South Florida,Rutgers,1,37,-0.1780535403461698,0.21621621621621623,1.5171347041446661,60,-0.08096621532098605,0.36666666666666664,0.8477478806218571
2009,293160193,11,Bowling Green,Miami (OH),1,63,-0.019734101721809554,0.3968253968253968,0.6464504610570022,72,-0.05050873866498498,0.4027777777777778,0.8374619144113723
2009,293160193,11,Miami (OH),Bowling Green,1,72,-0.05050873866498498,0.4027777777777778,0.8374619144113723,63,-0.019734101721809554,0.3968253968253968,0.6464504610570022
2009,293162459,11,Ball State,Northern Illinois,1,59,0.11386521712644045,0.423728813559322,1.010312436321932,49,0.02164452303822953,0.4489795918367347,0.7724874449500339
2009,293162459,11,Northern Illinois,Ball State,1,49,0.02164452303822953,0.4489795918367347,0.7724874449500339,59,0.11386521712644045,0.423728813559322,1.010312436321932
2009,293172006,11,Akron,Temple,1,44,-0.07371950102459343,0.45454545454545453,0.580538070967973,48,0.1577768201595394,0.5833333333333334,0.694186871065056
2009,293172006,11,Temple,Akron,1,48,0.1577768201595394,0.5833333333333334,0.694186871065056,44,-0.07371950102459343,0.45454545454545453,0.580538070967973
2009,293172132,11,Cincinnati,West Virginia,1,56,0.23093502698319995,0.5178571428571429,0.945092683685188,68,0.12456346470836453,0.4117647058823529,1.021383831294147
2009,293172132,11,West Virginia,Cincinnati,1,68,0.12456346470836453,0.4117647058823529,1.021383831294147,56,0.23093502698319995,0.5178571428571429,0.945092683685188
2009,293180008,11,Arkansas,Troy,1,47,0.3269956227244429,0.5319148936170213,1.0568701076763893,59,0.04494948141708076,0.4745762711864407,1.041551398939005
2009,293180008,11,Troy,Arkansas,1,59,0.04494948141708076,0.4745762711864407,1.041551398939005,47,0.3269956227244429,0.5319148936170213,1.0568701076763893
2009,293180021,11,San Diego State,Wyoming,1,60,0.21487287303124433,0.48333333333333334,1.0411570956672156,69,0.11400932885511032,0.36231884057971014,1.0689444498135532
2009,293180021,11,Wyoming,San Diego State,1,69,0.11400932885511032,0.36231884057971014,1.0689444498135532,60,0.21487287303124433,0.48333333333333334,1.0411570956672156
2009,293180025,11,Arizona,California,1,68,-0.038430924891190994,0.35294117647058826,0.874549719329665,64,-0.1229711602558924,0.390625,0.8067971474515362
2009,293180025,11,California,Arizona,1,64,-0.1229711602558924,0.390625,0.8067971474515362,68,-0.038430924891190994,0.35294117647058826,0.874549719329665
2009,293180030,11,Stanford,USC,1,58,0.3267006591071891,0.5517241379310345,0.9820660592233893,50,0.1948508677990252,0.44,1.038315175578418
2009,293180030,11,USC,Stanford,1,50,0.1948508677990252,0.44,1.038315175578418,58,0.3267006591071891,0.5517241379310345,0.9820660592233893
2009,293180061,11,Auburn,Georgia,1,68,0.01242454017963487,0.4117647058823529,0.9916237435462575,52,0.14279575070299927,0.4807692307692308,0.8867509877109105
2009,293180061,11,Georgia,Auburn,1,52,0.14279575070299927,0.4807692307692308,0.8867509877109105,68,0.01242454017963487,0.4117647058823529,0.9916237435462575
2009,293180062,11,Hawai'i,New Mexico State,1,72,0.08436589650918487,0.4722222222222222,0.8542857743009427,44,0.016953828582181064,0.4318181818181818,0.762467607554913
2009,293180062,11,New Mexico State,Hawai'i,1,44,0.016953828582181064,0.4318181818181818,0.762467607554913,72,0.08436589650918487,0.4722222222222222,0.8542857743009427
2009,293180066,11,Colorado,Iowa State,1,72,-0.06366597619599203,0.3472222222222222,0.8548621466153133,73,-0.0202190037621092,0.3561643835616438,0.7159645700517591
2009,293180066,11,Iowa State,Colorado,1,73,-0.0202190037621092,0.3561643835616438,0.7159645700517591,72,-0.06366597619599203,0.3472222222222222,0.8548621466153133
2009,293180068,11,Boise State,Idaho,1,32,0.40821579870437047,0.625,1.018205194715423,44,0.08207795392421398,0.5,0.736078655145691
2009,293180068,11,Idaho,Boise State,1,44,0.08207795392421398,0.5,0.736078655145691,32,0.40821579870437047,0.625,1.018205194715423
2009,293180097,11,Louisville,Syracuse,1,53,-0.20666458070199295,0.18867924528301888,1.1101883321810335,68,0.05710121483621532,0.45588235294117646,0.7371641610770845
2009,293180097,11,Syracuse,Louisville,1,68,0.05710121483621532,0.45588235294117646,0.7371641610770845,53,-0.20666458070199295,0.18867924528301888,1.1101883321810335
2009,293180099,11,Louisiana Tech,LSU,1,84,0.048046287533305955,0.39285714285714285,0.7779728247657509,51,-0.11539925071948999,0.3333333333333333,1.0299428549432748
2009,293180099,11,LSU,Louisiana Tech,1,51,-0.11539925071948999,0.3333333333333333,1.0299428549432748,84,0.048046287533305955,0.39285714285714285,0.7779728247657509
2009,293180120,11,Maryland,Virginia Tech,1,53,-0.04636270291229647,0.32075471698113206,1.1639510719011352,56,0.15173263387466973,0.42857142857142855,1.1713234311856657
2009,293180120,11,Virginia Tech,Maryland,1,56,0.15173263387466973,0.42857142857142855,1.1713234311856657,53,-0.04636270291229647,0.32075471698113206,1.1639510719011352
2009,293180135,11,Minnesota,South Dakota State,1,73,-0.13809771279550526,0.3287671232876712,0.6784406482140145,68,-0.18066879698501423,0.3382352941176471,0.5026934713211525
2009,293180135,11,South Dakota State,Minnesota,1,68,-0.18066879698501423,0.3382352941176471,0.5026934713211525,73,-0.13809771279550526,0.3287671232876712,0.6784406482140145
2009,293180145,11,Ole Miss,Tennessee,1,63,0.17280195260821035,0.47619047619047616,1.0011053039889086,50,-0.05845127451812428,0.4,0.7905259550120447
2009,293180145,11,Tennessee,Ole Miss,1,50,-0.05845127451812428,0.4,0.7905259550120447,63,0.17280195260821035,0.47619047619047616,1.0011053039889086
2009,293180150,11,Duke,Georgia Tech,1,45,-0.05304034769238707,0.3111111111111111,0.9279943612835583,40,0.2346906945150879,0.45,0.974900147655733
2009,293180150,11,Georgia Tech,Duke,1,40,0.2346906945150879,0.45,0.974900147655733,45,-0.05304034769238707,0.3111111111111111,0.9279943612835583
2009,293180152,11,Clemson,NC State,1,45,0.26741457346091346,0.5555555555555556,0.8964553682899983,64,0.0030695983415939816,0.359375,1.0300745027230003
2009,293180152,11,NC State,Clemson,1,64,0.0030695983415939816,0.359375,1.0300745027230003,45,0.26741457346091346,0.5555555555555556,0.8964553682899983
2009,293180153,11,Miami,North Carolina,1,73,0.039494070499047726,0.4520547945205479,0.9632742949989894,66,0.045232861832945795,0.4393939393939394,0.7444073401473609
2009,293180153,11,North Carolina,Miami,1,66,0.045232861832945795,0.4393939393939394,0.7444073401473609,73,0.039494070499047726,0.4520547945205479,0.9632742949989894
2009,293180154,11,Florida State,Wake Forest,1,59,0.32860840051219836,0.559322033898305,0.9555341821100183,65,0.125504479052938,0.46153846153846156,1.0791934589386878
2009,293180154,11,Wake Forest,Florida State,1,65,0.125504479052938,0.46153846153846156,1.0791934589386878,59,0.32860840051219836,0.559322033898305,0.9555341821100183
2009,293180167,11,BYU,New Mexico,1,55,0.025053275883458955,0.43636363636363634,1.0577200124868795,77,0.087154879888565,0.36363636363636365,1.1615519389253197
2009,293180167,11,New Mexico,BYU,1,77,0.087154879888565,0.36363636363636365,1.1615519389253197,55,0.025053275883458955,0.43636363636363634,1.0577200124868795
2009,293180194,11,Iowa,Ohio State,1,56,-0.0228529033776757,0.4107142857142857,0.6886899973423645,67,0.027155508945199986,0.3880597014925373,0.7812078356079762
2009,293180194,11,Ohio State,Iowa,1,67,0.027155508945199986,0.3880597014925373,0.7812078356079762,56,-0.0228529033776757,0.4107142857142857,0.6886899973423645
2009,293180197,11,Oklahoma State,Texas Tech,1,80,0.04951880205500581,0.4125,0.8555629391526768,71,0.019006154046205655,0.49295774647887325,0.7553386372589986
2009,293180197,11,Texas Tech,Oklahoma State,1,71,0.019006154046205655,0.49295774647887325,0.7553386372589986,80,0.04951880205500581,0.4125,0.8555629391526768
2009,293180201,11,Oklahoma,Texas A&M,1,39,0.09457389613799583,0.3076923076923077,0.9614198273328549,42,-0.1928538940103007,0.23809523809523808,0.7170626084730929
2009,293180201,11,Texas A&M,Oklahoma,1,42,-0.1928538940103007,0.23809523809523808,0.7170626084730929,39,0.09457389613799583,0.3076923076923077,0.9614198273328549
2009,293180204,11,Oregon State,Washington,1,43,0.1690596033698894,0.4883720930232558,1.0438127766654153,28,0.014571388667389861,0.32142857142857145,0.8803398958442151
2009,293180204,11,Washington,Oregon State,1,28,0.014571388667389861,0.32142857142857145,0.8803398958442151,43,0.1690596033698894,0.4883720930232558,1.0438127766654153
2009,293180213,11,Indiana,Penn State,1,76,0.026220353694403148,0.3684210526315789,0.7602910822617228,66,0.08638866041319462,0.5151515151515151,0.7534729708364959
2009,293180213,11,Penn State,Indiana,1,66,0.08638866041319462,0.5151515151515151,0.7534729708364959,76,0.026220353694403148,0.3684210526315789,0.7602910822617228
2009,293180221,11,Notre Dame,Pittsburgh,1,66,0.1780785378155425,0.45454545454545453,1.0721609805983758,58,0.09143213856284355,0.43103448275862066,1.174129007944856
2009,293180221,11,Pittsburgh,Notre Dame,1,58,0.09143213856284355,0.43103448275862066,1.174129007944856,66,0.1780785378155425,0.45454545454545453,1.0721609805983758
2009,293180238,11,Kentucky,Vanderbilt,1,71,0.10080977785596736,0.4225352112676056,0.8505772549040991,59,-0.03680774085394038,0.288135593220339,1.1693739542399002
2009,293180238,11,Vanderbilt,Kentucky,1,59,-0.03680774085394038,0.288135593220339,1.1693739542399002,71,0.10080977785596736,0.4225352112676056,0.8505772549040991
2009,293180239,11,Baylor,Texas,1,30,-0.3208722845483897,0.26666666666666666,0.6281637125381543,44,0.23274888371882724,0.5681818181818182,0.7821175399043009
2009,293180239,11,Texas,Baylor,1,44,0.23274888371882724,0.5681818181818182,0.7821175399043009,30,-0.3208722845483897,0.26666666666666666,0.6281637125381543
2009,293180242,11,Rice,Tulane,1,52,-0.06079911584034774,0.38461538461538464,1.017651712952815,74,0.08858397862500962,0.3783783783783784,1.0818788877917904
2009,293180242,11,Tulane,Rice,1,74,0.08858397862500962,0.3783783783783784,1.0818788877917904,52,-0.06079911584034774,0.38461538461538464,1.017651712952815
2009,293180258,11,Boston College,Virginia,1,72,0.03901625224352563,0.375,0.8079434447338577,68,0.013333131250526844,0.4411764705882353,0.8213857694027729
2009,293180258,11,Virginia,Boston College,1,68,0.013333131250526844,0.4411764705882353,0.8213857694027729,72,0.03901625224352563,0.375,0.8079434447338577
2009,293180265,11,UCLA,Washington State,1,56,0.14468148730014213,0.5178571428571429,0.7097962957930434,26,-0.1630182524455211,0.19230769230769232,1.1688659076511763
2009,293180265,11,Washington State,UCLA,1,26,-0.1630182524455211,0.19230769230769232,1.1688659076511763,56,0.14468148730014213,0.5178571428571429,0.7097962957930434
2009,293180275,11,Michigan,Wisconsin,1,62,0.008716684715344269,0.3870967741935484,1.0323533915889205,71,0.24400666247168107,0.5211267605633803,0.865697112562112
2009,293180275,11,Wisconsin,Michigan,1,71,0.24400666247168107,0.5211267605633803,0.865697112562112,62,0.008716684715344269,0.3870967741935484,1.0323533915889205
2009,293180276,11,Marshall,Southern Miss,1,78,0.0613523847382898,0.38461538461538464,1.1234911554850324,55,-0.10822589821696162,0.32727272727272727,0.7350695844865697
2009,293180276,11,Southern Miss,Marshall,1,55,-0.10822589821696162,0.32727272727272727,0.7350695844865697,78,0.0613523847382898,0.38461538461538464,1.1234911554850324
2009,293180328,11,San José State,Utah State,1,61,0.051049064431583274,0.3770491803278688,1.2602797118439104,70,0.22488901865772967,0.42857142857142855,1.180636831234635
2009,293180328,11,Utah State,San José State,1,70,0.22488901865772967,0.42857142857142855,1.180636831234635,61,0.051049064431583274,0.3770491803278688,1.2602797118439104
2009,293180344,11,Alabama,Mississippi State,1,46,0.048249196969223605,0.5,0.6951933194706421,49,-0.15816892089054077,0.2653061224489796,1.2188636296108903
2009,293180344,11,Mississippi State,Alabama,1,49,-0.15816892089054077,0.2653061224489796,1.2188636296108903,46,0.048249196969223605,0.5,0.6951933194706421
2009,293180349,11,Army,VMI,1,62,0.07202108707544111,0.43548387096774194,1.185816572042594,62,-0.034062233374590314,0.2903225806451613,1.3078194784074126
2009,293180349,11,VMI,Army,1,62,-0.034062233374590314,0.2903225806451613,1.3078194784074126,62,0.07202108707544111,0.43548387096774194,1.185816572042594
2009,293180356,11,Illinois,Northwestern,1,73,-0.044716150844538595,0.4246575342465753,0.7561666363302518,76,0.0913516095617782,0.4473684210526316,0.9924213391797492
2009,293180356,11,Northwestern,Illinois,1,76,0.0913516095617782,0.4473684210526316,0.9924213391797492,73,-0.044716150844538595,0.4246575342465753,0.7561666363302518
2009,293182005,11,Air Force,UNLV,1,66,0.3010204334439872,0.6515151515151515,0.7253851361944426,45,-0.17652963590494386,0.37777777777777777,0.6720531681962004
2009,293182005,11,UNLV,Air Force,1,45,-0.17652963590494386,0.37777777777777777,0.6720531681962004,66,0.3010204334439872,0.6515151515151515,0.7253851361944426
2009,293182116,11,Houston,UCF,1,69,0.11168032564145121,0.463768115942029,0.8181002703272494,71,0.1297999356053563,0.4225352112676056,0.9633228841012883
2009,293182116,11,UCF,Houston,1,71,0.1297999356053563,0.4225352112676056,0.9633228841012883,69,0.11168032564145121,0.463768115942029,0.8181002703272494
2009,293182199,11,Eastern Michigan,Western Michigan,1,64,0.22844104897334377,0.453125,1.098089482772072,63,0.11763819733086972,0.5238095238095238,0.7720076683647701
2009,293182199,11,Western Michigan,Eastern Michigan,1,63,0.11763819733086972,0.5238095238095238,0.7720076683647701,64,0.22844104897334377,0.453125,1.098089482772072
2009,293182226,11,Arkansas State,Florida Atlantic,1,62,0.0616985238511655,0.45161290322580644,0.8141961219127957,56,0.1681479583390393,0.44642857142857145,0.9371984021135771
2009,293182226,11,Florida Atlantic,Arkansas State,1,56,0.1681479583390393,0.44642857142857145,0.9371984021135771,62,0.0616985238511655,0.45161290322580644,0.8141961219127957
2009,293182229,11,Florida International,North Texas,1,43,-0.00025468224844372496,0.46511627906976744,0.7537333335472526,76,0.22893304122469926,0.4605263157894737,1.1648093633938459
2009,293182229,11,North Texas,Florida International,1,76,0.22893304122469926,0.4605263157894737,1.1648093633938459,43,-0.00025468224844372496,0.46511627906976744,0.7537333335472526
2009,293182305,11,Kansas,Nebraska,1,69,0.07201088246288544,0.391304347826087,0.9765754640344143,63,0.10058844433170923,0.4126984126984127,0.9455413708255127
2009,293182305,11,Nebraska,Kansas,1,63,0.10058844433170923,0.4126984126984127,0.9455413708255127,69,0.07201088246288544,0.391304347826087,0.9765754640344143
2009,293182306,11,Kansas State,Missouri,1,66,0.09004430660952228,0.4696969696969697,0.7974115977183349,43,0.23089302683681268,0.5348837209302325,0.8449566032381618
2009,293182306,11,Missouri,Kansas State,1,43,0.23089302683681268,0.5348837209302325,0.8449566032381618,66,0.09004430660952228,0.4696969696969697,0.7974115977183349
2009,293182393,11,Louisiana,Middle Tennessee,1,74,0.008635798058584101,0.33783783783783783,0.9694375837292091,74,0.13804662999139003,0.43243243243243246,1.0989156207670294
2009,293182393,11,Middle Tennessee,Louisiana,1,74,0.13804662999139003,0.43243243243243246,1.0989156207670294,74,0.008635798058584101,0.33783783783783783,0.9694375837292091
2009,293182426,11,Delaware,Navy,1,70,0.1659722323843062,0.5,0.8448628768553159,52,0.16653421770972604,0.4807692307692308,0.9403074774461205
2009,293182426,11,Navy,Delaware,1,52,0.16653421770972604,0.4807692307692308,0.9403074774461205,70,0.1659722323843062,0.5,0.8448628768553159
2009,293182433,11,UL Monroe,Western Kentucky,1,57,0.16737108080511245,0.543859649122807,0.7549737362729322,76,0.06974340560262643,0.39473684210526316,1.028321196667333
2009,293182433,11,Western Kentucky,UL Monroe,1,76,0.06974340560262643,0.39473684210526316,1.028321196667333,57,0.16737108080511245,0.543859649122807,0.7549737362729322
2009,293182440,11,Fresno State,Nevada,1,48,0.1868297075197012,0.4583333333333333,1.132233499753414,44,0.2082064807666006,0.5,0.797763903117241
2009,293182440,11,Nevada,Fresno State,1,44,0.2082064807666006,0.5,0.797763903117241,48,0.1868297075197012,0.4583333333333333,1.132233499753414
2009,293182483,11,Arizona State,Oregon,1,62,-0.0955566436929305,0.3225806451612903,0.7795907986027216,61,0.06548717901114241,0.4098360655737705,0.9038749352111531
2009,293182483,11,Oregon,Arizona State,1,61,0.06548717901114241,0.4098360655737705,0.9038749352111531,62,-0.0955566436929305,0.3225806451612903,0.7795907986027216
2009,293182509,11,Michigan State,Purdue,1,50,0.08322582050852517,0.34,1.061812431198365,92,0.12873255511839066,0.5217391304347826,0.8542239502751426
2009,293182509,11,Purdue,Michigan State,1,92,0.12873255511839066,0.5217391304347826,0.8542239502751426,50,0.08322582050852517,0.34,1.061812431198365
2009,293182567,11,SMU,UTEP,1,48,0.19822736073581018,0.5,1.2354639390281545,79,0.1850544551135598,0.43037974683544306,1.1596440938390202
2009,293182567,11,UTEP,SMU,1,79,0.1850544551135598,0.43037974683544306,1.1596440938390202,48,0.19822736073581018,0.5,1.2354639390281545
2009,293182579,11,Florida,South Carolina,1,62,-0.07607068564861393,0.3548387096774194,0.8165161539545155,64,0.031282967902893276,0.375,0.9259436822652978
2009,293182579,11,South Carolina,Florida,1,64,0.031282967902893276,0.375,0.9259436822652978,62,-0.07607068564861393,0.3548387096774194,0.8165161539545155
2009,293182628,11,TCU,Utah,1,63,0.10931760969369599,0.4444444444444444,0.9035228011678689,44,-0.011133180516796069,0.3181818181818182,1.0591701258425583
2009,293182628,11,Utah,TCU,1,44,-0.011133180516796069,0.3181818181818182,1.0591701258425583,63,0.10931760969369599,0.4444444444444444,0.9035228011678689
2009,293190202,11,East Carolina,Tulsa,1,78,0.1177617553097151,0.46153846153846156,0.8105272490850056,73,-0.12398224519943737,0.3698630136986301,0.8849453508181214
2009,293190202,11,Tulsa,East Carolina,1,73,-0.12398224519943737,0.3698630136986301,0.8849453508181214,78,0.1177617553097151,0.46153846153846156,0.8105272490850056
2009,293220193,12,Buffalo,Miami (OH),1,42,0.27841341250528406,0.5952380952380952,0.8438859668091221,81,0.080985092137532,0.43209876543209874,0.9438407220549674
2009,293220193,12,Miami (OH),Buffalo,1,81,0.080985092137532,0.43209876543209874,0.9438407220549674,42,0.27841341250528406,0.5952380952380952,0.8438859668091221
2009,293222050,12,Ball State,Central Michigan,1,40,-0.2042437316501387,0.35,0.7740021047059599,52,0.21955529517893754,0.6153846153846154,0.7543746772231475
2009,293222050,12,Central Michigan,Ball State,1,52,0.21955529517893754,0.6153846153846154,0.7543746772231475,40,-0.2042437316501387,0.35,0.7740021047059599
2009,293230197,12,Colorado,Oklahoma State,1,68,-0.14020118446961122,0.2647058823529412,0.9305439857037088,72,-0.11889097455139065,0.4027777777777778,0.9016345793959625
2009,293230197,12,Oklahoma State,Colorado,1,72,-0.11889097455139065,0.4027777777777778,0.9016345793959625,68,-0.14020118446961122,0.2647058823529412,0.9305439857037088
2009,293240189,12,Akron,Bowling Green,1,62,0.12338743074681555,0.4032258064516129,1.071294319308184,61,0.2652576196727585,0.45901639344262296,1.3252932066464533
2009,293240189,12,Bowling Green,Akron,1,61,0.2652576196727585,0.45901639344262296,1.3252932066464533,62,0.12338743074681555,0.4032258064516129,1.071294319308184
2009,293240328,12,Boise State,Utah State,1,49,0.3045492810406588,0.5306122448979592,0.979285417696387,56,0.11848143046767468,0.30357142857142855,1.8218820163532747
2009,293240328,12,Utah State,Boise State,1,56,0.11848143046767468,0.30357142857142855,1.8218820163532747,49,0.3045492810406588,0.5306122448979592,0.979285417696387
2009,293242649,12,Eastern Michigan,Toledo,1,44,-0.03680919776179193,0.38636363636363635,0.7845077638358389,65,0.21183711477269115,0.4461538461538462,1.1619307632215925
2009,293242649,12,Toledo,Eastern Michigan,1,65,0.21183711477269115,0.4461538461538462,1.1619307632215925,44,-0.03680919776179193,0.38636363636363635,0.7845077638358389
2009,293250008,12,Arkansas,Mississippi State,1,55,-0.07023430802530095,0.36363636363636365,0.9206671185492364,65,0.0011172406878969254,0.46153846153846156,0.7613177182582322
2009,293250008,12,Mississippi State,Arkansas,1,65,0.0011172406878969254,0.46153846153846156,0.7613177182582322,55,-0.07023430802530095,0.36363636363636365,0.9206671185492364
2009,293250012,12,Arizona,Oregon,1,79,0.018324294005524596,0.34177215189873417,0.9518474331787689,78,0.061219084992413256,0.3717948717948718,1.0698242672996514
2009,293250012,12,Oregon,Arizona,1,78,0.061219084992413256,0.3717948717948718,1.0698242672996514,79,0.018324294005524596,0.34177215189873417,0.9518474331787689
2009,293250024,12,California,Stanford,1,86,0.13634458278168177,0.5116279069767442,0.8375867265636983,54,-0.04145777978623791,0.3333333333333333,1.324337264393
2009,293250024,12,Stanford,California,1,54,-0.04145777978623791,0.3333333333333333,1.324337264393,86,0.13634458278168177,0.5116279069767442,0.8375867265636983
2009,293250026,12,Arizona State,UCLA,1,53,0.03538108793908774,0.49056603773584906,0.5820830724708339,71,-0.07685073392005938,0.38028169014084506,0.6899456111841157
2009,293250026,12,UCLA,Arizona State,1,71,-0.07685073392005938,0.38028169014084506,0.6899456111841157,53,0.03538108793908774,0.49056603773584906,0.5820830724708339
2009,293250052,12,Florida State,Maryland,1,48,0.09337878446555667,0.5208333333333334,0.6487609843979159,71,0.12269452200855024,0.38028169014084506,1.4008277137675393
2009,293250052,12,Maryland,Florida State,1,71,0.12269452200855024,0.38028169014084506,1.4008277137675393,48,0.09337878446555667,0.5208333333333334,0.6487609843979159
2009,293250057,12,Florida,Florida International,1,34,0.32033919505897335,0.6176470588235294,1.0511485012578212,30,-0.23412900824240257,0.2,0.6046601185058851
2009,293250057,12,Florida International,Florida,1,30,-0.23412900824240257,0.2,0.6046601185058851,34,0.32033919505897335,0.6176470588235294,1.0511485012578212
2009,293250058,12,Louisville,South Florida,1,58,0.05354630380785988,0.43103448275862066,0.9573331480948304,78,0.2730431313104154,0.41025641025641024,1.4987025436240444
2009,293250058,12,South Florida,Louisville,1,78,0.2730431313104154,0.41025641025641024,1.4987025436240444,58,0.05354630380785988,0.43103448275862066,0.9573331480948304
2009,293250061,12,Georgia,Kentucky,1,73,0.08487571514824918,0.4246575342465753,1.0440287788455616,53,-0.1685684964872655,0.32075471698113206,0.8951990180865106
2009,293250061,12,Kentucky,Georgia,1,53,-0.1685684964872655,0.32075471698113206,0.8951990180865106,73,0.08487571514824918,0.4246575342465753,1.0440287788455616
2009,293250077,12,Northwestern,Wisconsin,1,69,0.14396514919166611,0.43478260869565216,1.0299732544425424,63,-0.039405084672692506,0.4126984126984127,0.8551947309740557
2009,293250077,12,Wisconsin,Northwestern,1,63,-0.039405084672692506,0.4126984126984127,0.8551947309740557,69,0.14396514919166611,0.43478260869565216,1.0299732544425424
2009,293250084,12,Indiana,Purdue,1,73,0.12401609906143655,0.5205479452054794,0.7280548029774753,60,0.0675569263705384,0.38333333333333336,0.9147139245854328
2009,293250084,12,Purdue,Indiana,1,60,0.0675569263705384,0.38333333333333336,0.9147139245854328,73,0.12401609906143655,0.5205479452054794,0.7280548029774753
2009,293250087,12,Notre Dame,UConn,1,78,0.15205085611672003,0.5128205128205128,0.7301967385534254,76,-0.043097054540250146,0.42105263157894735,0.7742263179180032
2009,293250087,12,UConn,Notre Dame,1,76,-0.043097054540250146,0.42105263157894735,0.7742263179180032,78,0.15205085611672003,0.5128205128205128,0.7301967385534254
2009,293250103,12,Boston College,North Carolina,1,61,-0.16512821159631388,0.4098360655737705,0.4828185968714965,71,-0.0912004208552709,0.352112676056338,0.9427344983910391
2009,293250103,12,North Carolina,Boston College,1,71,-0.0912004208552709,0.352112676056338,0.9427344983910391,61,-0.16512821159631388,0.4098360655737705,0.4828185968714965
2009,293250127,12,Michigan State,Penn State,1,49,0.005157802526677511,0.4489795918367347,0.8062757896158111,44,0.25408057827688185,0.4772727272727273,1.120583350715072
2009,293250127,12,Penn State,Michigan State,1,44,0.25408057827688185,0.4772727272727273,1.120583350715072,49,0.005157802526677511,0.4489795918367347,0.8062757896158111
2009,293250130,12,Michigan,Ohio State,1,73,-0.10771396052628263,0.3698630136986301,0.8361394171856799,68,-0.004949237105465868,0.39705882352941174,0.8891743331202769
2009,293250130,12,Ohio State,Michigan,1,68,-0.004949237105465868,0.39705882352941174,0.8891743331202769,73,-0.10771396052628263,0.3698630136986301,0.8361394171856799
2009,293250142,12,Iowa State,Missouri,1,67,0.039839749871908726,0.4626865671641791,0.8272928343549004,80,0.09231248597830619,0.55,0.7086826700426376
2009,293250142,12,Missouri,Iowa State,1,80,0.09231248597830619,0.55,0.7086826700426376,67,0.039839749871908726,0.4626865671641791,0.8272928343549004
2009,293250145,12,LSU,Ole Miss,1,63,0.08609015781785845,0.36507936507936506,1.3054125089846975,69,0.15206421469710515,0.5072463768115942,0.8235292201823335
2009,293250145,12,Ole Miss,LSU,1,69,0.15206421469710515,0.5072463768115942,0.8235292201823335,63,0.08609015781785845,0.36507936507936506,1.3054125089846975
2009,293250151,12,East Carolina,UAB,1,43,-0.03054893645094132,0.3953488372093023,0.6152882356278379,60,0.16404307643564095,0.5333333333333333,0.8045049834944632
2009,293250151,12,UAB,East Carolina,1,60,0.16404307643564095,0.5333333333333333,0.8045049834944632,43,-0.03054893645094132,0.3953488372093023,0.6152882356278379
2009,293250158,12,Kansas State,Nebraska,1,68,0.10787564987677288,0.4117647058823529,1.0559864291689272,63,0.003984032186577414,0.38095238095238093,0.845428274711703
2009,293250158,12,Nebraska,Kansas State,1,63,0.003984032186577414,0.38095238095238093,0.845428274711703,68,0.10787564987677288,0.4117647058823529,1.0559864291689272
2009,293250166,12,Nevada,New Mexico State,1,33,0.2516779766641993,0.5454545454545454,0.825240717341958,33,-0.09324300591090409,0.3333333333333333,0.6508906871661203
2009,293250166,12,New Mexico State,Nevada,1,33,-0.09324300591090409,0.3333333333333333,0.6508906871661203,33,0.2516779766641993,0.5454545454545454,0.825240717341958
2009,293250167,12,Colorado State,New Mexico,1,57,0.12641011434324922,0.45614035087719296,0.9878408657856111,73,0.07315603149206497,0.4931506849315068,0.6811330255592714
2009,293250167,12,New Mexico,Colorado State,1,73,0.07315603149206497,0.4931506849315068,0.6811330255592714,57,0.12641011434324922,0.45614035087719296,0.9878408657856111
2009,293250183,12,Rutgers,Syracuse,1,45,-0.2722578468205475,0.26666666666666666,0.5954386401359587,71,0.07493737625715846,0.43661971830985913,0.9312654312141719
2009,293250183,12,Syracuse,Rutgers,1,71,0.07493737625715846,0.43661971830985913,0.9312654312141719,45,-0.2722578468205475,0.26666666666666666,0.5954386401359587
2009,293250195,12,Northern Illinois,Ohio,1,71,0.04828869068048774,0.36619718309859156,1.070309755496839,54,-0.05772125054913302,0.4074074074074074,0.7165831091785201
2009,293250195,12,Ohio,Northern Illinois,1,54,-0.05772125054913302,0.4074074074074074,0.7165831091785201,71,0.04828869068048774,0.36619718309859156,1.070309755496839
2009,293250218,12,Kent State,Temple,1,57,-0.0797406476026586,0.38596491228070173,0.6490119046891276,45,-0.05380066433191361,0.35555555555555557,0.9519411666309741
2009,293250218,12,Temple,Kent State,1,45,-0.05380066433191361,0.35555555555555557,0.9519411666309741,57,-0.0797406476026586,0.38596491228070173,0.6490119046891276
2009,293250228,12,Clemson,Virginia,1,62,-0.055755001330024645,0.45161290322580644,0.7636342188565545,56,0.08446012776653697,0.30357142857142855,1.2710653281048505
2009,293250228,12,Virginia,Clemson,1,56,0.08446012776653697,0.30357142857142855,1.2710653281048505,62,-0.055755001330024645,0.45161290322580644,0.7636342188565545
2009,293250242,12,Rice,UTEP,1,63,-0.030708684224385926,0.36507936507936506,0.6487881699806377,66,0.08602827259362297,0.5,0.875140306555892
2009,293250242,12,UTEP,Rice,1,66,0.08602827259362297,0.5,0.875140306555892,63,-0.030708684224385926,0.36507936507936506,0.6487881699806377
2009,293250245,12,Baylor,Texas A&M,1,54,-0.12893364404528593,0.4444444444444444,0.3786257476164771,56,0.24167685332231598,0.5,1.0039303311649195
2009,293250245,12,Texas A&M,Baylor,1,56,0.24167685332231598,0.5,1.0039303311649195,54,-0.12893364404528593,0.4444444444444444,0.3786257476164771
2009,293250248,12,Houston,Memphis,1,47,0.3631061464370952,0.574468085106383,0.9976089147418201,38,0.032359134781631584,0.3684210526315789,1.0653383263420226
2009,293250248,12,Memphis,Houston,1,38,0.032359134781631584,0.3684210526315789,1.0653383263420226,47,0.3631061464370952,0.574468085106383,0.9976089147418201
2009,293250249,12,Army,North Texas,1,60,0.01547367279720973,0.36666666666666664,0.699094121751131,69,0.06721749560611781,0.5217391304347826,0.757084731036514
2009,293250249,12,North Texas,Army,1,69,0.06721749560611781,0.5217391304347826,0.757084731036514,60,0.01547367279720973,0.36666666666666664,0.699094121751131
2009,293250251,12,Kansas,Texas,1,55,0.06080768739482238,0.45454545454545453,0.8776783279575653,56,0.07917160083440664,0.4642857142857143,0.8410311311394084
2009,293250251,12,Texas,Kansas,1,56,0.07917160083440664,0.4642857142857143,0.8410311311394084,55,0.06080768739482238,0.45454545454545453,0.8776783279575653
2009,293250252,12,Air Force,BYU,1,63,-0.14671111982641177,0.2698412698412698,1.0787123822237834,64,0.21357461341660705,0.5625,0.7820806091424476
2009,293250252,12,BYU,Air Force,1,64,0.21357461341660705,0.5625,0.7820806091424476,63,-0.14671111982641177,0.2698412698412698,1.0787123822237834
2009,293250254,12,San Diego State,Utah,1,36,-0.08649291013017711,0.2222222222222222,1.312114173526205,36,0.2632920219093561,0.5,1.146881823515453
2009,293250254,12,Utah,San Diego State,1,36,0.2632920219093561,0.5,1.146881823515453,36,-0.08649291013017711,0.2222222222222222,1.312114173526205
2009,293250259,12,NC State,Virginia Tech,1,42,0.2439520761843118,0.35714285714285715,1.6312518678666321,55,0.11272104602177863,0.43636363636363634,0.762936998250241
2009,293250259,12,Virginia Tech,NC State,1,55,0.11272104602177863,0.43636363636363634,0.762936998250241,42,0.2439520761843118,0.35714285714285715,1.6312518678666321
2009,293250265,12,Oregon State,Washington State,1,55,0.2189492274253258,0.5272727272727272,0.8908991005803633,42,-0.1590773958742652,0.30952380952380953,0.5468568987912905
2009,293250265,12,Washington State,Oregon State,1,42,-0.1590773958742652,0.30952380952380953,0.5468568987912905,55,0.2189492274253258,0.5272727272727272,0.8908991005803633
2009,293250276,12,Marshall,SMU,1,71,0.15105884108219722,0.43661971830985913,1.017489535398068,59,0.0474975727150938,0.423728813559322,0.8412772192996575
2009,293250276,12,SMU,Marshall,1,59,0.0474975727150938,0.423728813559322,0.8412772192996575,71,0.15105884108219722,0.43661971830985913,1.017489535398068
2009,293250278,12,Fresno State,Louisiana Tech,1,87,-0.014326289169411527,0.40229885057471265,0.7027840341925158,56,0.10639310966679025,0.4107142857142857,1.1297895443859305
2009,293250278,12,Louisiana Tech,Fresno State,1,56,0.10639310966679025,0.4107142857142857,1.1297895443859305,87,-0.014326289169411527,0.40229885057471265,0.7027840341925158
2009,293250309,12,Louisiana,UL Monroe,1,64,0.08340492327095612,0.375,1.106466104112708,56,0.003924932224433903,0.42857142857142855,0.5788725182920613
2009,293250309,12,UL Monroe,Louisiana,1,56,0.003924932224433903,0.42857142857142855,0.5788725182920613,64,0.08340492327095612,0.375,1.106466104112708
2009,293250333,12,Alabama,Chattanooga,1,27,0.17138160678970524,0.5185185185185185,0.9019188266279842,34,-0.3880028101174916,0.3235294117647059,0.05361490918988276
2009,293250333,12,Chattanooga,Alabama,1,34,-0.3880028101174916,0.3235294117647059,0.05361490918988276,27,0.17138160678970524,0.5185185185185185,0.9019188266279842
2009,293252116,12,Tulane,UCF,1,35,-0.19587627366405888,0.2571428571428571,0.7984006124668165,43,-0.004897301630070109,0.46511627906976744,0.7901017633686207
2009,293252116,12,UCF,Tulane,1,43,-0.004897301630070109,0.46511627906976744,0.7901017633686207,35,-0.19587627366405888,0.2571428571428571,0.7984006124668165
2009,293252294,12,Iowa,Minnesota,1,60,-0.1994303576685093,0.3333333333333333,0.6842216712736879,77,-0.24624519219608032,0.23376623376623376,1.1183110830534022
2009,293252294,12,Minnesota,Iowa,1,77,-0.24624519219608032,0.23376623376623376,1.1183110830534022,60,-0.1994303576685093,0.3333333333333333,0.6842216712736879
2009,293252390,12,Duke,Miami,1,61,-0.0069718652448512415,0.4426229508196721,0.7058070750778146,85,0.1289129948655244,0.4470588235294118,1.0134759673845486
2009,293252390,12,Miami,Duke,1,85,0.1289129948655244,0.4470588235294118,1.0134759673845486,61,-0.0069718652448512415,0.4426229508196721,0.7058070750778146
2009,293252393,12,Arkansas State,Middle Tennessee,1,46,-0.19983970139075316,0.2391304347826087,0.9238989581022948,53,0.04826158771438759,0.5283018867924528,0.6733225233520721
2009,293252393,12,Middle Tennessee,Arkansas State,1,53,0.04826158771438759,0.5283018867924528,0.6733225233520721,46,-0.19983970139075316,0.2391304347826087,0.9238989581022948
2009,293252572,12,Southern Miss,Tulsa,1,55,-0.015453303214144109,0.36363636363636365,0.9881193881353211,87,0.07096694550175495,0.5172413793103449,0.8079129145385548
2009,293252572,12,Tulsa,Southern Miss,1,87,0.07096694550175495,0.5172413793103449,0.8079129145385548,55,-0.015453303214144109,0.36363636363636365,0.9881193881353211
2009,293252633,12,Tennessee,Vanderbilt,1,72,0.11583986654064855,0.4722222222222222,0.8659249727824251,70,-0.025720481613179986,0.42857142857142855,0.5617125427953196
2009,293252633,12,Vanderbilt,Tennessee,1,70,-0.025720481613179986,0.42857142857142855,0.5617125427953196,72,0.11583986654064855,0.4722222222222222,0.8659249727824251
2009,293252641,12,Oklahoma,Texas Tech,1,55,-0.13716928469666775,0.2727272727272727,0.9378033781837743,77,0.1727651343183662,0.4675324675324675,1.0612167277610625
2009,293252641,12,Texas Tech,Oklahoma,1,77,0.1727651343183662,0.4675324675324675,1.0612167277610625,55,-0.13716928469666775,0.2727272727272727,0.9378033781837743
2009,293252653,12,Florida Atlantic,Troy,1,46,0.14674273630589382,0.3695652173913043,1.1483804736234733,54,0.35631594797783855,0.6666666666666666,0.9057124100666457
2009,293252653,12,Troy,Florida Atlantic,1,54,0.35631594797783855,0.6666666666666666,0.9057124100666457,46,0.14674273630589382,0.3695652173913043,1.1483804736234733
2009,293252751,12,TCU,Wyoming,1,52,0.10590939896983602,0.5192307692307693,0.7555206632357742,37,-0.11656738414967217,0.21621621621621623,0.6378545728691926
2009,293252751,12,Wyoming,TCU,1,37,-0.11656738414967217,0.21621621621621623,0.6378545728691926,52,0.10590939896983602,0.5192307692307693,0.7555206632357742
2009,293282711,13,Ball State,Western Michigan,1,57,-0.08657592239433766,0.3157894736842105,0.8125424089159565,88,-0.018078107630879137,0.45454545454545453,0.8120977282735569
2009,293282711,13,Western Michigan,Ball State,1,88,-0.018078107630879137,0.45454545454545453,0.8120977282735569,57,-0.08657592239433766,0.3157894736842105,0.8125424089159565
2009,293300245,13,Texas,Texas A&M,1,73,0.1360887621663492,0.5068493150684932,0.914559902170857,71,0.11514706402779755,0.4647887323943662,1.0204984947512143
2009,293300245,13,Texas A&M,Texas,1,71,0.11514706402779755,0.4647887323943662,1.0204984947512143,73,0.1360887621663492,0.5068493150684932,0.914559902170857
2009,293310002,13,Alabama,Auburn,1,66,-0.06717508272968736,0.4393939393939394,0.566123056344457,56,-0.054243161105875674,0.35714285714285715,0.9161825360690614
2009,293310002,13,Auburn,Alabama,1,56,-0.054243161105875674,0.35714285714285715,0.9161825360690614,66,-0.06717508272968736,0.4393939393939394,0.566123056344457
2009,293310036,13,Colorado State,Wyoming,1,63,0.13578910785885726,0.5238095238095238,0.8168645705467887,53,0.031747481005707984,0.39622641509433965,1.0685535441843519
2009,293310036,13,Wyoming,Colorado State,1,53,0.031747481005707984,0.39622641509433965,1.0685535441843519,63,0.13578910785885726,0.5238095238095238,0.8168645705467887
2009,293310038,13,Colorado,Nebraska,1,69,0.10795218905225777,0.4057971014492754,0.8368737768372242,52,-0.03028784675655947,0.36538461538461536,0.7983417969638739
2009,293310038,13,Nebraska,Colorado,1,52,-0.03028784675655947,0.36538461538461536,0.7983417969638739,69,0.10795218905225777,0.4057971014492754,0.8368737768372242
2009,293310068,13,Boise State,Nevada,1,63,0.11218209759008026,0.3968253968253968,1.052033927773688,64,-0.010940255512539751,0.40625,0.86329511216487
2009,293310068,13,Nevada,Boise State,1,64,-0.010940255512539751,0.40625,0.86329511216487,63,0.11218209759008026,0.3968253968253968,1.052033927773688
2009,293310097,13,Louisville,Rutgers,1,57,-0.029333316225859614,0.2807017543859649,1.4905451722969187,59,0.1587180082100442,0.423728813559322,1.1371620587323907
2009,293310097,13,Rutgers,Louisville,1,59,0.1587180082100442,0.423728813559322,1.1371620587323907,57,-0.029333316225859614,0.2807017543859649,1.4905451722969187
2009,293310189,13,Bowling Green,Toledo,1,56,-0.0458420695214465,0.375,0.8427266202609027,76,0.1294082204018672,0.40789473684210525,1.2908644874598858
2009,293310189,13,Toledo,Bowling Green,1,76,0.1294082204018672,0.40789473684210525,1.2908644874598858,56,-0.0458420695214465,0.375,0.8427266202609027
2009,293310195,13,Ohio,Temple,1,55,0.21087240307443983,0.43636363636363634,1.1120543847331155,80,6.311739346675042e-05,0.3875,0.9577342402372269
2009,293310195,13,Temple,Ohio,1,80,6.311739346675042e-05,0.3875,0.9577342402372269,55,0.21087240307443983,0.43636363636363634,1.1120543847331155
2009,293310202,13,Memphis,Tulsa,1,53,-0.1103112399259942,0.41509433962264153,0.4872463319333194,89,0.00416925489271547,0.42696629213483145,0.7218977804105723
2009,293310202,13,Tulsa,Memphis,1,89,0.00416925489271547,0.42696629213483145,0.7218977804105723,53,-0.1103112399259942,0.41509433962264153,0.4872463319333194
2009,293310277,13,Pittsburgh,West Virginia,1,62,0.022499614070662876,0.3709677419354839,0.9335903122085073,78,-0.05538692139476415,0.3974358974358974,0.8154109634329364
2009,293310277,13,West Virginia,Pittsburgh,1,78,-0.05538692139476415,0.3974358974358974,0.8154109634329364,62,0.022499614070662876,0.3709677419354839,0.9335903122085073
2009,293312117,13,Central Michigan,Northern Illinois,1,77,0.035962754556862396,0.45454545454545453,0.8078095502813659,55,0.06387164132867262,0.4727272727272727,0.6776381807054129
2009,293312117,13,Northern Illinois,Central Michigan,1,55,0.06387164132867262,0.4727272727272727,0.6776381807054129,77,0.035962754556862396,0.45454545454545453,0.8078095502813659
2009,293312132,13,Cincinnati,Illinois,1,55,0.012066451410467624,0.38181818181818183,0.9986722821674263,78,0.14443596830800184,0.41025641025641024,0.9620817440699498
2009,293312132,13,Illinois,Cincinnati,1,78,0.14443596830800184,0.41025641025641024,0.9620817440699498,55,0.012066451410467624,0.38181818181818183,0.9986722821674263
2009,293312309,13,Buffalo,Kent State,1,82,-0.11258875321664066,0.34146341463414637,0.9168491448380744,51,-0.05725967059171266,0.3333333333333333,0.8221681507829887
2009,293312309,13,Kent State,Buffalo,1,51,-0.05725967059171266,0.3333333333333333,0.8221681507829887,82,-0.11258875321664066,0.34146341463414637,0.9168491448380744
2009,293320005,13,UAB,UCF,1,63,0.21154268885019925,0.38095238095238093,1.3141878814411336,71,0.01680583413102626,0.4788732394366197,0.8672009722936771
2009,293320005,13,UCF,UAB,1,71,0.01680583413102626,0.4788732394366197,0.8672009722936771,63,0.21154268885019925,0.38095238095238093,1.3141878814411336
2009,293320009,13,Arizona,Arizona State,1,67,-0.10813960550377416,0.3283582089552239,0.6232192128023775,62,-0.03439992741693571,0.25806451612903225,1.1641037468072732
2009,293320009,13,Arizona State,Arizona,1,62,-0.03439992741693571,0.25806451612903225,1.1641037468072732,67,-0.10813960550377416,0.3283582089552239,0.6232192128023775
2009,293320023,13,New Mexico State,San José State,1,52,-0.01759321800382204,0.36538461538461536,0.8498884155257972,70,0.007309627274629141,0.4142857142857143,0.9444248208279307
2009,293320023,13,San José State,New Mexico State,1,70,0.007309627274629141,0.4142857142857143,0.9444248208279307,52,-0.01759321800382204,0.36538461538461536,0.8498884155257972
2009,293320024,13,Notre Dame,Stanford,1,52,0.15462777709792863,0.46153846153846156,1.0101022517624065,67,0.27356016299685504,0.5522388059701493,0.8549891940754242
2009,293320024,13,Stanford,Notre Dame,1,67,0.27356016299685504,0.5522388059701493,0.8549891940754242,52,0.15462777709792863,0.46153846153846156,1.0101022517624065
2009,293320030,13,UCLA,USC,1,73,-0.06433684616583016,0.3698630136986301,0.9567235942001198,57,0.03754091854386426,0.45614035087719296,0.7037543476119824
2009,293320030,13,USC,UCLA,1,57,0.03754091854386426,0.45614035087719296,0.7037543476119824,73,-0.06433684616583016,0.3698630136986301,0.9567235942001198
2009,293320041,13,Syracuse,UConn,1,73,0.14811308980743906,0.4246575342465753,1.0566701722753824,57,-0.010304296632365127,0.3157894736842105,1.100982199914137
2009,293320041,13,UConn,Syracuse,1,57,-0.010304296632365127,0.3157894736842105,1.100982199914137,73,0.14811308980743906,0.4246575342465753,1.0566701722753824
2009,293320057,13,Florida,Florida State,1,40,0.297737175801212,0.5,1.188208307727042,23,-0.33567739650123035,0.2608695652173913,0.26388654239272163
2009,293320057,13,Florida State,Florida,1,23,-0.33567739650123035,0.2608695652173913,0.26388654239272163,40,0.297737175801212,0.5,1.188208307727042
2009,293320058,13,Miami,South Florida,1,66,0.10227996609400629,0.45454545454545453,0.9619273516008023,55,-0.10392918389996515,0.3090909090909091,1.0037446701437718
2009,293320058,13,South Florida,Miami,1,55,-0.10392918389996515,0.3090909090909091,1.0037446701437718,66,0.10227996609400629,0.45454545454545453,0.9619273516008023
2009,293320059,13,Georgia,Georgia Tech,1,58,0.1658987077025841,0.5,0.9695094825535785,62,0.03915101683508802,0.3870967741935484,1.0315207820508432
2009,293320059,13,Georgia Tech,Georgia,1,62,0.03915101683508802,0.3870967741935484,1.0315207820508432,58,0.1658987077025841,0.5,0.9695094825535785
2009,293320062,13,Hawai'i,Navy,1,60,0.1898790468979173,0.5333333333333333,0.9406451585518928,57,0.12601160911983725,0.43859649122807015,0.9409232320327376
2009,293320062,13,Navy,Hawai'i,1,57,0.12601160911983725,0.43859649122807015,0.9409232320327376,60,0.1898790468979173,0.5333333333333333,0.9406451585518928
2009,293320070,13,Idaho,Utah State,1,69,0.2555723852415233,0.4057971014492754,1.1423195686742045,63,0.04005092912256749,0.38095238095238093,1.0373506267171377
2009,293320070,13,Utah State,Idaho,1,63,0.04005092912256749,0.38095238095238093,1.0373506267171377,69,0.2555723852415233,0.4057971014492754,1.1423195686742045
2009,293320096,13,Kentucky,Tennessee,1,62,-0.05771655156127761,0.3387096774193548,0.7281086093201216,67,0.0781774777632762,0.44776119402985076,0.9489441268004633
2009,293320096,13,Tennessee,Kentucky,1,67,0.0781774777632762,0.44776119402985076,0.9489441268004633,62,-0.05771655156127761,0.3387096774193548,0.7281086093201216
2009,293320099,13,Arkansas,LSU,1,73,0.0731566221980102,0.3972602739726027,0.961233002312342,66,0.07267829081414807,0.4696969696969697,0.8271573064578971
2009,293320099,13,LSU,Arkansas,1,66,0.07267829081414807,0.4696969696969697,0.8271573064578971,73,0.0731566221980102,0.3972602739726027,0.961233002312342
2009,293320120,13,Boston College,Maryland,1,73,-0.1416707712624013,0.3835616438356164,0.612859256673775,59,0.04379764745441623,0.3898305084745763,0.9497402551102943
2009,293320120,13,Maryland,Boston College,1,59,0.04379764745441623,0.3898305084745763,0.9497402551102943,73,-0.1416707712624013,0.3835616438356164,0.612859256673775
2009,293320150,13,Duke,Wake Forest,1,65,0.07720696089250129,0.5076923076923077,0.7295048829927742,69,0.12260239939866714,0.4782608695652174,0.9825938287233974
2009,293320150,13,Wake Forest,Duke,1,69,0.12260239939866714,0.4782608695652174,0.9825938287233974,65,0.07720696089250129,0.5076923076923077,0.7295048829927742
2009,293320151,13,East Carolina,Southern Miss,1,76,0.22105193873244103,0.4868421052631579,0.9472776196729578,71,0.10266502905084075,0.38028169014084506,1.2541498448094244
2009,293320151,13,Southern Miss,East Carolina,1,71,0.10266502905084075,0.38028169014084506,1.2541498448094244,76,0.22105193873244103,0.4868421052631579,0.9472776196729578
2009,293320152,13,NC State,North Carolina,1,64,-0.05359130451904952,0.375,0.9284042284041155,51,0.07544168436772254,0.43137254901960786,0.8834013599234142
2009,293320152,13,North Carolina,NC State,1,51,0.07544168436772254,0.43137254901960786,0.8834013599234142,64,-0.05359130451904952,0.375,0.9284042284041155
2009,293320201,13,Oklahoma,Oklahoma State,1,70,-0.06604250325161233,0.34285714285714286,0.7865232487271063,49,-0.2882791058119419,0.16326530612244897,0.4781850568493795
2009,293320201,13,Oklahoma State,Oklahoma,1,49,-0.2882791058119419,0.16326530612244897,0.4781850568493795,70,-0.06604250325161233,0.34285714285714286,0.7865232487271063
2009,293320239,13,Baylor,Texas Tech,1,75,0.059868461655307965,0.4266666666666667,0.786374268496647,77,-0.016435212117451616,0.38961038961038963,0.7895389102771929
2009,293320239,13,Texas Tech,Baylor,1,77,-0.016435212117451616,0.38961038961038963,0.7895389102771929,75,0.059868461655307965,0.4266666666666667,0.786374268496647
2009,293320248,13,Houston,Rice,1,33,0.3855236820795409,0.6363636363636364,0.9040486509857959,23,-0.2163196370870882,0.30434782608695654,0.4136247468791699
2009,293320248,13,Rice,Houston,1,23,-0.2163196370870882,0.30434782608695654,0.4136247468791699,33,0.3855236820795409,0.6363636363636364,0.9040486509857959
2009,293320252,13,BYU,Utah,1,64,0.04387890966929278,0.375,0.8579364082291567,79,-0.0532430548017009,0.35443037974683544,0.7556033530993473
2009,293320252,13,Utah,BYU,1,79,-0.0532430548017009,0.35443037974683544,0.7556033530993473,64,0.04387890966929278,0.375,0.8579364082291567
2009,293320258,13,Virginia,Virginia Tech,1,56,0.11511065259866839,0.4107142857142857,0.977329277638228,52,0.28106282962884793,0.5192307692307693,1.0944356110623836
2009,293320258,13,Virginia Tech,Virginia,1,52,0.28106282962884793,0.5192307692307693,1.0944356110623836,56,0.11511065259866839,0.4107142857142857,0.977329277638228
2009,293320264,13,Washington,Washington State,1,58,0.19662961689885375,0.5172413793103449,0.7042799301963059,48,-0.13042884474706493,0.3125,1.111748207445865
2009,293320264,13,Washington State,Washington,1,48,-0.13042884474706493,0.3125,1.111748207445865,58,0.19662961689885375,0.5172413793103449,0.7042799301963059
2009,293320309,13,Louisiana,Troy,1,83,0.12793688988603694,0.42168674698795183,0.9643616017878253,64,0.08487065646572177,0.46875,0.9844757943712049
2009,293320309,13,Troy,Louisiana,1,64,0.08487065646572177,0.46875,0.9844757943712049,83,0.12793688988603694,0.42168674698795183,0.9643616017878253
2009,293320344,13,Mississippi State,Ole Miss,1,71,0.13453167303746383,0.5633802816901409,0.7522961786758721,52,0.0245829975299594,0.40384615384615385,0.768938027716935
2009,293320344,13,Ole Miss,Mississippi State,1,52,0.0245829975299594,0.40384615384615385,0.768938027716935,71,0.13453167303746383,0.5633802816901409,0.7522961786758721
2009,293322032,13,Arkansas State,North Texas,1,71,-0.027995193662388163,0.5070422535211268,0.7132379851867723,51,-0.0439334184469681,0.27450980392156865,0.9593974322833745
2009,293322032,13,North Texas,Arkansas State,1,51,-0.0439334184469681,0.27450980392156865,0.9593974322833745,71,-0.027995193662388163,0.5070422535211268,0.7132379851867723
2009,293322226,13,Florida Atlantic,Western Kentucky,1,68,0.12704530961720623,0.45588235294117646,0.9654029967101395,60,0.0727686489045197,0.5,0.8244987666257547
2009,293322226,13,Western Kentucky,Florida Atlantic,1,60,0.0727686489045197,0.5,0.8244987666257547,68,0.12704530961720623,0.45588235294117646,0.9654029967101395
2009,293322305,13,Kansas,Missouri,1,70,0.18033249816880154,0.45714285714285713,1.0120938380086348,76,0.10248589936864642,0.4473684210526316,0.9231718100083544
2009,293322305,13,Missouri,Kansas,1,76,0.10248589936864642,0.4473684210526316,0.9231718100083544,70,0.18033249816880154,0.45714285714285713,1.0120938380086348
2009,293322433,13,Middle Tennessee,UL Monroe,1,50,-0.09546231871774943,0.4,0.8649255613793245,63,-0.039244978583098555,0.4444444444444444,0.6428024147071646
2009,293322433,13,UL Monroe,Middle Tennessee,1,63,-0.039244978583098555,0.4444444444444444,0.6428024147071646,50,-0.09546231871774943,0.4,0.8649255613793245
2009,293322439,13,San Diego State,UNLV,1,75,0.11705273312076721,0.4,1.235463525883911,63,0.006385647390392074,0.3333333333333333,1.3876663581693112
2009,293322439,13,UNLV,San Diego State,1,63,0.006385647390392074,0.3333333333333333,1.3876663581693112,75,0.11705273312076721,0.4,1.235463525883911
2009,293322567,13,SMU,Tulane,1,69,0.1444385648193448,0.463768115942029,1.0513282427942165,55,0.13399380906827157,0.5272727272727272,0.7508838460082103
2009,293322567,13,Tulane,SMU,1,55,0.13399380906827157,0.5272727272727272,0.7508838460082103,69,0.1444385648193448,0.463768115942029,1.0513282427942165
2009,293322579,13,Clemson,South Carolina,1,61,-0.13211345593130772,0.36065573770491804,0.9678482909368499,79,-0.0010573572178783673,0.34177215189873417,1.120256451386377
2009,293322579,13,South Carolina,Clemson,1,79,-0.0010573572178783673,0.34177215189873417,1.120256451386377,61,-0.13211345593130772,0.36065573770491804,0.9678482909368499
2009,293322628,13,New Mexico,TCU,1,62,-0.28132361791898103,0.2903225806451613,0.9044976547004204,50,-0.004730219702344856,0.42,0.6552532199678585
2009,293322628,13,TCU,New Mexico,1,50,-0.004730219702344856,0.42,0.6552532199678585,62,-0.28132361791898103,0.2903225806451613,0.9044976547004204
2009,293322638,13,Marshall,UTEP,1,56,0.09954257030619919,0.4642857142857143,1.0897323851178933,49,0.31649633606022154,0.46938775510204084,1.3886402861429723
2009,293322638,13,UTEP,Marshall,1,49,0.31649633606022154,0.46938775510204084,1.3886402861429723,56,0.09954257030619919,0.4642857142857143,1.0897323851178933
2009,293370098,14,Arkansas State,Western Kentucky,1,53,-0.13528065631691316,0.33962264150943394,0.7934047112854782,65,0.08394113504843391,0.35384615384615387,0.8084938184364506
2009,293370098,14,Western Kentucky,Arkansas State,1,65,0.08394113504843391,0.35384615384615387,0.8084938184364506,53,-0.13528065631691316,0.33962264150943394,0.7934047112854782
2009,293372483,14,Oregon,Oregon State,1,66,0.09885573485081198,0.45454545454545453,0.9765361140760273,62,0.16074601926567164,0.4032258064516129,1.0087324608480124
2009,293372483,14,Oregon State,Oregon,1,62,0.16074601926567164,0.4032258064516129,1.0087324608480124,66,0.09885573485081198,0.45454545454545453,0.9765361140760273
2009,293382117,14,Central Michigan,Ohio,1,80,0.04082262247813243,0.475,0.7852564402851403,56,0.00034369837646291783,0.39285714285714285,1.0303366122596045
2009,293382117,14,Ohio,Central Michigan,1,56,0.00034369837646291783,0.39285714285714285,1.0303366122596045,80,0.04082262247813243,0.475,0.7852564402851403
2009,293390030,14,Arizona,USC,1,66,0.013943171199164741,0.3939393939393939,0.9720716885676638,67,0.0021089969530559234,0.43283582089552236,0.7237666724323286
2009,293390030,14,USC,Arizona,1,67,0.0021089969530559234,0.43283582089552236,0.7237666724323286,66,0.013943171199164741,0.3939393939393939,0.9720716885676638
2009,293390041,14,South Florida,UConn,1,59,0.2137935647307221,0.4915254237288136,1.0373984264661407,57,0.09297105259399743,0.45614035087719296,0.8611908295201669
2009,293390041,14,UConn,South Florida,1,57,0.09297105259399743,0.45614035087719296,0.8611908295201669,59,0.2137935647307221,0.4915254237288136,1.0373984264661407
2009,293390062,14,Hawai'i,Wisconsin,1,35,-0.06838963211875997,0.37142857142857144,1.1732980662476498,47,0.38325837570025545,0.6382978723404256,0.8808338694680511
2009,293390062,14,Wisconsin,Hawai'i,1,47,0.38325837570025545,0.6382978723404256,0.8808338694680511,35,-0.06838963211875997,0.37142857142857144,1.1732980662476498
2009,293390068,14,Boise State,New Mexico State,1,49,0.2663795410537985,0.46938775510204084,1.1388672217900342,35,-0.1206262513824202,0.4,0.787868150302221
2009,293390068,14,New Mexico State,Boise State,1,35,-0.1206262513824202,0.4,0.787868150302221,49,0.2663795410537985,0.46938775510204084,1.1388672217900342
2009,293390151,14,East Carolina,Houston,1,68,0.11101538729039058,0.4264705882352941,1.1146863783715855,89,0.1093946221986794,0.48314606741573035,0.9914881036437023
2009,293390151,14,Houston,East Carolina,1,89,0.1093946221986794,0.48314606741573035,0.9914881036437023,68,0.11101538729039058,0.4264705882352941,1.1146863783715855
2009,293390158,14,Nebraska,Texas,1,59,-0.29387775602897426,0.2542372881355932,0.6592288855258109,75,-0.1121118472624161,0.29333333333333333,1.130540933907422
2009,293390158,14,Texas,Nebraska,1,75,-0.1121118472624161,0.29333333333333333,1.130540933907422,59,-0.29387775602897426,0.2542372881355932,0.6592288855258109
2009,293390164,14,Rutgers,West Virginia,1,64,-0.18214044843176813,0.296875,0.5685345778171557,64,-0.14966252214379186,0.3125,1.1496527537595005
2009,293390164,14,West Virginia,Rutgers,1,64,-0.14966252214379186,0.3125,1.1496527537595005,64,-0.18214044843176813,0.296875,0.5685345778171557
2009,293390221,14,Cincinnati,Pittsburgh,1,58,-0.03799166171139377,0.39655172413793105,0.7000528867131318,71,0.016814714115934253,0.43661971830985913,0.6325594405513429
2009,293390221,14,Pittsburgh,Cincinnati,1,71,0.016814714115934253,0.43661971830985913,0.6325594405513429,58,-0.03799166171139377,0.39655172413793105,0.7000528867131318
2009,293390228,14,Clemson,Georgia Tech,1,46,0.1938549027322628,0.391304347826087,1.1986678861427469,80,0.110149846385906,0.4625,0.8978399262552063
2009,293390228,14,Georgia Tech,Clemson,1,80,0.110149846385906,0.4625,0.8978399262552063,46,0.1938549027322628,0.391304347826087,1.1986678861427469
2009,293390264,14,California,Washington,1,52,0.005841617909032182,0.2692307692307692,1.7740349744841208,40,0.26741344548001084,0.6,0.8962711691037198
2009,293390264,14,Washington,California,1,40,0.26741344548001084,0.6,0.8962711691037198,52,0.005841617909032182,0.2692307692307692,1.7740349744841208
2009,293390333,14,Alabama,Florida,1,69,0.33932437515319785,0.5507246376811594,0.9467204114333787,50,0.022907074427040472,0.42,1.2121914117983175
2009,293390333,14,Florida,Alabama,1,50,0.022907074427040472,0.42,1.2121914117983175,69,0.33932437515319785,0.5507246376811594,0.9467204114333787
2009,293390356,14,Fresno State,Illinois,1,61,0.15516079533431917,0.47540983606557374,0.9924424282558556,62,0.11685810071231098,0.5161290322580645,0.7728755894264581
2009,293390356,14,Illinois,Fresno State,1,62,0.11685810071231098,0.5161290322580645,0.7728755894264581,61,0.15516079533431917,0.47540983606557374,0.9924424282558556
2009,293392229,14,Florida Atlantic,Florida International,1,63,0.08367101454557588,0.4126984126984127,1.2179724746603957,70,0.22351841571992276,0.4,1.3878662698652187
2009,293392229,14,Florida International,Florida Atlantic,1,70,0.22351841571992276,0.4,1.3878662698652187,63,0.08367101454557588,0.4126984126984127,1.2179724746603957
2009,293462426,15,Army,Navy,1,61,-0.13196187843802118,0.2786885245901639,0.7700826655988691,58,-0.007461292738935798,0.3448275862068966,0.8128592388357175
2009,293462426,15,Navy,Army,1,58,-0.007461292738935798,0.3448275862068966,0.8128592388357175,61,-0.13196187843802118,0.2786885245901639,0.7700826655988691
2009,293530164,1,Rutgers,UCF,1,57,0.09550601456079168,0.2807017543859649,1.6792786811345684,63,-0.08466660975998795,0.31746031746031744,0.6736269543202199
2009,293530164,1,UCF,Rutgers,1,63,-0.08466660975998795,0.31746031746031744,0.6736269543202199,57,0.09550601456079168,0.2807017543859649,1.6792786811345684
2009,293532751,1,Fresno State,Wyoming,1,63,-0.006928250336691595,0.4444444444444444,0.7985714283096501,80,0.07584786401751001,0.3625,1.2240522095216888
2009,293532751,1,Wyoming,Fresno State,1,80,0.07584786401751001,0.3625,1.2240522095216888,63,-0.006928250336691595,0.4444444444444444,0.7985714283096501
2009,293542393,1,Middle Tennessee,Southern Miss,1,66,0.25464447958134073,0.4393939393939394,1.3478737386404558,69,0.0379865793654127,0.391304347826087,0.9535314302213325
2009,293542393,1,Southern Miss,Middle Tennessee,1,69,0.0379865793654127,0.391304347826087,0.9535314302213325,66,0.25464447958134073,0.4393939393939394,1.3478737386404558
2009,293560252,1,BYU,Oregon State,1,50,0.12970005031501633,0.44,0.7347000012334252,49,-0.18478127196506244,0.30612244897959184,1.1569064481617397
2009,293560252,1,Oregon State,BYU,1,49,-0.18478127196506244,0.30612244897959184,1.1569064481617397,50,0.12970005031501633,0.44,0.7347000012334252
2009,293570025,1,California,Utah,1,61,0.05058968737515588,0.32786885245901637,1.384382645534448,72,-0.0804458454528301,0.4027777777777778,0.7752758659434175
2009,293570025,1,Utah,California,1,72,-0.0804458454528301,0.4027777777777778,0.7752758659434175,61,0.05058968737515588,0.32786885245901637,1.384382645534448
2009,293582567,1,Nevada,SMU,1,30,-0.053655543694148475,0.36666666666666664,0.7422423607449198,34,0.36333183075677017,0.4117647058823529,1.431284390700491
2009,293582567,1,SMU,Nevada,1,34,0.36333183075677017,0.4117647058823529,1.431284390700491,30,-0.053655543694148475,0.36666666666666664,0.7422423607449198
2009,293600030,1,Boston College,USC,1,61,0.03382788835774432,0.4098360655737705,1.0283409816853686,64,0.12128095349405096,0.421875,1.1334097189651553
2009,293600030,1,USC,Boston College,1,64,0.12128095349405096,0.421875,1.1334097189651553,61,0.03382788835774432,0.4098360655737705,1.0283409816853686
2009,293600153,1,North Carolina,Pittsburgh,1,61,0.01251462749427643,0.4262295081967213,0.9769559366550654,64,0.08890511075115662,0.390625,1.0015151882585938
2009,293600153,1,Pittsburgh,North Carolina,1,64,0.08890511075115662,0.390625,1.0015151882585938,61,0.01251462749427643,0.4262295081967213,0.9769559366550654
2009,293600195,1,Marshall,Ohio,1,60,-0.004684446470780403,0.26666666666666666,1.2620685127421596,51,-0.15322313667991305,0.21568627450980393,1.0581035245700576
2009,293600195,1,Ohio,Marshall,1,51,-0.15322313667991305,0.21568627450980393,1.0581035245700576,60,-0.004684446470780403,0.26666666666666666,1.2620685127421596
2009,293610228,1,Clemson,Kentucky,1,44,0.2126788662595098,0.4318181818181818,1.1246282404651138,69,-0.03951543358462322,0.3188405797101449,1.0161345049779138
2009,293610228,1,Kentucky,Clemson,1,69,-0.03951543358462322,0.3188405797101449,1.0161345049779138,44,0.2126788662595098,0.4318181818181818,1.1246282404651138
2009,293620061,1,Georgia,Texas A&M,1,56,-0.007184202816350967,0.375,1.0870541963617861,76,0.08570728474557592,0.40789473684210525,1.0323614224664055
2009,293620061,1,Texas A&M,Georgia,1,76,0.08570728474557592,0.40789473684210525,1.0323614224664055,56,-0.007184202816350967,0.375,1.0870541963617861
2009,293630218,1,Temple,UCLA,1,62,-0.1435118385396234,0.3709677419354839,0.9620262377569085,59,-0.07449246983448975,0.3559322033898305,1.018724569101302
2009,293630218,1,UCLA,Temple,1,59,-0.07449246983448975,0.3559322033898305,1.018724569101302,62,-0.1435118385396234,0.3709677419354839,0.9620262377569085
2009,293630275,1,Miami,Wisconsin,1,51,-0.04642093822498367,0.2549019607843137,1.4735702687836496,68,0.12959183359289,0.4264705882352941,1.11314704260015
2009,293630275,1,Wisconsin,Miami,1,68,0.12959183359289,0.4264705882352941,1.11314704260015,51,-0.04642093822498367,0.2549019607843137,1.4735702687836496
2009,293640070,1,Bowling Green,Idaho,1,66,0.08425667501266189,0.4393939393939394,0.942403388646367,60,0.20405998026996564,0.4,1.15608570865741
2009,293640070,1,Idaho,Bowling Green,1,60,0.20405998026996564,0.4,1.15608570865741,66,0.08425667501266189,0.4393939393939394,0.942403388646367
2009,293640158,1,Arizona,Nebraska,1,29,-0.27784741049397765,0.20689655172413793,0.5692746786466903,57,0.08568014236970445,0.47368421052631576,0.73530538554519
2009,293640158,1,Nebraska,Arizona,1,57,0.08568014236970445,0.47368421052631576,0.73530538554519,29,-0.27784741049397765,0.20689655172413793,0.5692746786466903
2009,293650024,1,Oklahoma,Stanford,1,85,-0.00414182020718769,0.38823529411764707,0.9785763804381773,58,-0.029660901091823,0.29310344827586204,0.9388705014245592
2009,293650024,1,Stanford,Oklahoma,1,58,-0.029660901091823,0.29310344827586204,0.9388705014245592,85,-0.00414182020718769,0.38823529411764707,0.9785763804381773
2009,293650066,1,Iowa State,Minnesota,1,69,0.18154845034458358,0.463768115942029,1.0963537532186054,68,0.03708343196082989,0.4117647058823529,0.8364133761451287
2009,293650066,1,Minnesota,Iowa State,1,68,0.03708343196082989,0.4117647058823529,0.8364133761451287,69,0.18154845034458358,0.463768115942029,1.0963537532186054
2009,293650142,1,Missouri,Navy,1,58,-0.008142658502606715,0.5344827586206896,0.5098701794904147,76,0.19559282974762,0.5526315789473685,0.7902870016750781
2009,293650142,1,Navy,Missouri,1,76,0.19559282974762,0.5526315789473685,0.7902870016750781,58,-0.008142658502606715,0.5344827586206896,0.5098701794904147
2009,293652005,1,Air Force,Houston,1,80,0.15957984402749814,0.5,0.6917463562431218,57,-0.07709074042977715,0.47368421052631576,0.5272430128437088
2009,293652005,1,Houston,Air Force,1,57,-0.07709074042977715,0.47368421052631576,0.5272430128437088,80,0.15957984402749814,0.5,0.6917463562431218
2009,293652633,1,Tennessee,Virginia Tech,1,46,0.03668976382499465,0.34782608695652173,1.26982041040515,62,0.17226045172807622,0.5,0.908779464197317
2009,293652633,1,Virginia Tech,Tennessee,1,62,0.17226045172807622,0.5,0.908779464197317,46,0.03668976382499465,0.34782608695652173,1.26982041040515
2009,300010002,1,Auburn,Northwestern,1,70,0.016048692543475608,0.4142857142857143,1.166541253082779,109,-0.028817839984899778,0.42201834862385323,0.7195266101372271
2009,300010002,1,Northwestern,Auburn,1,109,-0.028817839984899778,0.42201834862385323,0.7195266101372271,70,0.016048692543475608,0.4142857142857143,1.166541253082779
2009,300010052,1,Florida State,West Virginia,1,71,0.1703403018246529,0.5492957746478874,0.6568616942345559,54,0.1238511660781786,0.37037037037037035,1.2945586215924165
2009,300010052,1,West Virginia,Florida State,1,54,0.1238511660781786,0.37037037037037035,1.2945586215924165,71,0.1703403018246529,0.5492957746478874,0.6568616942345559
2009,300010057,1,Cincinnati,Florida,1,29,-0.07815122151431787,0.3103448275862069,0.7771715751659201,51,0.3880283356660679,0.5490196078431373,1.1190278691486821
2009,300010057,1,Florida,Cincinnati,1,51,0.3880283356660679,0.5490196078431373,1.1190278691486821,29,-0.07815122151431787,0.3103448275862069,0.7771715751659201
2009,300010099,1,LSU,Penn State,1,48,0.05201258965573046,0.2916666666666667,1.3817463152247884,78,-0.12525477417587347,0.38461538461538464,0.5668662682175476
2009,300010099,1,Penn State,LSU,1,78,-0.12525477417587347,0.38461538461538464,0.5668662682175476,48,0.05201258965573046,0.2916666666666667,1.3817463152247884
2009,300012483,1,Ohio State,Oregon,1,91,0.09410511149454222,0.4065934065934066,0.9943749432290655,52,-0.011388256230499409,0.36538461538461536,0.7937911415443082
2009,300012483,1,Oregon,Ohio State,1,52,-0.011388256230499409,0.36538461538461536,0.7937911415443082,91,0.09410511149454222,0.4065934065934066,0.9943749432290655
2009,300020041,1,South Carolina,UConn,1,63,-0.021559841134464294,0.30158730158730157,1.1012450822804816,70,-0.15952727075655068,0.35714285714285715,0.6921472791058445
2009,300020041,1,UConn,South Carolina,1,70,-0.15952727075655068,0.35714285714285715,0.6921472791058445,63,-0.021559841134464294,0.30158730158730157,1.1012450822804816
2009,300020145,1,Oklahoma State,Ole Miss,1,59,-0.3115267660316596,0.2542372881355932,0.9631477418657257,76,-0.097414285000657,0.4342105263157895,0.8485005833925885
2009,300020145,1,Ole Miss,Oklahoma State,1,76,-0.097414285000657,0.4342105263157895,0.8485005833925885,59,-0.3115267660316596,0.2542372881355932,0.9631477418657257
2009,300020151,1,Arkansas,East Carolina,1,57,-0.09628405529323666,0.2807017543859649,1.0048615770246387,87,0.04533980783014063,0.5057471264367817,0.594350569589424
2009,300020151,1,East Carolina,Arkansas,1,87,0.04533980783014063,0.5057471264367817,0.594350569589424,57,-0.09628405529323666,0.2807017543859649,1.0048615770246387
2009,300022459,1,Northern Illinois,South Florida,1,53,-0.1582053543845794,0.2830188679245283,0.9033982211464109,56,0.12159382707971696,0.35714285714285715,1.2708418616692574
2009,300022459,1,South Florida,Northern Illinois,1,56,0.12159382707971696,0.35714285714285715,1.2708418616692574,53,-0.1582053543845794,0.2830188679245283,0.9033982211464109
2009,300022641,1,Michigan State,Texas Tech,1,59,-0.0330068726470584,0.3050847457627119,0.9728364168293853,82,0.20736360786855684,0.4878048780487805,0.959341173649325
2009,300022641,1,Texas Tech,Michigan State,1,82,0.20736360786855684,0.4878048780487805,0.959341173649325,59,-0.0330068726470584,0.3050847457627119,0.9728364168293853
2009,300042628,1,Boise State,TCU,1,72,0.0351696826706895,0.3194444444444444,1.3283048325229225,64,-0.15782841817089602,0.375,0.47184112473785433
2009,300042628,1,TCU,Boise State,1,64,-0.15782841817089602,0.375,0.47184112473785433,72,0.0351696826706895,0.3194444444444444,1.3283048325229225
2009,300050059,1,Georgia Tech,Iowa,1,49,-0.018078779324429094,0.32653061224489793,0.7626336915295575,66,0.04268304824268561,0.42424242424242425,1.0340614896617009
2009,300050059,1,Iowa,Georgia Tech,1,66,0.04268304824268561,0.42424242424242425,1.0340614896617009,49,-0.018078779324429094,0.32653061224489793,0.7626336915295575
2009,300062653,1,Central Michigan,Troy,1,84,0.23758581858789016,0.4642857142857143,1.1692260769581382,96,0.1689596712771021,0.3958333333333333,1.210717563731929
2009,300062653,1,Troy,Central Michigan,1,96,0.1689596712771021,0.3958333333333333,1.210717563731929,84,0.23758581858789016,0.4642857142857143,1.1692260769581382
2009,300070333,1,Alabama,Texas,1,60,-0.09088609821818289,0.35,0.6173949640841466,71,-0.21142338951694992,0.29577464788732394,0.9607913171281327
2009,300070333,1,Texas,Alabama,1,71,-0.21142338951694992,0.29577464788732394,0.9607913171281327,60,-0.09088609821818289,0.35,0.6173949640841466
