game_id,season_year,kickoff_utc,start_time_tbd
401628319,2024,2024-08-31T23:00:00.000Z,0
401628320,2024,2024-08-29T23:30:00.000Z,0
401628321,2024,2024-08-31T23:30:00.000Z,0
401628322,2024,2024-08-31T19:30:00.000Z,0
401628323,2024,2024-08-31T16:00:00.000Z,0
401628324,2024,2024-08-31T23:45:00.000Z,0
401628325,2024,2024-08-31T23:00:00.000Z,0
401628326,2024,2024-08-31T22:00:00.000Z,0
401628327,2024,2024-08-30T00:00:00.000Z,0
401628328,2024,2024-08-30T23:00:00.000Z,0
401628329,2024,2024-08-31T20:15:00.000Z,0
401628330,2024,2024-08-31T16:45:00.000Z,0
401628331,2024,2024-08-31T19:30:00.000Z,0
401628332,2024,2024-08-31T23:30:00.000Z,0
401628333,2024,2024-08-31T16:00:00.000Z,0
401628334,2024,2024-09-01T23:30:00.000Z,0
401628335,2024,2024-09-07T23:00:00.000Z,0
401628336,2024,2024-09-07T16:00:00.000Z,0
401628337,2024,2024-09-07T19:30:00.000Z,0
401628338,2024,2024-09-07T23:00:00.000Z,0
401628339,2024,2024-09-07T18:00:00.000Z,0
401628340,2024,2024-09-07T19:30:00.000Z,0
401628341,2024,2024-09-07T23:30:00.000Z,0
401628342,2024,2024-09-07T20:15:00.000Z,0
401628343,2024,2024-09-08T02:30:00.000Z,0
401628344,2024,2024-09-07T23:00:00.000Z,0
401628345,2024,2024-09-07T23:45:00.000Z,0
401628346,2024,2024-09-07T23:30:00.000Z,0
401628347,2024,2024-09-07T16:00:00.000Z,0
401628348,2024,2024-09-07T16:45:00.000Z,0
401628349,2024,2024-09-07T23:30:00.000Z,0
401628350,2024,2024-09-14T16:00:00.000Z,0
401628351,2024,2024-09-14T20:15:00.000Z,0
401628352,2024,2024-09-14T23:30:00.000Z,0
401628353,2024,2024-09-14T19:30:00.000Z,0
401628354,2024,2024-09-14T23:30:00.000Z,0
401628355,2024,2024-09-14T22:30:00.000Z,0
401628356,2024,2024-09-14T23:30:00.000Z,0
401628357,2024,2024-09-14T16:45:00.000Z,0
401628358,2024,2024-09-14T19:30:00.000Z,0
401628359,2024,2024-09-14T16:00:00.000Z,0
401628360,2024,2024-09-14T23:45:00.000Z,0
401628361,2024,2024-09-14T23:00:00.000Z,0
401628362,2024,2024-09-14T23:00:00.000Z,0
401628363,2024,2024-09-21T19:30:00.000Z,0
401628364,2024,2024-09-21T16:45:00.000Z,0
401628365,2024,2024-09-21T19:30:00.000Z,0
401628366,2024,2024-09-21T23:45:00.000Z,0
401628367,2024,2024-09-21T16:00:00.000Z,0
401628368,2024,2024-09-21T20:15:00.000Z,0
401628369,2024,2024-09-21T23:30:00.000Z,0
401628370,2024,2024-09-21T23:30:00.000Z,0
401628371,2024,2024-09-22T00:00:00.000Z,0
401628372,2024,2024-09-21T23:30:00.000Z,0
401628373,2024,2024-09-28T19:30:00.000Z,0
401628374,2024,2024-09-28T23:30:00.000Z,0
401628375,2024,2024-09-28T19:30:00.000Z,0
401628376,2024,2024-09-28T23:45:00.000Z,0
401628377,2024,2024-09-28T16:00:00.000Z,0
401628378,2024,2024-09-28T20:15:00.000Z,0
401628379,2024,2024-10-05T23:30:00.000Z,0
401628380,2024,2024-10-05T23:45:00.000Z,0
401628381,2024,2024-10-05T19:30:00.000Z,0
401628382,2024,2024-10-05T19:30:00.000Z,0
401628383,2024,2024-10-05T16:00:00.000Z,0
401628384,2024,2024-10-05T20:15:00.000Z,0
401628385,2024,2024-10-12T16:00:00.000Z,0
401628386,2024,2024-10-12T20:15:00.000Z,0
401628387,2024,2024-10-12T23:45:00.000Z,0
401628388,2024,2024-10-12T23:30:00.000Z,0
401628389,2024,2024-10-12T16:00:00.000Z,0
401628390,2024,2024-10-12T19:30:00.000Z,0
401628391,2024,2024-10-12T23:00:00.000Z,0
401628392,2024,2024-10-19T23:00:00.000Z,0
401628393,2024,2024-10-19T23:45:00.000Z,0
401628394,2024,2024-10-19T20:15:00.000Z,0
401628395,2024,2024-10-19T16:00:00.000Z,0
401628396,2024,2024-10-19T16:45:00.000Z,0
401628397,2024,2024-10-19T19:30:00.000Z,0
401628398,2024,2024-10-19T23:30:00.000Z,0
401628399,2024,2024-10-19T23:00:00.000Z,0
401628400,2024,2024-10-26T19:30:00.000Z,0
401628401,2024,2024-10-26T23:45:00.000Z,0
401628402,2024,2024-10-26T16:00:00.000Z,0
401628403,2024,2024-10-26T16:45:00.000Z,0
401628404,2024,2024-10-26T23:30:00.000Z,0
401628405,2024,2024-10-26T20:15:00.000Z,0
401628406,2024,2024-11-02T16:00:00.000Z,0
401628407,2024,2024-11-02T16:45:00.000Z,0
401628408,2024,2024-11-02T19:30:00.000Z,0
401628409,2024,2024-11-02T20:15:00.000Z,0
401628410,2024,2024-11-02T16:00:00.000Z,0
401628411,2024,2024-11-02T23:30:00.000Z,0
401628412,2024,2024-11-02T23:45:00.000Z,0
401628413,2024,2024-11-10T00:30:00.000Z,0
401628414,2024,2024-11-09T20:30:00.000Z,0
401628415,2024,2024-11-10T00:45:00.000Z,0
401628416,2024,2024-11-10T00:00:00.000Z,0
401628417,2024,2024-11-09T17:00:00.000Z,0
401628418,2024,2024-11-09T21:15:00.000Z,0
401628419,2024,2024-11-16T17:00:00.000Z,0
401628420,2024,2024-11-16T20:30:00.000Z,0
401628421,2024,2024-11-17T00:30:00.000Z,0
401628422,2024,2024-11-16T18:30:00.000Z,0
401628423,2024,2024-11-16T21:15:00.000Z,0
401628424,2024,2024-11-17T00:45:00.000Z,0
401628425,2024,2024-11-16T19:00:00.000Z,0
401628426,2024,2024-11-16T17:45:00.000Z,0
401628427,2024,2024-11-23T21:00:00.000Z,0
401628428,2024,2024-11-24T00:30:00.000Z,0
401628429,2024,2024-11-23T17:00:00.000Z,0
401628430,2024,2024-11-23T17:45:00.000Z,0
401628431,2024,2024-11-24T00:45:00.000Z,0
401628432,2024,2024-11-23T21:15:00.000Z,0
401628433,2024,2024-11-24T00:30:00.000Z,0
401628434,2024,2024-11-23T21:00:00.000Z,0
401628435,2024,2024-11-23T18:00:00.000Z,0
401628436,2024,2024-11-23T20:30:00.000Z,0
401628437,2024,2024-11-30T20:30:00.000Z,0
401628438,2024,2024-12-01T00:00:00.000Z,0
401628439,2024,2024-11-30T00:30:00.000Z,0
401628440,2024,2024-11-30T17:00:00.000Z,0
401628441,2024,2024-12-01T00:00:00.000Z,0
401628442,2024,2024-11-29T20:30:00.000Z,0
401628443,2024,2024-11-30T20:30:00.000Z,0
401628444,2024,2024-11-30T17:00:00.000Z,0
401628445,2024,2024-12-01T00:30:00.000Z,0
401628446,2024,2024-11-30T17:00:00.000Z,0
401628448,2024,2024-08-30T00:00:00.000Z,0
401628449,2024,2024-08-31T19:30:00.000Z,0
401628450,2024,2024-08-31T16:00:00.000Z,0
401628451,2024,2024-08-31T16:00:00.000Z,0
401628452,2024,2024-08-31T23:30:00.000Z,0
401628453,2024,2024-08-30T23:00:00.000Z,0
401628454,2024,2024-08-31T19:30:00.000Z,0
401628455,2024,2024-08-31T19:30:00.000Z,0
401628456,2024,2024-08-31T23:30:00.000Z,0
401628457,2024,2024-08-31T16:00:00.000Z,0
401628458,2024,2024-08-29T22:00:00.000Z,0
401628459,2024,2024-08-31T23:30:00.000Z,0
401628460,2024,2024-09-01T03:00:00.000Z,0
401628461,2024,2024-08-31T01:00:00.000Z,0
401628462,2024,2024-09-07T23:00:00.000Z,0
401628463,2024,2024-09-06T23:00:00.000Z,0
401628464,2024,2024-09-07T19:30:00.000Z,0
401628465,2024,2024-09-07T19:30:00.000Z,0
401628466,2024,2024-09-07T16:00:00.000Z,0
401628467,2024,2024-09-07T23:30:00.000Z,0
401628468,2024,2024-09-07T23:30:00.000Z,0
401628469,2024,2024-09-08T02:00:00.000Z,0
401628470,2024,2024-09-07T16:00:00.000Z,0
401628471,2024,2024-09-07T16:00:00.000Z,0
401628472,2024,2024-09-08T03:00:00.000Z,0
401628473,2024,2024-09-07T19:30:00.000Z,0
401628474,2024,2024-09-07T19:30:00.000Z,0
401628475,2024,2024-09-14T16:00:00.000Z,0
401628476,2024,2024-09-14T23:30:00.000Z,0
401628477,2024,2024-09-14T20:00:00.000Z,0
401628478,2024,2024-09-15T00:00:00.000Z,0
401628479,2024,2024-09-14T16:00:00.000Z,0
401628480,2024,2024-09-14T19:30:00.000Z,0
401628481,2024,2024-09-14T19:30:00.000Z,0
401628482,2024,2024-09-14T23:30:00.000Z,0
401628483,2024,2024-09-14T19:30:00.000Z,0
401628484,2024,2024-09-14T19:30:00.000Z,0
401628485,2024,2024-09-21T00:00:00.000Z,0
401628486,2024,2024-09-21T16:00:00.000Z,0
401628487,2024,2024-09-21T23:30:00.000Z,0
401628488,2024,2024-09-21T16:00:00.000Z,0
401628489,2024,2024-09-21T19:30:00.000Z,0
401628490,2024,2024-09-22T00:00:00.000Z,0
401628491,2024,2024-09-21T23:00:00.000Z,0
401628492,2024,2024-09-21T16:00:00.000Z,0
401628493,2024,2024-09-21T19:30:00.000Z,0
401628494,2024,2024-09-21T19:30:00.000Z,0
401628495,2024,2024-09-28T23:30:00.000Z,0
401628496,2024,2024-09-28T16:00:00.000Z,0
401628497,2024,2024-09-28T16:00:00.000Z,0
401628498,2024,2024-09-28T23:30:00.000Z,0
401628499,2024,2024-09-28T16:00:00.000Z,0
401628500,2024,2024-09-29T03:00:00.000Z,0
401628501,2024,2024-09-28T00:00:00.000Z,0
401628502,2024,2024-09-28T19:30:00.000Z,0
401628503,2024,2024-10-05T19:30:00.000Z,0
401628504,2024,2024-10-05T19:30:00.000Z,0
401628505,2024,2024-10-05T23:30:00.000Z,0
401628506,2024,2024-10-05T01:00:00.000Z,0
401628507,2024,2024-10-05T23:30:00.000Z,0
401628508,2024,2024-10-05T20:00:00.000Z,0
401628509,2024,2024-10-05T16:00:00.000Z,0
401628510,2024,2024-10-05T16:00:00.000Z,0
401628511,2024,2024-10-12T19:30:00.000Z,0
401628512,2024,2024-10-12T16:00:00.000Z,0
401628513,2024,2024-10-12T00:00:00.000Z,0
401628514,2024,2024-10-13T01:00:00.000Z,0
401628515,2024,2024-10-12T23:30:00.000Z,0
401628516,2024,2024-10-12T19:30:00.000Z,0
401628517,2024,2024-10-12T16:00:00.000Z,0
401628518,2024,2024-10-19T19:30:00.000Z,0
401628519,2024,2024-10-19T16:00:00.000Z,0
401628520,2024,2024-10-19T23:30:00.000Z,0
401628521,2024,2024-10-19T20:00:00.000Z,0
401628522,2024,2024-10-19T16:00:00.000Z,0
401628523,2024,2024-10-19T00:00:00.000Z,0
401628524,2024,2024-10-19T16:00:00.000Z,0
401628525,2024,2024-10-26T19:30:00.000Z,0
401628526,2024,2024-10-26T16:00:00.000Z,0
401628527,2024,2024-10-26T19:30:00.000Z,0
401628528,2024,2024-10-26T19:30:00.000Z,0
401628529,2024,2024-10-26T23:30:00.000Z,0
401628530,2024,2024-10-26T16:00:00.000Z,0
401628531,2024,2024-10-26T23:30:00.000Z,0
401628532,2024,2024-10-26T03:00:00.000Z,0
401628533,2024,2024-11-02T16:00:00.000Z,0
401628534,2024,2024-11-02T19:30:00.000Z,0
401628535,2024,2024-11-02T23:30:00.000Z,0
401628536,2024,2024-11-02T19:30:00.000Z,0
401628537,2024,2024-11-02T19:30:00.000Z,0
401628538,2024,2024-11-02T16:00:00.000Z,0
401628539,2024,2024-11-02T16:00:00.000Z,0
401628540,2024,2024-11-02T23:30:00.000Z,0
401628541,2024,2024-11-09T20:30:00.000Z,0
401628542,2024,2024-11-09T02:00:00.000Z,0
401628543,2024,2024-11-10T00:00:00.000Z,0
401628544,2024,2024-11-09T17:00:00.000Z,0
401628545,2024,2024-11-09T17:00:00.000Z,0
401628546,2024,2024-11-10T01:00:00.000Z,0
401628547,2024,2024-11-16T19:30:00.000Z,0
401628548,2024,2024-11-16T23:00:00.000Z,0
401628549,2024,2024-11-16T21:00:00.000Z,0
401628550,2024,2024-11-16T17:00:00.000Z,0
401628551,2024,2024-11-17T00:30:00.000Z,0
401628552,2024,2024-11-16T20:30:00.000Z,0
401628553,2024,2024-11-16T02:00:00.000Z,0
401628554,2024,2024-11-23T17:00:00.000Z,0
401628555,2024,2024-11-23T17:00:00.000Z,0
401628556,2024,2024-11-23T17:00:00.000Z,0
401628557,2024,2024-11-23T20:30:00.000Z,0
401628558,2024,2024-11-23T01:00:00.000Z,0
401628559,2024,2024-11-23T20:30:00.000Z,0
401628560,2024,2024-11-23T20:30:00.000Z,0
401628561,2024,2024-11-24T03:30:00.000Z,0
401628562,2024,2024-11-30T00:30:00.000Z,0
401628563,2024,2024-11-30T17:00:00.000Z,0
401628564,2024,2024-12-01T00:00:00.000Z,0
401628565,2024,2024-11-30T20:30:00.000Z,0
401628566,2024,2024-11-30T17:00:00.000Z,0
401628567,2024,2024-11-30T20:30:00.000Z,0
401628568,2024,2024-11-29T17:00:00.000Z,0
401628569,2024,2024-12-01T00:30:00.000Z,0
401628570,2024,2024-11-30T20:30:00.000Z,0
401628571,2024,2024-11-30T20:30:00.000Z,0
401628572,2024,2024-11-24T00:00:00.000Z,0
401628579,2024,2024-08-29T23:00:00.000Z,0
401628580,2024,2024-08-29T22:00:00.000Z,0
401628581,2024,2024-08-29T23:00:00.000Z,0
401628582,2024,2024-08-29T23:00:00.000Z,0
401628583,2024,2024-08-30T01:00:00.000Z,0
401628584,2024,2024-08-30T23:30:00.000Z,0
401628585,2024,2024-08-31T23:00:00.000Z,0
401628586,2024,2024-08-31T22:00:00.000Z,0
401628588,2024,2024-08-31T23:00:00.000Z,0
401628589,2024,2024-08-31T22:00:00.000Z,0
401628590,2024,2024-08-31T21:00:00.000Z,0
401628591,2024,2024-08-31T18:30:00.000Z,0
401628592,2024,2024-08-29T23:00:00.000Z,0
401628593,2024,2024-09-07T22:00:00.000Z,0
401628594,2024,2024-09-07T17:00:00.000Z,0
401628595,2024,2024-09-07T22:00:00.000Z,0
401628596,2024,2024-09-07T16:00:00.000Z,0
401628597,2024,2024-09-08T00:00:00.000Z,0
401628598,2024,2024-09-07T18:00:00.000Z,0
401628599,2024,2024-09-07T19:30:00.000Z,0
401628600,2024,2024-09-07T19:30:00.000Z,0
401628601,2024,2024-09-07T22:00:00.000Z,0
401628602,2024,2024-09-07T22:00:00.000Z,0
401628603,2024,2024-09-07T23:00:00.000Z,0
401628604,2024,2024-09-07T20:00:00.000Z,0
401628605,2024,2024-09-07T22:00:00.000Z,0
401628606,2024,2024-09-07T23:00:00.000Z,0
401628607,2024,2024-09-14T19:30:00.000Z,0
401628608,2024,2024-09-14T22:00:00.000Z,0
401628609,2024,2024-09-14T17:00:00.000Z,0
401628610,2024,2024-09-14T19:30:00.000Z,0
401628611,2024,2024-09-14T22:00:00.000Z,0
401628612,2024,2024-09-14T22:00:00.000Z,0
401628613,2024,2024-09-14T20:00:00.000Z,0
401628614,2024,2024-09-14T22:00:00.000Z,0
401628615,2024,2024-09-14T18:00:00.000Z,0
401628616,2024,2024-09-14T17:00:00.000Z,0
401628617,2024,2024-09-14T20:00:00.000Z,0
401628618,2024,2024-09-14T18:00:00.000Z,0
401628619,2024,2024-09-21T19:00:00.000Z,0
401628620,2024,2024-09-21T21:00:00.000Z,0
401628621,2024,2024-09-21T22:00:00.000Z,0
401628622,2024,2024-09-21T22:00:00.000Z,0
401628623,2024,2024-09-21T20:00:00.000Z,0
401628624,2024,2024-09-21T17:00:00.000Z,0
401628625,2024,2024-09-21T22:00:00.000Z,0
401628626,2024,2024-09-21T23:00:00.000Z,0
401628627,2024,2024-09-21T16:00:00.000Z,0
401628628,2024,2024-09-21T22:00:00.000Z,0
401628629,2024,2024-09-21T18:00:00.000Z,0
401628630,2024,2024-09-21T22:00:00.000Z,0
401628631,2024,2024-09-28T19:30:00.000Z,0
401628632,2024,2024-09-28T18:00:00.000Z,0
401628633,2024,2024-09-28T22:00:00.000Z,0
401628634,2024,2024-09-28T18:00:00.000Z,0
401628635,2024,2024-09-28T19:30:00.000Z,0
401628636,2024,2024-09-28T17:00:00.000Z,0
401628637,2024,2024-09-28T22:00:00.000Z,0
401628638,2024,2024-09-28T19:30:00.000Z,0
401628639,2024,2024-09-28T22:00:00.000Z,0
401628640,2024,2024-10-05T17:00:00.000Z,0
401628641,2024,2024-10-05T18:00:00.000Z,0
401628642,2024,2024-10-05T18:00:00.000Z,0
401628643,2024,2024-10-05T19:30:00.000Z,0
401628644,2024,2024-10-05T22:00:00.000Z,0
401628645,2024,2024-10-05T17:00:00.000Z,0
401628646,2024,2024-10-05T16:00:00.000Z,0
401628647,2024,2024-10-05T20:00:00.000Z,0
401628649,2024,2024-10-12T17:00:00.000Z,0
401628650,2024,2024-10-12T17:00:00.000Z,0
401628651,2024,2024-10-12T18:00:00.000Z,0
401628652,2024,2024-10-12T18:00:00.000Z,0
401628653,2024,2024-10-12T17:00:00.000Z,0
401628654,2024,2024-10-19T19:30:00.000Z,0
401628655,2024,2024-10-19T17:00:00.000Z,0
401628656,2024,2024-10-19T17:00:00.000Z,0
401628657,2024,2024-10-19T17:00:00.000Z,0
401628658,2024,2024-10-19T19:30:00.000Z,0
401628659,2024,2024-10-19T17:00:00.000Z,0
401628660,2024,2024-10-19T17:00:00.000Z,0
401628661,2024,2024-10-19T19:30:00.000Z,0
401628662,2024,2024-10-26T19:00:00.000Z,0
401628663,2024,2024-10-26T16:00:00.000Z,0
401628664,2024,2024-10-26T20:00:00.000Z,0
401628665,2024,2024-10-26T18:00:00.000Z,0
401628666,2024,2024-10-26T17:00:00.000Z,0
401628667,2024,2024-10-26T17:00:00.000Z,0
401628668,2024,2024-10-26T19:30:00.000Z,0
401628669,2024,2024-10-26T19:30:00.000Z,0
401628670,2024,2024-11-02T17:00:00.000Z,0
401628671,2024,2024-11-02T17:00:00.000Z,0
401628672,2024,2024-11-02T18:00:00.000Z,0
401628673,2024,2024-11-02T17:00:00.000Z,0
401628674,2024,2024-11-02T17:00:00.000Z,0
401628675,2024,2024-11-02T17:00:00.000Z,0
401628676,2024,2024-11-02T18:00:00.000Z,0
401628677,2024,2024-11-09T18:00:00.000Z,0
401628678,2024,2024-11-09T18:00:00.000Z,0
401628679,2024,2024-11-09T20:30:00.000Z,0
401628680,2024,2024-11-09T18:00:00.000Z,0
401628681,2024,2024-11-09T18:00:00.000Z,0
401628682,2024,2024-11-09T18:00:00.000Z,0
401628683,2024,2024-11-09T18:00:00.000Z,0
401628684,2024,2024-11-09T18:00:00.000Z,0
401628685,2024,2024-11-16T17:00:00.000Z,0
401628686,2024,2024-11-16T17:00:00.000Z,0
401628687,2024,2024-11-16T19:00:00.000Z,0
401628688,2024,2024-11-16T17:00:00.000Z,0
401628689,2024,2024-11-16T18:00:00.000Z,0
401628690,2024,2024-11-16T18:00:00.000Z,0
401628691,2024,2024-11-16T18:00:00.000Z,0
401628692,2024,2024-11-16T18:00:00.000Z,0
401628693,2024,2024-11-23T18:00:00.000Z,0
401628694,2024,2024-11-23T18:00:00.000Z,0
401628695,2024,2024-11-23T17:00:00.000Z,0
401628696,2024,2024-11-23T18:00:00.000Z,0
401628697,2024,2024-11-23T18:00:00.000Z,0
401628698,2024,2024-11-23T18:00:00.000Z,0
401628699,2024,2024-11-23T18:00:00.000Z,0
401628700,2024,2024-11-23T19:00:00.000Z,0
401628977,2024,2024-09-07T19:30:00.000Z,0
401628978,2024,2024-09-14T19:30:00.000Z,0
401628979,2024,2024-09-21T19:30:00.000Z,0
401628980,2024,2024-09-28T19:30:00.000Z,0
401628981,2024,2024-10-12T19:30:00.000Z,0
401628982,2024,2024-10-19T19:30:00.000Z,0
401628983,2024,2024-10-26T16:00:00.000Z,0
401628984,2024,2024-11-10T00:30:00.000Z,0
401628985,2024,2024-11-16T20:30:00.000Z,0
401629030,2024,2024-09-14T22:00:00.000Z,0
401629031,2024,2024-09-21T23:00:00.000Z,0
401629032,2024,2024-09-28T16:00:00.000Z,0
401629033,2024,2024-10-05T19:30:00.000Z,0
401629034,2024,2024-10-19T16:00:00.000Z,0
401629035,2024,2024-10-26T19:30:00.000Z,0
401629036,2024,2024-11-01T23:00:00.000Z,0
401629037,2024,2024-11-09T19:30:00.000Z,0
401629038,2024,2024-11-30T17:00:00.000Z,0
401629039,2024,2024-08-31T19:30:00.000Z,0
401629040,2024,2024-09-07T19:30:00.000Z,0
401629041,2024,2024-09-14T17:00:00.000Z,0
401629042,2024,2024-09-21T19:30:00.000Z,0
401629043,2024,2024-09-28T19:30:00.000Z,0
401629044,2024,2024-10-05T16:00:00.000Z,0
401629045,2024,2024-11-09T20:30:00.000Z,0
401629046,2024,2024-11-16T17:00:00.000Z,0
401632062,2024,2024-08-31T16:00:00.000Z,0
401632063,2024,2024-08-31T22:00:00.000Z,0
401632064,2024,2024-08-31T23:00:00.000Z,0
401632066,2024,2024-09-01T02:00:00.000Z,0
401632067,2024,2024-09-08T00:00:00.000Z,0
401632068,2024,2024-09-07T23:00:00.000Z,0
401632069,2024,2024-09-07T23:00:00.000Z,0
401632070,2024,2024-09-07T23:00:00.000Z,0
401632071,2024,2024-09-07T19:00:00.000Z,0
401632072,2024,2024-09-08T01:00:00.000Z,0
401632073,2024,2024-09-14T23:00:00.000Z,0
401632074,2024,2024-09-14T22:00:00.000Z,0
401632075,2024,2024-09-15T00:00:00.000Z,0
401632076,2024,2024-09-15T01:00:00.000Z,0
401632077,2024,2024-11-09T19:00:00.000Z,0
401632078,2024,2024-09-21T22:00:00.000Z,0
401632099,2024,2024-09-21T23:00:00.000Z,0
401632100,2024,2024-09-21T23:00:00.000Z,0
401632101,2024,2024-09-22T02:00:00.000Z,0
401632102,2024,2024-09-21T22:00:00.000Z,0
401632103,2024,2024-09-29T01:00:00.000Z,0
401632105,2024,2024-09-28T18:00:00.000Z,0
401632106,2024,2024-09-28T18:00:00.000Z,0
401632107,2024,2024-09-28T23:00:00.000Z,0
401632108,2024,2024-10-05T21:00:00.000Z,0
401632109,2024,2024-10-05T18:00:00.000Z,0
401632110,2024,2024-09-28T18:00:00.000Z,0
401632112,2024,2024-10-06T00:00:00.000Z,0
401632113,2024,2024-10-12T23:00:00.000Z,0
401632114,2024,2024-10-12T23:00:00.000Z,0
401632116,2024,2024-10-26T18:00:00.000Z,0
401632117,2024,2024-10-05T20:00:00.000Z,0
401632118,2024,2024-10-19T18:00:00.000Z,0
401632119,2024,2024-11-16T19:00:00.000Z,0
401632120,2024,2024-10-26T19:00:00.000Z,0
401632122,2024,2024-10-26T20:00:00.000Z,0
401632123,2024,2024-10-26T21:00:00.000Z,0
401632124,2024,2024-11-02T23:00:00.000Z,0
401632125,2024,2024-11-02T20:00:00.000Z,0
401632126,2024,2024-11-02T21:00:00.000Z,0
401632128,2024,2024-11-02T20:00:00.000Z,0
401632129,2024,2024-11-16T21:00:00.000Z,0
401632130,2024,2024-11-09T21:00:00.000Z,0
401632131,2024,2024-11-23T20:00:00.000Z,0
401632132,2024,2024-11-23T19:00:00.000Z,0
401632134,2024,2024-10-19T20:00:00.000Z,0
401632135,2024,2024-11-09T20:00:00.000Z,0
401632136,2024,2024-10-12T21:00:00.000Z,0
401632137,2024,2024-10-19T20:00:00.000Z,0
401632139,2024,2024-11-17T00:00:00.000Z,0
401632140,2024,2024-11-09T19:00:00.000Z,0
401632142,2024,2024-11-23T19:00:00.000Z,0
401632143,2024,2024-11-23T20:00:00.000Z,0
401632459,2024,2024-09-07T23:00:00.000Z,0
401632460,2024,2024-09-14T22:00:00.000Z,0
401632461,2024,2024-09-28T23:00:00.000Z,0
401632462,2024,2024-10-05T19:30:00.000Z,0
401632463,2024,2024-10-12T18:00:00.000Z,0
401632464,2024,2024-10-19T17:30:00.000Z,0
401632465,2024,2024-10-26T20:00:00.000Z,0
401632466,2024,2024-11-02T18:30:00.000Z,0
401632467,2024,2024-11-09T19:00:00.000Z,0
401632468,2024,2024-11-16T18:30:00.000Z,0
401633979,2024,2024-09-07T23:00:00.000Z,0
401633980,2024,2024-09-21T18:30:00.000Z,0
401633981,2024,2024-09-28T22:00:00.000Z,0
401633982,2024,2024-09-28T19:00:00.000Z,0
401633983,2024,2024-09-28T20:00:00.000Z,0
401633984,2024,2024-10-05T20:00:00.000Z,0
401633985,2024,2024-10-05T19:00:00.000Z,0
401633986,2024,2024-10-05T18:00:00.000Z,0
401633987,2024,2024-10-05T18:00:00.000Z,0
401633988,2024,2024-10-12T18:00:00.000Z,0
401633989,2024,2024-10-12T22:00:00.000Z,0
401633990,2024,2024-10-12T20:00:00.000Z,0
401633991,2024,2024-10-12T20:00:00.000Z,0
401633992,2024,2024-10-19T20:00:00.000Z,0
401633993,2024,2024-10-19T17:30:00.000Z,0
401633994,2024,2024-10-19T20:00:00.000Z,0
401633995,2024,2024-10-26T18:30:00.000Z,0
401633996,2024,2024-10-26T19:00:00.000Z,0
401633997,2024,2024-10-26T19:00:00.000Z,0
401633998,2024,2024-10-26T19:00:00.000Z,0
401633999,2024,2024-11-02T18:00:00.000Z,0
401634000,2024,2024-11-02T19:00:00.000Z,0
401634001,2024,2024-11-02T18:30:00.000Z,0
401634002,2024,2024-11-02T22:00:00.000Z,0
401634003,2024,2024-11-09T19:00:00.000Z,0
401634004,2024,2024-11-09T18:30:00.000Z,0
401634005,2024,2024-11-09T19:00:00.000Z,0
401634006,2024,2024-11-09T19:00:00.000Z,0
401634007,2024,2024-11-16T18:00:00.000Z,0
401634008,2024,2024-11-16T18:30:00.000Z,0
401634009,2024,2024-11-16T19:00:00.000Z,0
401634010,2024,2024-11-16T19:00:00.000Z,0
401634011,2024,2024-11-23T18:00:00.000Z,0
401634012,2024,2024-11-23T19:00:00.000Z,0
401634013,2024,2024-11-23T20:00:00.000Z,0
401634014,2024,2024-11-23T21:30:00.000Z,0
401634017,2024,2024-10-26T19:00:00.000Z,0
401634019,2024,2024-10-12T23:00:00.000Z,0
401634020,2024,2024-11-03T00:00:00.000Z,0
401634021,2024,2024-11-16T19:00:00.000Z,0
401634022,2024,2024-10-19T21:00:00.000Z,0
401634023,2024,2024-11-09T18:00:00.000Z,0
401634025,2024,2024-11-02T20:00:00.000Z,0
401634026,2024,2024-10-26T20:00:00.000Z,0
401634027,2024,2024-11-09T20:00:00.000Z,0
401634028,2024,2024-11-09T20:00:00.000Z,0
401634030,2024,2024-10-12T19:00:00.000Z,0
401634031,2024,2024-10-05T23:00:00.000Z,0
401634032,2024,2024-10-26T23:00:00.000Z,0
401634033,2024,2024-10-19T20:30:00.000Z,0
401634034,2024,2024-10-19T16:00:00.000Z,0
401634035,2024,2024-11-02T19:00:00.000Z,0
401634036,2024,2024-11-16T19:00:00.000Z,0
401634037,2024,2024-11-16T21:00:00.000Z,0
401634038,2024,2024-10-05T23:00:00.000Z,0
401634039,2024,2024-11-22T00:00:00.000Z,0
401634040,2024,2024-11-23T20:00:00.000Z,0
401634041,2024,2024-11-23T19:00:00.000Z,0
401634042,2024,2024-11-24T01:00:00.000Z,0
401634046,2024,2024-09-28T19:00:00.000Z,0
401634047,2024,2024-09-29T02:00:00.000Z,0
401634048,2024,2024-09-28T22:00:00.000Z,0
401634049,2024,2024-09-29T00:00:00.000Z,0
401634050,2024,2024-09-28T20:00:00.000Z,0
401634051,2024,2024-10-06T00:00:00.000Z,0
401634052,2024,2024-10-05T21:00:00.000Z,0
401634053,2024,2024-10-05T19:00:00.000Z,0
401634054,2024,2024-10-05T20:00:00.000Z,0
401634055,2024,2024-10-05T20:00:00.000Z,0
401634056,2024,2024-10-12T23:00:00.000Z,0
401634057,2024,2024-10-13T01:00:00.000Z,0
401634058,2024,2024-10-12T22:00:00.000Z,0
401634099,2024,2024-10-12T20:00:00.000Z,0
401634100,2024,2024-10-13T02:15:00.000Z,0
401634101,2024,2024-10-13T00:00:00.000Z,0
401634102,2024,2024-10-19T20:00:00.000Z,0
401634103,2024,2024-10-19T23:00:00.000Z,0
401634104,2024,2024-10-19T20:00:00.000Z,0
401634105,2024,2024-10-19T20:00:00.000Z,0
401634106,2024,2024-10-20T01:00:00.000Z,0
401634107,2024,2024-10-27T01:00:00.000Z,0
401634108,2024,2024-10-26T22:00:00.000Z,0
401634109,2024,2024-10-26T19:00:00.000Z,0
401634110,2024,2024-11-02T21:00:00.000Z,0
401634111,2024,2024-11-02T20:00:00.000Z,0
401634112,2024,2024-11-02T20:00:00.000Z,0
401634113,2024,2024-11-02T20:00:00.000Z,0
401634114,2024,2024-11-03T01:00:00.000Z,0
401634115,2024,2024-11-10T01:00:00.000Z,0
401634116,2024,2024-11-09T19:00:00.000Z,0
401634117,2024,2024-11-09T21:00:00.000Z,0
401634118,2024,2024-11-09T20:00:00.000Z,0
401634119,2024,2024-11-10T03:15:00.000Z,0
401634120,2024,2024-11-09T20:00:00.000Z,0
401634121,2024,2024-11-16T22:00:00.000Z,0
401634122,2024,2024-11-16T21:00:00.000Z,0
401634123,2024,2024-11-17T01:00:00.000Z,0
401634124,2024,2024-11-16T20:00:00.000Z,0
401634125,2024,2024-11-17T01:00:00.000Z,0
401634126,2024,2024-11-16T19:00:00.000Z,0
401634127,2024,2024-11-23T20:00:00.000Z,0
401634128,2024,2024-11-23T20:00:00.000Z,0
401634129,2024,2024-11-23T23:00:00.000Z,0
401634130,2024,2024-11-23T19:00:00.000Z,0
401634131,2024,2024-11-23T21:00:00.000Z,0
401634132,2024,2024-11-23T22:00:00.000Z,0
401634133,2024,2024-08-31T19:30:00.000Z,0
401634134,2024,2024-09-07T21:30:00.000Z,0
401634135,2024,2024-09-14T21:30:00.000Z,0
401634136,2024,2024-09-28T21:00:00.000Z,0
401634137,2024,2024-10-12T19:30:00.000Z,0
401634138,2024,2024-10-26T18:00:00.000Z,0
401634139,2024,2024-11-02T19:00:00.000Z,0
401634140,2024,2024-11-09T17:00:00.000Z,0
401634141,2024,2024-11-16T17:00:00.000Z,0
401634142,2024,2024-11-23T17:00:00.000Z,0
401634143,2024,2024-08-29T23:00:00.000Z,0
401634144,2024,2024-09-07T19:00:00.000Z,0
401634145,2024,2024-09-21T22:00:00.000Z,0
401634146,2024,2024-09-28T19:00:00.000Z,0
401634147,2024,2024-10-12T19:30:00.000Z,0
401634148,2024,2024-10-19T19:00:00.000Z,0
401634149,2024,2024-10-26T19:30:00.000Z,0
401634150,2024,2024-11-09T18:30:00.000Z,0
401634151,2024,2024-11-23T20:00:00.000Z,0
401634152,2024,2024-08-29T23:00:00.000Z,0
401634153,2024,2024-10-05T18:30:00.000Z,0
401634154,2024,2024-10-12T17:30:00.000Z,0
401634155,2024,2024-11-02T19:00:00.000Z,0
401634156,2024,2024-11-09T19:00:00.000Z,0
401634157,2024,2024-11-16T18:30:00.000Z,0
401634158,2024,2024-09-07T23:00:00.000Z,0
401634159,2024,2024-09-14T17:00:00.000Z,0
401634160,2024,2024-09-21T23:00:00.000Z,0
401634161,2024,2024-09-28T19:00:00.000Z,0
401634162,2024,2024-10-05T23:00:00.000Z,0
401634163,2024,2024-10-12T17:00:00.000Z,0
401634164,2024,2024-10-19T19:00:00.000Z,0
401634165,2024,2024-11-02T19:00:00.000Z,0
401634166,2024,2024-11-09T19:00:00.000Z,0
401634167,2024,2024-11-16T18:00:00.000Z,0
401634168,2024,2024-11-23T18:00:00.000Z,0
401634169,2024,2024-08-31T16:00:00.000Z,0
401634170,2024,2024-09-07T23:00:00.000Z,0
401634171,2024,2024-09-14T22:00:00.000Z,0
401634172,2024,2024-09-28T17:00:00.000Z,0
401634173,2024,2024-10-05T18:00:00.000Z,0
401634174,2024,2024-10-12T17:00:00.000Z,0
401634175,2024,2024-10-19T19:00:00.000Z,0
401634176,2024,2024-10-26T17:00:00.000Z,0
401634177,2024,2024-11-02T17:00:00.000Z,0
401634178,2024,2024-11-09T19:00:00.000Z,0
401634179,2024,2024-11-23T19:00:00.000Z,0
401634180,2024,2024-09-01T01:00:00.000Z,0
401634181,2024,2024-09-07T18:00:00.000Z,0
401634182,2024,2024-09-14T23:00:00.000Z,0
401634183,2024,2024-09-21T23:00:00.000Z,0
401634184,2024,2024-09-28T19:00:00.000Z,0
401634185,2024,2024-10-26T21:00:00.000Z,0
401634186,2024,2024-11-02T19:00:00.000Z,0
401634187,2024,2024-11-09T19:00:00.000Z,0
401634188,2024,2024-11-16T20:30:00.000Z,0
401634189,2024,2024-11-23T20:00:00.000Z,0
401634190,2024,2024-09-07T23:00:00.000Z,0
401634191,2024,2024-09-14T23:00:00.000Z,0
401634192,2024,2024-09-28T18:00:00.000Z,0
401634193,2024,2024-10-05T19:00:00.000Z,0
401634194,2024,2024-10-26T18:00:00.000Z,0
401634195,2024,2024-11-02T19:00:00.000Z,0
401634196,2024,2024-11-23T18:00:00.000Z,0
401634197,2024,2024-08-31T19:30:00.000Z,0
401634198,2024,2024-09-07T23:00:00.000Z,0
401634199,2024,2024-09-14T18:00:00.000Z,0
401634200,2024,2024-09-21T18:00:00.000Z,0
401634201,2024,2024-10-05T19:30:00.000Z,0
401634202,2024,2024-10-19T18:00:00.000Z,0
401634203,2024,2024-10-26T22:00:00.000Z,0
401634204,2024,2024-11-09T19:00:00.000Z,0
401634205,2024,2024-11-16T18:00:00.000Z,0
401634206,2024,2024-08-30T00:00:00.000Z,0
401634207,2024,2024-09-07T19:30:00.000Z,0
401634208,2024,2024-10-12T19:00:00.000Z,0
401634209,2024,2024-10-20T00:00:00.000Z,0
401634210,2024,2024-11-02T19:30:00.000Z,0
401634211,2024,2024-11-23T19:00:00.000Z,0
401634212,2024,2024-08-31T18:00:00.000Z,0
401634213,2024,2024-09-07T23:00:00.000Z,0
401634214,2024,2024-09-14T23:00:00.000Z,0
401634215,2024,2024-09-21T23:00:00.000Z,0
401634216,2024,2024-10-05T21:00:00.000Z,0
401634217,2024,2024-10-12T19:00:00.000Z,0
401634218,2024,2024-10-26T23:30:00.000Z,0
401634239,2024,2024-11-16T20:00:00.000Z,0
401634240,2024,2024-09-01T00:00:00.000Z,0
401634241,2024,2024-09-14T23:00:00.000Z,0
401634242,2024,2024-09-21T23:00:00.000Z,0
401634243,2024,2024-09-28T18:00:00.000Z,0
401634244,2024,2024-11-09T18:00:00.000Z,0
401634245,2024,2024-09-07T18:00:00.000Z,0
401634246,2024,2024-09-14T18:00:00.000Z,0
401634247,2024,2024-09-21T19:30:00.000Z,0
401634248,2024,2024-10-19T22:00:00.000Z,0
401634249,2024,2024-11-16T17:00:00.000Z,0
401634250,2024,2024-09-07T23:00:00.000Z,0
401634252,2024,2024-11-29T21:00:00.000Z,0
401634253,2024,2024-10-05T21:00:00.000Z,0
401634254,2024,2024-10-12T19:00:00.000Z,0
401634255,2024,2024-10-26T19:30:00.000Z,0
401634256,2024,2024-11-02T19:00:00.000Z,0
401634257,2024,2024-11-09T20:00:00.000Z,0
401634258,2024,2024-11-15T01:00:00.000Z,0
401634259,2024,2024-11-23T18:00:00.000Z,0
401634299,2024,2024-08-29T23:00:00.000Z,0
401634300,2024,2024-08-31T02:30:00.000Z,0
401634301,2024,2024-08-31T21:00:00.000Z,0
401634302,2024,2024-09-01T00:00:00.000Z,0
401634303,2024,2024-09-01T00:00:00.000Z,0
401634304,2024,2024-08-31T19:30:00.000Z,0
401634305,2024,2024-08-31T16:00:00.000Z,0
401634306,2024,2024-09-02T23:30:00.000Z,0
401634765,2024,2024-09-06T23:00:00.000Z,0
401634766,2024,2024-09-20T23:30:00.000Z,0
401634767,2024,2024-09-27T23:30:00.000Z,0
401634768,2024,2024-10-17T23:30:00.000Z,0
401634769,2024,2024-10-18T23:00:00.000Z,0
401634770,2024,2024-10-24T23:30:00.000Z,0
401634771,2024,2024-10-25T23:30:00.000Z,0
401634772,2024,2024-11-22T00:30:00.000Z,0
401634773,2024,2024-11-09T01:00:00.000Z,0
401634779,2024,2024-10-05T01:00:00.000Z,0
401635516,2024,2024-11-02T16:00:00.000Z,0
401635517,2024,2024-11-16T20:30:00.000Z,0
401635518,2024,2024-11-23T17:00:00.000Z,0
401635525,2024,2024-08-24T16:00:00.000Z,0
401635531,2024,2024-09-07T19:30:00.000Z,0
401635532,2024,2024-09-08T00:00:00.000Z,0
401635533,2024,2024-09-07T01:00:00.000Z,0
401635534,2024,2024-09-07T16:00:00.000Z,0
401635535,2024,2024-09-07T19:30:00.000Z,0
401635536,2024,2024-09-07T22:00:00.000Z,0
401635537,2024,2024-09-07T19:30:00.000Z,0
401635538,2024,2024-09-07T16:00:00.000Z,0
401635539,2024,2024-09-07T23:00:00.000Z,0
401635540,2024,2024-09-07T20:30:00.000Z,0
401635541,2024,2024-09-15T02:30:00.000Z,0
401635542,2024,2024-09-14T16:00:00.000Z,0
401635543,2024,2024-09-14T19:30:00.000Z,0
401635544,2024,2024-09-14T19:30:00.000Z,0
401635545,2024,2024-09-14T22:00:00.000Z,0
401635546,2024,2024-09-14T16:00:00.000Z,0
401635547,2024,2024-09-14T19:30:00.000Z,0
401635548,2024,2024-09-14T22:00:00.000Z,0
401635551,2024,2024-09-21T23:00:00.000Z,0
401635552,2024,2024-09-21T16:00:00.000Z,0
401635553,2024,2024-09-21T20:00:00.000Z,0
401635554,2024,2024-09-21T19:30:00.000Z,0
401635555,2024,2024-09-21T23:00:00.000Z,0
401635556,2024,2024-09-21T16:00:00.000Z,0
401635557,2024,2024-09-21T21:00:00.000Z,0
401635558,2024,2024-09-21T18:00:00.000Z,0
401635560,2024,2024-09-28T16:00:00.000Z,0
401635561,2024,2024-09-28T23:00:00.000Z,0
401635562,2024,2024-09-28T20:00:00.000Z,0
401635563,2024,2024-09-29T00:00:00.000Z,0
401635564,2024,2024-09-28T16:00:00.000Z,0
401635565,2024,2024-09-28T16:00:00.000Z,0
401635567,2024,2024-10-05T16:00:00.000Z,0
401635568,2024,2024-10-06T02:30:00.000Z,0
401635569,2024,2024-10-05T23:00:00.000Z,0
401635570,2024,2024-10-06T00:00:00.000Z,0
401635571,2024,2024-10-05T16:00:00.000Z,0
401635572,2024,2024-10-05T16:00:00.000Z,0
401635573,2024,2024-10-05T19:30:00.000Z,0
401635574,2024,2024-10-13T00:00:00.000Z,0
401635575,2024,2024-10-12T19:30:00.000Z,0
401635576,2024,2024-10-12T16:00:00.000Z,0
401635577,2024,2024-10-12T16:00:00.000Z,0
401635578,2024,2024-10-12T19:30:00.000Z,0
401635580,2024,2024-11-16T20:30:00.000Z,0
401635581,2024,2024-11-16T20:00:00.000Z,0
401635582,2024,2024-11-16T17:00:00.000Z,0
401635583,2024,2024-11-17T01:00:00.000Z,0
401635587,2024,2024-10-19T19:30:00.000Z,0
401635588,2024,2024-10-19T16:00:00.000Z,0
401635589,2024,2024-10-19T16:00:00.000Z,0
401635590,2024,2024-10-20T00:00:00.000Z,0
401635594,2024,2024-10-26T20:00:00.000Z,0
401635595,2024,2024-10-27T00:00:00.000Z,0
401635596,2024,2024-10-26T23:00:00.000Z,0
401635597,2024,2024-10-26T16:00:00.000Z,0
401635598,2024,2024-10-26T16:00:00.000Z,0
401635599,2024,2024-10-26T19:30:00.000Z,0
401635600,2024,2024-11-02T23:30:00.000Z,0
401635601,2024,2024-11-02T16:00:00.000Z,0
401635602,2024,2024-11-02T19:30:00.000Z,0
401635604,2024,2024-11-02T16:00:00.000Z,0
401635606,2024,2024-11-09T17:00:00.000Z,0
401635607,2024,2024-11-09T20:30:00.000Z,0
401635608,2024,2024-11-09T20:30:00.000Z,0
401635609,2024,2024-11-09T17:00:00.000Z,0
401635610,2024,2024-11-10T01:00:00.000Z,0
401635612,2024,2024-11-23T17:00:00.000Z,0
401635613,2024,2024-11-23T20:30:00.000Z,0
401635614,2024,2024-11-23T20:30:00.000Z,0
401635615,2024,2024-11-24T01:00:00.000Z,0
401635616,2024,2024-11-23T18:30:00.000Z,0
401635617,2024,2024-11-23T21:00:00.000Z,0
401635618,2024,2024-11-23T17:00:00.000Z,0
401635619,2024,2024-11-23T17:00:00.000Z,0
401635620,2024,2024-11-30T20:00:00.000Z,0
401635621,2024,2024-11-30T20:30:00.000Z,0
401635622,2024,2024-11-30T17:00:00.000Z,0
401635623,2024,2024-11-30T20:30:00.000Z,0
401635624,2024,2024-11-30T20:30:00.000Z,0
401635625,2024,2024-11-29T21:00:00.000Z,0
401635627,2024,2024-11-03T00:00:00.000Z,0
401635638,2024,2024-10-05T16:00:00.000Z,0
401635639,2024,2024-09-07T23:00:00.000Z,0
401635640,2024,2024-12-01T01:00:00.000Z,0
401635659,2024,2024-09-28T19:30:00.000Z,0
401636343,2024,2024-09-01T19:00:00.000Z,0
401636344,2024,2024-09-07T22:00:00.000Z,0
401636345,2024,2024-09-14T23:00:00.000Z,0
401636346,2024,2024-09-28T19:00:00.000Z,0
401636347,2024,2024-10-05T19:00:00.000Z,0
401636348,2024,2024-10-12T19:00:00.000Z,0
401636349,2024,2024-11-02T21:00:00.000Z,0
401636350,2024,2024-11-09T20:00:00.000Z,0
401636351,2024,2024-11-16T20:00:00.000Z,0
401636352,2024,2024-11-23T20:00:00.000Z,0
401636353,2024,2024-11-28T19:00:00.000Z,0
401636354,2024,2024-09-08T00:00:00.000Z,0
401636355,2024,2024-09-14T23:00:00.000Z,0
401636356,2024,2024-10-05T19:00:00.000Z,0
401636357,2024,2024-10-12T01:15:00.000Z,0
401636358,2024,2024-10-19T19:00:00.000Z,0
401636359,2024,2024-10-26T19:00:00.000Z,0
401636360,2024,2024-11-02T19:00:00.000Z,0
401636361,2024,2024-11-16T20:00:00.000Z,0
401636362,2024,2024-11-23T20:00:00.000Z,0
401636363,2024,2024-08-31T23:00:00.000Z,0
401636364,2024,2024-09-14T22:30:00.000Z,0
401636365,2024,2024-09-21T19:00:00.000Z,0
401636366,2024,2024-10-19T19:00:00.000Z,0
401636367,2024,2024-10-26T19:00:00.000Z,0
401636368,2024,2024-11-02T19:00:00.000Z,0
401636369,2024,2024-11-09T20:00:00.000Z,0
401636370,2024,2024-11-16T20:00:00.000Z,0
401636371,2024,2024-11-23T20:30:00.000Z,0
401636372,2024,2024-08-24T23:30:00.000Z,0
401636373,2024,2024-08-31T22:00:00.000Z,0
401636374,2024,2024-09-21T23:00:00.000Z,0
401636375,2024,2024-10-19T19:30:00.000Z,0
401636376,2024,2024-10-26T23:00:00.000Z,0
401636377,2024,2024-11-02T20:00:00.000Z,0
401636378,2024,2024-11-09T20:00:00.000Z,0
401636379,2024,2024-11-16T18:00:00.000Z,0
401636380,2024,2024-09-01T00:00:00.000Z,0
401636381,2024,2024-09-07T23:00:00.000Z,0
401636382,2024,2024-09-21T23:00:00.000Z,0
401636383,2024,2024-09-28T23:00:00.000Z,0
401636384,2024,2024-10-12T19:00:00.000Z,0
401636385,2024,2024-10-26T23:00:00.000Z,0
401636386,2024,2024-11-30T19:00:00.000Z,0
401636387,2024,2024-08-29T23:00:00.000Z,0
401636388,2024,2024-09-07T23:00:00.000Z,0
401636389,2024,2024-09-14T23:00:00.000Z,0
401636390,2024,2024-09-28T23:00:00.000Z,0
401636391,2024,2024-11-09T20:00:00.000Z,0
401636392,2024,2024-11-23T20:00:00.000Z,0
401636606,2024,2024-08-30T00:00:00.000Z,0
401636607,2024,2024-08-30T01:00:00.000Z,0
401636608,2024,2024-09-01T02:30:00.000Z,0
401636609,2024,2024-09-01T02:30:00.000Z,0
401636610,2024,2024-08-31T23:00:00.000Z,0
401636611,2024,2024-08-31T23:00:00.000Z,0
401636612,2024,2024-08-31T23:00:00.000Z,0
401636613,2024,2024-08-31T23:30:00.000Z,0
401636614,2024,2024-09-08T02:00:00.000Z,0
401636615,2024,2024-09-08T00:00:00.000Z,0
401636616,2024,2024-09-07T16:00:00.000Z,0
401636617,2024,2024-09-07T22:30:00.000Z,0
401636618,2024,2024-09-07T19:30:00.000Z,0
401636859,2024,2024-09-08T02:00:00.000Z,0
401636860,2024,2024-09-14T23:30:00.000Z,0
401636861,2024,2024-09-14T23:30:00.000Z,0
401636862,2024,2024-09-15T00:00:00.000Z,0
401636863,2024,2024-09-13T23:00:00.000Z,0
401636864,2024,2024-09-14T00:00:00.000Z,0
401636865,2024,2024-09-14T16:00:00.000Z,0
401636866,2024,2024-09-14T23:30:00.000Z,0
401636867,2024,2024-09-12T23:30:00.000Z,0
401636868,2024,2024-09-14T16:00:00.000Z,0
401636869,2024,2024-09-14T16:00:00.000Z,0
401636870,2024,2024-09-14T20:30:00.000Z,0
401636871,2024,2024-09-15T01:00:00.000Z,0
401636872,2024,2024-09-22T02:30:00.000Z,0
401636873,2024,2024-09-21T16:00:00.000Z,0
401636874,2024,2024-09-22T00:00:00.000Z,0
401636875,2024,2024-09-21T18:00:00.000Z,0
401636876,2024,2024-09-21T20:00:00.000Z,0
401636877,2024,2024-09-21T19:30:00.000Z,0
401636879,2024,2024-09-21T16:00:00.000Z,0
401636880,2024,2024-09-28T16:00:00.000Z,0
401636881,2024,2024-09-28T23:00:00.000Z,0
401636882,2024,2024-09-28T19:30:00.000Z,0
401636883,2024,2024-09-28T16:00:00.000Z,0
401636884,2024,2024-09-29T00:00:00.000Z,0
401636885,2024,2024-09-28T19:30:00.000Z,0
401636886,2024,2024-09-29T02:15:00.000Z,0
401636887,2024,2024-10-06T03:00:00.000Z,0
401636888,2024,2024-10-06T00:00:00.000Z,0
401636889,2024,2024-10-05T23:30:00.000Z,0
401636890,2024,2024-10-05T20:00:00.000Z,0
401636891,2024,2024-10-04T23:30:00.000Z,0
401636892,2024,2024-10-12T02:30:00.000Z,0
401636893,2024,2024-10-12T20:00:00.000Z,0
401636894,2024,2024-10-13T02:15:00.000Z,0
401636895,2024,2024-10-12T19:30:00.000Z,0
401636896,2024,2024-10-13T00:00:00.000Z,0
401636897,2024,2024-10-19T20:00:00.000Z,0
401636898,2024,2024-10-19T02:15:00.000Z,0
401636899,2024,2024-10-19T16:00:00.000Z,0
401636900,2024,2024-10-19T23:30:00.000Z,0
401636901,2024,2024-10-19T19:30:00.000Z,0
401636902,2024,2024-10-19T20:00:00.000Z,0
401636903,2024,2024-10-20T02:30:00.000Z,0
401636904,2024,2024-10-19T23:30:00.000Z,0
401636905,2024,2024-10-26T23:00:00.000Z,0
401636906,2024,2024-10-26T19:30:00.000Z,0
401636907,2024,2024-10-27T02:15:00.000Z,0
401636908,2024,2024-10-26T23:00:00.000Z,0
401636909,2024,2024-10-27T00:00:00.000Z,0
401636910,2024,2024-10-26T19:30:00.000Z,0
401636911,2024,2024-10-26T19:30:00.000Z,0
401636912,2024,2024-11-03T00:00:00.000Z,0
401636913,2024,2024-11-02T19:30:00.000Z,0
401636914,2024,2024-11-02T19:30:00.000Z,0
401636915,2024,2024-11-02T19:30:00.000Z,0
401636916,2024,2024-11-02T19:30:00.000Z,0
401636917,2024,2024-11-10T00:00:00.000Z,0
401636918,2024,2024-11-09T17:00:00.000Z,0
401636919,2024,2024-11-09T20:30:00.000Z,0
401636920,2024,2024-11-10T00:00:00.000Z,0
401636921,2024,2024-11-09T21:00:00.000Z,0
401636922,2024,2024-11-10T03:15:00.000Z,0
401636923,2024,2024-11-16T03:15:00.000Z,0
401636924,2024,2024-11-17T03:15:00.000Z,0
401636925,2024,2024-11-16T17:00:00.000Z,0
401636926,2024,2024-11-17T01:00:00.000Z,0
401636927,2024,2024-11-17T00:00:00.000Z,0
401636929,2024,2024-11-16T21:00:00.000Z,0
401636930,2024,2024-11-23T20:30:00.000Z,0
401636931,2024,2024-11-24T00:00:00.000Z,0
401636932,2024,2024-11-23T20:30:00.000Z,0
401636933,2024,2024-11-24T01:00:00.000Z,0
401636934,2024,2024-11-23T20:30:00.000Z,0
401636935,2024,2024-11-23T20:00:00.000Z,0
401636936,2024,2024-11-24T00:30:00.000Z,0
401636937,2024,2024-11-23T20:30:00.000Z,0
401636938,2024,2024-11-29T17:00:00.000Z,0
401636939,2024,2024-11-30T01:00:00.000Z,0
401636940,2024,2024-11-30T20:30:00.000Z,0
401636941,2024,2024-11-30T17:00:00.000Z,0
401636942,2024,2024-12-01T03:15:00.000Z,0
401636943,2024,2024-11-30T23:00:00.000Z,0
401636944,2024,2024-12-01T00:30:00.000Z,0
401636945,2024,2024-11-30T17:00:00.000Z,0
401636999,2024,2024-09-07T16:00:00.000Z,0
401637159,2024,2024-08-31T19:00:00.000Z,0
401637160,2024,2024-09-08T00:00:00.000Z,0
401637161,2024,2024-09-14T20:00:00.000Z,0
401637162,2024,2024-09-22T01:45:00.000Z,0
401638341,2024,2024-09-28T18:00:00.000Z,0
401638342,2024,2024-10-05T19:00:00.000Z,0
401638343,2024,2024-10-05T18:00:00.000Z,0
401638344,2024,2024-10-12T18:30:00.000Z,0
401638345,2024,2024-10-19T18:00:00.000Z,0
401638346,2024,2024-10-19T17:30:00.000Z,0
401638347,2024,2024-10-26T18:00:00.000Z,0
401638348,2024,2024-11-02T17:30:00.000Z,0
401638349,2024,2024-11-16T18:00:00.000Z,0
401638350,2024,2024-11-23T20:00:00.000Z,0
401638359,2024,2024-08-31T23:00:00.000Z,0
401638360,2024,2024-09-21T23:00:00.000Z,0
401638361,2024,2024-10-05T23:00:00.000Z,0
401638659,2024,2024-09-29T21:00:00.000Z,0
401638660,2024,2024-09-28T16:00:00.000Z,0
401638661,2024,2024-09-28T17:00:00.000Z,0
401638662,2024,2024-09-28T17:00:00.000Z,0
401638663,2024,2024-10-05T17:00:00.000Z,0
401638664,2024,2024-10-05T17:00:00.000Z,0
401638665,2024,2024-10-05T17:00:00.000Z,0
401638666,2024,2024-10-05T20:00:00.000Z,0
401638667,2024,2024-10-05T18:00:00.000Z,0
401638668,2024,2024-10-12T18:00:00.000Z,0
401638669,2024,2024-10-12T16:00:00.000Z,0
401638670,2024,2024-10-12T18:00:00.000Z,0
401638671,2024,2024-10-12T16:00:00.000Z,0
401638672,2024,2024-10-12T17:00:00.000Z,0
401638673,2024,2024-10-19T17:00:00.000Z,0
401638674,2024,2024-10-19T17:00:00.000Z,0
401638675,2024,2024-10-19T21:00:00.000Z,0
401638676,2024,2024-10-19T17:00:00.000Z,0
401638677,2024,2024-10-19T18:00:00.000Z,0
401638678,2024,2024-10-26T17:00:00.000Z,0
401638679,2024,2024-10-26T16:00:00.000Z,0
401638680,2024,2024-10-26T17:00:00.000Z,0
401638681,2024,2024-10-26T17:00:00.000Z,0
401638682,2024,2024-10-26T16:00:00.000Z,0
401638683,2024,2024-11-02T20:00:00.000Z,0
401638684,2024,2024-11-02T17:00:00.000Z,0
401638685,2024,2024-11-02T18:00:00.000Z,0
401638686,2024,2024-11-02T17:00:00.000Z,0
401638687,2024,2024-11-02T17:00:00.000Z,0
401638688,2024,2024-11-09T19:00:00.000Z,0
401638689,2024,2024-11-09T19:00:00.000Z,0
401638690,2024,2024-11-09T18:00:00.000Z,0
401638691,2024,2024-11-09T18:00:00.000Z,0
401638692,2024,2024-11-09T17:00:00.000Z,0
401638693,2024,2024-11-16T18:00:00.000Z,0
401638694,2024,2024-11-16T17:00:00.000Z,0
401638695,2024,2024-11-16T21:00:00.000Z,0
401638696,2024,2024-11-16T18:00:00.000Z,0
401638697,2024,2024-11-16T17:00:00.000Z,0
401638698,2024,2024-11-23T18:00:00.000Z,0
401638699,2024,2024-11-23T19:00:00.000Z,0
401638700,2024,2024-11-23T19:00:00.000Z,0
401638701,2024,2024-11-23T18:00:00.000Z,0
401638702,2024,2024-11-23T18:00:00.000Z,0
401640959,2024,2024-11-24T00:00:00.000Z,0
401640979,2024,2024-09-07T22:00:00.000Z,0
401640980,2024,2024-09-14T22:00:00.000Z,0
401640981,2024,2024-09-28T22:00:00.000Z,0
401640982,2024,2024-10-08T23:00:00.000Z,0
401640983,2024,2024-10-17T01:00:00.000Z,0
401640984,2024,2024-10-22T23:30:00.000Z,0
401640985,2024,2024-10-29T23:00:00.000Z,0
401640986,2024,2024-11-16T19:00:00.000Z,0
401640987,2024,2024-11-23T20:00:00.000Z,0
401640988,2024,2024-11-30T19:00:00.000Z,0
401640989,2024,2024-09-08T02:15:00.000Z,0
401640990,2024,2024-09-14T22:00:00.000Z,0
401640991,2024,2024-09-21T22:00:00.000Z,0
401640992,2024,2024-09-28T19:30:00.000Z,0
401640993,2024,2024-10-23T23:00:00.000Z,0
401640994,2024,2024-10-30T23:00:00.000Z,0
401640995,2024,2024-11-09T18:00:00.000Z,0
401640996,2024,2024-11-23T18:00:00.000Z,0
401640997,2024,2024-11-29T20:30:00.000Z,0
401640998,2024,2024-08-30T00:00:00.000Z,0
401640999,2024,2024-09-14T23:00:00.000Z,0
401641000,2024,2024-09-21T19:00:00.000Z,0
401641001,2024,2024-10-04T23:00:00.000Z,0
401641002,2024,2024-10-09T23:30:00.000Z,0
401641003,2024,2024-10-23T23:30:00.000Z,0
401641004,2024,2024-11-09T21:30:00.000Z,0
401641005,2024,2024-11-23T17:00:00.000Z,0
401641006,2024,2024-11-30T21:00:00.000Z,0
401641007,2024,2024-09-01T00:00:00.000Z,0
401641008,2024,2024-09-21T23:00:00.000Z,0
401641009,2024,2024-10-11T00:00:00.000Z,0
401641010,2024,2024-10-16T01:00:00.000Z,0
401641011,2024,2024-10-23T00:00:00.000Z,0
401641012,2024,2024-10-30T00:00:00.000Z,0
401641013,2024,2024-11-16T17:00:00.000Z,0
401641014,2024,2024-11-30T21:00:00.000Z,0
401641015,2024,2024-08-31T19:30:00.000Z,0
401641016,2024,2024-09-07T23:00:00.000Z,0
401641017,2024,2024-09-14T23:00:00.000Z,0
401641018,2024,2024-09-28T22:00:00.000Z,0
401641019,2024,2024-10-16T00:00:00.000Z,0
401641020,2024,2024-10-30T23:30:00.000Z,0
401641021,2024,2024-11-09T21:00:00.000Z,0
401641022,2024,2024-11-16T20:00:00.000Z,0
401641023,2024,2024-08-31T23:00:00.000Z,0
401641024,2024,2024-09-14T23:00:00.000Z,0
401641025,2024,2024-09-28T23:30:00.000Z,0
401641026,2024,2024-11-02T19:30:00.000Z,0
401641027,2024,2024-11-23T19:30:00.000Z,0
401641028,2024,2024-09-21T21:00:00.000Z,0
401641029,2024,2024-10-04T01:00:00.000Z,0
401641030,2024,2024-10-11T00:00:00.000Z,0
401641031,2024,2024-11-30T21:00:00.000Z,0
401641032,2024,2024-09-01T01:00:00.000Z,0
401641033,2024,2024-09-15T02:30:00.000Z,0
401641034,2024,2024-09-21T23:00:00.000Z,0
401641035,2024,2024-09-29T00:00:00.000Z,0
401641036,2024,2024-11-09T23:00:00.000Z,0
401641037,2024,2024-09-21T23:00:00.000Z,0
401641038,2024,2024-10-16T23:00:00.000Z,0
401641039,2024,2024-08-31T23:00:00.000Z,0
401641040,2024,2024-09-14T23:00:00.000Z,0
401641041,2024,2024-09-28T19:00:00.000Z,0
401643696,2024,2024-08-25T00:00:00.000Z,0
401643697,2024,2024-08-24T20:00:00.000Z,0
401643698,2024,2024-08-30T02:00:00.000Z,0
401643699,2024,2024-08-31T19:30:00.000Z,0
401643700,2024,2024-08-31T20:00:00.000Z,0
401643701,2024,2024-08-31T23:00:00.000Z,0
401643702,2024,2024-09-01T00:00:00.000Z,0
401643703,2024,2024-08-31T04:00:00.000Z,1
401643704,2024,2024-08-31T22:30:00.000Z,0
401643705,2024,2024-09-07T23:00:00.000Z,0
401643706,2024,2024-09-07T23:00:00.000Z,0
401643707,2024,2024-09-08T02:00:00.000Z,0
401643708,2024,2024-09-07T23:00:00.000Z,0
401643709,2024,2024-09-08T02:30:00.000Z,0
401643710,2024,2024-09-07T19:30:00.000Z,0
401643711,2024,2024-09-22T00:30:00.000Z,0
401643712,2024,2024-09-22T03:59:00.000Z,0
401643713,2024,2024-09-21T19:00:00.000Z,0
401643714,2024,2024-09-21T02:00:00.000Z,0
401643715,2024,2024-09-21T18:00:00.000Z,0
401643716,2024,2024-09-21T23:00:00.000Z,0
401643717,2024,2024-09-22T00:30:00.000Z,0
401643718,2024,2024-09-29T00:00:00.000Z,0
401643719,2024,2024-09-29T02:00:00.000Z,0
401643720,2024,2024-09-28T19:30:00.000Z,0
401643721,2024,2024-09-28T19:30:00.000Z,0
401643722,2024,2024-10-05T16:00:00.000Z,0
401643723,2024,2024-10-05T23:00:00.000Z,0
401643724,2024,2024-10-05T22:30:00.000Z,0
401643725,2024,2024-10-06T00:00:00.000Z,0
401643726,2024,2024-10-05T23:30:00.000Z,0
401643727,2024,2024-10-12T23:00:00.000Z,0
401643728,2024,2024-10-13T03:00:00.000Z,0
401643729,2024,2024-10-12T19:30:00.000Z,0
401643730,2024,2024-10-12T23:00:00.000Z,0
401643731,2024,2024-10-12T23:30:00.000Z,0
401643732,2024,2024-10-12T19:30:00.000Z,0
401643733,2024,2024-10-12T01:00:00.000Z,0
401643734,2024,2024-10-20T00:00:00.000Z,0
401643735,2024,2024-10-19T02:30:00.000Z,0
401643736,2024,2024-10-19T19:30:00.000Z,0
401643737,2024,2024-10-19T20:00:00.000Z,0
401643738,2024,2024-10-19T20:00:00.000Z,0
401643739,2024,2024-10-20T02:00:00.000Z,0
401643740,2024,2024-10-26T02:30:00.000Z,0
401643741,2024,2024-10-26T21:00:00.000Z,0
401643742,2024,2024-10-27T00:00:00.000Z,0
401643743,2024,2024-10-27T03:59:00.000Z,0
401643744,2024,2024-10-27T02:30:00.000Z,0
401643745,2024,2024-10-26T23:00:00.000Z,0
401643746,2024,2024-11-02T16:00:00.000Z,0
401643747,2024,2024-11-02T00:00:00.000Z,0
401643748,2024,2024-11-03T00:00:00.000Z,0
401643749,2024,2024-11-02T23:00:00.000Z,0
401643750,2024,2024-11-02T20:00:00.000Z,0
401643751,2024,2024-11-10T02:45:00.000Z,0
401643752,2024,2024-11-10T01:00:00.000Z,0
401643753,2024,2024-11-10T02:00:00.000Z,0
401643754,2024,2024-11-09T03:30:00.000Z,0
401643755,2024,2024-11-09T20:30:00.000Z,0
401643756,2024,2024-11-10T03:30:00.000Z,0
401643757,2024,2024-11-16T20:30:00.000Z,0
401643758,2024,2024-11-17T00:00:00.000Z,0
401643759,2024,2024-11-16T01:00:00.000Z,0
401643760,2024,2024-11-16T20:00:00.000Z,0
401643761,2024,2024-11-17T02:30:00.000Z,0
401643762,2024,2024-11-17T03:30:00.000Z,0
401643763,2024,2024-11-24T03:30:00.000Z,0
401643764,2024,2024-11-24T00:00:00.000Z,0
401643765,2024,2024-11-24T03:30:00.000Z,0
401643766,2024,2024-11-23T20:30:00.000Z,0
401643767,2024,2024-11-23T03:00:00.000Z,0
401643768,2024,2024-12-01T03:30:00.000Z,0
401643769,2024,2024-11-29T17:00:00.000Z,0
401643770,2024,2024-11-29T20:30:00.000Z,0
401643771,2024,2024-12-01T04:00:00.000Z,0
401643772,2024,2024-12-01T01:00:00.000Z,0
401643773,2024,2024-11-30T23:30:00.000Z,0
401643774,2024,2024-09-01T00:00:00.000Z,0
401643775,2024,2024-08-31T21:00:00.000Z,0
401643776,2024,2024-09-01T00:00:00.000Z,0
401643777,2024,2024-09-07T22:00:00.000Z,0
401643778,2024,2024-09-07T22:00:00.000Z,0
401643779,2024,2024-09-07T23:00:00.000Z,0
401643780,2024,2024-09-07T23:00:00.000Z,0
401643781,2024,2024-09-07T22:00:00.000Z,0
401643782,2024,2024-09-07T23:00:00.000Z,0
401643783,2024,2024-09-07T20:00:00.000Z,0
401643784,2024,2024-09-07T16:00:00.000Z,0
401643785,2024,2024-09-14T20:00:00.000Z,0
401643786,2024,2024-09-14T18:00:00.000Z,0
401643787,2024,2024-09-14T22:00:00.000Z,0
401643788,2024,2024-09-12T23:30:00.000Z,0
401643789,2024,2024-09-14T23:00:00.000Z,0
401643790,2024,2024-09-19T23:30:00.000Z,0
401643791,2024,2024-09-21T16:00:00.000Z,0
401643792,2024,2024-09-28T19:30:00.000Z,0
401643793,2024,2024-09-28T17:30:00.000Z,0
401643794,2024,2024-09-28T19:30:00.000Z,0
401643795,2024,2024-09-28T21:00:00.000Z,0
401643796,2024,2024-09-28T23:00:00.000Z,0
401643797,2024,2024-10-03T23:00:00.000Z,0
401643798,2024,2024-10-05T23:00:00.000Z,0
401643799,2024,2024-10-05T19:30:00.000Z,0
401643800,2024,2024-10-05T23:00:00.000Z,0
401643801,2024,2024-10-05T23:00:00.000Z,0
401643802,2024,2024-10-05T23:00:00.000Z,0
401643803,2024,2024-10-10T23:30:00.000Z,0
401643804,2024,2024-10-13T00:00:00.000Z,0
401643805,2024,2024-10-12T19:30:00.000Z,0
401643806,2024,2024-10-12T23:30:00.000Z,0
401643807,2024,2024-10-12T21:00:00.000Z,0
401643808,2024,2024-10-12T23:00:00.000Z,0
401643809,2024,2024-10-15T23:30:00.000Z,0
401643810,2024,2024-10-17T23:00:00.000Z,0
401643811,2024,2024-10-19T16:00:00.000Z,0
401643812,2024,2024-10-19T20:00:00.000Z,0
401643813,2024,2024-10-19T19:30:00.000Z,0
401643814,2024,2024-10-19T23:00:00.000Z,0
401643815,2024,2024-10-24T23:00:00.000Z,0
401643816,2024,2024-10-26T17:00:00.000Z,0
401643817,2024,2024-10-26T19:30:00.000Z,0
401643818,2024,2024-10-26T23:00:00.000Z,0
401643819,2024,2024-10-26T21:00:00.000Z,0
401643820,2024,2024-10-29T23:30:00.000Z,0
401643821,2024,2024-11-02T18:30:00.000Z,0
401643822,2024,2024-11-02T19:30:00.000Z,0
401643823,2024,2024-11-02T23:30:00.000Z,0
401643824,2024,2024-11-02T20:00:00.000Z,0
401643825,2024,2024-11-08T01:00:00.000Z,0
401643826,2024,2024-11-09T20:30:00.000Z,0
401643827,2024,2024-11-09T22:00:00.000Z,0
401643828,2024,2024-11-09T17:00:00.000Z,0
401643829,2024,2024-11-09T20:00:00.000Z,0
401643830,2024,2024-11-16T21:00:00.000Z,0
401643831,2024,2024-11-16T22:00:00.000Z,0
401643832,2024,2024-11-16T18:00:00.000Z,0
401643833,2024,2024-11-16T21:00:00.000Z,0
401643834,2024,2024-11-17T00:00:00.000Z,0
401643835,2024,2024-11-17T00:00:00.000Z,0
401643836,2024,2024-11-23T19:30:00.000Z,0
401643837,2024,2024-11-23T20:30:00.000Z,0
401643838,2024,2024-11-24T00:30:00.000Z,0
401643839,2024,2024-11-23T20:00:00.000Z,0
401643840,2024,2024-11-23T22:00:00.000Z,0
401643841,2024,2024-11-23T20:00:00.000Z,0
401643842,2024,2024-11-24T00:00:00.000Z,0
401643843,2024,2024-11-29T20:30:00.000Z,0
401643844,2024,2024-11-30T23:00:00.000Z,0
401643845,2024,2024-11-30T19:00:00.000Z,0
401643846,2024,2024-12-01T01:00:00.000Z,0
401643847,2024,2024-11-30T20:00:00.000Z,0
401643848,2024,2024-11-30T17:00:00.000Z,0
401643849,2024,2024-11-30T19:00:00.000Z,0
401643858,2024,2024-08-25T03:59:00.000Z,0
401644596,2024,2024-09-21T16:00:00.000Z,0
401644597,2024,2024-09-28T16:00:00.000Z,0
401644598,2024,2024-10-04T23:00:00.000Z,0
401644599,2024,2024-10-11T22:00:00.000Z,0
401644600,2024,2024-10-19T16:00:00.000Z,0
401644601,2024,2024-10-26T19:00:00.000Z,0
401644602,2024,2024-11-02T17:30:00.000Z,0
401644604,2024,2024-11-16T18:00:00.000Z,0
401644605,2024,2024-11-23T17:00:00.000Z,0
401644683,2024,2024-08-31T19:30:00.000Z,0
401644684,2024,2024-10-05T19:30:00.000Z,0
401644685,2024,2024-10-12T18:00:00.000Z,0
401644686,2024,2024-10-19T19:30:00.000Z,0
401644687,2024,2024-10-26T18:00:00.000Z,0
401644688,2024,2024-11-06T01:00:00.000Z,0
401644689,2024,2024-11-14T00:00:00.000Z,0
401644690,2024,2024-11-20T01:00:00.000Z,0
401644691,2024,2024-11-29T17:00:00.000Z,0
401644727,2024,2024-08-29T23:00:00.000Z,0
401644728,2024,2024-08-29T23:30:00.000Z,0
401644729,2024,2024-08-29T23:00:00.000Z,0
401644730,2024,2024-08-29T23:00:00.000Z,0
401644731,2024,2024-08-31T19:30:00.000Z,0
401644732,2024,2024-09-07T18:30:00.000Z,0
401644733,2024,2024-09-14T22:00:00.000Z,0
401644734,2024,2024-09-14T19:30:00.000Z,0
401644735,2024,2024-09-21T17:00:00.000Z,0
401644736,2024,2024-09-21T19:30:00.000Z,0
401644737,2024,2024-09-21T18:00:00.000Z,0
401644738,2024,2024-09-28T19:30:00.000Z,0
401644739,2024,2024-09-28T19:30:00.000Z,0
401644740,2024,2024-10-05T19:30:00.000Z,0
401644741,2024,2024-10-05T18:00:00.000Z,0
401644742,2024,2024-10-12T19:30:00.000Z,0
401644743,2024,2024-10-12T16:00:00.000Z,0
401644744,2024,2024-10-12T19:30:00.000Z,0
401644745,2024,2024-10-12T16:00:00.000Z,0
401644746,2024,2024-10-12T20:00:00.000Z,0
401644748,2024,2024-10-19T19:30:00.000Z,0
401644749,2024,2024-10-19T19:30:00.000Z,0
401644750,2024,2024-10-19T18:00:00.000Z,0
401644751,2024,2024-10-19T19:30:00.000Z,0
401644752,2024,2024-10-26T19:30:00.000Z,0
401644753,2024,2024-10-26T19:30:00.000Z,0
401644754,2024,2024-10-26T19:30:00.000Z,0
401644755,2024,2024-10-26T16:00:00.000Z,0
401644756,2024,2024-10-26T19:30:00.000Z,0
401644757,2024,2024-11-02T16:00:00.000Z,0
401644758,2024,2024-11-02T16:00:00.000Z,0
401644760,2024,2024-11-06T00:30:00.000Z,0
401644761,2024,2024-11-07T00:00:00.000Z,0
401644762,2024,2024-11-07T00:00:00.000Z,0
401644763,2024,2024-11-13T00:00:00.000Z,0
401644764,2024,2024-11-13T00:00:00.000Z,0
401644765,2024,2024-11-13T00:00:00.000Z,0
401644766,2024,2024-11-14T00:00:00.000Z,0
401644767,2024,2024-11-14T00:00:00.000Z,0
401644769,2024,2024-11-20T00:00:00.000Z,0
401644770,2024,2024-11-20T00:30:00.000Z,0
401644772,2024,2024-11-21T00:00:00.000Z,0
401644773,2024,2024-11-21T00:00:00.000Z,0
401644774,2024,2024-11-23T19:00:00.000Z,0
401644775,2024,2024-11-27T00:00:00.000Z,0
401644776,2024,2024-11-27T00:00:00.000Z,0
401644777,2024,2024-11-29T17:00:00.000Z,0
401644779,2024,2024-11-30T20:30:00.000Z,0
401644780,2024,2024-11-30T18:30:00.000Z,0
401645308,2024,2024-10-26T19:30:00.000Z,0
401645316,2024,2024-08-30T00:00:00.000Z,0
401645317,2024,2024-08-30T00:00:00.000Z,0
401645318,2024,2024-08-30T00:00:00.000Z,0
401645319,2024,2024-08-30T22:00:00.000Z,0
401645320,2024,2024-08-31T22:00:00.000Z,0
401645321,2024,2024-08-31T23:00:00.000Z,0
401645322,2024,2024-08-31T16:00:00.000Z,0
401645323,2024,2024-09-07T16:00:00.000Z,0
401645324,2024,2024-09-07T19:30:00.000Z,0
401645325,2024,2024-09-07T23:30:00.000Z,0
401645326,2024,2024-09-07T23:00:00.000Z,0
401645327,2024,2024-09-14T22:00:00.000Z,0
401645328,2024,2024-09-21T16:00:00.000Z,0
401645329,2024,2024-09-21T19:30:00.000Z,0
401645330,2024,2024-09-21T19:30:00.000Z,0
401645331,2024,2024-09-26T23:30:00.000Z,0
401645332,2024,2024-09-28T16:00:00.000Z,0
401645333,2024,2024-09-28T23:00:00.000Z,0
401645334,2024,2024-09-28T20:00:00.000Z,0
401645335,2024,2024-09-28T22:00:00.000Z,0
401645336,2024,2024-09-28T23:00:00.000Z,0
401645337,2024,2024-09-28T16:00:00.000Z,0
401645338,2024,2024-10-05T17:00:00.000Z,0
401645339,2024,2024-10-05T16:00:00.000Z,0
401645340,2024,2024-10-05T19:30:00.000Z,0
401645341,2024,2024-10-12T19:30:00.000Z,0
401645342,2024,2024-10-12T16:00:00.000Z,0
401645343,2024,2024-10-12T23:00:00.000Z,0
401645344,2024,2024-10-12T23:00:00.000Z,0
401645345,2024,2024-10-19T19:30:00.000Z,0
401645346,2024,2024-10-19T16:00:00.000Z,0
401645347,2024,2024-10-19T19:30:00.000Z,0
401645348,2024,2024-10-19T19:30:00.000Z,0
401645349,2024,2024-10-19T23:30:00.000Z,0
401645350,2024,2024-10-19T19:30:00.000Z,0
401645351,2024,2024-10-19T18:00:00.000Z,0
401645352,2024,2024-10-26T18:00:00.000Z,0
401645353,2024,2024-10-26T16:00:00.000Z,0
401645354,2024,2024-10-26T16:00:00.000Z,0
401645355,2024,2024-10-26T19:30:00.000Z,0
401645356,2024,2024-10-31T23:30:00.000Z,0
401645357,2024,2024-11-01T23:30:00.000Z,0
401645358,2024,2024-11-02T18:30:00.000Z,0
401645359,2024,2024-11-02T16:00:00.000Z,0
401645360,2024,2024-11-02T20:00:00.000Z,0
401645361,2024,2024-11-08T01:00:00.000Z,0
401645362,2024,2024-11-09T02:00:00.000Z,0
401645363,2024,2024-11-09T17:00:00.000Z,0
401645364,2024,2024-11-09T21:00:00.000Z,0
401645365,2024,2024-11-15T00:30:00.000Z,0
401645366,2024,2024-11-16T01:00:00.000Z,0
401645367,2024,2024-11-17T01:00:00.000Z,0
401645368,2024,2024-11-16T20:30:00.000Z,0
401645369,2024,2024-11-16T19:00:00.000Z,0
401645370,2024,2024-11-16T17:00:00.000Z,0
401645371,2024,2024-11-23T20:00:00.000Z,0
401645372,2024,2024-11-23T20:30:00.000Z,0
401645373,2024,2024-11-23T19:00:00.000Z,0
401645374,2024,2024-11-23T00:00:00.000Z,0
401645375,2024,2024-11-23T20:30:00.000Z,0
401645376,2024,2024-11-29T00:30:00.000Z,0
401645377,2024,2024-11-30T20:30:00.000Z,0
401645378,2024,2024-11-30T17:00:00.000Z,0
401645379,2024,2024-11-29T17:00:00.000Z,0
401645380,2024,2024-11-30T20:30:00.000Z,0
401645381,2024,2024-11-30T17:00:00.000Z,0
401645382,2024,2024-11-30T19:00:00.000Z,0
401645383,2024,2024-12-14T20:00:00.000Z,0
401654456,2024,2024-09-21T17:00:00.000Z,0
401654457,2024,2024-10-18T23:00:00.000Z,0
401654458,2024,2024-10-26T16:00:00.000Z,0
401654459,2024,2024-11-02T16:00:00.000Z,0
401654460,2024,2024-11-09T17:00:00.000Z,0
401654462,2024,2024-11-23T17:00:00.000Z,0
401654463,2024,2024-09-21T16:00:00.000Z,0
401654464,2024,2024-09-28T19:00:00.000Z,0
401654466,2024,2024-11-02T17:00:00.000Z,0
401654467,2024,2024-11-08T23:00:00.000Z,0
401654468,2024,2024-11-16T17:00:00.000Z,0
401654469,2024,2024-11-23T18:00:00.000Z,0
401654470,2024,2024-09-21T17:00:00.000Z,0
401654471,2024,2024-09-28T17:00:00.000Z,0
401654472,2024,2024-10-05T17:00:00.000Z,0
401654473,2024,2024-10-12T16:00:00.000Z,0
401654474,2024,2024-10-19T17:00:00.000Z,0
401654476,2024,2024-11-16T18:00:00.000Z,0
401654487,2024,2024-09-21T16:00:00.000Z,0
401654488,2024,2024-09-28T16:30:00.000Z,0
401654489,2024,2024-10-05T16:00:00.000Z,0
401654490,2024,2024-10-12T16:00:00.000Z,0
401654491,2024,2024-10-19T17:00:00.000Z,0
401654492,2024,2024-10-26T17:30:00.000Z,0
401654493,2024,2024-11-01T23:00:00.000Z,0
401654494,2024,2024-11-09T17:00:00.000Z,0
401654495,2024,2024-11-16T17:00:00.000Z,0
401654496,2024,2024-11-23T17:00:00.000Z,0
401654497,2024,2024-08-31T22:00:00.000Z,0
401654498,2024,2024-09-14T19:00:00.000Z,0
401654499,2024,2024-10-12T19:00:00.000Z,0
401654500,2024,2024-10-26T19:30:00.000Z,0
401654501,2024,2024-11-02T17:00:00.000Z,0
401654502,2024,2024-11-09T17:00:00.000Z,0
401654503,2024,2024-11-16T17:00:00.000Z,0
401654504,2024,2024-11-23T18:00:00.000Z,0
401654505,2024,2024-09-21T17:00:00.000Z,0
401654506,2024,2024-09-28T18:00:00.000Z,0
401654507,2024,2024-10-19T17:00:00.000Z,0
401654508,2024,2024-11-09T18:00:00.000Z,0
401654509,2024,2024-10-05T17:00:00.000Z,0
401654510,2024,2024-08-31T22:00:00.000Z,0
401654511,2024,2024-09-21T23:00:00.000Z,0
401654512,2024,2024-10-05T17:00:00.000Z,0
401654513,2024,2024-10-12T19:00:00.000Z,0
401654514,2024,2024-10-26T19:30:00.000Z,0
401654515,2024,2024-11-02T17:00:00.000Z,0
401654536,2024,2024-11-16T21:00:00.000Z,0
401654537,2024,2024-11-23T18:00:00.000Z,0
401654538,2024,2024-09-07T16:00:00.000Z,0
401654539,2024,2024-10-05T18:30:00.000Z,0
401654540,2024,2024-10-19T18:00:00.000Z,0
401654541,2024,2024-10-31T23:30:00.000Z,0
401654542,2024,2024-11-09T20:30:00.000Z,0
401654543,2024,2024-11-23T18:30:00.000Z,0
401654547,2024,2024-10-12T23:00:00.000Z,0
401654549,2024,2024-09-07T20:00:00.000Z,0
401654550,2024,2024-09-21T17:30:00.000Z,0
401654551,2024,2024-10-05T17:00:00.000Z,0
401654552,2024,2024-10-26T18:00:00.000Z,0
401654553,2024,2024-09-28T19:00:00.000Z,0
401654555,2024,2024-10-12T18:00:00.000Z,0
401654556,2024,2024-11-16T01:00:00.000Z,0
401654557,2024,2024-09-01T00:00:00.000Z,0
401654558,2024,2024-09-07T23:00:00.000Z,0
401654559,2024,2024-09-21T23:00:00.000Z,0
401654560,2024,2024-10-05T23:00:00.000Z,0
401654561,2024,2024-10-19T23:00:00.000Z,0
401654562,2024,2024-08-30T00:00:00.000Z,0
401654563,2024,2024-09-21T18:00:00.000Z,0
401654564,2024,2024-10-12T19:00:00.000Z,0
401654565,2024,2024-08-31T23:00:00.000Z,0
401654566,2024,2024-09-21T23:00:00.000Z,0
401654567,2024,2024-10-05T19:00:00.000Z,0
401654568,2024,2024-11-09T20:00:00.000Z,0
401654569,2024,2024-09-07T23:00:00.000Z,0
401654570,2024,2024-10-26T19:00:00.000Z,0
401654571,2024,2024-11-02T19:00:00.000Z,0
401654572,2024,2024-11-16T20:00:00.000Z,0
401654573,2024,2024-09-07T22:00:00.000Z,0
401654574,2024,2024-09-14T16:00:00.000Z,0
401654575,2024,2024-10-05T16:00:00.000Z,0
401654576,2024,2024-10-12T16:00:00.000Z,0
401654577,2024,2024-10-26T16:00:00.000Z,0
401654578,2024,2024-11-02T16:00:00.000Z,0
401654579,2024,2024-11-09T18:00:00.000Z,0
401654580,2024,2024-11-16T17:00:00.000Z,0
401654581,2024,2024-11-23T17:00:00.000Z,0
401654582,2024,2024-08-31T21:00:00.000Z,0
401654583,2024,2024-09-07T18:00:00.000Z,0
401654584,2024,2024-08-31T22:00:00.000Z,0
401654585,2024,2024-09-07T23:00:00.000Z,0
401654586,2024,2024-09-21T20:00:00.000Z,0
401654587,2024,2024-09-28T23:00:00.000Z,0
401654588,2024,2024-09-21T16:00:00.000Z,0
401654589,2024,2024-10-05T17:00:00.000Z,0
401654590,2024,2024-10-12T16:00:00.000Z,0
401654591,2024,2024-10-26T17:00:00.000Z,0
401654592,2024,2024-11-02T16:00:00.000Z,0
401654593,2024,2024-11-09T17:00:00.000Z,0
401654594,2024,2024-11-16T17:00:00.000Z,0
401654595,2024,2024-09-14T16:00:00.000Z,0
401654596,2024,2024-10-12T16:00:00.000Z,0
401654597,2024,2024-10-19T16:00:00.000Z,0
401654598,2024,2024-11-09T17:00:00.000Z,0
401654599,2024,2024-11-16T17:00:00.000Z,0
401654600,2024,2024-11-23T17:00:00.000Z,0
401654601,2024,2024-09-14T21:00:00.000Z,0
401654602,2024,2024-09-22T00:00:00.000Z,0
401654603,2024,2024-09-14T20:00:00.000Z,0
401654604,2024,2024-09-22T00:00:00.000Z,0
401654605,2024,2024-09-07T22:00:00.000Z,0
401654606,2024,2024-09-21T20:00:00.000Z,0
401654608,2024,2024-10-26T18:00:00.000Z,0
401654609,2024,2024-11-02T16:00:00.000Z,0
401654610,2024,2024-11-23T17:00:00.000Z,0
401654611,2024,2024-09-14T22:00:00.000Z,0
401654612,2024,2024-10-19T17:00:00.000Z,0
401654613,2024,2024-10-26T16:00:00.000Z,0
401654614,2024,2024-11-16T17:00:00.000Z,0
401654615,2024,2024-11-23T18:00:00.000Z,0
401654616,2024,2024-09-07T16:00:00.000Z,0
401654617,2024,2024-09-28T16:00:00.000Z,0
401654618,2024,2024-10-19T16:00:00.000Z,0
401654619,2024,2024-10-26T16:00:00.000Z,0
401654620,2024,2024-11-02T16:30:00.000Z,0
401654621,2024,2024-11-09T17:00:00.000Z,0
401654622,2024,2024-11-16T17:00:00.000Z,0
401654623,2024,2024-11-23T17:00:00.000Z,0
401654624,2024,2024-09-14T16:30:00.000Z,0
401654625,2024,2024-10-05T17:00:00.000Z,0
401654626,2024,2024-10-12T16:30:00.000Z,0
401654627,2024,2024-10-19T16:30:00.000Z,0
401654628,2024,2024-10-26T17:30:00.000Z,0
401654629,2024,2024-11-02T17:00:00.000Z,0
401654630,2024,2024-11-09T18:00:00.000Z,0
401654631,2024,2024-11-16T17:30:00.000Z,0
401654632,2024,2024-09-07T17:00:00.000Z,0
401654633,2024,2024-09-14T17:00:00.000Z,0
401654634,2024,2024-09-21T17:00:00.000Z,0
401654635,2024,2024-11-23T18:00:00.000Z,0
401654636,2024,2024-09-21T18:00:00.000Z,0
401654637,2024,2024-10-05T17:00:00.000Z,0
401654638,2024,2024-10-12T17:00:00.000Z,0
401654639,2024,2024-11-16T17:00:00.000Z,0
401654640,2024,2024-11-23T17:30:00.000Z,0
401654641,2024,2024-08-31T16:30:00.000Z,0
401654642,2024,2024-09-07T16:00:00.000Z,0
401654643,2024,2024-10-19T17:00:00.000Z,0
401654644,2024,2024-10-26T18:00:00.000Z,0
401654645,2024,2024-11-16T18:00:00.000Z,0
401654646,2024,2024-08-31T16:00:00.000Z,0
401654647,2024,2024-10-19T16:00:00.000Z,0
401654648,2024,2024-11-02T17:00:00.000Z,0
401654649,2024,2024-09-07T17:30:00.000Z,0
401654650,2024,2024-09-21T22:00:00.000Z,0
401654651,2024,2024-10-12T17:00:00.000Z,0
401654652,2024,2024-11-09T18:00:00.000Z,0
401654653,2024,2024-11-23T18:00:00.000Z,0
401654654,2024,2024-10-05T17:00:00.000Z,0
401654657,2024,2024-08-31T16:00:00.000Z,0
401654662,2024,2024-08-24T23:00:00.000Z,0
401654663,2024,2024-09-14T23:00:00.000Z,0
401654664,2024,2024-09-07T23:00:00.000Z,0
401654665,2024,2024-08-24T19:30:00.000Z,0
401654666,2024,2024-09-28T23:00:00.000Z,0
401654674,2024,2024-09-14T23:00:00.000Z,0
401654677,2024,2024-09-07T22:00:00.000Z,0
401654678,2024,2024-09-14T18:00:00.000Z,0
401654844,2024,2024-08-31T22:00:00.000Z,0
401654845,2024,2024-08-30T01:00:00.000Z,0
401654846,2024,2024-09-28T20:00:00.000Z,0
401654847,2024,2024-09-28T23:00:00.000Z,0
401654848,2024,2024-09-14T16:00:00.000Z,0
401654849,2024,2024-09-14T23:00:00.000Z,0
401654850,2024,2024-09-08T02:00:00.000Z,0
401654851,2024,2024-09-21T23:00:00.000Z,0
401655616,2024,2024-09-14T23:00:00.000Z,0
401655617,2024,2024-09-29T00:00:00.000Z,0
401655618,2024,2024-09-15T01:00:00.000Z,0
401655619,2024,2024-09-21T23:00:00.000Z,0
401655620,2024,2024-09-14T23:00:00.000Z,0
401655621,2024,2024-09-01T00:00:00.000Z,0
401655622,2024,2024-09-15T00:00:00.000Z,0
401655623,2024,2024-09-07T23:00:00.000Z,0
401655624,2024,2024-09-07T22:00:00.000Z,0
401655625,2024,2024-09-14T19:00:00.000Z,0
401655626,2024,2024-09-21T19:00:00.000Z,0
401655628,2024,2024-08-31T20:00:00.000Z,0
401655630,2024,2024-09-22T00:00:00.000Z,0
401655631,2024,2024-09-21T23:00:00.000Z,0
401655632,2024,2024-09-14T23:30:00.000Z,0
401655634,2024,2024-09-21T18:00:00.000Z,0
401655635,2024,2024-10-19T19:30:00.000Z,0
401655656,2024,2024-11-09T20:00:00.000Z,0
401655657,2024,2024-08-31T17:00:00.000Z,0
401655658,2024,2024-09-14T22:00:00.000Z,0
401655659,2024,2024-09-28T17:00:00.000Z,0
401655660,2024,2024-09-07T23:00:00.000Z,0
401655661,2024,2024-09-14T23:00:00.000Z,0
401655663,2024,2024-09-21T16:00:00.000Z,0
401655664,2024,2024-08-29T23:30:00.000Z,0
401655665,2024,2024-09-07T23:00:00.000Z,0
401655666,2024,2024-09-14T17:00:00.000Z,0
401655859,2024,2024-09-14T23:30:00.000Z,0
401655860,2024,2024-08-30T00:00:00.000Z,0
401655861,2024,2024-09-14T18:00:00.000Z,0
401656598,2024,2024-09-07T23:00:00.000Z,0
401656599,2024,2024-09-14T19:00:00.000Z,0
401656600,2024,2024-08-30T23:00:00.000Z,0
401656601,2024,2024-09-28T17:00:00.000Z,0
401656602,2024,2024-11-02T17:00:00.000Z,0
401656951,2024,2024-10-26T16:00:00.000Z,0
401656952,2024,2024-09-14T16:00:00.000Z,0
401658337,2024,2024-09-06T00:00:00.000Z,0
401658338,2024,2024-09-14T17:00:00.000Z,0
401658339,2024,2024-09-21T18:00:00.000Z,0
401658340,2024,2024-09-28T22:00:00.000Z,0
401658341,2024,2024-10-05T17:00:00.000Z,0
401658342,2024,2024-10-12T18:00:00.000Z,0
401658343,2024,2024-10-19T19:00:00.000Z,0
401658344,2024,2024-10-26T17:00:00.000Z,0
401658345,2024,2024-11-02T17:00:00.000Z,0
401658346,2024,2024-11-09T18:00:00.000Z,0
401658347,2024,2024-11-16T18:00:00.000Z,0
401658348,2024,2024-08-31T19:00:00.000Z,0
401658349,2024,2024-09-14T17:00:00.000Z,0
401658350,2024,2024-09-21T20:00:00.000Z,0
401658351,2024,2024-09-28T20:00:00.000Z,0
401658352,2024,2024-11-16T19:00:00.000Z,0
401658353,2024,2024-10-19T18:00:00.000Z,0
401658354,2024,2024-10-26T21:00:00.000Z,0
401658355,2024,2024-11-02T18:00:00.000Z,0
401658356,2024,2024-11-09T18:00:00.000Z,0
401658358,2024,2024-09-05T23:00:00.000Z,0
401658359,2024,2024-09-14T17:00:00.000Z,0
401658360,2024,2024-09-21T17:00:00.000Z,0
401658361,2024,2024-10-05T17:00:00.000Z,0
401658362,2024,2024-10-12T17:30:00.000Z,0
401658363,2024,2024-10-19T17:00:00.000Z,0
401658364,2024,2024-10-26T17:00:00.000Z,0
401658365,2024,2024-11-02T16:00:00.000Z,0
401658366,2024,2024-11-09T18:00:00.000Z,0
401658367,2024,2024-11-16T18:00:00.000Z,0
401673031,2024,2024-10-12T17:00:00.000Z,0
401673036,2024,2024-10-25T23:00:00.000Z,0
401673041,2024,2024-08-29T22:00:00.000Z,0
401673042,2024,2024-09-07T22:00:00.000Z,0
401673043,2024,2024-09-07T20:00:00.000Z,0
401673044,2024,2024-08-31T22:00:00.000Z,0
401673045,2024,2024-09-07T22:00:00.000Z,0
401673046,2024,2024-09-21T18:00:00.000Z,0
401673140,2024,2024-09-08T00:00:00.000Z,0
401673141,2024,2024-09-14T23:00:00.000Z,0
401673142,2024,2024-09-22T00:00:00.000Z,0
401673143,2024,2024-09-28T19:00:00.000Z,0
401673144,2024,2024-10-05T18:00:00.000Z,0
401673145,2024,2024-10-12T19:00:00.000Z,0
401673146,2024,2024-10-19T19:00:00.000Z,0
401673147,2024,2024-10-26T23:00:00.000Z,0
401673148,2024,2024-11-03T00:00:00.000Z,0
401673149,2024,2024-11-09T20:00:00.000Z,0
401673150,2024,2024-11-16T20:00:00.000Z,0
401673151,2024,2024-09-07T19:00:00.000Z,0
401673152,2024,2024-09-21T20:00:00.000Z,0
401673153,2024,2024-09-28T19:00:00.000Z,0
401673154,2024,2024-10-05T23:00:00.000Z,0
401673155,2024,2024-10-12T19:00:00.000Z,0
401673236,2024,2024-10-19T19:00:00.000Z,0
401673237,2024,2024-10-26T22:00:00.000Z,0
401673238,2024,2024-11-02T19:00:00.000Z,0
401673239,2024,2024-11-16T19:00:00.000Z,0
401673240,2024,2024-09-08T00:00:00.000Z,0
401673241,2024,2024-09-15T00:00:00.000Z,0
401673242,2024,2024-09-28T18:00:00.000Z,0
401673243,2024,2024-10-06T00:00:00.000Z,0
401673244,2024,2024-10-19T19:00:00.000Z,0
401673245,2024,2024-10-26T18:00:00.000Z,0
401673246,2024,2024-11-02T19:00:00.000Z,0
401673247,2024,2024-11-09T20:00:00.000Z,0
401673248,2024,2024-11-16T20:00:00.000Z,0
401673249,2024,2024-09-05T22:00:00.000Z,0
401673250,2024,2024-09-14T18:00:00.000Z,0
401673251,2024,2024-09-21T19:00:00.000Z,0
401673252,2024,2024-09-28T20:00:00.000Z,0
401673253,2024,2024-10-12T18:00:00.000Z,0
401673254,2024,2024-08-30T00:00:00.000Z,0
401673255,2024,2024-11-02T18:00:00.000Z,0
401673256,2024,2024-11-09T19:00:00.000Z,0
401673257,2024,2024-08-30T00:00:00.000Z,0
401673258,2024,2024-09-15T00:00:00.000Z,0
401673259,2024,2024-10-05T20:00:00.000Z,0
401673260,2024,2024-10-12T18:00:00.000Z,0
401673261,2024,2024-10-19T19:00:00.000Z,0
401673262,2024,2024-11-02T18:00:00.000Z,0
401673263,2024,2024-11-09T19:00:00.000Z,0
401673264,2024,2024-08-31T20:00:00.000Z,0
401673265,2024,2024-09-14T20:00:00.000Z,0
401673266,2024,2024-10-12T20:00:00.000Z,0
401673267,2024,2024-10-19T19:00:00.000Z,0
401673268,2024,2024-10-26T20:00:00.000Z,0
401673269,2024,2024-11-16T19:00:00.000Z,0
401673270,2024,2024-09-08T00:00:00.000Z,0
401673271,2024,2024-09-15T00:00:00.000Z,0
401673272,2024,2024-09-21T17:00:00.000Z,0
401673273,2024,2024-11-09T20:00:00.000Z,0
401673274,2024,2024-11-16T19:00:00.000Z,0
401673275,2024,2024-09-06T00:00:00.000Z,0
401673276,2024,2024-09-14T18:00:00.000Z,0
401673277,2024,2024-09-21T18:00:00.000Z,0
401673278,2024,2024-10-05T19:00:00.000Z,0
401673279,2024,2024-08-30T00:00:00.000Z,0
401673280,2024,2024-09-14T19:00:00.000Z,0
401673281,2024,2024-09-28T19:00:00.000Z,0
401673282,2024,2024-08-30T00:00:00.000Z,0
401673283,2024,2024-09-06T00:00:00.000Z,0
401673370,2024,2024-08-29T22:00:00.000Z,0
401673371,2024,2024-09-13T16:00:00.000Z,0
401673372,2024,2024-09-21T17:00:00.000Z,0
401673373,2024,2024-09-28T22:00:00.000Z,0
401673374,2024,2024-10-05T17:00:00.000Z,0
401673375,2024,2024-10-12T17:00:00.000Z,0
401673376,2024,2024-10-19T17:00:00.000Z,0
401673377,2024,2024-10-26T17:00:00.000Z,0
401673378,2024,2024-11-02T19:00:00.000Z,0
401673379,2024,2024-11-09T18:00:00.000Z,0
401673380,2024,2024-11-16T20:00:00.000Z,0
401673381,2024,2024-08-31T17:00:00.000Z,0
401673382,2024,2024-09-14T17:00:00.000Z,0
401673383,2024,2024-09-21T17:00:00.000Z,0
401673384,2024,2024-09-29T17:00:00.000Z,0
401673385,2024,2024-10-05T17:00:00.000Z,0
401673386,2024,2024-10-12T18:00:00.000Z,0
401673387,2024,2024-10-19T17:00:00.000Z,0
401673388,2024,2024-11-02T17:00:00.000Z,0
401673389,2024,2024-11-09T18:00:00.000Z,0
401673390,2024,2024-11-16T18:00:00.000Z,0
401673399,2024,2024-09-07T16:00:00.000Z,0
401673400,2024,2024-09-14T23:00:00.000Z,0
401673401,2024,2024-09-21T16:00:00.000Z,0
401673402,2024,2024-09-28T21:00:00.000Z,0
401673403,2024,2024-10-05T16:00:00.000Z,0
401673404,2024,2024-10-12T16:00:00.000Z,0
401673405,2024,2024-10-19T16:00:00.000Z,0
401673406,2024,2024-10-26T16:00:00.000Z,0
401673407,2024,2024-11-02T16:00:00.000Z,0
401673408,2024,2024-09-07T17:00:00.000Z,0
401673409,2024,2024-09-14T17:00:00.000Z,0
401673410,2024,2024-09-21T17:00:00.000Z,0
401673411,2024,2024-09-28T16:00:00.000Z,0
401673412,2024,2024-10-05T17:00:00.000Z,0
401673413,2024,2024-10-12T16:00:00.000Z,0
401673414,2024,2024-10-26T17:30:00.000Z,0
401673415,2024,2024-11-02T17:00:00.000Z,0
401673416,2024,2024-11-09T17:00:00.000Z,0
401673417,2024,2024-11-16T17:00:00.000Z,0
401673418,2024,2024-09-07T17:00:00.000Z,0
401673419,2024,2024-09-14T17:00:00.000Z,0
401673420,2024,2024-09-21T17:00:00.000Z,0
401673421,2024,2024-09-28T17:00:00.000Z,0
401673422,2024,2024-10-12T17:00:00.000Z,0
401673423,2024,2024-10-19T16:00:00.000Z,0
401673424,2024,2024-10-26T16:00:00.000Z,0
401673425,2024,2024-11-02T17:00:00.000Z,0
401673426,2024,2024-11-09T17:00:00.000Z,0
401673427,2024,2024-11-16T17:00:00.000Z,0
401673428,2024,2024-09-06T23:00:00.000Z,0
401673429,2024,2024-09-14T16:00:00.000Z,0
401673430,2024,2024-09-21T16:00:00.000Z,0
401673431,2024,2024-09-28T16:00:00.000Z,0
401673432,2024,2024-10-12T17:00:00.000Z,0
401673433,2024,2024-10-26T16:00:00.000Z,0
401673434,2024,2024-11-02T16:00:00.000Z,0
401673435,2024,2024-11-09T17:00:00.000Z,0
401673436,2024,2024-11-16T17:00:00.000Z,0
401673437,2024,2024-09-06T23:00:00.000Z,0
401673438,2024,2024-09-14T17:00:00.000Z,0
401673439,2024,2024-09-21T16:00:00.000Z,0
401673440,2024,2024-10-19T17:00:00.000Z,0
401673441,2024,2024-10-26T17:00:00.000Z,0
401673442,2024,2024-11-02T17:00:00.000Z,0
401673443,2024,2024-11-09T18:00:00.000Z,0
401673444,2024,2024-11-16T18:00:00.000Z,0
401673445,2024,2024-09-07T18:00:00.000Z,0
401673446,2024,2024-09-14T18:00:00.000Z,0
401673447,2024,2024-09-21T18:00:00.000Z,0
401673448,2024,2024-10-05T19:00:00.000Z,0
401673449,2024,2024-10-12T23:00:00.000Z,0
401673450,2024,2024-10-19T18:00:00.000Z,0
401673451,2024,2024-10-26T17:00:00.000Z,0
401673452,2024,2024-11-02T18:00:00.000Z,0
401673453,2024,2024-11-09T19:00:00.000Z,0
401673454,2024,2024-11-16T18:00:00.000Z,0
401673462,2024,2024-12-07T01:00:00.000Z,0
401673463,2024,2024-12-08T01:00:00.000Z,0
401673464,2024,2024-12-08T01:00:00.000Z,0
401673465,2024,2024-12-07T17:00:00.000Z,0
401673466,2024,2024-12-07T00:00:00.000Z,0
401673467,2024,2024-12-07T17:00:00.000Z,0
401673468,2024,2024-12-07T01:00:00.000Z,0
401673469,2024,2024-12-07T21:00:00.000Z,0
401673470,2024,2024-12-08T00:30:00.000Z,0
401673471,2024,2024-12-07T19:00:00.000Z,0
401673946,2024,2024-09-07T23:00:00.000Z,0
401673947,2024,2024-09-21T23:00:00.000Z,0
401673948,2024,2024-09-28T18:00:00.000Z,0
401673949,2024,2024-10-05T18:00:00.000Z,0
401673950,2024,2024-10-12T18:00:00.000Z,0
401673951,2024,2024-10-19T18:00:00.000Z,0
401673952,2024,2024-10-26T18:00:00.000Z,0
401673953,2024,2024-11-02T18:00:00.000Z,0
401673954,2024,2024-11-09T19:00:00.000Z,0
401673955,2024,2024-11-16T18:00:00.000Z,0
401673956,2024,2024-09-05T23:00:00.000Z,0
401673957,2024,2024-09-21T18:00:00.000Z,0
401673958,2024,2024-09-28T18:00:00.000Z,0
401673959,2024,2024-10-05T19:00:00.000Z,0
401673960,2024,2024-10-12T18:00:00.000Z,0
401673961,2024,2024-10-26T18:00:00.000Z,0
401673962,2024,2024-11-02T17:00:00.000Z,0
401673963,2024,2024-11-09T18:00:00.000Z,0
401673964,2024,2024-11-16T18:00:00.000Z,0
401673965,2024,2024-09-07T18:00:00.000Z,0
401673966,2024,2024-09-21T18:00:00.000Z,0
401673967,2024,2024-09-28T18:00:00.000Z,0
401673968,2024,2024-10-05T18:00:00.000Z,0
401673969,2024,2024-10-12T18:00:00.000Z,0
401673970,2024,2024-10-19T18:00:00.000Z,0
401673971,2024,2024-10-26T18:00:00.000Z,0
401673972,2024,2024-11-02T18:00:00.000Z,0
401673973,2024,2024-09-07T17:00:00.000Z,0
401673974,2024,2024-09-21T23:00:00.000Z,0
401673975,2024,2024-09-28T18:00:00.000Z,0
401673976,2024,2024-10-19T18:00:00.000Z,0
401673977,2024,2024-11-02T17:00:00.000Z,0
401673978,2024,2024-11-09T18:00:00.000Z,0
401673979,2024,2024-11-16T19:00:00.000Z,0
401674109,2024,2024-09-07T18:00:00.000Z,0
401674110,2024,2024-09-15T00:00:00.000Z,0
401674111,2024,2024-09-21T16:00:00.000Z,0
401674112,2024,2024-09-28T18:00:00.000Z,0
401674113,2024,2024-10-06T00:00:00.000Z,0
401674114,2024,2024-10-12T18:00:00.000Z,0
401674115,2024,2024-10-19T19:00:00.000Z,0
401674136,2024,2024-10-26T18:30:00.000Z,0
401674137,2024,2024-11-02T19:00:00.000Z,0
401674138,2024,2024-11-09T19:00:00.000Z,0
401674139,2024,2024-11-16T19:00:00.000Z,0
401674140,2024,2024-09-08T00:00:00.000Z,0
401674141,2024,2024-09-21T17:00:00.000Z,0
401674142,2024,2024-09-29T00:00:00.000Z,0
401674143,2024,2024-10-05T19:00:00.000Z,0
401674144,2024,2024-10-12T18:00:00.000Z,0
401674145,2024,2024-10-19T18:00:00.000Z,0
401674146,2024,2024-10-26T19:00:00.000Z,0
401674147,2024,2024-11-02T19:00:00.000Z,0
401674148,2024,2024-11-09T19:00:00.000Z,0
401674149,2024,2024-11-16T19:00:00.000Z,0
401674150,2024,2024-08-30T00:00:00.000Z,0
401674151,2024,2024-09-07T18:00:00.000Z,0
401674152,2024,2024-09-15T00:00:00.000Z,0
401674153,2024,2024-09-21T18:00:00.000Z,0
401674154,2024,2024-09-28T18:30:00.000Z,0
401674155,2024,2024-10-05T19:00:00.000Z,0
401674156,2024,2024-10-12T18:00:00.000Z,0
401674157,2024,2024-10-26T19:00:00.000Z,0
401674158,2024,2024-11-02T18:00:00.000Z,0
401674159,2024,2024-08-30T00:00:00.000Z,0
401674160,2024,2024-09-08T00:00:00.000Z,0
401674161,2024,2024-09-14T23:00:00.000Z,0
401674162,2024,2024-09-21T16:00:00.000Z,0
401674163,2024,2024-10-13T00:00:00.000Z,0
401674164,2024,2024-10-19T19:00:00.000Z,0
401674165,2024,2024-10-26T18:00:00.000Z,0
401674166,2024,2024-11-16T18:00:00.000Z,0
401674168,2024,2024-09-08T00:00:00.000Z,0
401674169,2024,2024-09-14T23:00:00.000Z,0
401674170,2024,2024-09-21T19:00:00.000Z,0
401674171,2024,2024-09-28T20:00:00.000Z,0
401674172,2024,2024-10-19T18:00:00.000Z,0
401674173,2024,2024-11-09T20:00:00.000Z,0
401674174,2024,2024-08-29T23:00:00.000Z,0
401674175,2024,2024-09-28T19:00:00.000Z,0
401674176,2024,2024-10-05T19:00:00.000Z,0
401674177,2024,2024-10-19T19:00:00.000Z,0
401674178,2024,2024-11-09T20:00:00.000Z,0
401674179,2024,2024-11-16T20:00:00.000Z,0
401674180,2024,2024-09-08T00:00:00.000Z,0
401674181,2024,2024-10-05T18:00:00.000Z,0
401674182,2024,2024-10-12T19:00:00.000Z,0
401674183,2024,2024-11-02T18:00:00.000Z,0
401674184,2024,2024-08-29T23:00:00.000Z,0
401674185,2024,2024-10-05T20:00:00.000Z,0
401674186,2024,2024-11-02T18:30:00.000Z,0
401674187,2024,2024-11-16T19:30:00.000Z,0
401674188,2024,2024-09-01T00:00:00.000Z,0
401674189,2024,2024-09-21T18:00:00.000Z,0
401674190,2024,2024-11-16T19:00:00.000Z,0
401674221,2024,2024-08-29T23:00:00.000Z,0
401674222,2024,2024-09-07T22:00:00.000Z,0
401674223,2024,2024-09-14T19:00:00.000Z,0
401674224,2024,2024-09-21T17:00:00.000Z,0
401674225,2024,2024-09-28T18:00:00.000Z,0
401674226,2024,2024-10-05T18:00:00.000Z,0
401674227,2024,2024-10-12T18:00:00.000Z,0
401674228,2024,2024-11-16T19:00:00.000Z,0
401674229,2024,2024-09-06T00:00:00.000Z,0
401674230,2024,2024-09-14T23:00:00.000Z,0
401674231,2024,2024-09-22T00:00:00.000Z,0
401674232,2024,2024-09-28T23:00:00.000Z,0
401674233,2024,2024-10-05T20:00:00.000Z,0
401674234,2024,2024-10-12T21:00:00.000Z,0
401674235,2024,2024-10-19T21:00:00.000Z,0
401674256,2024,2024-09-07T04:00:00.000Z,1
401674257,2024,2024-09-21T17:00:00.000Z,0
401674258,2024,2024-09-28T17:00:00.000Z,0
401674259,2024,2024-10-05T16:00:00.000Z,0
401674260,2024,2024-10-12T16:00:00.000Z,0
401674261,2024,2024-10-25T23:00:00.000Z,0
401674262,2024,2024-11-02T17:00:00.000Z,0
401674263,2024,2024-11-09T18:00:00.000Z,0
401674264,2024,2024-11-16T17:00:00.000Z,0
401674265,2024,2024-09-07T17:00:00.000Z,0
401674266,2024,2024-09-14T19:00:00.000Z,0
401674267,2024,2024-10-05T17:00:00.000Z,0
401674268,2024,2024-10-12T17:00:00.000Z,0
401674269,2024,2024-10-19T17:00:00.000Z,0
401674270,2024,2024-10-26T22:00:00.000Z,0
401674271,2024,2024-11-02T16:00:00.000Z,0
401674272,2024,2024-11-09T18:00:00.000Z,0
401674273,2024,2024-11-16T18:00:00.000Z,0
401674274,2024,2024-08-29T23:00:00.000Z,0
401674277,2024,2024-09-28T17:00:00.000Z,0
401674278,2024,2024-10-05T18:00:00.000Z,0
401674279,2024,2024-10-12T17:00:00.000Z,0
401674280,2024,2024-10-19T16:00:00.000Z,0
401674281,2024,2024-11-09T17:00:00.000Z,0
401674282,2024,2024-09-07T17:00:00.000Z,0
401674283,2024,2024-09-19T23:00:00.000Z,0
401674284,2024,2024-09-28T17:00:00.000Z,0
401674285,2024,2024-10-26T17:00:00.000Z,0
401674286,2024,2024-11-02T17:00:00.000Z,0
401674287,2024,2024-11-09T18:00:00.000Z,0
401674288,2024,2024-11-16T18:00:00.000Z,0
401674289,2024,2024-08-31T22:00:00.000Z,0
401674290,2024,2024-09-07T22:00:00.000Z,0
401674291,2024,2024-10-05T16:00:00.000Z,0
401674292,2024,2024-10-12T17:00:00.000Z,0
401674293,2024,2024-10-26T20:00:00.000Z,0
401674294,2024,2024-11-02T17:00:00.000Z,0
401674295,2024,2024-08-29T23:00:00.000Z,0
401674296,2024,2024-09-05T23:00:00.000Z,0
401674298,2024,2024-10-19T17:00:00.000Z,0
401674299,2024,2024-11-16T23:00:00.000Z,0
401674300,2024,2024-09-05T22:00:00.000Z,0
401674302,2024,2024-10-19T16:00:00.000Z,0
401674303,2024,2024-08-31T17:00:00.000Z,0
401674304,2024,2024-09-14T22:30:00.000Z,0
401674305,2024,2024-08-29T23:00:00.000Z,0
401674306,2024,2024-09-07T23:00:00.000Z,0
401674307,2024,2024-08-29T23:00:00.000Z,0
401674308,2024,2024-09-07T23:00:00.000Z,0
401674309,2024,2024-09-14T19:00:00.000Z,0
401674310,2024,2024-09-21T18:00:00.000Z,0
401674311,2024,2024-09-28T19:00:00.000Z,0
401674312,2024,2024-10-05T19:30:00.000Z,0
401674313,2024,2024-10-19T18:00:00.000Z,0
401674314,2024,2024-10-26T18:00:00.000Z,0
401674315,2024,2024-11-02T18:00:00.000Z,0
401674316,2024,2024-11-09T18:00:00.000Z,0
401674317,2024,2024-11-16T19:00:00.000Z,0
401674318,2024,2024-08-29T22:00:00.000Z,0
401674319,2024,2024-09-14T19:00:00.000Z,0
401674320,2024,2024-09-21T19:00:00.000Z,0
401674321,2024,2024-09-28T17:05:00.000Z,0
401674322,2024,2024-10-05T18:00:00.000Z,0
401674323,2024,2024-10-12T17:00:00.000Z,0
401674324,2024,2024-10-19T18:00:00.000Z,0
401674325,2024,2024-10-26T17:00:00.000Z,0
401674326,2024,2024-11-02T18:00:00.000Z,0
401674327,2024,2024-11-09T18:00:00.000Z,0
401674328,2024,2024-11-16T18:00:00.000Z,0
401674329,2024,2024-09-05T23:00:00.000Z,0
401674330,2024,2024-09-21T17:00:00.000Z,0
401674331,2024,2024-09-28T17:00:00.000Z,0
401674332,2024,2024-10-05T18:00:00.000Z,0
401674333,2024,2024-10-12T17:00:00.000Z,0
401674334,2024,2024-10-19T17:00:00.000Z,0
401674335,2024,2024-10-26T17:00:00.000Z,0
401674336,2024,2024-11-02T19:00:00.000Z,0
401674337,2024,2024-11-16T18:00:00.000Z,0
401674338,2024,2024-09-05T22:00:00.000Z,0
401674339,2024,2024-09-14T18:00:00.000Z,0
401674340,2024,2024-09-21T16:00:00.000Z,0
401674341,2024,2024-09-28T18:00:00.000Z,0
401674342,2024,2024-10-05T16:00:00.000Z,0
401674343,2024,2024-10-12T18:00:00.000Z,0
401674344,2024,2024-10-19T22:00:00.000Z,0
401674345,2024,2024-10-26T18:00:00.000Z,0
401674346,2024,2024-11-02T16:00:00.000Z,0
401674347,2024,2024-11-09T19:00:00.000Z,0
401674348,2024,2024-11-16T18:00:00.000Z,0
401674349,2024,2024-09-14T16:00:00.000Z,0
401674350,2024,2024-09-21T17:00:00.000Z,0
401674351,2024,2024-09-28T16:00:00.000Z,0
401674352,2024,2024-10-05T18:00:00.000Z,0
401674353,2024,2024-10-12T20:00:00.000Z,0
401674354,2024,2024-10-19T19:00:00.000Z,0
401674355,2024,2024-10-26T16:00:00.000Z,0
401674356,2024,2024-11-09T17:00:00.000Z,0
401674357,2024,2024-11-16T17:00:00.000Z,0
401674363,2024,2024-08-29T23:00:00.000Z,0
401674364,2024,2024-09-05T23:00:00.000Z,0
401674365,2024,2024-09-14T22:05:00.000Z,0
401674366,2024,2024-09-28T22:05:00.000Z,0
401674367,2024,2024-10-05T16:00:00.000Z,0
401674368,2024,2024-10-19T22:05:00.000Z,0
401674369,2024,2024-10-26T16:05:00.000Z,0
401674370,2024,2024-11-02T17:00:00.000Z,0
401674371,2024,2024-11-09T18:00:00.000Z,0
401674372,2024,2024-11-16T17:00:00.000Z,0
401674373,2024,2024-09-14T16:00:00.000Z,0
401674374,2024,2024-09-28T22:00:00.000Z,0
401674375,2024,2024-10-12T18:00:00.000Z,0
401674376,2024,2024-10-19T16:00:00.000Z,0
401674377,2024,2024-10-26T16:00:00.000Z,0
401674378,2024,2024-11-02T16:00:00.000Z,0
401674379,2024,2024-11-16T17:00:00.000Z,0
401674380,2024,2024-09-05T23:00:00.000Z,0
401674381,2024,2024-09-21T16:00:00.000Z,0
401674382,2024,2024-10-05T17:00:00.000Z,0
401674383,2024,2024-10-12T17:00:00.000Z,0
401674384,2024,2024-11-02T16:00:00.000Z,0
401674385,2024,2024-11-09T17:00:00.000Z,0
401674386,2024,2024-11-16T17:00:00.000Z,0
401674396,2024,2024-10-26T19:00:00.000Z,0
401674397,2024,2024-11-02T19:00:00.000Z,0
401674398,2024,2024-11-09T20:00:00.000Z,0
401674399,2024,2024-11-16T20:00:00.000Z,0
401674400,2024,2024-09-05T23:00:00.000Z,0
401674401,2024,2024-09-14T23:00:00.000Z,0
401674402,2024,2024-09-19T23:00:00.000Z,0
401674403,2024,2024-09-28T23:00:00.000Z,0
401674404,2024,2024-10-05T20:00:00.000Z,0
401674405,2024,2024-10-12T19:00:00.000Z,0
401674406,2024,2024-10-26T18:00:00.000Z,0
401674407,2024,2024-11-02T19:00:00.000Z,0
401674408,2024,2024-11-09T20:00:00.000Z,0
401674409,2024,2024-11-16T20:00:00.000Z,0
401674410,2024,2024-09-05T23:00:00.000Z,0
401674411,2024,2024-09-14T23:00:00.000Z,0
401674412,2024,2024-09-21T23:00:00.000Z,0
401674413,2024,2024-09-28T23:00:00.000Z,0
401674414,2024,2024-10-12T17:00:00.000Z,0
401674415,2024,2024-10-19T20:00:00.000Z,0
401674416,2024,2024-10-26T19:00:00.000Z,0
401674417,2024,2024-11-09T20:00:00.000Z,0
401674418,2024,2024-11-16T20:00:00.000Z,0
401674419,2024,2024-09-06T00:00:00.000Z,0
401674420,2024,2024-09-15T00:00:00.000Z,0
401674421,2024,2024-09-29T00:00:00.000Z,0
401674422,2024,2024-10-05T19:00:00.000Z,0
401674423,2024,2024-10-12T19:00:00.000Z,0
401674424,2024,2024-10-20T00:00:00.000Z,0
401674425,2024,2024-10-26T20:00:00.000Z,0
401674426,2024,2024-11-01T00:00:00.000Z,0
401674427,2024,2024-09-14T23:00:00.000Z,0
401674428,2024,2024-10-05T18:00:00.000Z,0
401674429,2024,2024-10-12T19:00:00.000Z,0
401674430,2024,2024-10-19T19:00:00.000Z,0
401674431,2024,2024-11-02T19:00:00.000Z,0
401674432,2024,2024-11-09T19:00:00.000Z,0
401674433,2024,2024-11-16T19:00:00.000Z,0
401674478,2024,2024-09-21T23:00:00.000Z,0
401674479,2024,2024-10-10T23:00:00.000Z,0
401674480,2024,2024-10-19T23:00:00.000Z,0
401674481,2024,2024-10-26T19:00:00.000Z,0
401674482,2024,2024-11-09T20:00:00.000Z,0
401674483,2024,2024-11-16T20:00:00.000Z,0
401674484,2024,2024-09-06T00:00:00.000Z,0
401674485,2024,2024-09-12T23:00:00.000Z,0
401674486,2024,2024-09-21T23:00:00.000Z,0
401674487,2024,2024-10-05T19:00:00.000Z,0
401674488,2024,2024-10-31T23:00:00.000Z,0
401674489,2024,2024-09-05T23:00:00.000Z,0
401674490,2024,2024-09-28T23:00:00.000Z,0
401674491,2024,2024-10-19T19:00:00.000Z,0
401674492,2024,2024-10-26T19:00:00.000Z,0
401674493,2024,2024-09-21T20:00:00.000Z,0
401674494,2024,2024-09-28T23:00:00.000Z,0
401674495,2024,2024-10-05T19:30:00.000Z,0
401674496,2024,2024-11-09T20:00:00.000Z,0
401674497,2024,2024-11-16T21:00:00.000Z,0
401674498,2024,2024-09-07T22:00:00.000Z,0
401674499,2024,2024-09-14T22:00:00.000Z,0
401674500,2024,2024-09-21T22:00:00.000Z,0
401674501,2024,2024-10-05T18:00:00.000Z,0
401674502,2024,2024-10-12T22:00:00.000Z,0
401674503,2024,2024-10-19T18:00:00.000Z,0
401674504,2024,2024-10-26T17:00:00.000Z,0
401674505,2024,2024-11-02T22:00:00.000Z,0
401674506,2024,2024-11-09T19:00:00.000Z,0
401674507,2024,2024-11-16T18:00:00.000Z,0
401674508,2024,2024-09-07T18:00:00.000Z,0
401674509,2024,2024-09-15T00:00:00.000Z,0
401674510,2024,2024-09-21T17:00:00.000Z,0
401674511,2024,2024-09-28T18:00:00.000Z,0
401674512,2024,2024-10-05T19:00:00.000Z,0
401674513,2024,2024-10-12T23:00:00.000Z,0
401674514,2024,2024-10-19T17:00:00.000Z,0
401674515,2024,2024-10-26T18:00:00.000Z,0
401674516,2024,2024-11-02T17:00:00.000Z,0
401674517,2024,2024-11-09T18:00:00.000Z,0
401674518,2024,2024-09-05T23:00:00.000Z,0
401674519,2024,2024-10-05T20:00:00.000Z,0
401674520,2024,2024-10-12T18:00:00.000Z,0
401674521,2024,2024-10-26T19:00:00.000Z,0
401674522,2024,2024-11-02T18:00:00.000Z,0
401674523,2024,2024-11-09T19:00:00.000Z,0
401674524,2024,2024-11-16T19:00:00.000Z,0
401674525,2024,2024-08-29T23:00:00.000Z,0
401674526,2024,2024-09-07T23:00:00.000Z,0
401674527,2024,2024-09-14T23:00:00.000Z,0
401674528,2024,2024-09-21T23:00:00.000Z,0
401674529,2024,2024-10-05T23:00:00.000Z,0
401674530,2024,2024-10-12T23:00:00.000Z,0
401674531,2024,2024-10-19T18:00:00.000Z,0
401674532,2024,2024-11-16T18:00:00.000Z,0
401674533,2024,2024-09-14T23:00:00.000Z,0
401674534,2024,2024-09-21T18:00:00.000Z,0
401674535,2024,2024-10-26T18:00:00.000Z,0
401674536,2024,2024-11-09T19:00:00.000Z,0
401674537,2024,2024-11-16T18:00:00.000Z,0
401674538,2024,2024-09-07T17:00:00.000Z,0
401674539,2024,2024-09-28T18:00:00.000Z,0
401674540,2024,2024-10-05T23:00:00.000Z,0
401674541,2024,2024-10-19T18:00:00.000Z,0
401674542,2024,2024-11-09T21:00:00.000Z,0
401674543,2024,2024-09-07T23:00:00.000Z,0
401674544,2024,2024-09-28T18:00:00.000Z,0
401674545,2024,2024-10-12T18:00:00.000Z,0
401674546,2024,2024-09-14T23:00:00.000Z,0
401674547,2024,2024-09-28T18:00:00.000Z,0
401674548,2024,2024-11-02T18:00:00.000Z,0
401674549,2024,2024-09-07T22:00:00.000Z,0
401674550,2024,2024-09-14T22:00:00.000Z,0
401674551,2024,2024-09-28T16:00:00.000Z,0
401674552,2024,2024-10-05T18:00:00.000Z,0
401674553,2024,2024-10-13T15:00:00.000Z,0
401674554,2024,2024-10-19T17:00:00.000Z,0
401674555,2024,2024-10-26T19:00:00.000Z,0
401674556,2024,2024-11-02T17:00:00.000Z,0
401674557,2024,2024-11-16T18:00:00.000Z,0
401674558,2024,2024-09-05T22:00:00.000Z,0
401674559,2024,2024-09-21T23:00:00.000Z,0
401674560,2024,2024-09-28T19:00:00.000Z,0
401674561,2024,2024-10-05T16:00:00.000Z,0
401674562,2024,2024-10-12T23:00:00.000Z,0
401674563,2024,2024-11-02T19:00:00.000Z,0
401674564,2024,2024-11-09T17:00:00.000Z,0
401674565,2024,2024-11-16T19:00:00.000Z,0
401674566,2024,2024-09-14T16:00:00.000Z,0
401674567,2024,2024-09-21T17:00:00.000Z,0
401674568,2024,2024-10-05T16:00:00.000Z,0
401674569,2024,2024-10-12T16:00:00.000Z,0
401674570,2024,2024-10-26T16:00:00.000Z,0
401674571,2024,2024-11-02T17:00:00.000Z,0
401674572,2024,2024-09-05T23:00:00.000Z,0
401674573,2024,2024-09-14T18:00:00.000Z,0
401674574,2024,2024-09-21T17:00:00.000Z,0
401674575,2024,2024-10-19T17:00:00.000Z,0
401674576,2024,2024-11-09T17:00:00.000Z,0
401674577,2024,2024-11-16T18:00:00.000Z,0
401674578,2024,2024-09-05T22:00:00.000Z,0
401674579,2024,2024-09-14T17:00:00.000Z,0
401674580,2024,2024-10-19T18:00:00.000Z,0
401674581,2024,2024-11-09T18:00:00.000Z,0
401674582,2024,2024-09-07T18:00:00.000Z,0
401674583,2024,2024-09-14T18:00:00.000Z,0
401674584,2024,2024-09-21T18:00:00.000Z,0
401674585,2024,2024-09-28T18:00:00.000Z,0
401674586,2024,2024-10-05T18:00:00.000Z,0
401674587,2024,2024-10-12T18:00:00.000Z,0
401674588,2024,2024-10-26T18:00:00.000Z,0
401674589,2024,2024-11-02T18:00:00.000Z,0
401674590,2024,2024-11-09T18:00:00.000Z,0
401674591,2024,2024-11-16T19:00:00.000Z,0
401674592,2024,2024-09-07T18:00:00.000Z,0
401674593,2024,2024-09-14T20:00:00.000Z,0
401674594,2024,2024-09-21T18:00:00.000Z,0
401674595,2024,2024-10-05T18:00:00.000Z,0
401674596,2024,2024-10-12T18:00:00.000Z,0
401674597,2024,2024-10-19T18:00:00.000Z,0
401674598,2024,2024-10-26T18:00:00.000Z,0
401674599,2024,2024-11-02T18:00:00.000Z,0
401674600,2024,2024-11-16T19:00:00.000Z,0
401674601,2024,2024-09-06T23:00:00.000Z,0
401674602,2024,2024-09-15T00:00:00.000Z,0
401674603,2024,2024-09-21T18:00:00.000Z,0
401674604,2024,2024-09-28T18:00:00.000Z,0
401674605,2024,2024-10-05T19:00:00.000Z,0
401674606,2024,2024-10-19T18:00:00.000Z,0
401674607,2024,2024-11-02T18:00:00.000Z,0
401674608,2024,2024-11-09T19:00:00.000Z,0
401674609,2024,2024-09-07T17:00:00.000Z,0
401674610,2024,2024-09-14T23:00:00.000Z,0
401674611,2024,2024-09-28T18:00:00.000Z,0
401674612,2024,2024-10-05T18:00:00.000Z,0
401674613,2024,2024-10-12T18:00:00.000Z,0
401674614,2024,2024-11-09T19:00:00.000Z,0
401674615,2024,2024-11-16T19:00:00.000Z,0
401674616,2024,2024-09-08T00:00:00.000Z,0
401674617,2024,2024-09-14T18:00:00.000Z,0
401674618,2024,2024-09-28T18:00:00.000Z,0
401674619,2024,2024-10-12T18:00:00.000Z,0
401674620,2024,2024-10-19T18:00:00.000Z,0
401674621,2024,2024-10-26T18:00:00.000Z,0
401674622,2024,2024-09-08T00:00:00.000Z,0
401674623,2024,2024-09-14T18:00:00.000Z,0
401674624,2024,2024-10-19T18:30:00.000Z,0
401674625,2024,2024-11-02T18:00:00.000Z,0
401674626,2024,2024-09-07T16:00:00.000Z,0
401674627,2024,2024-09-14T23:00:00.000Z,0
401674628,2024,2024-09-21T23:00:00.000Z,0
401674629,2024,2024-09-28T18:00:00.000Z,0
401674630,2024,2024-10-05T18:00:00.000Z,0
401674631,2024,2024-10-12T19:00:00.000Z,0
401674632,2024,2024-10-19T18:00:00.000Z,0
401674633,2024,2024-10-26T23:00:00.000Z,0
401674634,2024,2024-11-02T18:00:00.000Z,0
401674635,2024,2024-11-16T19:00:00.000Z,0
401674636,2024,2024-09-07T04:00:00.000Z,1
401674637,2024,2024-09-14T16:00:00.000Z,0
401674638,2024,2024-09-28T18:00:00.000Z,0
401674639,2024,2024-10-05T18:00:00.000Z,0
401674640,2024,2024-10-12T18:00:00.000Z,0
401674641,2024,2024-10-19T23:00:00.000Z,0
401674642,2024,2024-10-26T18:00:00.000Z,0
401674643,2024,2024-11-02T18:00:00.000Z,0
401674644,2024,2024-11-09T19:00:00.000Z,0
401674645,2024,2024-11-16T19:00:00.000Z,0
401674646,2024,2024-09-14T23:00:00.000Z,0
401674647,2024,2024-09-21T23:00:00.000Z,0
401674648,2024,2024-09-28T17:00:00.000Z,0
401674649,2024,2024-10-12T18:00:00.000Z,0
401674650,2024,2024-10-19T19:30:00.000Z,0
401674651,2024,2024-11-09T19:00:00.000Z,0
401674652,2024,2024-09-07T18:00:00.000Z,0
401674653,2024,2024-10-05T18:00:00.000Z,0
401674654,2024,2024-11-02T18:00:00.000Z,0
401674655,2024,2024-11-16T19:00:00.000Z,0
401674656,2024,2024-09-08T00:00:00.000Z,0
401674657,2024,2024-09-14T23:00:00.000Z,0
401674658,2024,2024-09-21T23:00:00.000Z,0
401674659,2024,2024-10-12T22:00:00.000Z,0
401674660,2024,2024-10-26T21:00:00.000Z,0
401674661,2024,2024-11-09T20:00:00.000Z,0
401674662,2024,2024-11-16T18:00:00.000Z,0
401674663,2024,2024-09-07T23:00:00.000Z,0
401674664,2024,2024-09-14T23:00:00.000Z,0
401674665,2024,2024-09-28T19:00:00.000Z,0
401674666,2024,2024-11-02T18:00:00.000Z,0
401674667,2024,2024-11-09T19:00:00.000Z,0
401674668,2024,2024-11-16T19:00:00.000Z,0
401674669,2024,2024-09-06T22:00:00.000Z,0
401674670,2024,2024-09-14T17:00:00.000Z,0
401674671,2024,2024-09-21T17:00:00.000Z,0
401674672,2024,2024-10-05T17:00:00.000Z,0
401674673,2024,2024-10-12T17:00:00.000Z,0
401674674,2024,2024-10-19T17:00:00.000Z,0
401674675,2024,2024-10-26T17:00:00.000Z,0
401674676,2024,2024-11-02T17:00:00.000Z,0
401674677,2024,2024-11-09T18:00:00.000Z,0
401674678,2024,2024-11-16T18:00:00.000Z,0
401674679,2024,2024-09-07T16:00:00.000Z,0
401674680,2024,2024-09-14T19:00:00.000Z,0
401674681,2024,2024-09-21T17:00:00.000Z,0
401674682,2024,2024-10-04T23:00:00.000Z,0
401674683,2024,2024-10-11T23:00:00.000Z,0
401674684,2024,2024-10-19T16:00:00.000Z,0
401674685,2024,2024-10-26T17:00:00.000Z,0
401674686,2024,2024-11-09T18:00:00.000Z,0
401674687,2024,2024-11-16T18:00:00.000Z,0
401674688,2024,2024-09-07T17:00:00.000Z,0
401674689,2024,2024-09-14T21:00:00.000Z,0
401674690,2024,2024-09-21T18:00:00.000Z,0
401674691,2024,2024-10-04T22:00:00.000Z,0
401674693,2024,2024-10-19T17:00:00.000Z,0
401674694,2024,2024-10-26T17:00:00.000Z,0
401674695,2024,2024-11-02T18:00:00.000Z,0
401674696,2024,2024-11-16T17:00:00.000Z,0
401674697,2024,2024-09-14T20:00:00.000Z,0
401674698,2024,2024-09-21T17:00:00.000Z,0
401674699,2024,2024-10-04T23:00:00.000Z,0
401674700,2024,2024-10-12T18:00:00.000Z,0
401674701,2024,2024-11-09T18:00:00.000Z,0
401674702,2024,2024-11-16T18:00:00.000Z,0
401674703,2024,2024-09-06T22:30:00.000Z,0
401674704,2024,2024-09-21T16:00:00.000Z,0
401674705,2024,2024-09-28T16:00:00.000Z,0
401674707,2024,2024-10-26T18:30:00.000Z,0
401674708,2024,2024-11-02T17:00:00.000Z,0
401674709,2024,2024-11-09T17:00:00.000Z,0
401674710,2024,2024-11-16T17:00:00.000Z,0
401674711,2024,2024-09-07T17:00:00.000Z,0
401674712,2024,2024-09-14T17:00:00.000Z,0
401674713,2024,2024-09-21T18:00:00.000Z,0
401674714,2024,2024-09-28T17:30:00.000Z,0
401674715,2024,2024-10-12T16:00:00.000Z,0
401674716,2024,2024-10-19T18:30:00.000Z,0
401674718,2024,2024-11-09T17:00:00.000Z,0
401674719,2024,2024-11-16T18:00:00.000Z,0
401674725,2024,2024-10-26T17:00:00.000Z,0
401674727,2024,2024-10-05T18:00:00.000Z,0
401674728,2024,2024-10-12T18:00:00.000Z,0
401674729,2024,2024-10-19T18:00:00.000Z,0
401674730,2024,2024-10-26T18:00:00.000Z,0
401674731,2024,2024-11-16T19:00:00.000Z,0
401674732,2024,2024-09-21T18:00:00.000Z,0
401674733,2024,2024-10-12T18:00:00.000Z,0
401674734,2024,2024-11-02T17:00:00.000Z,0
401674735,2024,2024-11-09T19:00:00.000Z,0
401674736,2024,2024-09-14T23:00:00.000Z,0
401674737,2024,2024-09-28T17:00:00.000Z,0
401674738,2024,2024-10-05T18:00:00.000Z,0
401674739,2024,2024-10-19T23:00:00.000Z,0
401674740,2024,2024-09-07T23:00:00.000Z,0
401674741,2024,2024-11-09T18:00:00.000Z,0
401674742,2024,2024-11-16T18:00:00.000Z,0
401674743,2024,2024-09-08T00:00:00.000Z,0
401674744,2024,2024-10-26T18:00:00.000Z,0
401674745,2024,2024-09-07T18:00:00.000Z,0
401674746,2024,2024-09-06T23:00:00.000Z,0
401674747,2024,2024-09-14T17:00:00.000Z,0
401674748,2024,2024-09-28T17:00:00.000Z,0
401674749,2024,2024-10-05T17:00:00.000Z,0
401674750,2024,2024-10-19T17:00:00.000Z,0
401674751,2024,2024-10-26T17:00:00.000Z,0
401674752,2024,2024-11-02T17:00:00.000Z,0
401674753,2024,2024-11-09T18:00:00.000Z,0
401674754,2024,2024-11-16T18:00:00.000Z,0
401674755,2024,2024-09-07T17:00:00.000Z,0
401674756,2024,2024-09-14T16:00:00.000Z,0
401674757,2024,2024-09-21T16:00:00.000Z,0
401674758,2024,2024-10-12T17:00:00.000Z,0
401674759,2024,2024-10-26T17:00:00.000Z,0
401674760,2024,2024-11-02T17:00:00.000Z,0
401674761,2024,2024-11-09T17:00:00.000Z,0
401674762,2024,2024-11-16T17:00:00.000Z,0
401674763,2024,2024-09-07T17:00:00.000Z,0
401674764,2024,2024-09-14T17:00:00.000Z,0
401674765,2024,2024-09-21T23:00:00.000Z,0
401674766,2024,2024-10-05T17:30:00.000Z,0
401674767,2024,2024-10-12T17:30:00.000Z,0
401674768,2024,2024-10-19T17:30:00.000Z,0
401674769,2024,2024-10-26T16:00:00.000Z,0
401674770,2024,2024-11-02T17:30:00.000Z,0
401674771,2024,2024-11-09T18:30:00.000Z,0
401674772,2024,2024-11-16T18:30:00.000Z,0
401674773,2024,2024-09-07T17:30:00.000Z,0
401674774,2024,2024-09-14T17:00:00.000Z,0
401674775,2024,2024-09-21T17:30:00.000Z,0
401674776,2024,2024-09-28T17:30:00.000Z,0
401674777,2024,2024-10-05T18:00:00.000Z,0
401674778,2024,2024-10-19T17:30:00.000Z,0
401674779,2024,2024-10-26T17:30:00.000Z,0
401674780,2024,2024-11-02T17:30:00.000Z,0
401674781,2024,2024-11-16T18:30:00.000Z,0
401674782,2024,2024-09-07T17:30:00.000Z,0
401674783,2024,2024-09-21T17:00:00.000Z,0
401674784,2024,2024-10-05T17:30:00.000Z,0
401674785,2024,2024-10-12T18:00:00.000Z,0
401674786,2024,2024-10-19T17:30:00.000Z,0
401674787,2024,2024-10-26T17:30:00.000Z,0
401674788,2024,2024-11-09T18:00:00.000Z,0
401674789,2024,2024-09-07T18:00:00.000Z,0
401674790,2024,2024-09-14T19:30:00.000Z,0
401674791,2024,2024-09-21T17:00:00.000Z,0
401674792,2024,2024-10-05T17:00:00.000Z,0
401674793,2024,2024-11-02T17:30:00.000Z,0
401674794,2024,2024-11-09T18:30:00.000Z,0
401674795,2024,2024-11-16T18:30:00.000Z,0
401674796,2024,2024-09-07T17:00:00.000Z,0
401674797,2024,2024-09-14T23:00:00.000Z,0
401674798,2024,2024-09-21T17:30:00.000Z,0
401674799,2024,2024-10-19T17:30:00.000Z,0
401674800,2024,2024-11-09T18:30:00.000Z,0
401674801,2024,2024-11-16T18:30:00.000Z,0
401674802,2024,2024-09-21T17:00:00.000Z,0
401674803,2024,2024-09-28T17:00:00.000Z,0
401674804,2024,2024-10-04T22:00:00.000Z,0
401674805,2024,2024-10-19T17:00:00.000Z,0
401674806,2024,2024-11-02T17:00:00.000Z,0
401674807,2024,2024-11-16T18:00:00.000Z,0
401674808,2024,2024-09-07T16:00:00.000Z,0
401674809,2024,2024-09-21T16:00:00.000Z,0
401674810,2024,2024-09-28T16:00:00.000Z,0
401674811,2024,2024-10-12T16:00:00.000Z,0
401674812,2024,2024-10-19T16:00:00.000Z,0
401674813,2024,2024-10-26T17:00:00.000Z,0
401674814,2024,2024-11-16T17:00:00.000Z,0
401674815,2024,2024-09-06T23:00:00.000Z,0
401674816,2024,2024-09-14T17:00:00.000Z,0
401674817,2024,2024-10-05T17:00:00.000Z,0
401674818,2024,2024-10-12T17:00:00.000Z,0
401674819,2024,2024-10-26T16:00:00.000Z,0
401674820,2024,2024-09-07T22:00:00.000Z,0
401674821,2024,2024-09-13T22:00:00.000Z,0
401674822,2024,2024-09-21T17:00:00.000Z,0
401674823,2024,2024-09-28T16:00:00.000Z,0
401674824,2024,2024-10-19T16:00:00.000Z,0
401674825,2024,2024-11-09T18:00:00.000Z,0
401674826,2024,2024-09-14T16:00:00.000Z,0
401674827,2024,2024-09-28T16:00:00.000Z,0
401674828,2024,2024-10-05T17:00:00.000Z,0
401674829,2024,2024-10-12T19:00:00.000Z,0
401674830,2024,2024-10-19T17:00:00.000Z,0
401674831,2024,2024-10-26T17:00:00.000Z,0
401674832,2024,2024-11-02T19:00:00.000Z,0
401674833,2024,2024-11-16T18:00:00.000Z,0
401674834,2024,2024-09-14T17:00:00.000Z,0
401674835,2024,2024-10-12T17:00:00.000Z,0
401674836,2024,2024-10-19T17:00:00.000Z,0
401674837,2024,2024-10-26T16:00:00.000Z,0
401674838,2024,2024-11-02T16:00:00.000Z,0
401674839,2024,2024-11-09T18:00:00.000Z,0
401674840,2024,2024-09-07T16:00:00.000Z,0
401674841,2024,2024-09-21T16:00:00.000Z,0
401674842,2024,2024-10-05T16:00:00.000Z,0
401674843,2024,2024-10-26T16:00:00.000Z,0
401674844,2024,2024-11-02T16:00:00.000Z,0
401674845,2024,2024-11-09T17:00:00.000Z,0
401674846,2024,2024-09-05T21:00:00.000Z,0
401674848,2024,2024-09-20T23:00:00.000Z,0
401674849,2024,2024-09-28T16:00:00.000Z,0
401674850,2024,2024-10-12T16:00:00.000Z,0
401674851,2024,2024-11-09T18:00:00.000Z,0
401674852,2024,2024-11-16T17:00:00.000Z,0
401674853,2024,2024-09-07T16:00:00.000Z,0
401674854,2024,2024-09-13T23:00:00.000Z,0
401674856,2024,2024-10-05T17:00:00.000Z,0
401674857,2024,2024-11-16T18:00:00.000Z,0
401674858,2024,2024-09-06T23:00:00.000Z,0
401674859,2024,2024-09-14T20:00:00.000Z,0
401674860,2024,2024-09-20T23:00:00.000Z,0
401674861,2024,2024-09-28T21:00:00.000Z,0
401674862,2024,2024-10-19T17:00:00.000Z,0
401674863,2024,2024-09-06T22:00:00.000Z,0
401674864,2024,2024-09-21T17:00:00.000Z,0
401674865,2024,2024-09-28T16:00:00.000Z,0
401674866,2024,2024-10-12T16:00:00.000Z,0
401674867,2024,2024-10-19T17:00:00.000Z,0
401674868,2024,2024-11-02T16:00:00.000Z,0
401674869,2024,2024-11-09T17:00:00.000Z,0
401674870,2024,2024-09-05T23:00:00.000Z,0
401674871,2024,2024-09-28T17:00:00.000Z,0
401674872,2024,2024-10-12T17:00:00.000Z,0
401674873,2024,2024-10-26T16:00:00.000Z,0
401674874,2024,2024-11-09T17:00:00.000Z,0
401674875,2024,2024-11-16T17:00:00.000Z,0
401674876,2024,2024-09-07T16:00:00.000Z,0
401674877,2024,2024-09-14T17:00:00.000Z,0
401674878,2024,2024-09-21T16:00:00.000Z,0
401674879,2024,2024-09-28T16:00:00.000Z,0
401674880,2024,2024-10-05T18:00:00.000Z,0
401674881,2024,2024-10-19T18:30:00.000Z,0
401674882,2024,2024-10-26T19:00:00.000Z,0
401674883,2024,2024-11-02T18:30:00.000Z,0
401674884,2024,2024-11-09T17:00:00.000Z,0
401674885,2024,2024-11-16T19:00:00.000Z,0
401674886,2024,2024-09-07T16:00:00.000Z,0
401674887,2024,2024-09-14T16:00:00.000Z,0
401674888,2024,2024-09-21T16:00:00.000Z,0
401674889,2024,2024-09-28T21:00:00.000Z,0
401674890,2024,2024-10-05T16:00:00.000Z,0
401674891,2024,2024-10-19T16:00:00.000Z,0
401674892,2024,2024-11-02T16:00:00.000Z,0
401674893,2024,2024-11-09T17:00:00.000Z,0
401674894,2024,2024-11-16T17:00:00.000Z,0
401674895,2024,2024-09-06T23:00:00.000Z,0
401674896,2024,2024-09-13T23:00:00.000Z,0
401674897,2024,2024-09-28T17:00:00.000Z,0
401674898,2024,2024-10-04T23:00:00.000Z,0
401674899,2024,2024-10-26T16:00:00.000Z,0
401674900,2024,2024-10-31T23:00:00.000Z,0
401674901,2024,2024-11-09T17:00:00.000Z,0
401674902,2024,2024-11-16T17:00:00.000Z,0
401674903,2024,2024-09-06T23:00:00.000Z,0
401674904,2024,2024-09-14T16:00:00.000Z,0
401674905,2024,2024-09-28T18:30:00.000Z,0
401674906,2024,2024-10-05T20:00:00.000Z,0
401674907,2024,2024-10-19T16:00:00.000Z,0
401674908,2024,2024-10-26T20:00:00.000Z,0
401674909,2024,2024-11-16T17:00:00.000Z,0
401674910,2024,2024-09-14T23:00:00.000Z,0
401674911,2024,2024-09-28T19:00:00.000Z,0
401674912,2024,2024-10-05T17:00:00.000Z,0
401674913,2024,2024-10-26T18:00:00.000Z,0
401674914,2024,2024-11-02T17:00:00.000Z,0
401674915,2024,2024-11-09T18:00:00.000Z,0
401674916,2024,2024-11-16T18:00:00.000Z,0
401674917,2024,2024-09-07T17:00:00.000Z,0
401674918,2024,2024-09-21T17:00:00.000Z,0
401674919,2024,2024-09-28T17:00:00.000Z,0
401674920,2024,2024-10-19T17:00:00.000Z,0
401674921,2024,2024-10-26T17:00:00.000Z,0
401674922,2024,2024-11-02T17:00:00.000Z,0
401674923,2024,2024-11-09T18:00:00.000Z,0
401674924,2024,2024-09-07T16:00:00.000Z,0
401674925,2024,2024-09-14T17:00:00.000Z,0
401674926,2024,2024-09-28T18:00:00.000Z,0
401674927,2024,2024-10-26T17:00:00.000Z,0
401674928,2024,2024-11-02T17:00:00.000Z,0
401674929,2024,2024-11-09T18:00:00.000Z,0
401674930,2024,2024-10-05T17:00:00.000Z,0
401674931,2024,2024-10-19T17:00:00.000Z,0
401674932,2024,2024-11-16T18:00:00.000Z,0
401674933,2024,2024-09-14T17:00:00.000Z,0
401674934,2024,2024-10-05T18:00:00.000Z,0
401674935,2024,2024-11-16T18:00:00.000Z,0
401674936,2024,2024-09-14T17:00:00.000Z,0
401674938,2024,2024-10-19T17:00:00.000Z,0
401674939,2024,2024-09-07T17:00:00.000Z,0
401674940,2024,2024-09-07T01:00:00.000Z,0
401674941,2024,2024-09-21T18:00:00.000Z,0
401674942,2024,2024-09-28T18:00:00.000Z,0
401674943,2024,2024-10-05T18:00:00.000Z,0
401674944,2024,2024-10-12T17:00:00.000Z,0
401674945,2024,2024-10-19T18:00:00.000Z,0
401674946,2024,2024-10-26T17:00:00.000Z,0
401674947,2024,2024-11-02T18:00:00.000Z,0
401674948,2024,2024-11-09T19:00:00.000Z,0
401674949,2024,2024-09-14T23:00:00.000Z,0
401674950,2024,2024-09-21T18:00:00.000Z,0
401674951,2024,2024-09-28T18:00:00.000Z,0
401674952,2024,2024-10-05T18:00:00.000Z,0
401674953,2024,2024-10-12T18:00:00.000Z,0
401674954,2024,2024-10-26T18:00:00.000Z,0
401674955,2024,2024-11-02T18:00:00.000Z,0
401674956,2024,2024-09-07T20:00:00.000Z,0
401674957,2024,2024-09-21T19:00:00.000Z,0
401674958,2024,2024-09-28T18:00:00.000Z,0
401674959,2024,2024-10-05T18:00:00.000Z,0
401674960,2024,2024-10-12T18:00:00.000Z,0
401674961,2024,2024-10-19T18:00:00.000Z,0
401674962,2024,2024-10-26T18:00:00.000Z,0
401674963,2024,2024-11-09T19:00:00.000Z,0
401674964,2024,2024-09-07T18:00:00.000Z,0
401674965,2024,2024-09-14T20:00:00.000Z,0
401674966,2024,2024-09-28T18:00:00.000Z,0
401674967,2024,2024-10-12T18:00:00.000Z,0
401674968,2024,2024-10-19T18:00:00.000Z,0
401674969,2024,2024-10-26T18:00:00.000Z,0
401674970,2024,2024-11-09T19:00:00.000Z,0
401674971,2024,2024-09-07T18:00:00.000Z,0
401674972,2024,2024-09-21T18:00:00.000Z,0
401674973,2024,2024-10-12T18:00:00.000Z,0
401674974,2024,2024-10-19T18:00:00.000Z,0
401674975,2024,2024-10-26T18:00:00.000Z,0
401674976,2024,2024-11-02T18:00:00.000Z,0
401674977,2024,2024-09-07T23:00:00.000Z,0
401674978,2024,2024-09-14T23:00:00.000Z,0
401674979,2024,2024-10-05T18:00:00.000Z,0
401674980,2024,2024-11-03T00:00:00.000Z,0
401674981,2024,2024-11-09T19:00:00.000Z,0
401674982,2024,2024-09-07T23:00:00.000Z,0
401674983,2024,2024-09-14T23:00:00.000Z,0
401674984,2024,2024-09-29T00:00:00.000Z,0
401674985,2024,2024-10-05T18:00:00.000Z,0
401674986,2024,2024-11-02T18:00:00.000Z,0
401674987,2024,2024-11-09T19:00:00.000Z,0
401674988,2024,2024-09-08T00:00:00.000Z,0
401674989,2024,2024-09-14T18:00:00.000Z,0
401674990,2024,2024-10-19T18:00:00.000Z,0
401674991,2024,2024-09-07T18:00:00.000Z,0
401674992,2024,2024-09-14T23:00:00.000Z,0
401674993,2024,2024-09-21T18:00:00.000Z,0
401674994,2024,2024-10-05T18:00:00.000Z,0
401674995,2024,2024-10-19T18:00:00.000Z,0
401674996,2024,2024-11-02T18:00:00.000Z,0
401674997,2024,2024-11-09T19:00:00.000Z,0
401674998,2024,2024-09-07T18:00:00.000Z,0
401674999,2024,2024-09-14T18:00:00.000Z,0
401675000,2024,2024-10-05T17:00:00.000Z,0
401675002,2024,2024-10-19T18:00:00.000Z,0
401675003,2024,2024-10-26T18:00:00.000Z,0
401675004,2024,2024-11-09T19:00:00.000Z,0
401675005,2024,2024-11-16T18:00:00.000Z,0
401675006,2024,2024-09-07T18:00:00.000Z,0
401675007,2024,2024-09-21T18:00:00.000Z,0
401675008,2024,2024-10-05T19:00:00.000Z,0
401675009,2024,2024-10-12T23:00:00.000Z,0
401675010,2024,2024-11-02T18:00:00.000Z,0
401675011,2024,2024-11-09T19:00:00.000Z,0
401675012,2024,2024-11-16T18:00:00.000Z,0
401675013,2024,2024-09-07T18:00:00.000Z,0
401675014,2024,2024-09-21T18:00:00.000Z,0
401675015,2024,2024-10-12T17:00:00.000Z,0
401675016,2024,2024-10-26T18:00:00.000Z,0
401675017,2024,2024-11-09T18:00:00.000Z,0
401675018,2024,2024-11-16T19:00:00.000Z,0
401675019,2024,2024-09-07T18:00:00.000Z,0
401675020,2024,2024-09-14T18:00:00.000Z,0
401675021,2024,2024-09-21T18:00:00.000Z,0
401675022,2024,2024-11-02T22:00:00.000Z,0
401675023,2024,2024-11-16T18:00:00.000Z,0
401675024,2024,2024-10-05T19:00:00.000Z,0
401675025,2024,2024-10-19T18:00:00.000Z,0
401675026,2024,2024-11-02T18:00:00.000Z,0
401675027,2024,2024-09-14T18:00:00.000Z,0
401675028,2024,2024-09-21T18:00:00.000Z,0
401675029,2024,2024-09-28T18:00:00.000Z,0
401675030,2024,2024-10-12T18:00:00.000Z,0
401675031,2024,2024-10-19T18:00:00.000Z,0
401675032,2024,2024-10-26T18:00:00.000Z,0
401675033,2024,2024-11-02T18:00:00.000Z,0
401675034,2024,2024-11-09T18:00:00.000Z,0
401675035,2024,2024-11-16T19:00:00.000Z,0
401675036,2024,2024-09-07T18:00:00.000Z,0
401675037,2024,2024-10-12T18:00:00.000Z,0
401675038,2024,2024-10-26T19:00:00.000Z,0
401675112,2024,2024-09-20T00:00:00.000Z,0
401675113,2024,2024-09-01T23:00:00.000Z,0
401675114,2024,2024-08-30T00:00:00.000Z,0
401675115,2024,2024-09-15T00:00:00.000Z,0
401675116,2024,2024-10-12T19:00:00.000Z,0
401675117,2024,2024-10-06T00:00:00.000Z,0
401675118,2024,2024-10-12T20:00:00.000Z,0
401675119,2024,2024-10-19T21:00:00.000Z,0
401675120,2024,2024-10-26T23:00:00.000Z,0
401675121,2024,2024-11-02T20:00:00.000Z,0
401675122,2024,2024-11-09T21:30:00.000Z,0
401675123,2024,2024-11-16T20:00:00.000Z,0
401675276,2024,2024-09-07T18:00:00.000Z,0
401675277,2024,2024-09-21T17:00:00.000Z,0
401675278,2024,2024-09-28T17:00:00.000Z,0
401675279,2024,2024-10-05T17:00:00.000Z,0
401675280,2024,2024-10-12T23:00:00.000Z,0
401675281,2024,2024-10-19T23:00:00.000Z,0
401675282,2024,2024-10-26T16:00:00.000Z,0
401675283,2024,2024-11-02T16:00:00.000Z,0
401675284,2024,2024-11-16T18:00:00.000Z,0
401675285,2024,2024-09-07T16:00:00.000Z,0
401675286,2024,2024-09-21T19:00:00.000Z,0
401675287,2024,2024-10-05T18:00:00.000Z,0
401675288,2024,2024-10-12T23:00:00.000Z,0
401675289,2024,2024-10-19T17:00:00.000Z,0
401675290,2024,2024-10-26T17:00:00.000Z,0
401675291,2024,2024-11-02T19:00:00.000Z,0
401675292,2024,2024-11-09T18:00:00.000Z,0
401675293,2024,2024-09-07T17:00:00.000Z,0
401675294,2024,2024-09-14T18:00:00.000Z,0
401675295,2024,2024-09-21T18:00:00.000Z,0
401675296,2024,2024-10-13T16:00:00.000Z,0
401675297,2024,2024-10-19T17:00:00.000Z,0
401675298,2024,2024-10-26T17:00:00.000Z,0
401675299,2024,2024-11-02T17:00:00.000Z,0
401675300,2024,2024-11-16T18:07:00.000Z,0
401675365,2024,2024-11-02T19:00:00.000Z,0
401675376,2024,2024-09-07T17:00:00.000Z,0
401675377,2024,2024-09-14T16:00:00.000Z,0
401675378,2024,2024-09-21T20:00:00.000Z,0
401675379,2024,2024-09-28T17:00:00.000Z,0
401675380,2024,2024-10-05T17:00:00.000Z,0
401675381,2024,2024-10-12T18:00:00.000Z,0
401675382,2024,2024-10-19T17:00:00.000Z,0
401675383,2024,2024-10-26T17:00:00.000Z,0
401675384,2024,2024-11-02T17:00:00.000Z,0
401675385,2024,2024-11-09T18:00:00.000Z,0
401675386,2024,2024-09-01T20:00:00.000Z,0
401675387,2024,2024-09-21T17:00:00.000Z,0
401675388,2024,2024-09-28T18:00:00.000Z,0
401675389,2024,2024-10-05T18:00:00.000Z,0
401675390,2024,2024-10-19T17:00:00.000Z,0
401675391,2024,2024-10-26T22:00:00.000Z,0
401675392,2024,2024-11-02T17:00:00.000Z,0
401675393,2024,2024-11-09T18:00:00.000Z,0
401675404,2024,2024-08-31T19:00:00.000Z,0
401675405,2024,2024-09-21T22:00:00.000Z,0
401675406,2024,2024-09-28T17:00:00.000Z,0
401675407,2024,2024-10-05T17:00:00.000Z,0
401675408,2024,2024-10-12T17:00:00.000Z,0
401675409,2024,2024-10-19T17:00:00.000Z,0
401675410,2024,2024-11-02T17:00:00.000Z,0
401675411,2024,2024-09-14T23:00:00.000Z,0
401675412,2024,2024-09-21T18:00:00.000Z,0
401675413,2024,2024-10-12T18:00:00.000Z,0
401675414,2024,2024-10-26T18:30:00.000Z,0
401675415,2024,2024-11-02T17:00:00.000Z,0
401675416,2024,2024-11-09T18:00:00.000Z,0
401675417,2024,2024-09-05T23:00:00.000Z,0
401675418,2024,2024-09-21T17:00:00.000Z,0
401675419,2024,2024-09-28T17:00:00.000Z,0
401675420,2024,2024-10-05T17:00:00.000Z,0
401675421,2024,2024-10-12T16:00:00.000Z,0
401675422,2024,2024-10-19T16:00:00.000Z,0
401675423,2024,2024-10-26T17:00:00.000Z,0
401675424,2024,2024-11-02T17:00:00.000Z,0
401675425,2024,2024-11-09T17:00:00.000Z,0
401675426,2024,2024-11-16T18:00:00.000Z,0
401675427,2024,2024-09-21T16:00:00.000Z,0
401675428,2024,2024-09-28T18:00:00.000Z,0
401675429,2024,2024-10-05T18:00:00.000Z,0
401675430,2024,2024-10-19T16:00:00.000Z,0
401675431,2024,2024-10-26T16:00:00.000Z,0
401675432,2024,2024-11-02T16:00:00.000Z,0
401675433,2024,2024-11-09T17:00:00.000Z,0
401675434,2024,2024-11-16T17:00:00.000Z,0
401675435,2024,2024-10-05T17:00:00.000Z,0
401675436,2024,2024-10-12T20:00:00.000Z,0
401675437,2024,2024-10-19T18:30:00.000Z,0
401675438,2024,2024-10-26T17:00:00.000Z,0
401675439,2024,2024-11-02T17:00:00.000Z,0
401675440,2024,2024-11-09T18:00:00.000Z,0
401675441,2024,2024-11-16T17:00:00.000Z,0
401675442,2024,2024-09-21T17:00:00.000Z,0
401675443,2024,2024-09-28T17:00:00.000Z,0
401675444,2024,2024-10-12T21:00:00.000Z,0
401675445,2024,2024-10-19T17:00:00.000Z,0
401675446,2024,2024-11-02T18:00:00.000Z,0
401675447,2024,2024-11-09T19:00:00.000Z,0
401675448,2024,2024-09-14T18:30:00.000Z,0
401675449,2024,2024-09-28T22:00:00.000Z,0
401675450,2024,2024-10-05T16:00:00.000Z,0
401675451,2024,2024-10-26T16:00:00.000Z,0
401675452,2024,2024-11-09T18:00:00.000Z,0
401675453,2024,2024-11-16T18:00:00.000Z,0
401675454,2024,2024-09-21T20:00:00.000Z,0
401675455,2024,2024-10-12T16:00:00.000Z,0
401675456,2024,2024-11-02T17:00:00.000Z,0
401675457,2024,2024-11-16T18:00:00.000Z,0
401675458,2024,2024-09-07T16:00:00.000Z,0
401675459,2024,2024-09-14T23:00:00.000Z,0
401675460,2024,2024-09-21T17:00:00.000Z,0
401675461,2024,2024-09-28T23:00:00.000Z,0
401675462,2024,2024-10-05T20:00:00.000Z,0
401675463,2024,2024-09-14T17:00:00.000Z,0
401675464,2024,2024-10-12T20:00:00.000Z,0
401675465,2024,2024-10-19T16:00:00.000Z,0
401675466,2024,2024-10-26T16:00:00.000Z,0
401675467,2024,2024-09-07T17:00:00.000Z,0
401675468,2024,2024-09-14T22:00:00.000Z,0
401675469,2024,2024-09-28T17:00:00.000Z,0
401675470,2024,2024-10-05T23:00:00.000Z,0
401675471,2024,2024-10-12T17:00:00.000Z,0
401675472,2024,2024-10-19T17:00:00.000Z,0
401675473,2024,2024-10-26T19:00:00.000Z,0
401675474,2024,2024-11-02T19:00:00.000Z,0
401675475,2024,2024-11-16T18:00:00.000Z,0
401675476,2024,2024-08-29T23:00:00.000Z,0
401675477,2024,2024-09-14T19:00:00.000Z,0
401675478,2024,2024-09-21T23:00:00.000Z,0
401675479,2024,2024-10-12T20:00:00.000Z,0
401675480,2024,2024-10-19T21:00:00.000Z,0
401675481,2024,2024-10-26T17:00:00.000Z,0
401675482,2024,2024-11-09T20:00:00.000Z,0
401675483,2024,2024-11-16T18:00:00.000Z,0
401675485,2024,2024-09-14T23:00:00.000Z,0
401675486,2024,2024-09-21T23:00:00.000Z,0
401675487,2024,2024-10-05T21:00:00.000Z,0
401675488,2024,2024-10-12T19:00:00.000Z,0
401675489,2024,2024-10-19T19:00:00.000Z,0
401675490,2024,2024-11-09T18:00:00.000Z,0
401675491,2024,2024-09-05T23:00:00.000Z,0
401675492,2024,2024-09-28T23:00:00.000Z,0
401675493,2024,2024-10-05T19:00:00.000Z,0
401675494,2024,2024-10-12T19:00:00.000Z,0
401675495,2024,2024-11-02T19:00:00.000Z,0
401675496,2024,2024-11-09T19:00:00.000Z,0
401675497,2024,2024-09-04T23:00:00.000Z,0
401675498,2024,2024-09-14T17:00:00.000Z,0
401675499,2024,2024-09-21T22:00:00.000Z,0
401675500,2024,2024-10-05T16:00:00.000Z,0
401675501,2024,2024-10-26T21:00:00.000Z,0
401675502,2024,2024-11-02T16:00:00.000Z,0
401675503,2024,2024-11-09T17:00:00.000Z,0
401675504,2024,2024-08-31T23:00:00.000Z,0
401675505,2024,2024-09-07T23:00:00.000Z,0
401675506,2024,2024-09-28T23:00:00.000Z,0
401675507,2024,2024-11-17T00:00:00.000Z,0
401675508,2024,2024-08-31T23:00:00.000Z,0
401675509,2024,2024-09-07T23:00:00.000Z,0
401675510,2024,2024-09-14T23:00:00.000Z,0
401675511,2024,2024-09-21T22:00:00.000Z,0
401675512,2024,2024-10-26T23:00:00.000Z,0
401675513,2024,2024-09-14T23:00:00.000Z,0
401675514,2024,2024-09-22T00:00:00.000Z,0
401675515,2024,2024-10-05T23:00:00.000Z,0
401675516,2024,2024-10-12T23:00:00.000Z,0
401675517,2024,2024-10-20T00:00:00.000Z,0
401675518,2024,2024-10-26T23:00:00.000Z,0
401675519,2024,2024-11-02T23:00:00.000Z,0
401675520,2024,2024-11-09T21:05:00.000Z,0
401675521,2024,2024-11-17T00:00:00.000Z,0
401675522,2024,2024-09-22T00:00:00.000Z,0
401675523,2024,2024-09-29T01:00:00.000Z,0
401675524,2024,2024-10-06T00:00:00.000Z,0
401675525,2024,2024-10-13T01:00:00.000Z,0
401675526,2024,2024-10-20T00:00:00.000Z,0
401675527,2024,2024-10-27T01:00:00.000Z,0
401675528,2024,2024-11-10T02:00:00.000Z,0
401675529,2024,2024-11-16T21:00:00.000Z,0
401675530,2024,2024-09-08T00:00:00.000Z,0
401675531,2024,2024-09-22T00:00:00.000Z,0
401675532,2024,2024-10-12T20:05:00.000Z,0
401675533,2024,2024-10-19T18:00:00.000Z,0
401675534,2024,2024-10-26T18:00:00.000Z,0
401675535,2024,2024-11-02T18:00:00.000Z,0
401675536,2024,2024-11-09T19:00:00.000Z,0
401675537,2024,2024-11-17T01:00:00.000Z,0
401675538,2024,2024-08-30T00:00:00.000Z,0
401675539,2024,2024-09-29T00:00:00.000Z,0
401675540,2024,2024-10-06T00:00:00.000Z,0
401675541,2024,2024-10-13T00:00:00.000Z,0
401675542,2024,2024-11-03T00:00:00.000Z,0
401675543,2024,2024-11-10T00:00:00.000Z,0
401675544,2024,2024-11-16T19:00:00.000Z,0
401675545,2024,2024-08-29T04:00:00.000Z,1
401675546,2024,2024-09-14T18:00:00.000Z,0
401675547,2024,2024-09-21T18:00:00.000Z,0
401675548,2024,2024-09-29T00:00:00.000Z,0
401675549,2024,2024-10-20T00:00:00.000Z,0
401675550,2024,2024-11-16T18:00:00.000Z,0
401675551,2024,2024-09-21T23:00:00.000Z,0
401675552,2024,2024-10-26T20:05:00.000Z,0
401675553,2024,2024-11-03T00:00:00.000Z,0
401675554,2024,2024-11-09T19:00:00.000Z,0
401675555,2024,2024-08-31T23:00:00.000Z,0
401675556,2024,2024-10-19T23:00:00.000Z,0
401675557,2024,2024-10-27T00:00:00.000Z,0
401675558,2024,2024-09-28T20:05:00.000Z,0
401675559,2024,2024-10-13T00:00:00.000Z,0
401675560,2024,2024-10-05T20:00:00.000Z,0
401675561,2024,2024-09-07T22:00:00.000Z,0
401675562,2024,2024-09-21T17:00:00.000Z,0
401675563,2024,2024-09-28T18:00:00.000Z,0
401675564,2024,2024-10-05T22:00:00.000Z,0
401675565,2024,2024-10-12T19:00:00.000Z,0
401675566,2024,2024-10-19T18:00:00.000Z,0
401675567,2024,2024-10-26T18:00:00.000Z,0
401675568,2024,2024-11-02T19:00:00.000Z,0
401675569,2024,2024-11-09T19:00:00.000Z,0
401675570,2024,2024-09-07T18:00:00.000Z,0
401675571,2024,2024-09-14T22:00:00.000Z,0
401675572,2024,2024-09-21T23:00:00.000Z,0
401675573,2024,2024-09-28T17:00:00.000Z,0
401675574,2024,2024-10-12T18:00:00.000Z,0
401675575,2024,2024-10-19T23:00:00.000Z,0
401675576,2024,2024-10-26T17:00:00.000Z,0
401675577,2024,2024-11-02T18:00:00.000Z,0
401675578,2024,2024-11-09T19:00:00.000Z,0
401675579,2024,2024-09-14T22:00:00.000Z,0
401675581,2024,2024-09-28T17:00:00.000Z,0
401675582,2024,2024-10-12T17:00:00.000Z,0
401675583,2024,2024-10-26T18:00:00.000Z,0
401675584,2024,2024-11-02T17:00:00.000Z,0
401675585,2024,2024-11-09T19:00:00.000Z,0
401675586,2024,2024-08-31T17:00:00.000Z,0
401675587,2024,2024-09-14T17:00:00.000Z,0
401675588,2024,2024-09-28T19:00:00.000Z,0
401675589,2024,2024-10-05T18:00:00.000Z,0
401675590,2024,2024-10-12T17:00:00.000Z,0
401675591,2024,2024-10-19T17:00:00.000Z,0
401675592,2024,2024-11-02T17:00:00.000Z,0
401675593,2024,2024-11-09T18:00:00.000Z,0
401675594,2024,2024-09-07T17:00:00.000Z,0
401675595,2024,2024-09-29T20:00:00.000Z,0
401675596,2024,2024-10-05T20:00:00.000Z,0
401675597,2024,2024-08-31T19:00:00.000Z,0
401675598,2024,2024-10-19T22:00:00.000Z,0
401675599,2024,2024-11-02T19:00:00.000Z,0
401675600,2024,2024-09-14T17:00:00.000Z,0
401675601,2024,2024-09-29T17:00:00.000Z,0
401675602,2024,2024-10-26T18:00:00.000Z,0
401675603,2024,2024-09-21T20:30:00.000Z,0
401675604,2024,2024-10-05T18:00:00.000Z,0
401675605,2024,2024-10-19T18:00:00.000Z,0
401675606,2024,2024-11-09T18:00:00.000Z,0
401675607,2024,2024-09-21T21:00:00.000Z,0
401675608,2024,2024-10-12T19:00:00.000Z,0
401675609,2024,2024-10-19T19:00:00.000Z,0
401675610,2024,2024-10-26T19:00:00.000Z,0
401675611,2024,2024-10-05T21:00:00.000Z,0
401675612,2024,2024-11-02T19:00:00.000Z,0
401675613,2024,2024-11-09T19:00:00.000Z,0
401675614,2024,2024-09-14T22:00:00.000Z,0
401675615,2024,2024-09-21T18:00:00.000Z,0
401675616,2024,2024-10-12T22:00:00.000Z,0
401675617,2024,2024-10-05T18:00:00.000Z,0
401675618,2024,2024-10-26T17:00:00.000Z,0
401675756,2024,2024-09-28T18:00:00.000Z,0
401675757,2024,2024-10-12T22:00:00.000Z,0
401675758,2024,2024-10-19T18:00:00.000Z,0
401675759,2024,2024-10-26T20:00:00.000Z,0
401675760,2024,2024-11-02T18:00:00.000Z,0
401675761,2024,2024-11-09T17:00:00.000Z,0
401675762,2024,2024-11-16T23:00:00.000Z,0
401675763,2024,2024-09-14T22:00:00.000Z,0
401675764,2024,2024-09-21T18:00:00.000Z,0
401675765,2024,2024-10-06T18:00:00.000Z,0
401675766,2024,2024-10-12T22:00:00.000Z,0
401675767,2024,2024-10-19T22:00:00.000Z,0
401675768,2024,2024-10-26T19:00:00.000Z,0
401675769,2024,2024-11-09T23:00:00.000Z,0
401675770,2024,2024-11-16T17:00:00.000Z,0
401675771,2024,2024-09-07T04:00:00.000Z,1
401675772,2024,2024-09-14T22:00:00.000Z,0
401675773,2024,2024-09-21T17:00:00.000Z,0
401675774,2024,2024-10-12T18:00:00.000Z,0
401675775,2024,2024-10-26T17:00:00.000Z,0
401675796,2024,2024-11-09T21:00:00.000Z,0
401675797,2024,2024-11-16T18:00:00.000Z,0
401675798,2024,2024-09-07T19:00:00.000Z,0
401675799,2024,2024-09-14T17:00:00.000Z,0
401675800,2024,2024-09-28T22:00:00.000Z,0
401675801,2024,2024-10-19T17:00:00.000Z,0
401675802,2024,2024-10-26T17:00:00.000Z,0
401675803,2024,2024-11-09T19:00:00.000Z,0
401675804,2024,2024-08-31T22:00:00.000Z,0
401675805,2024,2024-09-07T22:00:00.000Z,0
401675806,2024,2024-09-28T22:00:00.000Z,0
401675807,2024,2024-10-05T20:00:00.000Z,0
401675808,2024,2024-10-19T20:00:00.000Z,0
401675809,2024,2024-11-02T17:00:00.000Z,0
401675816,2024,2024-09-07T23:00:00.000Z,0
401675817,2024,2024-09-21T18:00:00.000Z,0
401675818,2024,2024-09-28T23:00:00.000Z,0
401675819,2024,2024-10-19T23:00:00.000Z,0
401675820,2024,2024-10-26T17:00:00.000Z,0
401675821,2024,2024-11-02T19:00:00.000Z,0
401675822,2024,2024-08-29T23:00:00.000Z,0
401675823,2024,2024-09-05T23:00:00.000Z,0
401675824,2024,2024-09-14T18:00:00.000Z,0
401675825,2024,2024-10-12T19:00:00.000Z,0
401675826,2024,2024-11-02T16:00:00.000Z,0
401675827,2024,2024-11-09T18:00:00.000Z,0
401675829,2024,2024-10-19T18:00:00.000Z,0
401675830,2024,2024-10-26T18:00:00.000Z,0
401675831,2024,2024-11-02T18:00:00.000Z,0
401675832,2024,2024-11-09T19:00:00.000Z,0
401675834,2024,2024-09-14T23:30:00.000Z,0
401675835,2024,2024-09-21T18:00:00.000Z,0
401675836,2024,2024-09-28T17:00:00.000Z,0
401675837,2024,2024-10-12T18:00:00.000Z,0
401675838,2024,2024-11-16T18:00:00.000Z,0
401675839,2024,2024-11-09T18:00:00.000Z,0
401675840,2024,2024-09-14T23:00:00.000Z,0
401675841,2024,2024-09-21T18:00:00.000Z,0
401675842,2024,2024-10-12T22:00:00.000Z,0
401675843,2024,2024-10-19T19:00:00.000Z,0
401675844,2024,2024-10-26T17:00:00.000Z,0
401675898,2024,2024-09-14T18:00:00.000Z,0
401675899,2024,2024-09-21T18:00:00.000Z,0
401675900,2024,2024-10-26T18:00:00.000Z,0
401675901,2024,2024-11-09T19:00:00.000Z,0
401675902,2024,2024-09-28T17:00:00.000Z,0
401675903,2024,2024-11-16T19:00:00.000Z,0
401675904,2024,2024-09-14T23:00:00.000Z,0
401675924,2024,2024-09-08T17:00:00.000Z,0
401675925,2024,2024-09-21T20:00:00.000Z,0
401675926,2024,2024-09-29T02:00:00.000Z,0
401675927,2024,2024-10-06T02:00:00.000Z,0
401675928,2024,2024-10-13T02:00:00.000Z,0
401675929,2024,2024-10-27T02:00:00.000Z,0
401675930,2024,2024-11-02T20:00:00.000Z,0
401675931,2024,2024-11-09T21:00:00.000Z,0
401675932,2024,2024-09-07T20:00:00.000Z,0
401675933,2024,2024-09-21T20:00:00.000Z,0
401675934,2024,2024-10-06T02:00:00.000Z,0
401675935,2024,2024-10-19T20:00:00.000Z,0
401675936,2024,2024-09-07T17:00:00.000Z,0
401675937,2024,2024-09-14T18:00:00.000Z,0
401675938,2024,2024-09-21T18:00:00.000Z,0
401675939,2024,2024-10-05T18:00:00.000Z,0
401675940,2024,2024-10-12T19:00:00.000Z,0
401675941,2024,2024-10-18T23:00:00.000Z,0
401675942,2024,2024-10-26T18:00:00.000Z,0
401675943,2024,2024-11-02T18:00:00.000Z,0
401675944,2024,2024-11-09T18:00:00.000Z,0
401675945,2024,2024-11-16T19:00:00.000Z,0
401675946,2024,2024-09-14T19:00:00.000Z,0
401675947,2024,2024-09-21T23:00:00.000Z,0
401675948,2024,2024-10-05T18:00:00.000Z,0
401675949,2024,2024-10-19T18:00:00.000Z,0
401675950,2024,2024-10-26T18:00:00.000Z,0
401675951,2024,2024-11-02T17:00:00.000Z,0
401675952,2024,2024-11-09T20:00:00.000Z,0
401675953,2024,2024-11-16T19:00:00.000Z,0
401675954,2024,2024-09-14T18:00:00.000Z,0
401675955,2024,2024-10-12T18:00:00.000Z,0
401675956,2024,2024-10-26T18:00:00.000Z,0
401675957,2024,2024-11-02T18:00:00.000Z,0
401675958,2024,2024-11-09T18:00:00.000Z,0
401675959,2024,2024-11-16T19:00:00.000Z,0
401675961,2024,2024-09-21T18:00:00.000Z,0
401675964,2024,2024-10-05T16:00:00.000Z,0
401675967,2024,2024-11-02T19:00:00.000Z,0
401675970,2024,2024-09-07T21:00:00.000Z,0
401675971,2024,2024-09-14T18:00:00.000Z,0
401675972,2024,2024-09-21T16:00:00.000Z,0
401675973,2024,2024-09-28T16:00:00.000Z,0
401675974,2024,2024-10-19T21:00:00.000Z,0
401675975,2024,2024-10-26T21:30:00.000Z,0
401675976,2024,2024-09-07T18:00:00.000Z,0
401675977,2024,2024-10-05T18:00:00.000Z,0
401675978,2024,2024-10-12T18:00:00.000Z,0
401675979,2024,2024-10-19T18:30:00.000Z,0
401675980,2024,2024-11-09T19:00:00.000Z,0
401675981,2024,2024-09-14T18:30:00.000Z,0
401675982,2024,2024-10-12T18:00:00.000Z,0
401675983,2024,2024-11-02T18:00:00.000Z,0
401675984,2024,2024-11-16T19:00:00.000Z,0
401675985,2024,2024-10-19T16:30:00.000Z,0
401675986,2024,2024-10-26T18:00:00.000Z,0
401675987,2024,2024-09-22T00:00:00.000Z,0
401675988,2024,2024-10-05T18:00:00.000Z,0
401675989,2024,2024-09-21T18:00:00.000Z,0
401675990,2024,2024-09-28T18:00:00.000Z,0
401675991,2024,2024-10-05T18:00:00.000Z,0
401675992,2024,2024-10-12T18:00:00.000Z,0
401675993,2024,2024-10-26T18:00:00.000Z,0
401675994,2024,2024-11-02T18:00:00.000Z,0
401675995,2024,2024-11-10T00:00:00.000Z,0
401675996,2024,2024-09-07T17:00:00.000Z,0
401675997,2024,2024-09-14T18:00:00.000Z,0
401675998,2024,2024-09-21T17:00:00.000Z,0
401675999,2024,2024-09-28T16:00:00.000Z,0
401676000,2024,2024-10-05T17:00:00.000Z,0
401676001,2024,2024-10-12T17:00:00.000Z,0
401676002,2024,2024-10-19T19:00:00.000Z,0
401676003,2024,2024-10-26T17:00:00.000Z,0
401676004,2024,2024-11-09T18:00:00.000Z,0
401676005,2024,2024-11-16T18:00:00.000Z,0
401676006,2024,2024-09-07T22:00:00.000Z,0
401676007,2024,2024-09-14T22:00:00.000Z,0
401676008,2024,2024-09-21T16:00:00.000Z,0
401676009,2024,2024-09-28T16:00:00.000Z,0
401676010,2024,2024-10-05T22:00:00.000Z,0
401676011,2024,2024-10-12T16:00:00.000Z,0
401676012,2024,2024-11-02T16:00:00.000Z,0
401676013,2024,2024-11-09T17:00:00.000Z,0
401676014,2024,2024-11-16T17:00:00.000Z,0
401676015,2024,2024-09-07T17:00:00.000Z,0
401676016,2024,2024-09-14T23:00:00.000Z,0
401676017,2024,2024-09-21T22:00:00.000Z,0
401676018,2024,2024-09-28T17:00:00.000Z,0
401676019,2024,2024-10-12T17:00:00.000Z,0
401676020,2024,2024-10-26T17:00:00.000Z,0
401676021,2024,2024-11-02T16:00:00.000Z,0
401676022,2024,2024-11-16T18:00:00.000Z,0
401676023,2024,2024-09-07T17:00:00.000Z,0
401676024,2024,2024-09-14T23:00:00.000Z,0
401676025,2024,2024-09-28T17:00:00.000Z,0
401676026,2024,2024-10-05T17:00:00.000Z,0
401676027,2024,2024-10-19T17:00:00.000Z,0
401676028,2024,2024-11-02T18:00:00.000Z,0
401676029,2024,2024-11-09T17:00:00.000Z,0
401676031,2024,2024-09-28T18:00:00.000Z,0
401676032,2024,2024-10-05T18:00:00.000Z,0
401676033,2024,2024-10-19T18:00:00.000Z,0
401676034,2024,2024-10-26T18:00:00.000Z,0
401676036,2024,2024-09-07T18:00:00.000Z,0
401676037,2024,2024-09-21T18:00:00.000Z,0
401676038,2024,2024-10-05T20:00:00.000Z,0
401676039,2024,2024-10-19T17:00:00.000Z,0
401676040,2024,2024-10-26T17:00:00.000Z,0
401676041,2024,2024-11-09T18:00:00.000Z,0
401676042,2024,2024-11-16T18:00:00.000Z,0
401676043,2024,2024-09-07T00:00:00.000Z,0
401676044,2024,2024-10-19T19:30:00.000Z,0
401676045,2024,2024-10-26T17:00:00.000Z,0
401676046,2024,2024-11-02T18:00:00.000Z,0
401676047,2024,2024-11-09T18:00:00.000Z,0
401676048,2024,2024-09-07T23:00:00.000Z,0
401676049,2024,2024-09-28T18:00:00.000Z,0
401676050,2024,2024-10-05T18:00:00.000Z,0
401676051,2024,2024-10-26T18:00:00.000Z,0
401676052,2024,2024-11-16T19:00:00.000Z,0
401676053,2024,2024-09-07T16:00:00.000Z,0
401676054,2024,2024-09-14T16:00:00.000Z,0
401676055,2024,2024-10-12T22:00:00.000Z,0
401676056,2024,2024-10-19T16:00:00.000Z,0
401676058,2024,2024-10-05T17:00:00.000Z,0
401676059,2024,2024-10-19T18:00:00.000Z,0
401676060,2024,2024-11-02T18:00:00.000Z,0
401676062,2024,2024-09-14T17:00:00.000Z,0
401676063,2024,2024-09-21T17:00:00.000Z,0
401676064,2024,2024-11-16T18:00:00.000Z,0
401676065,2024,2024-09-06T00:00:00.000Z,0
401676066,2024,2024-09-14T23:00:00.000Z,0
401676067,2024,2024-09-14T23:00:00.000Z,0
401676068,2024,2024-09-28T23:00:00.000Z,0
401676070,2024,2024-11-09T18:00:00.000Z,0
401676071,2024,2024-10-12T18:00:00.000Z,0
401676072,2024,2024-11-02T18:00:00.000Z,0
401676073,2024,2024-11-16T18:00:00.000Z,0
401676074,2024,2024-08-29T23:00:00.000Z,0
401676075,2024,2024-09-05T22:00:00.000Z,0
401676076,2024,2024-09-14T17:00:00.000Z,0
401676077,2024,2024-09-21T16:00:00.000Z,0
401676078,2024,2024-09-28T20:00:00.000Z,0
401676079,2024,2024-10-26T20:00:00.000Z,0
401676080,2024,2024-10-31T22:00:00.000Z,0
401676081,2024,2024-09-21T23:00:00.000Z,0
401676082,2024,2024-11-16T19:00:00.000Z,0
401676083,2024,2024-09-14T22:00:00.000Z,0
401676084,2024,2024-09-21T18:00:00.000Z,0
401676085,2024,2024-10-05T18:00:00.000Z,0
401676086,2024,2024-10-19T18:00:00.000Z,0
401676087,2024,2024-11-16T19:00:00.000Z,0
401676088,2024,2024-09-07T20:00:00.000Z,0
401676089,2024,2024-09-21T19:00:00.000Z,0
401676090,2024,2024-09-28T17:00:00.000Z,0
401676091,2024,2024-10-19T18:00:00.000Z,0
401676092,2024,2024-11-09T18:00:00.000Z,0
401676093,2024,2024-11-16T18:00:00.000Z,0
401676094,2024,2024-09-05T23:30:00.000Z,0
401676095,2024,2024-10-12T16:00:00.000Z,0
401676096,2024,2024-10-19T17:00:00.000Z,0
401676097,2024,2024-10-26T18:00:00.000Z,0
401676098,2024,2024-11-02T16:00:00.000Z,0
401676099,2024,2024-11-09T17:00:00.000Z,0
401676100,2024,2024-09-14T17:00:00.000Z,0
401676101,2024,2024-09-28T16:00:00.000Z,0
401676102,2024,2024-10-05T18:00:00.000Z,0
401676103,2024,2024-11-02T17:00:00.000Z,0
401676104,2024,2024-11-09T17:00:00.000Z,0
401676105,2024,2024-09-28T17:00:00.000Z,0
401676106,2024,2024-10-05T16:00:00.000Z,0
401676107,2024,2024-11-02T16:00:00.000Z,0
401676108,2024,2024-11-09T18:00:00.000Z,0
401676109,2024,2024-09-05T23:00:00.000Z,0
401676110,2024,2024-09-13T23:00:00.000Z,0
401676111,2024,2024-10-12T17:00:00.000Z,0
401676112,2024,2024-10-26T16:00:00.000Z,0
401676113,2024,2024-11-16T17:00:00.000Z,0
401676114,2024,2024-10-12T16:00:00.000Z,0
401676115,2024,2024-10-19T16:00:00.000Z,0
401676116,2024,2024-10-26T18:00:00.000Z,0
401676118,2024,2024-10-05T16:00:00.000Z,0
401676119,2024,2024-09-14T18:00:00.000Z,0
401676120,2024,2024-10-05T18:00:00.000Z,0
401676121,2024,2024-10-12T17:00:00.000Z,0
401676122,2024,2024-10-19T17:00:00.000Z,0
401676123,2024,2024-10-26T18:00:00.000Z,0
401676124,2024,2024-11-02T18:00:00.000Z,0
401676125,2024,2024-11-09T18:00:00.000Z,0
401676126,2024,2024-11-16T17:00:00.000Z,0
401676127,2024,2024-10-05T18:00:00.000Z,0
401676128,2024,2024-10-12T16:00:00.000Z,0
401676129,2024,2024-10-19T18:00:00.000Z,0
401676130,2024,2024-10-26T22:00:00.000Z,0
401676131,2024,2024-11-02T18:00:00.000Z,0
401676132,2024,2024-11-09T17:00:00.000Z,0
401676133,2024,2024-10-05T18:00:00.000Z,0
401676134,2024,2024-10-26T17:00:00.000Z,0
401676135,2024,2024-11-02T21:00:00.000Z,0
401676136,2024,2024-11-16T19:00:00.000Z,0
401676137,2024,2024-10-12T18:00:00.000Z,0
401676138,2024,2024-10-19T17:00:00.000Z,0
401676139,2024,2024-11-09T19:00:00.000Z,0
401676140,2024,2024-09-21T18:00:00.000Z,0
401676141,2024,2024-11-16T18:00:00.000Z,0
401676142,2024,2024-09-14T17:00:00.000Z,0
401676143,2024,2024-09-21T17:00:00.000Z,0
401676144,2024,2024-09-07T22:00:00.000Z,0
401676145,2024,2024-11-09T18:00:00.000Z,0
401676146,2024,2024-09-14T17:00:00.000Z,0
401676147,2024,2024-09-21T17:00:00.000Z,0
401676148,2024,2024-09-28T17:00:00.000Z,0
401676149,2024,2024-10-05T23:00:00.000Z,0
401676150,2024,2024-10-12T22:00:00.000Z,0
401676151,2024,2024-10-19T17:00:00.000Z,0
401676152,2024,2024-10-26T17:00:00.000Z,0
401676153,2024,2024-11-02T21:30:00.000Z,0
401676154,2024,2024-11-09T17:00:00.000Z,0
401676155,2024,2024-09-14T17:30:00.000Z,0
401676156,2024,2024-09-21T17:00:00.000Z,0
401676157,2024,2024-09-28T17:00:00.000Z,0
401676158,2024,2024-10-05T17:00:00.000Z,0
401676159,2024,2024-10-12T17:30:00.000Z,0
401676160,2024,2024-10-19T17:00:00.000Z,0
401676161,2024,2024-10-26T16:00:00.000Z,0
401676162,2024,2024-11-02T16:30:00.000Z,0
401676163,2024,2024-09-14T22:00:00.000Z,0
401676164,2024,2024-09-21T23:00:00.000Z,0
401676165,2024,2024-09-28T17:00:00.000Z,0
401676166,2024,2024-10-05T17:30:00.000Z,0
401676167,2024,2024-10-26T17:30:00.000Z,0
401676168,2024,2024-11-02T17:00:00.000Z,0
401676169,2024,2024-11-09T17:30:00.000Z,0
401676170,2024,2024-09-14T17:00:00.000Z,0
401676171,2024,2024-10-12T17:00:00.000Z,0
401676172,2024,2024-10-19T17:00:00.000Z,0
401676173,2024,2024-10-26T17:00:00.000Z,0
401676174,2024,2024-11-02T17:00:00.000Z,0
401676175,2024,2024-11-09T17:00:00.000Z,0
401676176,2024,2024-09-21T20:00:00.000Z,0
401676177,2024,2024-09-29T02:00:00.000Z,0
401676178,2024,2024-10-06T02:00:00.000Z,0
401676179,2024,2024-10-13T00:00:00.000Z,0
401676180,2024,2024-10-20T02:00:00.000Z,0
401676181,2024,2024-10-27T02:00:00.000Z,0
401676182,2024,2024-11-03T02:00:00.000Z,0
401676183,2024,2024-11-09T21:00:00.000Z,0
401676184,2024,2024-09-21T17:00:00.000Z,0
401676185,2024,2024-09-28T17:30:00.000Z,0
401676186,2024,2024-10-05T17:00:00.000Z,0
401676187,2024,2024-10-12T18:00:00.000Z,0
401676188,2024,2024-11-09T17:00:00.000Z,0
401676189,2024,2024-09-07T17:00:00.000Z,0
401676190,2024,2024-09-14T16:00:00.000Z,0
401676191,2024,2024-09-28T16:00:00.000Z,0
401676192,2024,2024-10-05T16:00:00.000Z,0
401676193,2024,2024-10-12T16:00:00.000Z,0
401676194,2024,2024-10-19T16:00:00.000Z,0
401676195,2024,2024-10-26T18:30:00.000Z,0
401676196,2024,2024-11-03T02:00:00.000Z,0
401676197,2024,2024-09-08T02:00:00.000Z,0
401676198,2024,2024-09-21T20:00:00.000Z,0
401676199,2024,2024-10-12T20:00:00.000Z,0
401676200,2024,2024-10-20T02:00:00.000Z,0
401676201,2024,2024-11-09T21:00:00.000Z,0
401676202,2024,2024-10-05T23:00:00.000Z,0
401676203,2024,2024-10-19T19:00:00.000Z,0
401676204,2024,2024-09-08T00:00:00.000Z,0
401676205,2024,2024-09-28T23:00:00.000Z,0
401676206,2024,2024-09-07T17:00:00.000Z,0
401676207,2024,2024-09-14T17:00:00.000Z,0
401676208,2024,2024-09-21T17:30:00.000Z,0
401676209,2024,2024-09-28T22:30:00.000Z,0
401676210,2024,2024-10-05T17:00:00.000Z,0
401676211,2024,2024-10-19T19:00:00.000Z,0
401676212,2024,2024-10-26T17:00:00.000Z,0
401676213,2024,2024-11-02T17:00:00.000Z,0
401676214,2024,2024-11-09T18:00:00.000Z,0
401676215,2024,2024-11-16T18:00:00.000Z,0
401676216,2024,2024-11-09T17:00:00.000Z,0
401676217,2024,2024-11-16T17:00:00.000Z,0
401676218,2024,2024-09-28T16:00:00.000Z,0
401676219,2024,2024-10-05T17:00:00.000Z,0
401676220,2024,2024-10-26T16:00:00.000Z,0
401676221,2024,2024-11-02T16:00:00.000Z,0
401676222,2024,2024-11-09T17:00:00.000Z,0
401676223,2024,2024-11-16T17:00:00.000Z,0
401676225,2024,2024-09-28T17:00:00.000Z,0
401676226,2024,2024-10-05T16:00:00.000Z,0
401676227,2024,2024-10-19T16:00:00.000Z,0
401676228,2024,2024-10-26T16:00:00.000Z,0
401676229,2024,2024-11-16T17:00:00.000Z,0
401676230,2024,2024-10-05T22:00:00.000Z,0
401676231,2024,2024-10-19T17:00:00.000Z,0
401676232,2024,2024-10-26T17:00:00.000Z,0
401676233,2024,2024-11-02T17:00:00.000Z,0
401676234,2024,2024-11-09T18:00:00.000Z,0
401676235,2024,2024-11-16T18:00:00.000Z,0
401676236,2024,2024-09-07T17:00:00.000Z,0
401676237,2024,2024-09-14T17:00:00.000Z,0
401676238,2024,2024-10-05T17:00:00.000Z,0
401676239,2024,2024-10-12T22:00:00.000Z,0
401676240,2024,2024-10-19T19:00:00.000Z,0
401676241,2024,2024-11-02T17:00:00.000Z,0
401676242,2024,2024-11-09T18:00:00.000Z,0
401676243,2024,2024-11-16T18:00:00.000Z,0
401676244,2024,2024-09-07T17:00:00.000Z,0
401676245,2024,2024-10-12T17:00:00.000Z,0
401676246,2024,2024-10-19T17:00:00.000Z,0
401676247,2024,2024-10-26T17:00:00.000Z,0
401676248,2024,2024-11-02T18:00:00.000Z,0
401676249,2024,2024-11-09T18:00:00.000Z,0
401676250,2024,2024-09-07T16:00:00.000Z,0
401676251,2024,2024-09-14T19:00:00.000Z,0
401676252,2024,2024-10-05T19:00:00.000Z,0
401676253,2024,2024-10-12T17:00:00.000Z,0
401676254,2024,2024-11-09T18:00:00.000Z,0
401676255,2024,2024-09-21T17:00:00.000Z,0
401676256,2024,2024-09-21T17:00:00.000Z,0
401676257,2024,2024-10-05T17:00:00.000Z,0
401676258,2024,2024-10-12T17:00:00.000Z,0
401676259,2024,2024-10-19T17:00:00.000Z,0
401676260,2024,2024-10-26T18:00:00.000Z,0
401676261,2024,2024-11-02T17:00:00.000Z,0
401676262,2024,2024-11-09T19:00:00.000Z,0
401676263,2024,2024-11-16T19:00:00.000Z,0
401676264,2024,2024-09-21T17:00:00.000Z,0
401676265,2024,2024-09-28T17:00:00.000Z,0
401676266,2024,2024-10-19T18:00:00.000Z,0
401676267,2024,2024-10-26T18:00:00.000Z,0
401676268,2024,2024-11-02T17:00:00.000Z,0
401676269,2024,2024-11-09T19:00:00.000Z,0
401676270,2024,2024-11-16T18:00:00.000Z,0
401676271,2024,2024-09-14T17:30:00.000Z,0
401676272,2024,2024-09-21T17:30:00.000Z,0
401676273,2024,2024-09-28T18:00:00.000Z,0
401676274,2024,2024-10-12T17:30:00.000Z,0
401676275,2024,2024-10-19T18:00:00.000Z,0
401676276,2024,2024-10-19T17:00:00.000Z,0
401676277,2024,2024-10-26T16:00:00.000Z,0
401676278,2024,2024-11-16T18:00:00.000Z,0
401676279,2024,2024-09-15T02:05:00.000Z,0
401676280,2024,2024-10-05T20:00:00.000Z,0
401676281,2024,2024-10-12T23:00:00.000Z,0
401676282,2024,2024-10-19T23:05:00.000Z,0
401676283,2024,2024-10-26T20:00:00.000Z,0
401676284,2024,2024-11-02T20:00:00.000Z,0
401676285,2024,2024-11-09T21:00:00.000Z,0
401676286,2024,2024-11-16T21:00:00.000Z,0
401676287,2024,2024-10-05T23:00:00.000Z,0
401676288,2024,2024-10-12T20:00:00.000Z,0
401676289,2024,2024-10-26T20:00:00.000Z,0
401676290,2024,2024-11-02T20:00:00.000Z,0
401676291,2024,2024-11-09T21:00:00.000Z,0
401676292,2024,2024-11-16T20:00:00.000Z,0
401676296,2024,2024-10-26T18:00:00.000Z,0
401676297,2024,2024-11-02T17:00:00.000Z,0
401676298,2024,2024-11-09T18:30:00.000Z,0
401676299,2024,2024-11-16T18:30:00.000Z,0
401676300,2024,2024-09-21T23:00:00.000Z,0
401676301,2024,2024-10-05T23:00:00.000Z,0
401676302,2024,2024-10-12T18:00:00.000Z,0
401676303,2024,2024-11-02T19:00:00.000Z,0
401676304,2024,2024-11-09T17:00:00.000Z,0
401676305,2024,2024-11-16T19:00:00.000Z,0
401676306,2024,2024-09-14T17:00:00.000Z,0
401676307,2024,2024-09-28T17:30:00.000Z,0
401676308,2024,2024-10-05T17:30:00.000Z,0
401676309,2024,2024-10-12T17:30:00.000Z,0
401676310,2024,2024-10-19T17:30:00.000Z,0
401676311,2024,2024-10-26T16:00:00.000Z,0
401676312,2024,2024-11-02T17:30:00.000Z,0
401676313,2024,2024-11-09T18:30:00.000Z,0
401676314,2024,2024-11-16T18:30:00.000Z,0
401676315,2024,2024-09-21T23:00:00.000Z,0
401676316,2024,2024-10-05T20:00:00.000Z,0
401676317,2024,2024-10-12T23:00:00.000Z,0
401676318,2024,2024-10-19T20:00:00.000Z,0
401676319,2024,2024-10-26T20:00:00.000Z,0
401676320,2024,2024-11-16T21:00:00.000Z,0
401676321,2024,2024-09-14T20:00:00.000Z,0
401676322,2024,2024-10-12T20:00:00.000Z,0
401676323,2024,2024-10-19T20:00:00.000Z,0
401676324,2024,2024-10-26T20:00:00.000Z,0
401676325,2024,2024-11-02T20:00:00.000Z,0
401676327,2024,2024-09-07T19:00:00.000Z,0
401676328,2024,2024-11-02T20:00:00.000Z,0
401676329,2024,2024-11-09T21:00:00.000Z,0
401676330,2024,2024-11-16T22:30:00.000Z,0
401676336,2024,2024-09-28T17:30:00.000Z,0
401676337,2024,2024-10-12T18:00:00.000Z,0
401676338,2024,2024-10-19T17:30:00.000Z,0
401676339,2024,2024-10-26T17:30:00.000Z,0
401676340,2024,2024-11-02T16:00:00.000Z,0
401676341,2024,2024-11-09T18:30:00.000Z,0
401676342,2024,2024-09-21T17:30:00.000Z,0
401676343,2024,2024-10-05T17:30:00.000Z,0
401676344,2024,2024-10-26T17:30:00.000Z,0
401676345,2024,2024-11-02T17:30:00.000Z,0
401676346,2024,2024-11-09T18:30:00.000Z,0
401676347,2024,2024-11-16T19:00:00.000Z,0
401676348,2024,2024-09-07T17:00:00.000Z,0
401676349,2024,2024-09-21T18:00:00.000Z,0
401676350,2024,2024-10-05T19:00:00.000Z,0
401676351,2024,2024-10-19T23:00:00.000Z,0
401676352,2024,2024-11-02T17:30:00.000Z,0
401676353,2024,2024-11-09T18:30:00.000Z,0
401676354,2024,2024-09-07T17:00:00.000Z,0
401676355,2024,2024-10-05T16:30:00.000Z,0
401676356,2024,2024-10-12T17:30:00.000Z,0
401676357,2024,2024-10-26T17:30:00.000Z,0
401676358,2024,2024-11-16T18:30:00.000Z,0
401676359,2024,2024-09-07T17:00:00.000Z,0
401676360,2024,2024-09-14T16:00:00.000Z,0
401676361,2024,2024-09-21T19:00:00.000Z,0
401676362,2024,2024-10-12T17:30:00.000Z,0
401676363,2024,2024-10-12T18:30:00.000Z,0
401676365,2024,2024-10-19T17:00:00.000Z,0
401676366,2024,2024-09-28T17:30:00.000Z,0
401676367,2024,2024-11-16T17:00:00.000Z,0
401676368,2024,2024-09-15T00:00:00.000Z,0
401676369,2024,2024-09-21T18:00:00.000Z,0
401676370,2024,2024-10-12T17:00:00.000Z,0
401676371,2024,2024-10-26T19:00:00.000Z,0
401676372,2024,2024-10-19T17:30:00.000Z,0
401676373,2024,2024-10-26T16:00:00.000Z,0
401676374,2024,2024-11-02T17:00:00.000Z,0
401676375,2024,2024-09-21T22:00:00.000Z,0
401676396,2024,2024-10-05T21:00:00.000Z,0
401676397,2024,2024-10-12T18:00:00.000Z,0
401676398,2024,2024-10-19T20:00:00.000Z,0
401676399,2024,2024-10-26T17:00:00.000Z,0
401676400,2024,2024-11-02T17:00:00.000Z,0
401676401,2024,2024-11-09T18:00:00.000Z,0
401676402,2024,2024-11-16T20:30:00.000Z,0
401676404,2024,2024-10-05T18:00:00.000Z,0
401676405,2024,2024-10-19T22:00:00.000Z,0
401676406,2024,2024-10-26T17:00:00.000Z,0
401676407,2024,2024-11-02T18:00:00.000Z,0
401676408,2024,2024-11-09T19:00:00.000Z,0
401676409,2024,2024-11-16T18:00:00.000Z,0
401676410,2024,2024-10-12T17:00:00.000Z,0
401676411,2024,2024-10-19T18:00:00.000Z,0
401676412,2024,2024-10-26T18:00:00.000Z,0
401676413,2024,2024-11-02T17:00:00.000Z,0
401676414,2024,2024-11-09T18:00:00.000Z,0
401676415,2024,2024-09-21T16:30:00.000Z,0
401676416,2024,2024-10-05T22:00:00.000Z,0
401676417,2024,2024-11-09T18:00:00.000Z,0
401676418,2024,2024-09-14T17:00:00.000Z,0
401676419,2024,2024-09-21T23:00:00.000Z,0
401676420,2024,2024-09-28T19:00:00.000Z,0
401676421,2024,2024-10-05T17:00:00.000Z,0
401676422,2024,2024-10-12T20:30:00.000Z,0
401676423,2024,2024-10-19T17:00:00.000Z,0
401676424,2024,2024-10-26T23:00:00.000Z,0
401676425,2024,2024-11-02T17:00:00.000Z,0
401676426,2024,2024-11-09T18:00:00.000Z,0
401676427,2024,2024-11-16T18:00:00.000Z,0
401676428,2024,2024-10-05T17:00:00.000Z,0
401676429,2024,2024-10-12T17:00:00.000Z,0
401676430,2024,2024-11-09T18:00:00.000Z,0
401676431,2024,2024-11-16T18:00:00.000Z,0
401676432,2024,2024-09-07T17:00:00.000Z,0
401676433,2024,2024-09-21T17:00:00.000Z,0
401676434,2024,2024-09-28T17:00:00.000Z,0
401676435,2024,2024-10-05T23:00:00.000Z,0
401676436,2024,2024-10-19T17:00:00.000Z,0
401676437,2024,2024-10-26T21:05:00.000Z,0
401676438,2024,2024-11-02T17:00:00.000Z,0
401676439,2024,2024-11-09T18:00:00.000Z,0
401676440,2024,2024-11-16T18:00:00.000Z,0
401676441,2024,2024-10-05T17:00:00.000Z,0
401676442,2024,2024-10-12T17:00:00.000Z,0
401676443,2024,2024-11-02T19:00:00.000Z,0
401676444,2024,2024-10-26T16:00:00.000Z,0
401676445,2024,2024-11-16T18:00:00.000Z,0
401676446,2024,2024-09-14T18:00:00.000Z,0
401676447,2024,2024-10-19T20:00:00.000Z,0
401676617,2024,2024-09-21T23:00:00.000Z,0
401676618,2024,2024-09-07T17:00:00.000Z,0
401676619,2024,2024-09-14T17:00:00.000Z,0
401676620,2024,2024-09-28T23:00:00.000Z,0
401676621,2024,2024-10-05T17:00:00.000Z,0
401676622,2024,2024-10-12T17:00:00.000Z,0
401676623,2024,2024-10-19T23:00:00.000Z,0
401676624,2024,2024-11-09T17:00:00.000Z,0
401676625,2024,2024-11-16T18:00:00.000Z,0
401676626,2024,2024-09-14T23:00:00.000Z,0
401676627,2024,2024-09-21T23:00:00.000Z,0
401676628,2024,2024-10-05T17:00:00.000Z,0
401676629,2024,2024-10-26T17:00:00.000Z,0
401676630,2024,2024-11-02T17:00:00.000Z,0
401676631,2024,2024-11-09T18:00:00.000Z,0
401676632,2024,2024-11-16T18:00:00.000Z,0
401676633,2024,2024-09-07T17:00:00.000Z,0
401676634,2024,2024-09-14T17:00:00.000Z,0
401676635,2024,2024-09-28T18:00:00.000Z,0
401676636,2024,2024-10-12T18:00:00.000Z,0
401676637,2024,2024-10-26T17:00:00.000Z,0
401676638,2024,2024-11-16T18:30:00.000Z,0
401676639,2024,2024-09-28T19:00:00.000Z,0
401676640,2024,2024-10-12T23:00:00.000Z,0
401676641,2024,2024-10-19T22:00:00.000Z,0
401676642,2024,2024-11-02T17:00:00.000Z,0
401676643,2024,2024-11-09T18:00:00.000Z,0
401676644,2024,2024-09-07T17:00:00.000Z,0
401676645,2024,2024-09-21T23:00:00.000Z,0
401676646,2024,2024-10-05T17:00:00.000Z,0
401676647,2024,2024-10-12T17:00:00.000Z,0
401676648,2024,2024-09-21T17:00:00.000Z,0
401676649,2024,2024-10-19T22:00:00.000Z,0
401676650,2024,2024-10-26T17:00:00.000Z,0
401676651,2024,2024-09-07T17:00:00.000Z,0
401676652,2024,2024-11-02T17:00:00.000Z,0
401676653,2024,2024-09-14T23:00:00.000Z,0
401676654,2024,2024-09-14T16:00:00.000Z,0
401676655,2024,2024-10-12T16:00:00.000Z,0
401676656,2024,2024-10-19T17:00:00.000Z,0
401676657,2024,2024-11-02T16:00:00.000Z,0
401676658,2024,2024-09-06T23:00:00.000Z,0
401676659,2024,2024-09-21T17:00:00.000Z,0
401676660,2024,2024-11-02T16:00:00.000Z,0
401676661,2024,2024-09-07T16:00:00.000Z,0
401676662,2024,2024-09-14T17:00:00.000Z,0
401676663,2024,2024-09-21T16:00:00.000Z,0
401676664,2024,2024-11-09T17:00:00.000Z,0
401676665,2024,2024-10-05T16:00:00.000Z,0
401676666,2024,2024-10-19T16:00:00.000Z,0
401676667,2024,2024-11-02T16:00:00.000Z,0
401676668,2024,2024-11-09T19:00:00.000Z,0
401676669,2024,2024-11-16T18:00:00.000Z,0
401676673,2024,2024-09-14T17:00:00.000Z,0
401676678,2024,2024-10-26T17:00:00.000Z,0
401676683,2024,2024-09-21T17:30:00.000Z,0
401676691,2024,2024-08-31T17:00:00.000Z,0
401676692,2024,2024-09-21T17:00:00.000Z,0
401676693,2024,2024-10-05T17:00:00.000Z,0
401676694,2024,2024-10-12T17:00:00.000Z,0
401676703,2024,2024-09-14T22:00:00.000Z,0
401676705,2024,2024-10-26T18:00:00.000Z,0
401676706,2024,2024-09-14T17:00:00.000Z,0
401676707,2024,2024-09-27T22:00:00.000Z,0
401676708,2024,2024-10-05T18:00:00.000Z,0
401676709,2024,2024-10-12T16:00:00.000Z,0
401676710,2024,2024-10-19T17:00:00.000Z,0
401676711,2024,2024-10-26T16:00:00.000Z,0
401676712,2024,2024-11-01T22:00:00.000Z,0
401676713,2024,2024-11-09T18:00:00.000Z,0
401676714,2024,2024-11-16T17:00:00.000Z,0
401676715,2024,2024-09-21T17:00:00.000Z,0
401676716,2024,2024-09-28T22:00:00.000Z,0
401676717,2024,2024-10-12T16:00:00.000Z,0
401676718,2024,2024-10-19T17:00:00.000Z,0
401676719,2024,2024-10-26T17:00:00.000Z,0
401676720,2024,2024-11-02T17:00:00.000Z,0
401676721,2024,2024-11-09T18:00:00.000Z,0
401676722,2024,2024-09-07T17:00:00.000Z,0
401676723,2024,2024-09-13T23:00:00.000Z,0
401676724,2024,2024-09-28T18:00:00.000Z,0
401676725,2024,2024-10-05T17:00:00.000Z,0
401676726,2024,2024-10-19T17:00:00.000Z,0
401676727,2024,2024-11-02T17:00:00.000Z,0
401676728,2024,2024-11-09T18:00:00.000Z,0
401676729,2024,2024-11-16T18:00:00.000Z,0
401676730,2024,2024-09-21T17:00:00.000Z,0
401676731,2024,2024-10-05T17:00:00.000Z,0
401676732,2024,2024-10-12T16:00:00.000Z,0
401676733,2024,2024-10-26T17:00:00.000Z,0
401676734,2024,2024-11-09T18:00:00.000Z,0
401676735,2024,2024-09-14T17:00:00.000Z,0
401676736,2024,2024-09-21T16:00:00.000Z,0
401676737,2024,2024-09-28T17:00:00.000Z,0
401676738,2024,2024-10-12T16:00:00.000Z,0
401676739,2024,2024-11-16T17:00:00.000Z,0
401676740,2024,2024-10-05T19:00:00.000Z,0
401676741,2024,2024-10-05T19:00:00.000Z,0
401676742,2024,2024-11-16T19:00:00.000Z,0
401676743,2024,2024-11-09T17:00:00.000Z,0
401676744,2024,2024-09-05T23:00:00.000Z,0
401676745,2024,2024-09-21T16:00:00.000Z,0
401676746,2024,2024-11-09T18:00:00.000Z,0
401676747,2024,2024-11-16T17:00:00.000Z,0
401676748,2024,2024-09-05T22:00:00.000Z,0
401676749,2024,2024-09-14T16:00:00.000Z,0
401676750,2024,2024-09-28T17:00:00.000Z,0
401676751,2024,2024-10-12T16:00:00.000Z,0
401676752,2024,2024-09-07T16:00:00.000Z,0
401676753,2024,2024-09-21T17:00:00.000Z,0
401676754,2024,2024-10-05T16:00:00.000Z,0
401676755,2024,2024-09-07T20:00:00.000Z,0
401676756,2024,2024-09-21T17:00:00.000Z,0
401676757,2024,2024-09-28T16:00:00.000Z,0
401676758,2024,2024-10-05T16:00:00.000Z,0
401676759,2024,2024-11-02T16:00:00.000Z,0
401676760,2024,2024-09-06T23:00:00.000Z,0
401676761,2024,2024-09-14T17:00:00.000Z,0
401676762,2024,2024-09-20T23:00:00.000Z,0
401676763,2024,2024-09-28T17:00:00.000Z,0
401676764,2024,2024-10-05T23:00:00.000Z,0
401676765,2024,2024-10-19T17:00:00.000Z,0
401676766,2024,2024-10-26T17:00:00.000Z,0
401676767,2024,2024-11-02T16:00:00.000Z,0
401676768,2024,2024-11-09T18:00:00.000Z,0
401676769,2024,2024-11-16T17:00:00.000Z,0
401676770,2024,2024-09-07T17:00:00.000Z,0
401676771,2024,2024-09-13T23:00:00.000Z,0
401676772,2024,2024-09-21T16:00:00.000Z,0
401676773,2024,2024-09-28T17:00:00.000Z,0
401676774,2024,2024-10-05T17:00:00.000Z,0
401676775,2024,2024-10-19T17:00:00.000Z,0
401676776,2024,2024-09-07T16:00:00.000Z,0
401676777,2024,2024-09-21T17:00:00.000Z,0
401676778,2024,2024-09-29T19:00:00.000Z,0
401676779,2024,2024-10-12T17:00:00.000Z,0
401676780,2024,2024-10-26T17:00:00.000Z,0
401676781,2024,2024-11-02T17:00:00.000Z,0
401676782,2024,2024-10-05T17:00:00.000Z,0
401676783,2024,2024-10-19T16:00:00.000Z,0
401676784,2024,2024-11-02T20:00:00.000Z,0
401676785,2024,2024-09-28T22:00:00.000Z,0
401676786,2024,2024-10-05T23:00:00.000Z,0
401676787,2024,2024-10-19T18:30:00.000Z,0
401676788,2024,2024-10-26T18:00:00.000Z,0
401676789,2024,2024-09-14T23:00:00.000Z,0
401676790,2024,2024-09-21T17:00:00.000Z,0
401676791,2024,2024-09-28T23:00:00.000Z,0
401676792,2024,2024-11-09T18:30:00.000Z,0
401676793,2024,2024-11-02T18:00:00.000Z,0
401676794,2024,2024-11-16T23:00:00.000Z,0
401676795,2024,2024-10-05T18:00:00.000Z,0
401676921,2024,2024-10-12T16:00:00.000Z,0
401676922,2024,2024-10-05T17:00:00.000Z,0
401676936,2024,2024-09-28T16:00:00.000Z,0
401677076,2024,2024-12-14T17:00:00.000Z,0
401677077,2024,2024-12-15T02:00:00.000Z,0
401677079,2024,2024-12-18T22:30:00.000Z,0
401677080,2024,2024-12-18T02:00:00.000Z,0
401677081,2024,2024-12-19T02:00:00.000Z,0
401677082,2024,2024-12-20T00:00:00.000Z,0
401677083,2024,2024-12-20T17:00:00.000Z,0
401677084,2024,2024-12-20T20:30:00.000Z,0
401677085,2024,2024-12-23T16:00:00.000Z,0
401677086,2024,2024-12-23T19:30:00.000Z,0
401677087,2024,2024-12-25T01:00:00.000Z,0
401677088,2024,2024-12-26T22:30:00.000Z,0
401677089,2024,2024-12-27T02:00:00.000Z,0
401677090,2024,2024-12-27T17:00:00.000Z,0
401677091,2024,2024-12-27T20:30:00.000Z,0
401677092,2024,2024-12-28T00:00:00.000Z,0
401677093,2024,2024-12-28T03:30:00.000Z,0
401677094,2024,2024-12-28T16:00:00.000Z,0
401677095,2024,2024-12-28T17:00:00.000Z,0
401677096,2024,2024-12-28T19:15:00.000Z,0
401677097,2024,2024-12-28T20:30:00.000Z,0
401677098,2024,2024-12-28T22:45:00.000Z,0
401677099,2024,2024-12-29T00:30:00.000Z,0
401677100,2024,2024-12-29T02:15:00.000Z,0
401677101,2024,2024-12-30T19:30:00.000Z,0
401677102,2024,2024-12-31T17:00:00.000Z,0
401677103,2024,2024-12-31T20:00:00.000Z,0
401677104,2024,2024-12-31T20:30:00.000Z,0
401677105,2024,2025-01-03T01:00:00.000Z,0
401677106,2024,2025-01-03T21:00:00.000Z,0
401677107,2024,2025-01-04T00:30:00.000Z,0
401677108,2024,2025-01-04T16:00:00.000Z,0
401677176,2024,2024-12-21T21:00:00.000Z,0
401677177,2024,2024-12-22T01:00:00.000Z,0
401677178,2024,2024-12-21T17:00:00.000Z,0
401677179,2024,2024-12-21T01:00:00.000Z,0
401677180,2024,2024-12-26T19:00:00.000Z,0
401677181,2024,2025-01-01T00:30:00.000Z,0
401677182,2024,2025-01-01T18:00:00.000Z,0
401677183,2024,2025-01-01T22:00:00.000Z,0
401677184,2024,2025-01-02T21:00:00.000Z,0
401677188,2024,2024-12-28T21:30:00.000Z,0
401677189,2024,2025-01-10T00:30:00.000Z,0
401677190,2024,2024-12-31T19:00:00.000Z,0
401677191,2024,2025-01-11T00:30:00.000Z,0
401677192,2024,2025-01-21T00:30:00.000Z,0
401677362,2024,2024-11-09T17:00:00.000Z,0
401677372,2024,2024-09-14T16:00:00.000Z,0
401677373,2024,2024-09-05T23:00:00.000Z,0
401677374,2024,2024-10-05T17:00:00.000Z,0
401677375,2024,2024-10-12T17:00:00.000Z,0
401677383,2024,2024-08-31T17:00:00.000Z,0
401677396,2024,2024-10-19T16:00:00.000Z,0
401677397,2024,2024-10-26T18:00:00.000Z,0
401677399,2024,2024-09-07T17:00:00.000Z,0
401677401,2024,2024-10-12T17:00:00.000Z,0
401677402,2024,2024-09-14T16:00:00.000Z,0
401677403,2024,2024-09-21T16:00:00.000Z,0
401677404,2024,2024-10-12T16:00:00.000Z,0
401677405,2024,2024-10-26T16:00:00.000Z,0
401677406,2024,2024-11-02T17:00:00.000Z,0
401677407,2024,2024-09-21T22:00:00.000Z,0
401677408,2024,2024-09-28T17:00:00.000Z,0
401677409,2024,2024-09-21T17:00:00.000Z,0
401677410,2024,2024-10-19T16:00:00.000Z,0
401677411,2024,2024-09-21T17:00:00.000Z,0
401677453,2024,2024-09-14T16:00:00.000Z,0
401677454,2024,2024-09-21T17:00:00.000Z,0
401677455,2024,2024-10-19T17:00:00.000Z,0
401677456,2024,2024-11-02T16:00:00.000Z,0
401677457,2024,2024-10-26T16:00:00.000Z,0
401677458,2024,2024-09-07T17:00:00.000Z,0
401677459,2024,2024-09-14T22:00:00.000Z,0
401677460,2024,2024-09-21T17:00:00.000Z,0
401677461,2024,2024-09-28T17:00:00.000Z,0
401677462,2024,2024-10-12T18:00:00.000Z,0
401677463,2024,2024-11-02T17:00:00.000Z,0
401677464,2024,2024-09-14T18:00:00.000Z,0
401677465,2024,2024-10-05T17:00:00.000Z,0
401677466,2024,2024-09-14T17:00:00.000Z,0
401677467,2024,2024-10-19T16:00:00.000Z,0
401677468,2024,2024-11-16T18:00:00.000Z,0
401677469,2024,2024-10-05T18:00:00.000Z,0
401677470,2024,2024-10-12T17:00:00.000Z,0
401677471,2024,2024-10-19T17:00:00.000Z,0
401677472,2024,2024-11-02T17:00:00.000Z,0
401677473,2024,2024-09-28T16:00:00.000Z,0
401677474,2024,2024-10-05T16:00:00.000Z,0
401677496,2024,2024-10-26T16:00:00.000Z,0
401677497,2024,2024-11-16T17:00:00.000Z,0
401677498,2024,2024-10-19T17:30:00.000Z,0
401677499,2024,2024-11-02T17:00:00.000Z,0
401677500,2024,2024-11-09T17:00:00.000Z,0
401677676,2024,2024-09-21T23:00:00.000Z,0
401677677,2024,2024-11-02T18:00:00.000Z,0
401677678,2024,2024-09-14T23:00:00.000Z,0
401677679,2024,2024-09-22T02:00:00.000Z,0
401677680,2024,2024-10-05T20:00:00.000Z,0
401677681,2024,2024-10-19T20:00:00.000Z,0
401677682,2024,2024-09-22T02:00:00.000Z,0
401677683,2024,2024-09-28T20:00:00.000Z,0
401677684,2024,2024-10-27T02:00:00.000Z,0
401677718,2024,2024-09-08T02:00:00.000Z,0
401677719,2024,2024-09-28T20:00:00.000Z,0
401677736,2024,2024-10-26T17:00:00.000Z,0
401677737,2024,2024-11-09T18:00:00.000Z,0
401677764,2024,2024-09-21T19:05:00.000Z,0
401678581,2024,2024-09-06T23:00:00.000Z,0
401678582,2024,2024-10-12T17:00:00.000Z,0
401678583,2024,2024-11-02T17:00:00.000Z,0
401678696,2024,2024-10-12T17:30:00.000Z,0
401678896,2024,2024-11-23T20:00:00.000Z,0
401678897,2024,2024-09-21T23:00:00.000Z,0
401678898,2024,2024-09-14T23:00:00.000Z,0
401678916,2024,2024-11-16T22:00:00.000Z,0
401678917,2024,2024-10-12T20:00:00.000Z,0
401679012,2024,2024-09-14T17:00:00.000Z,0
401679013,2024,2024-09-28T17:00:00.000Z,0
401679014,2024,2024-11-09T22:00:00.000Z,0
401679015,2024,2024-09-21T17:00:00.000Z,0
401679016,2024,2024-10-26T17:30:00.000Z,0
401679156,2024,2024-09-28T17:00:00.000Z,0
401679157,2024,2024-11-09T16:00:00.000Z,0
401680057,2024,2025-01-07T00:00:00.000Z,0
401682276,2024,2024-09-21T17:00:00.000Z,0
401682277,2024,2024-10-26T17:00:00.000Z,0
401682278,2024,2024-10-19T18:00:00.000Z,0
401682279,2024,2024-11-02T16:00:00.000Z,0
401682280,2024,2024-09-20T23:00:00.000Z,0
401682281,2024,2024-11-09T17:00:00.000Z,0
401682282,2024,2024-11-16T17:00:00.000Z,0
401682323,2024,2024-10-19T17:00:00.000Z,0
401682324,2024,2024-10-26T17:00:00.000Z,0
401682325,2024,2024-11-16T17:00:00.000Z,0
401682326,2024,2024-09-20T23:00:00.000Z,0
401682327,2024,2024-10-05T16:00:00.000Z,0
401682328,2024,2024-10-19T18:00:00.000Z,0
401682329,2024,2024-11-09T17:00:00.000Z,0
401682350,2024,2024-09-06T23:00:00.000Z,0
401682351,2024,2024-10-26T16:00:00.000Z,0
401682361,2024,2024-10-11T23:00:00.000Z,0
401682362,2024,2024-10-19T17:00:00.000Z,0
401682363,2024,2024-11-02T16:00:00.000Z,0
401682375,2024,2024-09-07T20:00:00.000Z,0
401682376,2024,2024-09-21T20:00:00.000Z,0
401682377,2024,2024-11-09T21:00:00.000Z,0
401687156,2024,2024-10-19T19:00:00.000Z,0
401687157,2024,2024-11-16T17:00:00.000Z,0
401687162,2024,2024-11-09T17:00:00.000Z,0
401687169,2024,2024-09-28T17:00:00.000Z,0
401687170,2024,2024-09-14T20:00:00.000Z,0
401689231,2024,2024-10-19T18:00:00.000Z,0
401689232,2024,2024-10-26T18:00:00.000Z,0
401689233,2024,2024-10-12T18:00:00.000Z,0
401689234,2024,2024-09-13T23:00:00.000Z,0
401689236,2024,2024-11-02T17:00:00.000Z,0
401693676,2024,2024-10-12T17:00:00.000Z,0
401693677,2024,2024-08-24T04:00:00.000Z,1
401693678,2024,2024-09-07T04:00:00.000Z,1
401693679,2024,2024-09-21T17:00:00.000Z,0
401693680,2024,2024-11-02T18:00:00.000Z,0
401693681,2024,2024-11-16T18:00:00.000Z,0
401694304,2024,2024-09-28T16:00:00.000Z,0
401729729,2024,2024-11-30T18:00:00.000Z,0
401729730,2024,2024-11-30T19:00:00.000Z,0
401729731,2024,2024-11-30T17:00:00.000Z,0
401729732,2024,2024-11-30T20:00:00.000Z,0
401729734,2024,2024-12-01T03:15:00.000Z,0
401729736,2024,2024-11-30T19:00:00.000Z,0
401729737,2024,2024-11-30T17:00:00.000Z,0
401729738,2024,2024-11-30T20:00:00.000Z,0
401729743,2024,2024-12-07T20:00:00.000Z,0
401729745,2024,2024-12-07T20:00:00.000Z,0
401729750,2024,2024-12-07T19:00:00.000Z,0
401729752,2024,2024-12-07T20:00:00.000Z,0
401729753,2024,2024-12-07T21:00:00.000Z,0
401729754,2024,2024-12-07T19:00:00.000Z,0
401729756,2024,2024-12-07T19:00:00.000Z,0
401729759,2024,2024-12-08T02:00:00.000Z,0
401729780,2024,2024-12-14T02:00:00.000Z,0
401729781,2024,2024-12-14T17:00:00.000Z,0
401729783,2024,2024-12-14T21:00:00.000Z,0
401729785,2024,2024-12-14T20:30:00.000Z,0
401729786,2024,2024-12-21T17:00:00.000Z,0
401729787,2024,2024-12-21T20:30:00.000Z,0
401729867,2024,2024-12-28T01:00:00.000Z,0
401733667,2024,2024-11-16T17:00:00.000Z,0
401734008,2024,2024-11-16T20:00:00.000Z,0
401734011,2024,2024-11-16T18:00:00.000Z,0
401734012,2024,2024-11-16T18:00:00.000Z,0
401734013,2024,2024-11-16T18:00:00.000Z,0
401734014,2024,2024-11-16T18:00:00.000Z,0
401734015,2024,2024-11-16T18:00:00.000Z,0
401734016,2024,2024-11-16T22:30:00.000Z,0
401734017,2024,2024-11-16T21:00:00.000Z,0
401734018,2024,2024-11-16T21:00:00.000Z,0
401734569,2024,2024-11-23T18:00:00.000Z,0
401734570,2024,2024-11-23T18:00:00.000Z,0
401734571,2024,2024-11-23T17:00:00.000Z,0
401734572,2024,2024-11-23T20:00:00.000Z,0
401734573,2024,2024-11-30T17:00:00.000Z,0
401734574,2024,2024-11-30T18:00:00.000Z,0
401734575,2024,2024-11-30T17:00:00.000Z,0
401734576,2024,2024-11-30T17:00:00.000Z,0
401734577,2024,2024-11-23T18:00:00.000Z,0
401734578,2024,2024-11-23T18:00:00.000Z,0
401734579,2024,2024-11-23T18:00:00.000Z,0
401734580,2024,2024-11-23T17:00:00.000Z,0
401734581,2024,2024-11-23T18:00:00.000Z,0
401734582,2024,2024-11-23T19:00:00.000Z,0
401734587,2024,2024-11-23T18:00:00.000Z,0
401734588,2024,2024-11-23T17:00:00.000Z,0
401734589,2024,2024-11-23T17:00:00.000Z,0
401734590,2024,2024-11-23T17:00:00.000Z,0
401734591,2024,2024-11-30T20:00:00.000Z,0
401734592,2024,2024-11-30T17:00:00.000Z,0
401734593,2024,2024-11-30T17:00:00.000Z,0
401734594,2024,2024-11-30T17:00:00.000Z,0
401734595,2024,2024-11-23T19:00:00.000Z,0
401734596,2024,2024-11-23T18:00:00.000Z,0
401734597,2024,2024-11-23T19:00:00.000Z,0
401734598,2024,2024-11-23T18:00:00.000Z,0
401734599,2024,2024-11-23T20:00:00.000Z,0
401734600,2024,2024-11-23T19:00:00.000Z,0
401734921,2024,2024-11-30T18:00:00.000Z,0
401734922,2024,2024-11-30T17:00:00.000Z,0
401734923,2024,2024-11-30T17:00:00.000Z,0
401734924,2024,2024-11-30T17:00:00.000Z,0
401734925,2024,2024-11-30T17:00:00.000Z,0
401734926,2024,2024-11-30T18:00:00.000Z,0
401734987,2024,2024-11-30T18:00:00.000Z,0
401734988,2024,2024-11-30T18:00:00.000Z,0
401734989,2024,2024-11-30T17:00:00.000Z,0
401734990,2024,2024-11-30T20:00:00.000Z,0
401734991,2024,2024-11-30T18:00:00.000Z,0
401734992,2024,2024-11-30T18:00:00.000Z,0
401734994,2024,2024-11-30T17:00:00.000Z,0
401734995,2024,2024-11-30T20:00:00.000Z,0
401734996,2024,2024-11-30T18:00:00.000Z,0
401734997,2024,2024-11-30T18:00:00.000Z,0
401735947,2024,2024-12-07T17:00:00.000Z,0
401735948,2024,2024-12-07T17:00:00.000Z,0
401735967,2024,2024-12-07T18:00:00.000Z,0
401735968,2024,2024-12-07T18:00:00.000Z,0
401735969,2024,2024-12-07T18:00:00.000Z,0
401735970,2024,2024-12-07T18:00:00.000Z,0
401735971,2024,2024-12-07T17:00:00.000Z,0
401735972,2024,2024-12-07T17:00:00.000Z,0
401735987,2024,2024-12-07T18:00:00.000Z,0
401735988,2024,2024-12-07T18:00:00.000Z,0
401735989,2024,2024-12-07T20:00:00.000Z,0
401735990,2024,2024-12-07T20:00:00.000Z,0
401737147,2024,2024-12-14T17:00:00.000Z,0
401737148,2024,2024-12-14T18:00:00.000Z,0
401737149,2024,2024-12-14T17:00:00.000Z,0
401737151,2024,2024-12-14T17:00:00.000Z,0
401737153,2024,2024-12-14T17:00:00.000Z,0
401737154,2024,2024-12-14T20:30:00.000Z,0
401738295,2024,2024-12-21T17:00:00.000Z,0
401738307,2024,2024-12-21T20:30:00.000Z,0
401738327,2024,2024-12-21T19:00:00.000Z,0
401741208,2024,2025-01-06T01:00:00.000Z,0
