game_id,season_year,kickoff_utc,start_time_tbd
401752665,2025,2025-08-30T19:30:00.000Z,0
401752666,2025,2025-08-30T20:15:00.000Z,0
401752667,2025,2025-08-30T00:00:00.000Z,0
401752668,2025,2025-08-30T23:00:00.000Z,0
401752669,2025,2025-08-30T19:30:00.000Z,0
401752670,2025,2025-08-30T16:45:00.000Z,0
401752671,2025,2025-08-30T23:30:00.000Z,0
401752672,2025,2025-08-30T23:45:00.000Z,0
401752673,2025,2025-08-30T16:00:00.000Z,0
401752674,2025,2025-08-28T23:30:00.000Z,0
401752675,2025,2025-08-30T22:00:00.000Z,0
401752676,2025,2025-08-30T16:00:00.000Z,0
401752677,2025,2025-08-30T16:00:00.000Z,0
401752678,2025,2025-08-30T23:00:00.000Z,0
401752679,2025,2025-08-30T23:00:00.000Z,0
401752680,2025,2025-08-31T19:00:00.000Z,0
401752681,2025,2025-09-06T23:45:00.000Z,0
401752682,2025,2025-09-06T21:00:00.000Z,0
401752683,2025,2025-09-06T23:30:00.000Z,0
401752684,2025,2025-09-06T20:15:00.000Z,0
401752685,2025,2025-09-06T19:30:00.000Z,0
401752686,2025,2025-09-06T19:30:00.000Z,0
401752687,2025,2025-09-06T23:30:00.000Z,0
401752688,2025,2025-09-06T23:30:00.000Z,0
401752689,2025,2025-09-06T19:30:00.000Z,0
401752690,2025,2025-09-06T23:30:00.000Z,0
401752691,2025,2025-09-06T23:00:00.000Z,0
401752692,2025,2025-09-06T19:30:00.000Z,0
401752693,2025,2025-09-06T16:00:00.000Z,0
401752694,2025,2025-09-06T16:45:00.000Z,0
401752695,2025,2025-09-06T23:30:00.000Z,0
401752696,2025,2025-09-13T16:00:00.000Z,0
401752697,2025,2025-09-13T16:45:00.000Z,0
401752698,2025,2025-09-13T23:30:00.000Z,0
401752699,2025,2025-09-13T23:30:00.000Z,0
401752700,2025,2025-09-13T23:00:00.000Z,0
401752701,2025,2025-09-13T22:00:00.000Z,0
401752702,2025,2025-09-13T17:00:00.000Z,0
401752703,2025,2025-09-13T16:00:00.000Z,0
401752704,2025,2025-09-13T23:45:00.000Z,0
401752705,2025,2025-09-13T19:30:00.000Z,0
401752706,2025,2025-09-13T20:15:00.000Z,0
401752707,2025,2025-09-13T23:30:00.000Z,0
401752708,2025,2025-09-20T16:00:00.000Z,0
401752709,2025,2025-09-20T23:30:00.000Z,0
401752710,2025,2025-09-20T23:45:00.000Z,0
401752711,2025,2025-09-20T19:30:00.000Z,0
401752712,2025,2025-09-20T20:15:00.000Z,0
401752713,2025,2025-09-20T23:00:00.000Z,0
401752714,2025,2025-09-20T19:30:00.000Z,0
401752715,2025,2025-09-20T16:45:00.000Z,0
401752716,2025,2025-09-20T23:30:00.000Z,0
401752717,2025,2025-09-27T16:00:00.000Z,0
401752718,2025,2025-09-27T23:30:00.000Z,0
401752719,2025,2025-09-27T19:30:00.000Z,0
401752720,2025,2025-09-27T20:15:00.000Z,0
401752721,2025,2025-09-27T23:30:00.000Z,0
401752722,2025,2025-09-27T23:45:00.000Z,0
401752723,2025,2025-09-21T00:00:00.000Z,0
401752724,2025,2025-09-27T19:30:00.000Z,0
401752725,2025,2025-09-27T16:45:00.000Z,0
401752726,2025,2025-10-04T19:30:00.000Z,0
401752727,2025,2025-10-04T19:30:00.000Z,0
401752728,2025,2025-10-04T16:00:00.000Z,0
401752729,2025,2025-10-04T20:00:00.000Z,0
401752730,2025,2025-10-04T23:30:00.000Z,0
401752731,2025,2025-10-11T23:30:00.000Z,0
401752732,2025,2025-10-11T23:45:00.000Z,0
401752733,2025,2025-10-11T16:45:00.000Z,0
401752734,2025,2025-10-11T16:00:00.000Z,0
401752735,2025,2025-10-11T20:15:00.000Z,0
401752736,2025,2025-10-11T19:30:00.000Z,0
401752737,2025,2025-10-11T23:00:00.000Z,0
401752738,2025,2025-10-18T23:30:00.000Z,0
401752739,2025,2025-10-18T19:30:00.000Z,0
401752740,2025,2025-10-18T23:45:00.000Z,0
401752741,2025,2025-10-18T20:15:00.000Z,0
401752742,2025,2025-10-18T19:30:00.000Z,0
401752743,2025,2025-10-18T23:00:00.000Z,0
401752744,2025,2025-10-18T16:45:00.000Z,0
401752745,2025,2025-10-18T16:00:00.000Z,0
401752746,2025,2025-10-25T16:45:00.000Z,0
401752747,2025,2025-10-25T23:45:00.000Z,0
401752748,2025,2025-10-25T23:30:00.000Z,0
401752749,2025,2025-10-25T20:15:00.000Z,0
401752750,2025,2025-10-25T16:00:00.000Z,0
401752751,2025,2025-10-25T19:30:00.000Z,0
401752752,2025,2025-10-25T19:30:00.000Z,0
401752753,2025,2025-11-01T20:00:00.000Z,0
401752754,2025,2025-11-01T23:30:00.000Z,0
401752755,2025,2025-11-01T19:30:00.000Z,0
401752756,2025,2025-11-01T23:00:00.000Z,0
401752757,2025,2025-11-01T23:30:00.000Z,0
401752758,2025,2025-11-01T16:00:00.000Z,0
401752759,2025,2025-11-09T00:30:00.000Z,0
401752760,2025,2025-11-09T00:30:00.000Z,0
401752761,2025,2025-11-08T18:00:00.000Z,0
401752762,2025,2025-11-08T17:00:00.000Z,0
401752763,2025,2025-11-08T20:30:00.000Z,0
401752764,2025,2025-11-08T21:00:00.000Z,0
401752765,2025,2025-11-15T20:30:00.000Z,0
401752766,2025,2025-11-16T00:30:00.000Z,0
401752767,2025,2025-11-15T18:30:00.000Z,0
401752768,2025,2025-11-15T17:45:00.000Z,0
401752769,2025,2025-11-16T00:00:00.000Z,0
401752770,2025,2025-11-16T00:45:00.000Z,0
401752771,2025,2025-11-15T21:15:00.000Z,0
401752772,2025,2025-11-15T17:00:00.000Z,0
401752773,2025,2025-11-22T19:00:00.000Z,0
401752774,2025,2025-11-22T19:00:00.000Z,0
401752775,2025,2025-11-23T00:30:00.000Z,0
401752776,2025,2025-11-22T17:45:00.000Z,0
401752777,2025,2025-11-23T00:45:00.000Z,0
401752778,2025,2025-11-22T17:00:00.000Z,0
401752779,2025,2025-11-22T21:15:00.000Z,0
401752780,2025,2025-11-22T20:30:00.000Z,0
401752781,2025,2025-11-22T17:00:00.000Z,0
401752782,2025,2025-11-22T20:30:00.000Z,0
401752783,2025,2025-11-29T20:30:00.000Z,0
401752784,2025,2025-11-30T00:30:00.000Z,0
401752785,2025,2025-11-29T21:30:00.000Z,0
401752786,2025,2025-11-28T20:30:00.000Z,0
401752787,2025,2025-11-29T17:00:00.000Z,0
401752788,2025,2025-11-28T17:00:00.000Z,0
401752789,2025,2025-11-29T20:30:00.000Z,0
401752790,2025,2025-11-29T17:00:00.000Z,0
401752791,2025,2025-11-29T20:30:00.000Z,0
401752792,2025,2025-11-29T00:30:00.000Z,0
401752793,2025,2025-08-29T00:00:00.000Z,0
401752794,2025,2025-08-28T22:00:00.000Z,0
401752795,2025,2025-08-29T23:30:00.000Z,0
401752796,2025,2025-08-29T01:00:00.000Z,0
401752797,2025,2025-08-30T16:00:00.000Z,0
401752798,2025,2025-08-30T23:30:00.000Z,0
401752799,2025,2025-08-30T22:00:00.000Z,0
401752800,2025,2025-08-31T03:00:00.000Z,0
401752801,2025,2025-08-30T16:00:00.000Z,0
401752802,2025,2025-08-29T23:00:00.000Z,0
401752803,2025,2025-08-30T16:00:00.000Z,0
401752804,2025,2025-08-30T20:00:00.000Z,0
401752805,2025,2025-08-31T03:00:00.000Z,0
401752806,2025,2025-08-30T18:30:00.000Z,0
401752807,2025,2025-08-30T19:30:00.000Z,0
401752808,2025,2025-08-30T23:30:00.000Z,0
401752810,2025,2025-09-06T23:30:00.000Z,0
401752811,2025,2025-09-06T16:00:00.000Z,0
401752812,2025,2025-09-06T16:00:00.000Z,0
401752813,2025,2025-09-06T16:00:00.000Z,0
401752814,2025,2025-09-06T23:30:00.000Z,0
401752815,2025,2025-09-06T19:30:00.000Z,0
401752816,2025,2025-09-06T23:30:00.000Z,0
401752817,2025,2025-09-05T23:30:00.000Z,0
401752818,2025,2025-09-06T19:30:00.000Z,0
401752819,2025,2025-09-06T23:30:00.000Z,0
401752820,2025,2025-09-06T20:00:00.000Z,0
401752821,2025,2025-09-07T03:00:00.000Z,0
401752822,2025,2025-09-06T16:00:00.000Z,0
401752823,2025,2025-09-07T00:00:00.000Z,0
401752824,2025,2025-09-06T19:30:00.000Z,0
401752825,2025,2025-09-06T16:00:00.000Z,0
401752826,2025,2025-09-05T23:30:00.000Z,0
401752827,2025,2025-09-13T23:00:00.000Z,0
401752828,2025,2025-09-13T16:00:00.000Z,0
401752829,2025,2025-09-13T23:00:00.000Z,0
401752830,2025,2025-09-13T23:30:00.000Z,0
401752831,2025,2025-09-13T16:00:00.000Z,0
401752832,2025,2025-09-13T19:30:00.000Z,0
401752833,2025,2025-09-13T19:30:00.000Z,0
401752834,2025,2025-09-13T19:30:00.000Z,0
401752835,2025,2025-09-13T19:30:00.000Z,0
401752836,2025,2025-09-12T22:30:00.000Z,0
401752837,2025,2025-09-13T02:00:00.000Z,0
401752838,2025,2025-09-13T16:00:00.000Z,0
401752839,2025,2025-09-13T16:00:00.000Z,0
401752840,2025,2025-09-14T02:30:00.000Z,0
401752841,2025,2025-09-20T19:00:00.000Z,0
401752842,2025,2025-09-20T23:30:00.000Z,0
401752843,2025,2025-09-20T23:30:00.000Z,0
401752844,2025,2025-09-20T00:00:00.000Z,0
401752845,2025,2025-09-20T16:00:00.000Z,0
401752846,2025,2025-09-20T19:30:00.000Z,0
401752847,2025,2025-09-21T03:00:00.000Z,0
401752848,2025,2025-09-20T19:30:00.000Z,0
401752849,2025,2025-09-27T16:00:00.000Z,0
401752850,2025,2025-09-27T16:00:00.000Z,0
401752851,2025,2025-09-27T19:30:00.000Z,0
401752852,2025,2025-09-27T19:30:00.000Z,0
401752853,2025,2025-09-27T19:30:00.000Z,0
401752854,2025,2025-09-27T23:30:00.000Z,0
401752855,2025,2025-10-04T19:30:00.000Z,0
401752856,2025,2025-10-04T16:00:00.000Z,0
401752857,2025,2025-10-04T19:30:00.000Z,0
401752858,2025,2025-10-04T19:30:00.000Z,0
401752859,2025,2025-10-04T23:30:00.000Z,0
401752860,2025,2025-10-04T20:00:00.000Z,0
401752861,2025,2025-10-04T16:00:00.000Z,0
401752862,2025,2025-10-11T01:00:00.000Z,0
401752863,2025,2025-10-11T16:00:00.000Z,0
401752864,2025,2025-10-11T23:30:00.000Z,0
401752865,2025,2025-10-11T16:00:00.000Z,0
401752866,2025,2025-10-11T19:30:00.000Z,0
401752867,2025,2025-10-11T19:30:00.000Z,0
401752868,2025,2025-10-11T23:30:00.000Z,0
401752869,2025,2025-10-11T23:00:00.000Z,0
401752870,2025,2025-10-11T19:30:00.000Z,0
401752871,2025,2025-10-18T23:30:00.000Z,0
401752872,2025,2025-10-18T00:00:00.000Z,0
401752873,2025,2025-10-18T16:00:00.000Z,0
401752874,2025,2025-10-18T19:00:00.000Z,0
401752875,2025,2025-10-18T23:00:00.000Z,0
401752876,2025,2025-10-18T22:30:00.000Z,0
401752877,2025,2025-10-18T19:30:00.000Z,0
401752878,2025,2025-10-18T19:30:00.000Z,0
401752879,2025,2025-10-18T23:00:00.000Z,0
401752880,2025,2025-10-25T19:30:00.000Z,0
401752881,2025,2025-10-25T23:30:00.000Z,0
401752882,2025,2025-10-25T19:30:00.000Z,0
401752883,2025,2025-10-25T16:00:00.000Z,0
401752884,2025,2025-10-25T16:00:00.000Z,0
401752885,2025,2025-10-25T16:00:00.000Z,0
401752886,2025,2025-10-25T23:00:00.000Z,0
401752887,2025,2025-11-01T19:30:00.000Z,0
401752888,2025,2025-11-01T19:30:00.000Z,0
401752889,2025,2025-11-01T16:00:00.000Z,0
401752890,2025,2025-11-01T23:00:00.000Z,0
401752891,2025,2025-11-01T16:00:00.000Z,0
401752892,2025,2025-11-01T23:30:00.000Z,0
401752893,2025,2025-11-08T17:00:00.000Z,0
401752894,2025,2025-11-08T19:30:00.000Z,0
401752895,2025,2025-11-09T02:00:00.000Z,0
401752896,2025,2025-11-08T02:00:00.000Z,0
401752897,2025,2025-11-08T18:00:00.000Z,0
401752898,2025,2025-11-08T20:30:00.000Z,0
401752899,2025,2025-11-08T21:30:00.000Z,0
401752900,2025,2025-11-16T00:30:00.000Z,0
401752901,2025,2025-11-15T17:00:00.000Z,0
401752902,2025,2025-11-16T00:00:00.000Z,0
401752903,2025,2025-11-15T20:30:00.000Z,0
401752904,2025,2025-11-15T02:00:00.000Z,0
401752905,2025,2025-11-15T17:00:00.000Z,0
401752906,2025,2025-11-15T20:30:00.000Z,0
401752907,2025,2025-11-15T20:30:00.000Z,0
401752908,2025,2025-11-23T00:00:00.000Z,0
401752909,2025,2025-11-22T17:00:00.000Z,0
401752910,2025,2025-11-23T03:30:00.000Z,0
401752911,2025,2025-11-22T20:30:00.000Z,0
401752912,2025,2025-11-22T17:00:00.000Z,0
401752913,2025,2025-11-22T20:30:00.000Z,0
401752914,2025,2025-11-22T21:00:00.000Z,0
401752915,2025,2025-11-23T00:30:00.000Z,0
401752916,2025,2025-11-28T17:00:00.000Z,0
401752917,2025,2025-11-29T20:30:00.000Z,0
401752918,2025,2025-11-29T20:30:00.000Z,0
401752919,2025,2025-11-30T00:30:00.000Z,0
401752920,2025,2025-11-29T20:30:00.000Z,0
401752921,2025,2025-11-29T17:00:00.000Z,0
401752922,2025,2025-11-30T00:30:00.000Z,0
401752923,2025,2025-11-30T00:00:00.000Z,0
401752924,2025,2025-11-29T00:30:00.000Z,0
401752936,2025,2025-08-31T02:30:00.000Z,0
401752937,2025,2025-09-06T19:30:00.000Z,0
401752938,2025,2025-09-13T19:30:00.000Z,0
401752939,2025,2025-09-27T02:30:00.000Z,0
401752940,2025,2025-10-04T19:30:00.000Z,0
401752941,2025,2025-10-19T02:00:00.000Z,0
401752942,2025,2025-10-25T16:00:00.000Z,0
401752943,2025,2025-11-01T23:30:00.000Z,0
401752944,2025,2025-11-09T03:00:00.000Z,0
401752945,2025,2025-11-15T18:00:00.000Z,0
401752946,2025,2025-11-29T23:30:00.000Z,0
401752947,2025,2025-08-31T02:00:00.000Z,0
401752948,2025,2025-09-07T02:15:00.000Z,0
401752949,2025,2025-09-13T19:30:00.000Z,0
401752950,2025,2025-09-27T23:30:00.000Z,0
401752951,2025,2025-10-18T22:30:00.000Z,0
401752952,2025,2025-10-25T19:30:00.000Z,0
401752953,2025,2025-11-16T03:00:00.000Z,0
401752954,2025,2025-11-22T18:00:00.000Z,0
401754371,2025,2025-10-18T02:30:00.000Z,0
401754372,2025,2025-10-24T23:30:00.000Z,0
401754373,2025,2025-08-28T23:00:00.000Z,0
401754374,2025,2025-08-29T23:00:00.000Z,0
401754375,2025,2025-08-30T00:00:00.000Z,0
401754516,2025,2025-08-23T23:30:00.000Z,0
401754517,2025,2025-08-28T23:30:00.000Z,0
401754518,2025,2025-08-30T18:00:00.000Z,0
401754519,2025,2025-08-30T19:00:00.000Z,0
401754520,2025,2025-08-30T16:00:00.000Z,0
401754521,2025,2025-08-31T01:00:00.000Z,0
401754522,2025,2025-08-31T23:30:00.000Z,0
401754523,2025,2025-09-02T00:00:00.000Z,0
401754524,2025,2025-09-06T16:00:00.000Z,0
401754525,2025,2025-09-06T16:00:00.000Z,0
401754526,2025,2025-09-07T02:15:00.000Z,0
401754527,2025,2025-09-06T23:00:00.000Z,0
401754528,2025,2025-09-05T23:00:00.000Z,0
401754529,2025,2025-09-06T16:00:00.000Z,0
401754530,2025,2025-09-06T22:00:00.000Z,0
401754531,2025,2025-09-11T23:30:00.000Z,0
401754532,2025,2025-09-12T23:00:00.000Z,0
401754533,2025,2025-09-14T02:30:00.000Z,0
401754534,2025,2025-09-14T00:00:00.000Z,0
401754535,2025,2025-09-13T20:30:00.000Z,0
401754536,2025,2025-09-13T23:00:00.000Z,0
401754537,2025,2025-09-20T16:00:00.000Z,0
401754538,2025,2025-09-20T20:00:00.000Z,0
401754539,2025,2025-09-20T23:30:00.000Z,0
401754540,2025,2025-09-21T02:30:00.000Z,0
401754541,2025,2025-09-20T19:30:00.000Z,0
401754542,2025,2025-09-20T20:30:00.000Z,0
401754543,2025,2025-09-26T23:00:00.000Z,0
401754544,2025,2025-09-27T19:30:00.000Z,0
401754545,2025,2025-09-27T16:00:00.000Z,0
401754546,2025,2025-09-27T16:00:00.000Z,0
401754547,2025,2025-09-27T16:00:00.000Z,0
401754548,2025,2025-09-27T23:00:00.000Z,0
401754549,2025,2025-09-27T23:30:00.000Z,0
401754550,2025,2025-10-04T16:00:00.000Z,0
401754551,2025,2025-10-05T02:30:00.000Z,0
401754552,2025,2025-10-04T16:00:00.000Z,0
401754553,2025,2025-10-04T23:30:00.000Z,0
401754554,2025,2025-10-04T19:30:00.000Z,0
401754555,2025,2025-10-04T19:30:00.000Z,0
401754556,2025,2025-10-04T17:00:00.000Z,0
401754557,2025,2025-10-04T18:00:00.000Z,0
401754558,2025,2025-10-11T23:30:00.000Z,0
401754559,2025,2025-10-11T16:00:00.000Z,0
401754560,2025,2025-10-11T19:30:00.000Z,0
401754561,2025,2025-10-11T16:00:00.000Z,0
401754562,2025,2025-10-11T19:30:00.000Z,0
401754563,2025,2025-10-11T19:30:00.000Z,0
401754564,2025,2025-10-17T23:00:00.000Z,0
401754565,2025,2025-10-18T19:30:00.000Z,0
401754566,2025,2025-10-18T16:00:00.000Z,0
401754567,2025,2025-10-19T02:30:00.000Z,0
401754568,2025,2025-10-18T23:30:00.000Z,0
401754569,2025,2025-10-18T16:00:00.000Z,0
401754570,2025,2025-10-25T23:30:00.000Z,0
401754571,2025,2025-10-25T16:00:00.000Z,0
401754572,2025,2025-10-25T23:00:00.000Z,0
401754573,2025,2025-10-25T16:00:00.000Z,0
401754574,2025,2025-10-25T19:30:00.000Z,0
401754575,2025,2025-10-31T23:30:00.000Z,0
401754576,2025,2025-11-01T19:45:00.000Z,0
401754577,2025,2025-11-01T16:00:00.000Z,0
401754578,2025,2025-11-01T23:30:00.000Z,0
401754579,2025,2025-11-01T23:30:00.000Z,0
401754580,2025,2025-11-01T19:00:00.000Z,0
401754581,2025,2025-11-01T16:00:00.000Z,0
401754582,2025,2025-11-01T19:30:00.000Z,0
401754583,2025,2025-11-01T19:30:00.000Z,0
401754584,2025,2025-11-08T17:00:00.000Z,0
401754585,2025,2025-11-09T00:00:00.000Z,0
401754586,2025,2025-11-09T00:00:00.000Z,0
401754587,2025,2025-11-08T20:30:00.000Z,0
401754588,2025,2025-11-08T21:30:00.000Z,0
401754589,2025,2025-11-09T00:00:00.000Z,0
401754590,2025,2025-11-08T20:30:00.000Z,0
401754591,2025,2025-11-15T00:30:00.000Z,0
401754592,2025,2025-11-15T20:30:00.000Z,0
401754593,2025,2025-11-15T20:30:00.000Z,0
401754594,2025,2025-11-16T00:30:00.000Z,0
401754595,2025,2025-11-15T20:30:00.000Z,0
401754596,2025,2025-11-15T21:30:00.000Z,0
401754597,2025,2025-11-15T17:00:00.000Z,0
401754598,2025,2025-11-22T01:00:00.000Z,0
401754599,2025,2025-11-23T00:30:00.000Z,0
401754600,2025,2025-11-22T20:30:00.000Z,0
401754601,2025,2025-11-23T00:00:00.000Z,0
401754602,2025,2025-11-22T17:00:00.000Z,0
401754603,2025,2025-11-22T17:00:00.000Z,0
401754604,2025,2025-11-22T20:30:00.000Z,0
401754605,2025,2025-11-22T21:30:00.000Z,0
401754606,2025,2025-11-22T17:00:00.000Z,0
401754608,2025,2025-11-29T20:00:00.000Z,0
401754609,2025,2025-11-30T01:00:00.000Z,0
401754610,2025,2025-11-29T20:30:00.000Z,0
401754611,2025,2025-11-29T17:00:00.000Z,0
401754612,2025,2025-11-30T00:30:00.000Z,0
401754613,2025,2025-11-30T00:00:00.000Z,0
401754614,2025,2025-11-30T03:30:00.000Z,0
401754615,2025,2025-09-13T19:30:00.000Z,0
401754616,2025,2025-08-30T22:00:00.000Z,0
401754617,2025,2025-09-20T16:00:00.000Z,0
401754618,2025,2025-09-06T16:00:00.000Z,0
401754619,2025,2025-09-13T16:00:00.000Z,0
401754620,2025,2025-09-06T18:00:00.000Z,0
401754621,2025,2025-09-06T16:00:00.000Z,0
401754622,2025,2025-09-06T19:30:00.000Z,0
401754623,2025,2025-09-13T16:00:00.000Z,0
401754636,2025,2025-09-20T16:00:00.000Z,0
401754637,2025,2025-09-06T19:30:00.000Z,0
401754638,2025,2025-09-13T19:30:00.000Z,0
401754639,2025,2025-09-13T19:30:00.000Z,0
401754640,2025,2025-09-20T19:30:00.000Z,0
401754641,2025,2025-09-06T23:00:00.000Z,0
401754642,2025,2025-09-20T16:00:00.000Z,0
401756846,2025,2025-08-23T16:00:00.000Z,0
401756847,2025,2025-08-23T22:30:00.000Z,0
401756848,2025,2025-08-28T23:00:00.000Z,0
401756849,2025,2025-08-31T02:30:00.000Z,0
401756850,2025,2025-08-31T02:00:00.000Z,0
401756851,2025,2025-08-31T00:00:00.000Z,0
401756852,2025,2025-08-29T00:00:00.000Z,0
401756853,2025,2025-08-30T19:30:00.000Z,0
401756854,2025,2025-08-29T23:30:00.000Z,0
401756855,2025,2025-08-30T23:00:00.000Z,0
401756876,2025,2025-08-28T23:30:00.000Z,0
401756877,2025,2025-08-30T23:30:00.000Z,0
401756878,2025,2025-08-30T18:00:00.000Z,0
401756879,2025,2025-09-07T02:00:00.000Z,0
401756880,2025,2025-09-06T19:30:00.000Z,0
401756881,2025,2025-09-06T19:30:00.000Z,0
401756882,2025,2025-09-06T23:00:00.000Z,0
401756883,2025,2025-09-06T20:00:00.000Z,0
401756884,2025,2025-09-06T23:00:00.000Z,0
401756885,2025,2025-09-06T16:00:00.000Z,0
401756886,2025,2025-09-06T23:00:00.000Z,0
401756887,2025,2025-09-06T22:00:00.000Z,0
401756888,2025,2025-09-13T01:00:00.000Z,0
401756889,2025,2025-09-14T02:30:00.000Z,0
401756890,2025,2025-09-13T20:00:00.000Z,0
401756891,2025,2025-09-13T16:00:00.000Z,0
401756892,2025,2025-09-13T19:30:00.000Z,0
401756893,2025,2025-09-12T23:30:00.000Z,0
401756894,2025,2025-09-14T00:00:00.000Z,0
401756895,2025,2025-09-14T00:00:00.000Z,0
401756896,2025,2025-09-20T23:30:00.000Z,0
401756897,2025,2025-09-21T02:15:00.000Z,0
401756898,2025,2025-09-20T23:30:00.000Z,0
401756899,2025,2025-09-20T22:00:00.000Z,0
401756900,2025,2025-09-19T23:30:00.000Z,0
401756901,2025,2025-09-20T16:00:00.000Z,0
401756902,2025,2025-09-27T01:00:00.000Z,0
401756903,2025,2025-09-28T02:15:00.000Z,0
401756904,2025,2025-09-27T23:00:00.000Z,0
401756905,2025,2025-09-27T16:00:00.000Z,0
401756906,2025,2025-09-27T16:00:00.000Z,0
401756907,2025,2025-09-27T19:30:00.000Z,0
401756908,2025,2025-09-27T19:30:00.000Z,0
401756909,2025,2025-10-04T02:30:00.000Z,0
401756910,2025,2025-10-04T19:00:00.000Z,0
401756911,2025,2025-10-04T16:00:00.000Z,0
401756912,2025,2025-10-04T16:00:00.000Z,0
401756913,2025,2025-10-04T23:00:00.000Z,0
401756914,2025,2025-10-04T23:30:00.000Z,0
401756915,2025,2025-10-04T23:30:00.000Z,0
401756916,2025,2025-10-12T00:00:00.000Z,0
401756917,2025,2025-10-11T16:00:00.000Z,0
401756918,2025,2025-10-11T19:30:00.000Z,0
401756919,2025,2025-10-11T19:30:00.000Z,0
401756920,2025,2025-10-11T16:00:00.000Z,0
401756921,2025,2025-10-11T23:30:00.000Z,0
401756922,2025,2025-10-12T02:15:00.000Z,0
401756923,2025,2025-10-18T20:00:00.000Z,0
401756924,2025,2025-10-19T00:00:00.000Z,0
401756925,2025,2025-10-18T16:00:00.000Z,0
401756926,2025,2025-10-19T00:00:00.000Z,0
401756927,2025,2025-10-18T16:00:00.000Z,0
401756928,2025,2025-10-18T17:00:00.000Z,0
401756929,2025,2025-10-26T00:00:00.000Z,0
401756930,2025,2025-10-25T20:00:00.000Z,0
401756931,2025,2025-10-25T19:30:00.000Z,0
401756932,2025,2025-10-25T16:00:00.000Z,0
401756933,2025,2025-10-25T20:00:00.000Z,0
401756934,2025,2025-10-26T02:15:00.000Z,0
401756935,2025,2025-10-25T22:00:00.000Z,0
401756936,2025,2025-11-01T16:00:00.000Z,0
401756937,2025,2025-11-01T23:00:00.000Z,0
401756938,2025,2025-11-01T16:00:00.000Z,0
401756939,2025,2025-11-01T17:00:00.000Z,0
401756940,2025,2025-11-01T20:00:00.000Z,0
401756941,2025,2025-11-01T19:30:00.000Z,0
401756942,2025,2025-11-02T02:15:00.000Z,0
401756943,2025,2025-11-08T20:30:00.000Z,0
401756944,2025,2025-11-08T20:30:00.000Z,0
401756945,2025,2025-11-08T17:00:00.000Z,0
401756946,2025,2025-11-08T01:00:00.000Z,0
401756947,2025,2025-11-08T17:00:00.000Z,0
401756948,2025,2025-11-15T18:00:00.000Z,0
401756949,2025,2025-11-16T00:00:00.000Z,0
401756950,2025,2025-11-16T03:15:00.000Z,0
401756951,2025,2025-11-15T17:00:00.000Z,0
401756952,2025,2025-11-15T17:00:00.000Z,0
401756953,2025,2025-11-15T20:30:00.000Z,0
401756954,2025,2025-11-22T18:00:00.000Z,0
401756955,2025,2025-11-23T01:00:00.000Z,0
401756956,2025,2025-11-23T01:00:00.000Z,0
401756957,2025,2025-11-22T21:00:00.000Z,0
401756958,2025,2025-11-22T17:00:00.000Z,0
401756959,2025,2025-11-22T21:00:00.000Z,0
401756960,2025,2025-11-22T21:00:00.000Z,0
401756961,2025,2025-11-29T02:00:00.000Z,0
401756962,2025,2025-11-29T17:00:00.000Z,0
401756963,2025,2025-11-29T18:00:00.000Z,0
401756964,2025,2025-11-28T17:00:00.000Z,0
401756965,2025,2025-11-29T17:00:00.000Z,0
401756966,2025,2025-11-29T17:00:00.000Z,0
401756967,2025,2025-11-29T20:30:00.000Z,0
401756968,2025,2025-11-29T17:00:00.000Z,0
401757165,2025,2025-10-04T19:30:00.000Z,0
401757166,2025,2025-11-09T00:30:00.000Z,0
401757167,2025,2025-08-30T18:00:00.000Z,0
401757168,2025,2025-09-13T19:00:00.000Z,0
401757169,2025,2025-09-20T19:30:00.000Z,0
401757170,2025,2025-09-27T19:30:00.000Z,0
401757171,2025,2025-10-04T19:30:00.000Z,0
401757172,2025,2025-10-25T19:00:00.000Z,0
401757173,2025,2025-11-01T16:00:00.000Z,0
401757174,2025,2025-11-15T17:00:00.000Z,0
401757175,2025,2025-11-22T20:00:00.000Z,0
401757218,2025,2025-08-23T23:00:00.000Z,0
401757219,2025,2025-08-28T23:00:00.000Z,0
401757220,2025,2025-08-30T20:00:00.000Z,0
401757221,2025,2025-08-30T23:30:00.000Z,0
401757222,2025,2025-08-30T23:00:00.000Z,0
401757223,2025,2025-08-31T01:00:00.000Z,0
401757224,2025,2025-08-30T01:30:00.000Z,0
401757225,2025,2025-08-30T23:30:00.000Z,0
401757226,2025,2025-08-30T23:00:00.000Z,0
401757227,2025,2025-09-06T16:00:00.000Z,0
401757228,2025,2025-09-06T22:00:00.000Z,0
401757229,2025,2025-09-07T01:00:00.000Z,0
401757230,2025,2025-09-07T03:59:00.000Z,0
401757231,2025,2025-09-07T01:00:00.000Z,0
401757232,2025,2025-09-06T23:00:00.000Z,0
401757233,2025,2025-09-13T22:00:00.000Z,0
401757234,2025,2025-09-13T23:00:00.000Z,0
401757235,2025,2025-09-13T22:00:00.000Z,0
401757256,2025,2025-09-13T21:00:00.000Z,0
401757257,2025,2025-09-13T23:30:00.000Z,0
401757258,2025,2025-09-13T21:00:00.000Z,0
401757259,2025,2025-09-20T22:00:00.000Z,0
401757260,2025,2025-09-20T23:00:00.000Z,0
401757261,2025,2025-09-20T22:00:00.000Z,0
401757262,2025,2025-09-20T19:30:00.000Z,0
401757263,2025,2025-09-20T23:30:00.000Z,0
401757264,2025,2025-09-20T23:00:00.000Z,0
401757265,2025,2025-09-20T23:00:00.000Z,0
401757267,2025,2025-09-21T01:00:00.000Z,0
401757268,2025,2025-09-20T23:00:00.000Z,0
401757269,2025,2025-09-27T23:00:00.000Z,0
401757270,2025,2025-09-27T22:00:00.000Z,0
401757271,2025,2025-09-27T22:00:00.000Z,0
401757272,2025,2025-09-28T01:00:00.000Z,0
401757273,2025,2025-09-27T23:00:00.000Z,0
401757274,2025,2025-09-27T20:00:00.000Z,0
401757275,2025,2025-10-03T01:00:00.000Z,0
401757276,2025,2025-10-03T23:00:00.000Z,0
401757277,2025,2025-10-09T00:00:00.000Z,0
401757278,2025,2025-10-08T23:30:00.000Z,0
401757279,2025,2025-10-10T00:00:00.000Z,0
401757280,2025,2025-10-09T23:00:00.000Z,0
401757281,2025,2025-10-15T00:00:00.000Z,0
401757282,2025,2025-10-14T23:00:00.000Z,0
401757283,2025,2025-10-15T23:00:00.000Z,0
401757284,2025,2025-10-15T23:00:00.000Z,0
401757285,2025,2025-10-21T23:00:00.000Z,0
401757286,2025,2025-10-21T23:30:00.000Z,0
401757287,2025,2025-10-22T23:30:00.000Z,0
401757288,2025,2025-10-23T01:00:00.000Z,0
401757289,2025,2025-10-29T00:00:00.000Z,0
401757290,2025,2025-11-01T00:00:00.000Z,0
401757291,2025,2025-10-30T00:00:00.000Z,0
401757292,2025,2025-10-29T23:30:00.000Z,0
401757293,2025,2025-11-01T19:30:00.000Z,0
401757294,2025,2025-11-01T19:30:00.000Z,0
401757295,2025,2025-11-08T20:00:00.000Z,0
401757296,2025,2025-11-08T20:00:00.000Z,0
401757297,2025,2025-11-08T20:00:00.000Z,0
401757298,2025,2025-11-08T21:00:00.000Z,0
401757299,2025,2025-11-08T18:00:00.000Z,0
401757300,2025,2025-11-16T00:00:00.000Z,0
401757301,2025,2025-11-15T22:00:00.000Z,0
401757302,2025,2025-11-16T01:00:00.000Z,0
401757303,2025,2025-11-15T20:30:00.000Z,0
401757304,2025,2025-11-15T20:00:00.000Z,0
401757305,2025,2025-11-22T20:30:00.000Z,0
401757306,2025,2025-11-22T19:00:00.000Z,0
401757307,2025,2025-11-22T20:00:00.000Z,0
401757308,2025,2025-11-22T20:00:00.000Z,0
401757309,2025,2025-11-22T20:00:00.000Z,0
401757310,2025,2025-11-29T18:00:00.000Z,0
401757311,2025,2025-11-29T18:00:00.000Z,0
401757312,2025,2025-11-29T19:00:00.000Z,0
401757313,2025,2025-11-29T20:30:00.000Z,0
401757314,2025,2025-11-29T19:00:00.000Z,0
401757315,2025,2025-11-29T20:00:00.000Z,0
401760357,2025,2025-08-29T02:00:00.000Z,0
401760358,2025,2025-08-30T02:30:00.000Z,0
401760359,2025,2025-08-30T19:30:00.000Z,0
401760361,2025,2025-08-31T01:30:00.000Z,0
401760363,2025,2025-09-06T01:00:00.000Z,0
401760364,2025,2025-09-06T23:00:00.000Z,0
401760365,2025,2025-09-06T21:00:00.000Z,0
401760366,2025,2025-09-06T19:00:00.000Z,0
401760367,2025,2025-09-06T20:00:00.000Z,0
401760368,2025,2025-09-14T01:45:00.000Z,0
401760369,2025,2025-09-14T02:00:00.000Z,0
401760370,2025,2025-09-14T03:59:00.000Z,0
401760371,2025,2025-08-23T20:00:00.000Z,0
401760372,2025,2025-09-20T23:00:00.000Z,0
401760373,2025,2025-09-21T01:30:00.000Z,0
401760374,2025,2025-09-21T03:59:00.000Z,0
401760375,2025,2025-09-20T21:00:00.000Z,0
401760376,2025,2025-09-20T16:00:00.000Z,0
401760377,2025,2025-09-21T00:00:00.000Z,0
401760378,2025,2025-09-27T20:00:00.000Z,0
401760379,2025,2025-09-27T23:30:00.000Z,0
401760380,2025,2025-09-27T19:30:00.000Z,0
401760381,2025,2025-10-04T16:00:00.000Z,0
401760382,2025,2025-10-04T02:30:00.000Z,0
401760383,2025,2025-10-05T02:30:00.000Z,0
401760384,2025,2025-10-04T02:00:00.000Z,0
401760385,2025,2025-10-04T23:00:00.000Z,0
401760386,2025,2025-10-11T19:30:00.000Z,0
401760387,2025,2025-10-12T01:45:00.000Z,0
401760388,2025,2025-10-11T01:00:00.000Z,0
401760389,2025,2025-10-12T03:59:00.000Z,0
401760390,2025,2025-10-12T02:30:00.000Z,0
401760391,2025,2025-10-11T23:00:00.000Z,0
401760392,2025,2025-10-18T19:30:00.000Z,0
401760393,2025,2025-10-18T19:30:00.000Z,0
401760394,2025,2025-10-18T23:00:00.000Z,0
401760395,2025,2025-10-19T01:45:00.000Z,0
401760396,2025,2025-10-18T01:00:00.000Z,0
401760397,2025,2025-10-25T02:00:00.000Z,0
401760398,2025,2025-10-25T23:30:00.000Z,0
401760399,2025,2025-10-25T19:30:00.000Z,0
401760400,2025,2025-10-25T19:00:00.000Z,0
401760401,2025,2025-11-01T16:00:00.000Z,0
401760402,2025,2025-11-01T19:30:00.000Z,0
401760403,2025,2025-11-02T02:30:00.000Z,0
401760404,2025,2025-11-01T19:00:00.000Z,0
401760405,2025,2025-11-01T23:00:00.000Z,0
401760406,2025,2025-11-08T23:00:00.000Z,0
401760407,2025,2025-11-09T02:30:00.000Z,0
401760408,2025,2025-11-09T04:00:00.000Z,0
401760409,2025,2025-11-09T00:30:00.000Z,0
401760410,2025,2025-11-16T03:30:00.000Z,0
401760411,2025,2025-11-15T20:00:00.000Z,0
401760412,2025,2025-11-16T03:30:00.000Z,0
401760413,2025,2025-11-15T20:30:00.000Z,0
401760414,2025,2025-11-16T00:00:00.000Z,0
401760415,2025,2025-11-23T00:00:00.000Z,0
401760416,2025,2025-11-23T00:00:00.000Z,0
401760417,2025,2025-11-23T03:30:00.000Z,0
401760418,2025,2025-11-22T03:30:00.000Z,0
401760419,2025,2025-11-22T19:00:00.000Z,0
401760420,2025,2025-11-23T03:30:00.000Z,0
401760421,2025,2025-11-28T20:00:00.000Z,0
401760422,2025,2025-11-28T21:00:00.000Z,0
401760423,2025,2025-11-30T03:30:00.000Z,0
401760424,2025,2025-11-30T04:00:00.000Z,0
401760425,2025,2025-11-30T02:00:00.000Z,0
401760426,2025,2025-11-28T20:30:00.000Z,0
401761588,2025,2025-08-28T23:00:00.000Z,0
401761589,2025,2025-08-29T23:00:00.000Z,0
401761590,2025,2025-08-30T22:00:00.000Z,0
401761591,2025,2025-08-30T23:00:00.000Z,0
401761592,2025,2025-08-31T00:00:00.000Z,0
401761593,2025,2025-08-30T23:00:00.000Z,0
401761594,2025,2025-08-31T00:00:00.000Z,0
401761595,2025,2025-08-30T23:00:00.000Z,0
401761596,2025,2025-09-06T19:30:00.000Z,0
401761597,2025,2025-09-06T23:30:00.000Z,0
401761598,2025,2025-09-06T23:00:00.000Z,0
401761599,2025,2025-09-06T22:00:00.000Z,0
401761600,2025,2025-09-07T00:00:00.000Z,0
401761601,2025,2025-09-06T23:00:00.000Z,0
401761602,2025,2025-09-06T21:00:00.000Z,0
401761603,2025,2025-09-06T19:30:00.000Z,0
401761604,2025,2025-09-13T23:30:00.000Z,0
401761605,2025,2025-09-13T23:00:00.000Z,0
401761606,2025,2025-09-13T22:00:00.000Z,0
401761607,2025,2025-09-13T23:00:00.000Z,0
401761608,2025,2025-09-13T16:00:00.000Z,0
401761609,2025,2025-09-20T23:00:00.000Z,0
401761610,2025,2025-09-20T19:30:00.000Z,0
401761611,2025,2025-09-20T23:00:00.000Z,0
401761612,2025,2025-09-21T00:00:00.000Z,0
401761613,2025,2025-09-20T19:30:00.000Z,0
401761614,2025,2025-09-27T17:30:00.000Z,0
401761615,2025,2025-09-28T00:00:00.000Z,0
401761616,2025,2025-09-27T19:00:00.000Z,0
401761617,2025,2025-09-27T16:00:00.000Z,0
401761618,2025,2025-10-04T19:30:00.000Z,0
401761619,2025,2025-10-04T22:00:00.000Z,0
401761620,2025,2025-10-04T20:00:00.000Z,0
401761621,2025,2025-10-04T23:00:00.000Z,0
401761622,2025,2025-10-10T00:00:00.000Z,0
401761623,2025,2025-10-11T23:00:00.000Z,0
401761624,2025,2025-10-11T19:30:00.000Z,0
401761625,2025,2025-10-11T16:00:00.000Z,0
401761626,2025,2025-10-11T19:30:00.000Z,0
401761627,2025,2025-10-12T00:00:00.000Z,0
401761628,2025,2025-10-14T23:30:00.000Z,0
401761629,2025,2025-10-18T19:30:00.000Z,0
401761630,2025,2025-10-18T23:00:00.000Z,0
401761631,2025,2025-10-18T19:30:00.000Z,0
401761632,2025,2025-10-18T19:30:00.000Z,0
401761633,2025,2025-10-18T19:00:00.000Z,0
401761634,2025,2025-10-23T23:30:00.000Z,0
401761635,2025,2025-10-25T16:00:00.000Z,0
401761636,2025,2025-10-25T23:00:00.000Z,0
401761637,2025,2025-10-25T19:30:00.000Z,0
401761638,2025,2025-10-25T23:00:00.000Z,0
401761639,2025,2025-10-29T00:00:00.000Z,0
401761640,2025,2025-10-30T23:30:00.000Z,0
401761641,2025,2025-11-01T19:30:00.000Z,0
401761642,2025,2025-11-01T19:30:00.000Z,0
401761643,2025,2025-11-02T00:00:00.000Z,0
401761644,2025,2025-11-07T00:30:00.000Z,0
401761645,2025,2025-11-08T21:00:00.000Z,0
401761646,2025,2025-11-08T17:00:00.000Z,0
401761647,2025,2025-11-08T17:00:00.000Z,0
401761648,2025,2025-11-08T22:00:00.000Z,0
401761649,2025,2025-11-14T00:30:00.000Z,0
401761650,2025,2025-11-15T23:00:00.000Z,0
401761651,2025,2025-11-15T19:00:00.000Z,0
401761652,2025,2025-11-15T20:30:00.000Z,0
401761653,2025,2025-11-15T20:30:00.000Z,0
401761654,2025,2025-11-15T20:30:00.000Z,0
401761655,2025,2025-11-21T00:30:00.000Z,0
401761656,2025,2025-11-22T19:30:00.000Z,0
401761657,2025,2025-11-22T18:00:00.000Z,0
401761658,2025,2025-11-22T20:30:00.000Z,0
401761659,2025,2025-11-22T22:00:00.000Z,0
401761660,2025,2025-11-22T21:00:00.000Z,0
401761661,2025,2025-11-29T19:30:00.000Z,0
401761662,2025,2025-11-29T20:45:00.000Z,0
401761663,2025,2025-11-29T18:30:00.000Z,0
401761664,2025,2025-11-29T19:00:00.000Z,0
401761665,2025,2025-11-29T20:00:00.000Z,0
401761666,2025,2025-11-29T20:30:00.000Z,0
401761667,2025,2025-11-29T20:00:00.000Z,0
401761668,2025,2025-10-18T21:00:00.000Z,0
401762430,2025,2025-08-29T00:30:00.000Z,0
401762432,2025,2025-08-29T22:00:00.000Z,0
401762433,2025,2025-08-30T20:30:00.000Z,0
401762434,2025,2025-08-30T16:00:00.000Z,0
401762435,2025,2025-08-31T00:00:00.000Z,0
401762441,2025,2025-11-29T20:30:00.000Z,0
401762442,2025,2025-11-28T20:30:00.000Z,0
401762443,2025,2025-10-30T23:30:00.000Z,0
401762456,2025,2025-08-30T19:30:00.000Z,0
401762457,2025,2025-08-31T00:00:00.000Z,0
401762458,2025,2025-09-06T19:30:00.000Z,0
401762459,2025,2025-09-06T22:00:00.000Z,0
401762460,2025,2025-09-06T22:00:00.000Z,0
401762461,2025,2025-09-06T19:30:00.000Z,0
401762462,2025,2025-09-06T18:00:00.000Z,0
401762463,2025,2025-09-14T00:30:00.000Z,0
401762464,2025,2025-09-13T22:00:00.000Z,0
401762465,2025,2025-09-14T00:00:00.000Z,0
401762466,2025,2025-09-13T23:00:00.000Z,0
401762467,2025,2025-09-13T19:30:00.000Z,0
401762468,2025,2025-09-18T23:30:00.000Z,0
401762469,2025,2025-09-20T16:00:00.000Z,0
401762470,2025,2025-09-20T16:00:00.000Z,0
401762471,2025,2025-09-25T23:30:00.000Z,0
401762472,2025,2025-09-27T23:00:00.000Z,0
401762473,2025,2025-09-27T19:30:00.000Z,0
401762474,2025,2025-09-27T20:00:00.000Z,0
401762475,2025,2025-10-03T23:00:00.000Z,0
401762476,2025,2025-10-04T16:00:00.000Z,0
401762477,2025,2025-10-04T23:00:00.000Z,0
401762478,2025,2025-10-05T00:00:00.000Z,0
401762479,2025,2025-10-04T17:00:00.000Z,0
401762480,2025,2025-10-09T23:30:00.000Z,0
401762481,2025,2025-10-10T23:30:00.000Z,0
401762482,2025,2025-10-11T22:00:00.000Z,0
401762483,2025,2025-10-11T16:00:00.000Z,0
401762484,2025,2025-10-11T20:00:00.000Z,0
401762485,2025,2025-10-11T23:30:00.000Z,0
401762486,2025,2025-10-16T23:30:00.000Z,0
401762487,2025,2025-10-18T20:00:00.000Z,0
401762488,2025,2025-10-18T16:00:00.000Z,0
401762489,2025,2025-10-18T19:30:00.000Z,0
401762490,2025,2025-10-18T23:30:00.000Z,0
401762491,2025,2025-10-18T19:30:00.000Z,0
401762492,2025,2025-10-24T23:00:00.000Z,0
401762493,2025,2025-10-25T19:30:00.000Z,0
401762494,2025,2025-10-25T16:00:00.000Z,0
401762495,2025,2025-10-25T19:30:00.000Z,0
401762497,2025,2025-10-31T23:00:00.000Z,0
401762498,2025,2025-11-01T18:00:00.000Z,0
401762499,2025,2025-11-01T16:00:00.000Z,0
401762500,2025,2025-11-07T00:30:00.000Z,0
401762501,2025,2025-11-08T02:00:00.000Z,0
401762502,2025,2025-11-08T19:00:00.000Z,0
401762503,2025,2025-11-08T17:00:00.000Z,0
401762504,2025,2025-11-08T20:00:00.000Z,0
401762505,2025,2025-11-08T20:00:00.000Z,0
401762506,2025,2025-11-15T19:00:00.000Z,0
401762507,2025,2025-11-15T17:00:00.000Z,0
401762508,2025,2025-11-15T21:00:00.000Z,0
401762509,2025,2025-11-15T21:00:00.000Z,0
401762510,2025,2025-11-15T17:00:00.000Z,0
401762511,2025,2025-11-22T20:00:00.000Z,0
401762512,2025,2025-11-22T17:00:00.000Z,0
401762513,2025,2025-11-22T20:30:00.000Z,0
401762514,2025,2025-11-23T00:30:00.000Z,0
401762515,2025,2025-11-22T20:45:00.000Z,0
401762516,2025,2025-11-28T00:30:00.000Z,0
401762517,2025,2025-11-29T20:00:00.000Z,0
401762518,2025,2025-11-30T00:30:00.000Z,0
401762519,2025,2025-11-29T17:00:00.000Z,0
401762520,2025,2025-11-30T00:00:00.000Z,0
401762521,2025,2025-12-13T20:00:00.000Z,0
401762522,2025,2025-08-28T21:30:00.000Z,0
401762789,2025,2025-08-28T23:00:00.000Z,0
401762790,2025,2025-08-28T22:00:00.000Z,0
401762791,2025,2025-08-29T01:00:00.000Z,0
401762792,2025,2025-08-30T16:00:00.000Z,0
401762793,2025,2025-08-30T19:30:00.000Z,0
401762794,2025,2025-09-06T19:30:00.000Z,0
401762795,2025,2025-09-06T23:00:00.000Z,0
401762816,2025,2025-09-06T19:30:00.000Z,0
401762817,2025,2025-09-13T16:00:00.000Z,0
401762818,2025,2025-09-13T18:00:00.000Z,0
401762819,2025,2025-09-13T19:30:00.000Z,0
401762820,2025,2025-09-20T19:30:00.000Z,0
401762821,2025,2025-09-20T22:00:00.000Z,0
401762822,2025,2025-09-20T17:00:00.000Z,0
401762823,2025,2025-09-20T19:30:00.000Z,0
401762824,2025,2025-09-27T19:30:00.000Z,0
401762825,2025,2025-09-27T16:00:00.000Z,0
401762826,2025,2025-09-27T17:00:00.000Z,0
401762827,2025,2025-09-27T19:30:00.000Z,0
401762828,2025,2025-09-27T22:30:00.000Z,0
401762829,2025,2025-10-04T19:30:00.000Z,0
401762830,2025,2025-10-04T16:00:00.000Z,0
401762831,2025,2025-10-04T19:30:00.000Z,0
401762832,2025,2025-10-04T18:30:00.000Z,0
401762833,2025,2025-10-11T16:00:00.000Z,0
401762834,2025,2025-10-11T19:30:00.000Z,0
401762835,2025,2025-10-11T16:00:00.000Z,0
401762836,2025,2025-10-11T17:00:00.000Z,0
401762837,2025,2025-10-11T18:30:00.000Z,0
401762838,2025,2025-10-18T19:30:00.000Z,0
401762839,2025,2025-10-18T16:00:00.000Z,0
401762840,2025,2025-10-18T18:30:00.000Z,0
401762841,2025,2025-10-18T16:00:00.000Z,0
401762842,2025,2025-10-18T18:00:00.000Z,0
401762843,2025,2025-10-18T19:30:00.000Z,0
401762844,2025,2025-10-25T17:00:00.000Z,0
401762845,2025,2025-10-25T19:30:00.000Z,0
401762846,2025,2025-10-25T16:00:00.000Z,0
401762847,2025,2025-10-25T19:30:00.000Z,0
401762848,2025,2025-10-25T16:00:00.000Z,0
401762849,2025,2025-11-01T16:00:00.000Z,0
401762850,2025,2025-11-01T20:00:00.000Z,0
401762851,2025,2025-11-05T00:00:00.000Z,0
401762852,2025,2025-11-05T00:00:00.000Z,0
401762853,2025,2025-11-06T00:00:00.000Z,0
401762854,2025,2025-11-06T00:00:00.000Z,0
401762855,2025,2025-11-08T18:00:00.000Z,0
401762856,2025,2025-11-12T00:30:00.000Z,0
401762857,2025,2025-11-12T01:00:00.000Z,0
401762858,2025,2025-11-13T00:00:00.000Z,0
401762859,2025,2025-11-13T00:00:00.000Z,0
401762860,2025,2025-11-13T00:00:00.000Z,0
401762861,2025,2025-11-15T17:00:00.000Z,0
401762862,2025,2025-11-19T00:00:00.000Z,0
401762863,2025,2025-11-19T00:00:00.000Z,0
401762864,2025,2025-11-19T00:00:00.000Z,0
401762865,2025,2025-11-20T00:00:00.000Z,0
401762866,2025,2025-11-20T00:00:00.000Z,0
401762867,2025,2025-11-22T19:00:00.000Z,0
401762868,2025,2025-11-25T21:30:00.000Z,0
401762869,2025,2025-11-26T00:30:00.000Z,0
401762870,2025,2025-11-28T17:00:00.000Z,0
401762871,2025,2025-11-28T17:00:00.000Z,0
401762872,2025,2025-11-29T17:00:00.000Z,0
401762873,2025,2025-10-04T19:30:00.000Z,0
401762874,2025,2025-10-25T19:30:00.000Z,0
401762875,2025,2025-11-29T17:00:00.000Z,0
401766643,2025,2025-09-05T00:00:00.000Z,0
401766644,2025,2025-09-06T17:00:00.000Z,0
401766645,2025,2025-09-06T18:00:00.000Z,0
401766646,2025,2025-09-06T18:00:00.000Z,0
401766648,2025,2025-09-06T23:00:00.000Z,0
401766649,2025,2025-09-07T00:00:00.000Z,0
401766650,2025,2025-09-06T23:00:00.000Z,0
401766651,2025,2025-09-07T00:00:00.000Z,0
401766652,2025,2025-09-06T17:00:00.000Z,0
401766653,2025,2025-09-13T18:00:00.000Z,0
401766654,2025,2025-09-13T18:00:00.000Z,0
401766655,2025,2025-09-13T18:00:00.000Z,0
401766656,2025,2025-09-13T18:00:00.000Z,0
401766657,2025,2025-09-13T18:00:00.000Z,0
401766658,2025,2025-09-13T19:00:00.000Z,0
401766659,2025,2025-09-13T17:00:00.000Z,0
401766660,2025,2025-09-13T17:30:00.000Z,0
401766661,2025,2025-09-13T17:00:00.000Z,0
401766662,2025,2025-09-13T17:00:00.000Z,0
401766663,2025,2025-09-20T18:00:00.000Z,0
401766664,2025,2025-09-20T18:00:00.000Z,0
401766665,2025,2025-09-20T18:00:00.000Z,0
401766666,2025,2025-09-20T18:00:00.000Z,0
401766667,2025,2025-09-20T23:00:00.000Z,0
401766668,2025,2025-09-20T17:00:00.000Z,0
401766669,2025,2025-09-20T17:00:00.000Z,0
401766670,2025,2025-09-20T17:00:00.000Z,0
401766671,2025,2025-09-20T23:00:00.000Z,0
401766672,2025,2025-09-20T17:00:00.000Z,0
401766673,2025,2025-09-27T17:00:00.000Z,0
401766674,2025,2025-09-27T17:00:00.000Z,0
401766675,2025,2025-09-27T17:30:00.000Z,0
401766676,2025,2025-09-27T17:00:00.000Z,0
401766677,2025,2025-09-27T17:00:00.000Z,0
401766678,2025,2025-10-04T18:00:00.000Z,0
401766679,2025,2025-10-04T20:00:00.000Z,0
401766680,2025,2025-10-04T18:00:00.000Z,0
401766681,2025,2025-10-04T18:00:00.000Z,0
401766682,2025,2025-10-04T18:00:00.000Z,0
401766683,2025,2025-10-04T17:00:00.000Z,0
401766684,2025,2025-10-04T17:00:00.000Z,0
401766685,2025,2025-10-04T17:30:00.000Z,0
401766686,2025,2025-10-04T23:00:00.000Z,0
401766687,2025,2025-10-04T18:00:00.000Z,0
401766688,2025,2025-10-11T18:00:00.000Z,0
401766689,2025,2025-10-11T18:00:00.000Z,0
401766690,2025,2025-10-11T18:00:00.000Z,0
401766691,2025,2025-10-11T19:00:00.000Z,0
401766692,2025,2025-10-11T18:00:00.000Z,0
401766693,2025,2025-10-11T23:00:00.000Z,0
401766694,2025,2025-10-11T17:30:00.000Z,0
401766695,2025,2025-10-11T17:00:00.000Z,0
401766696,2025,2025-10-11T18:00:00.000Z,0
401766697,2025,2025-10-11T17:30:00.000Z,0
401766698,2025,2025-10-18T17:00:00.000Z,0
401766699,2025,2025-10-18T18:00:00.000Z,0
401766700,2025,2025-10-18T18:00:00.000Z,0
401766701,2025,2025-10-18T19:00:00.000Z,0
401766702,2025,2025-10-18T19:00:00.000Z,0
401766703,2025,2025-10-18T17:00:00.000Z,0
401766704,2025,2025-10-18T17:00:00.000Z,0
401766705,2025,2025-10-18T17:00:00.000Z,0
401766706,2025,2025-10-18T17:00:00.000Z,0
401766707,2025,2025-10-25T17:00:00.000Z,0
401766708,2025,2025-10-25T18:00:00.000Z,0
401766709,2025,2025-10-25T18:00:00.000Z,0
401766710,2025,2025-10-25T18:00:00.000Z,0
401766711,2025,2025-10-25T18:00:00.000Z,0
401766712,2025,2025-10-25T17:00:00.000Z,0
401766713,2025,2025-10-25T17:00:00.000Z,0
401766714,2025,2025-10-25T17:00:00.000Z,0
401766715,2025,2025-10-25T17:30:00.000Z,0
401766716,2025,2025-10-25T17:00:00.000Z,0
401766717,2025,2025-11-01T18:00:00.000Z,0
401766718,2025,2025-11-01T18:00:00.000Z,0
401766719,2025,2025-11-01T18:00:00.000Z,0
401766720,2025,2025-11-01T18:00:00.000Z,0
401766721,2025,2025-11-01T18:00:00.000Z,0
401766722,2025,2025-11-01T17:00:00.000Z,0
401766723,2025,2025-11-01T17:00:00.000Z,0
401766724,2025,2025-11-01T16:30:00.000Z,0
401766725,2025,2025-11-01T17:00:00.000Z,0
401766726,2025,2025-11-01T17:00:00.000Z,0
401766727,2025,2025-11-08T18:00:00.000Z,0
401766728,2025,2025-11-08T19:00:00.000Z,0
401766729,2025,2025-11-08T19:00:00.000Z,0
401766730,2025,2025-11-08T19:00:00.000Z,0
401766731,2025,2025-11-08T19:00:00.000Z,0
401766732,2025,2025-11-08T22:00:00.000Z,0
401766733,2025,2025-11-08T17:30:00.000Z,0
401766734,2025,2025-11-08T17:00:00.000Z,0
401766735,2025,2025-11-08T17:00:00.000Z,0
401766736,2025,2025-11-08T17:00:00.000Z,0
401766737,2025,2025-11-15T18:00:00.000Z,0
401766738,2025,2025-11-15T18:00:00.000Z,0
401766739,2025,2025-11-15T18:00:00.000Z,0
401766898,2025,2025-08-29T23:00:00.000Z,0
401767030,2025,2025-09-13T22:00:00.000Z,0
401767031,2025,2025-09-20T22:00:00.000Z,0
401767032,2025,2025-09-27T17:00:00.000Z,0
401767033,2025,2025-10-04T18:00:00.000Z,0
401767034,2025,2025-10-10T23:00:00.000Z,0
401767035,2025,2025-10-25T17:00:00.000Z,0
401767059,2025,2025-08-30T23:00:00.000Z,0
401767060,2025,2025-09-13T21:00:00.000Z,0
401767061,2025,2025-09-20T23:00:00.000Z,0
401767062,2025,2025-09-27T20:00:00.000Z,0
401767063,2025,2025-10-04T23:00:00.000Z,0
401767065,2025,2025-10-25T19:00:00.000Z,0
401767066,2025,2025-11-01T20:00:00.000Z,0
401767067,2025,2025-11-15T21:00:00.000Z,0
401767068,2025,2025-11-22T22:00:00.000Z,0
401767069,2025,2025-11-08T20:00:00.000Z,0
401767070,2025,2025-08-31T00:00:00.000Z,0
401767071,2025,2025-09-14T00:00:00.000Z,0
401767072,2025,2025-09-21T00:00:00.000Z,0
401767073,2025,2025-09-28T01:00:00.000Z,0
401767074,2025,2025-10-05T00:00:00.000Z,0
401767075,2025,2025-10-26T00:00:00.000Z,0
401767076,2025,2025-11-01T21:00:00.000Z,0
401767077,2025,2025-11-08T23:00:00.000Z,0
401767078,2025,2025-11-15T21:00:00.000Z,0
401767079,2025,2025-10-11T20:00:00.000Z,0
401767080,2025,2025-08-31T00:30:00.000Z,0
401767081,2025,2025-09-20T22:00:00.000Z,0
401767082,2025,2025-09-27T19:00:00.000Z,0
401767083,2025,2025-10-05T00:00:00.000Z,0
401767084,2025,2025-10-11T19:00:00.000Z,0
401767085,2025,2025-10-25T22:00:00.000Z,0
401767086,2025,2025-11-01T20:00:00.000Z,0
401767087,2025,2025-11-15T23:00:00.000Z,0
401767088,2025,2025-11-22T21:00:00.000Z,0
401767089,2025,2025-09-06T20:00:00.000Z,0
401767090,2025,2025-09-13T20:00:00.000Z,0
401767091,2025,2025-09-28T02:15:00.000Z,0
401767092,2025,2025-10-18T23:00:00.000Z,0
401767093,2025,2025-10-25T20:00:00.000Z,0
401767094,2025,2025-11-01T02:30:00.000Z,0
401767095,2025,2025-11-09T00:00:00.000Z,0
401767096,2025,2025-11-16T02:00:00.000Z,0
401767097,2025,2025-09-07T00:00:00.000Z,0
401767098,2025,2025-09-13T19:00:00.000Z,0
401767099,2025,2025-09-20T19:00:00.000Z,0
401767100,2025,2025-10-18T19:00:00.000Z,0
401767101,2025,2025-10-25T02:30:00.000Z,0
401767102,2025,2025-11-01T19:00:00.000Z,0
401767103,2025,2025-11-15T22:00:00.000Z,0
401767104,2025,2025-11-22T19:00:00.000Z,0
401767105,2025,2025-09-07T00:00:00.000Z,0
401767106,2025,2025-09-13T19:00:00.000Z,0
401767107,2025,2025-09-20T19:00:00.000Z,0
401767108,2025,2025-10-04T21:00:00.000Z,0
401767109,2025,2025-11-01T18:00:00.000Z,0
401767110,2025,2025-11-08T20:00:00.000Z,0
401767111,2025,2025-11-16T03:30:00.000Z,0
401767112,2025,2025-09-06T21:00:00.000Z,0
401767113,2025,2025-09-14T00:30:00.000Z,0
401767114,2025,2025-09-20T21:00:00.000Z,0
401767115,2025,2025-09-27T21:00:00.000Z,0
401767116,2025,2025-10-11T23:00:00.000Z,0
401767117,2025,2025-11-08T23:00:00.000Z,0
401767118,2025,2025-11-22T20:00:00.000Z,0
401767119,2025,2025-08-30T19:00:00.000Z,0
401767120,2025,2025-09-13T18:00:00.000Z,0
401767121,2025,2025-09-20T23:00:00.000Z,0
401767122,2025,2025-10-11T21:00:00.000Z,0
401767123,2025,2025-10-19T01:00:00.000Z,0
401767124,2025,2025-10-25T19:00:00.000Z,0
401767125,2025,2025-11-22T19:00:00.000Z,0
401767126,2025,2025-08-23T20:30:00.000Z,0
401767127,2025,2025-09-06T23:00:00.000Z,0
401767128,2025,2025-10-18T21:00:00.000Z,0
401767129,2025,2025-11-08T22:00:00.000Z,0
401767130,2025,2025-08-30T23:00:00.000Z,0
401767131,2025,2025-09-14T01:00:00.000Z,0
401767132,2025,2025-09-21T01:00:00.000Z,0
401767133,2025,2025-10-12T00:00:00.000Z,0
401767134,2025,2025-11-22T21:00:00.000Z,0
401767136,2025,2025-11-01T17:00:00.000Z,0
401767137,2025,2025-11-08T18:00:00.000Z,0
401767138,2025,2025-11-15T17:00:00.000Z,0
401767139,2025,2025-11-22T17:00:00.000Z,0
401767140,2025,2025-08-29T22:00:00.000Z,0
401767141,2025,2025-09-13T19:30:00.000Z,0
401767142,2025,2025-09-27T19:30:00.000Z,0
401767143,2025,2025-10-11T18:00:00.000Z,0
401767144,2025,2025-10-18T19:30:00.000Z,0
401767145,2025,2025-10-25T17:00:00.000Z,0
401767146,2025,2025-11-08T19:00:00.000Z,0
401767147,2025,2025-11-15T19:00:00.000Z,0
401767148,2025,2025-11-22T18:00:00.000Z,0
401767149,2025,2025-09-06T22:00:00.000Z,0
401767150,2025,2025-09-13T18:30:00.000Z,0
401767151,2025,2025-09-20T21:30:00.000Z,0
401767152,2025,2025-09-27T18:00:00.000Z,0
401767153,2025,2025-10-04T20:00:00.000Z,0
401767154,2025,2025-10-11T18:00:00.000Z,0
401767155,2025,2025-10-18T19:30:00.000Z,0
401767156,2025,2025-08-31T02:00:00.000Z,0
401767157,2025,2025-09-21T02:00:00.000Z,0
401767158,2025,2025-09-28T02:00:00.000Z,0
401767159,2025,2025-09-13T23:00:00.000Z,0
401767160,2025,2025-09-21T01:00:00.000Z,0
401767161,2025,2025-09-13T20:00:00.000Z,0
401767162,2025,2025-09-20T20:00:00.000Z,0
401767163,2025,2025-09-27T22:00:00.000Z,0
401767164,2025,2025-10-04T17:30:00.000Z,0
401767165,2025,2025-10-11T20:00:00.000Z,0
401767166,2025,2025-10-18T20:00:00.000Z,0
401767167,2025,2025-10-25T18:00:00.000Z,0
401767168,2025,2025-11-01T18:00:00.000Z,0
401767169,2025,2025-11-15T19:00:00.000Z,0
401767170,2025,2025-11-22T19:00:00.000Z,0
401767171,2025,2025-08-28T23:00:00.000Z,0
401767172,2025,2025-09-06T17:00:00.000Z,0
401767173,2025,2025-09-13T19:00:00.000Z,0
401767174,2025,2025-09-27T20:00:00.000Z,0
401767175,2025,2025-10-04T19:00:00.000Z,0
401767176,2025,2025-10-25T17:00:00.000Z,0
401767177,2025,2025-11-08T19:00:00.000Z,0
401767178,2025,2025-11-22T19:00:00.000Z,0
401767179,2025,2025-08-30T19:00:00.000Z,0
401767180,2025,2025-09-06T22:00:00.000Z,0
401767181,2025,2025-09-13T23:00:00.000Z,0
401767182,2025,2025-09-20T20:00:00.000Z,0
401767183,2025,2025-10-04T20:00:00.000Z,0
401767184,2025,2025-10-18T17:00:00.000Z,0
401767185,2025,2025-10-25T18:00:00.000Z,0
401767186,2025,2025-11-08T18:00:00.000Z,0
401767187,2025,2025-11-15T18:00:00.000Z,0
401767188,2025,2025-11-22T18:00:00.000Z,0
401767189,2025,2025-09-06T22:00:00.000Z,0
401767190,2025,2025-09-13T22:00:00.000Z,0
401767191,2025,2025-09-27T19:30:00.000Z,0
401767192,2025,2025-10-11T17:00:00.000Z,0
401767193,2025,2025-11-01T17:00:00.000Z,0
401767194,2025,2025-11-15T18:00:00.000Z,0
401767195,2025,2025-11-22T18:00:00.000Z,0
401767196,2025,2025-10-11T19:00:00.000Z,0
401767197,2025,2025-10-18T17:00:00.000Z,0
401767198,2025,2025-11-01T19:00:00.000Z,0
401767199,2025,2025-11-08T18:00:00.000Z,0
401767200,2025,2025-11-15T20:00:00.000Z,0
401767201,2025,2025-08-30T22:00:00.000Z,0
401767202,2025,2025-09-13T23:00:00.000Z,0
401767203,2025,2025-10-18T17:30:00.000Z,0
401767204,2025,2025-10-25T19:00:00.000Z,0
401767205,2025,2025-11-01T17:00:00.000Z,0
401767206,2025,2025-11-08T18:30:00.000Z,0
401767207,2025,2025-11-15T19:30:00.000Z,0
401767208,2025,2025-11-22T18:30:00.000Z,0
401767209,2025,2025-08-28T23:00:00.000Z,0
401767210,2025,2025-09-20T23:00:00.000Z,0
401767211,2025,2025-10-04T18:00:00.000Z,0
401767212,2025,2025-10-18T18:00:00.000Z,0
401767213,2025,2025-11-01T20:30:00.000Z,0
401767214,2025,2025-11-08T19:00:00.000Z,0
401767215,2025,2025-11-22T19:00:00.000Z,0
401767216,2025,2025-09-06T23:00:00.000Z,0
401767217,2025,2025-09-13T19:30:00.000Z,0
401767218,2025,2025-09-20T23:00:00.000Z,0
401767219,2025,2025-09-27T23:00:00.000Z,0
401767220,2025,2025-10-11T20:00:00.000Z,0
401767221,2025,2025-10-25T17:00:00.000Z,0
401767222,2025,2025-11-15T19:00:00.000Z,0
401767223,2025,2025-08-30T20:30:00.000Z,0
401767224,2025,2025-09-06T18:30:00.000Z,0
401767225,2025,2025-09-13T20:30:00.000Z,0
401767226,2025,2025-09-27T20:30:00.000Z,0
401767227,2025,2025-10-18T21:30:00.000Z,0
401767228,2025,2025-10-25T18:30:00.000Z,0
401767229,2025,2025-11-08T19:00:00.000Z,0
401767230,2025,2025-08-30T17:00:00.000Z,0
401767231,2025,2025-09-06T17:00:00.000Z,0
401767232,2025,2025-09-13T17:00:00.000Z,0
401767233,2025,2025-10-04T17:00:00.000Z,0
401767234,2025,2025-11-22T18:00:00.000Z,0
401767235,2025,2025-09-13T23:00:00.000Z,0
401767236,2025,2025-10-11T19:00:00.000Z,0
401767237,2025,2025-09-13T23:00:00.000Z,0
401767238,2025,2025-09-07T00:00:00.000Z,0
401767239,2025,2025-09-21T00:00:00.000Z,0
401767240,2025,2025-09-27T23:00:00.000Z,0
401767241,2025,2025-10-04T19:00:00.000Z,0
401767242,2025,2025-10-11T18:00:00.000Z,0
401767243,2025,2025-10-19T00:30:00.000Z,0
401767244,2025,2025-11-01T20:00:00.000Z,0
401767245,2025,2025-11-08T20:00:00.000Z,0
401767246,2025,2025-11-15T20:00:00.000Z,0
401767247,2025,2025-11-22T22:00:00.000Z,0
401767248,2025,2025-09-13T23:00:00.000Z,0
401767249,2025,2025-09-27T18:00:00.000Z,0
401767250,2025,2025-10-04T20:00:00.000Z,0
401767251,2025,2025-10-11T22:00:00.000Z,0
401767252,2025,2025-10-25T20:00:00.000Z,0
401767253,2025,2025-11-02T00:30:00.000Z,0
401767254,2025,2025-11-08T21:00:00.000Z,0
401767255,2025,2025-11-15T19:00:00.000Z,0
401767256,2025,2025-08-29T23:00:00.000Z,0
401767257,2025,2025-09-06T22:00:00.000Z,0
401767258,2025,2025-09-20T17:00:00.000Z,0
401767259,2025,2025-10-04T17:00:00.000Z,0
401767260,2025,2025-10-11T18:00:00.000Z,0
401767261,2025,2025-10-18T17:00:00.000Z,0
401767262,2025,2025-11-08T17:00:00.000Z,0
401767263,2025,2025-11-15T17:00:00.000Z,0
401767264,2025,2025-11-22T17:00:00.000Z,0
401767265,2025,2025-08-30T22:00:00.000Z,0
401767266,2025,2025-09-06T22:00:00.000Z,0
401767267,2025,2025-09-20T17:00:00.000Z,0
401767268,2025,2025-09-27T17:00:00.000Z,0
401767269,2025,2025-10-04T17:00:00.000Z,0
401767270,2025,2025-10-11T17:00:00.000Z,0
401767271,2025,2025-10-25T17:00:00.000Z,0
401767272,2025,2025-09-20T20:00:00.000Z,0
401767273,2025,2025-10-04T19:30:00.000Z,0
401767274,2025,2025-10-11T17:00:00.000Z,0
401767275,2025,2025-11-01T16:00:00.000Z,0
401767276,2025,2025-11-22T22:00:00.000Z,0
401767277,2025,2025-09-06T22:00:00.000Z,0
401767278,2025,2025-09-20T22:00:00.000Z,0
401767279,2025,2025-09-27T22:00:00.000Z,0
401767280,2025,2025-10-18T23:00:00.000Z,0
401767281,2025,2025-10-25T19:00:00.000Z,0
401767282,2025,2025-11-01T21:00:00.000Z,0
401767283,2025,2025-11-08T20:00:00.000Z,0
401767284,2025,2025-11-22T21:00:00.000Z,0
401767285,2025,2025-09-13T23:00:00.000Z,0
401767286,2025,2025-09-20T17:00:00.000Z,0
401767287,2025,2025-10-11T20:00:00.000Z,0
401767288,2025,2025-11-01T20:00:00.000Z,0
401767289,2025,2025-11-08T21:00:00.000Z,0
401767290,2025,2025-11-16T00:00:00.000Z,0
401767291,2025,2025-11-22T19:00:00.000Z,0
401767292,2025,2025-09-07T01:00:00.000Z,0
401767293,2025,2025-09-28T00:30:00.000Z,0
401767294,2025,2025-10-04T23:00:00.000Z,0
401767295,2025,2025-10-26T00:00:00.000Z,0
401767296,2025,2025-11-16T01:30:00.000Z,0
401767298,2025,2025-08-28T23:30:00.000Z,0
401767300,2025,2025-09-13T22:00:00.000Z,0
401767301,2025,2025-10-18T23:00:00.000Z,0
401767302,2025,2025-10-25T18:00:00.000Z,0
401767303,2025,2025-11-15T19:00:00.000Z,0
401767304,2025,2025-09-06T23:00:00.000Z,0
401767305,2025,2025-09-13T23:00:00.000Z,0
401767306,2025,2025-09-20T23:00:00.000Z,0
401767307,2025,2025-10-12T00:00:00.000Z,0
401767308,2025,2025-09-21T00:00:00.000Z,0
401767309,2025,2025-09-06T23:00:00.000Z,0
401767310,2025,2025-09-20T23:00:00.000Z,0
401767311,2025,2025-09-27T19:00:00.000Z,0
401767312,2025,2025-10-04T21:00:00.000Z,0
401767313,2025,2025-10-11T19:00:00.000Z,0
401767314,2025,2025-10-25T19:30:00.000Z,0
401767315,2025,2025-11-01T19:00:00.000Z,0
401767316,2025,2025-11-08T17:00:00.000Z,0
401767317,2025,2025-09-06T22:00:00.000Z,0
401767318,2025,2025-09-13T18:00:00.000Z,0
401767319,2025,2025-09-20T22:00:00.000Z,0
401767320,2025,2025-10-03T23:00:00.000Z,0
401767321,2025,2025-10-18T19:30:00.000Z,0
401767322,2025,2025-09-13T19:30:00.000Z,0
401767323,2025,2025-09-27T19:30:00.000Z,0
401767324,2025,2025-10-04T19:30:00.000Z,0
401767325,2025,2025-10-25T19:30:00.000Z,0
401767326,2025,2025-11-15T18:00:00.000Z,0
401767327,2025,2025-08-28T23:00:00.000Z,0
401767328,2025,2025-09-06T23:00:00.000Z,0
401767329,2025,2025-09-20T22:00:00.000Z,0
401767330,2025,2025-11-08T18:00:00.000Z,0
401767331,2025,2025-11-15T18:00:00.000Z,0
401767332,2025,2025-09-06T17:00:00.000Z,0
401767333,2025,2025-09-20T23:00:00.000Z,0
401767334,2025,2025-10-25T19:30:00.000Z,0
401767335,2025,2025-11-01T19:30:00.000Z,0
401767336,2025,2025-09-06T22:00:00.000Z,0
401767337,2025,2025-09-27T19:30:00.000Z,0
401767338,2025,2025-11-22T18:00:00.000Z,0
401767339,2025,2025-08-30T18:00:00.000Z,0
401767340,2025,2025-11-22T18:00:00.000Z,0
401767341,2025,2025-09-13T19:00:00.000Z,0
401767342,2025,2025-09-20T17:00:00.000Z,0
401767343,2025,2025-09-27T16:00:00.000Z,0
401767344,2025,2025-10-11T16:00:00.000Z,0
401767345,2025,2025-10-25T17:00:00.000Z,0
401767346,2025,2025-10-30T23:00:00.000Z,0
401767347,2025,2025-11-08T00:00:00.000Z,0
401767348,2025,2025-11-15T18:00:00.000Z,0
401767349,2025,2025-11-22T18:00:00.000Z,0
401767350,2025,2025-08-30T20:00:00.000Z,0
401767351,2025,2025-09-13T17:00:00.000Z,0
401767352,2025,2025-09-27T18:00:00.000Z,0
401767353,2025,2025-10-11T17:00:00.000Z,0
401767354,2025,2025-10-25T19:30:00.000Z,0
401767355,2025,2025-11-01T19:30:00.000Z,0
401767356,2025,2025-11-08T20:00:00.000Z,0
401767357,2025,2025-11-15T20:00:00.000Z,0
401767358,2025,2025-11-22T20:00:00.000Z,0
401767359,2025,2025-09-06T23:00:00.000Z,0
401767360,2025,2025-09-13T21:00:00.000Z,0
401767361,2025,2025-09-27T19:00:00.000Z,0
401767362,2025,2025-10-04T19:00:00.000Z,0
401767363,2025,2025-10-11T19:30:00.000Z,0
401767364,2025,2025-11-01T19:00:00.000Z,0
401767365,2025,2025-11-08T20:00:00.000Z,0
401767366,2025,2025-11-15T22:00:00.000Z,0
401767367,2025,2025-11-22T18:00:00.000Z,0
401767368,2025,2025-11-27T20:00:00.000Z,0
401767369,2025,2025-08-29T00:00:00.000Z,0
401767370,2025,2025-09-27T23:00:00.000Z,0
401767371,2025,2025-10-04T20:00:00.000Z,0
401767372,2025,2025-10-11T19:00:00.000Z,0
401767373,2025,2025-10-18T20:00:00.000Z,0
401767374,2025,2025-10-25T19:00:00.000Z,0
401767375,2025,2025-11-01T19:00:00.000Z,0
401767376,2025,2025-11-08T21:00:00.000Z,0
401767377,2025,2025-11-15T20:00:00.000Z,0
401767378,2025,2025-11-22T20:30:00.000Z,0
401767379,2025,2025-09-06T23:00:00.000Z,0
401767380,2025,2025-09-13T22:00:00.000Z,0
401767381,2025,2025-10-04T23:00:00.000Z,0
401767383,2025,2025-10-18T19:00:00.000Z,0
401767384,2025,2025-10-25T19:00:00.000Z,0
401767385,2025,2025-11-01T19:00:00.000Z,0
401767386,2025,2025-11-08T20:00:00.000Z,0
401767387,2025,2025-11-15T20:00:00.000Z,0
401767388,2025,2025-09-13T22:00:00.000Z,0
401767389,2025,2025-09-20T19:00:00.000Z,0
401767390,2025,2025-10-11T19:00:00.000Z,0
401767391,2025,2025-11-01T19:00:00.000Z,0
401767392,2025,2025-11-08T20:00:00.000Z,0
401767393,2025,2025-11-15T18:00:00.000Z,0
401767394,2025,2025-11-22T20:30:00.000Z,0
401767395,2025,2025-09-13T23:00:00.000Z,0
401767396,2025,2025-11-08T18:30:00.000Z,0
401767397,2025,2025-11-22T20:30:00.000Z,0
401767398,2025,2025-09-27T19:00:00.000Z,0
401767399,2025,2025-10-04T17:00:00.000Z,0
401767400,2025,2025-10-11T17:00:00.000Z,0
401767401,2025,2025-11-01T18:00:00.000Z,0
401767402,2025,2025-11-15T17:00:00.000Z,0
401767403,2025,2025-11-22T17:00:00.000Z,0
401767404,2025,2025-09-06T22:00:00.000Z,0
401767405,2025,2025-09-20T20:00:00.000Z,0
401767406,2025,2025-09-27T16:00:00.000Z,0
401767407,2025,2025-10-11T17:30:00.000Z,0
401767408,2025,2025-10-25T18:00:00.000Z,0
401767409,2025,2025-11-08T19:00:00.000Z,0
401767410,2025,2025-08-23T23:30:00.000Z,0
401767411,2025,2025-09-13T22:00:00.000Z,0
401767412,2025,2025-09-27T23:00:00.000Z,0
401767413,2025,2025-10-11T19:00:00.000Z,0
401767414,2025,2025-11-14T22:30:00.000Z,0
401767415,2025,2025-08-30T22:00:00.000Z,0
401767416,2025,2025-09-20T23:00:00.000Z,0
401767417,2025,2025-09-27T23:00:00.000Z,0
401767418,2025,2025-10-11T23:00:00.000Z,0
401767419,2025,2025-10-25T22:00:00.000Z,0
401767420,2025,2025-11-29T19:00:00.000Z,0
401767421,2025,2025-09-13T19:00:00.000Z,0
401767422,2025,2025-09-27T23:00:00.000Z,0
401767423,2025,2025-11-01T23:00:00.000Z,0
401767424,2025,2025-11-08T20:00:00.000Z,0
401767425,2025,2025-08-30T21:00:00.000Z,0
401767426,2025,2025-09-13T23:00:00.000Z,0
401767427,2025,2025-09-27T21:00:00.000Z,0
401767428,2025,2025-11-29T20:00:00.000Z,0
401767429,2025,2025-10-18T19:00:00.000Z,0
401767430,2025,2025-11-22T20:00:00.000Z,0
401767431,2025,2025-08-31T00:00:00.000Z,0
401767432,2025,2025-09-06T23:00:00.000Z,0
401767433,2025,2025-09-20T23:00:00.000Z,0
401767434,2025,2025-10-18T21:00:00.000Z,0
401767435,2025,2025-10-25T19:00:00.000Z,0
401767436,2025,2025-10-04T17:30:00.000Z,0
401767437,2025,2025-09-06T23:00:00.000Z,0
401767438,2025,2025-10-04T23:00:00.000Z,0
401767439,2025,2025-10-11T23:00:00.000Z,0
401767440,2025,2025-10-18T17:00:00.000Z,0
401767441,2025,2025-10-25T18:00:00.000Z,0
401767442,2025,2025-11-01T19:00:00.000Z,0
401767443,2025,2025-11-08T18:00:00.000Z,0
401767444,2025,2025-11-15T20:00:00.000Z,0
401767445,2025,2025-11-22T18:00:00.000Z,0
401767446,2025,2025-08-28T22:00:00.000Z,0
401767447,2025,2025-10-04T23:00:00.000Z,0
401767448,2025,2025-10-11T17:00:00.000Z,0
401767449,2025,2025-10-18T17:00:00.000Z,0
401767450,2025,2025-10-25T20:00:00.000Z,0
401767451,2025,2025-11-01T19:00:00.000Z,0
401767452,2025,2025-11-15T17:00:00.000Z,0
401767453,2025,2025-11-22T18:00:00.000Z,0
401767454,2025,2025-08-30T21:30:00.000Z,0
401767455,2025,2025-09-06T23:00:00.000Z,0
401767456,2025,2025-10-25T21:00:00.000Z,0
401767457,2025,2025-11-15T20:00:00.000Z,0
401767458,2025,2025-09-13T23:00:00.000Z,0
401767459,2025,2025-10-18T18:00:00.000Z,0
401767460,2025,2025-10-04T23:00:00.000Z,0
401767461,2025,2025-10-11T23:00:00.000Z,0
401767462,2025,2025-10-18T21:30:00.000Z,0
401767463,2025,2025-10-25T23:00:00.000Z,0
401767464,2025,2025-11-01T23:00:00.000Z,0
401767465,2025,2025-11-08T22:00:00.000Z,0
401767466,2025,2025-11-15T22:00:00.000Z,0
401767467,2025,2025-11-22T23:00:00.000Z,0
401767468,2025,2025-08-28T23:30:00.000Z,0
401767469,2025,2025-10-05T00:00:00.000Z,0
401767470,2025,2025-10-11T23:00:00.000Z,0
401767471,2025,2025-10-18T23:00:00.000Z,0
401767472,2025,2025-10-25T19:00:00.000Z,0
401767473,2025,2025-11-01T20:00:00.000Z,0
401767474,2025,2025-11-08T20:00:00.000Z,0
401767475,2025,2025-11-22T20:00:00.000Z,0
401767476,2025,2025-08-23T17:00:00.000Z,0
401767477,2025,2025-10-04T23:00:00.000Z,0
401767478,2025,2025-10-26T00:00:00.000Z,0
401767479,2025,2025-11-01T19:00:00.000Z,0
401767480,2025,2025-11-08T19:00:00.000Z,0
401767481,2025,2025-11-15T20:00:00.000Z,0
401767482,2025,2025-09-06T23:00:00.000Z,0
401767483,2025,2025-09-27T23:00:00.000Z,0
401767484,2025,2025-10-04T20:00:00.000Z,0
401767485,2025,2025-10-18T20:00:00.000Z,0
401767486,2025,2025-10-25T19:00:00.000Z,0
401767487,2025,2025-11-08T21:00:00.000Z,0
401767488,2025,2025-11-15T22:00:00.000Z,0
401767489,2025,2025-11-22T21:00:00.000Z,0
401767490,2025,2025-08-30T23:00:00.000Z,0
401767491,2025,2025-09-28T00:00:00.000Z,0
401767492,2025,2025-10-04T23:00:00.000Z,0
401767493,2025,2025-10-25T20:00:00.000Z,0
401767494,2025,2025-11-01T23:00:00.000Z,0
401767495,2025,2025-11-16T00:00:00.000Z,0
401767496,2025,2025-10-04T19:00:00.000Z,0
401767497,2025,2025-10-18T18:00:00.000Z,0
401767498,2025,2025-10-25T18:00:00.000Z,0
401767499,2025,2025-11-01T21:00:00.000Z,0
401767500,2025,2025-11-08T19:00:00.000Z,0
401767501,2025,2025-11-15T17:00:00.000Z,0
401767502,2025,2025-09-20T20:00:00.000Z,0
401767503,2025,2025-10-04T21:00:00.000Z,0
401767504,2025,2025-10-11T20:00:00.000Z,0
401767505,2025,2025-10-18T17:00:00.000Z,0
401767506,2025,2025-11-01T18:00:00.000Z,0
401767507,2025,2025-11-08T19:00:00.000Z,0
401767508,2025,2025-11-22T19:00:00.000Z,0
401767509,2025,2025-08-30T16:00:00.000Z,0
401767510,2025,2025-09-27T18:00:00.000Z,0
401767511,2025,2025-10-11T19:30:00.000Z,0
401767512,2025,2025-10-26T00:00:00.000Z,0
401767513,2025,2025-11-01T19:30:00.000Z,0
401767514,2025,2025-11-15T20:30:00.000Z,0
401767515,2025,2025-11-22T20:30:00.000Z,0
401767517,2025,2025-10-18T23:00:00.000Z,0
401767518,2025,2025-11-08T23:00:00.000Z,0
401767519,2025,2025-11-15T21:00:00.000Z,0
401767520,2025,2025-11-21T00:00:00.000Z,0
401767521,2025,2025-10-18T21:00:00.000Z,0
401767522,2025,2025-11-21T00:30:00.000Z,0
401767523,2025,2025-09-27T23:00:00.000Z,0
401767524,2025,2025-09-14T00:00:00.000Z,0
401767525,2025,2025-11-01T23:00:00.000Z,0
401767526,2025,2025-08-31T00:00:00.000Z,0
401767527,2025,2025-09-14T00:00:00.000Z,0
401767528,2025,2025-09-21T00:00:00.000Z,0
401767529,2025,2025-09-13T22:00:00.000Z,0
401767530,2025,2025-09-27T22:00:00.000Z,0
401767531,2025,2025-10-04T17:30:00.000Z,0
401767532,2025,2025-10-18T17:30:00.000Z,0
401767533,2025,2025-10-25T19:30:00.000Z,0
401767534,2025,2025-11-01T20:00:00.000Z,0
401767535,2025,2025-11-08T17:00:00.000Z,0
401767536,2025,2025-08-30T18:00:00.000Z,0
401767537,2025,2025-10-11T19:00:00.000Z,0
401767538,2025,2025-10-18T18:00:00.000Z,0
401767539,2025,2025-10-25T19:00:00.000Z,0
401767540,2025,2025-11-22T19:00:00.000Z,0
401767541,2025,2025-09-20T18:00:00.000Z,0
401767542,2025,2025-11-08T21:00:00.000Z,0
401767543,2025,2025-11-15T18:00:00.000Z,0
401767544,2025,2025-09-13T23:00:00.000Z,0
401767545,2025,2025-09-27T19:00:00.000Z,0
401767546,2025,2025-10-04T22:00:00.000Z,0
401767547,2025,2025-08-30T23:00:00.000Z,0
401767548,2025,2025-11-08T19:00:00.000Z,0
401767549,2025,2025-08-28T22:00:00.000Z,0
401767550,2025,2025-09-06T18:00:00.000Z,0
401767551,2025,2025-09-20T16:00:00.000Z,0
401767552,2025,2025-09-27T22:00:00.000Z,0
401767553,2025,2025-10-18T16:00:00.000Z,0
401767554,2025,2025-10-25T17:00:00.000Z,0
401767555,2025,2025-10-31T23:00:00.000Z,0
401767556,2025,2025-11-15T20:00:00.000Z,0
401767557,2025,2025-11-22T18:30:00.000Z,0
401767558,2025,2025-09-27T21:30:00.000Z,0
401767559,2025,2025-10-04T18:00:00.000Z,0
401767560,2025,2025-10-11T19:30:00.000Z,0
401767561,2025,2025-10-25T19:30:00.000Z,0
401767562,2025,2025-11-08T20:30:00.000Z,0
401767563,2025,2025-11-15T17:00:00.000Z,0
401767564,2025,2025-11-22T18:00:00.000Z,0
401767565,2025,2025-09-06T18:00:00.000Z,0
401767566,2025,2025-09-27T19:30:00.000Z,0
401767567,2025,2025-10-11T18:30:00.000Z,0
401767568,2025,2025-10-18T16:00:00.000Z,0
401767569,2025,2025-10-25T18:00:00.000Z,0
401767570,2025,2025-11-01T18:00:00.000Z,0
401767571,2025,2025-11-15T18:00:00.000Z,0
401767572,2025,2025-08-30T22:00:00.000Z,0
401767573,2025,2025-09-13T22:00:00.000Z,0
401767574,2025,2025-09-20T18:00:00.000Z,0
401767575,2025,2025-10-04T20:00:00.000Z,0
401767576,2025,2025-10-11T16:00:00.000Z,0
401767577,2025,2025-10-25T19:00:00.000Z,0
401767578,2025,2025-11-08T19:30:00.000Z,0
401767579,2025,2025-09-06T19:30:00.000Z,0
401767580,2025,2025-09-20T18:30:00.000Z,0
401767581,2025,2025-10-18T17:30:00.000Z,0
401767582,2025,2025-11-01T17:30:00.000Z,0
401767583,2025,2025-10-11T18:00:00.000Z,0
401767584,2025,2025-10-18T18:00:00.000Z,0
401767585,2025,2025-11-01T18:00:00.000Z,0
401767586,2025,2025-11-15T19:00:00.000Z,0
401767587,2025,2025-09-06T17:30:00.000Z,0
401767588,2025,2025-09-13T19:30:00.000Z,0
401767589,2025,2025-09-20T18:00:00.000Z,0
401767590,2025,2025-11-08T18:30:00.000Z,0
401767591,2025,2025-11-22T17:00:00.000Z,0
401767592,2025,2025-10-04T17:30:00.000Z,0
401767593,2025,2025-09-06T22:00:00.000Z,0
401767594,2025,2025-09-27T17:00:00.000Z,0
401767595,2025,2025-10-04T18:00:00.000Z,0
401767596,2025,2025-10-11T17:00:00.000Z,0
401767597,2025,2025-10-18T16:00:00.000Z,0
401767598,2025,2025-11-01T17:00:00.000Z,0
401767599,2025,2025-11-08T18:00:00.000Z,0
401767600,2025,2025-11-15T21:00:00.000Z,0
401767601,2025,2025-11-22T18:00:00.000Z,0
401767602,2025,2025-08-30T17:00:00.000Z,0
401767603,2025,2025-09-20T23:00:00.000Z,0
401767604,2025,2025-10-04T17:00:00.000Z,0
401767605,2025,2025-10-11T17:00:00.000Z,0
401767606,2025,2025-10-18T17:00:00.000Z,0
401767607,2025,2025-10-25T16:00:00.000Z,0
401767608,2025,2025-11-01T17:00:00.000Z,0
401767609,2025,2025-11-08T18:00:00.000Z,0
401767610,2025,2025-11-15T17:00:00.000Z,0
401767611,2025,2025-11-22T18:00:00.000Z,0
401767612,2025,2025-09-06T16:00:00.000Z,0
401767613,2025,2025-09-20T18:00:00.000Z,0
401767614,2025,2025-09-27T16:00:00.000Z,0
401767615,2025,2025-10-04T17:00:00.000Z,0
401767616,2025,2025-10-11T18:00:00.000Z,0
401767617,2025,2025-10-25T16:00:00.000Z,0
401767618,2025,2025-11-01T20:00:00.000Z,0
401767619,2025,2025-11-15T17:00:00.000Z,0
401767620,2025,2025-08-28T23:30:00.000Z,0
401767621,2025,2025-10-04T17:00:00.000Z,0
401767622,2025,2025-10-11T21:00:00.000Z,0
401767623,2025,2025-10-25T16:00:00.000Z,0
401767624,2025,2025-11-08T18:00:00.000Z,0
401767625,2025,2025-11-22T18:00:00.000Z,0
401767626,2025,2025-09-06T17:00:00.000Z,0
401767627,2025,2025-09-13T17:00:00.000Z,0
401767628,2025,2025-10-04T16:00:00.000Z,0
401767629,2025,2025-10-10T23:00:00.000Z,0
401767630,2025,2025-10-18T18:00:00.000Z,0
401767631,2025,2025-11-01T18:00:00.000Z,0
401767632,2025,2025-11-08T18:00:00.000Z,0
401767633,2025,2025-11-22T18:00:00.000Z,0
401767634,2025,2025-08-30T22:00:00.000Z,0
401767635,2025,2025-09-20T22:00:00.000Z,0
401767636,2025,2025-09-27T17:00:00.000Z,0
401767637,2025,2025-10-11T17:00:00.000Z,0
401767638,2025,2025-10-25T17:00:00.000Z,0
401767639,2025,2025-09-13T23:00:00.000Z,0
401767640,2025,2025-09-20T17:00:00.000Z,0
401767641,2025,2025-10-18T17:00:00.000Z,0
401767642,2025,2025-11-01T17:00:00.000Z,0
401767643,2025,2025-11-15T19:00:00.000Z,0
401767644,2025,2025-09-20T16:00:00.000Z,0
401767645,2025,2025-09-27T20:00:00.000Z,0
401767646,2025,2025-11-08T18:00:00.000Z,0
401767647,2025,2025-11-22T18:00:00.000Z,0
401767648,2025,2025-09-13T17:00:00.000Z,0
401767649,2025,2025-10-18T18:00:00.000Z,0
401767650,2025,2025-10-25T17:00:00.000Z,0
401767651,2025,2025-08-30T22:00:00.000Z,0
401767652,2025,2025-09-06T22:00:00.000Z,0
401767653,2025,2025-09-20T17:00:00.000Z,0
401767654,2025,2025-11-15T18:00:00.000Z,0
401767655,2025,2025-08-30T18:00:00.000Z,0
401767656,2025,2025-09-06T23:00:00.000Z,0
401767657,2025,2025-08-30T18:00:00.000Z,0
401767658,2025,2025-09-06T16:00:00.000Z,0
401767659,2025,2025-09-13T16:00:00.000Z,0
401767660,2025,2025-10-04T16:00:00.000Z,0
401767661,2025,2025-11-01T16:00:00.000Z,0
401767662,2025,2025-11-08T17:00:00.000Z,0
401767663,2025,2025-11-15T17:00:00.000Z,0
401767664,2025,2025-09-20T22:00:00.000Z,0
401767665,2025,2025-09-27T22:00:00.000Z,0
401767666,2025,2025-10-04T16:00:00.000Z,0
401767667,2025,2025-10-11T16:30:00.000Z,0
401767668,2025,2025-10-25T16:00:00.000Z,0
401767669,2025,2025-11-08T18:00:00.000Z,0
401767670,2025,2025-11-15T17:00:00.000Z,0
401767671,2025,2025-11-22T18:00:00.000Z,0
401767672,2025,2025-09-20T17:00:00.000Z,0
401767673,2025,2025-09-27T17:00:00.000Z,0
401767674,2025,2025-10-04T16:30:00.000Z,0
401767675,2025,2025-10-25T17:00:00.000Z,0
401767676,2025,2025-11-08T17:00:00.000Z,0
401767677,2025,2025-11-15T17:00:00.000Z,0
401767678,2025,2025-11-22T17:00:00.000Z,0
401767679,2025,2025-09-19T22:00:00.000Z,0
401767681,2025,2025-10-03T23:30:00.000Z,0
401767683,2025,2025-10-18T17:30:00.000Z,0
401767685,2025,2025-11-01T16:00:00.000Z,0
401767689,2025,2025-09-27T16:00:00.000Z,0
401767690,2025,2025-10-04T18:00:00.000Z,0
401767691,2025,2025-10-10T23:00:00.000Z,0
401767692,2025,2025-10-18T17:00:00.000Z,0
401767693,2025,2025-11-01T17:00:00.000Z,0
401767694,2025,2025-11-08T18:00:00.000Z,0
401767695,2025,2025-11-15T18:00:00.000Z,0
401767696,2025,2025-11-22T18:00:00.000Z,0
401767697,2025,2025-09-27T16:00:00.000Z,0
401767698,2025,2025-10-04T17:00:00.000Z,0
401767699,2025,2025-10-11T17:30:00.000Z,0
401767700,2025,2025-10-18T17:00:00.000Z,0
401767701,2025,2025-10-24T22:00:00.000Z,0
401767702,2025,2025-11-01T19:00:00.000Z,0
401767703,2025,2025-11-08T18:00:00.000Z,0
401767704,2025,2025-10-18T16:00:00.000Z,0
401767705,2025,2025-10-25T16:00:00.000Z,0
401767706,2025,2025-11-08T00:00:00.000Z,0
401767707,2025,2025-11-15T17:00:00.000Z,0
401767708,2025,2025-11-22T17:00:00.000Z,0
401767716,2025,2025-11-01T18:00:00.000Z,0
401767717,2025,2025-11-15T18:00:00.000Z,0
401767718,2025,2025-11-22T17:00:00.000Z,0
401767719,2025,2025-09-06T17:00:00.000Z,0
401767720,2025,2025-09-13T17:00:00.000Z,0
401767721,2025,2025-09-27T16:00:00.000Z,0
401767722,2025,2025-10-18T17:00:00.000Z,0
401767723,2025,2025-11-01T16:00:00.000Z,0
401767724,2025,2025-11-08T18:00:00.000Z,0
401767725,2025,2025-11-22T21:00:00.000Z,0
401767726,2025,2025-09-20T16:00:00.000Z,0
401767727,2025,2025-10-04T18:00:00.000Z,0
401767728,2025,2025-10-18T18:00:00.000Z,0
401767729,2025,2025-10-25T17:00:00.000Z,0
401767730,2025,2025-11-01T17:00:00.000Z,0
401767731,2025,2025-11-08T17:00:00.000Z,0
401767732,2025,2025-08-30T16:00:00.000Z,0
401767733,2025,2025-09-13T16:00:00.000Z,0
401767734,2025,2025-09-27T16:00:00.000Z,0
401767735,2025,2025-10-04T16:00:00.000Z,0
401767736,2025,2025-10-11T16:00:00.000Z,0
401767737,2025,2025-11-15T18:00:00.000Z,0
401767738,2025,2025-11-22T17:30:00.000Z,0
401767739,2025,2025-10-11T17:00:00.000Z,0
401767740,2025,2025-11-15T19:00:00.000Z,0
401767741,2025,2025-09-06T16:00:00.000Z,0
401767742,2025,2025-09-13T16:00:00.000Z,0
401767743,2025,2025-09-20T22:00:00.000Z,0
401767744,2025,2025-10-11T18:00:00.000Z,0
401767745,2025,2025-10-18T21:00:00.000Z,0
401767746,2025,2025-11-01T16:00:00.000Z,0
401767747,2025,2025-11-08T17:00:00.000Z,0
401767748,2025,2025-11-15T17:00:00.000Z,0
401767749,2025,2025-11-22T17:00:00.000Z,0
401767750,2025,2025-09-06T16:00:00.000Z,0
401767751,2025,2025-10-04T16:00:00.000Z,0
401767752,2025,2025-10-11T17:00:00.000Z,0
401767753,2025,2025-10-18T22:00:00.000Z,0
401767754,2025,2025-10-25T16:00:00.000Z,0
401767755,2025,2025-11-08T17:00:00.000Z,0
401767756,2025,2025-11-22T19:00:00.000Z,0
401767757,2025,2025-10-04T17:00:00.000Z,0
401767758,2025,2025-09-27T17:00:00.000Z,0
401767759,2025,2025-10-18T16:00:00.000Z,0
401767760,2025,2025-11-15T17:00:00.000Z,0
401767761,2025,2025-11-22T17:00:00.000Z,0
401767762,2025,2025-09-13T22:00:00.000Z,0
401767763,2025,2025-10-04T17:00:00.000Z,0
401767764,2025,2025-10-25T19:00:00.000Z,0
401767765,2025,2025-11-01T17:00:00.000Z,0
401767766,2025,2025-11-08T17:00:00.000Z,0
401767767,2025,2025-11-15T17:00:00.000Z,0
401767768,2025,2025-11-01T16:00:00.000Z,0
401767769,2025,2025-11-08T17:00:00.000Z,0
401767770,2025,2025-11-22T18:00:00.000Z,0
401767771,2025,2025-09-06T17:00:00.000Z,0
401767772,2025,2025-09-20T17:00:00.000Z,0
401767773,2025,2025-10-18T16:00:00.000Z,0
401767774,2025,2025-10-25T16:00:00.000Z,0
401767775,2025,2025-11-15T17:00:00.000Z,0
401767776,2025,2025-10-11T16:00:00.000Z,0
401769067,2025,2025-09-06T17:00:00.000Z,0
401769068,2025,2025-11-01T17:00:00.000Z,0
401769070,2025,2026-01-01T00:30:00.000Z,0
401769071,2025,2026-01-01T17:00:00.000Z,0
401769072,2025,2026-01-01T21:00:00.000Z,0
401769073,2025,2026-01-02T01:00:00.000Z,0
401769074,2025,2026-01-10T00:30:00.000Z,0
401769075,2025,2026-01-09T00:30:00.000Z,0
401769076,2025,2026-01-20T00:30:00.000Z,0
401769832,2025,2025-09-13T23:00:00.000Z,0
401769849,2025,2025-11-08T17:30:00.000Z,0
401769866,2025,2025-09-27T19:30:00.000Z,0
401769868,2025,2025-09-06T23:00:00.000Z,0
401769869,2025,2025-10-04T21:00:00.000Z,0
401769891,2025,2025-09-06T17:00:00.000Z,0
401769892,2025,2025-09-13T17:30:00.000Z,0
401773028,2025,2025-09-06T17:00:00.000Z,0
401773029,2025,2025-09-20T20:00:00.000Z,0
401773035,2025,2025-09-06T18:00:00.000Z,0
401773036,2025,2025-09-13T18:00:00.000Z,0
401773037,2025,2025-09-20T18:00:00.000Z,0
401773038,2025,2025-09-27T18:00:00.000Z,0
401773039,2025,2025-10-04T18:00:00.000Z,0
401773040,2025,2025-10-18T18:00:00.000Z,0
401773041,2025,2025-10-25T18:00:00.000Z,0
401773042,2025,2025-11-08T19:00:00.000Z,0
401773043,2025,2025-11-15T19:00:00.000Z,0
401773044,2025,2025-09-05T00:00:00.000Z,0
401773045,2025,2025-09-13T18:00:00.000Z,0
401773046,2025,2025-09-20T18:00:00.000Z,0
401773047,2025,2025-09-27T18:00:00.000Z,0
401773048,2025,2025-10-11T18:00:00.000Z,0
401773049,2025,2025-10-25T18:00:00.000Z,0
401773050,2025,2025-09-27T17:00:00.000Z,0
401773051,2025,2025-10-04T17:00:00.000Z,0
401773052,2025,2025-10-11T17:00:00.000Z,0
401773053,2025,2025-10-18T17:00:00.000Z,0
401773054,2025,2025-10-25T17:00:00.000Z,0
401773055,2025,2025-11-01T18:00:00.000Z,0
401773056,2025,2025-11-08T18:00:00.000Z,0
401773057,2025,2025-08-30T17:00:00.000Z,0
401773058,2025,2025-09-13T22:00:00.000Z,0
401773059,2025,2025-09-20T17:00:00.000Z,0
401773060,2025,2025-09-27T20:00:00.000Z,0
401773061,2025,2025-10-11T17:00:00.000Z,0
401773062,2025,2025-10-18T17:00:00.000Z,0
401773063,2025,2025-10-25T17:00:00.000Z,0
401773064,2025,2025-11-01T18:00:00.000Z,0
401773065,2025,2025-08-28T23:00:00.000Z,0
401773066,2025,2025-09-20T17:00:00.000Z,0
401773067,2025,2025-09-27T17:00:00.000Z,0
401773068,2025,2025-10-04T18:00:00.000Z,0
401773069,2025,2025-10-18T18:00:00.000Z,0
401773070,2025,2025-10-25T18:00:00.000Z,0
401773071,2025,2025-11-08T18:00:00.000Z,0
401773072,2025,2025-08-31T20:00:00.000Z,0
401773073,2025,2025-09-13T20:00:00.000Z,0
401773074,2025,2025-09-20T22:00:00.000Z,0
401773075,2025,2025-09-27T17:00:00.000Z,0
401773076,2025,2025-10-04T17:00:00.000Z,0
401773077,2025,2025-10-11T17:00:00.000Z,0
401773078,2025,2025-11-01T22:00:00.000Z,0
401773079,2025,2025-08-30T21:00:00.000Z,0
401773080,2025,2025-09-06T22:00:00.000Z,0
401773081,2025,2025-09-20T17:00:00.000Z,0
401773082,2025,2025-10-11T17:30:00.000Z,0
401773083,2025,2025-10-25T17:00:00.000Z,0
401773084,2025,2025-11-01T17:00:00.000Z,0
401773085,2025,2025-11-08T18:00:00.000Z,0
401773086,2025,2025-08-30T20:00:00.000Z,0
401773087,2025,2025-09-06T16:00:00.000Z,0
401773088,2025,2025-09-13T17:00:00.000Z,0
401773089,2025,2025-09-27T18:00:00.000Z,0
401773090,2025,2025-10-18T17:00:00.000Z,0
401773091,2025,2025-10-25T17:00:00.000Z,0
401773092,2025,2025-11-08T18:00:00.000Z,0
401773093,2025,2025-08-28T23:00:00.000Z,0
401773094,2025,2025-09-06T22:00:00.000Z,0
401773095,2025,2025-10-04T17:00:00.000Z,0
401773096,2025,2025-10-18T17:00:00.000Z,0
401773097,2025,2025-10-25T18:00:00.000Z,0
401773098,2025,2025-11-01T18:00:00.000Z,0
401773099,2025,2025-08-30T17:00:00.000Z,0
401773100,2025,2025-09-13T17:00:00.000Z,0
401773101,2025,2025-10-04T17:00:00.000Z,0
401773102,2025,2025-10-11T17:00:00.000Z,0
401773103,2025,2025-11-08T18:00:00.000Z,0
401773104,2025,2025-09-06T16:00:00.000Z,0
401773105,2025,2025-09-13T23:00:00.000Z,0
401773106,2025,2025-09-20T23:00:00.000Z,0
401773107,2025,2025-10-04T18:00:00.000Z,0
401773108,2025,2025-10-11T18:00:00.000Z,0
401773109,2025,2025-10-18T20:00:00.000Z,0
401773110,2025,2025-10-25T18:00:00.000Z,0
401773111,2025,2025-11-01T19:00:00.000Z,0
401773112,2025,2025-11-08T22:00:00.000Z,0
401773113,2025,2025-08-30T22:00:00.000Z,0
401773114,2025,2025-09-06T17:00:00.000Z,0
401773115,2025,2025-09-13T17:00:00.000Z,0
401773116,2025,2025-09-27T16:00:00.000Z,0
401773117,2025,2025-10-04T17:00:00.000Z,0
401773118,2025,2025-10-11T21:00:00.000Z,0
401773119,2025,2025-10-25T22:00:00.000Z,0
401773120,2025,2025-11-01T17:30:00.000Z,0
401773121,2025,2025-11-08T18:00:00.000Z,0
401773123,2025,2025-09-20T20:00:00.000Z,0
401773124,2025,2025-09-27T23:00:00.000Z,0
401773125,2025,2025-10-04T17:30:00.000Z,0
401773126,2025,2025-10-11T17:30:00.000Z,0
401773127,2025,2025-10-18T20:00:00.000Z,0
401773128,2025,2025-10-25T17:00:00.000Z,0
401773129,2025,2025-08-30T22:00:00.000Z,0
401773130,2025,2025-09-13T17:00:00.000Z,0
401773131,2025,2025-09-20T22:00:00.000Z,0
401773132,2025,2025-09-27T20:00:00.000Z,0
401773133,2025,2025-10-11T19:00:00.000Z,0
401773134,2025,2025-10-18T18:00:00.000Z,0
401773135,2025,2025-09-06T23:00:00.000Z,0
401773136,2025,2025-09-20T23:00:00.000Z,0
401773137,2025,2025-09-27T16:00:00.000Z,0
401773138,2025,2025-10-25T19:00:00.000Z,0
401773139,2025,2025-11-01T16:00:00.000Z,0
401773140,2025,2025-11-08T22:00:00.000Z,0
401773141,2025,2025-08-30T16:00:00.000Z,0
401773142,2025,2025-09-06T22:00:00.000Z,0
401773143,2025,2025-09-13T22:00:00.000Z,0
401773144,2025,2025-09-20T16:00:00.000Z,0
401773145,2025,2025-10-04T17:00:00.000Z,0
401773155,2025,2025-09-06T18:00:00.000Z,0
401773156,2025,2025-09-13T18:00:00.000Z,0
401773157,2025,2025-09-27T18:00:00.000Z,0
401773158,2025,2025-10-04T18:00:00.000Z,0
401773159,2025,2025-10-11T18:00:00.000Z,0
401773160,2025,2025-10-18T19:00:00.000Z,0
401773161,2025,2025-10-25T18:00:00.000Z,0
401773162,2025,2025-11-01T18:00:00.000Z,0
401773163,2025,2025-11-08T19:00:00.000Z,0
401773164,2025,2025-11-15T19:00:00.000Z,0
401773165,2025,2025-09-04T23:00:00.000Z,0
401773166,2025,2025-09-13T18:00:00.000Z,0
401773167,2025,2025-09-20T17:00:00.000Z,0
401773168,2025,2025-09-27T16:00:00.000Z,0
401773169,2025,2025-10-04T21:00:00.000Z,0
401773170,2025,2025-11-01T18:00:00.000Z,0
401773171,2025,2025-11-08T19:00:00.000Z,0
401773172,2025,2025-09-06T18:00:00.000Z,0
401773173,2025,2025-09-13T23:00:00.000Z,0
401773174,2025,2025-09-20T18:00:00.000Z,0
401773175,2025,2025-10-04T19:00:00.000Z,0
401773176,2025,2025-10-11T18:30:00.000Z,0
401773177,2025,2025-10-25T18:00:00.000Z,0
401773178,2025,2025-11-08T18:00:00.000Z,0
401773179,2025,2025-09-06T18:00:00.000Z,0
401773180,2025,2025-09-13T23:00:00.000Z,0
401773181,2025,2025-10-11T18:00:00.000Z,0
401773182,2025,2025-10-18T18:00:00.000Z,0
401773183,2025,2025-11-01T18:00:00.000Z,0
401773184,2025,2025-11-15T19:00:00.000Z,0
401773185,2025,2025-09-06T18:00:00.000Z,0
401773186,2025,2025-09-13T18:00:00.000Z,0
401773187,2025,2025-09-27T18:00:00.000Z,0
401773188,2025,2025-10-04T18:00:00.000Z,0
401773189,2025,2025-10-18T18:00:00.000Z,0
401773190,2025,2025-09-07T00:00:00.000Z,0
401773191,2025,2025-09-13T18:00:00.000Z,0
401773192,2025,2025-11-01T18:00:00.000Z,0
401773193,2025,2025-11-15T19:00:00.000Z,0
401773204,2025,2025-09-06T23:00:00.000Z,0
401773205,2025,2025-09-13T18:00:00.000Z,0
401773206,2025,2025-09-20T18:00:00.000Z,0
401773207,2025,2025-09-13T18:00:00.000Z,0
401773208,2025,2025-09-07T02:00:00.000Z,0
401773209,2025,2025-09-13T23:00:00.000Z,0
401773210,2025,2025-10-11T17:00:00.000Z,0
401773211,2025,2025-10-18T16:00:00.000Z,0
401773212,2025,2025-10-25T17:00:00.000Z,0
401773213,2025,2025-11-01T17:00:00.000Z,0
401773214,2025,2025-11-08T18:00:00.000Z,0
401773215,2025,2025-11-15T18:00:00.000Z,0
401773232,2025,2025-09-06T16:00:00.000Z,0
401773233,2025,2025-09-13T16:00:00.000Z,0
401773234,2025,2025-09-20T18:00:00.000Z,0
401773235,2025,2025-09-27T23:00:00.000Z,0
401773236,2025,2025-10-04T17:00:00.000Z,0
401773237,2025,2025-10-11T18:00:00.000Z,0
401773238,2025,2025-10-18T16:00:00.000Z,0
401773239,2025,2025-10-25T16:00:00.000Z,0
401773240,2025,2025-11-01T16:00:00.000Z,0
401773241,2025,2025-11-15T17:00:00.000Z,0
401773242,2025,2025-09-06T17:00:00.000Z,0
401773243,2025,2025-09-13T17:00:00.000Z,0
401773244,2025,2025-09-27T18:00:00.000Z,0
401773245,2025,2025-10-04T20:00:00.000Z,0
401773246,2025,2025-10-18T17:00:00.000Z,0
401773247,2025,2025-10-25T18:30:00.000Z,0
401773248,2025,2025-11-01T16:00:00.000Z,0
401773249,2025,2025-11-08T17:00:00.000Z,0
401773250,2025,2025-09-20T18:00:00.000Z,0
401773251,2025,2025-10-04T18:00:00.000Z,0
401773252,2025,2025-10-11T18:00:00.000Z,0
401773253,2025,2025-10-18T18:00:00.000Z,0
401773254,2025,2025-10-25T18:00:00.000Z,0
401773255,2025,2025-11-01T18:00:00.000Z,0
401773256,2025,2025-11-08T19:00:00.000Z,0
401773257,2025,2025-11-15T19:00:00.000Z,0
401773258,2025,2025-09-05T00:00:00.000Z,0
401773259,2025,2025-09-13T23:00:00.000Z,0
401773260,2025,2025-09-20T16:00:00.000Z,0
401773261,2025,2025-09-27T19:00:00.000Z,0
401773262,2025,2025-10-11T19:30:00.000Z,0
401773264,2025,2025-11-08T19:00:00.000Z,0
401773265,2025,2025-11-15T19:00:00.000Z,0
401773266,2025,2025-09-06T16:00:00.000Z,0
401773267,2025,2025-09-13T16:00:00.000Z,0
401773268,2025,2025-09-20T22:00:00.000Z,0
401773269,2025,2025-09-27T17:00:00.000Z,0
401773270,2025,2025-10-04T16:00:00.000Z,0
401773271,2025,2025-10-18T16:00:00.000Z,0
401773272,2025,2025-10-25T20:00:00.000Z,0
401773273,2025,2025-11-01T17:00:00.000Z,0
401773274,2025,2025-11-08T18:00:00.000Z,0
401773275,2025,2025-11-15T17:00:00.000Z,0
401773276,2025,2025-09-06T16:00:00.000Z,0
401773277,2025,2025-09-13T16:00:00.000Z,0
401773278,2025,2025-09-20T17:00:00.000Z,0
401773279,2025,2025-09-27T17:30:00.000Z,0
401773280,2025,2025-10-04T16:00:00.000Z,0
401773281,2025,2025-10-18T16:00:00.000Z,0
401773282,2025,2025-10-25T16:00:00.000Z,0
401773283,2025,2025-11-01T17:30:00.000Z,0
401773284,2025,2025-11-08T21:00:00.000Z,0
401773285,2025,2025-11-15T17:00:00.000Z,0
401773287,2025,2025-09-13T16:00:00.000Z,0
401773288,2025,2025-09-20T16:00:00.000Z,0
401773289,2025,2025-09-27T16:00:00.000Z,0
401773290,2025,2025-10-04T16:00:00.000Z,0
401773291,2025,2025-10-18T20:00:00.000Z,0
401773292,2025,2025-10-25T17:30:00.000Z,0
401773293,2025,2025-11-01T16:00:00.000Z,0
401773294,2025,2025-11-08T17:00:00.000Z,0
401773295,2025,2025-09-05T23:00:00.000Z,0
401773296,2025,2025-09-13T16:00:00.000Z,0
401773297,2025,2025-09-20T17:00:00.000Z,0
401773298,2025,2025-09-27T18:00:00.000Z,0
401773299,2025,2025-10-04T16:00:00.000Z,0
401773300,2025,2025-10-18T17:00:00.000Z,0
401773301,2025,2025-10-25T16:00:00.000Z,0
401773302,2025,2025-11-01T16:00:00.000Z,0
401773303,2025,2025-11-15T18:00:00.000Z,0
401773304,2025,2025-09-06T17:00:00.000Z,0
401773305,2025,2025-09-20T18:00:00.000Z,0
401773306,2025,2025-09-27T16:00:00.000Z,0
401773307,2025,2025-10-04T17:00:00.000Z,0
401773308,2025,2025-10-11T16:00:00.000Z,0
401773309,2025,2025-10-25T16:00:00.000Z,0
401773310,2025,2025-11-01T17:00:00.000Z,0
401773311,2025,2025-11-08T17:00:00.000Z,0
401773312,2025,2025-11-15T17:00:00.000Z,0
401773330,2025,2025-11-15T18:00:00.000Z,0
401773331,2025,2025-09-04T23:00:00.000Z,0
401773332,2025,2025-09-12T00:00:00.000Z,0
401773333,2025,2025-09-21T00:00:00.000Z,0
401773334,2025,2025-09-27T23:00:00.000Z,0
401773335,2025,2025-10-04T23:00:00.000Z,0
401773336,2025,2025-10-11T19:00:00.000Z,0
401773337,2025,2025-10-18T19:00:00.000Z,0
401773338,2025,2025-10-25T21:00:00.000Z,0
401773339,2025,2025-11-01T19:00:00.000Z,0
401773340,2025,2025-11-08T20:00:00.000Z,0
401773341,2025,2025-11-15T20:00:00.000Z,0
401773342,2025,2025-09-04T23:00:00.000Z,0
401773343,2025,2025-09-13T23:00:00.000Z,0
401773344,2025,2025-09-20T23:00:00.000Z,0
401773345,2025,2025-10-04T19:00:00.000Z,0
401773346,2025,2025-10-11T19:00:00.000Z,0
401773347,2025,2025-10-18T17:30:00.000Z,0
401773348,2025,2025-10-25T19:00:00.000Z,0
401773349,2025,2025-11-01T19:00:00.000Z,0
401773350,2025,2025-11-08T20:00:00.000Z,0
401773351,2025,2025-11-15T20:00:00.000Z,0
401773352,2025,2025-09-05T00:00:00.000Z,0
401773353,2025,2025-09-20T23:00:00.000Z,0
401773354,2025,2025-09-27T23:00:00.000Z,0
401773355,2025,2025-10-04T19:00:00.000Z,0
401773356,2025,2025-10-18T20:00:00.000Z,0
401773357,2025,2025-10-25T19:00:00.000Z,0
401773358,2025,2025-11-01T19:00:00.000Z,0
401773359,2025,2025-11-08T19:00:00.000Z,0
401773360,2025,2025-11-15T18:00:00.000Z,0
401773361,2025,2025-09-04T23:00:00.000Z,0
401773362,2025,2025-09-12T00:00:00.000Z,0
401773363,2025,2025-09-20T23:00:00.000Z,0
401773364,2025,2025-09-28T00:00:00.000Z,0
401773365,2025,2025-10-09T23:00:00.000Z,0
401773366,2025,2025-10-18T18:00:00.000Z,0
401773367,2025,2025-11-01T20:00:00.000Z,0
401773368,2025,2025-11-08T20:00:00.000Z,0
401773369,2025,2025-09-04T23:00:00.000Z,0
401773370,2025,2025-09-14T00:00:00.000Z,0
401773371,2025,2025-09-27T23:00:00.000Z,0
401773372,2025,2025-10-04T19:00:00.000Z,0
401773373,2025,2025-10-11T18:00:00.000Z,0
401773374,2025,2025-11-01T19:00:00.000Z,0
401773375,2025,2025-11-15T19:00:00.000Z,0
401773376,2025,2025-09-21T00:00:00.000Z,0
401773377,2025,2025-10-04T19:00:00.000Z,0
401773378,2025,2025-10-18T19:00:00.000Z,0
401773379,2025,2025-10-25T20:00:00.000Z,0
401773380,2025,2025-11-01T18:00:00.000Z,0
401773381,2025,2025-11-15T21:00:00.000Z,0
401773382,2025,2025-09-04T23:00:00.000Z,0
401773383,2025,2025-09-27T23:00:00.000Z,0
401773384,2025,2025-10-25T23:00:00.000Z,0
401773385,2025,2025-09-14T00:00:00.000Z,0
401773386,2025,2025-10-04T17:00:00.000Z,0
401773387,2025,2025-10-11T19:00:00.000Z,0
401773388,2025,2025-10-25T18:00:00.000Z,0
401773389,2025,2025-11-08T20:00:00.000Z,0
401773390,2025,2025-09-20T23:00:00.000Z,0
401773391,2025,2025-09-27T20:00:00.000Z,0
401773392,2025,2025-11-08T20:00:00.000Z,0
401773393,2025,2025-09-13T19:00:00.000Z,0
401773394,2025,2025-10-11T19:30:00.000Z,0
401773395,2025,2025-10-16T23:00:00.000Z,0
401773396,2025,2025-11-15T20:00:00.000Z,0
401773397,2025,2025-08-28T22:00:00.000Z,0
401773398,2025,2025-09-20T22:00:00.000Z,0
401773399,2025,2025-09-27T18:30:00.000Z,0
401773400,2025,2025-10-04T22:00:00.000Z,0
401773401,2025,2025-10-11T20:00:00.000Z,0
401773402,2025,2025-10-18T18:00:00.000Z,0
401773403,2025,2025-11-01T18:00:00.000Z,0
401773404,2025,2025-11-08T19:00:00.000Z,0
401773405,2025,2025-11-15T19:00:00.000Z,0
401773406,2025,2025-08-30T23:30:00.000Z,0
401773407,2025,2025-09-06T19:00:00.000Z,0
401773408,2025,2025-09-20T23:30:00.000Z,0
401773409,2025,2025-09-27T18:00:00.000Z,0
401773410,2025,2025-10-04T17:00:00.000Z,0
401773411,2025,2025-10-11T17:00:00.000Z,0
401773412,2025,2025-10-25T18:00:00.000Z,0
401773413,2025,2025-11-01T18:00:00.000Z,0
401773414,2025,2025-11-08T18:00:00.000Z,0
401773415,2025,2025-11-15T19:00:00.000Z,0
401773416,2025,2025-09-27T19:00:00.000Z,0
401773417,2025,2025-10-04T19:00:00.000Z,0
401773418,2025,2025-10-11T18:00:00.000Z,0
401773419,2025,2025-10-19T18:00:00.000Z,0
401773420,2025,2025-11-01T16:00:00.000Z,0
401773421,2025,2025-11-08T18:00:00.000Z,0
401773422,2025,2025-11-15T21:00:00.000Z,0
401773423,2025,2025-08-30T23:00:00.000Z,0
401773424,2025,2025-09-06T23:00:00.000Z,0
401773425,2025,2025-09-13T23:00:00.000Z,0
401773426,2025,2025-09-20T23:00:00.000Z,0
401773427,2025,2025-09-27T23:00:00.000Z,0
401773428,2025,2025-10-04T18:00:00.000Z,0
401773430,2025,2025-11-01T18:00:00.000Z,0
401773431,2025,2025-08-28T23:30:00.000Z,0
401773432,2025,2025-09-06T18:00:00.000Z,0
401773433,2025,2025-09-27T17:00:00.000Z,0
401773434,2025,2025-10-11T20:00:00.000Z,0
401773435,2025,2025-10-18T18:30:00.000Z,0
401773436,2025,2025-11-08T19:00:00.000Z,0
401773437,2025,2025-11-15T19:00:00.000Z,0
401773438,2025,2025-10-25T18:00:00.000Z,0
401773439,2025,2025-09-06T23:00:00.000Z,0
401773440,2025,2025-09-13T18:00:00.000Z,0
401773441,2025,2025-09-20T23:00:00.000Z,0
401773442,2025,2025-10-18T18:00:00.000Z,0
401773443,2025,2025-10-25T18:00:00.000Z,0
401773444,2025,2025-08-30T18:00:00.000Z,0
401773445,2025,2025-09-13T17:00:00.000Z,0
401773446,2025,2025-10-11T16:00:00.000Z,0
401773447,2025,2025-11-08T21:00:00.000Z,0
401773448,2025,2025-08-30T18:00:00.000Z,0
401773449,2025,2025-09-13T23:00:00.000Z,0
401773450,2025,2025-10-18T20:00:00.000Z,0
401773451,2025,2025-10-25T18:00:00.000Z,0
401773452,2025,2025-08-30T16:00:00.000Z,0
401773453,2025,2025-09-20T17:00:00.000Z,0
401773454,2025,2025-09-25T23:30:00.000Z,0
401773455,2025,2025-10-04T20:00:00.000Z,0
401773456,2025,2025-10-11T18:00:00.000Z,0
401773457,2025,2025-10-18T17:00:00.000Z,0
401773458,2025,2025-10-25T16:00:00.000Z,0
401773459,2025,2025-11-01T16:00:00.000Z,0
401773460,2025,2025-11-08T17:00:00.000Z,0
401773461,2025,2025-11-15T17:00:00.000Z,0
401773462,2025,2025-09-06T23:00:00.000Z,0
401773463,2025,2025-09-13T21:00:00.000Z,0
401773464,2025,2025-10-11T23:00:00.000Z,0
401773465,2025,2025-10-18T18:00:00.000Z,0
401773466,2025,2025-10-25T17:00:00.000Z,0
401773467,2025,2025-11-01T17:00:00.000Z,0
401773468,2025,2025-11-08T19:00:00.000Z,0
401773469,2025,2025-11-15T18:00:00.000Z,0
401773470,2025,2025-08-28T22:00:00.000Z,0
401773471,2025,2025-09-04T23:00:00.000Z,0
401773472,2025,2025-09-20T20:00:00.000Z,0
401773473,2025,2025-10-04T17:00:00.000Z,0
401773474,2025,2025-10-18T16:00:00.000Z,0
401773475,2025,2025-10-25T16:00:00.000Z,0
401773476,2025,2025-11-01T16:00:00.000Z,0
401773477,2025,2025-11-15T17:00:00.000Z,0
401773478,2025,2025-08-28T22:00:00.000Z,0
401773479,2025,2025-09-06T16:00:00.000Z,0
401773480,2025,2025-10-04T18:00:00.000Z,0
401773481,2025,2025-10-18T18:00:00.000Z,0
401773482,2025,2025-11-01T17:00:00.000Z,0
401773483,2025,2025-11-15T18:00:00.000Z,0
401773484,2025,2025-09-20T18:00:00.000Z,0
401773485,2025,2025-10-04T18:00:00.000Z,0
401773486,2025,2025-10-11T18:00:00.000Z,0
401773487,2025,2025-11-08T19:00:00.000Z,0
401773488,2025,2025-08-28T22:00:00.000Z,0
401773489,2025,2025-09-06T18:00:00.000Z,0
401773490,2025,2025-09-13T22:00:00.000Z,0
401773491,2025,2025-09-20T17:00:00.000Z,0
401773492,2025,2025-10-25T18:00:00.000Z,0
401773493,2025,2025-11-08T18:00:00.000Z,0
401773494,2025,2025-09-04T22:00:00.000Z,0
401773495,2025,2025-09-20T18:00:00.000Z,0
401773496,2025,2025-10-11T17:00:00.000Z,0
401773497,2025,2025-09-06T17:00:00.000Z,0
401773498,2025,2025-09-20T17:00:00.000Z,0
401773499,2025,2025-10-11T17:00:00.000Z,0
401773500,2025,2025-10-25T17:00:00.000Z,0
401773501,2025,2025-11-01T17:00:00.000Z,0
401773502,2025,2025-11-08T17:00:00.000Z,0
401773503,2025,2025-11-15T18:00:00.000Z,0
401773504,2025,2025-09-20T16:00:00.000Z,0
401773505,2025,2025-10-04T23:00:00.000Z,0
401773506,2025,2025-10-18T16:00:00.000Z,0
401773507,2025,2025-10-25T16:00:00.000Z,0
401773508,2025,2025-11-08T17:00:00.000Z,0
401773509,2025,2025-09-13T22:00:00.000Z,0
401773510,2025,2025-09-20T16:00:00.000Z,0
401773511,2025,2025-09-27T20:00:00.000Z,0
401773512,2025,2025-10-11T17:00:00.000Z,0
401773513,2025,2025-11-08T17:00:00.000Z,0
401773514,2025,2025-08-28T23:00:00.000Z,0
401773515,2025,2025-09-20T19:00:00.000Z,0
401773516,2025,2025-10-18T18:00:00.000Z,0
401773517,2025,2025-10-25T19:00:00.000Z,0
401773518,2025,2025-11-01T20:00:00.000Z,0
401773519,2025,2025-11-08T21:00:00.000Z,0
401773520,2025,2025-08-30T17:15:00.000Z,0
401773521,2025,2025-10-04T20:00:00.000Z,0
401773522,2025,2025-11-01T17:00:00.000Z,0
401773523,2025,2025-11-15T20:00:00.000Z,0
401773524,2025,2025-08-30T21:15:00.000Z,0
401773525,2025,2025-09-13T18:00:00.000Z,0
401773526,2025,2025-10-04T23:00:00.000Z,0
401773527,2025,2025-10-18T23:00:00.000Z,0
401773528,2025,2025-11-15T19:00:00.000Z,0
401773529,2025,2025-08-29T22:00:00.000Z,0
401773530,2025,2025-10-04T18:00:00.000Z,0
401773531,2025,2025-10-25T19:00:00.000Z,0
401773532,2025,2025-10-26T00:00:00.000Z,0
401773533,2025,2025-11-01T23:00:00.000Z,0
401773534,2025,2025-08-29T00:00:00.000Z,0
401773535,2025,2025-09-06T23:00:00.000Z,0
401773536,2025,2025-09-14T00:00:00.000Z,0
401773537,2025,2025-09-20T23:00:00.000Z,0
401773538,2025,2025-10-04T23:00:00.000Z,0
401773539,2025,2025-10-12T00:00:00.000Z,0
401773540,2025,2025-10-18T23:00:00.000Z,0
401773541,2025,2025-10-26T00:00:00.000Z,0
401773542,2025,2025-11-02T01:00:00.000Z,0
401773543,2025,2025-11-09T00:00:00.000Z,0
401773544,2025,2025-11-15T22:00:00.000Z,0
401773545,2025,2025-08-29T00:00:00.000Z,0
401773546,2025,2025-09-07T00:00:00.000Z,0
401773547,2025,2025-09-20T23:00:00.000Z,0
401773548,2025,2025-10-05T01:00:00.000Z,0
401773549,2025,2025-10-11T21:00:00.000Z,0
401773550,2025,2025-10-19T00:00:00.000Z,0
401773551,2025,2025-10-25T21:00:00.000Z,0
401773552,2025,2025-11-02T00:00:00.000Z,0
401773553,2025,2025-11-09T01:00:00.000Z,0
401773554,2025,2025-11-15T20:00:00.000Z,0
401773555,2025,2025-08-30T23:00:00.000Z,0
401773556,2025,2025-09-07T00:00:00.000Z,0
401773557,2025,2025-09-27T23:00:00.000Z,0
401773558,2025,2025-10-04T23:00:00.000Z,0
401773559,2025,2025-10-12T00:00:00.000Z,0
401773560,2025,2025-10-26T00:00:00.000Z,0
401773561,2025,2025-11-01T20:05:00.000Z,0
401773562,2025,2025-11-08T19:00:00.000Z,0
401773563,2025,2025-11-15T19:00:00.000Z,0
401773564,2025,2025-09-07T00:00:00.000Z,0
401773565,2025,2025-09-13T18:30:00.000Z,0
401773566,2025,2025-09-21T00:00:00.000Z,0
401773567,2025,2025-09-28T00:00:00.000Z,0
401773568,2025,2025-10-19T01:00:00.000Z,0
401773569,2025,2025-10-26T00:00:00.000Z,0
401773570,2025,2025-11-01T21:00:00.000Z,0
401773571,2025,2025-11-09T01:00:00.000Z,0
401773572,2025,2025-08-30T17:00:00.000Z,0
401773573,2025,2025-09-07T00:00:00.000Z,0
401773574,2025,2025-10-11T23:00:00.000Z,0
401773575,2025,2025-10-18T20:05:00.000Z,0
401773576,2025,2025-10-25T23:00:00.000Z,0
401773577,2025,2025-11-01T18:00:00.000Z,0
401773578,2025,2025-11-16T01:00:00.000Z,0
401773579,2025,2025-08-29T00:00:00.000Z,0
401773580,2025,2025-09-05T00:00:00.000Z,0
401773581,2025,2025-09-14T00:00:00.000Z,0
401773582,2025,2025-09-21T01:00:00.000Z,0
401773583,2025,2025-09-28T00:00:00.000Z,0
401773584,2025,2025-10-05T00:00:00.000Z,0
401773585,2025,2025-08-31T00:00:00.000Z,0
401773586,2025,2025-09-07T00:00:00.000Z,0
401773587,2025,2025-09-28T00:00:00.000Z,0
401773588,2025,2025-10-04T20:05:00.000Z,0
401773589,2025,2025-10-19T01:00:00.000Z,0
401773590,2025,2025-08-28T20:00:00.000Z,0
401773591,2025,2025-11-09T01:00:00.000Z,0
401773592,2025,2025-11-15T21:05:00.000Z,0
401773593,2025,2025-09-06T20:05:00.000Z,0
401773594,2025,2025-09-20T20:05:00.000Z,0
401773595,2025,2025-09-07T00:00:00.000Z,0
401773596,2025,2025-09-21T00:00:00.000Z,0
401773597,2025,2025-09-27T18:30:00.000Z,0
401773598,2025,2025-10-05T00:00:00.000Z,0
401773599,2025,2025-10-12T00:00:00.000Z,0
401773600,2025,2025-10-19T00:00:00.000Z,0
401773601,2025,2025-11-01T17:00:00.000Z,0
401773602,2025,2025-11-08T19:00:00.000Z,0
401773603,2025,2025-11-15T20:00:00.000Z,0
401773604,2025,2025-08-29T00:00:00.000Z,0
401773605,2025,2025-09-20T17:00:00.000Z,0
401773606,2025,2025-09-27T18:00:00.000Z,0
401773607,2025,2025-10-04T23:00:00.000Z,0
401773608,2025,2025-10-11T18:00:00.000Z,0
401773609,2025,2025-10-25T18:30:00.000Z,0
401773610,2025,2025-11-01T18:00:00.000Z,0
401773611,2025,2025-11-08T19:00:00.000Z,0
401773612,2025,2025-11-15T19:00:00.000Z,0
401773613,2025,2025-09-05T00:00:00.000Z,0
401773614,2025,2025-09-14T00:00:00.000Z,0
401773615,2025,2025-09-20T21:00:00.000Z,0
401773616,2025,2025-09-28T00:00:00.000Z,0
401773617,2025,2025-10-04T18:00:00.000Z,0
401773618,2025,2025-10-18T18:30:00.000Z,0
401773619,2025,2025-10-25T18:00:00.000Z,0
401773620,2025,2025-11-01T18:00:00.000Z,0
401773621,2025,2025-09-20T21:00:00.000Z,0
401773622,2025,2025-09-27T18:00:00.000Z,0
401773623,2025,2025-10-18T18:00:00.000Z,0
401773624,2025,2025-10-25T19:00:00.000Z,0
401773625,2025,2025-11-01T19:00:00.000Z,0
401773626,2025,2025-11-15T19:00:00.000Z,0
401773627,2025,2025-08-30T18:00:00.000Z,0
401773628,2025,2025-09-20T23:00:00.000Z,0
401773629,2025,2025-10-11T19:00:00.000Z,0
401773630,2025,2025-10-18T23:00:00.000Z,0
401773631,2025,2025-11-01T19:00:00.000Z,0
401773632,2025,2025-11-08T19:30:00.000Z,0
401773633,2025,2025-08-28T23:00:00.000Z,0
401773634,2025,2025-09-07T00:00:00.000Z,0
401773635,2025,2025-09-27T18:00:00.000Z,0
401773636,2025,2025-10-04T19:00:00.000Z,0
401773637,2025,2025-10-25T19:00:00.000Z,0
401773638,2025,2025-11-15T18:00:00.000Z,0
401773639,2025,2025-08-28T23:00:00.000Z,0
401773640,2025,2025-09-06T18:00:00.000Z,0
401773641,2025,2025-10-11T18:00:00.000Z,0
401773642,2025,2025-11-15T19:30:00.000Z,0
401773643,2025,2025-08-28T22:00:00.000Z,0
401773644,2025,2025-10-11T19:00:00.000Z,0
401773645,2025,2025-11-08T19:00:00.000Z,0
401773646,2025,2025-09-13T18:00:00.000Z,0
401773647,2025,2025-10-18T19:00:00.000Z,0
401773648,2025,2025-09-04T22:00:00.000Z,0
401773649,2025,2025-09-20T17:00:00.000Z,0
401773650,2025,2025-09-27T17:00:00.000Z,0
401773651,2025,2025-10-11T18:00:00.000Z,0
401773652,2025,2025-10-18T17:00:00.000Z,0
401773653,2025,2025-10-25T17:00:00.000Z,0
401773654,2025,2025-11-01T17:00:00.000Z,0
401773655,2025,2025-11-08T18:00:00.000Z,0
401773656,2025,2025-11-15T17:00:00.000Z,0
401773657,2025,2025-08-30T22:00:00.000Z,0
401773658,2025,2025-09-06T17:00:00.000Z,0
401773659,2025,2025-09-27T17:00:00.000Z,0
401773660,2025,2025-10-04T17:00:00.000Z,0
401773661,2025,2025-10-11T18:00:00.000Z,0
401773662,2025,2025-10-18T17:30:00.000Z,0
401773663,2025,2025-10-25T18:00:00.000Z,0
401773664,2025,2025-11-01T16:00:00.000Z,0
401773665,2025,2025-11-08T18:00:00.000Z,0
401773666,2025,2025-11-15T19:00:00.000Z,0
401773667,2025,2025-08-28T23:00:00.000Z,0
401773668,2025,2025-09-04T23:00:00.000Z,0
401773669,2025,2025-09-20T17:00:00.000Z,0
401773670,2025,2025-09-27T17:30:00.000Z,0
401773671,2025,2025-10-04T17:00:00.000Z,0
401773672,2025,2025-10-11T18:00:00.000Z,0
401773673,2025,2025-10-18T16:00:00.000Z,0
401773674,2025,2025-11-01T17:00:00.000Z,0
401773675,2025,2025-11-15T17:00:00.000Z,0
401773676,2025,2025-08-30T22:00:00.000Z,0
401773677,2025,2025-09-04T23:00:00.000Z,0
401773678,2025,2025-09-20T17:00:00.000Z,0
401773679,2025,2025-09-27T23:00:00.000Z,0
401773680,2025,2025-10-11T17:00:00.000Z,0
401773681,2025,2025-10-25T17:00:00.000Z,0
401773682,2025,2025-11-01T17:00:00.000Z,0
401773683,2025,2025-11-08T18:00:00.000Z,0
401773684,2025,2025-08-30T17:00:00.000Z,0
401773685,2025,2025-09-06T22:00:00.000Z,0
401773686,2025,2025-09-13T16:00:00.000Z,0
401773687,2025,2025-10-25T17:00:00.000Z,0
401773688,2025,2025-11-01T17:00:00.000Z,0
401773689,2025,2025-11-08T18:00:00.000Z,0
401773690,2025,2025-11-15T18:00:00.000Z,0
401773691,2025,2025-08-28T23:00:00.000Z,0
401773692,2025,2025-09-06T17:00:00.000Z,0
401773693,2025,2025-10-04T17:00:00.000Z,0
401773694,2025,2025-10-18T17:00:00.000Z,0
401773695,2025,2025-11-15T17:00:00.000Z,0
401773696,2025,2025-08-30T16:00:00.000Z,0
401773697,2025,2025-09-20T17:00:00.000Z,0
401773698,2025,2025-10-18T16:00:00.000Z,0
401773699,2025,2025-08-30T17:00:00.000Z,0
401773700,2025,2025-09-04T22:00:00.000Z,0
401773701,2025,2025-09-11T22:30:00.000Z,0
401773702,2025,2025-10-04T19:30:00.000Z,0
401773703,2025,2025-08-28T22:00:00.000Z,0
401773704,2025,2025-09-06T22:00:00.000Z,0
401773705,2025,2025-09-13T20:00:00.000Z,0
401773706,2025,2025-09-04T23:30:00.000Z,0
401773707,2025,2025-09-13T17:00:00.000Z,0
401773708,2025,2025-09-19T22:00:00.000Z,0
401773709,2025,2025-09-27T17:00:00.000Z,0
401773710,2025,2025-10-11T16:00:00.000Z,0
401773711,2025,2025-10-18T16:00:00.000Z,0
401773713,2025,2025-11-01T16:00:00.000Z,0
401773714,2025,2025-11-08T17:00:00.000Z,0
401773715,2025,2025-11-15T17:00:00.000Z,0
401773716,2025,2025-09-13T22:00:00.000Z,0
401773717,2025,2025-09-20T19:00:00.000Z,0
401773718,2025,2025-10-04T17:00:00.000Z,0
401773719,2025,2025-10-11T22:00:00.000Z,0
401773720,2025,2025-10-17T23:00:00.000Z,0
401773721,2025,2025-10-25T17:00:00.000Z,0
401773723,2025,2025-11-08T18:00:00.000Z,0
401773724,2025,2025-11-15T17:00:00.000Z,0
401773725,2025,2025-09-13T17:00:00.000Z,0
401773726,2025,2025-09-20T17:00:00.000Z,0
401773728,2025,2025-10-04T18:00:00.000Z,0
401773729,2025,2025-10-18T17:00:00.000Z,0
401773730,2025,2025-10-25T17:00:00.000Z,0
401773731,2025,2025-11-15T17:00:00.000Z,0
401773732,2025,2025-09-06T18:00:00.000Z,0
401773733,2025,2025-09-13T18:00:00.000Z,0
401773734,2025,2025-09-20T18:00:00.000Z,0
401773735,2025,2025-09-27T18:00:00.000Z,0
401773736,2025,2025-10-04T18:00:00.000Z,0
401773737,2025,2025-10-11T18:00:00.000Z,0
401773738,2025,2025-10-25T18:00:00.000Z,0
401773739,2025,2025-11-01T17:00:00.000Z,0
401773740,2025,2025-11-08T18:00:00.000Z,0
401773741,2025,2025-11-15T19:00:00.000Z,0
401773742,2025,2025-09-06T22:00:00.000Z,0
401773743,2025,2025-09-13T17:00:00.000Z,0
401773744,2025,2025-09-20T17:00:00.000Z,0
401773745,2025,2025-09-27T17:00:00.000Z,0
401773746,2025,2025-10-04T17:00:00.000Z,0
401773747,2025,2025-10-11T19:00:00.000Z,0
401773748,2025,2025-10-25T23:00:00.000Z,0
401773749,2025,2025-11-08T18:00:00.000Z,0
401773750,2025,2025-11-15T18:00:00.000Z,0
401773751,2025,2025-09-06T18:00:00.000Z,0
401773752,2025,2025-09-13T19:00:00.000Z,0
401773753,2025,2025-09-20T18:00:00.000Z,0
401773754,2025,2025-10-11T19:00:00.000Z,0
401773755,2025,2025-10-25T18:00:00.000Z,0
401773756,2025,2025-11-01T19:00:00.000Z,0
401773757,2025,2025-11-08T20:00:00.000Z,0
401773758,2025,2025-11-15T19:00:00.000Z,0
401773759,2025,2025-09-06T23:00:00.000Z,0
401773760,2025,2025-09-13T23:00:00.000Z,0
401773761,2025,2025-09-20T19:30:00.000Z,0
401773762,2025,2025-09-27T19:00:00.000Z,0
401773763,2025,2025-10-11T23:00:00.000Z,0
401773764,2025,2025-10-18T21:00:00.000Z,0
401773765,2025,2025-11-01T18:00:00.000Z,0
401773766,2025,2025-11-15T19:00:00.000Z,0
401773767,2025,2025-09-06T18:00:00.000Z,0
401773768,2025,2025-09-13T19:00:00.000Z,0
401773769,2025,2025-09-27T18:00:00.000Z,0
401773770,2025,2025-10-04T18:00:00.000Z,0
401773771,2025,2025-10-11T18:00:00.000Z,0
401773772,2025,2025-10-25T18:00:00.000Z,0
401773773,2025,2025-11-08T19:00:00.000Z,0
401773774,2025,2025-11-15T19:00:00.000Z,0
401773775,2025,2025-09-06T23:30:00.000Z,0
401773776,2025,2025-09-27T17:00:00.000Z,0
401773777,2025,2025-10-04T17:00:00.000Z,0
401773778,2025,2025-10-25T19:00:00.000Z,0
401773779,2025,2025-11-01T17:00:00.000Z,0
401773780,2025,2025-11-08T19:00:00.000Z,0
401773781,2025,2025-11-15T18:00:00.000Z,0
401773782,2025,2025-09-13T21:00:00.000Z,0
401773783,2025,2025-09-20T18:00:00.000Z,0
401773784,2025,2025-09-27T19:00:00.000Z,0
401773785,2025,2025-10-11T18:00:00.000Z,0
401773786,2025,2025-10-25T18:00:00.000Z,0
401773787,2025,2025-11-01T17:00:00.000Z,0
401773788,2025,2025-08-29T00:00:00.000Z,0
401773789,2025,2025-09-20T18:00:00.000Z,0
401773790,2025,2025-10-11T22:00:00.000Z,0
401773791,2025,2025-11-01T18:00:00.000Z,0
401773792,2025,2025-11-08T19:00:00.000Z,0
401773793,2025,2025-09-13T18:00:00.000Z,0
401773794,2025,2025-09-20T18:00:00.000Z,0
401773795,2025,2025-09-27T18:00:00.000Z,0
401773796,2025,2025-10-04T17:00:00.000Z,0
401773797,2025,2025-11-15T18:00:00.000Z,0
401773798,2025,2025-09-06T23:00:00.000Z,0
401773799,2025,2025-10-04T18:00:00.000Z,0
401773800,2025,2025-09-13T16:00:00.000Z,0
401773801,2025,2025-09-20T18:00:00.000Z,0
401773802,2025,2025-09-27T17:00:00.000Z,0
401773803,2025,2025-10-04T18:00:00.000Z,0
401773804,2025,2025-10-11T22:05:00.000Z,0
401773805,2025,2025-10-18T18:00:00.000Z,0
401773806,2025,2025-10-25T16:00:00.000Z,0
401773807,2025,2025-11-01T16:00:00.000Z,0
401773808,2025,2025-11-08T19:00:00.000Z,0
401773809,2025,2025-11-15T17:00:00.000Z,0
401773810,2025,2025-09-13T16:00:00.000Z,0
401773811,2025,2025-09-20T16:00:00.000Z,0
401773812,2025,2025-09-27T22:00:00.000Z,0
401773813,2025,2025-10-04T16:00:00.000Z,0
401773814,2025,2025-10-11T18:00:00.000Z,0
401773815,2025,2025-10-18T19:00:00.000Z,0
401773816,2025,2025-10-25T18:00:00.000Z,0
401773817,2025,2025-11-08T17:00:00.000Z,0
401773818,2025,2025-11-15T18:00:00.000Z,0
401773819,2025,2025-09-13T17:00:00.000Z,0
401773820,2025,2025-09-20T17:00:00.000Z,0
401773821,2025,2025-09-27T16:00:00.000Z,0
401773822,2025,2025-10-11T16:00:00.000Z,0
401773823,2025,2025-10-25T18:00:00.000Z,0
401773824,2025,2025-11-01T17:00:00.000Z,0
401773825,2025,2025-11-08T17:00:00.000Z,0
401773826,2025,2025-11-15T18:05:00.000Z,0
401773827,2025,2025-08-28T23:05:00.000Z,0
401773828,2025,2025-09-13T17:00:00.000Z,0
401773829,2025,2025-10-04T18:00:00.000Z,0
401773830,2025,2025-10-25T16:00:00.000Z,0
401773831,2025,2025-11-01T16:00:00.000Z,0
401773832,2025,2025-11-08T17:00:00.000Z,0
401773833,2025,2025-11-15T17:00:00.000Z,0
401773834,2025,2025-09-13T17:00:00.000Z,0
401773835,2025,2025-09-20T16:00:00.000Z,0
401773836,2025,2025-10-04T16:00:00.000Z,0
401773837,2025,2025-10-18T18:00:00.000Z,0
401773838,2025,2025-11-01T18:00:00.000Z,0
401773839,2025,2025-11-15T18:00:00.000Z,0
401773840,2025,2025-09-13T20:00:00.000Z,0
401773841,2025,2025-09-20T18:00:00.000Z,0
401773842,2025,2025-09-27T16:00:00.000Z,0
401773843,2025,2025-10-18T17:00:00.000Z,0
401773844,2025,2025-11-15T17:00:00.000Z,0
401773845,2025,2025-09-27T16:00:00.000Z,0
401773846,2025,2025-10-04T16:00:00.000Z,0
401773847,2025,2025-10-11T22:00:00.000Z,0
401773848,2025,2025-10-18T19:00:00.000Z,0
401773849,2025,2025-10-25T16:00:00.000Z,0
401773850,2025,2025-11-01T16:00:00.000Z,0
401773851,2025,2025-09-27T17:00:00.000Z,0
401773852,2025,2025-10-18T17:00:00.000Z,0
401773853,2025,2025-10-25T17:00:00.000Z,0
401773854,2025,2025-11-01T16:00:00.000Z,0
401773855,2025,2025-11-08T18:00:00.000Z,0
401773856,2025,2025-09-27T16:00:00.000Z,0
401773857,2025,2025-10-04T18:00:00.000Z,0
401773858,2025,2025-10-11T17:00:00.000Z,0
401773859,2025,2025-11-08T23:05:00.000Z,0
401773861,2025,2025-09-20T18:00:00.000Z,0
401773862,2025,2025-10-11T16:00:00.000Z,0
401773863,2025,2025-11-15T17:00:00.000Z,0
401773864,2025,2025-09-13T22:00:00.000Z,0
401773865,2025,2025-10-11T16:00:00.000Z,0
401773866,2025,2025-10-25T16:00:00.000Z,0
401773867,2025,2025-11-01T16:00:00.000Z,0
401773868,2025,2025-09-20T22:00:00.000Z,0
401773869,2025,2025-10-18T22:05:00.000Z,0
401773870,2025,2025-11-08T18:00:00.000Z,0
401773872,2025,2025-09-21T00:00:00.000Z,0
401773873,2025,2025-10-04T18:00:00.000Z,0
401773874,2025,2025-10-12T00:00:00.000Z,0
401773875,2025,2025-10-18T18:00:00.000Z,0
401773876,2025,2025-10-26T00:00:00.000Z,0
401773877,2025,2025-11-01T19:00:00.000Z,0
401773878,2025,2025-11-08T19:00:00.000Z,0
401773879,2025,2025-11-15T19:00:00.000Z,0
401773880,2025,2025-09-14T00:00:00.000Z,0
401773881,2025,2025-09-20T18:00:00.000Z,0
401773882,2025,2025-09-27T19:00:00.000Z,0
401773883,2025,2025-10-05T00:00:00.000Z,0
401773884,2025,2025-10-11T19:00:00.000Z,0
401773885,2025,2025-11-01T19:00:00.000Z,0
401773886,2025,2025-11-15T20:00:00.000Z,0
401773887,2025,2025-09-20T18:00:00.000Z,0
401773888,2025,2025-09-27T19:00:00.000Z,0
401773889,2025,2025-10-11T19:00:00.000Z,0
401773890,2025,2025-10-18T18:00:00.000Z,0
401773891,2025,2025-11-01T18:00:00.000Z,0
401773892,2025,2025-11-08T20:00:00.000Z,0
401773893,2025,2025-11-15T20:00:00.000Z,0
401773894,2025,2025-10-04T18:00:00.000Z,0
401773895,2025,2025-10-11T18:00:00.000Z,0
401773896,2025,2025-10-25T19:00:00.000Z,0
401773897,2025,2025-11-01T18:00:00.000Z,0
401773898,2025,2025-11-08T19:00:00.000Z,0
401773899,2025,2025-11-15T19:00:00.000Z,0
401773900,2025,2025-09-07T02:00:00.000Z,0
401773901,2025,2025-09-27T20:00:00.000Z,0
401773902,2025,2025-10-04T18:00:00.000Z,0
401773903,2025,2025-10-11T20:00:00.000Z,0
401773904,2025,2025-10-25T20:00:00.000Z,0
401773905,2025,2025-11-08T20:00:00.000Z,0
401773906,2025,2025-09-20T19:00:00.000Z,0
401773907,2025,2025-09-27T19:00:00.000Z,0
401773908,2025,2025-10-04T19:00:00.000Z,0
401773909,2025,2025-10-18T19:00:00.000Z,0
401773910,2025,2025-08-29T00:00:00.000Z,0
401773911,2025,2025-09-13T19:30:00.000Z,0
401773912,2025,2025-10-18T18:00:00.000Z,0
401773913,2025,2025-11-08T21:00:00.000Z,0
401773914,2025,2025-11-01T19:00:00.000Z,0
401773915,2025,2025-11-15T20:00:00.000Z,0
401773917,2025,2025-09-13T18:00:00.000Z,0
401773918,2025,2025-09-20T17:00:00.000Z,0
401773919,2025,2025-09-27T17:00:00.000Z,0
401773920,2025,2025-10-04T18:00:00.000Z,0
401773921,2025,2025-10-11T19:00:00.000Z,0
401773922,2025,2025-10-18T17:00:00.000Z,0
401773924,2025,2025-11-01T20:00:00.000Z,0
401773925,2025,2025-11-08T23:00:00.000Z,0
401773926,2025,2025-08-30T22:00:00.000Z,0
401773927,2025,2025-09-06T17:00:00.000Z,0
401773928,2025,2025-09-13T22:00:00.000Z,0
401773929,2025,2025-09-20T23:00:00.000Z,0
401773931,2025,2025-10-04T22:00:00.000Z,0
401773932,2025,2025-10-11T22:00:00.000Z,0
401773933,2025,2025-10-25T22:00:00.000Z,0
401773934,2025,2025-11-01T17:00:00.000Z,0
401773935,2025,2025-11-15T18:00:00.000Z,0
401773936,2025,2025-09-13T17:00:00.000Z,0
401773937,2025,2025-09-20T17:00:00.000Z,0
401773938,2025,2025-09-27T22:00:00.000Z,0
401773939,2025,2025-10-04T17:00:00.000Z,0
401773941,2025,2025-10-25T19:00:00.000Z,0
401773942,2025,2025-11-08T18:00:00.000Z,0
401773943,2025,2025-11-15T18:00:00.000Z,0
401773944,2025,2025-09-13T22:00:00.000Z,0
401773945,2025,2025-09-20T18:00:00.000Z,0
401773946,2025,2025-10-11T18:30:00.000Z,0
401773947,2025,2025-10-18T17:00:00.000Z,0
401773948,2025,2025-10-25T22:00:00.000Z,0
401773949,2025,2025-11-15T19:00:00.000Z,0
401773950,2025,2025-09-06T22:00:00.000Z,0
401773951,2025,2025-09-27T22:00:00.000Z,0
401773952,2025,2025-10-18T19:00:00.000Z,0
401773953,2025,2025-10-25T17:00:00.000Z,0
401773954,2025,2025-11-01T19:00:00.000Z,0
401773955,2025,2025-09-06T22:00:00.000Z,0
401773956,2025,2025-09-13T23:00:00.000Z,0
401773957,2025,2025-10-04T23:00:00.000Z,0
401773958,2025,2025-10-11T18:00:00.000Z,0
401773959,2025,2025-10-18T22:00:00.000Z,0
401773961,2025,2025-08-30T23:00:00.000Z,0
401773962,2025,2025-09-27T18:00:00.000Z,0
401773964,2025,2025-11-01T18:00:00.000Z,0
401773965,2025,2025-11-08T19:00:00.000Z,0
401773966,2025,2025-09-20T22:00:00.000Z,0
401773968,2025,2025-11-08T18:00:00.000Z,0
401773969,2025,2025-11-15T20:00:00.000Z,0
401773972,2025,2025-09-06T18:00:00.000Z,0
401773973,2025,2025-09-27T17:00:00.000Z,0
401773974,2025,2025-10-04T19:00:00.000Z,0
401773975,2025,2025-10-11T17:00:00.000Z,0
401773976,2025,2025-10-18T17:00:00.000Z,0
401773977,2025,2025-10-25T18:00:00.000Z,0
401773978,2025,2025-11-01T17:00:00.000Z,0
401773979,2025,2025-11-08T19:00:00.000Z,0
401773980,2025,2025-09-13T22:00:00.000Z,0
401773981,2025,2025-09-20T22:00:00.000Z,0
401773982,2025,2025-10-04T18:00:00.000Z,0
401773983,2025,2025-10-11T22:00:00.000Z,0
401773984,2025,2025-10-25T19:00:00.000Z,0
401773985,2025,2025-11-01T17:00:00.000Z,0
401773986,2025,2025-11-08T19:00:00.000Z,0
401773987,2025,2025-09-13T17:00:00.000Z,0
401773988,2025,2025-09-18T23:00:00.000Z,0
401773989,2025,2025-09-27T19:00:00.000Z,0
401773990,2025,2025-10-11T18:00:00.000Z,0
401773991,2025,2025-10-18T20:00:00.000Z,0
401773992,2025,2025-11-01T18:00:00.000Z,0
401773993,2025,2025-11-08T20:00:00.000Z,0
401773994,2025,2025-09-06T19:00:00.000Z,0
401773995,2025,2025-09-11T23:00:00.000Z,0
401773996,2025,2025-10-18T19:00:00.000Z,0
401773997,2025,2025-10-25T17:00:00.000Z,0
401773998,2025,2025-11-01T19:00:00.000Z,0
401773999,2025,2025-11-08T23:00:00.000Z,0
401774000,2025,2025-09-27T19:00:00.000Z,0
401774001,2025,2025-10-04T17:00:00.000Z,0
401774002,2025,2025-10-18T19:00:00.000Z,0
401774003,2025,2025-10-25T19:00:00.000Z,0
401774004,2025,2025-11-01T22:00:00.000Z,0
401774005,2025,2025-09-20T17:00:00.000Z,0
401774006,2025,2025-09-27T22:00:00.000Z,0
401774007,2025,2025-10-04T23:00:00.000Z,0
401774008,2025,2025-10-11T17:00:00.000Z,0
401774009,2025,2025-10-18T17:00:00.000Z,0
401774010,2025,2025-10-25T19:00:00.000Z,0
401774011,2025,2025-08-30T17:00:00.000Z,0
401774012,2025,2025-09-06T23:00:00.000Z,0
401774013,2025,2025-09-20T16:00:00.000Z,0
401774014,2025,2025-09-27T17:00:00.000Z,0
401774015,2025,2025-10-18T18:00:00.000Z,0
401774016,2025,2025-10-25T17:00:00.000Z,0
401774017,2025,2025-11-01T18:00:00.000Z,0
401774018,2025,2025-09-27T22:00:00.000Z,0
401774019,2025,2025-10-04T19:00:00.000Z,0
401774020,2025,2025-10-11T18:00:00.000Z,0
401774021,2025,2025-11-08T20:00:00.000Z,0
401774022,2025,2025-10-11T19:00:00.000Z,0
401774023,2025,2025-11-01T19:00:00.000Z,0
401774024,2025,2025-09-06T20:00:00.000Z,0
401774025,2025,2025-09-20T19:00:00.000Z,0
401774026,2025,2025-11-08T20:00:00.000Z,0
401774027,2025,2025-08-30T22:00:00.000Z,0
401774028,2025,2025-08-31T23:00:00.000Z,0
401774036,2025,2025-09-06T15:00:00.000Z,0
401774037,2025,2025-09-13T16:00:00.000Z,0
401774038,2025,2025-09-20T17:00:00.000Z,0
401774039,2025,2025-10-04T16:00:00.000Z,0
401774040,2025,2025-10-11T19:00:00.000Z,0
401774041,2025,2025-10-25T17:00:00.000Z,0
401774042,2025,2025-11-01T17:00:00.000Z,0
401774043,2025,2025-11-08T18:00:00.000Z,0
401774044,2025,2025-09-06T16:00:00.000Z,0
401774045,2025,2025-09-13T16:00:00.000Z,0
401774046,2025,2025-09-20T19:00:00.000Z,0
401774047,2025,2025-09-27T16:00:00.000Z,0
401774048,2025,2025-10-04T17:00:00.000Z,0
401774049,2025,2025-11-08T17:00:00.000Z,0
401774050,2025,2025-11-15T17:00:00.000Z,0
401774051,2025,2025-09-06T17:00:00.000Z,0
401774052,2025,2025-09-13T16:00:00.000Z,0
401774053,2025,2025-09-20T17:00:00.000Z,0
401774054,2025,2025-10-11T16:00:00.000Z,0
401774055,2025,2025-10-25T16:00:00.000Z,0
401774056,2025,2025-11-01T16:00:00.000Z,0
401774057,2025,2025-09-06T16:00:00.000Z,0
401774058,2025,2025-09-13T22:00:00.000Z,0
401774059,2025,2025-09-20T17:00:00.000Z,0
401774060,2025,2025-11-08T18:00:00.000Z,0
401774061,2025,2025-11-15T19:00:00.000Z,0
401774062,2025,2025-09-04T23:00:00.000Z,0
401774063,2025,2025-09-13T17:00:00.000Z,0
401774064,2025,2025-09-20T17:00:00.000Z,0
401774065,2025,2025-10-04T17:00:00.000Z,0
401774066,2025,2025-10-11T17:00:00.000Z,0
401774067,2025,2025-10-18T17:00:00.000Z,0
401774068,2025,2025-10-25T17:00:00.000Z,0
401774069,2025,2025-11-01T17:00:00.000Z,0
401774070,2025,2025-11-08T17:00:00.000Z,0
401774071,2025,2025-11-15T18:00:00.000Z,0
401774072,2025,2025-09-06T17:00:00.000Z,0
401774073,2025,2025-09-13T16:00:00.000Z,0
401774074,2025,2025-09-20T17:00:00.000Z,0
401774075,2025,2025-10-03T22:00:00.000Z,0
401774076,2025,2025-10-11T16:00:00.000Z,0
401774077,2025,2025-10-18T17:00:00.000Z,0
401774078,2025,2025-10-25T17:00:00.000Z,0
401774079,2025,2025-11-01T18:00:00.000Z,0
401774080,2025,2025-11-08T17:00:00.000Z,0
401774081,2025,2025-09-05T23:00:00.000Z,0
401774082,2025,2025-09-13T17:00:00.000Z,0
401774083,2025,2025-09-20T18:00:00.000Z,0
401774084,2025,2025-09-27T19:00:00.000Z,0
401774085,2025,2025-10-04T17:00:00.000Z,0
401774086,2025,2025-10-11T17:00:00.000Z,0
401774087,2025,2025-10-18T17:00:00.000Z,0
401774088,2025,2025-11-01T16:00:00.000Z,0
401774089,2025,2025-11-08T17:00:00.000Z,0
401774090,2025,2025-11-15T18:00:00.000Z,0
401774091,2025,2025-09-06T16:00:00.000Z,0
401774092,2025,2025-09-13T16:00:00.000Z,0
401774093,2025,2025-09-27T16:00:00.000Z,0
401774094,2025,2025-10-11T16:00:00.000Z,0
401774095,2025,2025-10-25T17:00:00.000Z,0
401774096,2025,2025-11-01T17:00:00.000Z,0
401774097,2025,2025-11-08T17:00:00.000Z,0
401774098,2025,2025-11-15T17:30:00.000Z,0
401774099,2025,2025-09-13T16:00:00.000Z,0
401774100,2025,2025-09-27T17:00:00.000Z,0
401774101,2025,2025-10-04T17:00:00.000Z,0
401774102,2025,2025-10-11T17:00:00.000Z,0
401774103,2025,2025-10-25T17:00:00.000Z,0
401774104,2025,2025-11-01T16:00:00.000Z,0
401774105,2025,2025-11-15T18:00:00.000Z,0
401774106,2025,2025-10-04T16:00:00.000Z,0
401774107,2025,2025-10-11T17:00:00.000Z,0
401774108,2025,2025-10-25T17:00:00.000Z,0
401774109,2025,2025-11-01T17:00:00.000Z,0
401774110,2025,2025-11-08T17:00:00.000Z,0
401774111,2025,2025-09-06T22:00:00.000Z,0
401774112,2025,2025-09-20T16:00:00.000Z,0
401774113,2025,2025-09-27T16:00:00.000Z,0
401774114,2025,2025-10-11T17:00:00.000Z,0
401774115,2025,2025-11-01T17:00:00.000Z,0
401774116,2025,2025-11-15T18:00:00.000Z,0
401774117,2025,2025-09-27T21:00:00.000Z,0
401774118,2025,2025-10-04T20:00:00.000Z,0
401774119,2025,2025-11-08T17:00:00.000Z,0
401774120,2025,2025-09-06T17:00:00.000Z,0
401774121,2025,2025-09-13T23:00:00.000Z,0
401774122,2025,2025-09-20T17:15:00.000Z,0
401774123,2025,2025-09-27T22:00:00.000Z,0
401774124,2025,2025-10-04T17:00:00.000Z,0
401774125,2025,2025-10-16T23:00:00.000Z,0
401774126,2025,2025-10-25T17:00:00.000Z,0
401774127,2025,2025-11-01T17:00:00.000Z,0
401774128,2025,2025-11-08T18:00:00.000Z,0
401774129,2025,2025-11-15T18:00:00.000Z,0
401774130,2025,2025-09-06T16:00:00.000Z,0
401774131,2025,2025-09-13T16:00:00.000Z,0
401774132,2025,2025-09-20T16:00:00.000Z,0
401774133,2025,2025-10-04T17:00:00.000Z,0
401774134,2025,2025-10-11T16:00:00.000Z,0
401774135,2025,2025-10-18T16:00:00.000Z,0
401774136,2025,2025-10-25T16:00:00.000Z,0
401774137,2025,2025-11-01T17:00:00.000Z,0
401774138,2025,2025-11-08T17:00:00.000Z,0
401774139,2025,2025-11-14T23:00:00.000Z,0
401774140,2025,2025-09-06T21:00:00.000Z,0
401774141,2025,2025-09-20T17:00:00.000Z,0
401774142,2025,2025-09-27T17:00:00.000Z,0
401774143,2025,2025-10-18T17:00:00.000Z,0
401774144,2025,2025-10-25T17:00:00.000Z,0
401774145,2025,2025-11-08T17:00:00.000Z,0
401774146,2025,2025-11-15T17:00:00.000Z,0
401774147,2025,2025-09-05T23:00:00.000Z,0
401774148,2025,2025-09-20T18:00:00.000Z,0
401774149,2025,2025-09-27T16:00:00.000Z,0
401774150,2025,2025-10-04T17:00:00.000Z,0
401774151,2025,2025-10-18T18:00:00.000Z,0
401774152,2025,2025-10-25T16:00:00.000Z,0
401774153,2025,2025-11-01T16:00:00.000Z,0
401774154,2025,2025-11-08T17:00:00.000Z,0
401774155,2025,2025-11-15T00:00:00.000Z,0
401774158,2025,2025-09-04T23:00:00.000Z,0
401774159,2025,2025-09-13T16:00:00.000Z,0
401774160,2025,2025-09-20T18:00:00.000Z,0
401774161,2025,2025-10-04T18:00:00.000Z,0
401774162,2025,2025-10-11T16:40:00.000Z,0
401774163,2025,2025-10-18T18:00:00.000Z,0
401774164,2025,2025-10-25T18:00:00.000Z,0
401774165,2025,2025-11-01T18:00:00.000Z,0
401774166,2025,2025-11-08T19:00:00.000Z,0
401774167,2025,2025-11-15T19:00:00.000Z,0
401774168,2025,2025-09-13T16:00:00.000Z,0
401774169,2025,2025-10-04T18:00:00.000Z,0
401774170,2025,2025-10-18T18:00:00.000Z,0
401774171,2025,2025-10-25T19:00:00.000Z,0
401774172,2025,2025-11-01T18:00:00.000Z,0
401774173,2025,2025-11-08T19:00:00.000Z,0
401774174,2025,2025-11-15T19:00:00.000Z,0
401774175,2025,2025-09-06T20:00:00.000Z,0
401774176,2025,2025-09-13T18:00:00.000Z,0
401774177,2025,2025-10-04T18:00:00.000Z,0
401774178,2025,2025-10-11T18:00:00.000Z,0
401774179,2025,2025-11-01T18:00:00.000Z,0
401774180,2025,2025-11-08T19:00:00.000Z,0
401774181,2025,2025-11-15T19:00:00.000Z,0
401774182,2025,2025-09-06T18:00:00.000Z,0
401774183,2025,2025-09-20T17:00:00.000Z,0
401774184,2025,2025-10-04T18:00:00.000Z,0
401774185,2025,2025-10-11T18:00:00.000Z,0
401774186,2025,2025-10-25T18:00:00.000Z,0
401774187,2025,2025-11-08T20:00:00.000Z,0
401774188,2025,2025-09-06T18:00:00.000Z,0
401774189,2025,2025-09-13T18:00:00.000Z,0
401774190,2025,2025-09-21T01:00:00.000Z,0
401774191,2025,2025-10-11T18:00:00.000Z,0
401774192,2025,2025-10-18T18:00:00.000Z,0
401774193,2025,2025-10-25T18:00:00.000Z,0
401774194,2025,2025-09-20T23:00:00.000Z,0
401774195,2025,2025-10-18T00:00:00.000Z,0
401774196,2025,2025-11-15T19:00:00.000Z,0
401774197,2025,2025-09-06T18:00:00.000Z,0
401774199,2025,2025-09-20T16:00:00.000Z,0
401774200,2025,2025-11-01T18:00:00.000Z,0
401774208,2025,2025-09-06T22:00:00.000Z,0
401774209,2025,2025-09-13T22:00:00.000Z,0
401774210,2025,2025-09-20T17:00:00.000Z,0
401774211,2025,2025-10-04T17:00:00.000Z,0
401774212,2025,2025-10-11T19:00:00.000Z,0
401774213,2025,2025-10-18T17:00:00.000Z,0
401774214,2025,2025-10-25T16:00:00.000Z,0
401774215,2025,2025-11-01T17:00:00.000Z,0
401774216,2025,2025-11-08T19:00:00.000Z,0
401774217,2025,2025-11-15T18:00:00.000Z,0
401774218,2025,2025-09-04T22:00:00.000Z,0
401774219,2025,2025-09-13T17:00:00.000Z,0
401774220,2025,2025-09-20T16:00:00.000Z,0
401774221,2025,2025-10-04T17:00:00.000Z,0
401774222,2025,2025-10-11T16:00:00.000Z,0
401774223,2025,2025-10-18T18:00:00.000Z,0
401774224,2025,2025-11-01T21:00:00.000Z,0
401774225,2025,2025-11-08T17:00:00.000Z,0
401774226,2025,2025-11-15T18:00:00.000Z,0
401774227,2025,2025-09-06T17:00:00.000Z,0
401774228,2025,2025-09-13T22:00:00.000Z,0
401774229,2025,2025-09-27T17:00:00.000Z,0
401774230,2025,2025-10-04T18:00:00.000Z,0
401774231,2025,2025-10-11T17:00:00.000Z,0
401774232,2025,2025-10-25T17:00:00.000Z,0
401774233,2025,2025-11-08T18:00:00.000Z,0
401774234,2025,2025-11-15T17:00:00.000Z,0
401774235,2025,2025-09-06T18:00:00.000Z,0
401774236,2025,2025-09-13T18:00:00.000Z,0
401774238,2025,2025-10-04T18:00:00.000Z,0
401774239,2025,2025-10-11T17:00:00.000Z,0
401774240,2025,2025-10-18T18:00:00.000Z,0
401774241,2025,2025-10-25T17:00:00.000Z,0
401774242,2025,2025-11-01T17:00:00.000Z,0
401774243,2025,2025-11-08T18:00:00.000Z,0
401774244,2025,2025-11-15T17:00:00.000Z,0
401774245,2025,2025-09-06T17:00:00.000Z,0
401774246,2025,2025-09-13T18:00:00.000Z,0
401774247,2025,2025-10-04T15:00:00.000Z,0
401774248,2025,2025-10-18T17:00:00.000Z,0
401774249,2025,2025-10-25T22:00:00.000Z,0
401774250,2025,2025-11-01T16:00:00.000Z,0
401774251,2025,2025-09-07T02:00:00.000Z,0
401774252,2025,2025-09-20T19:00:00.000Z,0
401774253,2025,2025-09-28T02:00:00.000Z,0
401774254,2025,2025-10-05T02:00:00.000Z,0
401774255,2025,2025-10-11T20:00:00.000Z,0
401774256,2025,2025-10-19T02:00:00.000Z,0
401774257,2025,2025-10-26T02:00:00.000Z,0
401774258,2025,2025-11-01T20:00:00.000Z,0
401774259,2025,2025-11-08T21:00:00.000Z,0
401774260,2025,2025-09-20T20:00:00.000Z,0
401774261,2025,2025-09-28T02:00:00.000Z,0
401774262,2025,2025-10-05T02:00:00.000Z,0
401774263,2025,2025-10-18T20:00:00.000Z,0
401774264,2025,2025-10-26T02:00:00.000Z,0
401774265,2025,2025-11-01T20:00:00.000Z,0
401774266,2025,2025-09-20T20:00:00.000Z,0
401774267,2025,2025-09-28T02:00:00.000Z,0
401774268,2025,2025-10-12T02:00:00.000Z,0
401774269,2025,2025-10-19T02:00:00.000Z,0
401774270,2025,2025-11-02T02:00:00.000Z,0
401774271,2025,2025-11-08T21:00:00.000Z,0
401774272,2025,2025-09-05T00:00:00.000Z,0
401774273,2025,2025-09-21T00:00:00.000Z,0
401774274,2025,2025-09-27T18:00:00.000Z,0
401774275,2025,2025-10-11T23:00:00.000Z,0
401774276,2025,2025-10-18T18:00:00.000Z,0
401774277,2025,2025-10-25T21:00:00.000Z,0
401774278,2025,2025-11-01T23:00:00.000Z,0
401774279,2025,2025-11-08T19:00:00.000Z,0
401774280,2025,2025-09-06T16:00:00.000Z,0
401774281,2025,2025-10-11T17:00:00.000Z,0
401774282,2025,2025-10-18T18:00:00.000Z,0
401774283,2025,2025-10-25T19:00:00.000Z,0
401774284,2025,2025-11-01T17:00:00.000Z,0
401774285,2025,2025-11-08T19:00:00.000Z,0
401774287,2025,2025-09-13T17:00:00.000Z,0
401774288,2025,2025-10-04T17:00:00.000Z,0
401774289,2025,2025-10-18T17:00:00.000Z,0
401774299,2025,2025-09-06T16:00:00.000Z,0
401774300,2025,2025-09-13T16:00:00.000Z,0
401774301,2025,2025-09-20T17:00:00.000Z,0
401774302,2025,2025-09-27T17:00:00.000Z,0
401774303,2025,2025-10-04T17:00:00.000Z,0
401774305,2025,2025-10-25T17:00:00.000Z,0
401774306,2025,2025-11-01T16:00:00.000Z,0
401774307,2025,2025-11-08T17:00:00.000Z,0
401774308,2025,2025-11-15T18:00:00.000Z,0
401774309,2025,2025-09-20T23:00:00.000Z,0
401774310,2025,2025-10-25T17:00:00.000Z,0
401774311,2025,2025-11-01T17:00:00.000Z,0
401774312,2025,2025-11-08T23:00:00.000Z,0
401774313,2025,2025-11-14T23:00:00.000Z,0
401774314,2025,2025-09-13T17:00:00.000Z,0
401774315,2025,2025-10-04T17:00:00.000Z,0
401774316,2025,2025-10-11T17:00:00.000Z,0
401774317,2025,2025-10-25T17:00:00.000Z,0
401774318,2025,2025-11-08T18:00:00.000Z,0
401774319,2025,2025-11-15T18:00:00.000Z,0
401774320,2025,2025-09-06T17:00:00.000Z,0
401774321,2025,2025-09-13T16:00:00.000Z,0
401774322,2025,2025-10-04T17:00:00.000Z,0
401774323,2025,2025-10-11T19:00:00.000Z,0
401774324,2025,2025-11-01T16:00:00.000Z,0
401774325,2025,2025-11-08T22:00:00.000Z,0
401774335,2025,2025-09-06T22:00:00.000Z,0
401774336,2025,2025-09-13T23:30:00.000Z,0
401774337,2025,2025-09-20T16:00:00.000Z,0
401774338,2025,2025-10-04T17:00:00.000Z,0
401774339,2025,2025-10-11T22:00:00.000Z,0
401774340,2025,2025-10-25T17:00:00.000Z,0
401774341,2025,2025-11-01T17:00:00.000Z,0
401774342,2025,2025-11-15T17:00:00.000Z,0
401774343,2025,2025-09-06T23:00:00.000Z,0
401774344,2025,2025-09-13T23:00:00.000Z,0
401774345,2025,2025-09-20T17:00:00.000Z,0
401774346,2025,2025-10-04T17:00:00.000Z,0
401774347,2025,2025-10-18T23:00:00.000Z,0
401774348,2025,2025-10-25T17:30:00.000Z,0
401774349,2025,2025-11-15T19:00:00.000Z,0
401774350,2025,2025-09-27T18:00:00.000Z,0
401774351,2025,2025-10-04T18:00:00.000Z,0
401774352,2025,2025-10-11T23:00:00.000Z,0
401774353,2025,2025-10-18T18:00:00.000Z,0
401774354,2025,2025-10-25T18:00:00.000Z,0
401774355,2025,2025-11-01T18:00:00.000Z,0
401774356,2025,2025-11-08T18:00:00.000Z,0
401774357,2025,2025-11-15T18:00:00.000Z,0
401774358,2025,2025-09-20T18:00:00.000Z,0
401774359,2025,2025-09-27T18:00:00.000Z,0
401774360,2025,2025-10-04T18:00:00.000Z,0
401774361,2025,2025-10-11T19:00:00.000Z,0
401774362,2025,2025-10-25T18:00:00.000Z,0
401774363,2025,2025-11-01T17:00:00.000Z,0
401774364,2025,2025-11-08T19:00:00.000Z,0
401774365,2025,2025-11-15T18:00:00.000Z,0
401774366,2025,2025-09-06T23:00:00.000Z,0
401774367,2025,2025-09-20T18:00:00.000Z,0
401774368,2025,2025-09-27T18:00:00.000Z,0
401774369,2025,2025-10-04T18:00:00.000Z,0
401774370,2025,2025-10-11T18:00:00.000Z,0
401774371,2025,2025-10-18T18:00:00.000Z,0
401774372,2025,2025-10-25T18:00:00.000Z,0
401774373,2025,2025-11-01T17:00:00.000Z,0
401774374,2025,2025-09-20T18:00:00.000Z,0
401774375,2025,2025-10-04T23:00:00.000Z,0
401774376,2025,2025-10-11T18:00:00.000Z,0
401774377,2025,2025-10-18T15:30:00.000Z,0
401774378,2025,2025-10-25T18:00:00.000Z,0
401774379,2025,2025-11-15T18:00:00.000Z,0
401774380,2025,2025-09-20T23:00:00.000Z,0
401774381,2025,2025-10-11T23:00:00.000Z,0
401774382,2025,2025-11-01T18:00:00.000Z,0
401774383,2025,2025-11-08T18:00:00.000Z,0
401774384,2025,2025-11-15T18:00:00.000Z,0
401774385,2025,2025-09-27T18:00:00.000Z,0
401774386,2025,2025-10-04T23:00:00.000Z,0
401774387,2025,2025-10-18T18:00:00.000Z,0
401774388,2025,2025-11-08T18:00:00.000Z,0
401774389,2025,2025-09-27T23:00:00.000Z,0
401774390,2025,2025-11-08T18:00:00.000Z,0
401774391,2025,2025-11-15T18:00:00.000Z,0
401774392,2025,2025-09-07T00:00:00.000Z,0
401774393,2025,2025-10-18T18:00:00.000Z,0
401774394,2025,2025-10-25T18:00:00.000Z,0
401774395,2025,2025-09-06T17:00:00.000Z,0
401774396,2025,2025-11-01T17:00:00.000Z,0
401774397,2025,2025-09-06T23:00:00.000Z,0
401774398,2025,2025-09-13T16:00:00.000Z,0
401774399,2025,2025-09-20T16:30:00.000Z,0
401774400,2025,2025-10-04T17:30:00.000Z,0
401774401,2025,2025-10-11T17:30:00.000Z,0
401774402,2025,2025-10-18T17:30:00.000Z,0
401774403,2025,2025-10-25T18:00:00.000Z,0
401774404,2025,2025-11-01T17:30:00.000Z,0
401774405,2025,2025-11-08T18:30:00.000Z,0
401774406,2025,2025-11-15T19:00:00.000Z,0
401774407,2025,2025-09-06T17:30:00.000Z,0
401774408,2025,2025-09-13T17:30:00.000Z,0
401774409,2025,2025-10-04T22:00:00.000Z,0
401774410,2025,2025-10-11T17:30:00.000Z,0
401774411,2025,2025-10-18T17:30:00.000Z,0
401774412,2025,2025-10-25T17:30:00.000Z,0
401774413,2025,2025-11-01T17:30:00.000Z,0
401774414,2025,2025-11-15T18:30:00.000Z,0
401774415,2025,2025-09-20T17:00:00.000Z,0
401774416,2025,2025-10-04T18:00:00.000Z,0
401774417,2025,2025-10-11T17:30:00.000Z,0
401774418,2025,2025-10-18T17:30:00.000Z,0
401774419,2025,2025-10-25T17:30:00.000Z,0
401774420,2025,2025-11-08T18:30:00.000Z,0
401774421,2025,2025-09-06T17:00:00.000Z,0
401774422,2025,2025-09-13T17:00:00.000Z,0
401774423,2025,2025-09-20T19:00:00.000Z,0
401774424,2025,2025-10-11T17:30:00.000Z,0
401774425,2025,2025-11-01T17:30:00.000Z,0
401774426,2025,2025-11-08T18:30:00.000Z,0
401774427,2025,2025-11-15T18:30:00.000Z,0
401774428,2025,2025-09-06T23:00:00.000Z,0
401774429,2025,2025-09-13T17:00:00.000Z,0
401774430,2025,2025-09-20T17:00:00.000Z,0
401774431,2025,2025-10-04T17:30:00.000Z,0
401774432,2025,2025-11-01T17:30:00.000Z,0
401774433,2025,2025-11-15T18:30:00.000Z,0
401774434,2025,2025-09-06T23:00:00.000Z,0
401774435,2025,2025-09-20T16:00:00.000Z,0
401774436,2025,2025-10-18T17:30:00.000Z,0
401774437,2025,2025-11-08T19:00:00.000Z,0
401774450,2025,2025-09-13T18:00:00.000Z,0
401774451,2025,2025-09-20T18:00:00.000Z,0
401774452,2025,2025-09-27T23:00:00.000Z,0
401774453,2025,2025-10-11T18:00:00.000Z,0
401774454,2025,2025-10-25T17:00:00.000Z,0
401774455,2025,2025-11-01T23:00:00.000Z,0
401774456,2025,2025-11-08T19:00:00.000Z,0
401774457,2025,2025-09-06T23:00:00.000Z,0
401774458,2025,2025-09-20T18:00:00.000Z,0
401774459,2025,2025-10-11T18:00:00.000Z,0
401774460,2025,2025-10-18T18:00:00.000Z,0
401774461,2025,2025-10-25T22:00:00.000Z,0
401774462,2025,2025-09-05T00:00:00.000Z,0
401774463,2025,2025-09-13T23:00:00.000Z,0
401774464,2025,2025-10-11T18:00:00.000Z,0
401774465,2025,2025-11-01T18:00:00.000Z,0
401774466,2025,2025-11-08T19:00:00.000Z,0
401774467,2025,2025-11-15T19:00:00.000Z,0
401776726,2025,2025-09-04T23:00:00.000Z,0
401776727,2025,2025-09-20T18:00:00.000Z,0
401776728,2025,2025-09-27T18:00:00.000Z,0
401776729,2025,2025-10-04T17:00:00.000Z,0
401776730,2025,2025-10-11T17:00:00.000Z,0
401776731,2025,2025-10-18T18:00:00.000Z,0
401776732,2025,2025-10-25T17:00:00.000Z,0
401776733,2025,2025-11-01T18:00:00.000Z,0
401776734,2025,2025-11-08T18:00:00.000Z,0
401776735,2025,2025-09-06T18:00:00.000Z,0
401776736,2025,2025-09-27T18:00:00.000Z,0
401776737,2025,2025-10-04T18:00:00.000Z,0
401776738,2025,2025-10-11T18:00:00.000Z,0
401776739,2025,2025-10-18T18:00:00.000Z,0
401776740,2025,2025-10-25T18:00:00.000Z,0
401776741,2025,2025-11-01T18:00:00.000Z,0
401776742,2025,2025-11-08T18:00:00.000Z,0
401776743,2025,2025-09-06T18:00:00.000Z,0
401776744,2025,2025-09-20T18:00:00.000Z,0
401776745,2025,2025-09-27T18:00:00.000Z,0
401776746,2025,2025-10-11T18:00:00.000Z,0
401776747,2025,2025-10-18T18:00:00.000Z,0
401776748,2025,2025-11-02T00:00:00.000Z,0
401776749,2025,2025-11-08T18:00:00.000Z,0
401776750,2025,2025-09-13T18:00:00.000Z,0
401776751,2025,2025-09-20T18:00:00.000Z,0
401776752,2025,2025-10-04T18:00:00.000Z,0
401776753,2025,2025-10-11T18:00:00.000Z,0
401776755,2025,2025-10-25T18:00:00.000Z,0
401776756,2025,2025-11-01T18:00:00.000Z,0
401776757,2025,2025-09-20T18:00:00.000Z,0
401776758,2025,2025-10-05T00:00:00.000Z,0
401776759,2025,2025-10-25T18:00:00.000Z,0
401776760,2025,2025-11-08T18:00:00.000Z,0
401776761,2025,2025-09-06T18:00:00.000Z,0
401776762,2025,2025-09-27T18:00:00.000Z,0
401776763,2025,2025-10-11T18:00:00.000Z,0
401776764,2025,2025-10-18T18:00:00.000Z,0
401776765,2025,2025-10-25T18:00:00.000Z,0
401776766,2025,2025-09-06T20:00:00.000Z,0
401776767,2025,2025-09-20T18:00:00.000Z,0
401776768,2025,2025-09-27T18:00:00.000Z,0
401776769,2025,2025-10-04T18:00:00.000Z,0
401776770,2025,2025-09-07T00:00:00.000Z,0
401776771,2025,2025-10-18T18:00:00.000Z,0
401776772,2025,2025-11-01T18:00:00.000Z,0
401776773,2025,2025-11-08T19:00:00.000Z,0
401776774,2025,2025-09-13T23:00:00.000Z,0
401776775,2025,2025-09-13T17:00:00.000Z,0
401776776,2025,2025-09-27T18:00:00.000Z,0
401776777,2025,2025-10-04T17:00:00.000Z,0
401776778,2025,2025-10-18T17:00:00.000Z,0
401776779,2025,2025-10-25T17:00:00.000Z,0
401776780,2025,2025-11-01T17:00:00.000Z,0
401776781,2025,2025-11-15T19:00:00.000Z,0
401776782,2025,2025-10-18T17:00:00.000Z,0
401776783,2025,2025-10-25T17:00:00.000Z,0
401776784,2025,2025-11-01T17:00:00.000Z,0
401776785,2025,2025-11-08T17:00:00.000Z,0
401776786,2025,2025-11-15T17:00:00.000Z,0
401776787,2025,2025-09-06T17:00:00.000Z,0
401776788,2025,2025-09-13T16:00:00.000Z,0
401776789,2025,2025-09-27T17:00:00.000Z,0
401776790,2025,2025-10-04T18:00:00.000Z,0
401776791,2025,2025-10-25T17:00:00.000Z,0
401776792,2025,2025-11-08T18:00:00.000Z,0
401776793,2025,2025-09-06T16:00:00.000Z,0
401776794,2025,2025-09-13T17:00:00.000Z,0
401776795,2025,2025-09-20T23:00:00.000Z,0
401776796,2025,2025-09-27T23:00:00.000Z,0
401776797,2025,2025-11-01T17:00:00.000Z,0
401776798,2025,2025-11-08T22:00:00.000Z,0
401776799,2025,2025-10-18T18:00:00.000Z,0
401776800,2025,2025-11-15T18:00:00.000Z,0
401776801,2025,2025-09-06T23:00:00.000Z,0
401776802,2025,2025-09-13T17:00:00.000Z,0
401776803,2025,2025-09-20T22:00:00.000Z,0
401776804,2025,2025-10-04T18:00:00.000Z,0
401776805,2025,2025-09-06T16:00:00.000Z,0
401776806,2025,2025-09-13T17:00:00.000Z,0
401776968,2025,2025-09-06T16:00:00.000Z,0
401776969,2025,2025-09-27T17:00:00.000Z,0
401776970,2025,2025-10-04T17:00:00.000Z,0
401776971,2025,2025-10-11T15:00:00.000Z,0
401776972,2025,2025-10-17T22:00:00.000Z,0
401776973,2025,2025-10-25T16:00:00.000Z,0
401776974,2025,2025-11-01T16:00:00.000Z,0
401776975,2025,2025-11-08T17:00:00.000Z,0
401776976,2025,2025-09-06T16:00:00.000Z,0
401776977,2025,2025-09-13T17:00:00.000Z,0
401776978,2025,2025-09-27T17:00:00.000Z,0
401776979,2025,2025-10-04T16:00:00.000Z,0
401776981,2025,2025-11-01T17:00:00.000Z,0
401776982,2025,2025-11-08T17:00:00.000Z,0
401776983,2025,2025-11-15T17:00:00.000Z,0
401776984,2025,2025-09-13T17:00:00.000Z,0
401776985,2025,2025-09-20T17:00:00.000Z,0
401776986,2025,2025-09-27T17:00:00.000Z,0
401776987,2025,2025-10-11T17:00:00.000Z,0
401776988,2025,2025-10-18T17:00:00.000Z,0
401776989,2025,2025-10-25T17:00:00.000Z,0
401776990,2025,2025-11-01T17:00:00.000Z,0
401776991,2025,2025-11-08T18:00:00.000Z,0
401776992,2025,2025-11-15T17:00:00.000Z,0
401776993,2025,2025-09-06T16:00:00.000Z,0
401776994,2025,2025-09-13T16:00:00.000Z,0
401776995,2025,2025-09-20T17:00:00.000Z,0
401776996,2025,2025-09-27T16:00:00.000Z,0
401776997,2025,2025-10-18T17:30:00.000Z,0
401776998,2025,2025-10-25T17:00:00.000Z,0
401776999,2025,2025-11-01T16:00:00.000Z,0
401777000,2025,2025-11-08T18:00:00.000Z,0
401777001,2025,2025-11-15T17:00:00.000Z,0
401777002,2025,2025-09-05T23:00:00.000Z,0
401777003,2025,2025-09-13T20:00:00.000Z,0
401777004,2025,2025-09-20T16:00:00.000Z,0
401777005,2025,2025-10-04T16:00:00.000Z,0
401777006,2025,2025-10-11T16:00:00.000Z,0
401777007,2025,2025-10-18T16:00:00.000Z,0
401777008,2025,2025-11-01T16:00:00.000Z,0
401777009,2025,2025-11-08T17:00:00.000Z,0
401777010,2025,2025-11-15T17:00:00.000Z,0
401777011,2025,2025-09-20T18:00:00.000Z,0
401777012,2025,2025-09-27T23:00:00.000Z,0
401777013,2025,2025-10-04T18:00:00.000Z,0
401777014,2025,2025-10-11T18:00:00.000Z,0
401777015,2025,2025-10-18T18:00:00.000Z,0
401777016,2025,2025-11-01T18:00:00.000Z,0
401777017,2025,2025-11-08T19:00:00.000Z,0
401777018,2025,2025-11-15T18:00:00.000Z,0
401777019,2025,2025-09-06T16:00:00.000Z,0
401777020,2025,2025-09-20T18:00:00.000Z,0
401777021,2025,2025-09-27T18:00:00.000Z,0
401777022,2025,2025-10-04T18:00:00.000Z,0
401777023,2025,2025-10-18T18:00:00.000Z,0
401777024,2025,2025-10-25T18:00:00.000Z,0
401777025,2025,2025-11-01T18:00:00.000Z,0
401777026,2025,2025-11-08T19:00:00.000Z,0
401777027,2025,2025-09-05T22:00:00.000Z,0
401777028,2025,2025-09-20T23:00:00.000Z,0
401777029,2025,2025-09-27T18:00:00.000Z,0
401777030,2025,2025-10-04T18:00:00.000Z,0
401777031,2025,2025-10-11T18:00:00.000Z,0
401777032,2025,2025-11-01T18:00:00.000Z,0
401777033,2025,2025-11-15T18:00:00.000Z,0
401777034,2025,2025-09-13T18:00:00.000Z,0
401777035,2025,2025-09-27T18:00:00.000Z,0
401777036,2025,2025-10-18T18:00:00.000Z,0
401777037,2025,2025-10-25T18:00:00.000Z,0
401777038,2025,2025-11-08T19:00:00.000Z,0
401777039,2025,2025-11-15T19:00:00.000Z,0
401777040,2025,2025-09-13T18:00:00.000Z,0
401777041,2025,2025-09-20T18:00:00.000Z,0
401777042,2025,2025-10-04T18:00:00.000Z,0
401777043,2025,2025-10-25T18:00:00.000Z,0
401777044,2025,2025-11-08T18:00:00.000Z,0
401777045,2025,2025-09-06T18:00:00.000Z,0
401777046,2025,2025-10-11T23:00:00.000Z,0
401777047,2025,2025-10-18T18:00:00.000Z,0
401777048,2025,2025-11-01T18:00:00.000Z,0
401777049,2025,2025-09-06T18:00:00.000Z,0
401777070,2025,2025-09-27T18:00:00.000Z,0
401777071,2025,2025-10-04T18:00:00.000Z,0
401777072,2025,2025-10-11T23:00:00.000Z,0
401777073,2025,2025-10-18T20:00:00.000Z,0
401777074,2025,2025-10-25T19:00:00.000Z,0
401777075,2025,2025-11-01T17:00:00.000Z,0
401777076,2025,2025-11-08T18:00:00.000Z,0
401777077,2025,2025-11-15T18:00:00.000Z,0
401777078,2025,2025-09-20T17:00:00.000Z,0
401777079,2025,2025-09-27T17:00:00.000Z,0
401777080,2025,2025-10-04T16:00:00.000Z,0
401777081,2025,2025-10-18T17:00:00.000Z,0
401777082,2025,2025-11-01T17:00:00.000Z,0
401777083,2025,2025-11-08T18:00:00.000Z,0
401777084,2025,2025-11-15T18:07:00.000Z,0
401777085,2025,2025-09-04T23:00:00.000Z,0
401777086,2025,2025-09-13T22:00:00.000Z,0
401777087,2025,2025-09-20T17:00:00.000Z,0
401777088,2025,2025-09-27T17:00:00.000Z,0
401777089,2025,2025-10-04T17:00:00.000Z,0
401777090,2025,2025-10-18T17:00:00.000Z,0
401777091,2025,2025-10-25T19:00:00.000Z,0
401777092,2025,2025-11-01T17:00:00.000Z,0
401777093,2025,2025-11-08T18:00:00.000Z,0
401777094,2025,2025-11-15T18:00:00.000Z,0
401777095,2025,2025-09-06T16:00:00.000Z,0
401777096,2025,2025-09-20T22:00:00.000Z,0
401777097,2025,2025-10-11T17:00:00.000Z,0
401777098,2025,2025-10-18T17:00:00.000Z,0
401777099,2025,2025-10-25T17:00:00.000Z,0
401777100,2025,2025-11-08T18:00:00.000Z,0
401777101,2025,2025-11-15T18:00:00.000Z,0
401777102,2025,2025-09-06T22:00:00.000Z,0
401777103,2025,2025-09-13T17:00:00.000Z,0
401777104,2025,2025-09-20T18:00:00.000Z,0
401777105,2025,2025-09-27T16:00:00.000Z,0
401777106,2025,2025-10-04T18:00:00.000Z,0
401777107,2025,2025-10-25T17:00:00.000Z,0
401777108,2025,2025-11-01T17:00:00.000Z,0
401777109,2025,2025-09-13T17:00:00.000Z,0
401777130,2025,2025-10-04T18:35:00.000Z,0
401777131,2025,2025-10-18T17:00:00.000Z,0
401777132,2025,2025-11-01T17:00:00.000Z,0
401777133,2025,2025-11-08T17:00:00.000Z,0
401777134,2025,2025-09-06T18:00:00.000Z,0
401777135,2025,2025-09-13T17:00:00.000Z,0
401777136,2025,2025-10-11T16:00:00.000Z,0
401777137,2025,2025-10-25T18:00:00.000Z,0
401777138,2025,2025-11-15T18:00:00.000Z,0
401777139,2025,2025-09-13T20:00:00.000Z,0
401777140,2025,2025-10-04T20:30:00.000Z,0
401777141,2025,2025-10-11T20:00:00.000Z,0
401777142,2025,2025-10-18T20:30:00.000Z,0
401777143,2025,2025-10-25T20:30:00.000Z,0
401777144,2025,2025-11-01T20:00:00.000Z,0
401777145,2025,2025-11-08T21:30:00.000Z,0
401777146,2025,2025-11-15T21:00:00.000Z,0
401777147,2025,2025-10-11T20:00:00.000Z,0
401777148,2025,2025-10-18T20:00:00.000Z,0
401777149,2025,2025-10-25T20:00:00.000Z,0
401777150,2025,2025-11-01T20:00:00.000Z,0
401777151,2025,2025-11-08T21:00:00.000Z,0
401777152,2025,2025-11-15T21:00:00.000Z,0
401777153,2025,2025-09-13T20:00:00.000Z,0
401777154,2025,2025-10-04T20:00:00.000Z,0
401777155,2025,2025-10-18T20:00:00.000Z,0
401777156,2025,2025-10-25T20:00:00.000Z,0
401777157,2025,2025-11-01T20:00:00.000Z,0
401777158,2025,2025-11-15T21:00:00.000Z,0
401777159,2025,2025-09-06T20:00:00.000Z,0
401777160,2025,2025-09-13T20:00:00.000Z,0
401777161,2025,2025-09-20T19:00:00.000Z,0
401777162,2025,2025-10-04T20:00:00.000Z,0
401777163,2025,2025-10-11T20:00:00.000Z,0
401777164,2025,2025-11-01T20:00:00.000Z,0
401777165,2025,2025-11-08T21:00:00.000Z,0
401777166,2025,2025-09-06T20:00:00.000Z,0
401777167,2025,2025-09-14T00:00:00.000Z,0
401777168,2025,2025-09-20T20:00:00.000Z,0
401777169,2025,2025-10-04T20:00:00.000Z,0
401777170,2025,2025-10-18T20:00:00.000Z,0
401777171,2025,2025-11-15T20:00:00.000Z,0
401777172,2025,2025-09-13T20:00:00.000Z,0
401777173,2025,2025-10-25T20:00:00.000Z,0
401777174,2025,2025-11-08T21:00:00.000Z,0
401777175,2025,2025-09-13T17:30:00.000Z,0
401777176,2025,2025-09-20T17:30:00.000Z,0
401777177,2025,2025-09-27T17:30:00.000Z,0
401777178,2025,2025-10-11T17:30:00.000Z,0
401777179,2025,2025-10-25T18:00:00.000Z,0
401777180,2025,2025-11-01T17:30:00.000Z,0
401777181,2025,2025-11-08T18:30:00.000Z,0
401777182,2025,2025-11-15T18:30:00.000Z,0
401777183,2025,2025-09-13T17:30:00.000Z,0
401777184,2025,2025-09-27T17:30:00.000Z,0
401777185,2025,2025-10-04T17:30:00.000Z,0
401777186,2025,2025-10-18T17:30:00.000Z,0
401777187,2025,2025-10-25T17:30:00.000Z,0
401777188,2025,2025-11-01T17:30:00.000Z,0
401777189,2025,2025-11-08T18:30:00.000Z,0
401777190,2025,2025-11-15T18:30:00.000Z,0
401777191,2025,2025-09-13T20:00:00.000Z,0
401777192,2025,2025-10-11T18:30:00.000Z,0
401777193,2025,2025-10-18T17:30:00.000Z,0
401777194,2025,2025-10-25T17:30:00.000Z,0
401777195,2025,2025-11-01T17:30:00.000Z,0
401777196,2025,2025-11-08T18:30:00.000Z,0
401777197,2025,2025-09-06T17:00:00.000Z,0
401777198,2025,2025-09-20T17:00:00.000Z,0
401777199,2025,2025-09-27T17:00:00.000Z,0
401777200,2025,2025-09-04T23:00:00.000Z,0
401777201,2025,2025-09-13T23:00:00.000Z,0
401777202,2025,2025-10-04T18:00:00.000Z,0
401777203,2025,2025-10-18T17:30:00.000Z,0
401777204,2025,2025-11-01T18:00:00.000Z,0
401777205,2025,2025-11-08T18:30:00.000Z,0
401777206,2025,2025-09-13T17:00:00.000Z,0
401777207,2025,2025-10-04T17:30:00.000Z,0
401777208,2025,2025-10-11T17:30:00.000Z,0
401777209,2025,2025-10-25T17:30:00.000Z,0
401777210,2025,2025-11-15T18:30:00.000Z,0
401777211,2025,2025-09-27T17:30:00.000Z,0
401777212,2025,2025-10-11T17:30:00.000Z,0
401777213,2025,2025-11-15T17:00:00.000Z,0
401777214,2025,2025-09-27T18:00:00.000Z,0
401777215,2025,2025-10-18T17:30:00.000Z,0
401777216,2025,2025-09-20T17:30:00.000Z,0
401777217,2025,2025-10-25T17:30:00.000Z,0
401777219,2025,2025-09-20T17:00:00.000Z,0
401777220,2025,2025-09-27T18:00:00.000Z,0
401777221,2025,2025-10-11T17:00:00.000Z,0
401777222,2025,2025-10-18T20:00:00.000Z,0
401777223,2025,2025-10-25T16:00:00.000Z,0
401777224,2025,2025-11-01T20:00:00.000Z,0
401777225,2025,2025-11-08T20:00:00.000Z,0
401777226,2025,2025-11-15T18:00:00.000Z,0
401777227,2025,2025-09-06T16:00:00.000Z,0
401777228,2025,2025-09-13T17:00:00.000Z,0
401777229,2025,2025-09-20T17:00:00.000Z,0
401777230,2025,2025-09-27T17:00:00.000Z,0
401777231,2025,2025-10-04T17:00:00.000Z,0
401777232,2025,2025-10-25T17:00:00.000Z,0
401777233,2025,2025-11-01T17:00:00.000Z,0
401777234,2025,2025-11-08T18:00:00.000Z,0
401777235,2025,2025-11-15T18:00:00.000Z,0
401777236,2025,2025-09-05T22:00:00.000Z,0
401777237,2025,2025-09-20T18:00:00.000Z,0
401777238,2025,2025-09-27T16:00:00.000Z,0
401777239,2025,2025-10-04T18:00:00.000Z,0
401777240,2025,2025-10-18T17:00:00.000Z,0
401777241,2025,2025-10-25T17:00:00.000Z,0
401777242,2025,2025-11-01T17:00:00.000Z,0
401777243,2025,2025-09-13T23:00:00.000Z,0
401777244,2025,2025-10-04T17:00:00.000Z,0
401777245,2025,2025-10-11T17:00:00.000Z,0
401777246,2025,2025-10-18T18:00:00.000Z,0
401777247,2025,2025-11-08T23:00:00.000Z,0
401777248,2025,2025-11-15T18:00:00.000Z,0
401777249,2025,2025-09-06T17:00:00.000Z,0
401777250,2025,2025-09-20T20:00:00.000Z,0
401777251,2025,2025-10-11T17:00:00.000Z,0
401777252,2025,2025-10-25T20:00:00.000Z,0
401777253,2025,2025-11-08T18:00:00.000Z,0
401777254,2025,2025-09-20T23:00:00.000Z,0
401777255,2025,2025-09-27T18:00:00.000Z,0
401777256,2025,2025-10-04T17:00:00.000Z,0
401777257,2025,2025-10-11T20:30:00.000Z,0
401777258,2025,2025-10-18T20:00:00.000Z,0
401777259,2025,2025-11-01T17:00:00.000Z,0
401777260,2025,2025-11-15T18:00:00.000Z,0
401777261,2025,2025-10-04T18:00:00.000Z,0
401777262,2025,2025-10-18T17:00:00.000Z,0
401777263,2025,2025-10-25T16:00:00.000Z,0
401777264,2025,2025-11-01T19:30:00.000Z,0
401777265,2025,2025-11-15T17:00:00.000Z,0
401777266,2025,2025-09-06T17:00:00.000Z,0
401777267,2025,2025-09-20T23:00:00.000Z,0
401777268,2025,2025-09-27T18:00:00.000Z,0
401777269,2025,2025-10-04T17:00:00.000Z,0
401777270,2025,2025-10-25T16:00:00.000Z,0
401777271,2025,2025-11-01T22:00:00.000Z,0
401777272,2025,2025-11-08T18:00:00.000Z,0
401777273,2025,2025-11-15T17:00:00.000Z,0
401777274,2025,2025-09-06T17:00:00.000Z,0
401777275,2025,2025-09-20T23:00:00.000Z,0
401777276,2025,2025-10-04T23:35:00.000Z,0
401777277,2025,2025-10-11T16:00:00.000Z,0
401777278,2025,2025-10-18T17:00:00.000Z,0
401777279,2025,2025-10-25T19:00:00.000Z,0
401777280,2025,2025-11-08T18:00:00.000Z,0
401777281,2025,2025-09-27T23:00:00.000Z,0
401777282,2025,2025-10-11T18:00:00.000Z,0
401777283,2025,2025-10-25T17:00:00.000Z,0
401777284,2025,2025-11-01T17:00:00.000Z,0
401777285,2025,2025-10-11T23:00:00.000Z,0
401777286,2025,2025-10-18T17:00:00.000Z,0
401777287,2025,2025-11-08T18:00:00.000Z,0
401777288,2025,2025-11-15T18:00:00.000Z,0
401777289,2025,2025-10-11T18:00:00.000Z,0
401777290,2025,2025-10-25T17:00:00.000Z,0
401777291,2025,2025-11-15T18:00:00.000Z,0
401777292,2025,2025-10-04T17:00:00.000Z,0
401777293,2025,2025-10-18T17:00:00.000Z,0
401777294,2025,2025-09-13T23:00:00.000Z,0
401777295,2025,2025-10-04T23:00:00.000Z,0
401777296,2025,2025-11-01T18:00:00.000Z,0
401777297,2025,2025-11-09T00:00:00.000Z,0
401777298,2025,2025-09-20T23:00:00.000Z,0
401777299,2025,2025-10-18T19:30:00.000Z,0
401777300,2025,2025-09-07T00:00:00.000Z,0
401777301,2025,2025-09-13T21:30:00.000Z,0
401777302,2025,2025-09-20T18:00:00.000Z,0
401777303,2025,2025-09-27T21:30:00.000Z,0
401777304,2025,2025-09-20T17:00:00.000Z,0
401777305,2025,2025-10-04T23:00:00.000Z,0
401777306,2025,2025-10-11T17:00:00.000Z,0
401777307,2025,2025-10-18T19:00:00.000Z,0
401777308,2025,2025-10-25T17:00:00.000Z,0
401777309,2025,2025-11-01T19:00:00.000Z,0
401777310,2025,2025-11-08T18:00:00.000Z,0
401777311,2025,2025-11-15T19:00:00.000Z,0
401777323,2025,2025-11-15T17:00:00.000Z,0
401777324,2025,2025-12-06T01:00:00.000Z,0
401777325,2025,2025-12-06T00:00:00.000Z,0
401777326,2025,2025-12-06T01:00:00.000Z,0
401777327,2025,2025-12-06T17:00:00.000Z,0
401777328,2025,2025-12-07T01:00:00.000Z,0
401777329,2025,2025-12-06T17:00:00.000Z,0
401777350,2025,2025-12-06T19:00:00.000Z,0
401777351,2025,2025-12-06T21:00:00.000Z,0
401777352,2025,2025-12-06T00:00:00.000Z,0
401777353,2025,2025-12-07T01:00:00.000Z,0
401777541,2025,2025-11-08T18:00:00.000Z,0
401777542,2025,2025-09-06T22:30:00.000Z,0
401777548,2025,2025-09-20T20:00:00.000Z,0
401777552,2025,2025-09-04T23:05:00.000Z,0
401777553,2025,2025-10-04T18:00:00.000Z,0
401777554,2025,2025-08-29T00:00:00.000Z,0
401777555,2025,2025-11-08T18:00:00.000Z,0
401777556,2025,2025-08-28T23:30:00.000Z,0
401777557,2025,2025-10-04T18:00:00.000Z,0
401777558,2025,2025-10-25T17:00:00.000Z,0
401777559,2025,2025-09-12T00:00:00.000Z,0
401777586,2025,2025-09-06T23:00:00.000Z,0
401777587,2025,2025-09-27T17:00:00.000Z,0
401777588,2025,2025-10-04T18:00:00.000Z,0
401777589,2025,2025-10-25T18:00:00.000Z,0
401777591,2025,2025-10-11T17:00:00.000Z,0
401777592,2025,2025-10-25T17:00:00.000Z,0
401777593,2025,2025-11-15T19:00:00.000Z,0
401777596,2025,2025-09-07T00:00:00.000Z,0
401777597,2025,2025-11-01T17:00:00.000Z,0
401777598,2025,2025-11-08T18:00:00.000Z,0
401777603,2025,2025-10-11T18:00:00.000Z,0
401777604,2025,2025-10-18T17:00:00.000Z,0
401777605,2025,2025-10-25T17:00:00.000Z,0
401777606,2025,2025-11-01T18:00:00.000Z,0
401777607,2025,2025-11-08T19:00:00.000Z,0
401777612,2025,2025-10-05T00:15:00.000Z,0
401777613,2025,2025-10-11T17:00:00.000Z,0
401777614,2025,2025-10-26T00:00:00.000Z,0
401777615,2025,2025-11-08T18:00:00.000Z,0
401777616,2025,2025-11-15T17:00:00.000Z,0
401777620,2025,2025-09-13T17:00:00.000Z,0
401777621,2025,2025-09-27T19:00:00.000Z,0
401777622,2025,2025-11-01T17:00:00.000Z,0
401777624,2025,2025-10-11T20:00:00.000Z,0
401777730,2025,2025-11-01T18:00:00.000Z,0
401777731,2025,2025-09-05T23:00:00.000Z,0
401777732,2025,2025-09-13T18:00:00.000Z,0
401777733,2025,2025-10-11T17:00:00.000Z,0
401777734,2025,2025-10-18T18:00:00.000Z,0
401777735,2025,2025-10-25T17:00:00.000Z,0
401777736,2025,2025-11-15T18:00:00.000Z,0
401777767,2025,2025-09-06T16:00:00.000Z,0
401777768,2025,2025-09-13T18:00:00.000Z,0
401777769,2025,2025-09-27T17:00:00.000Z,0
401777770,2025,2025-10-04T18:00:00.000Z,0
401777771,2025,2025-10-18T16:00:00.000Z,0
401777772,2025,2025-11-01T17:00:00.000Z,0
401777773,2025,2025-11-08T17:00:00.000Z,0
401777774,2025,2025-09-06T16:00:00.000Z,0
401777775,2025,2025-09-13T17:00:00.000Z,0
401777776,2025,2025-09-20T17:30:00.000Z,0
401777777,2025,2025-10-18T16:00:00.000Z,0
401777778,2025,2025-10-25T16:00:00.000Z,0
401777779,2025,2025-11-15T18:00:00.000Z,0
401777780,2025,2025-09-13T16:00:00.000Z,0
401777781,2025,2025-09-27T17:00:00.000Z,0
401777953,2025,2025-09-06T18:00:00.000Z,0
401777954,2025,2025-10-11T16:00:00.000Z,0
401777955,2025,2025-10-18T17:00:00.000Z,0
401777956,2025,2025-11-01T16:00:00.000Z,0
401777967,2025,2025-10-04T16:00:00.000Z,0
401777968,2025,2025-11-15T17:00:00.000Z,0
401777969,2025,2025-09-27T20:00:00.000Z,0
401777970,2025,2025-09-27T16:00:00.000Z,0
401777971,2025,2025-10-18T17:00:00.000Z,0
401777972,2025,2025-10-25T16:00:00.000Z,0
401777973,2025,2025-11-01T17:00:00.000Z,0
401777974,2025,2025-11-08T18:00:00.000Z,0
401777976,2025,2025-09-06T16:00:00.000Z,0
401777977,2025,2025-10-11T18:00:00.000Z,0
401777978,2025,2025-10-25T16:00:00.000Z,0
401777979,2025,2025-11-01T16:00:00.000Z,0
401777980,2025,2025-08-30T21:00:00.000Z,0
401777981,2025,2025-09-20T16:00:00.000Z,0
401777982,2025,2025-09-27T17:00:00.000Z,0
401777983,2025,2025-10-04T17:00:00.000Z,0
401777985,2025,2025-10-04T17:00:00.000Z,0
401777986,2025,2025-11-08T18:00:00.000Z,0
401777990,2025,2025-11-01T18:00:00.000Z,0
401777991,2025,2025-09-20T17:00:00.000Z,0
401777992,2025,2025-10-11T17:00:00.000Z,0
401777993,2025,2025-11-08T18:00:00.000Z,0
401777994,2025,2025-11-15T18:00:00.000Z,0
401777995,2025,2025-09-05T23:00:00.000Z,0
401777996,2025,2025-09-13T16:00:00.000Z,0
401777997,2025,2025-09-20T16:00:00.000Z,0
401777998,2025,2025-10-04T17:00:00.000Z,0
401777999,2025,2025-11-08T18:00:00.000Z,0
401778000,2025,2025-09-05T22:00:00.000Z,0
401778001,2025,2025-09-13T17:00:00.000Z,0
401778002,2025,2025-10-25T16:00:00.000Z,0
401778003,2025,2025-11-15T17:00:00.000Z,0
401778004,2025,2025-09-04T23:00:00.000Z,0
401778005,2025,2025-09-05T22:00:00.000Z,0
401778006,2025,2025-09-27T18:00:00.000Z,0
401778007,2025,2025-10-04T17:00:00.000Z,0
401778008,2025,2025-10-18T18:00:00.000Z,0
401778009,2025,2025-09-27T18:00:00.000Z,0
401778010,2025,2025-10-04T16:00:00.000Z,0
401778011,2025,2025-10-18T16:00:00.000Z,0
401778012,2025,2025-11-01T16:00:00.000Z,0
401778013,2025,2025-09-06T16:00:00.000Z,0
401778014,2025,2025-09-13T16:00:00.000Z,0
401778015,2025,2025-09-20T17:00:00.000Z,0
401778016,2025,2025-09-27T17:00:00.000Z,0
401778017,2025,2025-10-04T16:00:00.000Z,0
401778018,2025,2025-10-18T16:00:00.000Z,0
401778019,2025,2025-10-25T16:00:00.000Z,0
401778020,2025,2025-11-01T16:00:00.000Z,0
401778021,2025,2025-11-15T17:00:00.000Z,0
401778022,2025,2025-09-06T19:00:00.000Z,0
401778023,2025,2025-09-20T19:00:00.000Z,0
401778024,2025,2025-10-11T20:00:00.000Z,0
401778025,2025,2025-09-06T23:00:00.000Z,0
401778026,2025,2025-10-11T18:00:00.000Z,0
401778027,2025,2025-11-15T19:00:00.000Z,0
401778028,2025,2025-10-18T17:00:00.000Z,0
401778029,2025,2025-11-15T18:00:00.000Z,0
401778030,2025,2025-09-14T00:00:00.000Z,0
401778031,2025,2025-10-04T18:00:00.000Z,0
401778032,2025,2025-11-01T18:00:00.000Z,0
401778033,2025,2025-09-13T23:00:00.000Z,0
401778034,2025,2025-09-20T16:30:00.000Z,0
401778035,2025,2025-10-18T17:00:00.000Z,0
401778036,2025,2025-09-06T23:00:00.000Z,0
401778037,2025,2025-09-13T16:00:00.000Z,0
401778123,2025,2025-12-13T17:00:00.000Z,0
401778302,2025,2025-12-14T01:00:00.000Z,0
401778303,2025,2025-12-17T02:00:00.000Z,0
401778304,2025,2025-12-17T22:00:00.000Z,0
401778305,2025,2025-12-18T01:30:00.000Z,0
401778306,2025,2025-12-19T16:00:00.000Z,0
401778307,2025,2025-12-19T19:30:00.000Z,0
401778308,2025,2025-12-22T19:00:00.000Z,0
401778309,2025,2025-12-23T19:00:00.000Z,0
401778310,2025,2025-12-23T22:30:00.000Z,0
401778311,2025,2025-12-24T02:00:00.000Z,0
401778312,2025,2025-12-25T01:00:00.000Z,0
401778313,2025,2025-12-26T18:00:00.000Z,0
401778314,2025,2025-12-26T21:30:00.000Z,0
401778315,2025,2025-12-27T01:00:00.000Z,0
401778316,2025,2025-12-27T16:00:00.000Z,0
401778317,2025,2025-12-27T17:00:00.000Z,0
401778318,2025,2025-12-27T19:15:00.000Z,0
401778319,2025,2025-12-27T20:30:00.000Z,0
401778320,2025,2025-12-27T21:30:00.000Z,0
401778321,2025,2025-12-27T22:45:00.000Z,0
401778322,2025,2025-12-28T00:30:00.000Z,0
401778323,2025,2025-12-28T02:15:00.000Z,0
401778324,2025,2025-12-29T19:00:00.000Z,0
401778325,2025,2025-12-30T19:00:00.000Z,0
401778326,2025,2025-12-30T22:30:00.000Z,0
401778327,2025,2025-12-31T02:00:00.000Z,0
401778328,2025,2025-12-31T17:00:00.000Z,0
401778329,2025,2025-12-31T19:00:00.000Z,0
401778330,2025,2025-12-31T20:00:00.000Z,0
401778331,2025,2025-12-31T20:30:00.000Z,0
401778332,2025,2026-01-02T18:00:00.000Z,0
401778333,2025,2026-01-02T21:30:00.000Z,0
401778334,2025,2026-01-03T01:00:00.000Z,0
401779072,2025,2025-11-01T22:00:00.000Z,0
401779328,2025,2025-09-27T16:00:00.000Z,0
401779329,2025,2025-08-29T23:00:00.000Z,0
401779510,2025,2025-10-25T16:00:00.000Z,0
401779511,2025,2025-09-06T16:00:00.000Z,0
401779512,2025,2025-10-11T17:00:00.000Z,0
401779840,2025,2025-12-20T01:00:00.000Z,0
401779841,2025,2025-12-20T17:00:00.000Z,0
401779842,2025,2025-12-20T20:30:00.000Z,0
401779843,2025,2025-12-21T00:30:00.000Z,0
401783234,2025,2025-09-13T22:00:00.000Z,0
401783278,2025,2025-09-13T23:00:00.000Z,0
401783279,2025,2025-11-08T20:30:00.000Z,0
401783281,2025,2025-11-15T17:00:00.000Z,0
401783282,2025,2025-09-05T23:30:00.000Z,0
401783283,2025,2025-09-20T17:00:00.000Z,0
401783285,2025,2025-11-01T17:00:00.000Z,0
401783301,2025,2025-09-06T16:00:00.000Z,0
401783302,2025,2025-09-20T16:00:00.000Z,0
401783303,2025,2025-10-18T21:00:00.000Z,0
401783304,2025,2025-09-13T16:00:00.000Z,0
401783305,2025,2025-09-27T17:00:00.000Z,0
401783306,2025,2025-10-04T17:00:00.000Z,0
401783307,2025,2025-10-25T17:00:00.000Z,0
401783308,2025,2025-09-13T17:00:00.000Z,0
401783309,2025,2025-09-27T17:00:00.000Z,0
401783310,2025,2025-10-11T17:00:00.000Z,0
401783311,2025,2025-09-06T16:00:00.000Z,0
401783312,2025,2025-09-27T21:00:00.000Z,0
401783327,2025,2025-10-25T19:00:00.000Z,0
401783328,2025,2025-11-15T18:00:00.000Z,0
401783331,2025,2025-09-20T16:00:00.000Z,0
401783332,2025,2025-09-27T16:00:00.000Z,0
401783333,2025,2025-10-11T17:00:00.000Z,0
401783334,2025,2025-10-18T17:00:00.000Z,0
401783335,2025,2025-10-25T16:00:00.000Z,0
401783336,2025,2025-11-01T17:00:00.000Z,0
401783337,2025,2025-11-08T17:00:00.000Z,0
401783338,2025,2025-09-13T16:00:00.000Z,0
401783339,2025,2025-09-20T17:00:00.000Z,0
401783340,2025,2025-10-18T17:00:00.000Z,0
401783341,2025,2025-10-25T17:00:00.000Z,0
401783342,2025,2025-11-01T17:00:00.000Z,0
401783343,2025,2025-11-15T17:00:00.000Z,0
401783344,2025,2025-09-13T17:00:00.000Z,0
401783345,2025,2025-10-11T16:00:00.000Z,0
401783346,2025,2025-10-18T16:00:00.000Z,0
401783347,2025,2025-10-25T16:00:00.000Z,0
401783348,2025,2025-11-15T17:00:00.000Z,0
401783349,2025,2025-09-20T17:00:00.000Z,0
401783350,2025,2025-09-27T16:00:00.000Z,0
401783351,2025,2025-10-11T17:00:00.000Z,0
401783352,2025,2025-11-08T17:35:00.000Z,0
401783353,2025,2025-09-27T17:00:00.000Z,0
401783354,2025,2025-10-10T23:00:00.000Z,0
401783355,2025,2025-11-08T18:00:00.000Z,0
401783356,2025,2025-09-13T17:00:00.000Z,0
401783357,2025,2025-11-15T18:00:00.000Z,0
401783361,2025,2025-09-05T22:00:00.000Z,0
401783362,2025,2025-10-04T16:00:00.000Z,0
401783363,2025,2025-10-11T17:00:00.000Z,0
401783364,2025,2025-10-25T16:00:00.000Z,0
401783365,2025,2025-11-08T17:00:00.000Z,0
401783816,2025,2025-10-11T20:00:00.000Z,0
401783817,2025,2025-11-09T03:00:00.000Z,0
401783818,2025,2025-10-04T18:00:00.000Z,0
401783819,2025,2025-10-18T17:00:00.000Z,0
401783820,2025,2025-11-08T18:00:00.000Z,0
401783901,2025,2025-11-08T18:00:00.000Z,0
401783902,2025,2025-10-18T16:00:00.000Z,0
401783903,2025,2025-10-25T17:00:00.000Z,0
401783904,2025,2025-11-01T17:00:00.000Z,0
401783905,2025,2025-10-11T17:00:00.000Z,0
401783906,2025,2025-10-18T18:00:00.000Z,0
401783907,2025,2025-09-27T16:00:00.000Z,0
401783908,2025,2025-10-17T23:00:00.000Z,0
401783909,2025,2025-11-08T17:00:00.000Z,0
401783910,2025,2025-11-15T18:00:00.000Z,0
401783911,2025,2025-10-25T22:00:00.000Z,0
401783912,2025,2025-11-15T19:00:00.000Z,0
401783913,2025,2025-10-11T22:00:00.000Z,0
401783914,2025,2025-09-13T18:30:00.000Z,0
401783915,2025,2025-09-20T16:00:00.000Z,0
401783916,2025,2025-09-27T16:00:00.000Z,0
401783917,2025,2025-10-04T17:30:00.000Z,0
401783918,2025,2025-10-25T16:00:00.000Z,0
401783919,2025,2025-11-15T17:00:00.000Z,0
401786375,2025,2025-11-08T16:00:00.000Z,0
401786376,2025,2025-09-20T16:00:00.000Z,0
401786377,2025,2025-10-03T23:00:00.000Z,0
401786378,2025,2025-10-18T20:00:00.000Z,0
401786379,2025,2025-11-08T17:00:00.000Z,0
401786380,2025,2025-11-15T17:00:00.000Z,0
401786476,2025,2025-09-27T18:00:00.000Z,0
401786477,2025,2025-10-18T16:00:00.000Z,0
401786478,2025,2025-10-25T18:00:00.000Z,0
401786479,2025,2025-11-01T16:00:00.000Z,0
401786484,2025,2025-09-13T16:00:00.000Z,0
401786485,2025,2025-11-08T17:00:00.000Z,0
401786486,2025,2025-11-15T17:00:00.000Z,0
401788304,2025,2025-09-06T17:00:00.000Z,0
401788907,2025,2025-09-20T19:00:00.000Z,0
401788912,2025,2025-09-13T23:00:00.000Z,0
401788913,2025,2025-09-05T23:00:00.000Z,0
401788914,2025,2025-09-27T16:00:00.000Z,0
401788915,2025,2025-10-25T16:00:00.000Z,0
401788916,2025,2025-09-20T20:00:00.000Z,0
401788917,2025,2025-10-04T23:00:00.000Z,0
401788918,2025,2025-10-26T02:00:00.000Z,0
401788977,2025,2025-08-30T23:00:00.000Z,0
401788994,2025,2025-11-15T18:00:00.000Z,0
401788996,2025,2025-11-22T18:00:00.000Z,0
401788997,2025,2025-10-25T16:00:00.000Z,0
401788998,2025,2025-11-15T17:00:00.000Z,0
401789174,2025,2025-09-05T22:00:00.000Z,0
401789237,2025,2025-09-27T20:00:00.000Z,0
401789790,2025,2025-11-01T17:00:00.000Z,0
401790373,2025,2025-09-27T20:00:00.000Z,0
401790374,2025,2025-10-18T19:00:00.000Z,0
401793943,2025,2025-10-25T18:00:00.000Z,0
401799146,2025,2025-09-27T16:00:00.000Z,0
401799147,2025,2025-10-04T17:00:00.000Z,0
401799148,2025,2025-10-18T16:00:00.000Z,0
401800973,2025,2025-10-25T17:00:00.000Z,0
401800974,2025,2025-11-01T16:00:00.000Z,0
401800975,2025,2025-09-20T16:00:00.000Z,0
401804601,2025,2025-09-13T17:00:00.000Z,0
401804602,2025,2025-11-08T17:00:00.000Z,0
401804721,2025,2025-10-18T19:00:00.000Z,0
401806318,2025,2025-11-01T16:00:00.000Z,0
401806686,2025,2025-11-15T18:00:00.000Z,0
401806687,2025,2025-11-15T19:00:00.000Z,0
401806688,2025,2025-11-15T18:00:00.000Z,0
401806689,2025,2025-11-15T18:00:00.000Z,0
401806690,2025,2025-11-15T18:00:00.000Z,0
401806691,2025,2025-10-18T17:00:00.000Z,0
401806932,2025,2025-11-15T18:00:00.000Z,0
401807013,2025,2025-11-15T18:00:00.000Z,0
401809170,2025,2025-09-13T18:00:00.000Z,0
401809184,2025,2025-09-27T17:00:00.000Z,0
401831243,2025,2025-11-08T19:00:00.000Z,0
401831583,2025,2026-01-03T01:00:00.000Z,0
401833370,2025,2025-11-15T01:30:00.000Z,0
401833372,2025,2025-11-15T18:00:00.000Z,0
401833535,2025,2025-11-15T20:00:00.000Z,0
401833536,2025,2025-11-15T18:00:00.000Z,0
401833680,2025,2026-01-06T00:30:00.000Z,0
401833969,2025,2025-11-29T18:00:00.000Z,0
401833975,2025,2025-11-29T17:00:00.000Z,0
401833977,2025,2025-12-07T03:00:00.000Z,0
401833978,2025,2025-12-06T17:00:00.000Z,0
401833985,2025,2025-12-13T02:00:00.000Z,0
401833986,2025,2025-12-13T17:00:00.000Z,0
401833987,2025,2025-12-13T20:30:00.000Z,0
401833989,2025,2025-12-20T21:00:00.000Z,0
401833990,2025,2025-12-21T00:30:00.000Z,0
401834132,2025,2025-11-15T19:00:00.000Z,0
401834154,2025,2025-11-15T16:00:00.000Z,0
401834155,2025,2025-11-15T21:00:00.000Z,0
401834156,2025,2025-11-16T02:00:00.000Z,0
401834157,2025,2025-11-15T21:00:00.000Z,0
401834158,2025,2025-11-15T21:00:00.000Z,0
401834159,2025,2025-11-15T21:00:00.000Z,0
401834160,2025,2025-11-15T21:00:00.000Z,0
401834161,2025,2025-11-15T23:00:00.000Z,0
401834615,2025,2025-11-22T17:00:00.000Z,0
401834616,2025,2025-11-29T17:00:00.000Z,0
401834617,2025,2025-11-29T18:00:00.000Z,0
401834618,2025,2025-11-22T17:00:00.000Z,0
401834619,2025,2025-11-22T17:00:00.000Z,0
401834620,2025,2025-11-22T18:00:00.000Z,0
401834621,2025,2025-11-22T18:00:00.000Z,0
401834622,2025,2025-11-22T20:00:00.000Z,0
401834623,2025,2025-11-22T17:00:00.000Z,0
401834624,2025,2025-11-22T17:00:00.000Z,0
401834625,2025,2025-11-29T17:00:00.000Z,0
401834626,2025,2025-11-29T18:00:00.000Z,0
401834627,2025,2025-11-29T18:00:00.000Z,0
401834628,2025,2025-11-29T18:00:00.000Z,0
401834629,2025,2025-11-29T17:00:00.000Z,0
401834630,2025,2025-11-29T17:00:00.000Z,0
401834635,2025,2025-11-22T17:00:00.000Z,0
401834636,2025,2025-11-22T18:00:00.000Z,0
401834637,2025,2025-11-22T18:00:00.000Z,0
401834638,2025,2025-11-22T18:00:00.000Z,0
401834639,2025,2025-11-22T18:00:00.000Z,0
401834640,2025,2025-11-22T19:00:00.000Z,0
401834641,2025,2025-11-22T19:00:00.000Z,0
401834642,2025,2025-11-22T18:00:00.000Z,0
401834655,2025,2025-11-22T19:00:00.000Z,0
401834675,2025,2025-11-22T18:00:00.000Z,0
401834695,2025,2025-11-22T18:00:00.000Z,0
401834696,2025,2025-11-22T18:00:00.000Z,0
401834715,2025,2025-11-22T19:00:00.000Z,0
401834716,2025,2025-11-22T19:00:00.000Z,0
401834717,2025,2025-11-22T21:00:00.000Z,0
401834718,2025,2025-11-22T20:00:00.000Z,0
401835275,2025,2025-11-21T22:00:00.000Z,0
401835276,2025,2025-11-22T17:00:00.000Z,0
401835277,2025,2025-11-22T17:00:00.000Z,0
401835278,2025,2025-11-22T17:00:00.000Z,0
401835279,2025,2025-11-22T17:00:00.000Z,0
401835280,2025,2025-11-22T17:00:00.000Z,0
401835281,2025,2025-11-22T17:00:00.000Z,0
401835282,2025,2025-11-22T18:00:00.000Z,0
401835283,2025,2025-11-22T18:00:00.000Z,0
401835284,2025,2025-11-22T18:00:00.000Z,0
401835285,2025,2025-11-22T18:00:00.000Z,0
401835286,2025,2025-11-22T20:00:00.000Z,0
401835287,2025,2025-11-22T21:00:00.000Z,0
401835288,2025,2025-11-22T23:00:00.000Z,0
401836015,2025,2025-11-29T17:00:00.000Z,0
401836016,2025,2025-11-29T18:00:00.000Z,0
401836017,2025,2025-11-29T17:00:00.000Z,0
401836018,2025,2025-11-29T17:00:00.000Z,0
401836019,2025,2025-11-29T18:00:00.000Z,0
401836020,2025,2025-11-29T18:00:00.000Z,0
401836021,2025,2025-11-29T17:00:00.000Z,0
401836035,2025,2025-11-29T17:00:00.000Z,0
401836036,2025,2025-11-29T18:00:00.000Z,0
401836037,2025,2025-11-29T17:00:00.000Z,0
401836038,2025,2025-11-29T19:00:00.000Z,0
401836039,2025,2025-11-29T19:00:00.000Z,0
401836040,2025,2025-11-29T19:00:00.000Z,0
401836041,2025,2025-11-29T18:00:00.000Z,0
401836055,2025,2025-11-29T17:00:00.000Z,0
401836075,2025,2025-11-29T18:00:00.000Z,0
401836095,2025,2025-11-29T18:00:00.000Z,0
401836102,2025,2025-11-29T17:00:00.000Z,0
401836115,2025,2025-11-29T18:00:00.000Z,0
401836116,2025,2025-11-29T18:00:00.000Z,0
401836155,2025,2025-11-29T20:00:00.000Z,0
401836195,2025,2025-11-29T18:00:00.000Z,0
401836196,2025,2025-12-06T19:00:00.000Z,0
401836197,2025,2025-12-06T19:00:00.000Z,0
401836198,2025,2025-12-06T18:00:00.000Z,0
401836216,2025,2025-12-06T19:00:00.000Z,0
401836217,2025,2025-12-06T18:00:00.000Z,0
401836218,2025,2025-12-06T17:00:00.000Z,0
401836219,2025,2025-12-13T22:00:00.000Z,0
401836536,2025,2025-12-06T19:00:00.000Z,0
401836537,2025,2025-12-06T18:00:00.000Z,0
401836850,2025,2025-12-06T17:00:00.000Z,0
401836851,2025,2025-12-06T17:00:00.000Z,0
401836852,2025,2025-12-06T18:00:00.000Z,0
401836853,2025,2025-12-06T18:00:00.000Z,0
401836854,2025,2025-12-06T18:00:00.000Z,0
401837035,2025,2025-12-06T17:00:00.000Z,0
401837055,2025,2025-12-06T18:00:00.000Z,0
401837075,2025,2025-12-06T18:00:00.000Z,0
401837095,2025,2025-12-06T17:00:00.000Z,0
401837096,2025,2025-12-06T17:00:00.000Z,0
401837097,2025,2025-12-06T17:00:00.000Z,0
401837115,2025,2025-12-06T19:00:00.000Z,0
401838053,2025,2025-12-19T02:00:00.000Z,0
401838335,2025,2025-12-13T17:00:00.000Z,0
401838336,2025,2025-12-13T20:00:00.000Z,0
401838337,2025,2025-12-13T18:00:00.000Z,0
401838338,2025,2025-12-13T17:00:00.000Z,0
401838375,2025,2025-12-13T17:00:00.000Z,0
401838376,2025,2025-12-13T20:30:00.000Z,0
401840095,2025,2025-12-20T21:00:00.000Z,0
401840096,2025,2025-12-20T21:30:00.000Z,0
401840097,2025,2025-12-20T18:00:00.000Z,0
401843253,2025,2026-01-05T01:00:00.000Z,0
401845330,2025,2025-11-15T20:00:00.000Z,0
