game_id,season_year,kickoff_utc,start_time_tbd
401281942,2021,2021-09-04T19:30:00.000Z,0
401281943,2021,2021-09-04T18:00:00.000Z,0
401281944,2021,2021-09-04T23:00:00.000Z,0
401281945,2021,2021-09-04T23:30:00.000Z,0
401281946,2021,2021-09-04T23:30:00.000Z,0
401281947,2021,2021-09-04T16:00:00.000Z,0
401281948,2021,2021-09-05T00:30:00.000Z,0
401281949,2021,2021-09-04T20:00:00.000Z,0
401281950,2021,2021-09-04T20:00:00.000Z,0
401281951,2021,2021-09-04T23:00:00.000Z,0
401281952,2021,2021-09-03T00:00:00.000Z,0
401282049,2021,2021-08-29T01:30:00.000Z,0
401282050,2021,2021-09-01T23:30:00.000Z,0
401282051,2021,2021-09-03T00:05:00.000Z,0
401282052,2021,2021-09-03T23:00:00.000Z,0
401282053,2021,2021-09-05T00:00:00.000Z,0
401282054,2021,2021-09-05T00:00:00.000Z,0
401282055,2021,2021-09-07T00:00:00.000Z,0
401282056,2021,2021-09-11T20:00:00.000Z,0
401282057,2021,2021-09-11T23:00:00.000Z,0
401282058,2021,2021-09-11T16:00:00.000Z,0
401282059,2021,2021-09-11T17:00:00.000Z,0
401282060,2021,2021-09-11T19:30:00.000Z,0
401282061,2021,2021-09-11T23:30:00.000Z,0
401282062,2021,2021-09-12T00:00:00.000Z,0
401282063,2021,2021-09-11T23:30:00.000Z,0
401282064,2021,2021-09-11T23:00:00.000Z,0
401282065,2021,2021-09-11T16:00:00.000Z,0
401282066,2021,2021-09-11T16:00:00.000Z,0
401282067,2021,2021-09-11T19:30:00.000Z,0
401282068,2021,2021-09-12T02:00:00.000Z,0
401282069,2021,2021-09-18T20:00:00.000Z,0
401282070,2021,2021-09-18T23:30:00.000Z,0
401282071,2021,2021-09-18T19:30:00.000Z,0
401282072,2021,2021-09-18T23:00:00.000Z,0
401282073,2021,2021-09-18T16:00:00.000Z,0
401282074,2021,2021-09-18T23:30:00.000Z,0
401282075,2021,2021-09-19T00:00:00.000Z,0
401282076,2021,2021-09-18T20:00:00.000Z,0
401282077,2021,2021-09-18T16:00:00.000Z,0
401282078,2021,2021-09-18T16:00:00.000Z,0
401282079,2021,2021-09-18T16:00:00.000Z,0
401282080,2021,2021-09-19T00:00:00.000Z,0
401282081,2021,2021-09-25T23:30:00.000Z,0
401282082,2021,2021-09-25T19:30:00.000Z,0
401282083,2021,2021-09-25T20:00:00.000Z,0
401282084,2021,2021-09-25T23:00:00.000Z,0
401282085,2021,2021-09-25T16:00:00.000Z,0
401282086,2021,2021-09-25T16:00:00.000Z,0
401282087,2021,2021-09-25T23:00:00.000Z,0
401282088,2021,2021-09-25T16:00:00.000Z,0
401282089,2021,2021-10-02T19:30:00.000Z,0
401282090,2021,2021-10-02T16:00:00.000Z,0
401282091,2021,2021-10-02T22:00:00.000Z,0
401282092,2021,2021-10-03T01:00:00.000Z,0
401282093,2021,2021-10-02T16:00:00.000Z,0
401282094,2021,2021-10-02T19:30:00.000Z,0
401282095,2021,2021-10-02T23:00:00.000Z,0
401282096,2021,2021-10-02T23:30:00.000Z,0
401282097,2021,2021-10-09T19:30:00.000Z,0
401282098,2021,2021-10-09T16:00:00.000Z,0
401282099,2021,2021-10-09T23:30:00.000Z,0
401282100,2021,2021-10-09T16:00:00.000Z,0
401282101,2021,2021-10-09T20:00:00.000Z,0
401282102,2021,2021-10-09T16:00:00.000Z,0
401282103,2021,2021-10-10T00:00:00.000Z,0
401282104,2021,2021-10-16T16:00:00.000Z,0
401282105,2021,2021-10-16T19:30:00.000Z,0
401282106,2021,2021-10-16T16:00:00.000Z,0
401282107,2021,2021-10-16T23:00:00.000Z,0
401282108,2021,2021-10-16T16:00:00.000Z,0
401282109,2021,2021-10-16T20:00:00.000Z,0
401282110,2021,2021-10-16T23:30:00.000Z,0
401282111,2021,2021-10-23T23:00:00.000Z,0
401282112,2021,2021-10-23T16:00:00.000Z,0
401282113,2021,2021-10-23T19:30:00.000Z,0
401282114,2021,2021-10-23T23:30:00.000Z,0
401282115,2021,2021-10-23T20:00:00.000Z,0
401282116,2021,2021-10-30T23:00:00.000Z,0
401282117,2021,2021-10-30T19:30:00.000Z,0
401282118,2021,2021-10-30T23:00:00.000Z,0
401282119,2021,2021-10-30T19:00:00.000Z,0
401282120,2021,2021-11-06T23:00:00.000Z,0
401282121,2021,2021-11-06T20:00:00.000Z,0
401282122,2021,2021-11-06T16:00:00.000Z,0
401282123,2021,2021-11-06T23:00:00.000Z,0
401282124,2021,2021-11-06T16:00:00.000Z,0
401282125,2021,2021-11-06T23:30:00.000Z,0
401282126,2021,2021-11-06T19:30:00.000Z,0
401282127,2021,2021-11-13T17:00:00.000Z,0
401282128,2021,2021-11-13T17:00:00.000Z,0
401282129,2021,2021-11-13T17:00:00.000Z,0
401282130,2021,2021-11-14T00:30:00.000Z,0
401282131,2021,2021-11-14T00:00:00.000Z,0
401282132,2021,2021-11-13T21:00:00.000Z,0
401282133,2021,2021-11-13T20:30:00.000Z,0
401282134,2021,2021-11-14T00:00:00.000Z,0
401282135,2021,2021-11-20T20:30:00.000Z,0
401282136,2021,2021-11-20T17:00:00.000Z,0
401282137,2021,2021-11-20T17:00:00.000Z,0
401282138,2021,2021-11-21T02:00:00.000Z,0
401282139,2021,2021-11-21T00:30:00.000Z,0
401282140,2021,2021-11-20T17:00:00.000Z,0
401282141,2021,2021-11-20T21:00:00.000Z,0
401282142,2021,2021-11-21T00:00:00.000Z,0
401282143,2021,2021-11-21T00:30:00.000Z,0
401282144,2021,2021-11-20T17:00:00.000Z,0
401282145,2021,2021-11-26T20:30:00.000Z,0
401282146,2021,2021-11-27T20:30:00.000Z,0
401282147,2021,2021-11-27T17:00:00.000Z,0
401282148,2021,2021-11-27T17:00:00.000Z,0
401282149,2021,2021-11-28T00:30:00.000Z,0
401282150,2021,2021-11-28T00:00:00.000Z,0
401282151,2021,2021-11-26T00:30:00.000Z,0
401282152,2021,2021-11-28T00:30:00.000Z,0
401282153,2021,2021-11-27T20:45:00.000Z,0
401282154,2021,2021-12-04T21:00:00.000Z,0
401282156,2021,2021-12-04T00:00:00.000Z,0
401282173,2021,2021-09-04T23:00:00.000Z,0
401282174,2021,2021-09-04T19:30:00.000Z,0
401282175,2021,2021-09-04T23:30:00.000Z,0
401282177,2021,2021-09-05T00:00:00.000Z,0
401282178,2021,2021-09-05T01:00:00.000Z,0
401282179,2021,2021-09-04T23:30:00.000Z,0
401282180,2021,2021-09-03T00:00:00.000Z,0
401282181,2021,2021-09-11T22:00:00.000Z,0
401282182,2021,2021-09-11T23:00:00.000Z,0
401282183,2021,2021-09-11T19:30:00.000Z,0
401282184,2021,2021-09-11T23:00:00.000Z,0
401282185,2021,2021-09-11T22:30:00.000Z,0
401282186,2021,2021-09-11T18:00:00.000Z,0
401282187,2021,2021-09-11T23:00:00.000Z,0
401282188,2021,2021-09-11T23:00:00.000Z,0
401282189,2021,2021-09-11T22:30:00.000Z,0
401282190,2021,2021-09-11T23:00:00.000Z,0
401282191,2021,2021-09-11T01:30:00.000Z,0
401282192,2021,2021-09-11T22:00:00.000Z,0
401282193,2021,2021-09-11T15:30:00.000Z,0
401282194,2021,2021-09-18T22:00:00.000Z,0
401282195,2021,2021-09-18T23:30:00.000Z,0
401282196,2021,2021-09-18T23:00:00.000Z,0
401282197,2021,2021-09-18T23:00:00.000Z,0
401282198,2021,2021-09-18T22:00:00.000Z,0
401282199,2021,2021-09-18T19:30:00.000Z,0
401282200,2021,2021-09-18T22:00:00.000Z,0
401282201,2021,2021-09-18T22:00:00.000Z,0
401282202,2021,2021-09-19T00:00:00.000Z,0
401282203,2021,2021-09-18T23:00:00.000Z,0
401282204,2021,2021-09-24T22:30:00.000Z,0
401282205,2021,2021-09-25T23:00:00.000Z,0
401282206,2021,2021-09-25T16:00:00.000Z,0
401282207,2021,2021-09-26T00:00:00.000Z,0
401282208,2021,2021-09-23T23:30:00.000Z,0
401282209,2021,2021-09-25T22:00:00.000Z,0
401282210,2021,2021-09-25T22:30:00.000Z,0
401282211,2021,2021-09-26T00:00:00.000Z,0
401282212,2021,2021-09-26T01:00:00.000Z,0
401282213,2021,2021-09-25T19:30:00.000Z,0
401282214,2021,2021-09-26T00:00:00.000Z,0
401282215,2021,2021-10-02T19:30:00.000Z,0
401282216,2021,2021-10-02T23:00:00.000Z,0
401282217,2021,2021-10-03T01:00:00.000Z,0
401282218,2021,2021-10-02T22:30:00.000Z,0
401282219,2021,2021-10-02T16:00:00.000Z,0
401282220,2021,2021-10-02T22:00:00.000Z,0
401282221,2021,2021-10-02T23:00:00.000Z,0
401282222,2021,2021-10-02T22:00:00.000Z,0
401282223,2021,2021-10-02T23:30:00.000Z,0
401282224,2021,2021-10-08T23:00:00.000Z,0
401282225,2021,2021-10-09T19:30:00.000Z,0
401282226,2021,2021-10-09T18:00:00.000Z,0
401282227,2021,2021-10-09T23:00:00.000Z,0
401282228,2021,2021-10-09T23:00:00.000Z,0
401282229,2021,2021-10-09T19:30:00.000Z,0
401282230,2021,2021-10-17T01:00:00.000Z,0
401282231,2021,2021-10-15T23:00:00.000Z,0
401282232,2021,2021-10-16T19:30:00.000Z,0
401282233,2021,2021-10-16T22:00:00.000Z,0
401282234,2021,2021-10-16T19:30:00.000Z,0
401282235,2021,2021-10-21T23:30:00.000Z,0
401282236,2021,2021-10-23T23:00:00.000Z,0
401282237,2021,2021-10-23T23:00:00.000Z,0
401282238,2021,2021-10-23T19:30:00.000Z,0
401282239,2021,2021-10-22T22:00:00.000Z,0
401282240,2021,2021-10-23T20:00:00.000Z,0
401282241,2021,2021-10-30T20:00:00.000Z,0
401282242,2021,2021-10-30T19:30:00.000Z,0
401282243,2021,2021-10-30T22:00:00.000Z,0
401282244,2021,2021-10-30T19:30:00.000Z,0
401282245,2021,2021-10-30T19:30:00.000Z,0
401282246,2021,2021-10-30T18:00:00.000Z,0
401282247,2021,2021-11-06T19:30:00.000Z,0
401282248,2021,2021-11-06T23:00:00.000Z,0
401282249,2021,2021-11-06T22:00:00.000Z,0
401282250,2021,2021-11-06T16:00:00.000Z,0
401282251,2021,2021-11-06T19:30:00.000Z,0
401282252,2021,2021-11-06T19:00:00.000Z,0
401282253,2021,2021-11-07T02:15:00.000Z,0
401282254,2021,2021-11-13T20:30:00.000Z,0
401282255,2021,2021-11-13T20:30:00.000Z,0
401282256,2021,2021-11-13T20:30:00.000Z,0
401282257,2021,2021-11-13T20:30:00.000Z,0
401282258,2021,2021-11-13T21:00:00.000Z,0
401282259,2021,2021-11-13T19:00:00.000Z,0
401282260,2021,2021-11-13T20:30:00.000Z,0
401282261,2021,2021-11-20T20:30:00.000Z,0
401282262,2021,2021-11-21T00:00:00.000Z,0
401282263,2021,2021-11-20T17:00:00.000Z,0
401282264,2021,2021-11-20T01:00:00.000Z,0
401282265,2021,2021-11-20T20:30:00.000Z,0
401282266,2021,2021-11-20T21:00:00.000Z,0
401282267,2021,2021-11-20T20:30:00.000Z,0
401282268,2021,2021-11-27T19:00:00.000Z,0
401282269,2021,2021-11-27T20:00:00.000Z,0
401282270,2021,2021-11-28T00:00:00.000Z,0
401282271,2021,2021-11-27T18:00:00.000Z,0
401282272,2021,2021-11-27T20:30:00.000Z,0
401282273,2021,2021-11-27T19:00:00.000Z,0
401282274,2021,2021-11-26T19:00:00.000Z,0
401282607,2021,2021-09-02T23:30:00.000Z,0
401282608,2021,2021-09-03T23:00:00.000Z,0
401282609,2021,2021-09-04T16:00:00.000Z,0
401282610,2021,2021-09-04T23:30:00.000Z,0
401282611,2021,2021-09-04T23:00:00.000Z,0
401282612,2021,2021-09-04T20:00:00.000Z,0
401282613,2021,2021-09-04T23:30:00.000Z,0
401282614,2021,2021-09-05T23:30:00.000Z,0
401282615,2021,2021-09-11T21:00:00.000Z,0
401282616,2021,2021-09-11T00:00:00.000Z,0
401282617,2021,2021-09-12T00:00:00.000Z,0
401282618,2021,2021-09-11T16:00:00.000Z,0
401282619,2021,2021-09-11T23:00:00.000Z,0
401282620,2021,2021-09-11T23:00:00.000Z,0
401282621,2021,2021-09-11T23:30:00.000Z,0
401282622,2021,2021-09-11T18:00:00.000Z,0
401282623,2021,2021-09-11T19:30:00.000Z,0
401282624,2021,2021-09-11T15:00:00.000Z,0
401282625,2021,2021-09-11T16:00:00.000Z,0
401282626,2021,2021-09-17T23:30:00.000Z,0
401282627,2021,2021-09-18T19:30:00.000Z,0
401282628,2021,2021-09-18T20:00:00.000Z,0
401282629,2021,2021-09-18T16:00:00.000Z,0
401282630,2021,2021-09-18T23:30:00.000Z,0
401282631,2021,2021-09-18T23:30:00.000Z,0
401282632,2021,2021-09-18T16:00:00.000Z,0
401282633,2021,2021-09-18T16:00:00.000Z,0
401282634,2021,2021-09-18T16:00:00.000Z,0
401282635,2021,2021-09-18T19:30:00.000Z,0
401282636,2021,2021-09-18T16:00:00.000Z,0
401282637,2021,2021-09-25T00:00:00.000Z,0
401282638,2021,2021-09-24T23:00:00.000Z,0
401282639,2021,2021-09-25T20:00:00.000Z,0
401282640,2021,2021-09-25T19:30:00.000Z,0
401282641,2021,2021-09-25T23:30:00.000Z,0
401282642,2021,2021-09-25T16:30:00.000Z,0
401282643,2021,2021-09-25T19:30:00.000Z,0
401282644,2021,2021-09-25T16:00:00.000Z,0
401282645,2021,2021-09-25T16:00:00.000Z,0
401282646,2021,2021-09-30T23:30:00.000Z,0
401282647,2021,2021-10-02T23:30:00.000Z,0
401282648,2021,2021-10-02T19:30:00.000Z,0
401282649,2021,2021-10-02T16:00:00.000Z,0
401282650,2021,2021-10-02T16:00:00.000Z,0
401282651,2021,2021-10-02T16:30:00.000Z,0
401282652,2021,2021-10-09T16:30:00.000Z,0
401282653,2021,2021-10-09T19:00:00.000Z,0
401282654,2021,2021-10-09T19:30:00.000Z,0
401282655,2021,2021-10-09T19:30:00.000Z,0
401282656,2021,2021-10-09T23:30:00.000Z,0
401282657,2021,2021-10-15T23:00:00.000Z,0
401282658,2021,2021-10-16T23:30:00.000Z,0
401282659,2021,2021-10-16T19:30:00.000Z,0
401282660,2021,2021-10-16T16:30:00.000Z,0
401282661,2021,2021-10-16T19:30:00.000Z,0
401282662,2021,2021-10-23T16:00:00.000Z,0
401282663,2021,2021-10-23T16:00:00.000Z,0
401282664,2021,2021-10-23T20:00:00.000Z,0
401282665,2021,2021-10-23T23:30:00.000Z,0
401282666,2021,2021-10-23T19:30:00.000Z,0
401282667,2021,2021-10-23T23:30:00.000Z,0
401282668,2021,2021-10-23T16:30:00.000Z,0
401282669,2021,2021-10-31T02:15:00.000Z,0
401282670,2021,2021-10-30T19:30:00.000Z,0
401282671,2021,2021-10-30T16:00:00.000Z,0
401282672,2021,2021-10-30T23:30:00.000Z,0
401282673,2021,2021-10-30T23:30:00.000Z,0
401282674,2021,2021-10-30T16:00:00.000Z,0
401282675,2021,2021-10-30T19:30:00.000Z,0
401282676,2021,2021-10-30T20:00:00.000Z,0
401282677,2021,2021-11-05T23:30:00.000Z,0
401282678,2021,2021-11-06T16:00:00.000Z,0
401282679,2021,2021-11-06T20:00:00.000Z,0
401282680,2021,2021-11-06T23:30:00.000Z,0
401282681,2021,2021-11-06T16:30:00.000Z,0
401282682,2021,2021-11-06T16:00:00.000Z,0
401282683,2021,2021-11-12T00:30:00.000Z,0
401282684,2021,2021-11-13T17:00:00.000Z,0
401282685,2021,2021-11-13T20:30:00.000Z,0
401282686,2021,2021-11-13T20:30:00.000Z,0
401282687,2021,2021-11-13T17:00:00.000Z,0
401282688,2021,2021-11-14T00:30:00.000Z,0
401282689,2021,2021-11-13T20:30:00.000Z,0
401282690,2021,2021-11-14T00:30:00.000Z,0
401282691,2021,2021-11-19T00:30:00.000Z,0
401282692,2021,2021-11-20T17:00:00.000Z,0
401282693,2021,2021-11-20T17:00:00.000Z,0
401282694,2021,2021-11-21T00:30:00.000Z,0
401282695,2021,2021-11-20T21:00:00.000Z,0
401282696,2021,2021-11-20T17:00:00.000Z,0
401282697,2021,2021-11-20T19:30:00.000Z,0
401282698,2021,2021-11-20T20:30:00.000Z,0
401282699,2021,2021-11-27T00:00:00.000Z,0
401282700,2021,2021-11-27T17:00:00.000Z,0
401282701,2021,2021-11-27T17:30:00.000Z,0
401282702,2021,2021-11-28T00:30:00.000Z,0
401282703,2021,2021-11-27T20:45:00.000Z,0
401282705,2021,2021-09-11T18:30:00.000Z,0
401282706,2021,2021-09-18T18:30:00.000Z,0
401282707,2021,2021-09-25T16:00:00.000Z,0
401282708,2021,2021-10-02T18:30:00.000Z,0
401282709,2021,2021-10-23T23:30:00.000Z,0
401282710,2021,2021-11-06T19:30:00.000Z,0
401282711,2021,2021-11-28T01:00:00.000Z,0
401282714,2021,2021-08-28T17:20:00.000Z,0
401282715,2021,2021-09-18T01:00:00.000Z,0
401282716,2021,2021-09-25T19:30:00.000Z,0
401282717,2021,2021-10-23T16:00:00.000Z,0
401282718,2021,2021-10-09T19:30:00.000Z,0
401282719,2021,2021-10-30T16:00:00.000Z,0
401282720,2021,2021-11-06T16:00:00.000Z,0
401282721,2021,2021-11-20T19:00:00.000Z,0
401282722,2021,2021-11-27T20:30:00.000Z,0
401282723,2021,2021-09-04T19:30:00.000Z,0
401282724,2021,2021-09-11T23:30:00.000Z,0
401282725,2021,2021-09-18T16:00:00.000Z,0
401282726,2021,2021-10-30T16:00:00.000Z,0
401282727,2021,2021-11-06T23:30:00.000Z,0
401282728,2021,2021-11-13T17:00:00.000Z,0
401282729,2021,2021-10-02T23:30:00.000Z,0
401282730,2021,2021-10-23T23:30:00.000Z,0
401282731,2021,2021-10-16T16:00:00.000Z,0
401282732,2021,2021-11-20T20:30:00.000Z,0
401282753,2021,2021-11-27T20:30:00.000Z,0
401282754,2021,2021-09-11T20:30:00.000Z,0
401282755,2021,2021-09-18T19:30:00.000Z,0
401282756,2021,2021-09-25T19:30:00.000Z,0
401282757,2021,2021-11-06T23:00:00.000Z,0
401282758,2021,2021-10-09T20:00:00.000Z,0
401282759,2021,2021-10-02T00:00:00.000Z,0
401282760,2021,2021-10-16T19:30:00.000Z,0
401282761,2021,2021-11-26T18:30:00.000Z,0
401282762,2021,2021-11-13T20:30:00.000Z,0
401282763,2021,2021-10-30T16:00:00.000Z,0
401282764,2021,2021-09-04T19:30:00.000Z,0
401282765,2021,2021-09-25T19:30:00.000Z,0
401282766,2021,2021-11-27T17:00:00.000Z,0
401282767,2021,2021-10-23T19:30:00.000Z,0
401282768,2021,2021-11-06T19:30:00.000Z,0
401282769,2021,2021-10-09T16:00:00.000Z,0
401282770,2021,2021-11-20T20:30:00.000Z,0
401282771,2021,2021-11-13T21:00:00.000Z,0
401282772,2021,2021-09-04T16:00:00.000Z,0
401282773,2021,2021-09-12T00:00:00.000Z,0
401282774,2021,2021-09-18T16:00:00.000Z,0
401282775,2021,2021-09-25T19:30:00.000Z,0
401282776,2021,2021-10-02T16:00:00.000Z,0
401282777,2021,2021-10-30T16:00:00.000Z,0
401282778,2021,2021-10-09T23:30:00.000Z,0
401282779,2021,2021-10-23T16:00:00.000Z,0
401282780,2021,2021-11-13T17:00:00.000Z,0
401282781,2021,2021-11-27T17:00:00.000Z,0
401282782,2021,2021-09-04T01:00:00.000Z,0
401282783,2021,2021-09-11T16:00:00.000Z,0
401282784,2021,2021-09-25T23:00:00.000Z,0
401282785,2021,2021-11-27T20:30:00.000Z,0
401282786,2021,2021-11-20T17:00:00.000Z,0
401282787,2021,2021-11-06T19:30:00.000Z,0
401282788,2021,2021-10-09T16:00:00.000Z,0
401282789,2021,2021-09-03T00:00:00.000Z,0
401282790,2021,2021-09-11T16:00:00.000Z,0
401282791,2021,2021-09-18T17:00:00.000Z,0
401282792,2021,2021-09-25T16:00:00.000Z,0
401282793,2021,2021-10-02T16:00:00.000Z,0
401282794,2021,2021-11-27T21:00:00.000Z,0
401282795,2021,2021-10-30T19:30:00.000Z,0
401282796,2021,2021-10-16T16:00:00.000Z,0
401282797,2021,2021-09-11T19:30:00.000Z,0
401282798,2021,2021-09-18T16:00:00.000Z,0
401282799,2021,2021-11-06T16:00:00.000Z,0
401282800,2021,2021-10-02T23:30:00.000Z,0
401282801,2021,2021-10-30T19:30:00.000Z,0
401282803,2021,2021-11-20T20:30:00.000Z,0
401282804,2021,2021-09-11T16:00:00.000Z,0
401282805,2021,2021-09-25T16:00:00.000Z,0
401282806,2021,2021-11-13T17:00:00.000Z,0
401282807,2021,2021-10-16T16:00:00.000Z,0
401282808,2021,2021-11-20T17:00:00.000Z,0
401282809,2021,2021-09-11T16:00:00.000Z,0
401282810,2021,2021-09-18T19:30:00.000Z,0
401282811,2021,2021-09-25T23:30:00.000Z,0
401282812,2021,2021-11-13T20:30:00.000Z,0
401282813,2021,2021-10-02T19:30:00.000Z,0
401282814,2021,2021-10-30T23:30:00.000Z,0
401282815,2021,2021-09-04T16:00:00.000Z,0
401282816,2021,2021-09-11T19:30:00.000Z,0
401282817,2021,2021-09-25T16:00:00.000Z,0
401282818,2021,2021-11-20T17:00:00.000Z,0
401282819,2021,2021-09-04T23:00:00.000Z,0
401282820,2021,2021-09-11T19:00:00.000Z,0
401282821,2021,2021-10-23T19:00:00.000Z,0
401282822,2021,2021-09-04T16:00:00.000Z,0
401282823,2021,2021-09-18T19:30:00.000Z,0
401282824,2021,2021-11-06T19:30:00.000Z,0
401282825,2021,2021-09-11T23:00:00.000Z,0
401282826,2021,2021-10-17T00:00:00.000Z,0
401286187,2021,2021-08-28T18:00:00.000Z,0
401286188,2021,2021-09-04T16:00:00.000Z,0
401286189,2021,2021-09-18T16:00:00.000Z,0
401286190,2021,2021-09-25T19:30:00.000Z,0
401286191,2021,2021-10-09T19:30:00.000Z,0
401286192,2021,2021-10-16T16:00:00.000Z,0
401286207,2021,2021-09-11T23:30:00.000Z,0
401286293,2021,2021-11-20T21:00:00.000Z,0
401286294,2021,2021-09-04T22:00:00.000Z,0
401286295,2021,2021-09-11T23:00:00.000Z,0
401286296,2021,2021-10-16T23:00:00.000Z,0
401286297,2021,2021-10-30T16:00:00.000Z,0
401286298,2021,2021-11-20T21:00:00.000Z,0
401286299,2021,2021-11-27T17:00:00.000Z,0
401286300,2021,2021-09-18T19:30:00.000Z,0
401286301,2021,2021-09-25T17:00:00.000Z,0
401286302,2021,2021-10-02T16:00:00.000Z,0
401286303,2021,2021-11-06T19:30:00.000Z,0
401286304,2021,2021-11-13T17:00:00.000Z,0
401286305,2021,2021-11-20T17:00:00.000Z,0
401286306,2021,2021-11-27T20:00:00.000Z,0
401287886,2021,2021-09-04T23:00:00.000Z,0
401287887,2021,2021-09-04T20:30:00.000Z,0
401287888,2021,2021-09-04T00:00:00.000Z,0
401287889,2021,2021-09-04T16:00:00.000Z,0
401287890,2021,2021-09-04T23:00:00.000Z,0
401287891,2021,2021-09-05T00:00:00.000Z,0
401287892,2021,2021-09-04T20:30:00.000Z,0
401287893,2021,2021-09-04T23:00:00.000Z,0
401287894,2021,2021-09-04T16:00:00.000Z,0
401287895,2021,2021-09-11T23:00:00.000Z,0
401287896,2021,2021-09-10T23:30:00.000Z,0
401287897,2021,2021-09-11T23:00:00.000Z,0
401287898,2021,2021-09-11T23:00:00.000Z,0
401287899,2021,2021-09-11T16:00:00.000Z,0
401287900,2021,2021-09-11T19:30:00.000Z,0
401287901,2021,2021-09-11T23:00:00.000Z,0
401287902,2021,2021-09-11T21:00:00.000Z,0
401287903,2021,2021-09-19T01:00:00.000Z,0
401287904,2021,2021-09-18T19:30:00.000Z,0
401287905,2021,2021-09-18T18:00:00.000Z,0
401287906,2021,2021-09-19T02:30:00.000Z,0
401287907,2021,2021-09-25T19:30:00.000Z,0
401287908,2021,2021-09-25T23:30:00.000Z,0
401287909,2021,2021-09-25T23:00:00.000Z,0
401287910,2021,2021-09-25T16:00:00.000Z,0
401287911,2021,2021-09-25T16:00:00.000Z,0
401287912,2021,2021-10-02T23:00:00.000Z,0
401287913,2021,2021-10-02T19:30:00.000Z,0
401287914,2021,2021-10-02T23:00:00.000Z,0
401287915,2021,2021-10-02T16:00:00.000Z,0
401287916,2021,2021-10-02T19:30:00.000Z,0
401287917,2021,2021-10-09T16:00:00.000Z,0
401287918,2021,2021-10-09T16:00:00.000Z,0
401287919,2021,2021-10-09T23:00:00.000Z,0
401287920,2021,2021-10-16T19:30:00.000Z,0
401287921,2021,2021-10-16T20:00:00.000Z,0
401287922,2021,2021-10-16T23:30:00.000Z,0
401287923,2021,2021-10-16T23:30:00.000Z,0
401287924,2021,2021-10-16T16:00:00.000Z,0
401287925,2021,2021-10-23T19:30:00.000Z,0
401287926,2021,2021-10-23T16:00:00.000Z,0
401287927,2021,2021-10-23T23:30:00.000Z,0
401287928,2021,2021-10-23T16:00:00.000Z,0
401287929,2021,2021-10-30T16:00:00.000Z,0
401287930,2021,2021-10-30T19:30:00.000Z,0
401287931,2021,2021-10-30T19:30:00.000Z,0
401287932,2021,2021-10-30T23:00:00.000Z,0
401287933,2021,2021-10-30T18:00:00.000Z,0
401287934,2021,2021-11-06T23:30:00.000Z,0
401287935,2021,2021-11-06T16:00:00.000Z,0
401287936,2021,2021-11-06T19:30:00.000Z,0
401287937,2021,2021-11-06T19:30:00.000Z,0
401287938,2021,2021-11-13T17:00:00.000Z,0
401287939,2021,2021-11-13T17:00:00.000Z,0
401287940,2021,2021-11-14T01:00:00.000Z,0
401287941,2021,2021-11-14T00:30:00.000Z,0
401287942,2021,2021-11-13T20:30:00.000Z,0
401287943,2021,2021-11-20T22:30:00.000Z,0
401287944,2021,2021-11-20T17:00:00.000Z,0
401287945,2021,2021-11-20T21:00:00.000Z,0
401287946,2021,2021-11-21T01:00:00.000Z,0
401287947,2021,2021-11-20T17:00:00.000Z,0
401287948,2021,2021-11-27T17:00:00.000Z,0
401287949,2021,2021-11-26T21:30:00.000Z,0
401287950,2021,2021-11-28T00:00:00.000Z,0
401287951,2021,2021-11-28T00:30:00.000Z,0
401287952,2021,2021-11-26T17:00:00.000Z,0
401287953,2021,2021-12-04T17:00:00.000Z,0
401300993,2021,2021-09-02T23:30:00.000Z,0
401300994,2021,2021-09-02T23:30:00.000Z,0
401300995,2021,2021-09-02T23:00:00.000Z,0
401300996,2021,2021-09-04T19:30:00.000Z,0
401300997,2021,2021-09-04T23:00:00.000Z,0
401300998,2021,2021-09-04T23:00:00.000Z,0
401300999,2021,2021-09-11T19:30:00.000Z,0
401301000,2021,2021-09-11T17:00:00.000Z,0
401301001,2021,2021-09-11T22:30:00.000Z,0
401301002,2021,2021-09-11T19:30:00.000Z,0
401301003,2021,2021-09-11T23:00:00.000Z,0
401301004,2021,2021-09-11T19:30:00.000Z,0
401301005,2021,2021-09-18T23:00:00.000Z,0
401301006,2021,2021-09-18T23:00:00.000Z,0
401301007,2021,2021-09-25T22:00:00.000Z,0
401301008,2021,2021-09-25T23:00:00.000Z,0
401301009,2021,2021-09-26T02:15:00.000Z,0
401301010,2021,2021-09-25T16:00:00.000Z,0
401301011,2021,2021-09-25T21:00:00.000Z,0
401301012,2021,2021-10-01T23:30:00.000Z,0
401301013,2021,2021-10-02T19:30:00.000Z,0
401301014,2021,2021-10-02T19:30:00.000Z,0
401301015,2021,2021-10-02T16:00:00.000Z,0
401301016,2021,2021-10-02T20:00:00.000Z,0
401301017,2021,2021-10-07T23:30:00.000Z,0
401301018,2021,2021-10-08T23:00:00.000Z,0
401301019,2021,2021-10-09T22:00:00.000Z,0
401301020,2021,2021-10-10T01:00:00.000Z,0
401301021,2021,2021-10-09T19:30:00.000Z,0
401301022,2021,2021-10-14T23:30:00.000Z,0
401301023,2021,2021-10-16T16:00:00.000Z,0
401301024,2021,2021-10-16T16:00:00.000Z,0
401301025,2021,2021-10-21T23:30:00.000Z,0
401301026,2021,2021-10-22T23:00:00.000Z,0
401301027,2021,2021-10-23T16:00:00.000Z,0
401301028,2021,2021-10-23T20:00:00.000Z,0
401301029,2021,2021-10-23T23:00:00.000Z,0
401301030,2021,2021-10-29T23:30:00.000Z,0
401301031,2021,2021-10-30T16:00:00.000Z,0
401301032,2021,2021-10-30T16:00:00.000Z,0
401301033,2021,2021-10-28T23:30:00.000Z,0
401301034,2021,2021-10-30T23:00:00.000Z,0
401301035,2021,2021-11-06T19:00:00.000Z,0
401301036,2021,2021-11-06T20:00:00.000Z,0
401301037,2021,2021-11-06T19:30:00.000Z,0
401301038,2021,2021-11-06T23:30:00.000Z,0
401301039,2021,2021-11-06T16:00:00.000Z,0
401301040,2021,2021-11-12T23:00:00.000Z,0
401301041,2021,2021-11-13T17:00:00.000Z,0
401301042,2021,2021-11-13T17:00:00.000Z,0
401301043,2021,2021-11-13T17:00:00.000Z,0
401301044,2021,2021-11-13T21:00:00.000Z,0
401301045,2021,2021-11-20T02:00:00.000Z,0
401301046,2021,2021-11-20T20:30:00.000Z,0
401301047,2021,2021-11-20T20:30:00.000Z,0
401301048,2021,2021-11-20T17:00:00.000Z,0
401301049,2021,2021-11-20T21:00:00.000Z,0
401301050,2021,2021-11-26T20:30:00.000Z,0
401301051,2021,2021-11-26T20:30:00.000Z,0
401301052,2021,2021-11-27T17:00:00.000Z,0
401301053,2021,2021-11-28T00:30:00.000Z,0
401301054,2021,2021-11-27T17:00:00.000Z,0
401301055,2021,2021-11-27T21:00:00.000Z,0
401301056,2021,2021-12-11T20:00:00.000Z,0
401308834,2021,2021-09-25T16:00:00.000Z,0
401308835,2021,2021-10-02T19:30:00.000Z,0
401308836,2021,2021-10-09T19:30:00.000Z,0
401308837,2021,2021-10-16T18:30:00.000Z,0
401308838,2021,2021-10-23T19:30:00.000Z,0
401308839,2021,2021-11-02T23:30:00.000Z,0
401308840,2021,2021-11-10T00:00:00.000Z,0
401308841,2021,2021-11-17T01:00:00.000Z,0
401308842,2021,2021-11-27T17:00:00.000Z,0
401308843,2021,2021-09-18T19:30:00.000Z,0
401309540,2021,2021-09-02T23:00:00.000Z,0
401309541,2021,2021-09-03T23:00:00.000Z,0
401309542,2021,2021-09-02T23:00:00.000Z,0
401309543,2021,2021-09-04T23:00:00.000Z,0
401309544,2021,2021-09-11T21:00:00.000Z,0
401309545,2021,2021-09-11T15:30:00.000Z,0
401309546,2021,2021-09-11T20:00:00.000Z,0
401309547,2021,2021-09-11T17:30:00.000Z,0
401309548,2021,2021-09-11T19:00:00.000Z,0
401309549,2021,2021-09-18T20:00:00.000Z,0
401309550,2021,2021-09-18T19:30:00.000Z,0
401309551,2021,2021-09-18T21:00:00.000Z,0
401309552,2021,2021-09-18T16:00:00.000Z,0
401309553,2021,2021-09-18T20:00:00.000Z,0
401309554,2021,2021-09-25T18:00:00.000Z,0
401309555,2021,2021-09-25T18:00:00.000Z,0
401309556,2021,2021-09-25T18:30:00.000Z,0
401309557,2021,2021-09-25T18:00:00.000Z,0
401309558,2021,2021-10-02T18:30:00.000Z,0
401309559,2021,2021-10-02T21:00:00.000Z,0
401309560,2021,2021-10-02T19:30:00.000Z,0
401309561,2021,2021-10-02T16:00:00.000Z,0
401309562,2021,2021-10-02T19:30:00.000Z,0
401309563,2021,2021-10-09T19:30:00.000Z,0
401309564,2021,2021-10-09T16:00:00.000Z,0
401309565,2021,2021-10-09T23:00:00.000Z,0
401309566,2021,2021-10-09T16:00:00.000Z,0
401309567,2021,2021-10-09T19:30:00.000Z,0
401309568,2021,2021-10-16T18:00:00.000Z,0
401309569,2021,2021-10-16T19:30:00.000Z,0
401309570,2021,2021-10-16T19:30:00.000Z,0
401309571,2021,2021-10-16T16:00:00.000Z,0
401309572,2021,2021-10-16T19:30:00.000Z,0
401309573,2021,2021-10-23T19:30:00.000Z,0
401309574,2021,2021-10-23T16:00:00.000Z,0
401309575,2021,2021-10-23T19:30:00.000Z,0
401309576,2021,2021-10-23T17:00:00.000Z,0
401309577,2021,2021-10-23T16:00:00.000Z,0
401309578,2021,2021-10-30T16:00:00.000Z,0
401309579,2021,2021-11-02T23:00:00.000Z,0
401309580,2021,2021-11-02T23:30:00.000Z,0
401309581,2021,2021-11-03T23:00:00.000Z,0
401309582,2021,2021-11-03T23:00:00.000Z,0
401309583,2021,2021-11-10T01:00:00.000Z,0
401309584,2021,2021-11-10T00:00:00.000Z,0
401309585,2021,2021-11-11T00:00:00.000Z,0
401309586,2021,2021-11-11T01:00:00.000Z,0
401309587,2021,2021-11-11T00:00:00.000Z,0
401309588,2021,2021-11-17T00:30:00.000Z,0
401309589,2021,2021-11-17T00:00:00.000Z,0
401309590,2021,2021-11-18T00:00:00.000Z,0
401309591,2021,2021-11-18T00:00:00.000Z,0
401309592,2021,2021-11-20T17:00:00.000Z,0
401309593,2021,2021-11-24T00:00:00.000Z,0
401309594,2021,2021-11-24T00:00:00.000Z,0
401309595,2021,2021-11-26T17:00:00.000Z,0
401309596,2021,2021-11-26T17:00:00.000Z,0
401309597,2021,2021-11-27T17:00:00.000Z,0
401309598,2021,2021-09-04T23:00:00.000Z,0
401309600,2021,2021-09-04T22:00:00.000Z,0
401309601,2021,2021-09-04T16:00:00.000Z,0
401309602,2021,2021-09-04T23:00:00.000Z,0
401309603,2021,2021-09-11T23:00:00.000Z,0
401309604,2021,2021-09-18T19:30:00.000Z,0
401309605,2021,2021-09-18T20:15:00.000Z,0
401309606,2021,2021-09-17T00:00:00.000Z,0
401309607,2021,2021-09-19T00:00:00.000Z,0
401309608,2021,2021-09-19T00:00:00.000Z,0
401309609,2021,2021-09-18T23:00:00.000Z,0
401309610,2021,2021-09-25T22:00:00.000Z,0
401309611,2021,2021-09-26T00:00:00.000Z,0
401309612,2021,2021-10-02T18:00:00.000Z,0
401309613,2021,2021-10-02T20:00:00.000Z,0
401309614,2021,2021-10-02T18:30:00.000Z,0
401309615,2021,2021-10-03T00:00:00.000Z,0
401309616,2021,2021-10-07T23:30:00.000Z,0
401309617,2021,2021-10-09T23:00:00.000Z,0
401309618,2021,2021-10-10T00:00:00.000Z,0
401309619,2021,2021-10-09T23:00:00.000Z,0
401309620,2021,2021-10-12T23:30:00.000Z,0
401309621,2021,2021-10-14T23:30:00.000Z,0
401309622,2021,2021-10-16T19:00:00.000Z,0
401309623,2021,2021-10-20T23:30:00.000Z,0
401309624,2021,2021-10-21T23:30:00.000Z,0
401309625,2021,2021-10-23T18:00:00.000Z,0
401309626,2021,2021-10-23T23:00:00.000Z,0
401309627,2021,2021-10-28T23:30:00.000Z,0
401309628,2021,2021-10-30T19:30:00.000Z,0
401309629,2021,2021-10-30T21:00:00.000Z,0
401309630,2021,2021-10-30T22:00:00.000Z,0
401309631,2021,2021-10-30T16:00:00.000Z,0
401309632,2021,2021-11-04T23:30:00.000Z,0
401309633,2021,2021-11-06T18:00:00.000Z,0
401309634,2021,2021-11-06T22:00:00.000Z,0
401309635,2021,2021-11-06T19:00:00.000Z,0
401309636,2021,2021-11-06T19:30:00.000Z,0
401309637,2021,2021-11-13T19:30:00.000Z,0
401309638,2021,2021-11-13T22:00:00.000Z,0
401309639,2021,2021-11-13T19:00:00.000Z,0
401309640,2021,2021-11-13T20:00:00.000Z,0
401309641,2021,2021-11-13T20:30:00.000Z,0
401309642,2021,2021-11-20T20:30:00.000Z,0
401309643,2021,2021-11-20T19:00:00.000Z,0
401309644,2021,2021-11-20T18:00:00.000Z,0
401309645,2021,2021-11-20T21:00:00.000Z,0
401309646,2021,2021-11-27T19:30:00.000Z,0
401309647,2021,2021-11-27T19:00:00.000Z,0
401309648,2021,2021-11-26T20:30:00.000Z,0
401309649,2021,2021-11-27T19:00:00.000Z,0
401309650,2021,2021-11-27T21:00:00.000Z,0
401309753,2021,2021-09-11T18:00:00.000Z,0
401309833,2021,2021-08-28T19:30:00.000Z,0
401309834,2021,2021-09-02T23:30:00.000Z,0
401309835,2021,2021-09-03T02:30:00.000Z,0
401309836,2021,2021-09-04T01:00:00.000Z,0
401309837,2021,2021-09-05T02:30:00.000Z,0
401309838,2021,2021-09-04T18:00:00.000Z,0
401309839,2021,2021-09-05T00:00:00.000Z,0
401309840,2021,2021-09-05T03:00:00.000Z,0
401309841,2021,2021-09-05T02:30:00.000Z,0
401309842,2021,2021-09-04T21:00:00.000Z,0
401309843,2021,2021-09-12T02:30:00.000Z,0
401309844,2021,2021-09-12T03:00:00.000Z,0
401309845,2021,2021-09-11T22:00:00.000Z,0
401309846,2021,2021-09-12T02:00:00.000Z,0
401309847,2021,2021-09-12T02:30:00.000Z,0
401309848,2021,2021-09-12T02:15:00.000Z,0
401309849,2021,2021-09-18T20:00:00.000Z,0
401309850,2021,2021-09-18T23:30:00.000Z,0
401309851,2021,2021-09-18T19:30:00.000Z,0
401309852,2021,2021-09-18T19:30:00.000Z,0
401309853,2021,2021-09-19T02:00:00.000Z,0
401309854,2021,2021-09-19T02:15:00.000Z,0
401309855,2021,2021-09-19T02:45:00.000Z,0
401309856,2021,2021-09-18T23:00:00.000Z,0
401309857,2021,2021-09-26T01:30:00.000Z,0
401309858,2021,2021-09-25T22:00:00.000Z,0
401309859,2021,2021-09-26T02:30:00.000Z,0
401309860,2021,2021-09-26T02:30:00.000Z,0
401309861,2021,2021-09-25T18:30:00.000Z,0
401309862,2021,2021-09-26T02:30:00.000Z,0
401309863,2021,2021-10-02T21:30:00.000Z,0
401309864,2021,2021-10-02T19:30:00.000Z,0
401309865,2021,2021-10-03T01:00:00.000Z,0
401309866,2021,2021-10-03T02:30:00.000Z,0
401309867,2021,2021-10-02T18:00:00.000Z,0
401309868,2021,2021-10-09T02:30:00.000Z,0
401309869,2021,2021-10-09T20:00:00.000Z,0
401309870,2021,2021-10-10T02:30:00.000Z,0
401309871,2021,2021-10-10T00:00:00.000Z,0
401309872,2021,2021-10-16T02:30:00.000Z,0
401309873,2021,2021-10-16T23:30:00.000Z,0
401309874,2021,2021-10-17T00:30:00.000Z,0
401309875,2021,2021-10-16T19:30:00.000Z,0
401309876,2021,2021-10-17T02:00:00.000Z,0
401309877,2021,2021-10-23T02:30:00.000Z,0
401309878,2021,2021-10-23T19:30:00.000Z,0
401309879,2021,2021-10-23T19:30:00.000Z,0
401309880,2021,2021-10-23T23:30:00.000Z,0
401309881,2021,2021-10-23T19:30:00.000Z,0
401309882,2021,2021-10-30T23:00:00.000Z,0
401309883,2021,2021-10-31T02:30:00.000Z,0
401309884,2021,2021-10-30T19:30:00.000Z,0
401309885,2021,2021-10-30T19:00:00.000Z,0
401309886,2021,2021-10-30T23:00:00.000Z,0
401309887,2021,2021-10-31T02:00:00.000Z,0
401309888,2021,2021-11-06T02:30:00.000Z,0
401309889,2021,2021-11-06T19:00:00.000Z,0
401309890,2021,2021-11-06T23:30:00.000Z,0
401309891,2021,2021-11-06T23:00:00.000Z,0
401309892,2021,2021-11-07T02:30:00.000Z,0
401309894,2021,2021-11-13T22:30:00.000Z,0
401309895,2021,2021-11-14T03:30:00.000Z,0
401309896,2021,2021-11-13T19:00:00.000Z,0
401309897,2021,2021-11-14T00:00:00.000Z,0
401309898,2021,2021-11-14T02:00:00.000Z,0
401309899,2021,2021-11-20T02:00:00.000Z,0
401309900,2021,2021-11-21T00:00:00.000Z,0
401309901,2021,2021-11-21T00:30:00.000Z,0
401309902,2021,2021-11-21T03:30:00.000Z,0
401309903,2021,2021-11-20T20:00:00.000Z,0
401309904,2021,2021-11-20T21:00:00.000Z,0
401309905,2021,2021-11-27T01:00:00.000Z,0
401309906,2021,2021-11-26T21:00:00.000Z,0
401309907,2021,2021-11-28T03:30:00.000Z,0
401309908,2021,2021-11-27T20:30:00.000Z,0
401309909,2021,2021-11-27T21:00:00.000Z,0
401309910,2021,2021-11-28T03:30:00.000Z,0
401309912,2021,2021-10-02T01:00:00.000Z,0
401309913,2021,2021-10-09T19:30:00.000Z,0
401309914,2021,2021-11-06T19:30:00.000Z,0
401309937,2021,2021-09-03T22:00:00.000Z,0
401310253,2021,2021-11-06T15:30:00.000Z,0
401310254,2021,2021-11-13T17:00:00.000Z,0
401310676,2021,2021-12-04T20:00:00.000Z,0
401310693,2021,2021-08-29T02:00:00.000Z,0
401310694,2021,2021-09-03T02:00:00.000Z,0
401310695,2021,2021-09-04T01:00:00.000Z,0
401310696,2021,2021-09-03T00:00:00.000Z,0
401310697,2021,2021-09-04T20:00:00.000Z,0
401310698,2021,2021-09-05T03:59:00.000Z,0
401310699,2021,2021-09-05T02:30:00.000Z,0
401310700,2021,2021-09-11T23:00:00.000Z,0
401310701,2021,2021-09-11T02:20:00.000Z,0
401310702,2021,2021-09-12T02:00:00.000Z,0
401310703,2021,2021-09-12T02:30:00.000Z,0
401310704,2021,2021-09-18T23:30:00.000Z,0
401310705,2021,2021-09-19T04:30:00.000Z,0
401310706,2021,2021-09-25T16:00:00.000Z,0
401310707,2021,2021-09-25T02:00:00.000Z,0
401310708,2021,2021-09-26T00:00:00.000Z,0
401310709,2021,2021-09-25T19:30:00.000Z,0
401310710,2021,2021-10-02T22:30:00.000Z,0
401310711,2021,2021-10-02T19:30:00.000Z,0
401310712,2021,2021-10-03T03:00:00.000Z,0
401310713,2021,2021-10-03T02:30:00.000Z,0
401310714,2021,2021-10-09T23:00:00.000Z,0
401310715,2021,2021-10-09T19:30:00.000Z,0
401310716,2021,2021-10-10T01:00:00.000Z,0
401310717,2021,2021-10-10T02:30:00.000Z,0
401310718,2021,2021-10-17T01:00:00.000Z,0
401310719,2021,2021-10-16T23:00:00.000Z,0
401310720,2021,2021-10-16T23:00:00.000Z,0
401310721,2021,2021-10-16T19:30:00.000Z,0
401310722,2021,2021-10-17T02:30:00.000Z,0
401310723,2021,2021-10-16T02:30:00.000Z,0
401310724,2021,2021-10-23T23:00:00.000Z,0
401310725,2021,2021-10-23T01:30:00.000Z,0
401310726,2021,2021-10-23T19:30:00.000Z,0
401310727,2021,2021-10-23T23:00:00.000Z,0
401310728,2021,2021-10-24T03:59:00.000Z,0
401310729,2021,2021-10-22T03:00:00.000Z,0
401310730,2021,2021-10-30T23:00:00.000Z,0
401310731,2021,2021-10-30T19:00:00.000Z,0
401310732,2021,2021-10-30T20:00:00.000Z,0
401310733,2021,2021-10-31T02:30:00.000Z,0
401310734,2021,2021-10-30T02:00:00.000Z,0
401310735,2021,2021-11-06T23:00:00.000Z,0
401310736,2021,2021-11-06T19:30:00.000Z,0
401310737,2021,2021-11-06T23:00:00.000Z,0
401310738,2021,2021-11-06T20:00:00.000Z,0
401310739,2021,2021-11-07T03:00:00.000Z,0
401310740,2021,2021-11-07T02:00:00.000Z,0
401310741,2021,2021-11-14T00:00:00.000Z,0
401310742,2021,2021-11-13T02:00:00.000Z,0
401310743,2021,2021-11-14T00:00:00.000Z,0
401310744,2021,2021-11-14T03:30:00.000Z,0
401310745,2021,2021-11-13T21:00:00.000Z,0
401310746,2021,2021-11-14T03:30:00.000Z,0
401310747,2021,2021-11-20T02:00:00.000Z,0
401310748,2021,2021-11-21T02:00:00.000Z,0
401310749,2021,2021-11-21T04:00:00.000Z,0
401310750,2021,2021-11-21T01:00:00.000Z,0
401310751,2021,2021-11-20T04:30:00.000Z,0
401310752,2021,2021-11-26T20:30:00.000Z,0
401310753,2021,2021-11-26T17:00:00.000Z,0
401310754,2021,2021-11-28T02:00:00.000Z,0
401310755,2021,2021-11-26T18:00:00.000Z,0
401310756,2021,2021-11-27T20:00:00.000Z,0
401310757,2021,2021-11-25T20:30:00.000Z,0
401310861,2021,2021-09-04T18:00:00.000Z,0
401319455,2021,2021-09-19T00:00:00.000Z,0
401327539,2021,2021-08-28T23:00:00.000Z,0
401327913,2021,2021-09-04T16:00:00.000Z,0
401327914,2021,2021-09-04T20:00:00.000Z,0
401327915,2021,2021-09-11T17:00:00.000Z,0
401327916,2021,2021-09-18T17:00:00.000Z,0
401327917,2021,2021-09-25T20:00:00.000Z,0
401327918,2021,2021-10-02T18:00:00.000Z,0
401327919,2021,2021-10-09T17:00:00.000Z,0
401327920,2021,2021-10-16T17:00:00.000Z,0
401327921,2021,2021-10-23T17:00:00.000Z,0
401327922,2021,2021-10-30T17:00:00.000Z,0
401327923,2021,2021-11-06T17:00:00.000Z,0
401327924,2021,2021-09-04T20:00:00.000Z,0
401327925,2021,2021-09-11T17:30:00.000Z,0
401327926,2021,2021-09-18T22:00:00.000Z,0
401327927,2021,2021-09-25T17:30:00.000Z,0
401327928,2021,2021-10-02T18:30:00.000Z,0
401327929,2021,2021-10-09T22:00:00.000Z,0
401327930,2021,2021-10-16T17:00:00.000Z,0
401327931,2021,2021-10-23T17:30:00.000Z,0
401327932,2021,2021-10-30T17:00:00.000Z,0
401327953,2021,2021-09-04T22:00:00.000Z,0
401327954,2021,2021-09-11T17:00:00.000Z,0
401327955,2021,2021-09-18T22:00:00.000Z,0
401327956,2021,2021-09-25T17:00:00.000Z,0
401327957,2021,2021-10-02T23:00:00.000Z,0
401327958,2021,2021-10-09T17:00:00.000Z,0
401327959,2021,2021-10-23T18:00:00.000Z,0
401327960,2021,2021-11-06T17:00:00.000Z,0
401327961,2021,2021-09-04T22:00:00.000Z,0
401327963,2021,2021-09-25T23:00:00.000Z,0
401327964,2021,2021-10-02T22:00:00.000Z,0
401327965,2021,2021-10-30T18:00:00.000Z,0
401327966,2021,2021-11-06T18:00:00.000Z,0
401327967,2021,2021-09-12T00:00:00.000Z,0
401327968,2021,2021-09-18T23:00:00.000Z,0
401327969,2021,2021-09-25T21:00:00.000Z,0
401327970,2021,2021-10-02T23:00:00.000Z,0
401327971,2021,2021-10-16T21:00:00.000Z,0
401327972,2021,2021-10-23T23:00:00.000Z,0
401327973,2021,2021-10-30T18:00:00.000Z,0
401327974,2021,2021-11-06T21:00:00.000Z,0
401327975,2021,2021-11-13T22:00:00.000Z,0
401327976,2021,2021-11-21T00:00:00.000Z,0
401327977,2021,2021-09-05T01:00:00.000Z,0
401327978,2021,2021-09-12T02:00:00.000Z,0
401327979,2021,2021-09-19T02:00:00.000Z,0
401327980,2021,2021-10-02T23:00:00.000Z,0
401327981,2021,2021-10-09T19:00:00.000Z,0
401327982,2021,2021-10-17T01:00:00.000Z,0
401327983,2021,2021-10-24T01:00:00.000Z,0
401327984,2021,2021-10-30T17:00:00.000Z,0
401327985,2021,2021-11-06T17:00:00.000Z,0
401327986,2021,2021-11-14T02:00:00.000Z,0
401327987,2021,2021-11-21T02:00:00.000Z,0
401327988,2021,2021-09-04T22:00:00.000Z,0
401327989,2021,2021-09-18T23:00:00.000Z,0
401327990,2021,2021-09-25T19:00:00.000Z,0
401327991,2021,2021-10-02T19:00:00.000Z,0
401327992,2021,2021-10-09T22:00:00.000Z,0
401327993,2021,2021-10-30T18:00:00.000Z,0
401327994,2021,2021-11-06T21:00:00.000Z,0
401327995,2021,2021-11-13T18:00:00.000Z,0
401327996,2021,2021-11-20T19:00:00.000Z,0
401327997,2021,2021-09-18T23:00:00.000Z,0
401327998,2021,2021-09-25T20:00:00.000Z,0
401327999,2021,2021-10-02T19:00:00.000Z,0
401328000,2021,2021-10-09T20:00:00.000Z,0
401328001,2021,2021-10-23T19:00:00.000Z,0
401328002,2021,2021-11-06T18:00:00.000Z,0
401328003,2021,2021-11-13T22:00:00.000Z,0
401328005,2021,2021-09-18T20:00:00.000Z,0
401328006,2021,2021-09-25T23:00:00.000Z,0
401328007,2021,2021-10-09T19:00:00.000Z,0
401328008,2021,2021-10-16T20:00:00.000Z,0
401328009,2021,2021-11-06T23:00:00.000Z,0
401328010,2021,2021-11-20T22:00:00.000Z,0
401328011,2021,2021-09-03T01:00:00.000Z,0
401328012,2021,2021-09-11T23:00:00.000Z,0
401328013,2021,2021-10-30T23:00:00.000Z,0
401328014,2021,2021-11-20T19:00:00.000Z,0
401328015,2021,2021-09-04T22:00:00.000Z,0
401328016,2021,2021-09-11T21:00:00.000Z,0
401328017,2021,2021-09-18T22:00:00.000Z,0
401328018,2021,2021-09-25T17:00:00.000Z,0
401328019,2021,2021-10-02T17:00:00.000Z,0
401328020,2021,2021-10-16T17:00:00.000Z,0
401328021,2021,2021-10-02T21:00:00.000Z,0
401328022,2021,2021-09-04T23:00:00.000Z,0
401328023,2021,2021-09-11T23:00:00.000Z,0
401328024,2021,2021-09-18T23:00:00.000Z,0
401328025,2021,2021-09-25T23:00:00.000Z,0
401328026,2021,2021-10-23T23:00:00.000Z,0
401328027,2021,2021-11-13T19:00:00.000Z,0
401328028,2021,2021-09-04T20:00:00.000Z,0
401328029,2021,2021-09-19T00:00:00.000Z,0
401328030,2021,2021-09-25T19:00:00.000Z,0
401328031,2021,2021-10-03T00:30:00.000Z,0
401328032,2021,2021-10-09T20:00:00.000Z,0
401328033,2021,2021-10-24T00:00:00.000Z,0
401328034,2021,2021-10-30T21:00:00.000Z,0
401328035,2021,2021-11-07T01:00:00.000Z,0
401328036,2021,2021-11-14T01:05:00.000Z,0
401328037,2021,2021-11-21T01:05:00.000Z,0
401328038,2021,2021-09-11T20:00:00.000Z,0
401328039,2021,2021-09-18T20:00:00.000Z,0
401328040,2021,2021-09-26T00:00:00.000Z,0
401328041,2021,2021-10-03T02:30:00.000Z,0
401328042,2021,2021-10-09T19:00:00.000Z,0
401328043,2021,2021-10-16T18:30:00.000Z,0
401328044,2021,2021-10-23T20:00:00.000Z,0
401328045,2021,2021-11-06T20:00:00.000Z,0
401328046,2021,2021-11-14T01:00:00.000Z,0
401328047,2021,2021-11-20T22:05:00.000Z,0
401328050,2021,2021-10-03T02:00:00.000Z,0
401328051,2021,2021-10-09T21:00:00.000Z,0
401328052,2021,2021-10-23T23:30:00.000Z,0
401328053,2021,2021-10-30T20:00:00.000Z,0
401328054,2021,2021-11-06T20:00:00.000Z,0
401328055,2021,2021-11-13T20:00:00.000Z,0
401328056,2021,2021-11-20T20:00:00.000Z,0
401328057,2021,2021-09-04T19:00:00.000Z,0
401328058,2021,2021-09-25T19:00:00.000Z,0
401328059,2021,2021-10-02T20:00:00.000Z,0
401328060,2021,2021-10-09T19:00:00.000Z,0
401328061,2021,2021-10-16T21:00:00.000Z,0
401328062,2021,2021-10-23T19:00:00.000Z,0
401328063,2021,2021-10-30T19:00:00.000Z,0
401328064,2021,2021-09-12T00:00:00.000Z,0
401328065,2021,2021-09-18T19:00:00.000Z,0
401328066,2021,2021-09-25T21:00:00.000Z,0
401328067,2021,2021-10-02T19:00:00.000Z,0
401328068,2021,2021-10-16T02:00:00.000Z,0
401328069,2021,2021-11-20T19:00:00.000Z,0
401328070,2021,2021-09-12T00:00:00.000Z,0
401328071,2021,2021-10-16T19:00:00.000Z,0
401328072,2021,2021-10-30T18:00:00.000Z,0
401328073,2021,2021-11-06T18:00:00.000Z,0
401328074,2021,2021-11-13T20:00:00.000Z,0
401328075,2021,2021-09-11T18:00:00.000Z,0
401328076,2021,2021-09-25T19:00:00.000Z,0
401328077,2021,2021-10-16T20:00:00.000Z,0
401328078,2021,2021-10-24T01:00:00.000Z,0
401328079,2021,2021-11-06T20:00:00.000Z,0
401328080,2021,2021-09-11T23:00:00.000Z,0
401328081,2021,2021-10-17T00:00:00.000Z,0
401328082,2021,2021-10-24T00:00:00.000Z,0
401328083,2021,2021-10-30T19:00:00.000Z,0
401328084,2021,2021-11-20T20:00:00.000Z,0
401328085,2021,2021-09-11T22:00:00.000Z,0
401328086,2021,2021-10-09T17:00:00.000Z,0
401328087,2021,2021-10-16T18:00:00.000Z,0
401328088,2021,2021-10-23T17:00:00.000Z,0
401328089,2021,2021-10-30T18:00:00.000Z,0
401328090,2021,2021-11-06T18:00:00.000Z,0
401328091,2021,2021-09-18T21:00:00.000Z,0
401328092,2021,2021-10-03T00:00:00.000Z,0
401328093,2021,2021-11-06T19:00:00.000Z,0
401328094,2021,2021-11-14T02:00:00.000Z,0
401328095,2021,2021-09-12T01:00:00.000Z,0
401328096,2021,2021-10-10T01:00:00.000Z,0
401328097,2021,2021-11-20T21:00:00.000Z,0
401328098,2021,2021-11-13T21:00:00.000Z,0
401328099,2021,2021-09-11T20:00:00.000Z,0
401328100,2021,2021-09-26T00:00:00.000Z,0
401328101,2021,2021-09-19T00:00:00.000Z,0
401328102,2021,2021-09-11T22:00:00.000Z,0
401328104,2021,2021-10-09T17:00:00.000Z,0
401328105,2021,2021-10-23T17:00:00.000Z,0
401328106,2021,2021-10-30T17:00:00.000Z,0
401328108,2021,2021-09-11T22:00:00.000Z,0
401328109,2021,2021-09-18T22:00:00.000Z,0
401328110,2021,2021-10-02T23:00:00.000Z,0
401328111,2021,2021-10-09T22:00:00.000Z,0
401328112,2021,2021-10-16T17:00:00.000Z,0
401328113,2021,2021-10-23T20:00:00.000Z,0
401328114,2021,2021-10-30T17:00:00.000Z,0
401328115,2021,2021-11-06T19:30:00.000Z,0
401328116,2021,2021-11-13T18:00:00.000Z,0
401328117,2021,2021-11-20T17:00:00.000Z,0
401328119,2021,2021-09-11T18:00:00.000Z,0
401328120,2021,2021-09-18T22:00:00.000Z,0
401328121,2021,2021-10-09T19:00:00.000Z,0
401328122,2021,2021-10-16T22:00:00.000Z,0
401328123,2021,2021-10-23T19:00:00.000Z,0
401328124,2021,2021-11-06T17:00:00.000Z,0
401328125,2021,2021-11-13T18:30:00.000Z,0
401328126,2021,2021-09-25T22:00:00.000Z,0
401328127,2021,2021-10-02T17:00:00.000Z,0
401328128,2021,2021-10-23T17:30:00.000Z,0
401328129,2021,2021-10-30T17:00:00.000Z,0
401328130,2021,2021-11-06T17:00:00.000Z,0
401328131,2021,2021-11-20T18:00:00.000Z,0
401328132,2021,2021-09-18T16:00:00.000Z,0
401328133,2021,2021-10-02T18:00:00.000Z,0
401328134,2021,2021-10-09T18:00:00.000Z,0
401328135,2021,2021-10-23T18:00:00.000Z,0
401328136,2021,2021-10-30T16:00:00.000Z,0
401328137,2021,2021-11-20T18:00:00.000Z,0
401328138,2021,2021-09-03T00:00:00.000Z,0
401328139,2021,2021-09-18T22:00:00.000Z,0
401328140,2021,2021-10-16T21:00:00.000Z,0
401328141,2021,2021-11-06T16:00:00.000Z,0
401328142,2021,2021-11-13T20:00:00.000Z,0
401328143,2021,2021-11-20T18:00:00.000Z,0
401328144,2021,2021-09-04T23:00:00.000Z,0
401328145,2021,2021-09-11T23:00:00.000Z,0
401328146,2021,2021-09-25T20:00:00.000Z,0
401328147,2021,2021-10-09T17:00:00.000Z,0
401328148,2021,2021-10-16T23:00:00.000Z,0
401328149,2021,2021-11-06T17:00:00.000Z,0
401328150,2021,2021-09-04T18:00:00.000Z,0
401328152,2021,2021-09-25T22:00:00.000Z,0
401328153,2021,2021-10-02T17:00:00.000Z,0
401328154,2021,2021-10-30T17:00:00.000Z,0
401328155,2021,2021-11-13T18:30:00.000Z,0
401328157,2021,2021-09-25T16:00:00.000Z,0
401328158,2021,2021-11-13T17:00:00.000Z,0
401328159,2021,2021-09-04T19:30:00.000Z,0
401328160,2021,2021-09-11T23:00:00.000Z,0
401328161,2021,2021-10-02T19:00:00.000Z,0
401328162,2021,2021-10-09T19:30:00.000Z,0
401328163,2021,2021-10-16T19:30:00.000Z,0
401328164,2021,2021-10-23T17:00:00.000Z,0
401328165,2021,2021-10-30T18:00:00.000Z,0
401328166,2021,2021-11-06T17:00:00.000Z,0
401328167,2021,2021-11-13T18:00:00.000Z,0
401328168,2021,2021-11-20T18:00:00.000Z,0
401328169,2021,2021-09-04T17:00:00.000Z,0
401328171,2021,2021-09-25T17:00:00.000Z,0
401328172,2021,2021-10-09T17:30:00.000Z,0
401328173,2021,2021-10-16T17:30:00.000Z,0
401328174,2021,2021-11-06T17:00:00.000Z,0
401328175,2021,2021-09-02T23:00:00.000Z,0
401328176,2021,2021-09-11T22:00:00.000Z,0
401328177,2021,2021-10-09T17:00:00.000Z,0
401328178,2021,2021-10-16T19:30:00.000Z,0
401328179,2021,2021-10-23T19:00:00.000Z,0
401328180,2021,2021-11-06T17:00:00.000Z,0
401328181,2021,2021-11-13T19:00:00.000Z,0
401328182,2021,2021-11-20T18:00:00.000Z,0
401328183,2021,2021-09-04T18:00:00.000Z,0
401328184,2021,2021-09-25T18:00:00.000Z,0
401328185,2021,2021-10-02T18:00:00.000Z,0
401328186,2021,2021-10-09T16:00:00.000Z,0
401328187,2021,2021-10-23T17:00:00.000Z,0
401328188,2021,2021-10-30T18:00:00.000Z,0
401328189,2021,2021-11-06T18:00:00.000Z,0
401328190,2021,2021-11-13T19:00:00.000Z,0
401328191,2021,2021-11-20T19:00:00.000Z,0
401328192,2021,2021-09-04T22:00:00.000Z,0
401328193,2021,2021-09-11T20:00:00.000Z,0
401328194,2021,2021-10-02T19:30:00.000Z,0
401328195,2021,2021-10-09T18:00:00.000Z,0
401328196,2021,2021-10-16T18:00:00.000Z,0
401328197,2021,2021-11-13T20:30:00.000Z,0
401328198,2021,2021-11-20T19:00:00.000Z,0
401328199,2021,2021-09-18T16:00:00.000Z,0
401328200,2021,2021-10-16T16:00:00.000Z,0
401328201,2021,2021-10-30T17:00:00.000Z,0
401328202,2021,2021-11-06T16:00:00.000Z,0
401328203,2021,2021-11-20T18:00:00.000Z,0
401328204,2021,2021-09-02T22:00:00.000Z,0
401328205,2021,2021-09-11T22:00:00.000Z,0
401328206,2021,2021-09-18T16:30:00.000Z,0
401328207,2021,2021-10-16T17:00:00.000Z,0
401328208,2021,2021-10-30T17:00:00.000Z,0
401328209,2021,2021-11-13T18:00:00.000Z,0
401328210,2021,2021-09-04T22:00:00.000Z,0
401328211,2021,2021-09-18T16:30:00.000Z,0
401328212,2021,2021-10-02T16:00:00.000Z,0
401328213,2021,2021-10-16T20:00:00.000Z,0
401328214,2021,2021-10-23T19:30:00.000Z,0
401328215,2021,2021-09-02T22:00:00.000Z,0
401328216,2021,2021-09-11T23:00:00.000Z,0
401328217,2021,2021-09-18T17:00:00.000Z,0
401328218,2021,2021-10-16T17:00:00.000Z,0
401328219,2021,2021-10-30T17:00:00.000Z,0
401328220,2021,2021-09-04T18:00:00.000Z,0
401328221,2021,2021-09-11T18:00:00.000Z,0
401328222,2021,2021-09-18T19:30:00.000Z,0
401328223,2021,2021-10-23T19:30:00.000Z,0
401328224,2021,2021-11-06T18:00:00.000Z,0
401328225,2021,2021-11-20T20:30:00.000Z,0
401328226,2021,2021-09-11T17:00:00.000Z,0
401328227,2021,2021-09-25T20:05:00.000Z,0
401328228,2021,2021-10-09T20:00:00.000Z,0
401328229,2021,2021-11-13T18:00:00.000Z,0
401328230,2021,2021-09-04T20:00:00.000Z,0
401328231,2021,2021-09-18T22:00:00.000Z,0
401328232,2021,2021-10-23T19:30:00.000Z,0
401328233,2021,2021-09-04T16:00:00.000Z,0
401328234,2021,2021-09-11T22:00:00.000Z,0
401328235,2021,2021-10-30T17:00:00.000Z,0
401328236,2021,2021-09-11T22:00:00.000Z,0
401328237,2021,2021-09-18T17:00:00.000Z,0
401328238,2021,2021-09-18T17:00:00.000Z,0
401328239,2021,2021-09-25T17:00:00.000Z,0
401328240,2021,2021-10-02T17:00:00.000Z,0
401328241,2021,2021-10-09T17:00:00.000Z,0
401328242,2021,2021-10-16T17:30:00.000Z,0
401328243,2021,2021-10-22T22:00:00.000Z,0
401328244,2021,2021-10-30T16:00:00.000Z,0
401328245,2021,2021-11-06T17:00:00.000Z,0
401328246,2021,2021-11-13T18:00:00.000Z,0
401328247,2021,2021-11-20T18:00:00.000Z,0
401328248,2021,2021-09-18T18:00:00.000Z,0
401328249,2021,2021-09-25T16:00:00.000Z,0
401328250,2021,2021-10-02T19:30:00.000Z,0
401328251,2021,2021-10-09T17:00:00.000Z,0
401328252,2021,2021-10-15T23:00:00.000Z,0
401328253,2021,2021-10-23T17:00:00.000Z,0
401328254,2021,2021-10-29T23:00:00.000Z,0
401328255,2021,2021-11-06T17:00:00.000Z,0
401328256,2021,2021-11-13T18:30:00.000Z,0
401328258,2021,2021-09-11T23:00:00.000Z,0
401328259,2021,2021-09-18T22:00:00.000Z,0
401328260,2021,2021-10-02T22:00:00.000Z,0
401328261,2021,2021-10-23T17:00:00.000Z,0
401328262,2021,2021-09-18T18:00:00.000Z,0
401328263,2021,2021-09-25T17:30:00.000Z,0
401328264,2021,2021-10-01T23:00:00.000Z,0
401328265,2021,2021-10-09T17:30:00.000Z,0
401328266,2021,2021-10-30T16:00:00.000Z,0
401328267,2021,2021-11-05T22:00:00.000Z,0
401328268,2021,2021-11-20T17:00:00.000Z,0
401328269,2021,2021-09-18T22:00:00.000Z,0
401328270,2021,2021-09-25T19:30:00.000Z,0
401328271,2021,2021-10-09T17:00:00.000Z,0
401328272,2021,2021-10-23T16:00:00.000Z,0
401328273,2021,2021-10-30T17:00:00.000Z,0
401328274,2021,2021-11-13T17:00:00.000Z,0
401328275,2021,2021-11-20T18:00:00.000Z,0
401328276,2021,2021-09-02T23:00:00.000Z,0
401328277,2021,2021-09-11T23:00:00.000Z,0
401328278,2021,2021-09-18T23:00:00.000Z,0
401328279,2021,2021-09-25T23:00:00.000Z,0
401328280,2021,2021-10-02T18:00:00.000Z,0
401328281,2021,2021-10-09T19:00:00.000Z,0
401328282,2021,2021-10-16T19:00:00.000Z,0
401328283,2021,2021-10-23T19:00:00.000Z,0
401328284,2021,2021-10-30T22:30:00.000Z,0
401328285,2021,2021-11-06T19:00:00.000Z,0
401328286,2021,2021-11-13T20:00:00.000Z,0
401328287,2021,2021-09-11T18:00:00.000Z,0
401328288,2021,2021-09-18T23:30:00.000Z,0
401328289,2021,2021-09-25T18:00:00.000Z,0
401328290,2021,2021-10-02T21:00:00.000Z,0
401328291,2021,2021-10-09T18:00:00.000Z,0
401328292,2021,2021-10-23T18:00:00.000Z,0
401328293,2021,2021-10-30T18:00:00.000Z,0
401328294,2021,2021-11-04T23:30:00.000Z,0
401328295,2021,2021-11-13T18:00:00.000Z,0
401328296,2021,2021-11-20T19:00:00.000Z,0
401328297,2021,2021-09-18T17:00:00.000Z,0
401328298,2021,2021-10-02T16:00:00.000Z,0
401328299,2021,2021-10-09T00:00:00.000Z,0
401328300,2021,2021-10-16T19:30:00.000Z,0
401328301,2021,2021-10-23T17:00:00.000Z,0
401328302,2021,2021-10-30T18:00:00.000Z,0
401328303,2021,2021-11-20T17:00:00.000Z,0
401328304,2021,2021-09-25T16:00:00.000Z,0
401328305,2021,2021-10-16T18:00:00.000Z,0
401328306,2021,2021-10-23T17:00:00.000Z,0
401328307,2021,2021-11-06T18:00:00.000Z,0
401328308,2021,2021-11-20T19:00:00.000Z,0
401328309,2021,2021-09-02T23:00:00.000Z,0
401328310,2021,2021-09-11T23:00:00.000Z,0
401328311,2021,2021-09-18T23:00:00.000Z,0
401328312,2021,2021-10-02T19:00:00.000Z,0
401328313,2021,2021-10-09T21:00:00.000Z,0
401328314,2021,2021-10-16T19:00:00.000Z,0
401328315,2021,2021-10-23T20:00:00.000Z,0
401328316,2021,2021-10-30T19:00:00.000Z,0
401328317,2021,2021-11-06T19:00:00.000Z,0
401328318,2021,2021-11-13T20:00:00.000Z,0
401328319,2021,2021-10-02T20:00:00.000Z,0
401328320,2021,2021-10-09T18:00:00.000Z,0
401328321,2021,2021-10-30T18:00:00.000Z,0
401328322,2021,2021-11-13T18:00:00.000Z,0
401328323,2021,2021-09-04T23:00:00.000Z,0
401328324,2021,2021-10-02T17:30:00.000Z,0
401328325,2021,2021-10-09T22:00:00.000Z,0
401328326,2021,2021-11-06T18:00:00.000Z,0
401328327,2021,2021-09-04T23:30:00.000Z,0
401328328,2021,2021-09-18T23:00:00.000Z,0
401328329,2021,2021-09-25T19:00:00.000Z,0
401328330,2021,2021-10-02T18:00:00.000Z,0
401328331,2021,2021-10-16T19:00:00.000Z,0
401328332,2021,2021-10-23T18:00:00.000Z,0
401328333,2021,2021-10-30T20:00:00.000Z,0
401328334,2021,2021-11-06T17:00:00.000Z,0
401328335,2021,2021-11-13T20:00:00.000Z,0
401328336,2021,2021-11-20T18:00:00.000Z,0
401328337,2021,2021-08-28T22:00:00.000Z,0
401328338,2021,2021-09-25T17:00:00.000Z,0
401328339,2021,2021-10-02T19:00:00.000Z,0
401328340,2021,2021-10-09T17:00:00.000Z,0
401328341,2021,2021-10-16T19:00:00.000Z,0
401328342,2021,2021-10-23T17:00:00.000Z,0
401328343,2021,2021-10-30T19:30:00.000Z,0
401328344,2021,2021-11-13T18:00:00.000Z,0
401328345,2021,2021-09-04T23:00:00.000Z,0
401328346,2021,2021-09-18T23:00:00.000Z,0
401328347,2021,2021-09-25T23:00:00.000Z,0
401328348,2021,2021-10-02T19:00:00.000Z,0
401328349,2021,2021-10-09T19:00:00.000Z,0
401328350,2021,2021-10-16T23:00:00.000Z,0
401328351,2021,2021-10-23T19:00:00.000Z,0
401328352,2021,2021-10-30T19:00:00.000Z,0
401328353,2021,2021-11-13T20:00:00.000Z,0
401328354,2021,2021-09-26T00:00:00.000Z,0
401328355,2021,2021-10-09T18:00:00.000Z,0
401328356,2021,2021-10-23T19:30:00.000Z,0
401328357,2021,2021-10-30T19:00:00.000Z,0
401328358,2021,2021-11-06T17:00:00.000Z,0
401328359,2021,2021-11-13T20:00:00.000Z,0
401328360,2021,2021-09-18T21:00:00.000Z,0
401328361,2021,2021-10-02T19:00:00.000Z,0
401328362,2021,2021-10-09T19:00:00.000Z,0
401328363,2021,2021-10-16T19:00:00.000Z,0
401328364,2021,2021-10-23T19:00:00.000Z,0
401328365,2021,2021-11-06T17:00:00.000Z,0
401328366,2021,2021-11-20T20:00:00.000Z,0
401328367,2021,2021-09-11T19:30:00.000Z,0
401328368,2021,2021-10-09T18:00:00.000Z,0
401328369,2021,2021-11-06T19:00:00.000Z,0
401328370,2021,2021-11-13T17:00:00.000Z,0
401328371,2021,2021-11-20T20:30:00.000Z,0
401328372,2021,2021-09-18T21:00:00.000Z,0
401328373,2021,2021-10-02T21:00:00.000Z,0
401328374,2021,2021-10-16T21:00:00.000Z,0
401328375,2021,2021-10-23T19:00:00.000Z,0
401328376,2021,2021-10-30T21:00:00.000Z,0
401328377,2021,2021-11-20T19:00:00.000Z,0
401328378,2021,2021-11-06T17:00:00.000Z,0
401328379,2021,2021-11-13T19:00:00.000Z,0
401328380,2021,2021-10-09T19:00:00.000Z,0
401328381,2021,2021-10-16T17:00:00.000Z,0
401328382,2021,2021-10-30T18:00:00.000Z,0
401328383,2021,2021-09-02T23:30:00.000Z,0
401328384,2021,2021-09-18T23:00:00.000Z,0
401328385,2021,2021-10-02T20:00:00.000Z,0
401328386,2021,2021-11-20T18:00:00.000Z,0
401328387,2021,2021-09-25T22:00:00.000Z,0
401328388,2021,2021-09-02T23:00:00.000Z,0
401328389,2021,2021-09-11T23:00:00.000Z,0
401328390,2021,2021-09-18T23:00:00.000Z,0
401328391,2021,2021-09-25T23:00:00.000Z,0
401328392,2021,2021-10-02T19:00:00.000Z,0
401328393,2021,2021-10-09T19:00:00.000Z,0
401328394,2021,2021-10-16T19:00:00.000Z,0
401328395,2021,2021-10-30T19:00:00.000Z,0
401328396,2021,2021-11-06T19:00:00.000Z,0
401328397,2021,2021-09-02T23:00:00.000Z,0
401328398,2021,2021-09-11T23:00:00.000Z,0
401328399,2021,2021-09-25T23:00:00.000Z,0
401328400,2021,2021-10-02T19:00:00.000Z,0
401328401,2021,2021-10-30T19:00:00.000Z,0
401328402,2021,2021-11-06T19:00:00.000Z,0
401328403,2021,2021-11-13T19:00:00.000Z,0
401328404,2021,2021-09-02T23:30:00.000Z,0
401328405,2021,2021-09-18T19:00:00.000Z,0
401328406,2021,2021-10-03T00:00:00.000Z,0
401328407,2021,2021-10-09T20:00:00.000Z,0
401328408,2021,2021-10-23T19:00:00.000Z,0
401328409,2021,2021-10-30T19:00:00.000Z,0
401328410,2021,2021-11-06T19:00:00.000Z,0
401328411,2021,2021-11-13T20:00:00.000Z,0
401328412,2021,2021-11-20T20:00:00.000Z,0
401328413,2021,2021-09-11T17:00:00.000Z,0
401328414,2021,2021-09-25T18:30:00.000Z,0
401328415,2021,2021-10-02T21:00:00.000Z,0
401328416,2021,2021-10-16T19:00:00.000Z,0
401328417,2021,2021-10-23T19:00:00.000Z,0
401328418,2021,2021-10-30T18:00:00.000Z,0
401328419,2021,2021-11-20T18:00:00.000Z,0
401328420,2021,2021-09-03T00:00:00.000Z,0
401328421,2021,2021-10-09T19:00:00.000Z,0
401328422,2021,2021-10-16T19:00:00.000Z,0
401328423,2021,2021-10-30T22:00:00.000Z,0
401328424,2021,2021-11-06T18:00:00.000Z,0
401328425,2021,2021-11-13T19:00:00.000Z,0
401328426,2021,2021-09-05T20:00:00.000Z,0
401328427,2021,2021-09-11T23:00:00.000Z,0
401328428,2021,2021-09-18T19:00:00.000Z,0
401328429,2021,2021-09-25T19:00:00.000Z,0
401328430,2021,2021-10-16T19:00:00.000Z,0
401328431,2021,2021-11-06T19:00:00.000Z,0
401328432,2021,2021-09-02T23:00:00.000Z,0
401328453,2021,2021-09-18T23:00:00.000Z,0
401328454,2021,2021-10-02T17:00:00.000Z,0
401328455,2021,2021-10-16T19:00:00.000Z,0
401328457,2021,2021-11-13T21:00:00.000Z,0
401328458,2021,2021-09-02T23:00:00.000Z,0
401328459,2021,2021-09-11T18:30:00.000Z,0
401328460,2021,2021-10-02T18:30:00.000Z,0
401328461,2021,2021-10-23T18:30:00.000Z,0
401328462,2021,2021-11-13T19:30:00.000Z,0
401328463,2021,2021-09-11T23:00:00.000Z,0
401328464,2021,2021-09-18T23:00:00.000Z,0
401328465,2021,2021-10-23T19:00:00.000Z,0
401328466,2021,2021-09-02T23:00:00.000Z,0
401328467,2021,2021-09-25T23:00:00.000Z,0
401328468,2021,2021-10-23T23:00:00.000Z,0
401328469,2021,2021-10-30T19:00:00.000Z,0
401328470,2021,2021-11-13T20:00:00.000Z,0
401328471,2021,2021-09-25T17:00:00.000Z,0
401328472,2021,2021-10-02T16:30:00.000Z,0
401328473,2021,2021-10-09T16:30:00.000Z,0
401328474,2021,2021-10-23T21:00:00.000Z,0
401328475,2021,2021-10-30T17:00:00.000Z,0
401328476,2021,2021-11-13T17:30:00.000Z,0
401328477,2021,2021-11-20T17:00:00.000Z,0
401328479,2021,2021-09-18T16:30:00.000Z,0
401328480,2021,2021-10-16T17:30:00.000Z,0
401328481,2021,2021-10-23T17:00:00.000Z,0
401328482,2021,2021-10-30T16:30:00.000Z,0
401328483,2021,2021-11-06T16:30:00.000Z,0
401328484,2021,2021-11-13T17:00:00.000Z,0
401328485,2021,2021-09-11T18:00:00.000Z,0
401328486,2021,2021-09-18T16:00:00.000Z,0
401328487,2021,2021-09-25T17:00:00.000Z,0
401328488,2021,2021-10-02T17:30:00.000Z,0
401328489,2021,2021-10-30T16:00:00.000Z,0
401328490,2021,2021-11-06T16:30:00.000Z,0
401328491,2021,2021-11-13T18:00:00.000Z,0
401328492,2021,2021-11-20T18:00:00.000Z,0
401328493,2021,2021-09-18T23:00:00.000Z,0
401328494,2021,2021-09-25T19:00:00.000Z,0
401328495,2021,2021-10-09T19:30:00.000Z,0
401328496,2021,2021-11-06T18:00:00.000Z,0
401328497,2021,2021-09-11T22:00:00.000Z,0
401328498,2021,2021-09-18T23:00:00.000Z,0
401328499,2021,2021-09-25T17:00:00.000Z,0
401328500,2021,2021-10-02T16:00:00.000Z,0
401328501,2021,2021-10-09T16:00:00.000Z,0
401328502,2021,2021-10-16T19:00:00.000Z,0
401328503,2021,2021-10-23T17:00:00.000Z,0
401328504,2021,2021-10-30T17:00:00.000Z,0
401328505,2021,2021-11-13T17:00:00.000Z,0
401328506,2021,2021-11-20T17:00:00.000Z,0
401328507,2021,2021-09-25T17:00:00.000Z,0
401328508,2021,2021-10-02T18:00:00.000Z,0
401328509,2021,2021-10-09T17:00:00.000Z,0
401328510,2021,2021-10-16T16:00:00.000Z,0
401328511,2021,2021-10-23T17:00:00.000Z,0
401328512,2021,2021-11-06T17:00:00.000Z,0
401328514,2021,2021-09-25T22:00:00.000Z,0
401328515,2021,2021-10-02T17:00:00.000Z,0
401328516,2021,2021-10-09T16:00:00.000Z,0
401328517,2021,2021-10-23T16:00:00.000Z,0
401328518,2021,2021-10-30T18:00:00.000Z,0
401328519,2021,2021-11-06T16:00:00.000Z,0
401328520,2021,2021-11-13T18:00:00.000Z,0
401328521,2021,2021-09-11T18:00:00.000Z,0
401328522,2021,2021-10-09T17:00:00.000Z,0
401328523,2021,2021-10-30T18:00:00.000Z,0
401328524,2021,2021-11-06T20:00:00.000Z,0
401328525,2021,2021-11-13T18:00:00.000Z,0
401328526,2021,2021-11-20T19:00:00.000Z,0
401328527,2021,2021-09-04T22:00:00.000Z,0
401328528,2021,2021-09-25T17:00:00.000Z,0
401328529,2021,2021-10-09T18:00:00.000Z,0
401328530,2021,2021-10-30T20:00:00.000Z,0
401328531,2021,2021-11-06T18:00:00.000Z,0
401328532,2021,2021-09-11T18:00:00.000Z,0
401328533,2021,2021-10-09T19:00:00.000Z,0
401328534,2021,2021-10-23T18:00:00.000Z,0
401328535,2021,2021-09-11T23:00:00.000Z,0
401328536,2021,2021-11-06T18:00:00.000Z,0
401328537,2021,2021-10-02T17:30:00.000Z,0
401328538,2021,2021-10-09T17:30:00.000Z,0
401328539,2021,2021-10-16T17:30:00.000Z,0
401328540,2021,2021-10-23T17:00:00.000Z,0
401328541,2021,2021-10-30T17:30:00.000Z,0
401328542,2021,2021-11-06T17:30:00.000Z,0
401328543,2021,2021-11-13T20:00:00.000Z,0
401328544,2021,2021-11-20T18:30:00.000Z,0
401328545,2021,2021-09-02T23:00:00.000Z,0
401328546,2021,2021-09-18T22:00:00.000Z,0
401328547,2021,2021-10-02T18:00:00.000Z,0
401328548,2021,2021-10-09T20:30:00.000Z,0
401328549,2021,2021-10-16T22:00:00.000Z,0
401328550,2021,2021-10-23T18:00:00.000Z,0
401328551,2021,2021-10-30T18:00:00.000Z,0
401328552,2021,2021-11-06T19:00:00.000Z,0
401328553,2021,2021-11-13T19:00:00.000Z,0
401328554,2021,2021-10-14T23:00:00.000Z,0
401328555,2021,2021-09-25T18:00:00.000Z,0
401328556,2021,2021-10-09T17:30:00.000Z,0
401328557,2021,2021-10-23T18:00:00.000Z,0
401328558,2021,2021-11-06T18:00:00.000Z,0
401328559,2021,2021-11-13T19:00:00.000Z,0
401328560,2021,2021-11-20T18:00:00.000Z,0
401328561,2021,2021-09-18T18:30:00.000Z,0
401328562,2021,2021-09-25T19:00:00.000Z,0
401328563,2021,2021-10-02T22:00:00.000Z,0
401328564,2021,2021-10-16T17:30:00.000Z,0
401328565,2021,2021-10-30T17:30:00.000Z,0
401328566,2021,2021-09-04T17:30:00.000Z,0
401328567,2021,2021-09-25T17:30:00.000Z,0
401328568,2021,2021-10-16T20:00:00.000Z,0
401328569,2021,2021-11-06T17:00:00.000Z,0
401328570,2021,2021-11-20T17:30:00.000Z,0
401328571,2021,2021-10-09T19:30:00.000Z,0
401328572,2021,2021-10-30T17:30:00.000Z,0
401328573,2021,2021-11-13T19:00:00.000Z,0
401328574,2021,2021-10-02T19:30:00.000Z,0
401328575,2021,2021-10-23T22:00:00.000Z,0
401328576,2021,2021-09-18T23:00:00.000Z,0
401328577,2021,2021-10-02T20:00:00.000Z,0
401328578,2021,2021-10-09T23:00:00.000Z,0
401328579,2021,2021-10-16T21:00:00.000Z,0
401328580,2021,2021-10-23T23:00:00.000Z,0
401328581,2021,2021-10-30T20:00:00.000Z,0
401328582,2021,2021-11-06T20:00:00.000Z,0
401328583,2021,2021-11-13T20:00:00.000Z,0
401328584,2021,2021-11-20T20:00:00.000Z,0
401328585,2021,2021-09-04T17:00:00.000Z,0
401328586,2021,2021-09-18T23:00:00.000Z,0
401328587,2021,2021-09-25T16:00:00.000Z,0
401328588,2021,2021-10-02T17:00:00.000Z,0
401328589,2021,2021-10-16T20:00:00.000Z,0
401328590,2021,2021-10-23T17:00:00.000Z,0
401328591,2021,2021-10-30T23:00:00.000Z,0
401328592,2021,2021-11-06T17:00:00.000Z,0
401328593,2021,2021-11-20T18:00:00.000Z,0
401328594,2021,2021-10-09T17:00:00.000Z,0
401328595,2021,2021-10-16T16:00:00.000Z,0
401328596,2021,2021-10-30T17:00:00.000Z,0
401328597,2021,2021-11-13T21:00:00.000Z,0
401328598,2021,2021-11-19T00:00:00.000Z,0
401328599,2021,2021-09-11T23:00:00.000Z,0
401328600,2021,2021-11-14T00:00:00.000Z,0
401328601,2021,2021-10-02T23:00:00.000Z,0
401328602,2021,2021-10-23T20:00:00.000Z,0
401328603,2021,2021-09-18T16:00:00.000Z,0
401328604,2021,2021-11-06T19:00:00.000Z,0
401328605,2021,2021-09-02T23:00:00.000Z,0
401328606,2021,2021-09-11T23:00:00.000Z,0
401328607,2021,2021-09-19T00:00:00.000Z,0
401328608,2021,2021-09-25T16:00:00.000Z,0
401328609,2021,2021-10-02T23:00:00.000Z,0
401328610,2021,2021-10-09T18:00:00.000Z,0
401328611,2021,2021-10-16T22:00:00.000Z,0
401328612,2021,2021-10-23T18:00:00.000Z,0
401328613,2021,2021-10-30T18:00:00.000Z,0
401328614,2021,2021-11-06T18:00:00.000Z,0
401328615,2021,2021-11-13T19:00:00.000Z,0
401328616,2021,2021-09-04T22:00:00.000Z,0
401328617,2021,2021-09-25T22:00:00.000Z,0
401328618,2021,2021-10-02T22:00:00.000Z,0
401328619,2021,2021-10-09T19:00:00.000Z,0
401328620,2021,2021-10-16T19:00:00.000Z,0
401328621,2021,2021-10-30T19:30:00.000Z,0
401328622,2021,2021-11-06T19:00:00.000Z,0
401328623,2021,2021-11-13T19:00:00.000Z,0
401328624,2021,2021-11-20T20:00:00.000Z,0
401328625,2021,2021-11-25T20:00:00.000Z,0
401328626,2021,2021-09-23T23:30:00.000Z,0
401328627,2021,2021-10-09T19:00:00.000Z,0
401328628,2021,2021-10-16T20:00:00.000Z,0
401328629,2021,2021-10-24T00:00:00.000Z,0
401328630,2021,2021-10-30T23:00:00.000Z,0
401328631,2021,2021-11-06T16:00:00.000Z,0
401328632,2021,2021-11-13T20:00:00.000Z,0
401328633,2021,2021-11-20T19:00:00.000Z,0
401328634,2021,2021-09-04T23:00:00.000Z,0
401328635,2021,2021-09-30T23:30:00.000Z,0
401328636,2021,2021-10-16T19:00:00.000Z,0
401328637,2021,2021-10-30T19:00:00.000Z,0
401328638,2021,2021-11-06T19:00:00.000Z,0
401328639,2021,2021-11-13T20:00:00.000Z,0
401328640,2021,2021-11-20T19:00:00.000Z,0
401328641,2021,2021-09-16T23:30:00.000Z,0
401328642,2021,2021-10-09T20:00:00.000Z,0
401328643,2021,2021-10-16T17:00:00.000Z,0
401328644,2021,2021-10-23T18:00:00.000Z,0
401328645,2021,2021-11-13T17:00:00.000Z,0
401328646,2021,2021-11-20T20:30:00.000Z,0
401328647,2021,2021-09-04T18:00:00.000Z,0
401328648,2021,2021-09-11T23:00:00.000Z,0
401328649,2021,2021-09-18T18:00:00.000Z,0
401328652,2021,2021-10-09T22:00:00.000Z,0
401328653,2021,2021-10-16T20:00:00.000Z,0
401328654,2021,2021-10-23T18:00:00.000Z,0
401328655,2021,2021-10-30T18:00:00.000Z,0
401328656,2021,2021-11-06T18:00:00.000Z,0
401328657,2021,2021-09-05T19:00:00.000Z,0
401328658,2021,2021-09-11T22:00:00.000Z,0
401328659,2021,2021-10-16T18:00:00.000Z,0
401328660,2021,2021-10-23T20:00:00.000Z,0
401328661,2021,2021-10-30T20:00:00.000Z,0
401328662,2021,2021-11-06T23:00:00.000Z,0
401328663,2021,2021-09-25T21:00:00.000Z,0
401328664,2021,2021-10-02T19:00:00.000Z,0
401328665,2021,2021-10-16T19:00:00.000Z,0
401328666,2021,2021-11-27T22:00:00.000Z,0
401328667,2021,2021-09-25T19:00:00.000Z,0
401328668,2021,2021-10-09T19:00:00.000Z,0
401328669,2021,2021-10-30T20:00:00.000Z,0
401328670,2021,2021-11-06T18:00:00.000Z,0
401328671,2021,2021-11-14T00:00:00.000Z,0
401328673,2021,2021-09-18T23:00:00.000Z,0
401328674,2021,2021-09-26T19:00:00.000Z,0
401328675,2021,2021-11-06T18:00:00.000Z,0
401328676,2021,2021-11-27T20:00:00.000Z,0
401328678,2021,2021-09-05T00:00:00.000Z,0
401328679,2021,2021-09-12T00:00:00.000Z,0
401328680,2021,2021-10-23T23:00:00.000Z,0
401328681,2021,2021-09-03T00:00:00.000Z,0
401328682,2021,2021-09-18T18:00:00.000Z,0
401328683,2021,2021-09-25T20:00:00.000Z,0
401328684,2021,2021-10-02T18:00:00.000Z,0
401328685,2021,2021-10-09T18:00:00.000Z,0
401328686,2021,2021-10-16T18:00:00.000Z,0
401328687,2021,2021-10-30T18:00:00.000Z,0
401328688,2021,2021-11-13T19:00:00.000Z,0
401328690,2021,2021-09-11T23:00:00.000Z,0
401328691,2021,2021-10-09T21:00:00.000Z,0
401328693,2021,2021-11-13T20:00:00.000Z,0
401328694,2021,2021-09-11T23:30:00.000Z,0
401328695,2021,2021-11-20T18:00:00.000Z,0
401328696,2021,2021-09-11T23:00:00.000Z,0
401328697,2021,2021-09-18T18:00:00.000Z,0
401328698,2021,2021-09-25T22:00:00.000Z,0
401328699,2021,2021-10-02T18:00:00.000Z,0
401328700,2021,2021-10-09T20:00:00.000Z,0
401328701,2021,2021-10-16T18:00:00.000Z,0
401328702,2021,2021-11-06T18:00:00.000Z,0
401328703,2021,2021-09-11T23:00:00.000Z,0
401328704,2021,2021-09-18T23:00:00.000Z,0
401328705,2021,2021-10-30T21:00:00.000Z,0
401328706,2021,2021-09-04T16:00:00.000Z,0
401328707,2021,2021-09-11T17:00:00.000Z,0
401328708,2021,2021-09-18T17:00:00.000Z,0
401328709,2021,2021-09-25T19:00:00.000Z,0
401328710,2021,2021-10-23T19:00:00.000Z,0
401328711,2021,2021-10-30T17:00:00.000Z,0
401328712,2021,2021-11-13T18:00:00.000Z,0
401328713,2021,2021-09-04T16:00:00.000Z,0
401328714,2021,2021-09-11T23:00:00.000Z,0
401328715,2021,2021-09-25T17:00:00.000Z,0
401328716,2021,2021-09-30T23:00:00.000Z,0
401328717,2021,2021-10-09T23:00:00.000Z,0
401328718,2021,2021-10-16T17:00:00.000Z,0
401328719,2021,2021-10-23T17:00:00.000Z,0
401328720,2021,2021-10-30T17:00:00.000Z,0
401328721,2021,2021-11-06T16:00:00.000Z,0
401328722,2021,2021-11-13T18:00:00.000Z,0
401328724,2021,2021-09-18T17:00:00.000Z,0
401328725,2021,2021-09-25T19:00:00.000Z,0
401328726,2021,2021-10-02T17:00:00.000Z,0
401328727,2021,2021-10-09T16:00:00.000Z,0
401328728,2021,2021-10-16T16:00:00.000Z,0
401328729,2021,2021-10-23T17:00:00.000Z,0
401328730,2021,2021-10-30T16:00:00.000Z,0
401328731,2021,2021-11-06T16:00:00.000Z,0
401328732,2021,2021-11-13T18:00:00.000Z,0
401328768,2021,2021-09-02T23:30:00.000Z,0
401328769,2021,2021-09-18T23:00:00.000Z,0
401328770,2021,2021-10-02T17:00:00.000Z,0
401328771,2021,2021-10-16T23:00:00.000Z,0
401328772,2021,2021-10-23T17:00:00.000Z,0
401328924,2021,2021-09-04T17:00:00.000Z,0
401328925,2021,2021-09-25T17:00:00.000Z,0
401328926,2021,2021-10-02T16:00:00.000Z,0
401328927,2021,2021-10-09T17:00:00.000Z,0
401328928,2021,2021-10-16T16:00:00.000Z,0
401328929,2021,2021-10-23T17:00:00.000Z,0
401328930,2021,2021-10-30T17:00:00.000Z,0
401328931,2021,2021-11-06T17:00:00.000Z,0
401328932,2021,2021-11-13T18:00:00.000Z,0
401328933,2021,2021-10-30T17:00:00.000Z,0
401328934,2021,2021-11-13T18:00:00.000Z,0
401328936,2021,2021-09-11T23:00:00.000Z,0
401328937,2021,2021-09-18T19:00:00.000Z,0
401328938,2021,2021-09-25T17:00:00.000Z,0
401328939,2021,2021-10-02T18:00:00.000Z,0
401328940,2021,2021-10-09T23:00:00.000Z,0
401328941,2021,2021-10-23T17:00:00.000Z,0
401328942,2021,2021-10-30T19:00:00.000Z,0
401328943,2021,2021-11-06T17:00:00.000Z,0
401328944,2021,2021-09-04T23:00:00.000Z,0
401328945,2021,2021-09-11T22:00:00.000Z,0
401328946,2021,2021-09-18T22:00:00.000Z,0
401328947,2021,2021-09-25T22:00:00.000Z,0
401328948,2021,2021-10-02T17:00:00.000Z,0
401328949,2021,2021-10-09T22:00:00.000Z,0
401328950,2021,2021-10-16T19:00:00.000Z,0
401328951,2021,2021-10-23T18:00:00.000Z,0
401328952,2021,2021-10-30T18:00:00.000Z,0
401328953,2021,2021-11-06T21:00:00.000Z,0
401328954,2021,2021-09-04T18:00:00.000Z,0
401328955,2021,2021-09-11T17:10:00.000Z,0
401328956,2021,2021-10-09T22:00:00.000Z,0
401328957,2021,2021-10-16T16:00:00.000Z,0
401328958,2021,2021-11-06T17:00:00.000Z,0
401328959,2021,2021-11-13T18:00:00.000Z,0
401328960,2021,2021-09-18T18:00:00.000Z,0
401328961,2021,2021-09-25T23:00:00.000Z,0
401328962,2021,2021-10-02T23:00:00.000Z,0
401328963,2021,2021-10-09T21:00:00.000Z,0
401328964,2021,2021-10-16T19:00:00.000Z,0
401328965,2021,2021-10-23T17:00:00.000Z,0
401328966,2021,2021-10-30T22:00:00.000Z,0
401328967,2021,2021-11-06T18:00:00.000Z,0
401328968,2021,2021-09-11T17:00:00.000Z,0
401328969,2021,2021-09-25T17:00:00.000Z,0
401328970,2021,2021-10-02T20:00:00.000Z,0
401328971,2021,2021-11-06T17:00:00.000Z,0
401328972,2021,2021-11-13T18:00:00.000Z,0
401328973,2021,2021-09-02T23:00:00.000Z,0
401328974,2021,2021-09-11T17:00:00.000Z,0
401328975,2021,2021-10-16T18:00:00.000Z,0
401328976,2021,2021-10-30T22:00:00.000Z,0
401328977,2021,2021-09-04T23:00:00.000Z,0
401328978,2021,2021-09-25T22:00:00.000Z,0
401328979,2021,2021-10-09T21:00:00.000Z,0
401328980,2021,2021-10-23T19:00:00.000Z,0
401328981,2021,2021-09-18T23:00:00.000Z,0
401328982,2021,2021-10-02T23:00:00.000Z,0
401328983,2021,2021-10-09T23:00:00.000Z,0
401328984,2021,2021-10-16T18:00:00.000Z,0
401328985,2021,2021-10-23T19:00:00.000Z,0
401328986,2021,2021-10-30T23:00:00.000Z,0
401328987,2021,2021-11-06T19:00:00.000Z,0
401328988,2021,2021-11-13T22:00:00.000Z,0
401328989,2021,2021-09-02T22:00:00.000Z,0
401328990,2021,2021-09-04T16:00:00.000Z,0
401328991,2021,2021-09-11T23:00:00.000Z,0
401328992,2021,2021-09-18T16:00:00.000Z,0
401328993,2021,2021-09-25T17:00:00.000Z,0
401328994,2021,2021-10-09T17:00:00.000Z,0
401328995,2021,2021-10-16T17:00:00.000Z,0
401328997,2021,2021-10-30T19:00:00.000Z,0
401328998,2021,2021-11-06T17:00:00.000Z,0
401328999,2021,2021-11-13T17:00:00.000Z,0
401329000,2021,2021-09-04T23:00:00.000Z,0
401329001,2021,2021-09-11T18:00:00.000Z,0
401329002,2021,2021-09-26T00:00:00.000Z,0
401329003,2021,2021-10-02T22:00:00.000Z,0
401329004,2021,2021-10-23T21:00:00.000Z,0
401329005,2021,2021-10-30T16:00:00.000Z,0
401329006,2021,2021-11-06T18:00:00.000Z,0
401329007,2021,2021-11-13T18:00:00.000Z,0
401329008,2021,2021-09-04T23:00:00.000Z,0
401329009,2021,2021-09-11T22:00:00.000Z,0
401329010,2021,2021-09-25T17:00:00.000Z,0
401329011,2021,2021-10-02T19:00:00.000Z,0
401329012,2021,2021-10-09T23:00:00.000Z,0
401329013,2021,2021-10-16T19:00:00.000Z,0
401329014,2021,2021-10-23T22:00:00.000Z,0
401329015,2021,2021-09-02T23:00:00.000Z,0
401329016,2021,2021-09-18T22:00:00.000Z,0
401329017,2021,2021-10-02T23:00:00.000Z,0
401329018,2021,2021-11-06T19:00:00.000Z,0
401329019,2021,2021-11-13T18:00:00.000Z,0
401329020,2021,2021-09-02T23:00:00.000Z,0
401329021,2021,2021-10-09T19:00:00.000Z,0
401329022,2021,2021-10-30T19:00:00.000Z,0
401329023,2021,2021-09-04T23:00:00.000Z,0
401329024,2021,2021-09-12T00:00:00.000Z,0
401329025,2021,2021-09-19T01:00:00.000Z,0
401329026,2021,2021-09-25T19:00:00.000Z,0
401329027,2021,2021-10-02T19:00:00.000Z,0
401329028,2021,2021-10-10T00:00:00.000Z,0
401329029,2021,2021-10-16T19:00:00.000Z,0
401329030,2021,2021-10-23T20:00:00.000Z,0
401329031,2021,2021-10-30T19:00:00.000Z,0
401329032,2021,2021-11-06T19:00:00.000Z,0
401329033,2021,2021-11-13T19:00:00.000Z,0
401329034,2021,2021-09-18T23:00:00.000Z,0
401329036,2021,2021-10-16T21:00:00.000Z,0
401329037,2021,2021-09-03T00:00:00.000Z,0
401329038,2021,2021-09-11T17:00:00.000Z,0
401329039,2021,2021-09-18T18:00:00.000Z,0
401329040,2021,2021-09-25T17:00:00.000Z,0
401329041,2021,2021-10-02T17:00:00.000Z,0
401329042,2021,2021-10-09T19:00:00.000Z,0
401329043,2021,2021-10-16T18:00:00.000Z,0
401329044,2021,2021-10-23T17:00:00.000Z,0
401329045,2021,2021-10-30T17:00:00.000Z,0
401329046,2021,2021-11-06T17:00:00.000Z,0
401329047,2021,2021-11-13T18:00:00.000Z,0
401329048,2021,2021-09-03T00:00:00.000Z,0
401329050,2021,2021-09-26T01:00:00.000Z,0
401329051,2021,2021-10-02T20:05:00.000Z,0
401329052,2021,2021-10-09T20:05:00.000Z,0
401329053,2021,2021-10-24T01:00:00.000Z,0
401329054,2021,2021-10-30T20:00:00.000Z,0
401329055,2021,2021-11-06T18:00:00.000Z,0
401329056,2021,2021-09-02T23:00:00.000Z,0
401329057,2021,2021-09-11T22:00:00.000Z,0
401329058,2021,2021-09-03T00:00:00.000Z,0
401329059,2021,2021-09-18T18:00:00.000Z,0
401329060,2021,2021-09-25T19:00:00.000Z,0
401329061,2021,2021-10-02T18:00:00.000Z,0
401329062,2021,2021-10-09T19:00:00.000Z,0
401329063,2021,2021-10-16T18:00:00.000Z,0
401329064,2021,2021-10-23T18:00:00.000Z,0
401329065,2021,2021-10-30T18:00:00.000Z,0
401329066,2021,2021-11-06T18:00:00.000Z,0
401329067,2021,2021-11-13T19:00:00.000Z,0
401329069,2021,2021-09-11T23:00:00.000Z,0
401329070,2021,2021-09-18T23:00:00.000Z,0
401329071,2021,2021-09-25T23:00:00.000Z,0
401329072,2021,2021-10-02T19:00:00.000Z,0
401329073,2021,2021-10-16T23:00:00.000Z,0
401329074,2021,2021-10-23T17:00:00.000Z,0
401329075,2021,2021-11-06T18:00:00.000Z,0
401329076,2021,2021-11-13T19:05:00.000Z,0
401329080,2021,2021-09-25T23:00:00.000Z,0
401329081,2021,2021-10-09T18:00:00.000Z,0
401329082,2021,2021-10-16T18:00:00.000Z,0
401329083,2021,2021-10-30T18:00:00.000Z,0
401329084,2021,2021-11-06T18:00:00.000Z,0
401329085,2021,2021-09-04T22:00:00.000Z,0
401329086,2021,2021-09-09T23:30:00.000Z,0
401329087,2021,2021-09-25T19:00:00.000Z,0
401329088,2021,2021-10-02T18:00:00.000Z,0
401329089,2021,2021-10-23T18:00:00.000Z,0
401329090,2021,2021-10-30T18:00:00.000Z,0
401329091,2021,2021-11-06T18:00:00.000Z,0
401329092,2021,2021-09-04T22:00:00.000Z,0
401329093,2021,2021-09-18T23:00:00.000Z,0
401329094,2021,2021-09-25T23:00:00.000Z,0
401329095,2021,2021-10-02T23:00:00.000Z,0
401329096,2021,2021-10-10T00:00:00.000Z,0
401329097,2021,2021-10-16T23:00:00.000Z,0
401329098,2021,2021-10-23T23:00:00.000Z,0
401329099,2021,2021-10-31T00:00:00.000Z,0
401329100,2021,2021-11-06T21:00:00.000Z,0
401329101,2021,2021-11-14T01:00:00.000Z,0
401329106,2021,2021-09-04T18:00:00.000Z,0
401329107,2021,2021-09-26T00:00:00.000Z,0
401329108,2021,2021-10-03T01:00:00.000Z,0
401329109,2021,2021-10-10T00:00:00.000Z,0
401329110,2021,2021-10-31T00:00:00.000Z,0
401329111,2021,2021-11-06T23:00:00.000Z,0
401329112,2021,2021-11-13T19:00:00.000Z,0
401329113,2021,2021-09-11T20:00:00.000Z,0
401329114,2021,2021-10-02T18:00:00.000Z,0
401329115,2021,2021-10-09T18:00:00.000Z,0
401329116,2021,2021-10-23T18:00:00.000Z,0
401329117,2021,2021-11-06T18:00:00.000Z,0
401329118,2021,2021-09-05T23:00:00.000Z,0
401329119,2021,2021-09-18T18:00:00.000Z,0
401329120,2021,2021-09-25T22:00:00.000Z,0
401329121,2021,2021-10-09T18:00:00.000Z,0
401329122,2021,2021-10-16T18:00:00.000Z,0
401329123,2021,2021-10-02T18:00:00.000Z,0
401329124,2021,2021-10-10T00:00:00.000Z,0
401329126,2021,2021-09-11T19:00:00.000Z,0
401329127,2021,2021-09-18T23:00:00.000Z,0
401329128,2021,2021-10-09T19:00:00.000Z,0
401329129,2021,2021-10-16T18:00:00.000Z,0
401329130,2021,2021-10-30T19:00:00.000Z,0
401329131,2021,2021-11-06T19:00:00.000Z,0
401329132,2021,2021-11-13T19:00:00.000Z,0
401329133,2021,2021-08-28T19:00:00.000Z,0
401329134,2021,2021-10-02T17:00:00.000Z,0
401329135,2021,2021-10-16T17:00:00.000Z,0
401329136,2021,2021-10-23T18:00:00.000Z,0
401329137,2021,2021-10-30T17:00:00.000Z,0
401329138,2021,2021-11-06T17:00:00.000Z,0
401329139,2021,2021-09-25T22:00:00.000Z,0
401329140,2021,2021-10-02T19:00:00.000Z,0
401329141,2021,2021-10-09T18:00:00.000Z,0
401329142,2021,2021-10-23T18:00:00.000Z,0
401329143,2021,2021-09-04T18:00:00.000Z,0
401329144,2021,2021-09-25T19:00:00.000Z,0
401329145,2021,2021-10-02T18:00:00.000Z,0
401329146,2021,2021-10-09T18:00:00.000Z,0
401329147,2021,2021-10-16T18:00:00.000Z,0
401329148,2021,2021-10-23T18:00:00.000Z,0
401329149,2021,2021-11-06T18:05:00.000Z,0
401329150,2021,2021-11-13T19:00:00.000Z,0
401329152,2021,2021-09-11T17:00:00.000Z,0
401329153,2021,2021-09-03T00:00:00.000Z,0
401329154,2021,2021-09-26T00:00:00.000Z,0
401329155,2021,2021-10-02T23:00:00.000Z,0
401329156,2021,2021-10-16T21:00:00.000Z,0
401329157,2021,2021-10-23T23:00:00.000Z,0
401329158,2021,2021-10-30T21:00:00.000Z,0
401329159,2021,2021-11-13T22:00:00.000Z,0
401329173,2021,2021-09-18T18:00:00.000Z,0
401329174,2021,2021-09-25T17:00:00.000Z,0
401329175,2021,2021-10-02T19:00:00.000Z,0
401329176,2021,2021-10-09T17:00:00.000Z,0
401329177,2021,2021-10-16T17:05:00.000Z,0
401329178,2021,2021-11-13T17:00:00.000Z,0
401329179,2021,2021-09-04T18:30:00.000Z,0
401329180,2021,2021-09-11T22:00:00.000Z,0
401329181,2021,2021-09-18T18:00:00.000Z,0
401329182,2021,2021-09-25T17:00:00.000Z,0
401329183,2021,2021-10-02T18:00:00.000Z,0
401329184,2021,2021-10-09T18:00:00.000Z,0
401329185,2021,2021-10-16T18:00:00.000Z,0
401329186,2021,2021-10-23T17:05:00.000Z,0
401329187,2021,2021-10-30T18:00:00.000Z,0
401329188,2021,2021-11-06T16:00:00.000Z,0
401329189,2021,2021-11-13T17:00:00.000Z,0
401329190,2021,2021-09-04T22:00:00.000Z,0
401329191,2021,2021-09-11T17:00:00.000Z,0
401329192,2021,2021-09-18T17:00:00.000Z,0
401329193,2021,2021-09-25T17:00:00.000Z,0
401329194,2021,2021-10-02T22:00:00.000Z,0
401329195,2021,2021-10-09T18:00:00.000Z,0
401329197,2021,2021-10-23T16:00:00.000Z,0
401329198,2021,2021-10-30T16:00:00.000Z,0
401329199,2021,2021-11-06T16:00:00.000Z,0
401329201,2021,2021-09-11T18:00:00.000Z,0
401329202,2021,2021-09-18T18:00:00.000Z,0
401329203,2021,2021-09-25T17:00:00.000Z,0
401329204,2021,2021-10-02T18:00:00.000Z,0
401329205,2021,2021-10-16T17:00:00.000Z,0
401329206,2021,2021-10-23T18:00:00.000Z,0
401329207,2021,2021-10-30T18:00:00.000Z,0
401329208,2021,2021-11-06T16:00:00.000Z,0
401329209,2021,2021-11-13T17:00:00.000Z,0
401329210,2021,2021-09-04T16:05:00.000Z,0
401329211,2021,2021-09-18T16:05:00.000Z,0
401329212,2021,2021-09-25T16:00:00.000Z,0
401329233,2021,2021-10-02T16:05:00.000Z,0
401329234,2021,2021-10-16T21:05:00.000Z,0
401329235,2021,2021-10-23T18:00:00.000Z,0
401329236,2021,2021-10-30T18:05:00.000Z,0
401329237,2021,2021-11-06T16:00:00.000Z,0
401329270,2021,2021-09-02T23:00:00.000Z,0
401329271,2021,2021-09-25T22:00:00.000Z,0
401329272,2021,2021-10-02T20:00:00.000Z,0
401329297,2021,2021-09-18T19:00:00.000Z,0
401329298,2021,2021-10-02T18:00:00.000Z,0
401329299,2021,2021-10-09T19:00:00.000Z,0
401329300,2021,2021-10-16T19:00:00.000Z,0
401329301,2021,2021-10-23T19:00:00.000Z,0
401329302,2021,2021-10-30T19:00:00.000Z,0
401329303,2021,2021-11-06T19:00:00.000Z,0
401329304,2021,2021-11-13T20:00:00.000Z,0
401329305,2021,2021-09-04T19:00:00.000Z,0
401329306,2021,2021-09-19T00:30:00.000Z,0
401329307,2021,2021-09-25T19:00:00.000Z,0
401329308,2021,2021-10-02T18:00:00.000Z,0
401329309,2021,2021-10-09T19:00:00.000Z,0
401329310,2021,2021-10-23T18:00:00.000Z,0
401329311,2021,2021-10-30T18:00:00.000Z,0
401329312,2021,2021-09-03T00:00:00.000Z,0
401329313,2021,2021-09-18T18:00:00.000Z,0
401329314,2021,2021-10-02T20:00:00.000Z,0
401329315,2021,2021-10-16T18:00:00.000Z,0
401329316,2021,2021-10-23T19:00:00.000Z,0
401329317,2021,2021-10-30T19:00:00.000Z,0
401329318,2021,2021-11-13T19:00:00.000Z,0
401329319,2021,2021-09-11T18:00:00.000Z,0
401329320,2021,2021-09-18T18:00:00.000Z,0
401329321,2021,2021-09-26T00:00:00.000Z,0
401329322,2021,2021-10-02T18:00:00.000Z,0
401329323,2021,2021-10-16T18:00:00.000Z,0
401329324,2021,2021-11-06T20:00:00.000Z,0
401329325,2021,2021-09-04T17:00:00.000Z,0
401329326,2021,2021-10-02T17:00:00.000Z,0
401329327,2021,2021-10-09T18:00:00.000Z,0
401329328,2021,2021-10-16T16:00:00.000Z,0
401329329,2021,2021-10-30T17:00:00.000Z,0
401329330,2021,2021-11-06T16:00:00.000Z,0
401329331,2021,2021-11-13T17:00:00.000Z,0
401329332,2021,2021-11-20T18:00:00.000Z,0
401329333,2021,2021-09-25T22:00:00.000Z,0
401329334,2021,2021-10-16T19:00:00.000Z,0
401329335,2021,2021-10-30T18:00:00.000Z,0
401329336,2021,2021-11-13T20:00:00.000Z,0
401329337,2021,2021-09-04T18:00:00.000Z,0
401329338,2021,2021-09-25T19:00:00.000Z,0
401329339,2021,2021-10-09T18:00:00.000Z,0
401329340,2021,2021-09-03T00:00:00.000Z,0
401329341,2021,2021-09-09T23:00:00.000Z,0
401329342,2021,2021-09-18T18:00:00.000Z,0
401329343,2021,2021-09-25T18:00:00.000Z,0
401329344,2021,2021-10-02T19:00:00.000Z,0
401329345,2021,2021-10-09T18:00:00.000Z,0
401329346,2021,2021-10-16T21:00:00.000Z,0
401329347,2021,2021-10-23T18:30:00.000Z,0
401329348,2021,2021-10-30T19:00:00.000Z,0
401329349,2021,2021-11-06T18:00:00.000Z,0
401329350,2021,2021-11-13T19:00:00.000Z,0
401329351,2021,2021-09-11T23:00:00.000Z,0
401329352,2021,2021-10-23T18:00:00.000Z,0
401329353,2021,2021-10-09T16:00:00.000Z,0
401329354,2021,2021-10-16T20:00:00.000Z,0
401329355,2021,2021-10-30T20:00:00.000Z,0
401329356,2021,2021-11-13T18:00:00.000Z,0
401329357,2021,2021-09-02T23:00:00.000Z,0
401329358,2021,2021-09-11T16:00:00.000Z,0
401329359,2021,2021-10-02T16:00:00.000Z,0
401329360,2021,2021-10-09T17:00:00.000Z,0
401329361,2021,2021-10-16T18:00:00.000Z,0
401329362,2021,2021-10-23T16:00:00.000Z,0
401329363,2021,2021-11-06T16:00:00.000Z,0
401329366,2021,2021-09-11T16:00:00.000Z,0
401329367,2021,2021-10-09T17:00:00.000Z,0
401329368,2021,2021-10-23T17:00:00.000Z,0
401329369,2021,2021-10-30T17:05:00.000Z,0
401329370,2021,2021-11-06T17:00:00.000Z,0
401329371,2021,2021-11-13T18:00:00.000Z,0
401329372,2021,2021-09-11T22:00:00.000Z,0
401329373,2021,2021-11-06T18:00:00.000Z,0
401329374,2021,2021-09-03T00:00:00.000Z,0
401329376,2021,2021-09-19T00:00:00.000Z,0
401329377,2021,2021-09-25T18:30:00.000Z,0
401329378,2021,2021-10-02T19:00:00.000Z,0
401329380,2021,2021-10-17T00:00:00.000Z,0
401329381,2021,2021-10-23T19:00:00.000Z,0
401329382,2021,2021-10-30T18:00:00.000Z,0
401329383,2021,2021-11-06T19:00:00.000Z,0
401329384,2021,2021-09-09T23:00:00.000Z,0
401329385,2021,2021-09-18T22:00:00.000Z,0
401329386,2021,2021-09-25T16:00:00.000Z,0
401329387,2021,2021-10-02T17:00:00.000Z,0
401329388,2021,2021-10-09T17:00:00.000Z,0
401329389,2021,2021-10-16T17:00:00.000Z,0
401329390,2021,2021-10-23T17:30:00.000Z,0
401329391,2021,2021-10-30T17:00:00.000Z,0
401329392,2021,2021-11-06T17:00:00.000Z,0
401329393,2021,2021-11-13T18:00:00.000Z,0
401329394,2021,2021-09-04T23:00:00.000Z,0
401329395,2021,2021-09-12T00:00:00.000Z,0
401329396,2021,2021-09-18T23:00:00.000Z,0
401329397,2021,2021-09-26T00:00:00.000Z,0
401329398,2021,2021-10-02T18:00:00.000Z,0
401329399,2021,2021-10-16T18:00:00.000Z,0
401329400,2021,2021-10-23T19:00:00.000Z,0
401329401,2021,2021-10-30T18:00:00.000Z,0
401329402,2021,2021-11-06T18:00:00.000Z,0
401329403,2021,2021-11-13T19:30:00.000Z,0
401329404,2021,2021-09-03T00:00:00.000Z,0
401329405,2021,2021-09-10T00:00:00.000Z,0
401329406,2021,2021-09-19T00:00:00.000Z,0
401329407,2021,2021-09-25T19:00:00.000Z,0
401329408,2021,2021-10-03T00:00:00.000Z,0
401329409,2021,2021-10-09T18:00:00.000Z,0
401329410,2021,2021-11-06T18:00:00.000Z,0
401329411,2021,2021-11-13T19:00:00.000Z,0
401329412,2021,2021-09-09T23:00:00.000Z,0
401329413,2021,2021-09-18T22:00:00.000Z,0
401329414,2021,2021-10-09T18:00:00.000Z,0
401329415,2021,2021-10-23T16:00:00.000Z,0
401329416,2021,2021-10-30T16:00:00.000Z,0
401329417,2021,2021-11-06T17:00:00.000Z,0
401329419,2021,2021-09-11T16:00:00.000Z,0
401329420,2021,2021-09-18T16:00:00.000Z,0
401329421,2021,2021-09-25T20:00:00.000Z,0
401329422,2021,2021-10-16T16:00:00.000Z,0
401329423,2021,2021-10-30T20:00:00.000Z,0
401329425,2021,2021-09-02T23:00:00.000Z,0
401329426,2021,2021-09-18T17:00:00.000Z,0
401329427,2021,2021-10-02T16:00:00.000Z,0
401329428,2021,2021-10-09T18:05:00.000Z,0
401329429,2021,2021-11-13T17:00:00.000Z,0
401329433,2021,2021-09-18T18:00:00.000Z,0
401329434,2021,2021-09-25T16:00:00.000Z,0
401329435,2021,2021-10-02T16:00:00.000Z,0
401329436,2021,2021-10-09T16:00:00.000Z,0
401329437,2021,2021-10-16T17:00:00.000Z,0
401329438,2021,2021-10-30T16:00:00.000Z,0
401329439,2021,2021-11-06T16:00:00.000Z,0
401329440,2021,2021-11-13T17:00:00.000Z,0
401329443,2021,2021-09-02T23:00:00.000Z,0
401329445,2021,2021-09-25T18:00:00.000Z,0
401329446,2021,2021-10-09T19:00:00.000Z,0
401329447,2021,2021-10-16T18:00:00.000Z,0
401329449,2021,2021-11-13T19:00:00.000Z,0
401329450,2021,2021-09-03T01:00:00.000Z,0
401329451,2021,2021-09-11T23:00:00.000Z,0
401329452,2021,2021-09-19T00:00:00.000Z,0
401329453,2021,2021-10-17T00:00:00.000Z,0
401329454,2021,2021-10-31T00:00:00.000Z,0
401329455,2021,2021-11-13T17:00:00.000Z,0
401329456,2021,2021-09-03T00:00:00.000Z,0
401329457,2021,2021-09-11T19:00:00.000Z,0
401329458,2021,2021-10-02T19:00:00.000Z,0
401329459,2021,2021-10-30T19:00:00.000Z,0
401329460,2021,2021-11-06T19:00:00.000Z,0
401329461,2021,2021-11-13T19:00:00.000Z,0
401329462,2021,2021-09-11T18:00:00.000Z,0
401329463,2021,2021-09-26T00:00:00.000Z,0
401329464,2021,2021-10-10T00:00:00.000Z,0
401329465,2021,2021-10-23T18:00:00.000Z,0
401329466,2021,2021-11-06T18:00:00.000Z,0
401329467,2021,2021-11-20T19:00:00.000Z,0
401329468,2021,2021-09-25T18:00:00.000Z,0
401329469,2021,2021-10-02T23:00:00.000Z,0
401329470,2021,2021-10-09T19:00:00.000Z,0
401329471,2021,2021-10-16T21:00:00.000Z,0
401329472,2021,2021-10-23T21:00:00.000Z,0
401329474,2021,2021-09-11T17:00:00.000Z,0
401329475,2021,2021-10-02T19:00:00.000Z,0
401329476,2021,2021-10-09T19:00:00.000Z,0
401329477,2021,2021-10-16T17:00:00.000Z,0
401329478,2021,2021-10-30T19:00:00.000Z,0
401329479,2021,2021-11-06T16:00:00.000Z,0
401329480,2021,2021-11-13T18:00:00.000Z,0
401329481,2021,2021-09-18T22:00:00.000Z,0
401329482,2021,2021-10-02T20:00:00.000Z,0
401329483,2021,2021-10-23T16:00:00.000Z,0
401329484,2021,2021-10-30T20:00:00.000Z,0
401329485,2021,2021-11-06T16:00:00.000Z,0
401329486,2021,2021-11-13T17:00:00.000Z,0
401329487,2021,2021-09-12T00:00:00.000Z,0
401329488,2021,2021-09-18T18:00:00.000Z,0
401329489,2021,2021-10-30T19:00:00.000Z,0
401329490,2021,2021-11-13T18:00:00.000Z,0
401329491,2021,2021-09-02T23:00:00.000Z,0
401329492,2021,2021-09-11T23:00:00.000Z,0
401329493,2021,2021-09-18T21:00:00.000Z,0
401329494,2021,2021-09-25T23:00:00.000Z,0
401329495,2021,2021-10-09T18:00:00.000Z,0
401329496,2021,2021-10-16T17:00:00.000Z,0
401329497,2021,2021-10-30T18:00:00.000Z,0
401329498,2021,2021-11-06T18:00:00.000Z,0
401329499,2021,2021-09-18T23:00:00.000Z,0
401329500,2021,2021-10-08T00:00:00.000Z,0
401329501,2021,2021-10-23T18:00:00.000Z,0
401329502,2021,2021-10-30T18:00:00.000Z,0
401329503,2021,2021-09-02T23:00:00.000Z,0
401329505,2021,2021-10-09T22:00:00.000Z,0
401329506,2021,2021-11-06T18:00:00.000Z,0
401329507,2021,2021-11-13T19:00:00.000Z,0
401329511,2021,2021-10-09T18:30:00.000Z,0
401329512,2021,2021-10-16T18:00:00.000Z,0
401329534,2021,2021-11-06T18:00:00.000Z,0
401329633,2021,2021-09-04T16:00:00.000Z,0
401329634,2021,2021-09-18T17:00:00.000Z,0
401329635,2021,2021-09-25T16:00:00.000Z,0
401329636,2021,2021-10-02T18:00:00.000Z,0
401329637,2021,2021-10-09T16:00:00.000Z,0
401329638,2021,2021-10-16T17:30:00.000Z,0
401329639,2021,2021-10-23T16:00:00.000Z,0
401329640,2021,2021-10-30T20:00:00.000Z,0
401329641,2021,2021-11-06T17:00:00.000Z,0
401329642,2021,2021-11-13T19:00:00.000Z,0
401329643,2021,2021-09-18T17:00:00.000Z,0
401329644,2021,2021-10-02T18:00:00.000Z,0
401329645,2021,2021-10-09T17:00:00.000Z,0
401329646,2021,2021-10-16T17:00:00.000Z,0
401329647,2021,2021-10-23T20:00:00.000Z,0
401329648,2021,2021-10-30T19:00:00.000Z,0
401329649,2021,2021-11-06T17:00:00.000Z,0
401329650,2021,2021-11-13T18:30:00.000Z,0
401329651,2021,2021-09-02T23:00:00.000Z,0
401329652,2021,2021-09-09T23:00:00.000Z,0
401329653,2021,2021-09-25T22:00:00.000Z,0
401329654,2021,2021-10-02T17:00:00.000Z,0
401329655,2021,2021-10-09T17:30:00.000Z,0
401329656,2021,2021-10-16T20:00:00.000Z,0
401329657,2021,2021-10-23T17:00:00.000Z,0
401329658,2021,2021-11-06T17:00:00.000Z,0
401329659,2021,2021-11-13T20:00:00.000Z,0
401329660,2021,2021-09-02T23:05:00.000Z,0
401329661,2021,2021-09-18T17:05:00.000Z,0
401329662,2021,2021-09-25T22:00:00.000Z,0
401329663,2021,2021-11-13T18:05:00.000Z,0
401329686,2021,2021-10-02T20:00:00.000Z,0
401329687,2021,2021-10-23T22:00:00.000Z,0
401329688,2021,2021-10-30T18:00:00.000Z,0
401329689,2021,2021-09-02T23:00:00.000Z,0
401329690,2021,2021-10-23T16:00:00.000Z,0
401329691,2021,2021-10-30T17:00:00.000Z,0
401329692,2021,2021-09-18T22:00:00.000Z,0
401329693,2021,2021-10-09T17:00:00.000Z,0
401329694,2021,2021-10-23T18:00:00.000Z,0
401329695,2021,2021-10-30T22:00:00.000Z,0
401329696,2021,2021-11-06T20:00:00.000Z,0
401329697,2021,2021-11-13T18:00:00.000Z,0
401329707,2021,2021-09-04T23:00:00.000Z,0
401329708,2021,2021-09-11T23:00:00.000Z,0
401329709,2021,2021-09-25T17:00:00.000Z,0
401329710,2021,2021-10-23T18:00:00.000Z,0
401329711,2021,2021-11-06T18:00:00.000Z,0
401329713,2021,2021-09-11T20:00:00.000Z,0
401330018,2021,2021-09-11T23:00:00.000Z,0
401330245,2021,2021-09-03T00:00:00.000Z,0
401330246,2021,2021-09-18T18:00:00.000Z,0
401330247,2021,2021-10-03T00:00:00.000Z,0
401330248,2021,2021-10-23T23:00:00.000Z,0
401330250,2021,2021-09-12T00:00:00.000Z,0
401330251,2021,2021-10-17T00:00:00.000Z,0
401330254,2021,2021-10-09T23:00:00.000Z,0
401330255,2021,2021-11-06T19:00:00.000Z,0
401330257,2021,2021-09-25T17:00:00.000Z,0
401330258,2021,2021-10-02T19:30:00.000Z,0
401330259,2021,2021-10-16T17:00:00.000Z,0
401330260,2021,2021-10-23T18:00:00.000Z,0
401330261,2021,2021-10-30T17:00:00.000Z,0
401330262,2021,2021-11-06T17:00:00.000Z,0
401330264,2021,2021-10-09T19:00:00.000Z,0
401330265,2021,2021-11-06T19:00:00.000Z,0
401331159,2021,2021-12-04T01:00:00.000Z,0
401331160,2021,2021-12-04T17:00:00.000Z,0
401331161,2021,2021-12-04T20:30:00.000Z,0
401331162,2021,2021-12-04T21:00:00.000Z,0
401331163,2021,2021-12-05T01:00:00.000Z,0
401331164,2021,2021-12-17T17:00:00.000Z,0
401331165,2021,2021-12-17T23:00:00.000Z,0
401331166,2021,2021-12-18T16:00:00.000Z,0
401331167,2021,2021-12-18T19:15:00.000Z,0
401331168,2021,2021-12-18T20:30:00.000Z,0
401331169,2021,2021-12-18T22:45:00.000Z,0
401331170,2021,2021-12-19T00:30:00.000Z,0
401331171,2021,2021-12-19T02:15:00.000Z,0
401331172,2021,2021-12-20T19:30:00.000Z,0
401331213,2021,2021-12-21T20:30:00.000Z,0
401331214,2021,2021-12-22T00:30:00.000Z,0
401331215,2021,2021-12-23T01:00:00.000Z,0
401331216,2021,2021-12-24T00:00:00.000Z,0
401331218,2021,2021-12-25T19:30:00.000Z,0
401331219,2021,2021-12-27T16:00:00.000Z,0
401331221,2021,2021-12-28T17:00:00.000Z,0
401331222,2021,2021-12-28T20:15:00.000Z,0
401331223,2021,2021-12-28T23:45:00.000Z,0
401331224,2021,2021-12-29T03:15:00.000Z,0
401331226,2021,2021-12-29T19:15:00.000Z,0
401331227,2021,2021-12-29T22:45:00.000Z,0
401331228,2021,2021-12-30T02:15:00.000Z,0
401331229,2021,2021-12-30T16:30:00.000Z,0
401331230,2021,2021-12-30T20:00:00.000Z,0
401331231,2021,2021-12-31T00:00:00.000Z,0
401331232,2021,2021-12-31T03:30:00.000Z,0
401331233,2021,2021-12-31T16:00:00.000Z,0
401331234,2021,2022-01-01T00:30:00.000Z,0
401331235,2021,2021-12-31T20:30:00.000Z,0
401331236,2021,2022-01-01T17:00:00.000Z,0
401331237,2021,2022-01-01T18:00:00.000Z,0
401331238,2021,2022-01-01T18:00:00.000Z,0
401331239,2021,2022-01-01T22:00:00.000Z,0
401331240,2021,2022-01-02T01:45:00.000Z,0
401331241,2021,2022-01-05T02:00:00.000Z,0
401331242,2021,2022-01-11T01:00:00.000Z,0
401331447,2021,2021-12-05T01:00:00.000Z,0
401331654,2021,2021-12-31T17:00:00.000Z,0
401331750,2021,2021-10-02T22:00:00.000Z,0
401331751,2021,2021-10-09T17:00:00.000Z,0
401331752,2021,2021-10-16T22:00:00.000Z,0
401331753,2021,2021-11-06T17:00:00.000Z,0
401331754,2021,2021-09-18T19:00:00.000Z,0
401331755,2021,2021-09-25T23:00:00.000Z,0
401331757,2021,2021-11-13T21:00:00.000Z,0
401331758,2021,2021-09-04T17:00:00.000Z,0
401331759,2021,2021-09-18T17:00:00.000Z,0
401331760,2021,2021-10-16T21:00:00.000Z,0
401331761,2021,2021-10-30T17:00:00.000Z,0
401331762,2021,2021-09-25T16:00:00.000Z,0
401331763,2021,2021-10-16T16:00:00.000Z,0
401331764,2021,2021-10-23T16:00:00.000Z,0
401332007,2021,2021-09-11T18:00:00.000Z,0
401332008,2021,2021-09-18T18:00:00.000Z,0
401332009,2021,2021-11-13T19:00:00.000Z,0
401332010,2021,2021-09-18T17:00:00.000Z,0
401332011,2021,2021-09-25T16:00:00.000Z,0
401332012,2021,2021-10-09T20:00:00.000Z,0
401332013,2021,2021-10-16T16:00:00.000Z,0
401332014,2021,2021-10-23T16:00:00.000Z,0
401332015,2021,2021-10-30T16:00:00.000Z,0
401332016,2021,2021-10-09T18:00:00.000Z,0
401332017,2021,2021-11-06T17:00:00.000Z,0
401332018,2021,2021-11-13T18:00:00.000Z,0
401332019,2021,2021-09-19T01:00:00.000Z,0
401332020,2021,2021-10-31T01:00:00.000Z,0
401332021,2021,2021-11-13T21:00:00.000Z,0
401332022,2021,2021-09-04T22:00:00.000Z,0
401332023,2021,2021-09-11T17:00:00.000Z,0
401332024,2021,2021-09-18T17:00:00.000Z,0
401332025,2021,2021-09-25T17:00:00.000Z,0
401332026,2021,2021-10-02T23:00:00.000Z,0
401332027,2021,2021-10-09T18:00:00.000Z,0
401332028,2021,2021-10-23T17:00:00.000Z,0
401332029,2021,2021-10-30T17:00:00.000Z,0
401332030,2021,2021-11-06T18:00:00.000Z,0
401332050,2021,2021-09-11T22:00:00.000Z,0
401332051,2021,2021-10-09T17:00:00.000Z,0
401332052,2021,2021-09-25T17:00:00.000Z,0
401332293,2021,2021-10-09T16:00:00.000Z,0
401332294,2021,2021-10-23T16:00:00.000Z,0
401332295,2021,2021-10-30T19:00:00.000Z,0
401332296,2021,2021-11-06T16:00:00.000Z,0
401332297,2021,2021-11-13T17:00:00.000Z,0
401332298,2021,2021-11-20T17:00:00.000Z,0
401332299,2021,2021-09-04T22:00:00.000Z,0
401332300,2021,2021-09-11T23:00:00.000Z,0
401332301,2021,2021-10-02T17:00:00.000Z,0
401332302,2021,2021-10-16T17:00:00.000Z,0
401332303,2021,2021-11-06T16:00:00.000Z,0
401332304,2021,2021-11-13T17:00:00.000Z,0
401332305,2021,2021-11-20T17:00:00.000Z,0
401332306,2021,2021-09-18T16:00:00.000Z,0
401332307,2021,2021-10-09T17:00:00.000Z,0
401332308,2021,2021-10-16T16:00:00.000Z,0
401332309,2021,2021-11-20T17:00:00.000Z,0
401332310,2021,2021-09-11T19:00:00.000Z,0
401332311,2021,2021-10-09T17:00:00.000Z,0
401332312,2021,2021-10-23T16:00:00.000Z,0
401332313,2021,2021-10-30T17:00:00.000Z,0
401332314,2021,2021-11-20T19:00:00.000Z,0
401332315,2021,2021-09-02T23:00:00.000Z,0
401332316,2021,2021-10-16T21:00:00.000Z,0
401332317,2021,2021-10-23T17:00:00.000Z,0
401332318,2021,2021-11-13T18:00:00.000Z,0
401332319,2021,2021-11-20T18:00:00.000Z,0
401332321,2021,2021-10-02T20:00:00.000Z,0
401332322,2021,2021-10-16T17:00:00.000Z,0
401332323,2021,2021-11-06T17:00:00.000Z,0
401332324,2021,2021-11-20T19:00:00.000Z,0
401332326,2021,2021-10-02T19:00:00.000Z,0
401332327,2021,2021-10-30T18:00:00.000Z,0
401332329,2021,2021-09-25T17:30:00.000Z,0
401332380,2021,2021-10-16T17:00:00.000Z,0
401332381,2021,2021-10-30T18:00:00.000Z,0
401332383,2021,2021-09-11T17:00:00.000Z,0
401332384,2021,2021-10-23T18:00:00.000Z,0
401332385,2021,2021-09-04T16:00:00.000Z,0
401332386,2021,2021-10-09T17:00:00.000Z,0
401332387,2021,2021-10-16T20:00:00.000Z,0
401332388,2021,2021-10-30T18:00:00.000Z,0
401333034,2021,2021-09-18T17:00:00.000Z,0
401333045,2021,2021-09-11T19:00:00.000Z,0
401333046,2021,2021-10-23T19:05:00.000Z,0
401333047,2021,2021-09-25T23:00:00.000Z,0
401333439,2021,2021-09-25T23:00:00.000Z,0
401333440,2021,2021-10-23T16:00:00.000Z,0
401333441,2021,2021-11-06T16:00:00.000Z,0
401334669,2021,2021-09-04T17:00:00.000Z,0
401334756,2021,2021-09-02T23:00:00.000Z,0
401334757,2021,2021-09-11T17:00:00.000Z,0
401334758,2021,2021-10-02T17:00:00.000Z,0
401334759,2021,2021-10-16T17:00:00.000Z,0
401334760,2021,2021-09-18T18:00:00.000Z,0
401334761,2021,2021-09-25T17:00:00.000Z,0
401334762,2021,2021-10-02T18:00:00.000Z,0
401334763,2021,2021-10-09T17:00:00.000Z,0
401334764,2021,2021-10-16T16:00:00.000Z,0
401334765,2021,2021-10-23T17:00:00.000Z,0
401334766,2021,2021-10-30T16:00:00.000Z,0
401334767,2021,2021-11-13T18:00:00.000Z,0
401334769,2021,2021-09-25T17:00:00.000Z,0
401334770,2021,2021-10-02T17:00:00.000Z,0
401334771,2021,2021-10-09T16:00:00.000Z,0
401334772,2021,2021-10-16T22:00:00.000Z,0
401334773,2021,2021-10-23T18:00:00.000Z,0
401334774,2021,2021-10-30T16:00:00.000Z,0
401334775,2021,2021-09-25T17:00:00.000Z,0
401334776,2021,2021-10-02T18:00:00.000Z,0
401334777,2021,2021-10-09T17:30:00.000Z,0
401334778,2021,2021-10-28T23:00:00.000Z,0
401334779,2021,2021-11-06T17:00:00.000Z,0
401334780,2021,2021-09-18T22:00:00.000Z,0
401334781,2021,2021-10-02T17:00:00.000Z,0
401334782,2021,2021-10-16T17:00:00.000Z,0
401334783,2021,2021-10-23T17:00:00.000Z,0
401334784,2021,2021-10-30T17:00:00.000Z,0
401334785,2021,2021-11-06T17:00:00.000Z,0
401334786,2021,2021-09-02T23:00:00.000Z,0
401334787,2021,2021-09-02T23:00:00.000Z,0
401334788,2021,2021-09-11T17:00:00.000Z,0
401334789,2021,2021-10-02T19:00:00.000Z,0
401334790,2021,2021-10-09T16:00:00.000Z,0
401334821,2021,2021-09-25T16:00:00.000Z,0
401334822,2021,2021-10-23T17:00:00.000Z,0
401334823,2021,2021-11-20T18:00:00.000Z,0
401335299,2021,2021-09-03T22:00:00.000Z,0
401335300,2021,2021-10-02T19:30:00.000Z,0
401335301,2021,2021-10-09T16:30:00.000Z,0
401335302,2021,2021-10-16T17:00:00.000Z,0
401335303,2021,2021-11-20T17:00:00.000Z,0
401335304,2021,2021-10-16T18:00:00.000Z,0
401335305,2021,2021-10-23T17:00:00.000Z,0
401335306,2021,2021-11-06T16:00:00.000Z,0
401336485,2021,2021-10-16T17:00:00.000Z,0
401336486,2021,2021-11-06T17:00:00.000Z,0
401336487,2021,2021-10-23T17:00:00.000Z,0
401337368,2021,2021-09-04T20:00:00.000Z,0
401337369,2021,2021-10-16T23:00:00.000Z,0
401337370,2021,2021-10-30T17:00:00.000Z,0
401337471,2021,2021-09-02T23:00:00.000Z,0
401337472,2021,2021-10-16T17:00:00.000Z,0
401337825,2021,2021-10-02T17:00:00.000Z,0
401337826,2021,2021-11-13T17:00:00.000Z,0
401337873,2021,2021-11-06T18:00:00.000Z,0
401337874,2021,2021-11-13T18:00:00.000Z,0
401339816,2021,2021-10-02T20:00:00.000Z,0
401339817,2021,2021-11-13T18:00:00.000Z,0
401339818,2021,2021-09-18T16:00:00.000Z,0
401339819,2021,2021-10-02T16:00:00.000Z,0
401341488,2021,2021-11-20T18:00:00.000Z,0
401341489,2021,2021-10-23T16:00:00.000Z,0
401341491,2021,2021-09-11T17:00:00.000Z,0
401341492,2021,2021-10-02T18:00:00.000Z,0
401341493,2021,2021-10-23T20:00:00.000Z,0
401341494,2021,2021-11-13T18:00:00.000Z,0
401341495,2021,2021-11-06T16:00:00.000Z,0
401341940,2021,2021-09-09T23:00:00.000Z,0
401341941,2021,2021-09-18T17:00:00.000Z,0
401341942,2021,2021-10-23T17:00:00.000Z,0
401341943,2021,2021-11-13T00:00:00.000Z,0
401341944,2021,2021-09-11T18:00:00.000Z,0
401341945,2021,2021-09-16T17:00:00.000Z,0
401341946,2021,2021-11-13T17:00:00.000Z,0
401344143,2021,2021-09-24T23:00:00.000Z,0
401344144,2021,2021-10-16T16:30:00.000Z,0
401344145,2021,2021-11-06T16:00:00.000Z,0
401344146,2021,2021-11-13T18:00:00.000Z,0
401344147,2021,2021-11-20T17:00:00.000Z,0
401344316,2021,2021-10-23T17:00:00.000Z,0
401344330,2021,2021-09-25T17:00:00.000Z,0
401344437,2021,2021-09-03T22:00:00.000Z,0
401344438,2021,2021-09-11T17:00:00.000Z,0
401344439,2021,2021-09-18T18:00:00.000Z,0
401344440,2021,2021-09-25T16:00:00.000Z,0
401344441,2021,2021-10-09T17:00:00.000Z,0
401344442,2021,2021-10-16T18:00:00.000Z,0
401344443,2021,2021-11-13T17:00:00.000Z,0
401346619,2021,2021-09-25T21:00:00.000Z,0
401347693,2021,2021-09-10T23:00:00.000Z,0
401347695,2021,2021-10-09T16:00:00.000Z,0
401347696,2021,2021-10-23T17:00:00.000Z,0
401347697,2021,2021-11-13T17:00:00.000Z,0
401347698,2021,2021-09-18T17:00:00.000Z,0
401347699,2021,2021-10-30T16:00:00.000Z,0
401347700,2021,2021-11-06T16:00:00.000Z,0
401347701,2021,2021-09-11T22:00:00.000Z,0
401347702,2021,2021-09-17T23:00:00.000Z,0
401347703,2021,2021-10-01T23:00:00.000Z,0
401347705,2021,2021-11-13T18:00:00.000Z,0
401347706,2021,2021-09-25T22:00:00.000Z,0
401347913,2021,2021-10-08T23:00:00.000Z,0
401348193,2021,2021-09-11T17:00:00.000Z,0
401348194,2021,2021-10-30T17:00:00.000Z,0
401348213,2021,2021-09-18T23:00:00.000Z,0
401348214,2021,2021-09-04T18:00:00.000Z,0
401348513,2021,2021-09-18T22:00:00.000Z,0
401348514,2021,2021-09-04T20:00:00.000Z,0
401348541,2021,2021-10-16T19:00:00.000Z,0
401356953,2021,2021-09-11T20:00:00.000Z,0
401357797,2021,2021-09-02T23:00:00.000Z,0
401357798,2021,2021-09-04T22:00:00.000Z,0
401357799,2021,2021-09-11T22:00:00.000Z,0
401359751,2021,2021-09-18T19:00:00.000Z,0
401359753,2021,2021-09-04T17:00:00.000Z,0
401359754,2021,2021-09-11T19:00:00.000Z,0
401359755,2021,2021-09-11T19:00:00.000Z,0
401359793,2021,2021-09-18T18:00:00.000Z,0
401363390,2021,2021-09-04T16:00:00.000Z,0
401366015,2021,2021-09-11T22:00:00.000Z,0
401368010,2021,2021-11-13T21:05:00.000Z,0
401379550,2021,2021-09-18T22:00:00.000Z,0
401386511,2021,2021-11-13T18:30:00.000Z,0
401387250,2021,2021-12-05T04:00:00.000Z,0
401387493,2021,2021-11-13T17:00:00.000Z,0
401387494,2021,2021-11-13T17:00:00.000Z,0
401387850,2021,2021-11-20T18:00:00.000Z,0
401387851,2021,2021-11-20T18:00:00.000Z,0
401387852,2021,2021-11-20T18:00:00.000Z,0
401387853,2021,2021-11-20T19:00:00.000Z,0
401387854,2021,2021-11-20T17:00:00.000Z,0
401387855,2021,2021-11-20T19:00:00.000Z,0
401387856,2021,2021-11-20T17:00:00.000Z,0
401387857,2021,2021-11-20T19:00:00.000Z,0
401387858,2021,2021-11-20T20:00:00.000Z,0
401387859,2021,2021-11-20T18:00:00.000Z,0
401387860,2021,2021-11-20T18:00:00.000Z,0
401387861,2021,2021-11-20T18:00:00.000Z,0
401388831,2021,2021-11-13T18:00:00.000Z,0
401388890,2021,2021-11-27T18:00:00.000Z,0
401388891,2021,2021-11-27T18:00:00.000Z,0
401388892,2021,2021-11-27T18:00:00.000Z,0
401388893,2021,2021-11-27T18:00:00.000Z,0
401388894,2021,2021-11-27T18:00:00.000Z,0
401388895,2021,2021-11-27T20:00:00.000Z,0
401388896,2021,2021-11-27T19:00:00.000Z,0
401388897,2021,2021-11-27T19:00:00.000Z,0
401388990,2021,2021-12-04T21:10:00.000Z,0
401389030,2021,2021-11-27T20:00:00.000Z,0
401389031,2021,2021-11-27T21:00:00.000Z,0
401389032,2021,2021-11-27T17:00:00.000Z,0
401389033,2021,2021-11-27T20:00:00.000Z,0
401389034,2021,2021-11-28T00:00:00.000Z,0
401389035,2021,2021-11-27T21:00:00.000Z,0
401389036,2021,2021-11-27T19:00:00.000Z,0
401389037,2021,2021-11-27T23:00:00.000Z,0
401389818,2021,2021-12-04T20:00:00.000Z,0
401389819,2021,2021-12-04T21:00:00.000Z,0
401389820,2021,2021-12-04T19:00:00.000Z,0
401389821,2021,2021-12-04T00:00:00.000Z,0
401389822,2021,2021-12-04T02:00:00.000Z,0
401389823,2021,2021-12-05T02:00:00.000Z,0
401389824,2021,2021-12-04T17:05:00.000Z,0
401389825,2021,2021-12-04T18:00:00.000Z,0
401389826,2021,2021-12-04T18:00:00.000Z,0
401389827,2021,2021-12-04T19:05:00.000Z,0
401389850,2021,2021-12-04T20:30:00.000Z,0
401389870,2021,2021-12-04T19:00:00.000Z,0
401391050,2021,2021-12-11T17:00:00.000Z,0
401391051,2021,2021-12-11T20:30:00.000Z,0
401391091,2021,2021-12-18T17:00:00.000Z,0
401391130,2021,2021-12-11T00:00:00.000Z,0
401391131,2021,2021-12-11T17:00:00.000Z,0
401391132,2021,2021-12-12T01:30:00.000Z,0
401391133,2021,2021-12-11T19:00:00.000Z,0
401391158,2021,2021-12-23T20:30:00.000Z,0
401391352,2021,2022-01-08T17:00:00.000Z,0
401391353,2021,2021-12-18T02:15:00.000Z,0
401391354,2021,2021-12-18T19:00:00.000Z,0
401392090,2021,2021-12-18T00:00:00.000Z,0
401392130,2021,2021-12-19T02:00:00.000Z,0
