game_id,season_year,kickoff_utc,start_time_tbd
401403853,2022,2022-08-28T02:30:00.000Z,0
401403854,2022,2022-09-03T23:30:00.000Z,0
401403855,2022,2022-09-03T19:30:00.000Z,0
401403856,2022,2022-09-03T23:00:00.000Z,0
401403857,2022,2022-09-03T23:00:00.000Z,0
401403858,2022,2022-09-03T19:30:00.000Z,0
401403859,2022,2022-09-03T23:00:00.000Z,0
401403860,2022,2022-09-03T20:00:00.000Z,0
401403861,2022,2022-09-03T23:30:00.000Z,0
401403863,2022,2022-09-03T23:30:00.000Z,0
401403864,2022,2022-09-01T23:00:00.000Z,0
401403865,2022,2022-09-03T16:00:00.000Z,0
401403866,2022,2022-09-03T23:00:00.000Z,0
401403867,2022,2022-09-04T23:30:00.000Z,0
401403868,2022,2022-09-10T16:00:00.000Z,0
401403869,2022,2022-09-10T16:00:00.000Z,0
401403870,2022,2022-09-10T23:30:00.000Z,0
401403871,2022,2022-09-10T23:00:00.000Z,0
401403872,2022,2022-09-10T20:00:00.000Z,0
401403873,2022,2022-09-10T23:30:00.000Z,0
401403874,2022,2022-09-10T23:00:00.000Z,0
401403875,2022,2022-09-11T03:00:00.000Z,0
401403876,2022,2022-09-10T16:00:00.000Z,0
401403877,2022,2022-09-10T19:30:00.000Z,0
401403878,2022,2022-09-10T19:30:00.000Z,0
401403879,2022,2022-09-10T16:00:00.000Z,0
401403880,2022,2022-09-17T20:00:00.000Z,0
401403881,2022,2022-09-17T23:00:00.000Z,0
401403882,2022,2022-09-17T19:30:00.000Z,0
401403883,2022,2022-09-17T23:30:00.000Z,0
401403884,2022,2022-09-17T16:00:00.000Z,0
401403885,2022,2022-09-17T22:00:00.000Z,0
401403886,2022,2022-09-17T19:30:00.000Z,0
401403887,2022,2022-09-17T16:00:00.000Z,0
401403888,2022,2022-09-17T16:00:00.000Z,0
401403889,2022,2022-09-17T23:00:00.000Z,0
401403890,2022,2022-09-18T01:00:00.000Z,0
401403891,2022,2022-09-17T19:30:00.000Z,0
401403892,2022,2022-09-24T23:30:00.000Z,0
401403893,2022,2022-09-24T23:00:00.000Z,0
401403894,2022,2022-09-24T16:00:00.000Z,0
401403895,2022,2022-09-24T16:00:00.000Z,0
401403896,2022,2022-09-24T23:00:00.000Z,0
401403897,2022,2022-09-24T23:30:00.000Z,0
401403898,2022,2022-09-24T20:00:00.000Z,0
401403899,2022,2022-09-24T16:00:00.000Z,0
401403901,2022,2022-09-24T19:30:00.000Z,0
401403902,2022,2022-10-01T19:30:00.000Z,0
401403903,2022,2022-10-01T23:00:00.000Z,0
401403904,2022,2022-10-02T16:00:00.000Z,0
401403905,2022,2022-10-01T16:00:00.000Z,0
401403906,2022,2022-10-01T20:00:00.000Z,0
401403907,2022,2022-10-01T23:30:00.000Z,0
401403908,2022,2022-09-29T23:00:00.000Z,0
401403909,2022,2022-10-09T00:00:00.000Z,0
401403910,2022,2022-10-08T16:00:00.000Z,0
401403911,2022,2022-10-08T19:30:00.000Z,0
401403912,2022,2022-10-08T23:30:00.000Z,0
401403913,2022,2022-10-08T16:00:00.000Z,0
401403914,2022,2022-10-08T16:00:00.000Z,0
401403915,2022,2022-10-08T20:00:00.000Z,0
401403916,2022,2022-10-15T19:30:00.000Z,0
401403917,2022,2022-10-15T23:00:00.000Z,0
401403918,2022,2022-10-15T19:30:00.000Z,0
401403919,2022,2022-10-15T23:30:00.000Z,0
401403920,2022,2022-10-15T16:00:00.000Z,0
401403921,2022,2022-10-15T19:30:00.000Z,0
401403922,2022,2022-10-22T23:00:00.000Z,0
401403923,2022,2022-10-22T19:30:00.000Z,0
401403924,2022,2022-10-22T20:00:00.000Z,0
401403925,2022,2022-10-22T23:30:00.000Z,0
401403926,2022,2022-10-22T16:00:00.000Z,0
401403927,2022,2022-10-29T16:00:00.000Z,0
401403928,2022,2022-10-29T19:30:00.000Z,0
401403929,2022,2022-10-29T20:00:00.000Z,0
401403930,2022,2022-10-29T23:00:00.000Z,0
401403931,2022,2022-10-29T23:30:00.000Z,0
401403932,2022,2022-11-05T20:00:00.000Z,0
401403933,2022,2022-11-05T19:30:00.000Z,0
401403934,2022,2022-11-05T23:00:00.000Z,0
401403935,2022,2022-11-05T23:30:00.000Z,0
401403936,2022,2022-11-05T16:00:00.000Z,0
401403937,2022,2022-11-05T16:00:00.000Z,0
401403938,2022,2022-11-05T23:30:00.000Z,0
401403939,2022,2022-11-12T17:00:00.000Z,0
401403940,2022,2022-11-13T00:30:00.000Z,0
401403941,2022,2022-11-12T21:00:00.000Z,0
401403942,2022,2022-11-12T17:00:00.000Z,0
401403943,2022,2022-11-12T20:30:00.000Z,0
401403944,2022,2022-11-13T00:00:00.000Z,0
401403945,2022,2022-11-12T17:00:00.000Z,0
401403946,2022,2022-11-19T17:00:00.000Z,0
401403947,2022,2022-11-20T00:30:00.000Z,0
401403949,2022,2022-11-19T20:30:00.000Z,0
401403951,2022,2022-11-19T17:00:00.000Z,0
401403952,2022,2022-11-20T00:30:00.000Z,0
401403953,2022,2022-11-20T00:00:00.000Z,0
401403954,2022,2022-11-19T17:00:00.000Z,0
401403955,2022,2022-11-19T17:00:00.000Z,0
401403956,2022,2022-11-25T00:00:00.000Z,0
401403957,2022,2022-11-26T20:30:00.000Z,0
401403958,2022,2022-11-26T00:30:00.000Z,0
401403959,2022,2022-11-26T17:00:00.000Z,0
401403960,2022,2022-11-26T20:00:00.000Z,0
401403961,2022,2022-11-25T20:30:00.000Z,0
401403962,2022,2022-11-26T17:00:00.000Z,0
401403963,2022,2022-11-27T00:00:00.000Z,0
401403964,2022,2022-11-27T00:30:00.000Z,0
401403965,2022,2022-09-02T02:00:00.000Z,0
401403966,2022,2022-09-03T02:00:00.000Z,0
401403967,2022,2022-09-03T19:30:00.000Z,0
401403968,2022,2022-09-03T20:00:00.000Z,0
401403969,2022,2022-09-04T02:30:00.000Z,0
401403970,2022,2022-09-04T00:00:00.000Z,0
401403971,2022,2022-09-03T18:30:00.000Z,0
401403973,2022,2022-09-04T02:30:00.000Z,0
401403974,2022,2022-09-04T01:30:00.000Z,0
401403975,2022,2022-09-10T23:30:00.000Z,0
401403976,2022,2022-09-10T20:00:00.000Z,0
401403977,2022,2022-09-10T19:30:00.000Z,0
401403978,2022,2022-09-11T00:30:00.000Z,0
401403979,2022,2022-09-11T02:30:00.000Z,0
401403980,2022,2022-09-10T23:30:00.000Z,0
401403981,2022,2022-09-10T21:00:00.000Z,0
401403982,2022,2022-09-10T17:30:00.000Z,0
401403983,2022,2022-09-10T20:00:00.000Z,0
401403984,2022,2022-09-10T19:30:00.000Z,0
401403985,2022,2022-09-18T03:00:00.000Z,0
401403986,2022,2022-09-18T03:00:00.000Z,0
401403987,2022,2022-09-17T18:30:00.000Z,0
401403988,2022,2022-09-17T19:30:00.000Z,0
401403989,2022,2022-09-17T19:30:00.000Z,0
401403990,2022,2022-09-18T00:00:00.000Z,0
401403991,2022,2022-09-17T18:00:00.000Z,0
401403992,2022,2022-09-18T02:30:00.000Z,0
401403993,2022,2022-09-18T02:00:00.000Z,0
401403994,2022,2022-09-17T23:30:00.000Z,0
401403995,2022,2022-09-17T21:00:00.000Z,0
401403996,2022,2022-09-24T21:30:00.000Z,0
401403997,2022,2022-09-25T02:30:00.000Z,0
401403998,2022,2022-09-24T18:00:00.000Z,0
401403999,2022,2022-09-24T20:00:00.000Z,0
401404000,2022,2022-09-25T01:30:00.000Z,0
401404001,2022,2022-09-25T02:30:00.000Z,0
401404002,2022,2022-10-02T01:30:00.000Z,0
401404003,2022,2022-10-02T02:30:00.000Z,0
401404004,2022,2022-10-01T21:30:00.000Z,0
401404005,2022,2022-10-02T03:00:00.000Z,0
401404006,2022,2022-10-01T18:00:00.000Z,0
401404007,2022,2022-10-01T02:30:00.000Z,0
401404008,2022,2022-10-09T01:00:00.000Z,0
401404009,2022,2022-10-08T20:00:00.000Z,0
401404010,2022,2022-10-09T03:00:00.000Z,0
401404011,2022,2022-10-08T19:30:00.000Z,0
401404012,2022,2022-10-08T23:30:00.000Z,0
401404013,2022,2022-10-15T21:30:00.000Z,0
401404014,2022,2022-10-15T18:00:00.000Z,0
401404015,2022,2022-10-16T01:00:00.000Z,0
401404016,2022,2022-10-15T23:30:00.000Z,0
401404017,2022,2022-10-16T00:00:00.000Z,0
401404018,2022,2022-10-22T20:00:00.000Z,0
401404019,2022,2022-10-23T02:30:00.000Z,0
401404020,2022,2022-10-23T00:00:00.000Z,0
401404021,2022,2022-10-22T19:30:00.000Z,0
401404022,2022,2022-10-29T23:00:00.000Z,0
401404023,2022,2022-10-29T23:30:00.000Z,0
401404024,2022,2022-10-29T19:30:00.000Z,0
401404025,2022,2022-10-30T02:30:00.000Z,0
401404026,2022,2022-10-28T02:00:00.000Z,0
401404027,2022,2022-11-05T23:30:00.000Z,0
401404028,2022,2022-11-06T02:30:00.000Z,0
401404029,2022,2022-11-06T02:30:00.000Z,0
401404030,2022,2022-11-05T19:30:00.000Z,0
401404031,2022,2022-11-05T02:30:00.000Z,0
401404032,2022,2022-11-05T19:30:00.000Z,0
401404033,2022,2022-11-12T02:30:00.000Z,0
401404034,2022,2022-11-13T03:30:00.000Z,0
401404035,2022,2022-11-12T20:30:00.000Z,0
401404036,2022,2022-11-13T02:00:00.000Z,0
401404037,2022,2022-11-13T00:00:00.000Z,0
401404038,2022,2022-11-13T03:00:00.000Z,0
401404039,2022,2022-11-19T19:00:00.000Z,0
401404040,2022,2022-11-19T19:15:00.000Z,0
401404041,2022,2022-11-19T22:30:00.000Z,0
401404042,2022,2022-11-20T02:00:00.000Z,0
401404043,2022,2022-11-20T03:30:00.000Z,0
401404044,2022,2022-11-20T01:00:00.000Z,0
401404045,2022,2022-11-25T20:00:00.000Z,0
401404046,2022,2022-11-25T21:30:00.000Z,0
401404047,2022,2022-11-26T20:30:00.000Z,0
401404048,2022,2022-11-26T21:00:00.000Z,0
401404049,2022,2022-11-27T04:00:00.000Z,0
401404051,2022,2022-11-27T03:30:00.000Z,0
401404052,2022,2022-09-03T00:00:00.000Z,0
401404055,2022,2022-09-04T00:00:00.000Z,0
401404056,2022,2022-09-03T23:00:00.000Z,0
401404057,2022,2022-09-03T18:00:00.000Z,0
401404059,2022,2022-09-04T00:00:00.000Z,0
401404062,2022,2022-09-11T02:15:00.000Z,0
401404063,2022,2022-09-10T20:00:00.000Z,0
401404064,2022,2022-09-10T20:00:00.000Z,0
401404065,2022,2022-09-10T22:00:00.000Z,0
401404066,2022,2022-09-10T23:00:00.000Z,0
401404067,2022,2022-09-11T00:00:00.000Z,0
401404068,2022,2022-09-17T20:00:00.000Z,0
401404069,2022,2022-09-17T18:00:00.000Z,0
401404070,2022,2022-09-17T16:00:00.000Z,0
401404071,2022,2022-09-17T16:00:00.000Z,0
401404072,2022,2022-09-17T23:00:00.000Z,0
401404073,2022,2022-09-17T17:00:00.000Z,0
401404074,2022,2022-09-17T19:00:00.000Z,0
401404075,2022,2022-09-17T23:00:00.000Z,0
401404078,2022,2022-09-24T16:00:00.000Z,0
401404079,2022,2022-09-24T16:00:00.000Z,0
401404080,2022,2022-09-24T16:00:00.000Z,0
401404081,2022,2022-09-25T00:00:00.000Z,0
401404082,2022,2022-09-24T19:30:00.000Z,0
401404083,2022,2022-10-01T19:30:00.000Z,0
401404084,2022,2022-10-01T19:30:00.000Z,0
401404085,2022,2022-10-01T16:00:00.000Z,0
401404086,2022,2022-10-01T16:00:00.000Z,0
401404087,2022,2022-10-01T23:30:00.000Z,0
401404088,2022,2022-10-08T23:30:00.000Z,0
401404089,2022,2022-10-08T16:00:00.000Z,0
401404090,2022,2022-10-08T16:00:00.000Z,0
401404091,2022,2022-10-08T19:30:00.000Z,0
401404092,2022,2022-10-13T23:00:00.000Z,0
401404093,2022,2022-10-15T16:00:00.000Z,0
401404094,2022,2022-10-15T16:00:00.000Z,0
401404095,2022,2022-10-15T19:30:00.000Z,0
401404096,2022,2022-10-22T16:00:00.000Z,0
401404097,2022,2022-10-23T00:00:00.000Z,0
401404098,2022,2022-10-22T19:30:00.000Z,0
401404099,2022,2022-10-22T19:00:00.000Z,0
401404100,2022,2022-10-29T16:00:00.000Z,0
401404101,2022,2022-10-29T23:30:00.000Z,0
401404102,2022,2022-10-29T19:30:00.000Z,0
401404103,2022,2022-10-29T16:00:00.000Z,0
401404104,2022,2022-11-05T19:00:00.000Z,0
401404105,2022,2022-11-05T19:30:00.000Z,0
401404106,2022,2022-11-05T19:30:00.000Z,0
401404107,2022,2022-11-05T23:00:00.000Z,0
401404108,2022,2022-11-05T16:00:00.000Z,0
401404109,2022,2022-11-13T00:00:00.000Z,0
401404110,2022,2022-11-12T20:30:00.000Z,0
401404111,2022,2022-11-13T00:00:00.000Z,0
401404112,2022,2022-11-12T17:00:00.000Z,0
401404113,2022,2022-11-13T00:30:00.000Z,0
401404114,2022,2022-11-19T17:00:00.000Z,0
401404115,2022,2022-11-20T00:00:00.000Z,0
401404116,2022,2022-11-19T20:30:00.000Z,0
401404117,2022,2022-11-19T19:00:00.000Z,0
401404118,2022,2022-11-20T00:30:00.000Z,0
401404119,2022,2022-11-25T17:00:00.000Z,0
401404120,2022,2022-11-26T21:00:00.000Z,0
401404121,2022,2022-11-27T01:00:00.000Z,0
401404122,2022,2022-11-27T00:30:00.000Z,0
401404123,2022,2022-11-26T17:00:00.000Z,0
401404124,2022,2022-09-03T23:30:00.000Z,0
401404125,2022,2022-09-10T18:30:00.000Z,0
401404126,2022,2022-09-24T19:30:00.000Z,0
401404127,2022,2022-10-08T23:30:00.000Z,0
401404128,2022,2022-10-22T18:30:00.000Z,0
401404129,2022,2022-10-29T16:00:00.000Z,0
401404130,2022,2022-11-05T23:30:00.000Z,0
401404131,2022,2022-11-12T17:00:00.000Z,0
401404132,2022,2022-11-19T19:30:00.000Z,0
401404133,2022,2022-11-27T00:30:00.000Z,0
401404134,2022,2022-09-03T23:00:00.000Z,0
401404136,2022,2022-09-17T16:00:00.000Z,0
401404137,2022,2022-10-01T16:00:00.000Z,0
401404138,2022,2022-10-08T23:30:00.000Z,0
401404139,2022,2022-10-15T16:00:00.000Z,0
401404140,2022,2022-10-22T16:00:00.000Z,0
401404141,2022,2022-11-05T15:30:00.000Z,0
401404142,2022,2022-11-12T20:30:00.000Z,0
401404143,2022,2022-11-19T17:00:00.000Z,0
401404144,2022,2022-11-26T17:00:00.000Z,0
401404145,2022,2022-12-10T20:00:00.000Z,0
401404146,2022,2022-08-27T20:00:00.000Z,0
401404147,2022,2022-09-03T16:00:00.000Z,0
401404148,2022,2022-09-10T23:00:00.000Z,0
401404149,2022,2022-09-17T16:00:00.000Z,0
401404150,2022,2022-09-24T23:30:00.000Z,0
401404151,2022,2022-10-01T19:30:00.000Z,0
401404153,2022,2022-10-15T18:00:00.000Z,0
401404154,2022,2022-10-29T16:00:00.000Z,0
401404155,2022,2022-11-04T23:00:00.000Z,0
401404156,2022,2022-11-12T17:00:00.000Z,0
401404157,2022,2022-09-03T23:00:00.000Z,0
401404159,2022,2022-09-17T21:00:00.000Z,0
401404160,2022,2022-09-24T22:00:00.000Z,0
401404161,2022,2022-10-01T22:00:00.000Z,0
401404162,2022,2022-10-15T19:30:00.000Z,0
401404163,2022,2022-10-22T19:30:00.000Z,0
401404164,2022,2022-10-08T19:30:00.000Z,0
401404165,2022,2022-11-19T17:00:00.000Z,0
401404166,2022,2022-11-26T17:00:00.000Z,0
401405058,2022,2022-08-27T20:00:00.000Z,0
401405059,2022,2022-08-27T16:30:00.000Z,0
401405060,2022,2022-09-02T01:00:00.000Z,0
401405061,2022,2022-09-03T00:00:00.000Z,0
401405062,2022,2022-09-03T16:00:00.000Z,0
401405063,2022,2022-09-03T19:30:00.000Z,0
401405064,2022,2022-09-02T00:00:00.000Z,0
401405065,2022,2022-09-03T23:00:00.000Z,0
401405066,2022,2022-09-03T16:00:00.000Z,0
401405067,2022,2022-09-03T16:00:00.000Z,0
401405069,2022,2022-09-03T16:00:00.000Z,0
401405070,2022,2022-09-10T20:00:00.000Z,0
401405071,2022,2022-09-10T16:00:00.000Z,0
401405072,2022,2022-09-10T23:30:00.000Z,0
401405073,2022,2022-09-10T16:00:00.000Z,0
401405074,2022,2022-09-10T20:00:00.000Z,0
401405075,2022,2022-09-11T00:00:00.000Z,0
401405077,2022,2022-09-11T00:00:00.000Z,0
401405078,2022,2022-09-10T20:00:00.000Z,0
401405079,2022,2022-09-10T16:00:00.000Z,0
401405080,2022,2022-09-10T16:00:00.000Z,0
401405081,2022,2022-09-10T20:00:00.000Z,0
401405082,2022,2022-09-17T23:30:00.000Z,0
401405083,2022,2022-09-17T16:00:00.000Z,0
401405084,2022,2022-09-17T16:00:00.000Z,0
401405085,2022,2022-09-17T19:30:00.000Z,0
401405087,2022,2022-09-17T23:30:00.000Z,0
401405088,2022,2022-09-17T23:00:00.000Z,0
401405089,2022,2022-09-17T18:00:00.000Z,0
401405091,2022,2022-09-24T23:00:00.000Z,0
401405092,2022,2022-09-24T19:30:00.000Z,0
401405093,2022,2022-09-24T23:30:00.000Z,0
401405095,2022,2022-09-24T23:30:00.000Z,0
401405096,2022,2022-09-24T19:30:00.000Z,0
401405097,2022,2022-09-24T16:00:00.000Z,0
401405098,2022,2022-09-24T16:00:00.000Z,0
401405099,2022,2022-10-01T16:00:00.000Z,0
401405100,2022,2022-10-01T16:00:00.000Z,0
401405101,2022,2022-10-01T16:00:00.000Z,0
401405102,2022,2022-10-01T23:30:00.000Z,0
401405103,2022,2022-10-01T19:30:00.000Z,0
401405104,2022,2022-10-01T19:30:00.000Z,0
401405105,2022,2022-10-01T19:30:00.000Z,0
401405106,2022,2022-10-08T23:30:00.000Z,0
401405107,2022,2022-10-08T19:30:00.000Z,0
401405108,2022,2022-10-08T16:00:00.000Z,0
401405109,2022,2022-10-08T16:00:00.000Z,0
401405110,2022,2022-10-08T20:00:00.000Z,0
401405111,2022,2022-10-07T23:00:00.000Z,0
401405112,2022,2022-10-15T16:00:00.000Z,0
401405113,2022,2022-10-15T23:30:00.000Z,0
401405114,2022,2022-10-15T19:30:00.000Z,0
401405115,2022,2022-10-15T16:00:00.000Z,0
401405116,2022,2022-10-15T20:00:00.000Z,0
401405117,2022,2022-10-22T19:30:00.000Z,0
401405118,2022,2022-10-22T19:30:00.000Z,0
401405119,2022,2022-10-22T16:00:00.000Z,0
401405120,2022,2022-10-22T23:30:00.000Z,0
401405121,2022,2022-10-22T16:00:00.000Z,0
401405122,2022,2022-10-29T19:30:00.000Z,0
401405123,2022,2022-10-29T18:30:00.000Z,0
401405124,2022,2022-10-29T19:30:00.000Z,0
401405125,2022,2022-10-29T23:30:00.000Z,0
401405126,2022,2022-10-29T16:00:00.000Z,0
401405127,2022,2022-11-05T19:30:00.000Z,0
401405128,2022,2022-11-05T16:00:00.000Z,0
401405129,2022,2022-11-05T16:00:00.000Z,0
401405130,2022,2022-11-05T16:00:00.000Z,0
401405131,2022,2022-11-05T16:00:00.000Z,0
401405132,2022,2022-11-05T19:30:00.000Z,0
401405133,2022,2022-11-05T23:30:00.000Z,0
401405134,2022,2022-11-12T17:00:00.000Z,0
401405135,2022,2022-11-12T20:30:00.000Z,0
401405136,2022,2022-11-12T20:30:00.000Z,0
401405137,2022,2022-11-12T20:30:00.000Z,0
401405138,2022,2022-11-12T17:00:00.000Z,0
401405139,2022,2022-11-12T17:00:00.000Z,0
401405140,2022,2022-11-12T20:30:00.000Z,0
401405141,2022,2022-11-19T21:00:00.000Z,0
401405142,2022,2022-11-19T17:00:00.000Z,0
401405143,2022,2022-11-19T17:00:00.000Z,0
401405144,2022,2022-11-19T20:30:00.000Z,0
401405145,2022,2022-11-19T17:00:00.000Z,0
401405146,2022,2022-11-19T17:00:00.000Z,0
401405147,2022,2022-11-19T20:30:00.000Z,0
401405148,2022,2022-11-25T21:00:00.000Z,0
401405149,2022,2022-11-26T20:30:00.000Z,0
401405150,2022,2022-11-26T20:30:00.000Z,0
401405151,2022,2022-11-26T20:30:00.000Z,0
401405152,2022,2022-11-26T17:00:00.000Z,0
401405153,2022,2022-11-26T17:00:00.000Z,0
401405154,2022,2022-11-26T21:00:00.000Z,0
401409235,2022,2022-08-28T02:00:00.000Z,0
401409237,2022,2022-09-25T00:00:00.000Z,0
401409239,2022,2022-10-16T00:00:00.000Z,0
401409241,2022,2022-11-12T19:00:00.000Z,0
401409242,2022,2022-10-29T19:30:00.000Z,0
401411090,2022,2022-08-27T21:00:00.000Z,0
401411091,2022,2022-08-28T00:15:00.000Z,0
401411092,2022,2022-09-01T23:00:00.000Z,0
401411093,2022,2022-09-01T23:30:00.000Z,0
401411094,2022,2022-09-02T23:30:00.000Z,0
401411095,2022,2022-09-03T16:00:00.000Z,0
401411096,2022,2022-09-03T16:00:00.000Z,0
401411097,2022,2022-09-03T19:30:00.000Z,0
401411099,2022,2022-09-04T00:00:00.000Z,0
401411100,2022,2022-09-03T16:30:00.000Z,0
401411101,2022,2022-09-06T00:00:00.000Z,0
401411102,2022,2022-09-10T19:30:00.000Z,0
401411103,2022,2022-09-10T16:00:00.000Z,0
401411104,2022,2022-09-10T23:00:00.000Z,0
401411105,2022,2022-09-10T16:00:00.000Z,0
401411106,2022,2022-09-10T16:30:00.000Z,0
401411108,2022,2022-09-11T00:00:00.000Z,0
401411109,2022,2022-09-16T23:30:00.000Z,0
401411110,2022,2022-09-17T23:30:00.000Z,0
401411112,2022,2022-09-17T22:00:00.000Z,0
401411113,2022,2022-09-17T18:00:00.000Z,0
401411114,2022,2022-09-17T15:00:00.000Z,0
401411115,2022,2022-09-17T23:30:00.000Z,0
401411116,2022,2022-09-22T23:30:00.000Z,0
401411117,2022,2022-09-23T23:00:00.000Z,0
401411118,2022,2022-09-25T00:00:00.000Z,0
401411119,2022,2022-09-24T16:00:00.000Z,0
401411121,2022,2022-09-24T16:00:00.000Z,0
401411122,2022,2022-09-24T20:00:00.000Z,0
401411123,2022,2022-09-24T16:00:00.000Z,0
401411124,2022,2022-10-01T16:00:00.000Z,0
401411125,2022,2022-10-01T23:30:00.000Z,0
401411126,2022,2022-10-01T23:30:00.000Z,0
401411127,2022,2022-10-01T19:30:00.000Z,0
401411128,2022,2022-10-01T19:30:00.000Z,0
401411129,2022,2022-10-02T00:00:00.000Z,0
401411130,2022,2022-10-01T21:00:00.000Z,0
401411131,2022,2022-10-08T23:30:00.000Z,0
401411132,2022,2022-10-08T20:00:00.000Z,0
401411133,2022,2022-10-08T20:00:00.000Z,0
401411134,2022,2022-10-09T00:00:00.000Z,0
401411135,2022,2022-10-08T19:30:00.000Z,0
401411136,2022,2022-10-08T16:00:00.000Z,0
401411137,2022,2022-10-16T00:00:00.000Z,0
401411138,2022,2022-10-15T23:30:00.000Z,0
401411139,2022,2022-10-15T19:30:00.000Z,0
401411140,2022,2022-10-15T16:30:00.000Z,0
401411141,2022,2022-10-20T23:30:00.000Z,0
401411142,2022,2022-10-22T16:00:00.000Z,0
401411143,2022,2022-10-23T00:00:00.000Z,0
401411144,2022,2022-10-22T16:30:00.000Z,0
401411145,2022,2022-10-22T19:30:00.000Z,0
401411146,2022,2022-10-27T23:30:00.000Z,0
401411147,2022,2022-10-29T16:00:00.000Z,0
401411148,2022,2022-10-29T19:30:00.000Z,0
401411149,2022,2022-10-30T00:00:00.000Z,0
401411150,2022,2022-10-29T16:30:00.000Z,0
401411151,2022,2022-11-04T23:00:00.000Z,0
401411152,2022,2022-11-05T23:30:00.000Z,0
401411153,2022,2022-11-05T23:30:00.000Z,0
401411154,2022,2022-11-06T00:00:00.000Z,0
401411155,2022,2022-11-05T19:30:00.000Z,0
401411156,2022,2022-11-05T16:00:00.000Z,0
401411157,2022,2022-11-05T16:30:00.000Z,0
401411158,2022,2022-11-12T20:30:00.000Z,0
401411159,2022,2022-11-12T17:00:00.000Z,0
401411160,2022,2022-11-12T20:30:00.000Z,0
401411161,2022,2022-11-12T20:30:00.000Z,0
401411162,2022,2022-11-13T01:00:00.000Z,0
401411163,2022,2022-11-12T17:00:00.000Z,0
401411164,2022,2022-11-13T00:30:00.000Z,0
401411165,2022,2022-11-19T20:30:00.000Z,0
401411166,2022,2022-11-19T17:00:00.000Z,0
401411167,2022,2022-11-19T20:30:00.000Z,0
401411168,2022,2022-11-19T22:30:00.000Z,0
401411169,2022,2022-11-19T17:00:00.000Z,0
401411171,2022,2022-11-20T01:00:00.000Z,0
401411172,2022,2022-11-25T20:30:00.000Z,0
401411173,2022,2022-11-27T00:30:00.000Z,0
401411174,2022,2022-11-26T20:30:00.000Z,0
401411175,2022,2022-11-27T01:00:00.000Z,0
401413203,2022,2022-09-03T22:00:00.000Z,0
401413204,2022,2022-09-10T22:00:00.000Z,0
401413205,2022,2022-09-24T22:00:00.000Z,0
401413206,2022,2022-10-01T17:30:00.000Z,0
401413207,2022,2022-10-08T17:00:00.000Z,0
401413208,2022,2022-10-15T17:30:00.000Z,0
401413209,2022,2022-10-29T17:30:00.000Z,0
401413210,2022,2022-11-05T18:00:00.000Z,0
401413211,2022,2022-11-12T18:30:00.000Z,0
401413212,2022,2022-11-19T17:00:00.000Z,0
401413213,2022,2022-08-27T19:30:00.000Z,0
401413214,2022,2022-09-03T18:00:00.000Z,0
401413215,2022,2022-09-10T23:00:00.000Z,0
401413216,2022,2022-09-17T23:00:00.000Z,0
401413217,2022,2022-09-24T20:00:00.000Z,0
401413218,2022,2022-10-01T18:00:00.000Z,0
401413219,2022,2022-10-15T23:00:00.000Z,0
401413220,2022,2022-10-22T18:00:00.000Z,0
401413221,2022,2022-10-29T20:00:00.000Z,0
401413222,2022,2022-11-12T19:00:00.000Z,0
401413223,2022,2022-11-19T22:00:00.000Z,0
401413224,2022,2022-09-02T02:30:00.000Z,0
401413225,2022,2022-09-10T21:00:00.000Z,0
401413226,2022,2022-09-17T18:00:00.000Z,0
401413227,2022,2022-10-02T00:00:00.000Z,0
401413228,2022,2022-10-08T20:00:00.000Z,0
401413229,2022,2022-10-15T19:00:00.000Z,0
401413230,2022,2022-10-23T00:00:00.000Z,0
401413231,2022,2022-10-29T23:00:00.000Z,0
401413232,2022,2022-11-06T00:00:00.000Z,0
401413233,2022,2022-11-13T01:00:00.000Z,0
401413234,2022,2022-11-20T01:00:00.000Z,0
401413236,2022,2022-09-03T20:00:00.000Z,0
401413237,2022,2022-09-24T20:00:00.000Z,0
401413238,2022,2022-10-09T00:00:00.000Z,0
401413239,2022,2022-10-15T23:00:00.000Z,0
401413240,2022,2022-10-29T20:00:00.000Z,0
401413241,2022,2022-11-05T19:00:00.000Z,0
401413242,2022,2022-11-12T20:00:00.000Z,0
401413243,2022,2022-11-19T21:00:00.000Z,0
401413246,2022,2022-09-17T19:00:00.000Z,0
401413247,2022,2022-09-24T20:00:00.000Z,0
401413248,2022,2022-10-02T01:00:00.000Z,0
401413249,2022,2022-10-15T19:00:00.000Z,0
401413250,2022,2022-10-22T19:00:00.000Z,0
401413251,2022,2022-10-30T01:00:00.000Z,0
401413252,2022,2022-11-13T00:00:00.000Z,0
401413253,2022,2022-11-19T20:00:00.000Z,0
401413256,2022,2022-08-27T19:30:00.000Z,0
401413257,2022,2022-09-11T00:00:00.000Z,0
401413258,2022,2022-09-17T19:00:00.000Z,0
401413259,2022,2022-09-24T19:00:00.000Z,0
401413260,2022,2022-10-01T19:00:00.000Z,0
401413261,2022,2022-10-08T20:00:00.000Z,0
401413262,2022,2022-10-22T19:00:00.000Z,0
401413263,2022,2022-11-05T23:00:00.000Z,0
401413264,2022,2022-11-12T20:00:00.000Z,0
401413333,2022,2022-09-03T19:00:00.000Z,0
401413334,2022,2022-09-10T19:30:00.000Z,0
401413335,2022,2022-09-17T17:00:00.000Z,0
401413336,2022,2022-09-24T20:00:00.000Z,0
401413337,2022,2022-10-23T03:00:00.000Z,0
401413338,2022,2022-10-29T19:00:00.000Z,0
401413339,2022,2022-11-19T19:00:00.000Z,0
401413340,2022,2022-09-04T00:00:00.000Z,0
401413341,2022,2022-09-10T19:30:00.000Z,0
401413342,2022,2022-10-02T02:15:00.000Z,0
401413343,2022,2022-10-15T19:00:00.000Z,0
401413344,2022,2022-10-22T19:00:00.000Z,0
401413345,2022,2022-11-05T20:00:00.000Z,0
401414778,2022,2022-09-03T23:00:00.000Z,0
401414779,2022,2022-09-10T23:00:00.000Z,0
401414780,2022,2022-09-17T19:30:00.000Z,0
401414781,2022,2022-09-24T18:00:00.000Z,0
401414782,2022,2022-10-01T18:00:00.000Z,0
401414783,2022,2022-10-15T17:00:00.000Z,0
401414784,2022,2022-11-12T20:00:00.000Z,0
401415015,2022,2022-09-03T19:30:00.000Z,0
401415024,2022,2022-09-10T22:00:00.000Z,0
401415029,2022,2022-09-17T21:00:00.000Z,0
401415032,2022,2022-09-17T23:00:00.000Z,0
401415037,2022,2022-09-24T19:30:00.000Z,0
401415040,2022,2022-09-24T23:00:00.000Z,0
401415170,2022,2022-09-10T23:00:00.000Z,0
401415171,2022,2022-09-17T20:00:00.000Z,0
401415172,2022,2022-10-01T21:00:00.000Z,0
401415173,2022,2022-10-15T23:00:00.000Z,0
401415174,2022,2022-11-12T19:00:00.000Z,0
401415175,2022,2022-11-19T20:00:00.000Z,0
401415176,2022,2022-09-03T20:00:00.000Z,0
401415177,2022,2022-09-10T20:00:00.000Z,0
401415178,2022,2022-09-17T23:00:00.000Z,0
401415179,2022,2022-10-09T01:00:00.000Z,0
401415180,2022,2022-10-22T19:00:00.000Z,0
401415181,2022,2022-11-05T21:00:00.000Z,0
401415182,2022,2022-09-10T23:00:00.000Z,0
401415183,2022,2022-09-18T02:00:00.000Z,0
401415184,2022,2022-09-25T02:00:00.000Z,0
401415185,2022,2022-11-19T22:00:00.000Z,0
401415186,2022,2022-09-17T16:30:00.000Z,0
401415187,2022,2022-09-24T16:30:00.000Z,0
401415188,2022,2022-10-01T22:00:00.000Z,0
401415189,2022,2022-10-08T17:00:00.000Z,0
401415191,2022,2022-10-22T16:30:00.000Z,0
401415192,2022,2022-10-29T16:30:00.000Z,0
401415193,2022,2022-11-05T16:00:00.000Z,0
401415194,2022,2022-11-12T17:00:00.000Z,0
401415195,2022,2022-11-19T18:30:00.000Z,0
401415196,2022,2022-09-17T22:00:00.000Z,0
401415197,2022,2022-09-24T16:30:00.000Z,0
401415198,2022,2022-10-01T17:00:00.000Z,0
401415199,2022,2022-10-08T17:00:00.000Z,0
401415200,2022,2022-10-15T17:00:00.000Z,0
401415201,2022,2022-10-22T17:30:00.000Z,0
401415202,2022,2022-10-28T22:30:00.000Z,0
401415203,2022,2022-11-05T17:00:00.000Z,0
401415204,2022,2022-11-19T18:00:00.000Z,0
401415209,2022,2022-09-03T17:00:00.000Z,0
401415210,2022,2022-09-04T00:00:00.000Z,0
401415211,2022,2022-09-03T19:30:00.000Z,0
401415212,2022,2022-09-03T21:30:00.000Z,0
401415213,2022,2022-09-02T02:30:00.000Z,0
401415214,2022,2022-09-10T01:00:00.000Z,0
401415215,2022,2022-09-10T23:00:00.000Z,0
401415216,2022,2022-09-10T21:30:00.000Z,0
401415217,2022,2022-09-17T00:00:00.000Z,0
401415218,2022,2022-09-17T20:00:00.000Z,0
401415219,2022,2022-09-18T03:59:00.000Z,0
401415220,2022,2022-09-24T00:00:00.000Z,0
401415221,2022,2022-09-24T20:00:00.000Z,0
401415222,2022,2022-09-24T23:00:00.000Z,0
401415223,2022,2022-09-25T02:15:00.000Z,0
401415224,2022,2022-09-24T19:30:00.000Z,0
401415225,2022,2022-09-25T02:30:00.000Z,0
401415226,2022,2022-09-30T00:00:00.000Z,0
401415227,2022,2022-10-01T16:00:00.000Z,0
401415228,2022,2022-10-01T00:00:00.000Z,0
401415229,2022,2022-10-01T03:00:00.000Z,0
401415230,2022,2022-10-01T23:30:00.000Z,0
401415231,2022,2022-10-08T23:00:00.000Z,0
401415232,2022,2022-10-09T01:45:00.000Z,0
401415233,2022,2022-10-08T02:30:00.000Z,0
401415234,2022,2022-10-08T23:00:00.000Z,0
401415235,2022,2022-10-09T02:30:00.000Z,0
401415236,2022,2022-10-08T02:30:00.000Z,0
401415237,2022,2022-10-16T02:30:00.000Z,0
401415238,2022,2022-10-15T23:00:00.000Z,0
401415239,2022,2022-10-16T02:45:00.000Z,0
401415240,2022,2022-10-16T03:59:00.000Z,0
401415241,2022,2022-10-22T23:00:00.000Z,0
401415242,2022,2022-10-22T20:00:00.000Z,0
401415243,2022,2022-10-22T22:30:00.000Z,0
401415244,2022,2022-10-23T01:45:00.000Z,0
401415245,2022,2022-10-23T02:30:00.000Z,0
401415246,2022,2022-10-29T23:00:00.000Z,0
401415247,2022,2022-10-30T03:59:00.000Z,0
401415248,2022,2022-10-30T02:30:00.000Z,0
401415249,2022,2022-10-30T02:30:00.000Z,0
401415250,2022,2022-11-05T23:00:00.000Z,0
401415251,2022,2022-11-06T02:30:00.000Z,0
401415252,2022,2022-11-05T19:30:00.000Z,0
401415253,2022,2022-11-06T02:30:00.000Z,0
401415254,2022,2022-11-05T23:00:00.000Z,0
401415255,2022,2022-11-13T03:30:00.000Z,0
401415256,2022,2022-11-12T20:30:00.000Z,0
401415257,2022,2022-11-13T04:00:00.000Z,0
401415258,2022,2022-11-13T00:00:00.000Z,0
401415259,2022,2022-11-12T03:30:00.000Z,0
401415260,2022,2022-11-13T03:30:00.000Z,0
401415261,2022,2022-11-20T00:00:00.000Z,0
401415262,2022,2022-11-20T02:00:00.000Z,0
401415263,2022,2022-11-20T03:30:00.000Z,0
401415264,2022,2022-11-19T02:45:00.000Z,0
401415265,2022,2022-11-20T02:45:00.000Z,0
401415266,2022,2022-11-20T04:00:00.000Z,0
401415267,2022,2022-11-27T02:00:00.000Z,0
401415268,2022,2022-11-25T20:30:00.000Z,0
401415269,2022,2022-11-25T17:00:00.000Z,0
401415270,2022,2022-11-26T03:00:00.000Z,0
401415271,2022,2022-11-26T20:30:00.000Z,0
401415272,2022,2022-11-26T23:00:00.000Z,0
401415404,2022,2022-09-17T17:30:00.000Z,0
401415405,2022,2022-09-24T18:00:00.000Z,0
401415406,2022,2022-10-01T17:00:00.000Z,0
401415407,2022,2022-10-07T23:00:00.000Z,0
401415408,2022,2022-10-15T17:00:00.000Z,0
401415409,2022,2022-10-29T17:00:00.000Z,0
401415410,2022,2022-11-05T17:00:00.000Z,0
401415411,2022,2022-11-12T18:00:00.000Z,0
401415610,2022,2022-09-01T23:00:00.000Z,0
401415611,2022,2022-09-03T16:00:00.000Z,0
401415612,2022,2022-09-03T20:00:00.000Z,0
401415613,2022,2022-09-09T23:30:00.000Z,0
401415614,2022,2022-09-10T18:00:00.000Z,0
401415615,2022,2022-09-10T23:00:00.000Z,0
401415616,2022,2022-09-10T23:00:00.000Z,0
401415617,2022,2022-09-10T19:30:00.000Z,0
401415618,2022,2022-09-10T23:00:00.000Z,0
401415619,2022,2022-09-10T19:30:00.000Z,0
401415620,2022,2022-09-10T23:00:00.000Z,0
401415621,2022,2022-09-17T22:00:00.000Z,0
401415622,2022,2022-09-17T23:00:00.000Z,0
401415623,2022,2022-09-17T16:00:00.000Z,0
401415624,2022,2022-09-24T22:00:00.000Z,0
401415625,2022,2022-09-30T23:00:00.000Z,0
401415626,2022,2022-10-01T18:30:00.000Z,0
401415627,2022,2022-10-01T23:00:00.000Z,0
401415628,2022,2022-10-01T16:00:00.000Z,0
401415629,2022,2022-10-05T23:00:00.000Z,0
401415630,2022,2022-10-07T23:30:00.000Z,0
401415631,2022,2022-10-08T19:30:00.000Z,0
401415632,2022,2022-10-08T19:30:00.000Z,0
401415633,2022,2022-10-08T18:30:00.000Z,0
401415634,2022,2022-10-13T23:00:00.000Z,0
401415635,2022,2022-10-14T23:30:00.000Z,0
401415636,2022,2022-10-15T20:00:00.000Z,0
401415637,2022,2022-10-15T23:30:00.000Z,0
401415638,2022,2022-10-21T23:30:00.000Z,0
401415639,2022,2022-10-22T19:30:00.000Z,0
401415640,2022,2022-10-22T16:00:00.000Z,0
401415641,2022,2022-10-22T16:00:00.000Z,0
401415642,2022,2022-10-22T23:30:00.000Z,0
401415643,2022,2022-10-29T16:00:00.000Z,0
401415644,2022,2022-10-29T19:30:00.000Z,0
401415645,2022,2022-10-29T00:00:00.000Z,0
401415646,2022,2022-10-29T19:30:00.000Z,0
401415647,2022,2022-10-29T19:30:00.000Z,0
401415648,2022,2022-11-05T18:00:00.000Z,0
401415649,2022,2022-11-05T16:00:00.000Z,0
401415650,2022,2022-11-05T20:00:00.000Z,0
401415651,2022,2022-11-05T19:30:00.000Z,0
401415652,2022,2022-11-05T23:00:00.000Z,0
401415653,2022,2022-11-11T00:30:00.000Z,0
401415654,2022,2022-11-12T01:00:00.000Z,0
401415655,2022,2022-11-12T20:00:00.000Z,0
401415656,2022,2022-11-12T17:00:00.000Z,0
401415657,2022,2022-11-12T20:30:00.000Z,0
401415658,2022,2022-11-18T00:30:00.000Z,0
401415659,2022,2022-11-19T02:00:00.000Z,0
401415660,2022,2022-11-19T19:00:00.000Z,0
401415661,2022,2022-11-19T16:00:00.000Z,0
401415662,2022,2022-11-19T19:00:00.000Z,0
401415663,2022,2022-11-19T21:00:00.000Z,0
401415664,2022,2022-11-26T18:00:00.000Z,0
401415665,2022,2022-11-25T17:00:00.000Z,0
401415666,2022,2022-11-26T20:30:00.000Z,0
401415667,2022,2022-11-27T00:00:00.000Z,0
401415668,2022,2022-11-27T00:30:00.000Z,0
401416568,2022,2022-09-01T22:00:00.000Z,0
401416569,2022,2022-09-01T23:00:00.000Z,0
401416590,2022,2022-09-02T23:00:00.000Z,0
401416591,2022,2022-09-02T23:00:00.000Z,0
401416592,2022,2022-09-02T00:00:00.000Z,0
401416594,2022,2022-09-10T18:00:00.000Z,0
401416595,2022,2022-09-10T20:00:00.000Z,0
401416596,2022,2022-09-10T22:00:00.000Z,0
401416597,2022,2022-09-10T17:00:00.000Z,0
401416598,2022,2022-09-10T23:00:00.000Z,0
401416599,2022,2022-09-10T22:00:00.000Z,0
401416600,2022,2022-09-17T18:00:00.000Z,0
401416601,2022,2022-09-17T17:00:00.000Z,0
401416602,2022,2022-09-17T17:00:00.000Z,0
401416603,2022,2022-09-17T16:00:00.000Z,0
401416604,2022,2022-09-24T16:00:00.000Z,0
401416605,2022,2022-09-24T22:00:00.000Z,0
401416606,2022,2022-09-24T18:00:00.000Z,0
401416607,2022,2022-10-01T19:30:00.000Z,0
401416608,2022,2022-10-01T18:00:00.000Z,0
401416609,2022,2022-10-01T19:30:00.000Z,0
401416610,2022,2022-10-01T19:30:00.000Z,0
401416611,2022,2022-10-01T19:30:00.000Z,0
401416612,2022,2022-10-01T22:00:00.000Z,0
401416613,2022,2022-10-08T19:30:00.000Z,0
401416614,2022,2022-10-08T16:00:00.000Z,0
401416615,2022,2022-10-08T19:30:00.000Z,0
401416616,2022,2022-10-08T18:00:00.000Z,0
401416617,2022,2022-10-08T16:00:00.000Z,0
401416618,2022,2022-10-08T19:30:00.000Z,0
401416619,2022,2022-10-15T16:00:00.000Z,0
401416620,2022,2022-10-15T19:30:00.000Z,0
401416621,2022,2022-10-15T19:30:00.000Z,0
401416622,2022,2022-10-15T16:00:00.000Z,0
401416623,2022,2022-10-15T19:30:00.000Z,0
401416624,2022,2022-10-22T18:00:00.000Z,0
401416625,2022,2022-10-22T18:00:00.000Z,0
401416626,2022,2022-10-22T17:00:00.000Z,0
401416627,2022,2022-10-22T19:30:00.000Z,0
401416628,2022,2022-10-22T16:00:00.000Z,0
401416629,2022,2022-10-22T17:00:00.000Z,0
401416630,2022,2022-10-29T16:00:00.000Z,0
401416631,2022,2022-10-29T16:00:00.000Z,0
401416632,2022,2022-11-01T23:00:00.000Z,0
401416633,2022,2022-11-01T23:30:00.000Z,0
401416634,2022,2022-11-02T23:00:00.000Z,0
401416635,2022,2022-11-02T23:00:00.000Z,0
401416636,2022,2022-11-09T01:00:00.000Z,0
401416637,2022,2022-11-09T00:00:00.000Z,0
401416638,2022,2022-11-09T00:30:00.000Z,0
401416639,2022,2022-11-10T00:00:00.000Z,0
401416640,2022,2022-11-10T00:00:00.000Z,0
401416641,2022,2022-11-10T00:00:00.000Z,0
401416642,2022,2022-11-16T00:00:00.000Z,0
401416643,2022,2022-11-16T00:00:00.000Z,0
401416644,2022,2022-11-16T23:00:00.000Z,0
401416645,2022,2022-11-17T01:00:00.000Z,0
401416646,2022,2022-11-17T00:00:00.000Z,0
401416648,2022,2022-11-23T00:00:00.000Z,0
401416649,2022,2022-11-23T00:00:00.000Z,0
401416650,2022,2022-11-25T17:00:00.000Z,0
401416651,2022,2022-11-25T17:00:00.000Z,0
401416652,2022,2022-11-26T18:30:00.000Z,0
401416653,2022,2022-11-26T18:00:00.000Z,0
401418597,2022,2022-10-01T17:00:00.000Z,0
401418598,2022,2022-10-15T20:00:00.000Z,0
401418599,2022,2022-10-21T23:00:00.000Z,0
401418600,2022,2022-10-29T17:30:00.000Z,0
401418601,2022,2022-11-12T18:00:00.000Z,0
401418602,2022,2022-11-19T17:00:00.000Z,0
401418603,2022,2022-09-17T17:30:00.000Z,0
401418604,2022,2022-09-24T18:00:00.000Z,0
401418605,2022,2022-10-01T03:00:00.000Z,0
401418606,2022,2022-10-08T16:00:00.000Z,0
401418607,2022,2022-10-15T17:30:00.000Z,0
401418608,2022,2022-11-05T17:00:00.000Z,0
401418609,2022,2022-09-03T23:00:00.000Z,0
401418630,2022,2022-09-10T20:00:00.000Z,0
401418631,2022,2022-09-17T19:00:00.000Z,0
401418632,2022,2022-09-24T20:00:00.000Z,0
401418633,2022,2022-10-01T21:00:00.000Z,0
401418634,2022,2022-10-15T20:00:00.000Z,0
401418635,2022,2022-11-05T21:00:00.000Z,0
401418636,2022,2022-11-12T18:00:00.000Z,0
401418637,2022,2022-09-17T22:00:00.000Z,0
401418638,2022,2022-10-01T22:00:00.000Z,0
401418639,2022,2022-10-15T22:00:00.000Z,0
401418640,2022,2022-10-22T19:00:00.000Z,0
401418641,2022,2022-10-29T18:00:00.000Z,0
401418642,2022,2022-11-05T21:00:00.000Z,0
401418643,2022,2022-11-19T20:00:00.000Z,0
401418645,2022,2022-09-01T23:00:00.000Z,0
401418646,2022,2022-10-08T22:00:00.000Z,0
401418647,2022,2022-10-15T17:00:00.000Z,0
401418648,2022,2022-10-22T19:00:00.000Z,0
401418649,2022,2022-10-29T17:00:00.000Z,0
401418650,2022,2022-11-05T17:00:00.000Z,0
401418776,2022,2022-09-01T22:00:00.000Z,0
401418777,2022,2022-09-10T23:00:00.000Z,0
401418778,2022,2022-09-17T22:00:00.000Z,0
401418779,2022,2022-09-24T23:00:00.000Z,0
401418780,2022,2022-10-29T21:00:00.000Z,0
401418781,2022,2022-11-12T22:00:00.000Z,0
401418782,2022,2022-09-02T00:00:00.000Z,0
401418783,2022,2022-09-11T00:00:00.000Z,0
401418784,2022,2022-09-25T00:00:00.000Z,0
401418785,2022,2022-10-02T01:00:00.000Z,0
401418787,2022,2022-10-15T20:30:00.000Z,0
401418789,2022,2022-10-29T20:00:00.000Z,0
401418790,2022,2022-11-12T18:00:00.000Z,0
401418791,2022,2022-11-19T20:30:00.000Z,0
401418792,2022,2022-09-10T23:00:00.000Z,0
401418793,2022,2022-09-24T23:00:00.000Z,0
401418798,2022,2022-10-29T19:00:00.000Z,0
401418801,2022,2022-11-19T20:00:00.000Z,0
401418802,2022,2022-09-18T00:00:00.000Z,0
401418803,2022,2022-09-25T00:00:00.000Z,0
401418807,2022,2022-11-06T00:00:00.000Z,0
401418810,2022,2022-09-10T23:00:00.000Z,0
401418813,2022,2022-10-08T19:00:00.000Z,0
401418814,2022,2022-10-22T18:00:00.000Z,0
401418828,2022,2022-09-10T23:30:00.000Z,0
401418829,2022,2022-09-17T23:30:00.000Z,0
401418830,2022,2022-10-01T23:30:00.000Z,0
401418831,2022,2022-10-08T21:00:00.000Z,0
401418832,2022,2022-10-15T19:00:00.000Z,0
401418833,2022,2022-10-22T17:00:00.000Z,0
401418834,2022,2022-10-29T19:30:00.000Z,0
401418835,2022,2022-11-05T19:00:00.000Z,0
401418836,2022,2022-11-12T20:00:00.000Z,0
401418837,2022,2022-11-19T17:00:00.000Z,0
401418838,2022,2022-10-01T21:00:00.000Z,0
401418839,2022,2022-10-08T17:00:00.000Z,0
401418840,2022,2022-10-15T18:00:00.000Z,0
401418841,2022,2022-10-29T19:00:00.000Z,0
401418842,2022,2022-11-05T17:00:00.000Z,0
401418843,2022,2022-11-12T19:00:00.000Z,0
401418844,2022,2022-11-19T18:00:00.000Z,0
401420777,2022,2022-09-03T22:00:00.000Z,0
401420778,2022,2022-09-10T23:00:00.000Z,0
401420779,2022,2022-09-17T16:00:00.000Z,0
401420780,2022,2022-10-01T16:00:00.000Z,0
401420781,2022,2022-10-08T17:00:00.000Z,0
401420782,2022,2022-10-13T23:30:00.000Z,0
401420783,2022,2022-10-22T19:00:00.000Z,0
401420784,2022,2022-10-29T16:00:00.000Z,0
401420785,2022,2022-11-05T17:00:00.000Z,0
401420786,2022,2022-11-12T19:00:00.000Z,0
401420787,2022,2022-11-19T17:00:00.000Z,0
401420788,2022,2022-09-10T20:00:00.000Z,0
401420789,2022,2022-09-17T18:00:00.000Z,0
401420790,2022,2022-09-24T18:00:00.000Z,0
401420791,2022,2022-10-01T17:00:00.000Z,0
401420792,2022,2022-10-15T18:00:00.000Z,0
401420793,2022,2022-10-29T18:00:00.000Z,0
401420794,2022,2022-11-05T16:00:00.000Z,0
401420795,2022,2022-11-12T19:00:00.000Z,0
401420796,2022,2022-11-19T18:30:00.000Z,0
401420797,2022,2022-09-03T23:30:00.000Z,0
401420798,2022,2022-09-10T22:00:00.000Z,0
401420799,2022,2022-09-17T22:00:00.000Z,0
401420800,2022,2022-09-24T20:00:00.000Z,0
401420801,2022,2022-10-01T16:00:00.000Z,0
401420802,2022,2022-10-22T17:30:00.000Z,0
401420803,2022,2022-10-29T18:00:00.000Z,0
401420804,2022,2022-11-05T18:00:00.000Z,0
401420805,2022,2022-11-19T19:30:00.000Z,0
401420806,2022,2022-09-02T00:00:00.000Z,0
401420807,2022,2022-09-09T00:00:00.000Z,0
401420808,2022,2022-09-24T19:00:00.000Z,0
401420809,2022,2022-10-01T17:00:00.000Z,0
401420810,2022,2022-10-08T19:00:00.000Z,0
401420811,2022,2022-10-22T21:00:00.000Z,0
401420812,2022,2022-10-29T19:00:00.000Z,0
401420813,2022,2022-11-05T18:00:00.000Z,0
401420814,2022,2022-11-12T20:00:00.000Z,0
401420815,2022,2022-09-10T20:00:00.000Z,0
401420816,2022,2022-09-24T19:00:00.000Z,0
401420817,2022,2022-10-08T22:00:00.000Z,0
401420818,2022,2022-10-22T20:00:00.000Z,0
401420819,2022,2022-11-12T18:00:00.000Z,0
401420820,2022,2022-11-19T20:30:00.000Z,0
401420822,2022,2022-09-03T18:00:00.000Z,0
401420823,2022,2022-09-10T18:00:00.000Z,0
401420824,2022,2022-10-01T18:00:00.000Z,0
401420825,2022,2022-10-22T20:00:00.000Z,0
401420826,2022,2022-10-29T18:00:00.000Z,0
401420827,2022,2022-11-19T17:00:00.000Z,0
401420828,2022,2022-09-24T18:00:00.000Z,0
401420829,2022,2022-10-08T19:00:00.000Z,0
401420830,2022,2022-10-22T19:00:00.000Z,0
401420831,2022,2022-11-19T19:00:00.000Z,0
401420832,2022,2022-09-17T23:00:00.000Z,0
401420833,2022,2022-10-01T19:00:00.000Z,0
401420834,2022,2022-10-15T19:30:00.000Z,0
401420835,2022,2022-11-05T21:00:00.000Z,0
401420836,2022,2022-09-03T19:30:00.000Z,0
401420837,2022,2022-09-10T19:30:00.000Z,0
401420838,2022,2022-11-05T18:00:00.000Z,0
401420839,2022,2022-11-12T19:00:00.000Z,0
401420840,2022,2022-09-01T23:30:00.000Z,0
401420842,2022,2022-09-24T23:00:00.000Z,0
401420843,2022,2022-10-01T18:00:00.000Z,0
401420844,2022,2022-10-08T19:00:00.000Z,0
401420845,2022,2022-11-19T20:00:00.000Z,0
401420846,2022,2022-09-03T23:00:00.000Z,0
401420847,2022,2022-09-17T23:00:00.000Z,0
401420848,2022,2022-09-24T23:00:00.000Z,0
401420850,2022,2022-10-15T20:00:00.000Z,0
401420851,2022,2022-10-29T19:00:00.000Z,0
401420854,2022,2022-11-19T19:00:00.000Z,0
401420855,2022,2022-09-04T02:30:00.000Z,0
401420856,2022,2022-09-11T01:00:00.000Z,0
401420857,2022,2022-09-18T00:00:00.000Z,0
401420858,2022,2022-09-25T00:00:00.000Z,0
401420859,2022,2022-10-08T21:00:00.000Z,0
401420860,2022,2022-10-15T21:00:00.000Z,0
401420861,2022,2022-10-29T19:00:00.000Z,0
401420863,2022,2022-11-19T20:30:00.000Z,0
401420864,2022,2022-09-24T23:00:00.000Z,0
401420866,2022,2022-10-22T21:00:00.000Z,0
401420867,2022,2022-10-29T20:00:00.000Z,0
401420868,2022,2022-11-20T01:00:00.000Z,0
401420869,2022,2022-09-17T23:00:00.000Z,0
401420870,2022,2022-10-01T19:30:00.000Z,0
401420871,2022,2022-10-23T01:00:00.000Z,0
401420872,2022,2022-11-19T18:00:00.000Z,0
401420873,2022,2022-09-03T23:00:00.000Z,0
401420874,2022,2022-10-22T19:00:00.000Z,0
401420875,2022,2022-10-15T23:00:00.000Z,0
401420876,2022,2022-11-12T22:00:00.000Z,0
401420877,2022,2022-09-02T00:00:00.000Z,0
401420878,2022,2022-09-17T20:00:00.000Z,0
401420879,2022,2022-10-09T00:00:00.000Z,0
401420880,2022,2022-09-02T00:00:00.000Z,0
401420881,2022,2022-09-17T23:00:00.000Z,0
401421096,2022,2022-10-01T20:00:00.000Z,0
401421097,2022,2022-10-08T18:00:00.000Z,0
401421098,2022,2022-10-15T21:00:00.000Z,0
401421099,2022,2022-10-29T17:00:00.000Z,0
401421100,2022,2022-11-05T20:00:00.000Z,0
401421101,2022,2022-11-12T22:00:00.000Z,0
401421102,2022,2022-11-19T17:00:00.000Z,0
401421105,2022,2022-10-08T16:00:00.000Z,0
401421107,2022,2022-10-22T18:00:00.000Z,0
401421108,2022,2022-10-29T17:00:00.000Z,0
401421110,2022,2022-11-12T17:00:00.000Z,0
401421113,2022,2022-10-15T18:00:00.000Z,0
401421114,2022,2022-11-05T18:00:00.000Z,0
401421115,2022,2022-11-19T18:00:00.000Z,0
401421116,2022,2022-09-03T21:00:00.000Z,0
401421117,2022,2022-09-11T00:00:00.000Z,0
401421118,2022,2022-09-17T19:00:00.000Z,0
401421121,2022,2022-09-03T23:00:00.000Z,0
401421122,2022,2022-09-17T23:00:00.000Z,0
401421123,2022,2022-10-01T23:00:00.000Z,0
401421125,2022,2022-09-02T00:00:00.000Z,0
401421126,2022,2022-09-10T23:00:00.000Z,0
401421127,2022,2022-11-19T20:00:00.000Z,0
401421128,2022,2022-09-10T23:00:00.000Z,0
401421129,2022,2022-09-23T00:30:00.000Z,0
401421130,2022,2022-10-01T19:00:00.000Z,0
401421131,2022,2022-10-15T17:30:00.000Z,0
401421132,2022,2022-10-22T17:30:00.000Z,0
401421133,2022,2022-10-29T18:00:00.000Z,0
401421134,2022,2022-11-05T18:00:00.000Z,0
401421135,2022,2022-11-12T18:30:00.000Z,0
401421136,2022,2022-11-19T18:00:00.000Z,0
401421137,2022,2022-09-01T22:00:00.000Z,0
401421138,2022,2022-09-10T20:00:00.000Z,0
401421139,2022,2022-09-17T22:00:00.000Z,0
401421140,2022,2022-10-01T19:30:00.000Z,0
401421141,2022,2022-10-08T18:00:00.000Z,0
401421142,2022,2022-10-22T18:00:00.000Z,0
401421143,2022,2022-10-29T18:00:00.000Z,0
401421144,2022,2022-11-12T19:00:00.000Z,0
401421145,2022,2022-11-19T17:00:00.000Z,0
401421156,2022,2022-09-01T23:00:00.000Z,0
401421157,2022,2022-09-17T23:30:00.000Z,0
401421158,2022,2022-09-24T16:00:00.000Z,0
401421159,2022,2022-10-01T18:00:00.000Z,0
401421160,2022,2022-10-15T18:00:00.000Z,0
401421161,2022,2022-10-22T17:30:00.000Z,0
401421162,2022,2022-11-12T20:00:00.000Z,0
401422922,2022,2022-08-27T23:00:00.000Z,0
401422923,2022,2022-09-24T22:00:00.000Z,0
401422924,2022,2022-10-08T20:00:00.000Z,0
401422925,2022,2022-10-15T20:00:00.000Z,0
401422926,2022,2022-10-29T17:30:00.000Z,0
401422927,2022,2022-11-19T18:00:00.000Z,0
401422928,2022,2022-09-17T23:00:00.000Z,0
401422929,2022,2022-09-24T19:00:00.000Z,0
401422970,2022,2022-10-22T19:30:00.000Z,0
401422971,2022,2022-11-05T19:00:00.000Z,0
401422972,2022,2022-09-10T17:30:00.000Z,0
401422973,2022,2022-10-01T19:30:00.000Z,0
401422974,2022,2022-10-08T17:30:00.000Z,0
401422975,2022,2022-09-03T16:00:00.000Z,0
401422976,2022,2022-09-17T19:30:00.000Z,0
401422977,2022,2022-11-12T18:00:00.000Z,0
401422978,2022,2022-09-03T22:00:00.000Z,0
401422979,2022,2022-10-01T19:30:00.000Z,0
401422980,2022,2022-10-08T20:00:00.000Z,0
401422981,2022,2022-10-15T16:00:00.000Z,0
401422982,2022,2022-10-22T16:00:00.000Z,0
401422983,2022,2022-10-29T17:00:00.000Z,0
401422984,2022,2022-11-05T17:00:00.000Z,0
401422985,2022,2022-11-12T17:30:00.000Z,0
401422986,2022,2022-11-19T18:00:00.000Z,0
401422987,2022,2022-09-03T16:30:00.000Z,0
401422988,2022,2022-09-17T19:30:00.000Z,0
401422989,2022,2022-09-24T17:00:00.000Z,0
401422990,2022,2022-10-08T16:30:00.000Z,0
401422991,2022,2022-10-22T19:30:00.000Z,0
401422992,2022,2022-10-29T16:30:00.000Z,0
401422993,2022,2022-11-05T17:00:00.000Z,0
401422994,2022,2022-11-12T18:00:00.000Z,0
401422995,2022,2022-11-19T17:30:00.000Z,0
401422997,2022,2022-09-10T21:00:00.000Z,0
401422998,2022,2022-09-17T16:00:00.000Z,0
401422999,2022,2022-09-24T19:00:00.000Z,0
401423000,2022,2022-10-01T16:00:00.000Z,0
401423001,2022,2022-10-08T16:00:00.000Z,0
401423002,2022,2022-11-05T16:00:00.000Z,0
401423003,2022,2022-11-12T17:00:00.000Z,0
401423136,2022,2022-09-03T17:00:00.000Z,0
401423137,2022,2022-09-10T22:00:00.000Z,0
401423138,2022,2022-10-01T17:00:00.000Z,0
401423139,2022,2022-10-08T17:00:00.000Z,0
401423140,2022,2022-10-22T17:00:00.000Z,0
401423141,2022,2022-10-29T16:00:00.000Z,0
401423142,2022,2022-11-12T19:00:00.000Z,0
401423143,2022,2022-11-19T17:00:00.000Z,0
401423144,2022,2022-09-10T23:00:00.000Z,0
401423145,2022,2022-09-17T23:00:00.000Z,0
401423146,2022,2022-09-24T23:00:00.000Z,0
401423147,2022,2022-10-08T18:00:00.000Z,0
401423148,2022,2022-10-15T17:00:00.000Z,0
401423149,2022,2022-10-22T18:00:00.000Z,0
401423150,2022,2022-11-05T17:00:00.000Z,0
401423151,2022,2022-11-19T18:00:00.000Z,0
401423152,2022,2022-09-10T18:00:00.000Z,0
401423153,2022,2022-09-24T18:00:00.000Z,0
401423154,2022,2022-10-01T17:00:00.000Z,0
401423155,2022,2022-10-15T18:00:00.000Z,0
401423156,2022,2022-10-29T17:00:00.000Z,0
401423157,2022,2022-09-17T22:00:00.000Z,0
401423158,2022,2022-09-24T17:00:00.000Z,0
401423159,2022,2022-10-01T17:00:00.000Z,0
401423160,2022,2022-11-05T20:00:00.000Z,0
401423161,2022,2022-11-12T18:00:00.000Z,0
401423411,2022,2022-09-03T22:00:00.000Z,0
401423412,2022,2022-09-10T22:00:00.000Z,0
401423413,2022,2022-09-17T17:00:00.000Z,0
401423414,2022,2022-10-08T17:00:00.000Z,0
401423415,2022,2022-10-22T17:00:00.000Z,0
401423416,2022,2022-11-12T18:00:00.000Z,0
401423417,2022,2022-11-19T18:00:00.000Z,0
401423418,2022,2022-09-10T22:00:00.000Z,0
401423420,2022,2022-10-22T17:00:00.000Z,0
401423421,2022,2022-10-29T16:00:00.000Z,0
401423422,2022,2022-11-05T16:00:00.000Z,0
401423423,2022,2022-11-12T17:00:00.000Z,0
401423424,2022,2022-11-19T17:00:00.000Z,0
401423425,2022,2022-09-10T21:30:00.000Z,0
401423426,2022,2022-09-17T20:00:00.000Z,0
401423427,2022,2022-10-01T16:00:00.000Z,0
401423428,2022,2022-10-15T17:00:00.000Z,0
401423430,2022,2022-11-05T16:30:00.000Z,0
401423431,2022,2022-11-12T17:00:00.000Z,0
401423432,2022,2022-11-19T17:00:00.000Z,0
401423434,2022,2022-10-15T17:00:00.000Z,0
401423435,2022,2022-10-21T23:00:00.000Z,0
401423436,2022,2022-10-29T16:00:00.000Z,0
401423438,2022,2022-11-19T17:00:00.000Z,0
401423439,2022,2022-09-10T23:00:00.000Z,0
401423440,2022,2022-09-24T22:00:00.000Z,0
401423441,2022,2022-10-01T19:00:00.000Z,0
401423442,2022,2022-10-08T18:00:00.000Z,0
401423443,2022,2022-10-16T20:00:00.000Z,0
401423444,2022,2022-10-29T19:30:00.000Z,0
401423445,2022,2022-11-03T23:30:00.000Z,0
401423446,2022,2022-11-12T22:00:00.000Z,0
401423447,2022,2022-11-19T19:00:00.000Z,0
401423448,2022,2022-08-27T23:00:00.000Z,0
401423449,2022,2022-09-03T22:00:00.000Z,0
401423450,2022,2022-09-24T22:00:00.000Z,0
401423451,2022,2022-10-01T23:00:00.000Z,0
401423452,2022,2022-10-08T19:00:00.000Z,0
401423453,2022,2022-10-15T19:00:00.000Z,0
401423454,2022,2022-11-05T20:00:00.000Z,0
401423455,2022,2022-11-12T20:00:00.000Z,0
401423456,2022,2022-11-24T20:00:00.000Z,0
401423914,2022,2022-09-17T17:00:00.000Z,0
401423915,2022,2022-10-08T18:00:00.000Z,0
401423916,2022,2022-10-22T17:00:00.000Z,0
401423917,2022,2022-11-19T18:00:00.000Z,0
401423918,2022,2022-09-03T23:00:00.000Z,0
401423919,2022,2022-09-17T21:00:00.000Z,0
401423920,2022,2022-10-08T19:00:00.000Z,0
401423921,2022,2022-10-22T19:00:00.000Z,0
401423922,2022,2022-10-29T19:00:00.000Z,0
401423923,2022,2022-11-05T23:00:00.000Z,0
401423924,2022,2022-11-13T00:00:00.000Z,0
401423925,2022,2022-09-03T23:00:00.000Z,0
401423926,2022,2022-10-01T23:00:00.000Z,0
401423927,2022,2022-10-08T21:00:00.000Z,0
401423928,2022,2022-10-15T23:00:00.000Z,0
401423929,2022,2022-10-22T21:00:00.000Z,0
401423950,2022,2022-10-29T18:00:00.000Z,0
401423951,2022,2022-11-05T22:00:00.000Z,0
401423952,2022,2022-11-12T20:00:00.000Z,0
401423953,2022,2022-11-26T19:00:00.000Z,0
401424365,2022,2022-09-10T22:00:00.000Z,0
401424366,2022,2022-09-24T19:30:00.000Z,0
401424367,2022,2022-10-01T19:30:00.000Z,0
401424368,2022,2022-10-08T19:30:00.000Z,0
401424369,2022,2022-10-22T20:00:00.000Z,0
401424390,2022,2022-10-29T17:00:00.000Z,0
401424391,2022,2022-11-05T17:00:00.000Z,0
401424392,2022,2022-11-12T18:00:00.000Z,0
401424393,2022,2022-11-19T17:00:00.000Z,0
401424394,2022,2022-09-17T22:00:00.000Z,0
401424395,2022,2022-10-01T18:00:00.000Z,0
401424396,2022,2022-10-08T18:00:00.000Z,0
401424397,2022,2022-10-15T17:00:00.000Z,0
401424398,2022,2022-10-22T17:00:00.000Z,0
401424399,2022,2022-10-29T19:30:00.000Z,0
401424400,2022,2022-11-05T18:00:00.000Z,0
401424401,2022,2022-11-12T18:00:00.000Z,0
401424402,2022,2022-09-01T23:00:00.000Z,0
401424403,2022,2022-09-10T17:00:00.000Z,0
401424404,2022,2022-09-17T17:00:00.000Z,0
401424405,2022,2022-09-24T19:30:00.000Z,0
401424406,2022,2022-10-08T17:00:00.000Z,0
401424407,2022,2022-10-15T17:00:00.000Z,0
401424408,2022,2022-10-22T17:00:00.000Z,0
401424409,2022,2022-10-29T17:00:00.000Z,0
401424410,2022,2022-11-05T17:00:00.000Z,0
401424411,2022,2022-11-19T17:00:00.000Z,0
401424414,2022,2022-09-01T23:00:00.000Z,0
401424415,2022,2022-09-02T22:00:00.000Z,0
401424416,2022,2022-09-03T23:00:00.000Z,0
401424417,2022,2022-09-03T22:00:00.000Z,0
401424418,2022,2022-09-10T23:00:00.000Z,0
401424419,2022,2022-09-10T22:00:00.000Z,0
401424420,2022,2022-09-10T22:00:00.000Z,0
401424421,2022,2022-09-10T17:00:00.000Z,0
401424423,2022,2022-09-10T17:00:00.000Z,0
401424424,2022,2022-09-17T17:00:00.000Z,0
401424425,2022,2022-09-17T17:00:00.000Z,0
401424426,2022,2022-09-24T22:00:00.000Z,0
401424427,2022,2022-09-24T20:00:00.000Z,0
401424428,2022,2022-09-24T18:00:00.000Z,0
401424429,2022,2022-09-24T19:30:00.000Z,0
401424430,2022,2022-10-01T19:30:00.000Z,0
401424431,2022,2022-10-01T17:00:00.000Z,0
401424432,2022,2022-10-08T18:00:00.000Z,0
401424433,2022,2022-10-08T19:30:00.000Z,0
401424434,2022,2022-10-15T19:30:00.000Z,0
401424435,2022,2022-10-15T19:30:00.000Z,0
401424436,2022,2022-10-15T22:00:00.000Z,0
401424437,2022,2022-10-22T19:30:00.000Z,0
401424438,2022,2022-10-22T18:00:00.000Z,0
401424439,2022,2022-10-22T19:30:00.000Z,0
401424440,2022,2022-10-29T17:00:00.000Z,0
401424441,2022,2022-10-29T17:00:00.000Z,0
401424442,2022,2022-10-29T17:00:00.000Z,0
401424443,2022,2022-11-05T17:00:00.000Z,0
401424444,2022,2022-11-05T19:30:00.000Z,0
401424445,2022,2022-11-05T18:00:00.000Z,0
401424446,2022,2022-11-12T17:00:00.000Z,0
401424447,2022,2022-11-12T18:00:00.000Z,0
401424448,2022,2022-11-12T18:00:00.000Z,0
401424449,2022,2022-11-12T18:00:00.000Z,0
401424450,2022,2022-11-19T18:00:00.000Z,0
401424451,2022,2022-11-19T18:00:00.000Z,0
401424452,2022,2022-11-19T18:00:00.000Z,0
401424453,2022,2022-11-19T17:00:00.000Z,0
401424930,2022,2022-09-24T23:00:00.000Z,0
401424931,2022,2022-10-08T23:00:00.000Z,0
401424932,2022,2022-10-29T19:00:00.000Z,0
401424933,2022,2022-11-04T23:30:00.000Z,0
401424934,2022,2022-11-12T20:00:00.000Z,0
401424935,2022,2022-11-19T20:00:00.000Z,0
401424936,2022,2022-09-10T20:00:00.000Z,0
401424937,2022,2022-09-24T18:00:00.000Z,0
401424938,2022,2022-10-08T22:00:00.000Z,0
401424939,2022,2022-10-15T20:00:00.000Z,0
401424940,2022,2022-10-22T20:00:00.000Z,0
401424941,2022,2022-10-29T19:00:00.000Z,0
401424942,2022,2022-11-19T19:30:00.000Z,0
401424943,2022,2022-09-03T23:00:00.000Z,0
401424944,2022,2022-10-29T20:00:00.000Z,0
401424945,2022,2022-11-05T19:00:00.000Z,0
401424946,2022,2022-11-12T20:00:00.000Z,0
401424947,2022,2022-09-04T19:00:00.000Z,0
401424948,2022,2022-09-10T22:00:00.000Z,0
401424949,2022,2022-10-01T22:00:00.000Z,0
401424950,2022,2022-10-08T18:00:00.000Z,0
401424951,2022,2022-10-15T18:00:00.000Z,0
401424953,2022,2022-09-10T23:00:00.000Z,0
401424954,2022,2022-09-17T18:00:00.000Z,0
401424955,2022,2022-09-24T18:00:00.000Z,0
401424956,2022,2022-10-22T19:00:00.000Z,0
401425090,2022,2022-09-24T17:00:00.000Z,0
401425413,2022,2022-09-17T18:00:00.000Z,0
401425414,2022,2022-09-24T17:00:00.000Z,0
401425415,2022,2022-10-29T17:00:00.000Z,0
401425417,2022,2022-11-19T17:30:00.000Z,0
401425418,2022,2022-09-03T23:00:00.000Z,0
401425419,2022,2022-10-01T23:00:00.000Z,0
401425420,2022,2022-09-17T23:00:00.000Z,0
401425421,2022,2022-11-19T19:00:00.000Z,0
401425422,2022,2022-10-01T18:00:00.000Z,0
401425423,2022,2022-10-15T23:00:00.000Z,0
401425424,2022,2022-10-22T19:00:00.000Z,0
401425425,2022,2022-10-29T19:00:00.000Z,0
401425426,2022,2022-11-05T22:00:00.000Z,0
401425427,2022,2022-10-22T16:00:00.000Z,0
401425428,2022,2022-11-05T17:00:00.000Z,0
401425429,2022,2022-11-12T17:00:00.000Z,0
401425451,2022,2022-09-10T23:00:00.000Z,0
401425452,2022,2022-09-24T19:00:00.000Z,0
401425453,2022,2022-10-08T19:00:00.000Z,0
401425454,2022,2022-11-12T20:00:00.000Z,0
401425455,2022,2022-11-19T19:00:00.000Z,0
401425456,2022,2022-09-17T21:00:00.000Z,0
401425457,2022,2022-11-05T19:00:00.000Z,0
401425458,2022,2022-11-12T02:00:00.000Z,0
401425470,2022,2022-11-12T22:00:00.000Z,0
401425510,2022,2022-09-01T23:30:00.000Z,0
401425511,2022,2022-09-24T16:00:00.000Z,0
401425513,2022,2022-09-03T18:00:00.000Z,0
401425514,2022,2022-09-17T18:00:00.000Z,0
401425516,2022,2022-10-22T17:00:00.000Z,0
401425517,2022,2022-11-05T17:30:00.000Z,0
401425518,2022,2022-11-19T19:00:00.000Z,0
401425519,2022,2022-10-15T19:00:00.000Z,0
401425520,2022,2022-10-29T19:00:00.000Z,0
401426252,2022,2022-09-17T19:00:00.000Z,0
401426253,2022,2022-10-01T16:00:00.000Z,0
401426254,2022,2022-11-12T18:00:00.000Z,0
401426255,2022,2022-09-24T21:00:00.000Z,0
401426256,2022,2022-10-15T19:00:00.000Z,0
401426257,2022,2022-10-29T19:00:00.000Z,0
401426330,2022,2022-09-02T23:00:00.000Z,0
401426332,2022,2022-09-10T22:00:00.000Z,0
401426333,2022,2022-09-17T19:30:00.000Z,0
401426334,2022,2022-09-22T23:30:00.000Z,0
401426335,2022,2022-09-24T22:00:00.000Z,0
401426336,2022,2022-09-25T00:00:00.000Z,0
401426337,2022,2022-10-01T23:00:00.000Z,0
401426338,2022,2022-10-01T17:30:00.000Z,0
401426339,2022,2022-10-01T19:30:00.000Z,0
401426340,2022,2022-10-01T23:00:00.000Z,0
401426341,2022,2022-10-01T21:00:00.000Z,0
401426342,2022,2022-10-08T18:00:00.000Z,0
401426343,2022,2022-10-08T23:00:00.000Z,0
401426344,2022,2022-10-09T00:00:00.000Z,0
401426345,2022,2022-10-08T23:00:00.000Z,0
401426346,2022,2022-10-08T23:00:00.000Z,0
401426347,2022,2022-10-12T23:30:00.000Z,0
401426348,2022,2022-10-15T16:00:00.000Z,0
401426349,2022,2022-10-15T20:00:00.000Z,0
401426350,2022,2022-10-15T23:00:00.000Z,0
401426351,2022,2022-10-15T23:00:00.000Z,0
401426352,2022,2022-10-15T19:30:00.000Z,0
401426353,2022,2022-10-19T23:30:00.000Z,0
401426354,2022,2022-10-20T23:30:00.000Z,0
401426355,2022,2022-10-22T19:30:00.000Z,0
401426356,2022,2022-10-22T19:30:00.000Z,0
401426357,2022,2022-10-22T21:00:00.000Z,0
401426358,2022,2022-10-22T21:00:00.000Z,0
401426359,2022,2022-10-27T23:30:00.000Z,0
401426360,2022,2022-10-29T19:30:00.000Z,0
401426361,2022,2022-10-29T19:00:00.000Z,0
401426362,2022,2022-10-29T23:00:00.000Z,0
401426363,2022,2022-10-29T20:00:00.000Z,0
401426364,2022,2022-11-03T23:30:00.000Z,0
401426365,2022,2022-11-05T20:00:00.000Z,0
401426366,2022,2022-11-05T18:00:00.000Z,0
401426367,2022,2022-11-05T21:00:00.000Z,0
401426368,2022,2022-11-05T21:00:00.000Z,0
401426369,2022,2022-11-05T19:00:00.000Z,0
401426370,2022,2022-11-11T00:30:00.000Z,0
401426371,2022,2022-11-13T00:30:00.000Z,0
401426372,2022,2022-11-12T18:00:00.000Z,0
401426373,2022,2022-11-12T20:30:00.000Z,0
401426374,2022,2022-11-12T18:00:00.000Z,0
401426375,2022,2022-11-12T22:00:00.000Z,0
401426376,2022,2022-11-19T19:30:00.000Z,0
401426377,2022,2022-11-19T23:00:00.000Z,0
401426378,2022,2022-11-19T19:00:00.000Z,0
401426379,2022,2022-11-19T20:30:00.000Z,0
401426380,2022,2022-11-19T22:00:00.000Z,0
401426381,2022,2022-11-19T20:30:00.000Z,0
401426382,2022,2022-11-26T23:00:00.000Z,0
401426383,2022,2022-11-26T17:00:00.000Z,0
401426384,2022,2022-11-26T20:30:00.000Z,0
401426385,2022,2022-11-26T22:00:00.000Z,0
401426386,2022,2022-11-26T22:00:00.000Z,0
401426389,2022,2022-11-26T17:00:00.000Z,0
401426390,2022,2022-11-26T17:00:00.000Z,0
401426393,2022,2022-09-24T23:00:00.000Z,0
401426492,2022,2022-09-10T22:00:00.000Z,0
401426530,2022,2022-08-27T23:00:00.000Z,0
401426531,2022,2022-08-28T01:00:00.000Z,0
401426532,2022,2022-08-27T16:00:00.000Z,0
401426533,2022,2022-09-01T23:00:00.000Z,0
401426534,2022,2022-09-02T00:00:00.000Z,0
401426535,2022,2022-09-02T23:00:00.000Z,0
401426536,2022,2022-09-03T22:00:00.000Z,0
401426537,2022,2022-09-02T00:00:00.000Z,0
401426538,2022,2022-09-03T22:00:00.000Z,0
401426539,2022,2022-09-03T23:30:00.000Z,0
401426540,2022,2022-09-03T22:00:00.000Z,0
401426541,2022,2022-09-03T19:30:00.000Z,0
401426542,2022,2022-09-03T19:30:00.000Z,0
401426543,2022,2022-09-04T03:59:00.000Z,0
401426544,2022,2022-09-10T23:00:00.000Z,0
401426545,2022,2022-09-10T19:30:00.000Z,0
401426546,2022,2022-09-10T22:00:00.000Z,0
401426547,2022,2022-09-10T23:00:00.000Z,0
401426548,2022,2022-09-10T20:00:00.000Z,0
401426549,2022,2022-09-10T23:30:00.000Z,0
401426550,2022,2022-09-10T23:30:00.000Z,0
401426551,2022,2022-09-10T22:00:00.000Z,0
401426552,2022,2022-09-11T01:00:00.000Z,0
401426553,2022,2022-09-10T16:00:00.000Z,0
401426554,2022,2022-09-17T23:00:00.000Z,0
401426555,2022,2022-09-17T23:30:00.000Z,0
401426556,2022,2022-09-18T00:00:00.000Z,0
401426557,2022,2022-09-17T23:00:00.000Z,0
401426558,2022,2022-09-17T19:00:00.000Z,0
401426559,2022,2022-09-17T23:30:00.000Z,0
401426560,2022,2022-09-17T19:30:00.000Z,0
401426561,2022,2022-09-18T00:00:00.000Z,0
401426562,2022,2022-09-18T00:00:00.000Z,0
401426563,2022,2022-09-17T16:00:00.000Z,0
401426564,2022,2022-09-24T23:30:00.000Z,0
401426565,2022,2022-09-24T19:30:00.000Z,0
401426566,2022,2022-09-24T23:30:00.000Z,0
401426567,2022,2022-09-24T23:00:00.000Z,0
401426568,2022,2022-09-24T19:30:00.000Z,0
401426569,2022,2022-09-24T19:30:00.000Z,0
401426570,2022,2022-09-24T22:00:00.000Z,0
401426571,2022,2022-09-24T01:00:00.000Z,0
401426572,2022,2022-09-24T19:30:00.000Z,0
401426573,2022,2022-10-01T22:00:00.000Z,0
401426574,2022,2022-10-02T00:00:00.000Z,0
401426575,2022,2022-10-01T20:00:00.000Z,0
401426576,2022,2022-09-30T23:30:00.000Z,0
401426577,2022,2022-10-01T23:30:00.000Z,0
401426578,2022,2022-10-01T23:00:00.000Z,0
401426579,2022,2022-10-08T23:00:00.000Z,0
401426580,2022,2022-10-08T23:00:00.000Z,0
401426581,2022,2022-10-08T19:30:00.000Z,0
401426582,2022,2022-10-08T22:00:00.000Z,0
401426583,2022,2022-10-15T19:30:00.000Z,0
401426584,2022,2022-10-15T00:00:00.000Z,0
401426585,2022,2022-10-15T22:00:00.000Z,0
401426586,2022,2022-10-15T20:00:00.000Z,0
401426587,2022,2022-10-15T19:30:00.000Z,0
401426588,2022,2022-10-22T19:30:00.000Z,0
401426589,2022,2022-10-22T20:00:00.000Z,0
401426590,2022,2022-10-22T19:00:00.000Z,0
401426591,2022,2022-10-22T19:30:00.000Z,0
401426592,2022,2022-10-22T00:00:00.000Z,0
401426593,2022,2022-10-29T18:00:00.000Z,0
401426594,2022,2022-10-29T00:00:00.000Z,0
401426595,2022,2022-10-29T23:00:00.000Z,0
401426596,2022,2022-10-30T01:00:00.000Z,0
401426597,2022,2022-10-29T19:30:00.000Z,0
401426598,2022,2022-11-05T16:00:00.000Z,0
401426599,2022,2022-11-05T20:00:00.000Z,0
401426600,2022,2022-11-05T19:00:00.000Z,0
401426601,2022,2022-11-03T23:00:00.000Z,0
401426602,2022,2022-11-05T19:30:00.000Z,0
401426603,2022,2022-11-12T20:30:00.000Z,0
401426604,2022,2022-11-13T00:00:00.000Z,0
401426605,2022,2022-11-12T20:30:00.000Z,0
401426606,2022,2022-11-12T20:30:00.000Z,0
401426607,2022,2022-11-12T19:00:00.000Z,0
401426608,2022,2022-11-19T20:30:00.000Z,0
401426609,2022,2022-11-19T21:00:00.000Z,0
401426610,2022,2022-11-19T20:30:00.000Z,0
401426611,2022,2022-11-19T18:00:00.000Z,0
401426612,2022,2022-11-20T02:00:00.000Z,0
401426613,2022,2022-11-19T21:00:00.000Z,0
401426614,2022,2022-11-26T23:00:00.000Z,0
401426615,2022,2022-11-26T17:00:00.000Z,0
401426616,2022,2022-11-26T20:30:00.000Z,0
401426617,2022,2022-11-26T19:00:00.000Z,0
401426618,2022,2022-11-26T20:30:00.000Z,0
401426670,2022,2022-10-08T21:00:00.000Z,0
401426671,2022,2022-09-24T20:00:00.000Z,0
401428190,2022,2022-10-15T21:00:00.000Z,0
401428191,2022,2022-10-08T20:00:00.000Z,0
401428192,2022,2022-10-15T17:00:00.000Z,0
401428193,2022,2022-10-29T17:00:00.000Z,0
401428194,2022,2022-11-05T18:00:00.000Z,0
401428195,2022,2022-11-12T18:00:00.000Z,0
401428197,2022,2022-10-15T20:00:00.000Z,0
401428198,2022,2022-10-22T22:00:00.000Z,0
401428199,2022,2022-11-05T16:00:00.000Z,0
401428200,2022,2022-11-12T17:00:00.000Z,0
401428201,2022,2022-10-08T16:00:00.000Z,0
401428220,2022,2022-10-29T17:30:00.000Z,0
401428221,2022,2022-11-19T17:00:00.000Z,0
401428336,2022,2022-09-03T16:00:00.000Z,0
401428383,2022,2022-10-01T22:00:00.000Z,0
401428459,2022,2022-10-22T16:00:00.000Z,0
401428473,2022,2022-11-12T19:00:00.000Z,0
401428474,2022,2022-11-19T17:00:00.000Z,0
401428475,2022,2022-09-24T23:00:00.000Z,0
401428476,2022,2022-10-15T17:30:00.000Z,0
401428477,2022,2022-10-22T18:00:00.000Z,0
401428478,2022,2022-10-01T19:00:00.000Z,0
401428479,2022,2022-11-05T18:30:00.000Z,0
401428480,2022,2022-09-01T22:00:00.000Z,0
401428481,2022,2022-10-01T17:00:00.000Z,0
401428482,2022,2022-11-19T18:00:00.000Z,0
401428484,2022,2022-09-10T18:00:00.000Z,0
401428485,2022,2022-09-24T18:00:00.000Z,0
401428486,2022,2022-10-01T16:00:00.000Z,0
401428487,2022,2022-10-22T17:00:00.000Z,0
401429850,2022,2022-09-03T17:00:00.000Z,0
401429851,2022,2022-09-10T17:00:00.000Z,0
401429852,2022,2022-09-17T17:00:00.000Z,0
401429853,2022,2022-09-24T17:00:00.000Z,0
401429854,2022,2022-10-01T18:00:00.000Z,0
401429855,2022,2022-10-08T20:00:00.000Z,0
401429856,2022,2022-10-15T16:00:00.000Z,0
401429857,2022,2022-10-22T17:00:00.000Z,0
401429858,2022,2022-10-29T17:00:00.000Z,0
401429860,2022,2022-09-03T22:00:00.000Z,0
401429861,2022,2022-09-10T20:00:00.000Z,0
401429862,2022,2022-09-17T16:00:00.000Z,0
401429863,2022,2022-09-24T17:00:00.000Z,0
401429864,2022,2022-10-01T17:00:00.000Z,0
401429865,2022,2022-10-08T17:00:00.000Z,0
401429866,2022,2022-10-15T17:00:00.000Z,0
401429867,2022,2022-10-22T17:00:00.000Z,0
401430671,2022,2022-09-03T20:00:00.000Z,0
401430672,2022,2022-09-10T22:00:00.000Z,0
401430673,2022,2022-10-01T22:00:00.000Z,0
401430674,2022,2022-10-08T17:00:00.000Z,0
401430675,2022,2022-10-15T17:30:00.000Z,0
401430676,2022,2022-10-22T17:00:00.000Z,0
401430677,2022,2022-10-29T20:00:00.000Z,0
401430686,2022,2022-09-10T17:00:00.000Z,0
401430687,2022,2022-09-17T23:00:00.000Z,0
401430688,2022,2022-09-24T16:00:00.000Z,0
401430689,2022,2022-10-01T17:30:00.000Z,0
401430690,2022,2022-10-08T17:00:00.000Z,0
401430691,2022,2022-10-22T16:00:00.000Z,0
401430692,2022,2022-10-29T17:00:00.000Z,0
401430695,2022,2022-09-03T22:00:00.000Z,0
401430696,2022,2022-09-10T22:00:00.000Z,0
401430697,2022,2022-09-17T22:00:00.000Z,0
401430698,2022,2022-09-24T20:00:00.000Z,0
401430699,2022,2022-10-15T17:00:00.000Z,0
401430700,2022,2022-11-05T16:00:00.000Z,0
401430702,2022,2022-09-01T23:00:00.000Z,0
401430703,2022,2022-09-10T21:00:00.000Z,0
401430704,2022,2022-09-17T22:00:00.000Z,0
401430705,2022,2022-09-24T20:00:00.000Z,0
401430706,2022,2022-10-01T17:00:00.000Z,0
401430707,2022,2022-10-29T17:00:00.000Z,0
401430708,2022,2022-09-03T23:00:00.000Z,0
401430709,2022,2022-09-10T23:00:00.000Z,0
401430710,2022,2022-09-29T23:00:00.000Z,0
401430711,2022,2022-10-08T18:00:00.000Z,0
401430712,2022,2022-10-15T17:30:00.000Z,0
401430713,2022,2022-10-22T17:00:00.000Z,0
401430714,2022,2022-11-05T20:00:00.000Z,0
401430716,2022,2022-09-01T22:00:00.000Z,0
401430717,2022,2022-09-10T22:00:00.000Z,0
401430718,2022,2022-09-17T17:00:00.000Z,0
401430719,2022,2022-10-15T17:00:00.000Z,0
401430720,2022,2022-10-29T17:00:00.000Z,0
401430721,2022,2022-11-05T17:30:00.000Z,0
401430722,2022,2022-09-01T22:00:00.000Z,0
401430723,2022,2022-09-10T17:00:00.000Z,0
401430724,2022,2022-10-22T17:00:00.000Z,0
401430725,2022,2022-10-29T17:00:00.000Z,0
401430729,2022,2022-09-10T23:00:00.000Z,0
401430730,2022,2022-09-17T23:00:00.000Z,0
401430731,2022,2022-09-24T23:00:00.000Z,0
401430732,2022,2022-10-01T19:00:00.000Z,0
401430733,2022,2022-10-08T23:00:00.000Z,0
401430734,2022,2022-10-15T19:00:00.000Z,0
401430735,2022,2022-10-22T19:00:00.000Z,0
401430736,2022,2022-10-29T19:00:00.000Z,0
401430737,2022,2022-11-05T21:00:00.000Z,0
401430738,2022,2022-11-12T20:00:00.000Z,0
401430740,2022,2022-09-10T23:00:00.000Z,0
401430741,2022,2022-09-17T23:00:00.000Z,0
401430742,2022,2022-10-01T19:00:00.000Z,0
401430743,2022,2022-10-08T19:00:00.000Z,0
401430744,2022,2022-10-15T18:00:00.000Z,0
401430745,2022,2022-10-22T19:00:00.000Z,0
401430746,2022,2022-10-29T19:00:00.000Z,0
401430747,2022,2022-11-05T19:00:00.000Z,0
401430748,2022,2022-11-12T20:00:00.000Z,0
401430921,2022,2022-09-03T22:00:00.000Z,0
401430922,2022,2022-09-10T18:00:00.000Z,0
401430923,2022,2022-09-17T23:00:00.000Z,0
401430924,2022,2022-09-24T18:00:00.000Z,0
401430925,2022,2022-10-01T17:00:00.000Z,0
401430926,2022,2022-10-08T17:00:00.000Z,0
401430927,2022,2022-10-15T18:00:00.000Z,0
401430928,2022,2022-10-22T20:30:00.000Z,0
401430929,2022,2022-10-29T18:00:00.000Z,0
401430950,2022,2022-11-12T18:00:00.000Z,0
401430951,2022,2022-09-03T17:00:00.000Z,0
401430952,2022,2022-09-10T17:00:00.000Z,0
401430953,2022,2022-09-24T18:00:00.000Z,0
401430954,2022,2022-10-08T18:00:00.000Z,0
401430955,2022,2022-10-15T18:00:00.000Z,0
401430956,2022,2022-10-22T18:00:00.000Z,0
401430957,2022,2022-10-29T18:00:00.000Z,0
401430958,2022,2022-11-05T18:00:00.000Z,0
401430959,2022,2022-11-12T19:00:00.000Z,0
401430960,2022,2022-09-03T16:00:00.000Z,0
401430961,2022,2022-09-10T23:00:00.000Z,0
401430962,2022,2022-09-17T18:00:00.000Z,0
401430963,2022,2022-09-24T17:00:00.000Z,0
401430964,2022,2022-10-08T21:00:00.000Z,0
401430965,2022,2022-10-22T19:00:00.000Z,0
401430966,2022,2022-11-05T18:00:00.000Z,0
401430967,2022,2022-11-12T19:00:00.000Z,0
401430968,2022,2022-09-03T17:00:00.000Z,0
401430969,2022,2022-09-10T18:00:00.000Z,0
401430970,2022,2022-09-17T18:00:00.000Z,0
401430971,2022,2022-10-01T17:00:00.000Z,0
401430972,2022,2022-10-29T18:00:00.000Z,0
401430973,2022,2022-11-05T17:00:00.000Z,0
401430974,2022,2022-11-12T18:00:00.000Z,0
401430975,2022,2022-09-03T18:00:00.000Z,0
401430976,2022,2022-09-10T18:00:00.000Z,0
401430977,2022,2022-09-24T17:00:00.000Z,0
401430978,2022,2022-10-01T17:00:00.000Z,0
401430979,2022,2022-10-15T18:30:00.000Z,0
401430980,2022,2022-10-29T18:00:00.000Z,0
401430981,2022,2022-09-04T00:00:00.000Z,0
401430982,2022,2022-09-10T23:00:00.000Z,0
401430983,2022,2022-10-01T17:00:00.000Z,0
401430984,2022,2022-10-08T17:00:00.000Z,0
401430985,2022,2022-11-05T17:00:00.000Z,0
401430986,2022,2022-09-01T23:00:00.000Z,0
401430987,2022,2022-09-11T00:00:00.000Z,0
401430988,2022,2022-09-24T18:00:00.000Z,0
401430989,2022,2022-10-01T17:00:00.000Z,0
401430990,2022,2022-10-08T17:00:00.000Z,0
401430991,2022,2022-10-15T16:00:00.000Z,0
401430992,2022,2022-10-22T17:00:00.000Z,0
401430993,2022,2022-10-29T17:00:00.000Z,0
401430994,2022,2022-11-05T17:00:00.000Z,0
401430995,2022,2022-11-12T18:00:00.000Z,0
401430996,2022,2022-09-03T18:00:00.000Z,0
401430997,2022,2022-09-11T00:00:00.000Z,0
401430998,2022,2022-09-17T20:00:00.000Z,0
401430999,2022,2022-09-24T18:00:00.000Z,0
401431000,2022,2022-10-01T18:00:00.000Z,0
401431001,2022,2022-10-08T18:00:00.000Z,0
401431002,2022,2022-10-15T19:00:00.000Z,0
401431003,2022,2022-10-29T18:00:00.000Z,0
401431004,2022,2022-11-05T18:00:00.000Z,0
401431005,2022,2022-11-12T19:00:00.000Z,0
401431006,2022,2022-09-03T23:00:00.000Z,0
401431007,2022,2022-09-11T00:00:00.000Z,0
401431008,2022,2022-09-17T18:00:00.000Z,0
401431009,2022,2022-09-24T23:00:00.000Z,0
401431010,2022,2022-10-08T18:00:00.000Z,0
401431011,2022,2022-10-22T18:00:00.000Z,0
401431012,2022,2022-10-29T18:00:00.000Z,0
401431013,2022,2022-11-05T18:00:00.000Z,0
401431014,2022,2022-11-12T19:00:00.000Z,0
401431015,2022,2022-09-03T16:00:00.000Z,0
401431016,2022,2022-09-17T23:00:00.000Z,0
401431017,2022,2022-09-24T23:00:00.000Z,0
401431018,2022,2022-10-01T23:00:00.000Z,0
401431019,2022,2022-10-22T18:00:00.000Z,0
401431020,2022,2022-10-29T18:00:00.000Z,0
401431021,2022,2022-11-05T18:00:00.000Z,0
401431022,2022,2022-09-17T23:00:00.000Z,0
401431023,2022,2022-10-02T00:00:00.000Z,0
401431024,2022,2022-10-08T18:00:00.000Z,0
401431025,2022,2022-10-15T18:00:00.000Z,0
401431026,2022,2022-10-22T18:00:00.000Z,0
401431027,2022,2022-10-29T18:00:00.000Z,0
401431028,2022,2022-11-12T19:00:00.000Z,0
401431029,2022,2022-09-03T16:00:00.000Z,0
401431030,2022,2022-09-10T17:00:00.000Z,0
401431031,2022,2022-09-17T17:00:00.000Z,0
401431032,2022,2022-09-23T23:00:00.000Z,0
401431033,2022,2022-10-01T17:00:00.000Z,0
401431034,2022,2022-10-14T23:00:00.000Z,0
401431035,2022,2022-10-22T17:00:00.000Z,0
401431036,2022,2022-10-29T17:00:00.000Z,0
401431037,2022,2022-11-05T17:00:00.000Z,0
401431038,2022,2022-11-12T17:00:00.000Z,0
401431040,2022,2022-09-02T22:30:00.000Z,0
401431041,2022,2022-09-10T17:30:00.000Z,0
401431042,2022,2022-09-17T16:00:00.000Z,0
401431043,2022,2022-09-24T17:00:00.000Z,0
401431044,2022,2022-10-01T17:00:00.000Z,0
401431045,2022,2022-10-08T17:00:00.000Z,0
401431046,2022,2022-10-15T17:00:00.000Z,0
401431047,2022,2022-10-22T17:00:00.000Z,0
401431048,2022,2022-10-29T17:00:00.000Z,0
401431049,2022,2022-11-12T17:00:00.000Z,0
401431050,2022,2022-09-03T16:00:00.000Z,0
401431051,2022,2022-09-10T16:00:00.000Z,0
401431052,2022,2022-09-17T16:00:00.000Z,0
401431053,2022,2022-09-24T16:00:00.000Z,0
401431054,2022,2022-10-01T16:00:00.000Z,0
401431055,2022,2022-10-08T17:00:00.000Z,0
401431056,2022,2022-10-29T16:00:00.000Z,0
401431057,2022,2022-11-05T16:00:00.000Z,0
401431058,2022,2022-11-12T17:00:00.000Z,0
401431059,2022,2022-09-03T17:30:00.000Z,0
401431060,2022,2022-09-10T17:00:00.000Z,0
401431061,2022,2022-09-17T16:00:00.000Z,0
401431062,2022,2022-10-15T17:00:00.000Z,0
401431063,2022,2022-10-22T17:00:00.000Z,0
401431064,2022,2022-10-29T17:00:00.000Z,0
401431065,2022,2022-11-05T17:00:00.000Z,0
401431066,2022,2022-11-12T00:00:00.000Z,0
401431067,2022,2022-09-03T16:00:00.000Z,0
401431068,2022,2022-09-17T18:00:00.000Z,0
401431069,2022,2022-09-24T17:00:00.000Z,0
401431070,2022,2022-10-01T18:00:00.000Z,0
401431071,2022,2022-10-08T18:00:00.000Z,0
401431072,2022,2022-10-15T18:00:00.000Z,0
401431073,2022,2022-10-22T18:00:00.000Z,0
401431074,2022,2022-10-29T18:00:00.000Z,0
401431075,2022,2022-11-05T18:00:00.000Z,0
401431076,2022,2022-11-12T19:00:00.000Z,0
401431077,2022,2022-09-03T18:00:00.000Z,0
401431078,2022,2022-09-17T18:00:00.000Z,0
401431079,2022,2022-09-24T18:00:00.000Z,0
401431080,2022,2022-10-08T18:00:00.000Z,0
401431081,2022,2022-10-15T23:00:00.000Z,0
401431082,2022,2022-10-22T18:00:00.000Z,0
401431083,2022,2022-10-29T18:00:00.000Z,0
401431084,2022,2022-11-05T18:00:00.000Z,0
401431085,2022,2022-11-12T19:00:00.000Z,0
401431086,2022,2022-09-10T17:00:00.000Z,0
401431087,2022,2022-10-01T23:00:00.000Z,0
401431088,2022,2022-10-08T18:00:00.000Z,0
401431089,2022,2022-10-15T18:00:00.000Z,0
401431090,2022,2022-10-22T18:00:00.000Z,0
401431091,2022,2022-10-29T18:00:00.000Z,0
401431092,2022,2022-11-05T18:00:00.000Z,0
401431093,2022,2022-11-12T19:00:00.000Z,0
401431094,2022,2022-09-03T23:00:00.000Z,0
401431095,2022,2022-09-17T23:00:00.000Z,0
401431096,2022,2022-09-24T18:00:00.000Z,0
401431097,2022,2022-10-01T18:00:00.000Z,0
401431098,2022,2022-10-15T18:00:00.000Z,0
401431099,2022,2022-10-22T18:00:00.000Z,0
401431100,2022,2022-11-12T19:00:00.000Z,0
401431101,2022,2022-09-10T23:00:00.000Z,0
401431102,2022,2022-09-17T23:00:00.000Z,0
401431103,2022,2022-09-24T23:00:00.000Z,0
401431104,2022,2022-10-22T18:00:00.000Z,0
401431105,2022,2022-10-29T18:00:00.000Z,0
401431106,2022,2022-11-05T18:00:00.000Z,0
401431107,2022,2022-09-02T23:00:00.000Z,0
401431108,2022,2022-09-10T16:00:00.000Z,0
401431109,2022,2022-09-17T17:00:00.000Z,0
401431110,2022,2022-09-24T17:00:00.000Z,0
401431111,2022,2022-10-08T17:00:00.000Z,0
401431112,2022,2022-10-15T17:00:00.000Z,0
401431113,2022,2022-10-22T16:00:00.000Z,0
401431114,2022,2022-10-29T17:00:00.000Z,0
401431115,2022,2022-11-05T17:00:00.000Z,0
401431116,2022,2022-11-12T18:00:00.000Z,0
401431117,2022,2022-09-03T18:00:00.000Z,0
401431118,2022,2022-09-10T18:00:00.000Z,0
401431119,2022,2022-09-17T17:30:00.000Z,0
401431120,2022,2022-10-01T17:30:00.000Z,0
401431121,2022,2022-10-08T17:30:00.000Z,0
401431122,2022,2022-10-15T17:30:00.000Z,0
401431123,2022,2022-10-22T17:30:00.000Z,0
401431124,2022,2022-10-29T17:30:00.000Z,0
401431125,2022,2022-11-05T17:30:00.000Z,0
401431126,2022,2022-11-12T18:30:00.000Z,0
401431127,2022,2022-09-04T17:00:00.000Z,0
401431128,2022,2022-09-10T17:00:00.000Z,0
401431129,2022,2022-09-17T17:00:00.000Z,0
401431130,2022,2022-10-01T17:30:00.000Z,0
401431131,2022,2022-10-08T17:30:00.000Z,0
401431132,2022,2022-10-15T17:30:00.000Z,0
401431133,2022,2022-10-22T17:30:00.000Z,0
401431134,2022,2022-10-29T17:30:00.000Z,0
401431135,2022,2022-11-05T18:00:00.000Z,0
401431136,2022,2022-09-03T17:30:00.000Z,0
401431137,2022,2022-09-17T17:30:00.000Z,0
401431138,2022,2022-10-01T17:30:00.000Z,0
401431139,2022,2022-10-08T17:30:00.000Z,0
401431140,2022,2022-10-15T17:30:00.000Z,0
401431141,2022,2022-10-29T17:30:00.000Z,0
401431142,2022,2022-11-12T18:30:00.000Z,0
401431143,2022,2022-09-03T17:00:00.000Z,0
401431144,2022,2022-09-10T23:00:00.000Z,0
401431145,2022,2022-09-17T16:00:00.000Z,0
401431146,2022,2022-10-01T17:30:00.000Z,0
401431147,2022,2022-10-08T18:00:00.000Z,0
401431148,2022,2022-10-15T17:30:00.000Z,0
401431149,2022,2022-10-29T17:30:00.000Z,0
401431150,2022,2022-09-03T17:00:00.000Z,0
401431151,2022,2022-09-10T17:00:00.000Z,0
401431152,2022,2022-09-24T16:00:00.000Z,0
401431153,2022,2022-10-01T17:00:00.000Z,0
401431154,2022,2022-10-08T16:00:00.000Z,0
401431155,2022,2022-10-15T16:00:00.000Z,0
401431156,2022,2022-10-22T17:00:00.000Z,0
401431157,2022,2022-10-29T16:00:00.000Z,0
401431158,2022,2022-11-05T16:00:00.000Z,0
401431159,2022,2022-11-12T17:00:00.000Z,0
401431160,2022,2022-09-09T23:00:00.000Z,0
401431161,2022,2022-09-17T17:00:00.000Z,0
401431162,2022,2022-09-24T16:00:00.000Z,0
401431163,2022,2022-10-01T16:00:00.000Z,0
401431164,2022,2022-10-06T23:00:00.000Z,0
401431165,2022,2022-10-15T18:30:00.000Z,0
401431166,2022,2022-10-22T16:00:00.000Z,0
401431167,2022,2022-10-29T16:00:00.000Z,0
401431168,2022,2022-11-05T16:00:00.000Z,0
401431169,2022,2022-11-12T17:00:00.000Z,0
401431170,2022,2022-09-10T16:00:00.000Z,0
401431171,2022,2022-09-17T17:30:00.000Z,0
401431172,2022,2022-09-24T18:30:00.000Z,0
401431173,2022,2022-09-30T23:00:00.000Z,0
401431174,2022,2022-10-15T20:00:00.000Z,0
401431175,2022,2022-10-22T16:00:00.000Z,0
401431176,2022,2022-10-29T16:00:00.000Z,0
401431177,2022,2022-11-12T17:00:00.000Z,0
401431178,2022,2022-09-03T23:00:00.000Z,0
401431179,2022,2022-09-17T22:00:00.000Z,0
401431180,2022,2022-09-24T19:00:00.000Z,0
401431181,2022,2022-10-01T19:00:00.000Z,0
401431182,2022,2022-10-08T21:00:00.000Z,0
401431183,2022,2022-10-15T21:00:00.000Z,0
401431184,2022,2022-10-29T16:00:00.000Z,0
401431185,2022,2022-11-05T17:00:00.000Z,0
401431186,2022,2022-11-12T18:00:00.000Z,0
401431187,2022,2022-09-10T16:00:00.000Z,0
401431188,2022,2022-09-24T18:00:00.000Z,0
401431189,2022,2022-10-01T17:00:00.000Z,0
401431190,2022,2022-10-08T16:00:00.000Z,0
401431191,2022,2022-10-22T17:00:00.000Z,0
401431192,2022,2022-11-05T17:00:00.000Z,0
401431193,2022,2022-11-12T18:00:00.000Z,0
401431194,2022,2022-09-03T17:00:00.000Z,0
401431195,2022,2022-09-10T22:00:00.000Z,0
401431196,2022,2022-09-17T22:00:00.000Z,0
401431197,2022,2022-09-24T18:00:00.000Z,0
401431198,2022,2022-10-01T17:00:00.000Z,0
401431199,2022,2022-10-15T17:00:00.000Z,0
401431200,2022,2022-10-22T18:00:00.000Z,0
401431201,2022,2022-10-29T17:00:00.000Z,0
401431202,2022,2022-09-03T17:00:00.000Z,0
401431203,2022,2022-10-22T18:00:00.000Z,0
401431204,2022,2022-10-29T17:00:00.000Z,0
401431205,2022,2022-11-05T17:00:00.000Z,0
401431206,2022,2022-09-03T17:00:00.000Z,0
401431207,2022,2022-09-10T17:00:00.000Z,0
401431208,2022,2022-09-17T17:30:00.000Z,0
401431209,2022,2022-10-08T18:00:00.000Z,0
401431210,2022,2022-11-12T18:00:00.000Z,0
401431211,2022,2022-09-10T17:00:00.000Z,0
401431212,2022,2022-09-24T18:00:00.000Z,0
401431213,2022,2022-10-15T17:00:00.000Z,0
401431214,2022,2022-09-01T23:00:00.000Z,0
401431215,2022,2022-09-24T18:30:00.000Z,0
401431217,2022,2022-09-17T18:00:00.000Z,0
401431218,2022,2022-09-24T18:00:00.000Z,0
401431219,2022,2022-10-01T18:00:00.000Z,0
401431220,2022,2022-10-08T18:00:00.000Z,0
401431221,2022,2022-10-15T18:00:00.000Z,0
401431222,2022,2022-10-22T18:00:00.000Z,0
401431223,2022,2022-10-29T18:00:00.000Z,0
401431234,2022,2022-09-11T00:00:00.000Z,0
401431235,2022,2022-09-24T18:00:00.000Z,0
401431236,2022,2022-10-01T18:00:00.000Z,0
401431237,2022,2022-10-08T18:00:00.000Z,0
401431238,2022,2022-10-22T18:00:00.000Z,0
401431239,2022,2022-11-05T18:00:00.000Z,0
401431240,2022,2022-09-04T00:00:00.000Z,0
401431241,2022,2022-09-10T18:00:00.000Z,0
401431242,2022,2022-09-24T18:00:00.000Z,0
401431243,2022,2022-10-01T18:00:00.000Z,0
401431244,2022,2022-10-15T18:00:00.000Z,0
401431245,2022,2022-10-29T18:00:00.000Z,0
401431246,2022,2022-09-03T18:00:00.000Z,0
401431247,2022,2022-09-10T18:00:00.000Z,0
401431248,2022,2022-09-24T18:00:00.000Z,0
401431249,2022,2022-10-01T18:00:00.000Z,0
401431250,2022,2022-10-08T18:00:00.000Z,0
401431251,2022,2022-10-15T17:00:00.000Z,0
401431252,2022,2022-10-22T18:00:00.000Z,0
401431253,2022,2022-10-29T18:00:00.000Z,0
401431254,2022,2022-11-05T18:00:00.000Z,0
401431255,2022,2022-09-03T17:00:00.000Z,0
401431256,2022,2022-09-10T18:00:00.000Z,0
401431257,2022,2022-09-17T18:00:00.000Z,0
401431258,2022,2022-10-01T17:00:00.000Z,0
401431259,2022,2022-10-08T17:00:00.000Z,0
401431260,2022,2022-10-15T17:00:00.000Z,0
401431261,2022,2022-10-22T18:00:00.000Z,0
401431262,2022,2022-10-29T18:00:00.000Z,0
401431263,2022,2022-11-05T18:00:00.000Z,0
401431264,2022,2022-11-12T18:00:00.000Z,0
401431265,2022,2022-09-10T23:00:00.000Z,0
401431266,2022,2022-09-17T18:00:00.000Z,0
401431267,2022,2022-09-24T17:00:00.000Z,0
401431268,2022,2022-10-01T19:00:00.000Z,0
401431269,2022,2022-10-08T18:00:00.000Z,0
401431270,2022,2022-10-15T18:00:00.000Z,0
401431271,2022,2022-10-29T18:00:00.000Z,0
401431272,2022,2022-11-05T18:00:00.000Z,0
401431273,2022,2022-11-12T18:00:00.000Z,0
401431274,2022,2022-09-03T17:00:00.000Z,0
401431275,2022,2022-09-10T23:00:00.000Z,0
401431276,2022,2022-09-17T18:00:00.000Z,0
401431277,2022,2022-10-01T17:00:00.000Z,0
401431278,2022,2022-10-08T18:00:00.000Z,0
401431279,2022,2022-10-15T18:00:00.000Z,0
401431280,2022,2022-10-22T17:00:00.000Z,0
401431281,2022,2022-11-05T18:00:00.000Z,0
401431282,2022,2022-10-01T18:00:00.000Z,0
401431283,2022,2022-10-15T19:00:00.000Z,0
401431284,2022,2022-10-22T19:00:00.000Z,0
401431286,2022,2022-11-05T18:00:00.000Z,0
401431287,2022,2022-11-12T18:00:00.000Z,0
401431288,2022,2022-09-10T18:00:00.000Z,0
401431289,2022,2022-10-15T18:00:00.000Z,0
401431290,2022,2022-10-22T18:00:00.000Z,0
401431291,2022,2022-10-29T18:00:00.000Z,0
401431293,2022,2022-09-03T18:00:00.000Z,0
401431294,2022,2022-09-17T19:00:00.000Z,0
401431295,2022,2022-10-01T18:00:00.000Z,0
401431296,2022,2022-10-22T18:00:00.000Z,0
401431297,2022,2022-11-12T18:00:00.000Z,0
401431298,2022,2022-09-03T18:00:00.000Z,0
401431299,2022,2022-10-08T19:00:00.000Z,0
401431300,2022,2022-10-29T18:00:00.000Z,0
401431302,2022,2022-09-10T18:00:00.000Z,0
401431303,2022,2022-09-24T18:00:00.000Z,0
401431304,2022,2022-10-01T19:00:00.000Z,0
401431305,2022,2022-10-08T18:00:00.000Z,0
401431306,2022,2022-10-15T18:00:00.000Z,0
401431307,2022,2022-10-22T17:00:00.000Z,0
401431308,2022,2022-10-29T18:00:00.000Z,0
401431309,2022,2022-11-05T17:00:00.000Z,0
401431310,2022,2022-11-12T18:00:00.000Z,0
401431311,2022,2022-09-17T18:00:00.000Z,0
401431312,2022,2022-09-24T18:00:00.000Z,0
401431313,2022,2022-10-01T18:00:00.000Z,0
401431314,2022,2022-10-15T23:00:00.000Z,0
401431315,2022,2022-10-29T18:00:00.000Z,0
401431316,2022,2022-11-05T18:00:00.000Z,0
401431317,2022,2022-11-12T19:00:00.000Z,0
401431318,2022,2022-09-03T18:00:00.000Z,0
401431319,2022,2022-09-10T17:00:00.000Z,0
401431320,2022,2022-09-24T18:00:00.000Z,0
401431321,2022,2022-10-01T18:00:00.000Z,0
401431322,2022,2022-10-08T19:15:00.000Z,0
401431323,2022,2022-10-15T19:30:00.000Z,0
401431324,2022,2022-10-29T18:00:00.000Z,0
401431325,2022,2022-11-05T18:00:00.000Z,0
401431402,2022,2022-11-12T17:00:00.000Z,0
401431403,2022,2022-09-03T16:00:00.000Z,0
401431404,2022,2022-10-22T16:00:00.000Z,0
401431405,2022,2022-09-10T17:00:00.000Z,0
401431406,2022,2022-10-29T16:00:00.000Z,0
401431407,2022,2022-11-05T17:00:00.000Z,0
401431408,2022,2022-09-01T23:00:00.000Z,0
401431409,2022,2022-09-11T00:00:00.000Z,0
401431450,2022,2022-09-17T23:00:00.000Z,0
401431451,2022,2022-09-24T23:00:00.000Z,0
401431452,2022,2022-10-01T19:00:00.000Z,0
401431453,2022,2022-10-08T19:00:00.000Z,0
401431454,2022,2022-10-15T19:00:00.000Z,0
401431455,2022,2022-10-29T20:00:00.000Z,0
401431456,2022,2022-11-05T19:00:00.000Z,0
401431457,2022,2022-09-02T00:00:00.000Z,0
401431458,2022,2022-09-10T23:00:00.000Z,0
401431459,2022,2022-09-24T23:00:00.000Z,0
401431460,2022,2022-10-01T19:00:00.000Z,0
401431461,2022,2022-10-08T19:00:00.000Z,0
401431462,2022,2022-10-29T19:00:00.000Z,0
401431463,2022,2022-11-05T19:00:00.000Z,0
401431464,2022,2022-11-12T20:00:00.000Z,0
401431465,2022,2022-09-01T23:00:00.000Z,0
401431466,2022,2022-09-17T23:00:00.000Z,0
401431467,2022,2022-09-24T23:00:00.000Z,0
401431468,2022,2022-10-15T23:00:00.000Z,0
401431469,2022,2022-10-22T19:00:00.000Z,0
401431470,2022,2022-10-29T19:00:00.000Z,0
401431471,2022,2022-11-13T00:00:00.000Z,0
401431472,2022,2022-09-01T23:00:00.000Z,0
401431473,2022,2022-09-17T23:00:00.000Z,0
401431474,2022,2022-09-24T23:00:00.000Z,0
401431475,2022,2022-10-08T19:00:00.000Z,0
401431476,2022,2022-10-15T19:00:00.000Z,0
401431477,2022,2022-11-05T19:00:00.000Z,0
401431478,2022,2022-11-12T20:00:00.000Z,0
401431479,2022,2022-09-01T23:00:00.000Z,0
401431480,2022,2022-09-10T23:00:00.000Z,0
401431481,2022,2022-10-01T19:30:00.000Z,0
401431482,2022,2022-10-22T19:00:00.000Z,0
401431483,2022,2022-11-05T19:00:00.000Z,0
401431484,2022,2022-09-01T23:00:00.000Z,0
401431485,2022,2022-09-10T23:00:00.000Z,0
401431486,2022,2022-09-17T19:00:00.000Z,0
401431487,2022,2022-10-15T22:30:00.000Z,0
401431488,2022,2022-10-22T20:00:00.000Z,0
401431489,2022,2022-09-03T22:00:00.000Z,0
401431490,2022,2022-09-17T23:00:00.000Z,0
401431491,2022,2022-09-24T17:00:00.000Z,0
401431492,2022,2022-10-01T22:00:00.000Z,0
401431493,2022,2022-10-08T18:00:00.000Z,0
401431494,2022,2022-10-15T18:00:00.000Z,0
401431495,2022,2022-10-22T22:00:00.000Z,0
401431496,2022,2022-10-29T22:00:00.000Z,0
401431497,2022,2022-11-05T18:00:00.000Z,0
401431498,2022,2022-11-12T19:00:00.000Z,0
401431499,2022,2022-09-01T23:00:00.000Z,0
401431500,2022,2022-09-10T18:00:00.000Z,0
401431501,2022,2022-09-17T22:00:00.000Z,0
401431502,2022,2022-09-24T18:00:00.000Z,0
401431503,2022,2022-10-01T18:00:00.000Z,0
401431504,2022,2022-10-15T20:00:00.000Z,0
401431505,2022,2022-10-22T18:00:00.000Z,0
401431506,2022,2022-10-29T18:00:00.000Z,0
401431507,2022,2022-11-05T17:00:00.000Z,0
401431508,2022,2022-11-12T19:00:00.000Z,0
401431509,2022,2022-09-01T23:00:00.000Z,0
401431510,2022,2022-09-18T00:00:00.000Z,0
401431511,2022,2022-09-24T23:00:00.000Z,0
401431512,2022,2022-10-02T00:00:00.000Z,0
401431513,2022,2022-10-08T19:00:00.000Z,0
401431514,2022,2022-10-15T18:00:00.000Z,0
401431515,2022,2022-11-12T19:00:00.000Z,0
401431517,2022,2022-09-01T23:00:00.000Z,0
401431518,2022,2022-09-08T23:00:00.000Z,0
401431519,2022,2022-09-17T16:00:00.000Z,0
401431520,2022,2022-09-24T18:00:00.000Z,0
401431521,2022,2022-10-08T18:00:00.000Z,0
401431522,2022,2022-10-29T18:00:00.000Z,0
401431523,2022,2022-11-05T18:00:00.000Z,0
401431524,2022,2022-11-12T19:00:00.000Z,0
401431525,2022,2022-09-03T17:00:00.000Z,0
401431526,2022,2022-09-10T18:00:00.000Z,0
401431527,2022,2022-09-17T17:00:00.000Z,0
401431528,2022,2022-09-24T19:00:00.000Z,0
401431529,2022,2022-10-15T23:00:00.000Z,0
401431530,2022,2022-10-22T20:00:00.000Z,0
401431531,2022,2022-09-01T23:00:00.000Z,0
401431532,2022,2022-09-11T00:00:00.000Z,0
401431533,2022,2022-09-17T23:00:00.000Z,0
401431534,2022,2022-09-24T22:00:00.000Z,0
401431535,2022,2022-10-01T23:00:00.000Z,0
401431536,2022,2022-10-08T16:00:00.000Z,0
401431537,2022,2022-10-15T17:00:00.000Z,0
401431538,2022,2022-10-22T19:00:00.000Z,0
401431539,2022,2022-10-29T17:00:00.000Z,0
401431540,2022,2022-11-05T19:00:00.000Z,0
401431541,2022,2022-11-12T17:00:00.000Z,0
401431542,2022,2022-09-01T22:00:00.000Z,0
401431543,2022,2022-09-18T00:00:00.000Z,0
401431544,2022,2022-09-24T17:00:00.000Z,0
401431545,2022,2022-10-01T16:00:00.000Z,0
401431546,2022,2022-10-08T17:00:00.000Z,0
401431547,2022,2022-10-15T17:00:00.000Z,0
401431548,2022,2022-10-22T17:00:00.000Z,0
401431549,2022,2022-11-05T17:00:00.000Z,0
401431550,2022,2022-11-12T18:00:00.000Z,0
401431551,2022,2022-09-03T17:00:00.000Z,0
401431552,2022,2022-09-17T17:00:00.000Z,0
401431553,2022,2022-09-24T16:00:00.000Z,0
401431554,2022,2022-10-01T23:00:00.000Z,0
401431555,2022,2022-10-08T18:00:00.000Z,0
401431556,2022,2022-10-15T17:00:00.000Z,0
401431557,2022,2022-10-22T18:00:00.000Z,0
401431558,2022,2022-10-29T20:00:00.000Z,0
401431559,2022,2022-11-05T17:00:00.000Z,0
401431560,2022,2022-11-12T18:00:00.000Z,0
401431561,2022,2022-09-01T22:00:00.000Z,0
401431562,2022,2022-10-08T18:00:00.000Z,0
401431563,2022,2022-10-22T22:00:00.000Z,0
401431564,2022,2022-10-29T17:00:00.000Z,0
401431565,2022,2022-11-05T17:00:00.000Z,0
401431566,2022,2022-09-03T22:00:00.000Z,0
401431567,2022,2022-09-17T22:00:00.000Z,0
401431568,2022,2022-10-01T22:00:00.000Z,0
401431569,2022,2022-10-15T16:00:00.000Z,0
401431570,2022,2022-11-12T18:00:00.000Z,0
401431571,2022,2022-09-01T22:00:00.000Z,0
401431572,2022,2022-09-10T22:00:00.000Z,0
401431573,2022,2022-10-08T16:00:00.000Z,0
401431574,2022,2022-10-15T23:00:00.000Z,0
401431575,2022,2022-10-22T17:00:00.000Z,0
401431576,2022,2022-10-29T17:00:00.000Z,0
401431577,2022,2022-11-05T20:00:00.000Z,0
401431578,2022,2022-11-12T18:00:00.000Z,0
401431579,2022,2022-09-03T19:00:00.000Z,0
401431580,2022,2022-09-10T23:00:00.000Z,0
401431581,2022,2022-10-01T23:00:00.000Z,0
401431582,2022,2022-10-08T20:00:00.000Z,0
401431583,2022,2022-10-22T18:00:00.000Z,0
401431584,2022,2022-11-12T18:00:00.000Z,0
401431585,2022,2022-09-11T00:00:00.000Z,0
401431586,2022,2022-09-24T18:00:00.000Z,0
401431587,2022,2022-10-15T21:00:00.000Z,0
401431588,2022,2022-10-22T17:00:00.000Z,0
401431589,2022,2022-10-29T16:00:00.000Z,0
401431590,2022,2022-11-05T21:00:00.000Z,0
401431591,2022,2022-09-01T23:30:00.000Z,0
401431592,2022,2022-09-11T01:00:00.000Z,0
401431593,2022,2022-09-17T20:00:00.000Z,0
401431594,2022,2022-10-02T00:00:00.000Z,0
401431595,2022,2022-10-09T01:00:00.000Z,0
401431596,2022,2022-10-16T01:00:00.000Z,0
401431597,2022,2022-10-23T00:00:00.000Z,0
401431598,2022,2022-10-30T01:00:00.000Z,0
401431599,2022,2022-11-05T23:00:00.000Z,0
401431600,2022,2022-11-12T21:00:00.000Z,0
401431602,2022,2022-09-25T00:00:00.000Z,0
401431603,2022,2022-10-02T01:00:00.000Z,0
401431604,2022,2022-10-08T23:00:00.000Z,0
401431605,2022,2022-10-16T00:00:00.000Z,0
401431606,2022,2022-10-23T01:00:00.000Z,0
401431607,2022,2022-10-30T01:00:00.000Z,0
401431608,2022,2022-11-05T20:05:00.000Z,0
401431609,2022,2022-11-13T02:00:00.000Z,0
401431610,2022,2022-09-02T00:00:00.000Z,0
401431611,2022,2022-09-10T20:05:00.000Z,0
401431612,2022,2022-09-18T00:00:00.000Z,0
401431613,2022,2022-09-24T20:05:00.000Z,0
401431614,2022,2022-10-01T20:05:00.000Z,0
401431615,2022,2022-10-15T20:05:00.000Z,0
401431616,2022,2022-10-22T20:05:00.000Z,0
401431617,2022,2022-10-30T00:00:00.000Z,0
401431618,2022,2022-11-13T01:00:00.000Z,0
401431811,2022,2022-09-10T23:00:00.000Z,0
401431812,2022,2022-09-17T16:00:00.000Z,0
401431813,2022,2022-09-24T18:00:00.000Z,0
401431814,2022,2022-10-08T18:00:00.000Z,0
401431815,2022,2022-09-10T17:00:00.000Z,0
401431816,2022,2022-09-17T16:00:00.000Z,0
401431818,2022,2022-10-08T17:00:00.000Z,0
401431819,2022,2022-10-29T16:00:00.000Z,0
401431820,2022,2022-11-12T17:00:00.000Z,0
401431821,2022,2022-09-03T18:00:00.000Z,0
401431822,2022,2022-09-10T17:00:00.000Z,0
401431823,2022,2022-10-01T20:00:00.000Z,0
401431824,2022,2022-11-12T17:00:00.000Z,0
401431825,2022,2022-09-24T23:00:00.000Z,0
401431826,2022,2022-10-01T23:00:00.000Z,0
401431827,2022,2022-10-08T17:00:00.000Z,0
401431828,2022,2022-10-15T23:00:00.000Z,0
401431830,2022,2022-10-29T23:00:00.000Z,0
401431831,2022,2022-11-05T19:00:00.000Z,0
401431832,2022,2022-09-10T23:00:00.000Z,0
401431833,2022,2022-09-17T19:00:00.000Z,0
401431834,2022,2022-09-24T17:00:00.000Z,0
401431835,2022,2022-10-01T21:00:00.000Z,0
401431836,2022,2022-10-15T17:00:00.000Z,0
401431837,2022,2022-10-22T21:00:00.000Z,0
401431838,2022,2022-10-29T19:00:00.000Z,0
401431839,2022,2022-11-05T16:00:00.000Z,0
401431840,2022,2022-09-03T17:00:00.000Z,0
401431841,2022,2022-09-10T20:00:00.000Z,0
401431842,2022,2022-09-17T16:00:00.000Z,0
401431843,2022,2022-09-24T16:00:00.000Z,0
401431844,2022,2022-10-01T19:00:00.000Z,0
401431845,2022,2022-10-08T19:00:00.000Z,0
401431846,2022,2022-10-15T16:00:00.000Z,0
401431847,2022,2022-10-20T23:00:00.000Z,0
401431848,2022,2022-10-29T22:00:00.000Z,0
401431849,2022,2022-09-01T23:00:00.000Z,0
401431850,2022,2022-10-08T23:00:00.000Z,0
401431851,2022,2022-10-15T19:00:00.000Z,0
401431852,2022,2022-10-22T22:00:00.000Z,0
401431853,2022,2022-11-05T23:00:00.000Z,0
401431854,2022,2022-09-03T22:00:00.000Z,0
401431855,2022,2022-09-10T23:00:00.000Z,0
401431856,2022,2022-09-17T19:00:00.000Z,0
401431857,2022,2022-09-24T19:00:00.000Z,0
401431858,2022,2022-10-29T21:00:00.000Z,0
401431859,2022,2022-11-05T19:00:00.000Z,0
401431860,2022,2022-09-03T23:00:00.000Z,0
401431861,2022,2022-10-08T22:00:00.000Z,0
401431862,2022,2022-10-22T21:00:00.000Z,0
401431863,2022,2022-09-03T22:00:00.000Z,0
401431864,2022,2022-09-10T22:00:00.000Z,0
401431865,2022,2022-10-01T22:00:00.000Z,0
401431866,2022,2022-09-03T17:00:00.000Z,0
401431867,2022,2022-09-17T20:00:00.000Z,0
401431868,2022,2022-09-24T22:00:00.000Z,0
401431869,2022,2022-10-01T18:00:00.000Z,0
401431870,2022,2022-10-08T20:00:00.000Z,0
401431871,2022,2022-10-15T22:00:00.000Z,0
401431872,2022,2022-10-22T20:00:00.000Z,0
401431873,2022,2022-10-29T17:30:00.000Z,0
401431874,2022,2022-11-05T20:00:00.000Z,0
401431875,2022,2022-11-12T19:00:00.000Z,0
401431886,2022,2022-09-02T00:00:00.000Z,0
401431887,2022,2022-09-10T18:00:00.000Z,0
401431888,2022,2022-09-17T23:00:00.000Z,0
401431889,2022,2022-09-24T23:00:00.000Z,0
401431890,2022,2022-10-08T23:00:00.000Z,0
401431891,2022,2022-10-15T18:00:00.000Z,0
401431892,2022,2022-10-22T23:00:00.000Z,0
401431893,2022,2022-11-12T19:00:00.000Z,0
401431894,2022,2022-09-03T23:00:00.000Z,0
401431895,2022,2022-09-11T00:00:00.000Z,0
401431896,2022,2022-10-02T00:00:00.000Z,0
401431897,2022,2022-10-09T00:00:00.000Z,0
401431898,2022,2022-10-22T23:00:00.000Z,0
401431899,2022,2022-11-06T00:00:00.000Z,0
401431900,2022,2022-09-24T23:00:00.000Z,0
401431901,2022,2022-09-04T00:00:00.000Z,0
401431902,2022,2022-09-18T00:00:00.000Z,0
401431903,2022,2022-09-25T00:00:00.000Z,0
401431904,2022,2022-10-09T00:00:00.000Z,0
401431905,2022,2022-10-16T00:00:00.000Z,0
401431906,2022,2022-09-03T23:00:00.000Z,0
401431907,2022,2022-09-10T23:00:00.000Z,0
401431908,2022,2022-10-02T00:00:00.000Z,0
401431909,2022,2022-10-29T20:00:00.000Z,0
401431910,2022,2022-11-05T23:00:00.000Z,0
401431911,2022,2022-09-04T00:00:00.000Z,0
401431912,2022,2022-09-11T00:00:00.000Z,0
401431913,2022,2022-10-29T18:00:00.000Z,0
401431914,2022,2022-11-05T23:00:00.000Z,0
401431915,2022,2022-09-02T00:00:00.000Z,0
401431916,2022,2022-09-09T00:00:00.000Z,0
401431917,2022,2022-09-17T18:30:00.000Z,0
401431918,2022,2022-09-24T18:00:00.000Z,0
401431919,2022,2022-10-01T18:00:00.000Z,0
401431920,2022,2022-10-08T18:00:00.000Z,0
401431921,2022,2022-10-15T18:30:00.000Z,0
401431922,2022,2022-10-22T18:00:00.000Z,0
401431923,2022,2022-10-29T18:00:00.000Z,0
401431924,2022,2022-11-05T18:00:00.000Z,0
401431925,2022,2022-11-12T20:00:00.000Z,0
401431926,2022,2022-09-02T00:00:00.000Z,0
401431927,2022,2022-09-09T00:00:00.000Z,0
401431928,2022,2022-09-17T23:00:00.000Z,0
401431929,2022,2022-09-25T00:00:00.000Z,0
401431930,2022,2022-10-02T00:00:00.000Z,0
401431931,2022,2022-10-09T00:00:00.000Z,0
401431932,2022,2022-10-15T19:00:00.000Z,0
401431933,2022,2022-10-29T19:00:00.000Z,0
401431934,2022,2022-11-05T18:00:00.000Z,0
401431935,2022,2022-11-12T20:00:00.000Z,0
401431936,2022,2022-09-01T23:00:00.000Z,0
401431937,2022,2022-09-10T19:00:00.000Z,0
401431938,2022,2022-09-24T20:30:00.000Z,0
401431939,2022,2022-10-01T19:00:00.000Z,0
401431940,2022,2022-10-08T19:00:00.000Z,0
401431941,2022,2022-10-15T19:00:00.000Z,0
401431942,2022,2022-10-22T19:00:00.000Z,0
401431943,2022,2022-11-05T19:00:00.000Z,0
401431944,2022,2022-11-12T19:00:00.000Z,0
401431945,2022,2022-09-02T00:00:00.000Z,0
401431946,2022,2022-09-10T23:00:00.000Z,0
401431947,2022,2022-09-17T22:00:00.000Z,0
401431948,2022,2022-10-01T19:00:00.000Z,0
401431949,2022,2022-10-22T19:00:00.000Z,0
401431950,2022,2022-10-29T18:00:00.000Z,0
401431951,2022,2022-11-05T18:30:00.000Z,0
401431952,2022,2022-11-12T20:00:00.000Z,0
401431953,2022,2022-09-09T00:00:00.000Z,0
401431954,2022,2022-09-17T18:00:00.000Z,0
401431955,2022,2022-10-08T21:00:00.000Z,0
401431956,2022,2022-10-15T18:00:00.000Z,0
401431957,2022,2022-10-29T19:00:00.000Z,0
401431958,2022,2022-11-05T17:00:00.000Z,0
401431959,2022,2022-11-12T20:00:00.000Z,0
401431961,2022,2022-09-18T00:00:00.000Z,0
401431962,2022,2022-10-07T00:00:00.000Z,0
401431963,2022,2022-10-15T21:00:00.000Z,0
401431964,2022,2022-10-22T19:00:00.000Z,0
401431965,2022,2022-10-29T19:00:00.000Z,0
401431966,2022,2022-09-24T19:00:00.000Z,0
401431967,2022,2022-10-01T18:30:00.000Z,0
401431968,2022,2022-10-08T19:00:00.000Z,0
401431969,2022,2022-10-15T18:30:00.000Z,0
401431970,2022,2022-11-12T19:00:00.000Z,0
401431971,2022,2022-09-24T18:00:00.000Z,0
401431972,2022,2022-10-22T19:00:00.000Z,0
401431973,2022,2022-10-29T19:00:00.000Z,0
401431974,2022,2022-11-05T18:00:00.000Z,0
401431975,2022,2022-09-24T23:00:00.000Z,0
401431976,2022,2022-10-01T21:00:00.000Z,0
401431977,2022,2022-10-22T18:00:00.000Z,0
401431978,2022,2022-09-01T22:00:00.000Z,0
401431979,2022,2022-09-10T17:00:00.000Z,0
401431980,2022,2022-09-24T22:00:00.000Z,0
401431982,2022,2022-10-08T17:30:00.000Z,0
401431983,2022,2022-09-04T20:00:00.000Z,0
401431984,2022,2022-09-03T16:00:00.000Z,0
401431985,2022,2022-10-01T16:00:00.000Z,0
401431986,2022,2022-10-29T16:00:00.000Z,0
401431987,2022,2022-11-05T19:00:00.000Z,0
401432090,2022,2022-09-03T22:00:00.000Z,0
401432091,2022,2022-09-08T22:00:00.000Z,0
401432092,2022,2022-09-17T17:00:00.000Z,0
401432093,2022,2022-09-24T17:00:00.000Z,0
401432094,2022,2022-10-01T22:00:00.000Z,0
401432095,2022,2022-10-06T23:00:00.000Z,0
401432096,2022,2022-10-15T17:30:00.000Z,0
401432097,2022,2022-10-29T17:00:00.000Z,0
401432098,2022,2022-11-05T18:00:00.000Z,0
401432099,2022,2022-11-12T18:00:00.000Z,0
401432100,2022,2022-10-22T17:00:00.000Z,0
401432102,2022,2022-09-17T16:00:00.000Z,0
401432103,2022,2022-10-01T16:00:00.000Z,0
401432104,2022,2022-10-08T16:00:00.000Z,0
401432105,2022,2022-10-15T17:00:00.000Z,0
401432106,2022,2022-10-22T16:00:00.000Z,0
401432107,2022,2022-10-29T18:00:00.000Z,0
401432108,2022,2022-11-05T17:00:00.000Z,0
401432109,2022,2022-11-12T17:00:00.000Z,0
401432110,2022,2022-09-03T17:00:00.000Z,0
401432111,2022,2022-09-10T17:00:00.000Z,0
401432112,2022,2022-09-17T18:00:00.000Z,0
401432113,2022,2022-09-24T17:00:00.000Z,0
401432114,2022,2022-10-01T17:00:00.000Z,0
401432115,2022,2022-10-08T16:00:00.000Z,0
401432116,2022,2022-10-22T17:00:00.000Z,0
401432117,2022,2022-10-29T16:00:00.000Z,0
401432118,2022,2022-11-12T21:00:00.000Z,0
401432119,2022,2022-09-01T23:00:00.000Z,0
401432120,2022,2022-09-10T17:00:00.000Z,0
401432121,2022,2022-10-01T17:00:00.000Z,0
401432122,2022,2022-10-08T17:00:00.000Z,0
401432123,2022,2022-10-15T17:00:00.000Z,0
401432125,2022,2022-11-05T17:00:00.000Z,0
401432126,2022,2022-11-12T18:00:00.000Z,0
401432127,2022,2022-09-10T16:00:00.000Z,0
401432128,2022,2022-09-17T16:00:00.000Z,0
401432129,2022,2022-09-24T17:00:00.000Z,0
401432130,2022,2022-10-15T17:00:00.000Z,0
401432131,2022,2022-10-22T16:00:00.000Z,0
401432132,2022,2022-10-29T16:00:00.000Z,0
401432133,2022,2022-11-05T16:00:00.000Z,0
401432134,2022,2022-09-01T22:00:00.000Z,0
401432135,2022,2022-09-24T17:00:00.000Z,0
401432136,2022,2022-10-01T17:00:00.000Z,0
401432137,2022,2022-10-13T23:00:00.000Z,0
401432138,2022,2022-10-22T17:00:00.000Z,0
401432139,2022,2022-10-29T18:00:00.000Z,0
401432140,2022,2022-11-05T22:00:00.000Z,0
401432146,2022,2022-09-10T16:00:00.000Z,0
401432147,2022,2022-09-17T17:00:00.000Z,0
401432148,2022,2022-09-24T18:00:00.000Z,0
401432149,2022,2022-10-08T16:00:00.000Z,0
401432150,2022,2022-10-13T22:00:00.000Z,0
401432152,2022,2022-09-01T23:00:00.000Z,0
401432153,2022,2022-09-24T16:00:00.000Z,0
401432154,2022,2022-10-01T16:00:00.000Z,0
401432155,2022,2022-11-12T19:00:00.000Z,0
401432189,2022,2022-09-04T01:00:00.000Z,0
401432238,2022,2022-10-08T21:00:00.000Z,0
401432239,2022,2022-09-01T23:00:00.000Z,0
401432241,2022,2022-10-08T17:00:00.000Z,0
401432242,2022,2022-10-29T16:00:00.000Z,0
401432323,2022,2022-09-03T23:00:00.000Z,0
401432324,2022,2022-09-24T22:00:00.000Z,0
401432325,2022,2022-10-01T18:00:00.000Z,0
401432326,2022,2022-10-08T22:00:00.000Z,0
401432327,2022,2022-10-15T18:00:00.000Z,0
401432328,2022,2022-10-22T21:00:00.000Z,0
401432329,2022,2022-10-29T18:00:00.000Z,0
401432330,2022,2022-11-05T18:00:00.000Z,0
401432331,2022,2022-09-03T22:00:00.000Z,0
401432332,2022,2022-09-17T18:00:00.000Z,0
401432333,2022,2022-09-24T18:00:00.000Z,0
401432334,2022,2022-10-01T22:00:00.000Z,0
401432335,2022,2022-10-08T22:00:00.000Z,0
401432336,2022,2022-10-15T18:00:00.000Z,0
401432337,2022,2022-10-22T17:00:00.000Z,0
401432338,2022,2022-11-05T17:00:00.000Z,0
401432339,2022,2022-11-12T23:00:00.000Z,0
401432340,2022,2022-09-10T19:00:00.000Z,0
401432341,2022,2022-09-15T23:30:00.000Z,0
401432342,2022,2022-09-24T22:00:00.000Z,0
401432343,2022,2022-10-01T18:00:00.000Z,0
401432344,2022,2022-10-08T18:00:00.000Z,0
401432345,2022,2022-10-22T18:00:00.000Z,0
401432346,2022,2022-10-29T18:00:00.000Z,0
401432347,2022,2022-09-24T18:00:00.000Z,0
401432348,2022,2022-10-02T18:00:00.000Z,0
401432349,2022,2022-10-09T00:00:00.000Z,0
401432350,2022,2022-10-15T18:00:00.000Z,0
401432351,2022,2022-11-05T18:00:00.000Z,0
401432352,2022,2022-09-24T18:00:00.000Z,0
401432353,2022,2022-10-08T17:00:00.000Z,0
401432354,2022,2022-10-15T22:00:00.000Z,0
401432355,2022,2022-10-22T17:00:00.000Z,0
401432356,2022,2022-10-29T19:00:00.000Z,0
401432357,2022,2022-11-05T17:00:00.000Z,0
401432358,2022,2022-09-17T23:00:00.000Z,0
401432359,2022,2022-10-15T21:00:00.000Z,0
401432360,2022,2022-10-22T19:00:00.000Z,0
401432361,2022,2022-10-27T23:00:00.000Z,0
401432362,2022,2022-11-05T18:00:00.000Z,0
401432363,2022,2022-09-04T23:00:00.000Z,0
401432364,2022,2022-10-01T20:00:00.000Z,0
401432365,2022,2022-10-22T19:00:00.000Z,0
401432366,2022,2022-10-29T17:00:00.000Z,0
401432367,2022,2022-10-08T17:00:00.000Z,0
401432368,2022,2022-10-22T19:00:00.000Z,0
401432369,2022,2022-11-12T21:00:00.000Z,0
401432370,2022,2022-09-02T00:00:00.000Z,0
401432371,2022,2022-09-09T00:00:00.000Z,0
401432372,2022,2022-09-02T00:00:00.000Z,0
401432373,2022,2022-09-17T18:00:00.000Z,0
401432375,2022,2022-09-17T22:00:00.000Z,0
401432376,2022,2022-09-24T16:00:00.000Z,0
401432377,2022,2022-10-01T17:00:00.000Z,0
401432378,2022,2022-10-09T16:00:00.000Z,0
401432379,2022,2022-10-15T18:00:00.000Z,0
401432380,2022,2022-10-22T17:00:00.000Z,0
401432381,2022,2022-11-05T17:00:00.000Z,0
401432383,2022,2022-09-01T23:00:00.000Z,0
401432384,2022,2022-09-10T19:00:00.000Z,0
401432385,2022,2022-09-24T17:00:00.000Z,0
401432386,2022,2022-10-01T19:00:00.000Z,0
401432387,2022,2022-10-08T16:00:00.000Z,0
401432389,2022,2022-10-29T16:00:00.000Z,0
401432390,2022,2022-11-05T16:00:00.000Z,0
401432391,2022,2022-11-12T17:00:00.000Z,0
401432392,2022,2022-09-01T23:00:00.000Z,0
401432393,2022,2022-09-10T18:00:00.000Z,0
401432394,2022,2022-09-17T19:00:00.000Z,0
401432395,2022,2022-09-24T20:00:00.000Z,0
401432396,2022,2022-10-01T18:00:00.000Z,0
401432397,2022,2022-10-08T19:00:00.000Z,0
401432398,2022,2022-10-15T17:00:00.000Z,0
401432399,2022,2022-10-22T18:00:00.000Z,0
401432400,2022,2022-10-29T18:00:00.000Z,0
401432401,2022,2022-11-05T18:00:00.000Z,0
401432402,2022,2022-11-12T20:00:00.000Z,0
401432403,2022,2022-09-01T23:00:00.000Z,0
401432404,2022,2022-09-10T23:00:00.000Z,0
401432405,2022,2022-09-17T23:00:00.000Z,0
401432406,2022,2022-09-24T18:00:00.000Z,0
401432407,2022,2022-10-01T17:00:00.000Z,0
401432408,2022,2022-10-08T17:00:00.000Z,0
401432409,2022,2022-10-29T17:00:00.000Z,0
401432410,2022,2022-11-05T18:00:00.000Z,0
401432411,2022,2022-11-12T19:00:00.000Z,0
401432412,2022,2022-09-01T23:00:00.000Z,0
401432413,2022,2022-09-10T20:00:00.000Z,0
401432414,2022,2022-09-17T17:00:00.000Z,0
401432415,2022,2022-09-24T18:00:00.000Z,0
401432416,2022,2022-10-08T17:00:00.000Z,0
401432417,2022,2022-10-22T19:00:00.000Z,0
401432418,2022,2022-10-29T18:00:00.000Z,0
401432419,2022,2022-11-12T18:00:00.000Z,0
401432420,2022,2022-11-05T17:00:00.000Z,0
401432421,2022,2022-09-01T23:30:00.000Z,0
401432422,2022,2022-09-10T22:00:00.000Z,0
401432423,2022,2022-09-17T23:30:00.000Z,0
401432424,2022,2022-09-24T23:00:00.000Z,0
401432425,2022,2022-10-01T17:00:00.000Z,0
401432426,2022,2022-10-22T23:00:00.000Z,0
401432427,2022,2022-10-29T17:00:00.000Z,0
401432428,2022,2022-11-12T18:00:00.000Z,0
401432429,2022,2022-09-01T23:00:00.000Z,0
401432430,2022,2022-09-10T23:00:00.000Z,0
401432431,2022,2022-09-17T23:00:00.000Z,0
401432432,2022,2022-09-24T18:00:00.000Z,0
401432433,2022,2022-10-01T19:00:00.000Z,0
401432434,2022,2022-10-08T19:30:00.000Z,0
401432435,2022,2022-10-15T19:00:00.000Z,0
401432436,2022,2022-09-03T22:30:00.000Z,0
401432437,2022,2022-09-10T18:00:00.000Z,0
401432438,2022,2022-09-17T19:00:00.000Z,0
401432439,2022,2022-09-24T19:00:00.000Z,0
401432440,2022,2022-10-15T19:00:00.000Z,0
401432441,2022,2022-11-05T19:00:00.000Z,0
401432510,2022,2022-09-03T18:00:00.000Z,0
401432511,2022,2022-09-10T18:00:00.000Z,0
401432512,2022,2022-09-17T18:00:00.000Z,0
401432513,2022,2022-10-22T18:00:00.000Z,0
401432514,2022,2022-09-03T18:00:00.000Z,0
401432515,2022,2022-09-10T23:00:00.000Z,0
401432516,2022,2022-10-15T18:00:00.000Z,0
401432517,2022,2022-09-17T23:00:00.000Z,0
401432518,2022,2022-09-03T16:00:00.000Z,0
401432519,2022,2022-09-17T18:00:00.000Z,0
401432520,2022,2022-09-24T23:00:00.000Z,0
401432521,2022,2022-10-01T21:00:00.000Z,0
401432522,2022,2022-10-15T18:00:00.000Z,0
401432523,2022,2022-11-05T18:00:00.000Z,0
401432524,2022,2022-09-03T23:00:00.000Z,0
401432525,2022,2022-09-10T17:00:00.000Z,0
401432526,2022,2022-10-01T19:00:00.000Z,0
401432527,2022,2022-10-08T18:00:00.000Z,0
401432528,2022,2022-11-12T19:00:00.000Z,0
401432529,2022,2022-09-03T16:00:00.000Z,0
401432530,2022,2022-09-10T17:00:00.000Z,0
401432531,2022,2022-09-17T17:00:00.000Z,0
401432532,2022,2022-10-01T16:00:00.000Z,0
401432534,2022,2022-10-22T17:00:00.000Z,0
401432535,2022,2022-10-29T17:00:00.000Z,0
401432536,2022,2022-11-05T17:00:00.000Z,0
401432537,2022,2022-11-12T17:00:00.000Z,0
401432538,2022,2022-09-10T23:00:00.000Z,0
401432539,2022,2022-09-24T18:00:00.000Z,0
401432540,2022,2022-10-01T19:00:00.000Z,0
401432541,2022,2022-11-05T18:00:00.000Z,0
401432542,2022,2022-11-12T18:00:00.000Z,0
401432543,2022,2022-09-03T17:00:00.000Z,0
401432544,2022,2022-09-10T17:00:00.000Z,0
401432545,2022,2022-10-01T16:00:00.000Z,0
401432546,2022,2022-10-08T16:00:00.000Z,0
401432547,2022,2022-10-15T16:00:00.000Z,0
401432548,2022,2022-10-22T17:00:00.000Z,0
401432549,2022,2022-10-29T16:00:00.000Z,0
401432550,2022,2022-11-05T16:00:00.000Z,0
401432551,2022,2022-09-03T16:00:00.000Z,0
401432552,2022,2022-09-10T17:00:00.000Z,0
401432553,2022,2022-10-01T17:00:00.000Z,0
401432554,2022,2022-10-08T17:00:00.000Z,0
401432555,2022,2022-10-15T17:00:00.000Z,0
401432556,2022,2022-10-22T17:00:00.000Z,0
401432557,2022,2022-10-29T17:00:00.000Z,0
401432558,2022,2022-11-05T16:00:00.000Z,0
401432559,2022,2022-11-12T17:00:00.000Z,0
401432560,2022,2022-09-03T18:00:00.000Z,0
401432561,2022,2022-09-10T18:00:00.000Z,0
401432562,2022,2022-09-17T18:00:00.000Z,0
401432563,2022,2022-10-01T18:00:00.000Z,0
401432564,2022,2022-10-08T18:00:00.000Z,0
401432565,2022,2022-10-22T18:00:00.000Z,0
401432566,2022,2022-11-05T18:00:00.000Z,0
401432567,2022,2022-09-17T23:00:00.000Z,0
401432568,2022,2022-10-15T23:00:00.000Z,0
401432569,2022,2022-10-22T23:00:00.000Z,0
401432570,2022,2022-11-12T19:00:00.000Z,0
401432572,2022,2022-09-10T16:00:00.000Z,0
401432573,2022,2022-09-17T16:00:00.000Z,0
401432574,2022,2022-09-24T16:00:00.000Z,0
401432575,2022,2022-10-01T17:00:00.000Z,0
401432576,2022,2022-10-15T19:00:00.000Z,0
401432577,2022,2022-10-22T17:00:00.000Z,0
401432578,2022,2022-10-29T17:00:00.000Z,0
401432579,2022,2022-11-05T17:00:00.000Z,0
401432580,2022,2022-11-12T18:00:00.000Z,0
401432581,2022,2022-09-03T17:00:00.000Z,0
401432582,2022,2022-09-17T17:00:00.000Z,0
401432583,2022,2022-09-24T17:00:00.000Z,0
401432584,2022,2022-10-08T17:00:00.000Z,0
401432585,2022,2022-10-15T16:00:00.000Z,0
401432586,2022,2022-10-29T17:00:00.000Z,0
401432588,2022,2022-11-12T18:00:00.000Z,0
401432589,2022,2022-09-10T16:00:00.000Z,0
401432610,2022,2022-09-17T17:00:00.000Z,0
401432611,2022,2022-10-15T20:00:00.000Z,0
401432612,2022,2022-10-22T17:00:00.000Z,0
401432613,2022,2022-10-29T23:00:00.000Z,0
401432614,2022,2022-11-05T17:00:00.000Z,0
401432615,2022,2022-11-12T18:00:00.000Z,0
401432616,2022,2022-09-03T16:00:00.000Z,0
401432617,2022,2022-09-10T18:00:00.000Z,0
401432618,2022,2022-10-01T17:00:00.000Z,0
401432619,2022,2022-10-08T18:00:00.000Z,0
401432620,2022,2022-10-15T17:00:00.000Z,0
401432621,2022,2022-10-22T17:00:00.000Z,0
401432622,2022,2022-11-05T17:00:00.000Z,0
401432623,2022,2022-09-03T17:00:00.000Z,0
401432624,2022,2022-09-17T18:00:00.000Z,0
401432625,2022,2022-09-24T18:00:00.000Z,0
401432626,2022,2022-10-01T17:00:00.000Z,0
401432627,2022,2022-11-12T18:00:00.000Z,0
401432628,2022,2022-09-03T22:00:00.000Z,0
401432629,2022,2022-09-10T23:00:00.000Z,0
401432630,2022,2022-09-24T18:00:00.000Z,0
401432631,2022,2022-10-01T17:00:00.000Z,0
401432632,2022,2022-10-15T16:00:00.000Z,0
401432633,2022,2022-10-22T17:00:00.000Z,0
401432634,2022,2022-10-29T17:00:00.000Z,0
401432635,2022,2022-11-05T17:00:00.000Z,0
401432636,2022,2022-11-12T22:00:00.000Z,0
401432637,2022,2022-09-04T02:00:00.000Z,0
401432638,2022,2022-09-18T02:00:00.000Z,0
401432639,2022,2022-10-01T17:30:00.000Z,0
401432640,2022,2022-10-08T20:00:00.000Z,0
401432641,2022,2022-10-15T20:30:00.000Z,0
401432642,2022,2022-10-22T20:00:00.000Z,0
401432643,2022,2022-10-29T20:35:00.000Z,0
401432644,2022,2022-11-05T23:35:00.000Z,0
401432645,2022,2022-11-12T20:30:00.000Z,0
401432646,2022,2022-09-03T23:00:00.000Z,0
401432647,2022,2022-09-17T20:00:00.000Z,0
401432648,2022,2022-10-01T20:30:00.000Z,0
401432649,2022,2022-10-08T17:00:00.000Z,0
401432650,2022,2022-10-15T20:00:00.000Z,0
401432651,2022,2022-10-22T20:30:00.000Z,0
401432652,2022,2022-11-05T17:00:00.000Z,0
401432653,2022,2022-11-12T21:00:00.000Z,0
401432654,2022,2022-09-02T23:00:00.000Z,0
401432655,2022,2022-09-10T20:00:00.000Z,0
401432656,2022,2022-09-17T20:00:00.000Z,0
401432657,2022,2022-10-01T20:00:00.000Z,0
401432658,2022,2022-10-15T20:00:00.000Z,0
401432659,2022,2022-10-22T20:00:00.000Z,0
401432660,2022,2022-10-29T20:00:00.000Z,0
401432661,2022,2022-11-05T20:00:00.000Z,0
401432662,2022,2022-09-10T17:30:00.000Z,0
401432663,2022,2022-09-17T17:30:00.000Z,0
401432664,2022,2022-09-24T18:00:00.000Z,0
401432665,2022,2022-10-01T21:00:00.000Z,0
401432666,2022,2022-10-15T17:30:00.000Z,0
401432667,2022,2022-10-22T18:00:00.000Z,0
401432668,2022,2022-10-29T17:30:00.000Z,0
401432669,2022,2022-11-05T17:30:00.000Z,0
401432670,2022,2022-11-12T18:30:00.000Z,0
401432671,2022,2022-09-03T17:00:00.000Z,0
401432672,2022,2022-09-24T17:30:00.000Z,0
401432673,2022,2022-10-01T17:30:00.000Z,0
401432674,2022,2022-10-08T17:30:00.000Z,0
401432675,2022,2022-10-15T17:30:00.000Z,0
401432676,2022,2022-10-22T17:30:00.000Z,0
401432677,2022,2022-10-29T17:30:00.000Z,0
401432678,2022,2022-11-05T17:30:00.000Z,0
401432679,2022,2022-11-12T17:00:00.000Z,0
401432680,2022,2022-09-03T17:30:00.000Z,0
401432681,2022,2022-09-17T17:30:00.000Z,0
401432682,2022,2022-09-24T17:30:00.000Z,0
401432683,2022,2022-10-01T17:30:00.000Z,0
401432684,2022,2022-10-08T17:30:00.000Z,0
401432685,2022,2022-10-15T17:30:00.000Z,0
401432686,2022,2022-10-22T17:30:00.000Z,0
401432687,2022,2022-10-29T18:00:00.000Z,0
401432688,2022,2022-09-10T23:00:00.000Z,0
401432689,2022,2022-09-17T23:00:00.000Z,0
401432690,2022,2022-10-22T17:30:00.000Z,0
401432691,2022,2022-10-29T17:30:00.000Z,0
401432692,2022,2022-11-05T17:30:00.000Z,0
401432693,2022,2022-11-12T19:30:00.000Z,0
401432694,2022,2022-09-10T16:00:00.000Z,0
401432695,2022,2022-09-17T18:00:00.000Z,0
401432696,2022,2022-09-24T18:00:00.000Z,0
401432697,2022,2022-10-01T18:00:00.000Z,0
401432698,2022,2022-10-08T17:30:00.000Z,0
401432699,2022,2022-09-10T22:00:00.000Z,0
401432700,2022,2022-09-17T17:00:00.000Z,0
401432701,2022,2022-09-24T22:00:00.000Z,0
401432702,2022,2022-10-01T17:00:00.000Z,0
401432703,2022,2022-10-08T17:00:00.000Z,0
401432704,2022,2022-10-15T18:30:00.000Z,0
401432705,2022,2022-10-22T17:30:00.000Z,0
401432706,2022,2022-10-29T17:00:00.000Z,0
401432707,2022,2022-11-12T17:00:00.000Z,0
401432709,2022,2022-09-10T17:00:00.000Z,0
401432710,2022,2022-09-17T17:00:00.000Z,0
401432711,2022,2022-10-01T17:00:00.000Z,0
401432712,2022,2022-10-08T19:30:00.000Z,0
401432713,2022,2022-10-15T18:00:00.000Z,0
401432714,2022,2022-10-22T17:00:00.000Z,0
401432715,2022,2022-10-29T18:00:00.000Z,0
401432716,2022,2022-11-05T17:00:00.000Z,0
401432717,2022,2022-11-12T18:00:00.000Z,0
401432718,2022,2022-09-10T17:00:00.000Z,0
401432719,2022,2022-09-17T17:00:00.000Z,0
401432720,2022,2022-10-01T18:00:00.000Z,0
401432721,2022,2022-10-15T17:00:00.000Z,0
401432722,2022,2022-10-22T17:00:00.000Z,0
401432723,2022,2022-10-29T17:00:00.000Z,0
401432724,2022,2022-11-05T17:00:00.000Z,0
401432725,2022,2022-11-12T18:00:00.000Z,0
401432726,2022,2022-09-03T17:00:00.000Z,0
401432727,2022,2022-09-10T23:00:00.000Z,0
401432728,2022,2022-09-17T17:00:00.000Z,0
401432729,2022,2022-10-08T18:00:00.000Z,0
401432730,2022,2022-10-15T17:00:00.000Z,0
401432731,2022,2022-10-22T17:00:00.000Z,0
401432732,2022,2022-10-29T17:00:00.000Z,0
401432733,2022,2022-11-12T18:00:00.000Z,0
401432734,2022,2022-09-10T17:00:00.000Z,0
401432735,2022,2022-09-17T17:00:00.000Z,0
401432736,2022,2022-10-01T19:00:00.000Z,0
401432737,2022,2022-10-08T18:00:00.000Z,0
401432738,2022,2022-10-29T18:00:00.000Z,0
401432739,2022,2022-11-05T18:00:00.000Z,0
401432740,2022,2022-09-03T16:00:00.000Z,0
401432741,2022,2022-09-10T17:00:00.000Z,0
401432742,2022,2022-09-17T23:00:00.000Z,0
401432743,2022,2022-09-24T18:00:00.000Z,0
401432744,2022,2022-10-08T19:00:00.000Z,0
401432745,2022,2022-10-15T23:00:00.000Z,0
401432746,2022,2022-10-22T17:00:00.000Z,0
401432747,2022,2022-10-29T17:00:00.000Z,0
401432749,2022,2022-09-10T17:00:00.000Z,0
401432750,2022,2022-09-17T17:00:00.000Z,0
401432751,2022,2022-09-24T19:00:00.000Z,0
401432752,2022,2022-10-01T23:00:00.000Z,0
401432753,2022,2022-10-08T17:00:00.000Z,0
401432754,2022,2022-10-15T17:00:00.000Z,0
401432755,2022,2022-10-22T23:00:00.000Z,0
401432756,2022,2022-10-29T17:00:00.000Z,0
401432757,2022,2022-11-13T00:00:00.000Z,0
401432758,2022,2022-09-10T17:00:00.000Z,0
401432759,2022,2022-09-17T23:00:00.000Z,0
401432760,2022,2022-09-24T23:00:00.000Z,0
401432761,2022,2022-10-01T18:00:00.000Z,0
401432762,2022,2022-10-08T17:00:00.000Z,0
401432763,2022,2022-10-22T18:00:00.000Z,0
401432764,2022,2022-11-05T17:00:00.000Z,0
401432765,2022,2022-09-03T23:30:00.000Z,0
401432766,2022,2022-09-10T17:00:00.000Z,0
401432767,2022,2022-09-17T17:00:00.000Z,0
401432768,2022,2022-10-15T17:00:00.000Z,0
401432769,2022,2022-10-29T23:00:00.000Z,0
401432770,2022,2022-11-05T16:00:00.000Z,0
401432771,2022,2022-11-12T18:00:00.000Z,0
401432772,2022,2022-09-03T17:00:00.000Z,0
401432773,2022,2022-09-24T23:00:00.000Z,0
401432774,2022,2022-10-08T17:00:00.000Z,0
401432775,2022,2022-10-22T17:00:00.000Z,0
401432776,2022,2022-11-05T17:00:00.000Z,0
401432777,2022,2022-11-12T18:00:00.000Z,0
401432780,2022,2022-09-10T17:00:00.000Z,0
401432781,2022,2022-09-24T22:00:00.000Z,0
401432782,2022,2022-10-01T18:00:00.000Z,0
401432783,2022,2022-10-08T17:00:00.000Z,0
401432784,2022,2022-10-29T17:00:00.000Z,0
401432785,2022,2022-11-12T18:00:00.000Z,0
401432786,2022,2022-10-15T17:00:00.000Z,0
401432787,2022,2022-10-22T23:00:00.000Z,0
401432788,2022,2022-10-29T17:00:00.000Z,0
401432789,2022,2022-11-05T17:00:00.000Z,0
401432790,2022,2022-09-03T16:00:00.000Z,0
401432791,2022,2022-09-10T17:00:00.000Z,0
401432792,2022,2022-10-15T17:00:00.000Z,0
401432793,2022,2022-09-03T18:00:00.000Z,0
401432794,2022,2022-09-10T22:00:00.000Z,0
401432795,2022,2022-09-17T17:00:00.000Z,0
401432796,2022,2022-10-01T23:00:00.000Z,0
401432797,2022,2022-10-08T23:00:00.000Z,0
401432798,2022,2022-10-15T17:00:00.000Z,0
401432799,2022,2022-10-22T18:00:00.000Z,0
401432800,2022,2022-10-29T18:00:00.000Z,0
401432801,2022,2022-11-05T18:30:00.000Z,0
401432802,2022,2022-11-12T19:00:00.000Z,0
401432803,2022,2022-09-10T23:00:00.000Z,0
401432804,2022,2022-10-01T18:00:00.000Z,0
401432805,2022,2022-10-08T17:00:00.000Z,0
401432806,2022,2022-10-22T18:00:00.000Z,0
401432807,2022,2022-10-29T16:00:00.000Z,0
401432808,2022,2022-11-05T18:00:00.000Z,0
401432809,2022,2022-11-12T18:00:00.000Z,0
401432810,2022,2022-09-03T18:00:00.000Z,0
401432811,2022,2022-09-10T18:00:00.000Z,0
401432812,2022,2022-10-01T17:00:00.000Z,0
401432813,2022,2022-10-08T18:00:00.000Z,0
401432814,2022,2022-10-15T18:00:00.000Z,0
401432815,2022,2022-10-29T18:00:00.000Z,0
401432816,2022,2022-11-05T23:00:00.000Z,0
401432817,2022,2022-09-03T17:00:00.000Z,0
401432818,2022,2022-09-17T18:00:00.000Z,0
401432819,2022,2022-10-01T18:00:00.000Z,0
401432820,2022,2022-10-22T23:00:00.000Z,0
401432821,2022,2022-10-29T19:00:00.000Z,0
401432822,2022,2022-11-12T18:00:00.000Z,0
401432823,2022,2022-09-10T20:00:00.000Z,0
401432824,2022,2022-09-25T02:00:00.000Z,0
401432825,2022,2022-10-01T20:00:00.000Z,0
401432826,2022,2022-10-08T20:00:00.000Z,0
401432827,2022,2022-10-15T20:00:00.000Z,0
401432828,2022,2022-10-29T20:00:00.000Z,0
401432829,2022,2022-11-05T20:00:00.000Z,0
401432830,2022,2022-11-12T21:00:00.000Z,0
401432831,2022,2022-09-11T02:00:00.000Z,0
401432832,2022,2022-10-09T02:00:00.000Z,0
401432833,2022,2022-10-16T02:00:00.000Z,0
401432834,2022,2022-10-23T02:00:00.000Z,0
401432835,2022,2022-10-29T20:00:00.000Z,0
401432836,2022,2022-11-12T21:00:00.000Z,0
401432837,2022,2022-09-10T18:00:00.000Z,0
401432838,2022,2022-09-17T18:00:00.000Z,0
401432839,2022,2022-10-08T18:00:00.000Z,0
401432840,2022,2022-10-15T17:00:00.000Z,0
401432841,2022,2022-10-22T17:00:00.000Z,0
401432842,2022,2022-10-29T20:00:00.000Z,0
401432843,2022,2022-11-12T18:00:00.000Z,0
401432844,2022,2022-09-10T23:00:00.000Z,0
401432845,2022,2022-10-01T17:00:00.000Z,0
401432846,2022,2022-10-15T17:00:00.000Z,0
401432847,2022,2022-10-22T18:00:00.000Z,0
401432848,2022,2022-11-05T17:00:00.000Z,0
401432849,2022,2022-09-17T23:00:00.000Z,0
401432850,2022,2022-09-24T17:00:00.000Z,0
401432851,2022,2022-10-01T17:00:00.000Z,0
401432852,2022,2022-10-08T17:00:00.000Z,0
401432853,2022,2022-10-22T17:00:00.000Z,0
401432854,2022,2022-10-29T22:00:00.000Z,0
401432855,2022,2022-11-05T18:00:00.000Z,0
401432856,2022,2022-11-12T19:00:00.000Z,0
401432857,2022,2022-10-08T18:00:00.000Z,0
401432858,2022,2022-10-15T18:00:00.000Z,0
401432859,2022,2022-10-22T18:00:00.000Z,0
401432860,2022,2022-10-29T18:00:00.000Z,0
401432861,2022,2022-11-05T18:00:00.000Z,0
401432863,2022,2022-09-10T18:00:00.000Z,0
401432864,2022,2022-09-24T18:00:00.000Z,0
401432865,2022,2022-10-01T17:00:00.000Z,0
401432866,2022,2022-10-15T18:00:00.000Z,0
401432867,2022,2022-10-29T17:00:00.000Z,0
401432869,2022,2022-09-17T22:00:00.000Z,0
401432870,2022,2022-10-08T20:00:00.000Z,0
401432871,2022,2022-10-22T18:00:00.000Z,0
401432872,2022,2022-11-05T17:00:00.000Z,0
401432874,2022,2022-10-01T18:00:00.000Z,0
401432875,2022,2022-10-08T18:00:00.000Z,0
401432876,2022,2022-10-15T18:00:00.000Z,0
401432877,2022,2022-10-22T19:00:00.000Z,0
401432878,2022,2022-10-29T18:00:00.000Z,0
401432879,2022,2022-11-12T18:00:00.000Z,0
401432880,2022,2022-09-03T22:00:00.000Z,0
401432881,2022,2022-09-17T16:00:00.000Z,0
401432882,2022,2022-09-24T17:00:00.000Z,0
401432883,2022,2022-10-01T16:00:00.000Z,0
401432884,2022,2022-10-15T16:00:00.000Z,0
401432885,2022,2022-10-22T17:00:00.000Z,0
401432886,2022,2022-11-05T16:00:00.000Z,0
401432887,2022,2022-11-12T17:00:00.000Z,0
401432888,2022,2022-09-03T21:00:00.000Z,0
401432889,2022,2022-10-01T18:00:00.000Z,0
401432890,2022,2022-10-08T18:00:00.000Z,0
401432891,2022,2022-10-15T16:30:00.000Z,0
401432892,2022,2022-10-22T18:00:00.000Z,0
401432893,2022,2022-10-29T18:00:00.000Z,0
401432894,2022,2022-11-05T18:00:00.000Z,0
401432895,2022,2022-11-12T19:00:00.000Z,0
401432896,2022,2022-09-17T18:00:00.000Z,0
401432897,2022,2022-09-24T18:00:00.000Z,0
401432898,2022,2022-10-01T23:00:00.000Z,0
401432899,2022,2022-10-15T18:00:00.000Z,0
401432900,2022,2022-10-22T18:30:00.000Z,0
401432901,2022,2022-10-29T18:00:00.000Z,0
401432902,2022,2022-11-05T18:00:00.000Z,0
401432903,2022,2022-11-12T19:00:00.000Z,0
401432950,2022,2022-10-01T18:00:00.000Z,0
401432951,2022,2022-10-08T20:00:00.000Z,0
401432952,2022,2022-10-15T18:00:00.000Z,0
401432953,2022,2022-10-22T18:00:00.000Z,0
401432954,2022,2022-10-29T18:00:00.000Z,0
401432955,2022,2022-11-12T19:00:00.000Z,0
401432956,2022,2022-10-08T18:00:00.000Z,0
401432957,2022,2022-10-15T18:00:00.000Z,0
401432958,2022,2022-10-29T18:00:00.000Z,0
401432959,2022,2022-11-05T17:00:00.000Z,0
401432960,2022,2022-11-12T18:00:00.000Z,0
401432961,2022,2022-09-10T18:00:00.000Z,0
401432962,2022,2022-10-08T18:00:00.000Z,0
401432963,2022,2022-10-22T19:00:00.000Z,0
401432964,2022,2022-11-05T18:00:00.000Z,0
401432965,2022,2022-11-12T18:00:00.000Z,0
401432966,2022,2022-09-24T22:00:00.000Z,0
401432967,2022,2022-10-01T22:00:00.000Z,0
401432968,2022,2022-10-15T18:00:00.000Z,0
401432969,2022,2022-10-22T17:00:00.000Z,0
401432970,2022,2022-10-22T17:00:00.000Z,0
401432971,2022,2022-10-29T17:00:00.000Z,0
401432972,2022,2022-11-05T17:00:00.000Z,0
401432973,2022,2022-09-17T18:00:00.000Z,0
401432974,2022,2022-10-01T18:00:00.000Z,0
401432975,2022,2022-09-03T18:00:00.000Z,0
401432977,2022,2022-09-10T18:00:00.000Z,0
401432978,2022,2022-09-17T16:00:00.000Z,0
401432979,2022,2022-09-24T18:00:00.000Z,0
401432980,2022,2022-10-01T22:00:00.000Z,0
401432981,2022,2022-10-08T16:00:00.000Z,0
401432982,2022,2022-10-15T17:00:00.000Z,0
401432983,2022,2022-10-22T18:00:00.000Z,0
401432984,2022,2022-10-29T16:00:00.000Z,0
401432985,2022,2022-11-05T18:00:00.000Z,0
401432986,2022,2022-11-12T20:00:00.000Z,0
401432987,2022,2022-09-01T22:30:00.000Z,0
401432988,2022,2022-09-10T16:00:00.000Z,0
401432989,2022,2022-09-17T16:00:00.000Z,0
401432990,2022,2022-09-24T16:00:00.000Z,0
401432991,2022,2022-10-01T18:00:00.000Z,0
401432992,2022,2022-10-08T16:00:00.000Z,0
401432993,2022,2022-10-15T22:00:00.000Z,0
401432994,2022,2022-10-22T19:30:00.000Z,0
401432995,2022,2022-10-29T16:00:00.000Z,0
401432996,2022,2022-11-05T16:00:00.000Z,0
401432997,2022,2022-11-12T17:00:00.000Z,0
401432998,2022,2022-09-17T18:00:00.000Z,0
401432999,2022,2022-09-24T17:00:00.000Z,0
401433000,2022,2022-10-08T20:00:00.000Z,0
401433001,2022,2022-10-15T22:00:00.000Z,0
401433002,2022,2022-10-22T16:00:00.000Z,0
401433003,2022,2022-10-29T16:00:00.000Z,0
401433004,2022,2022-11-05T18:00:00.000Z,0
401433005,2022,2022-11-12T17:00:00.000Z,0
401433006,2022,2022-09-10T22:05:00.000Z,0
401433007,2022,2022-09-17T17:00:00.000Z,0
401433008,2022,2022-09-24T20:00:00.000Z,0
401433009,2022,2022-10-01T18:00:00.000Z,0
401433010,2022,2022-10-15T16:00:00.000Z,0
401433011,2022,2022-10-22T18:00:00.000Z,0
401433012,2022,2022-10-29T16:00:00.000Z,0
401433013,2022,2022-09-03T16:00:00.000Z,0
401433014,2022,2022-09-17T16:00:00.000Z,0
401433015,2022,2022-09-24T16:00:00.000Z,0
401433016,2022,2022-10-01T17:05:00.000Z,0
401433017,2022,2022-10-15T17:00:00.000Z,0
401433018,2022,2022-10-22T19:00:00.000Z,0
401433019,2022,2022-10-29T16:00:00.000Z,0
401433020,2022,2022-11-05T16:00:00.000Z,0
401433021,2022,2022-11-12T18:00:00.000Z,0
401433022,2022,2022-09-03T17:00:00.000Z,0
401433023,2022,2022-09-10T22:00:00.000Z,0
401433024,2022,2022-09-24T17:05:00.000Z,0
401433025,2022,2022-10-01T17:00:00.000Z,0
401433026,2022,2022-10-08T16:00:00.000Z,0
401433027,2022,2022-10-29T16:00:00.000Z,0
401433028,2022,2022-11-05T17:00:00.000Z,0
401433029,2022,2022-11-12T17:00:00.000Z,0
401433030,2022,2022-09-10T16:00:00.000Z,0
401433031,2022,2022-09-17T16:00:00.000Z,0
401433032,2022,2022-09-24T16:00:00.000Z,0
401433033,2022,2022-10-08T16:00:00.000Z,0
401433034,2022,2022-10-15T16:00:00.000Z,0
401433035,2022,2022-10-22T18:00:00.000Z,0
401433036,2022,2022-11-12T17:00:00.000Z,0
401433037,2022,2022-09-10T17:00:00.000Z,0
401433038,2022,2022-09-17T16:00:00.000Z,0
401433039,2022,2022-09-24T22:00:00.000Z,0
401433040,2022,2022-10-01T16:00:00.000Z,0
401433041,2022,2022-10-29T16:00:00.000Z,0
401433042,2022,2022-11-05T18:00:00.000Z,0
401433043,2022,2022-09-01T21:30:00.000Z,0
401433044,2022,2022-09-10T16:00:00.000Z,0
401433045,2022,2022-10-01T17:00:00.000Z,0
401433046,2022,2022-10-22T16:00:00.000Z,0
401433047,2022,2022-11-05T17:05:00.000Z,0
401433048,2022,2022-11-12T17:00:00.000Z,0
401433049,2022,2022-09-03T17:00:00.000Z,0
401433050,2022,2022-10-08T18:00:00.000Z,0
401433051,2022,2022-10-29T17:00:00.000Z,0
401433052,2022,2022-11-12T17:00:00.000Z,0
401433053,2022,2022-09-10T16:00:00.000Z,0
401433054,2022,2022-10-08T22:00:00.000Z,0
401433055,2022,2022-10-15T17:00:00.000Z,0
401433056,2022,2022-11-05T17:00:00.000Z,0
401433057,2022,2022-09-02T22:00:00.000Z,0
401433058,2022,2022-09-17T16:00:00.000Z,0
401433059,2022,2022-10-15T18:05:00.000Z,0
401433060,2022,2022-09-04T00:00:00.000Z,0
401433061,2022,2022-09-17T19:00:00.000Z,0
401433062,2022,2022-09-24T20:00:00.000Z,0
401433063,2022,2022-10-02T01:00:00.000Z,0
401433064,2022,2022-10-08T19:00:00.000Z,0
401433065,2022,2022-10-15T18:00:00.000Z,0
401433066,2022,2022-10-23T01:00:00.000Z,0
401433067,2022,2022-10-29T18:00:00.000Z,0
401433068,2022,2022-11-05T19:00:00.000Z,0
401433069,2022,2022-11-12T20:00:00.000Z,0
401433070,2022,2022-09-02T00:00:00.000Z,0
401433071,2022,2022-09-10T17:00:00.000Z,0
401433072,2022,2022-09-18T00:00:00.000Z,0
401433073,2022,2022-09-24T19:00:00.000Z,0
401433074,2022,2022-10-02T00:00:00.000Z,0
401433075,2022,2022-10-08T19:00:00.000Z,0
401433076,2022,2022-10-15T18:00:00.000Z,0
401433077,2022,2022-10-22T18:00:00.000Z,0
401433078,2022,2022-10-29T18:00:00.000Z,0
401433079,2022,2022-11-12T19:00:00.000Z,0
401433080,2022,2022-09-24T19:00:00.000Z,0
401433081,2022,2022-10-01T19:00:00.000Z,0
401433082,2022,2022-10-08T18:00:00.000Z,0
401433083,2022,2022-10-22T20:00:00.000Z,0
401433084,2022,2022-10-29T18:00:00.000Z,0
401433085,2022,2022-11-05T18:00:00.000Z,0
401433086,2022,2022-11-12T19:00:00.000Z,0
401433087,2022,2022-09-02T00:00:00.000Z,0
401433088,2022,2022-09-17T19:00:00.000Z,0
401433089,2022,2022-10-02T00:00:00.000Z,0
401433090,2022,2022-10-08T18:00:00.000Z,0
401433091,2022,2022-10-16T00:00:00.000Z,0
401433092,2022,2022-10-29T19:00:00.000Z,0
401433093,2022,2022-11-12T20:00:00.000Z,0
401433094,2022,2022-09-24T18:00:00.000Z,0
401433095,2022,2022-10-15T18:00:00.000Z,0
401433096,2022,2022-10-29T19:00:00.000Z,0
401433097,2022,2022-11-05T18:00:00.000Z,0
401433098,2022,2022-11-12T19:00:00.000Z,0
401433099,2022,2022-09-17T20:00:00.000Z,0
401433100,2022,2022-10-01T20:00:00.000Z,0
401433101,2022,2022-10-15T20:00:00.000Z,0
401433102,2022,2022-11-05T20:00:00.000Z,0
401433103,2022,2022-09-24T20:00:00.000Z,0
401433104,2022,2022-10-08T19:00:00.000Z,0
401433105,2022,2022-10-22T18:00:00.000Z,0
401433106,2022,2022-10-22T18:00:00.000Z,0
401433107,2022,2022-11-05T18:00:00.000Z,0
401433108,2022,2022-09-17T17:00:00.000Z,0
401433109,2022,2022-09-24T18:00:00.000Z,0
401433110,2022,2022-10-01T22:00:00.000Z,0
401433111,2022,2022-10-08T20:00:00.000Z,0
401433112,2022,2022-10-15T20:00:00.000Z,0
401433113,2022,2022-10-22T22:00:00.000Z,0
401433114,2022,2022-10-29T18:00:00.000Z,0
401433116,2022,2022-09-10T17:00:00.000Z,0
401433117,2022,2022-09-24T22:00:00.000Z,0
401433118,2022,2022-10-01T19:00:00.000Z,0
401433119,2022,2022-10-08T17:00:00.000Z,0
401433120,2022,2022-10-22T18:00:00.000Z,0
401433121,2022,2022-10-29T17:00:00.000Z,0
401433122,2022,2022-11-05T18:00:00.000Z,0
401433123,2022,2022-11-12T18:00:00.000Z,0
401433124,2022,2022-09-17T17:00:00.000Z,0
401433125,2022,2022-09-24T23:00:00.000Z,0
401433126,2022,2022-10-01T17:00:00.000Z,0
401433127,2022,2022-10-15T16:00:00.000Z,0
401433128,2022,2022-10-22T22:00:00.000Z,0
401433129,2022,2022-10-29T20:00:00.000Z,0
401433131,2022,2022-09-17T22:00:00.000Z,0
401433132,2022,2022-09-24T20:00:00.000Z,0
401433133,2022,2022-10-08T17:30:00.000Z,0
401433134,2022,2022-10-15T16:00:00.000Z,0
401433135,2022,2022-11-05T17:00:00.000Z,0
401433137,2022,2022-10-08T22:00:00.000Z,0
401433138,2022,2022-11-05T18:00:00.000Z,0
401433139,2022,2022-11-12T18:30:00.000Z,0
401433150,2022,2022-09-17T16:00:00.000Z,0
401433151,2022,2022-09-24T17:00:00.000Z,0
401433152,2022,2022-10-01T17:00:00.000Z,0
401433153,2022,2022-10-08T22:00:00.000Z,0
401433154,2022,2022-11-05T16:00:00.000Z,0
401433395,2022,2022-10-29T18:00:00.000Z,0
401433397,2022,2022-09-03T17:00:00.000Z,0
401433398,2022,2022-09-17T21:00:00.000Z,0
401433399,2022,2022-09-24T20:00:00.000Z,0
401433400,2022,2022-10-01T17:00:00.000Z,0
401433401,2022,2022-10-08T16:00:00.000Z,0
401433402,2022,2022-10-15T16:00:00.000Z,0
401433403,2022,2022-11-05T16:00:00.000Z,0
401433404,2022,2022-11-12T17:00:00.000Z,0
401433405,2022,2022-10-22T17:30:00.000Z,0
401433406,2022,2022-11-05T17:30:00.000Z,0
401433407,2022,2022-11-12T18:30:00.000Z,0
401433408,2022,2022-09-03T18:00:00.000Z,0
401433409,2022,2022-09-10T18:00:00.000Z,0
401433430,2022,2022-09-17T18:00:00.000Z,0
401433431,2022,2022-10-15T18:00:00.000Z,0
401434858,2022,2022-09-17T23:00:00.000Z,0
401435051,2022,2022-09-24T19:00:00.000Z,0
401435052,2022,2022-11-05T17:00:00.000Z,0
401435053,2022,2022-11-12T21:00:00.000Z,0
401435054,2022,2022-09-10T18:00:00.000Z,0
401435055,2022,2022-09-17T18:00:00.000Z,0
401435056,2022,2022-10-01T17:00:00.000Z,0
401435057,2022,2022-10-15T22:00:00.000Z,0
401435058,2022,2022-11-12T18:00:00.000Z,0
401435059,2022,2022-09-03T18:00:00.000Z,0
401435060,2022,2022-09-17T18:00:00.000Z,0
401435061,2022,2022-10-01T18:00:00.000Z,0
401435062,2022,2022-10-08T18:00:00.000Z,0
401435063,2022,2022-09-03T23:00:00.000Z,0
401435064,2022,2022-09-10T16:00:00.000Z,0
401435065,2022,2022-09-17T17:00:00.000Z,0
401435066,2022,2022-09-24T17:00:00.000Z,0
401435067,2022,2022-10-01T17:00:00.000Z,0
401435068,2022,2022-10-15T21:00:00.000Z,0
401435069,2022,2022-10-22T17:00:00.000Z,0
401435072,2022,2022-09-02T23:00:00.000Z,0
401435073,2022,2022-09-09T23:00:00.000Z,0
401435074,2022,2022-09-16T23:00:00.000Z,0
401435075,2022,2022-09-24T18:00:00.000Z,0
401435076,2022,2022-10-01T17:00:00.000Z,0
401435077,2022,2022-10-29T17:00:00.000Z,0
401435080,2022,2022-10-15T16:00:00.000Z,0
401435090,2022,2022-10-29T16:00:00.000Z,0
401435091,2022,2022-11-12T18:00:00.000Z,0
401435092,2022,2022-09-10T22:00:00.000Z,0
401435093,2022,2022-09-17T16:00:00.000Z,0
401435094,2022,2022-10-15T16:00:00.000Z,0
401435095,2022,2022-10-22T16:00:00.000Z,0
401435096,2022,2022-10-29T16:00:00.000Z,0
401435097,2022,2022-11-05T16:00:00.000Z,0
401435098,2022,2022-11-12T18:00:00.000Z,0
401435099,2022,2022-10-01T18:00:00.000Z,0
401435100,2022,2022-10-08T18:00:00.000Z,0
401435101,2022,2022-10-29T18:00:00.000Z,0
401435102,2022,2022-11-05T18:00:00.000Z,0
401435103,2022,2022-09-03T18:00:00.000Z,0
401435104,2022,2022-09-10T18:00:00.000Z,0
401435105,2022,2022-10-15T18:00:00.000Z,0
401435106,2022,2022-09-03T23:00:00.000Z,0
401435107,2022,2022-09-24T18:00:00.000Z,0
401435108,2022,2022-09-10T18:00:00.000Z,0
401435109,2022,2022-10-08T18:00:00.000Z,0
401435110,2022,2022-09-10T18:00:00.000Z,0
401435111,2022,2022-09-17T18:00:00.000Z,0
401435112,2022,2022-10-22T18:00:00.000Z,0
401435113,2022,2022-11-12T19:00:00.000Z,0
401435114,2022,2022-09-24T17:00:00.000Z,0
401435115,2022,2022-10-22T17:00:00.000Z,0
401435116,2022,2022-10-29T17:30:00.000Z,0
401435117,2022,2022-11-05T17:00:00.000Z,0
401435118,2022,2022-09-03T16:00:00.000Z,0
401435119,2022,2022-10-08T17:00:00.000Z,0
401435120,2022,2022-10-22T16:00:00.000Z,0
401435121,2022,2022-11-12T18:00:00.000Z,0
401435122,2022,2022-09-17T17:30:00.000Z,0
401435123,2022,2022-09-24T17:00:00.000Z,0
401435124,2022,2022-10-01T17:00:00.000Z,0
401435125,2022,2022-10-08T17:30:00.000Z,0
401435126,2022,2022-10-15T17:00:00.000Z,0
401435127,2022,2022-10-22T18:30:00.000Z,0
401435128,2022,2022-10-29T17:00:00.000Z,0
401435129,2022,2022-11-05T17:00:00.000Z,0
401435130,2022,2022-11-12T17:00:00.000Z,0
401435131,2022,2022-09-03T17:00:00.000Z,0
401435132,2022,2022-09-10T17:00:00.000Z,0
401435133,2022,2022-09-17T17:00:00.000Z,0
401435134,2022,2022-10-01T16:00:00.000Z,0
401435135,2022,2022-10-08T17:00:00.000Z,0
401435136,2022,2022-10-15T17:30:00.000Z,0
401435137,2022,2022-10-22T17:00:00.000Z,0
401435138,2022,2022-11-05T16:00:00.000Z,0
401435139,2022,2022-11-12T17:00:00.000Z,0
401435140,2022,2022-09-02T23:00:00.000Z,0
401435141,2022,2022-09-17T17:00:00.000Z,0
401435142,2022,2022-09-24T17:00:00.000Z,0
401435143,2022,2022-10-01T18:30:00.000Z,0
401435144,2022,2022-10-08T16:00:00.000Z,0
401435145,2022,2022-10-15T16:00:00.000Z,0
401435146,2022,2022-10-29T17:00:00.000Z,0
401435147,2022,2022-11-12T17:00:00.000Z,0
401435149,2022,2022-09-04T02:00:00.000Z,0
401435170,2022,2022-09-18T02:00:00.000Z,0
401435171,2022,2022-10-01T20:00:00.000Z,0
401435172,2022,2022-10-08T20:00:00.000Z,0
401435173,2022,2022-10-29T20:00:00.000Z,0
401435174,2022,2022-11-12T21:00:00.000Z,0
401435175,2022,2022-09-18T02:00:00.000Z,0
401435176,2022,2022-09-24T20:00:00.000Z,0
401435177,2022,2022-10-08T20:00:00.000Z,0
401435178,2022,2022-10-29T20:00:00.000Z,0
401435179,2022,2022-11-05T20:00:00.000Z,0
401435180,2022,2022-09-03T23:00:00.000Z,0
401435181,2022,2022-09-17T23:00:00.000Z,0
401435182,2022,2022-09-24T17:30:00.000Z,0
401435183,2022,2022-11-05T17:30:00.000Z,0
401435184,2022,2022-11-12T18:30:00.000Z,0
401435185,2022,2022-10-15T17:30:00.000Z,0
401435186,2022,2022-10-22T18:00:00.000Z,0
401435187,2022,2022-11-12T18:30:00.000Z,0
401435188,2022,2022-09-10T18:00:00.000Z,0
401435189,2022,2022-10-22T18:00:00.000Z,0
401435190,2022,2022-10-08T18:00:00.000Z,0
401435191,2022,2022-10-15T17:00:00.000Z,0
401435192,2022,2022-11-05T17:00:00.000Z,0
401435193,2022,2022-11-05T17:00:00.000Z,0
401435194,2022,2022-11-12T18:00:00.000Z,0
401435195,2022,2022-09-10T23:00:00.000Z,0
401435196,2022,2022-09-17T17:00:00.000Z,0
401435197,2022,2022-10-01T17:00:00.000Z,0
401435198,2022,2022-10-22T17:00:00.000Z,0
401435199,2022,2022-10-29T18:00:00.000Z,0
401435200,2022,2022-11-12T19:00:00.000Z,0
401435201,2022,2022-09-24T16:00:00.000Z,0
401435202,2022,2022-10-08T17:00:00.000Z,0
401435203,2022,2022-10-15T17:00:00.000Z,0
401435204,2022,2022-10-01T18:00:00.000Z,0
401435205,2022,2022-10-08T19:00:00.000Z,0
401435206,2022,2022-10-15T18:00:00.000Z,0
401435207,2022,2022-10-22T18:00:00.000Z,0
401435208,2022,2022-11-05T18:00:00.000Z,0
401435209,2022,2022-10-01T18:00:00.000Z,0
401435210,2022,2022-10-08T18:00:00.000Z,0
401435211,2022,2022-10-22T18:00:00.000Z,0
401435212,2022,2022-10-29T18:00:00.000Z,0
401435213,2022,2022-09-03T23:00:00.000Z,0
401435214,2022,2022-10-29T18:00:00.000Z,0
401435215,2022,2022-11-05T18:00:00.000Z,0
401435216,2022,2022-11-12T19:00:00.000Z,0
401435217,2022,2022-10-08T18:00:00.000Z,0
401435218,2022,2022-10-15T00:00:00.000Z,0
401435346,2022,2022-09-03T18:00:00.000Z,0
401435347,2022,2022-11-12T19:00:00.000Z,0
401435348,2022,2022-09-10T22:00:00.000Z,0
401435349,2022,2022-10-01T23:00:00.000Z,0
401435487,2022,2022-10-01T23:00:00.000Z,0
401435488,2022,2022-10-15T17:00:00.000Z,0
401436995,2022,2022-10-22T18:00:00.000Z,0
401436996,2022,2022-11-05T18:00:00.000Z,0
401436997,2022,2022-09-02T23:00:00.000Z,0
401436998,2022,2022-09-10T17:00:00.000Z,0
401436999,2022,2022-09-17T17:00:00.000Z,0
401437000,2022,2022-09-24T17:00:00.000Z,0
401437001,2022,2022-10-15T17:00:00.000Z,0
401437002,2022,2022-10-22T17:00:00.000Z,0
401437003,2022,2022-10-29T17:00:00.000Z,0
401437004,2022,2022-11-12T18:00:00.000Z,0
401437007,2022,2022-09-01T18:00:00.000Z,0
401437008,2022,2022-12-03T21:00:00.000Z,0
401437009,2022,2022-12-04T01:00:00.000Z,0
401437030,2022,2022-12-03T17:00:00.000Z,0
401437031,2022,2022-12-04T01:00:00.000Z,0
401437032,2022,2022-12-03T00:30:00.000Z,0
401437033,2022,2022-12-03T17:00:00.000Z,0
401437034,2022,2022-12-03T21:00:00.000Z,0
401437035,2022,2022-12-03T01:00:00.000Z,0
401437036,2022,2022-12-03T21:00:00.000Z,0
401437037,2022,2022-12-03T20:30:00.000Z,0
401437045,2022,2022-09-10T17:00:00.000Z,0
401437132,2022,2022-12-03T21:00:00.000Z,0
401437185,2022,2022-09-10T17:00:00.000Z,0
401437186,2022,2022-09-17T17:00:00.000Z,0
401437188,2022,2022-10-08T17:00:00.000Z,0
401437189,2022,2022-10-15T17:00:00.000Z,0
401437190,2022,2022-10-29T17:00:00.000Z,0
401437192,2022,2022-11-12T17:00:00.000Z,0
401437201,2022,2022-09-03T17:00:00.000Z,0
401437202,2022,2022-09-24T16:00:00.000Z,0
401437203,2022,2022-10-01T17:30:00.000Z,0
401437204,2022,2022-10-08T17:00:00.000Z,0
401437205,2022,2022-10-22T16:00:00.000Z,0
401437206,2022,2022-10-29T16:00:00.000Z,0
401437207,2022,2022-11-12T17:00:00.000Z,0
401437208,2022,2022-09-10T17:00:00.000Z,0
401437209,2022,2022-09-17T17:00:00.000Z,0
401437210,2022,2022-09-24T17:00:00.000Z,0
401437211,2022,2022-10-22T17:00:00.000Z,0
401437212,2022,2022-10-29T17:00:00.000Z,0
401437213,2022,2022-11-05T17:00:00.000Z,0
401437410,2022,2022-09-17T19:00:00.000Z,0
401437411,2022,2022-10-08T17:00:00.000Z,0
401437656,2022,2022-09-24T18:00:00.000Z,0
401438171,2022,2022-09-17T17:00:00.000Z,0
401438177,2022,2022-09-10T17:00:00.000Z,0
401438181,2022,2022-09-17T17:00:00.000Z,0
401438182,2022,2022-10-08T17:00:00.000Z,0
401438184,2022,2022-10-29T17:00:00.000Z,0
401438225,2022,2022-09-03T17:00:00.000Z,0
401438226,2022,2022-09-10T17:00:00.000Z,0
401438227,2022,2022-10-29T17:00:00.000Z,0
401438228,2022,2022-10-22T22:00:00.000Z,0
401438552,2022,2022-09-24T17:00:00.000Z,0
401438553,2022,2022-11-05T17:00:00.000Z,0
401438554,2022,2022-09-03T17:00:00.000Z,0
401438555,2022,2022-10-22T20:00:00.000Z,0
401438595,2022,2022-09-01T23:00:00.000Z,0
401438596,2022,2022-10-08T18:00:00.000Z,0
401438597,2022,2022-10-22T16:00:00.000Z,0
401438600,2022,2022-10-22T17:00:00.000Z,0
401438601,2022,2022-11-05T19:00:00.000Z,0
401438602,2022,2022-11-12T18:00:00.000Z,0
401438604,2022,2022-09-01T23:00:00.000Z,0
401438605,2022,2022-10-29T16:00:00.000Z,0
401438606,2022,2022-09-02T23:00:00.000Z,0
401438607,2022,2022-09-09T23:00:00.000Z,0
401438608,2022,2022-09-17T16:00:00.000Z,0
401438609,2022,2022-09-24T18:30:00.000Z,0
401438610,2022,2022-10-01T16:00:00.000Z,0
401438611,2022,2022-10-08T16:00:00.000Z,0
401438612,2022,2022-10-22T16:00:00.000Z,0
401438614,2022,2022-09-03T16:00:00.000Z,0
401438615,2022,2022-09-17T16:00:00.000Z,0
401438616,2022,2022-09-24T17:00:00.000Z,0
401438617,2022,2022-10-15T16:00:00.000Z,0
401438619,2022,2022-10-08T18:00:00.000Z,0
401438620,2022,2022-10-15T20:00:00.000Z,0
401438621,2022,2022-09-24T23:00:00.000Z,0
401438622,2022,2022-10-15T21:00:00.000Z,0
401438623,2022,2022-11-12T19:00:00.000Z,0
401438624,2022,2022-09-24T16:00:00.000Z,0
401438625,2022,2022-10-08T17:00:00.000Z,0
401438626,2022,2022-10-15T16:00:00.000Z,0
401438627,2022,2022-11-05T16:00:00.000Z,0
401438628,2022,2022-11-12T19:00:00.000Z,0
401438629,2022,2022-10-01T17:00:00.000Z,0
401438630,2022,2022-10-08T17:00:00.000Z,0
401438631,2022,2022-10-29T17:00:00.000Z,0
401438632,2022,2022-11-05T16:00:00.000Z,0
401438633,2022,2022-09-09T23:00:00.000Z,0
401438634,2022,2022-09-17T16:00:00.000Z,0
401438635,2022,2022-09-24T16:00:00.000Z,0
401438636,2022,2022-10-01T17:00:00.000Z,0
401438637,2022,2022-10-08T16:00:00.000Z,0
401438638,2022,2022-10-22T16:00:00.000Z,0
401438639,2022,2022-10-29T16:00:00.000Z,0
401438640,2022,2022-11-05T16:00:00.000Z,0
401438641,2022,2022-11-12T18:00:00.000Z,0
401438642,2022,2022-09-24T17:00:00.000Z,0
401438643,2022,2022-10-01T17:30:00.000Z,0
401438644,2022,2022-10-08T17:00:00.000Z,0
401438645,2022,2022-10-15T17:00:00.000Z,0
401438646,2022,2022-10-22T16:00:00.000Z,0
401438647,2022,2022-10-29T17:00:00.000Z,0
401438648,2022,2022-11-12T17:00:00.000Z,0
401438649,2022,2022-09-02T23:00:00.000Z,0
401438650,2022,2022-09-10T18:00:00.000Z,0
401438651,2022,2022-09-17T16:00:00.000Z,0
401438652,2022,2022-10-01T20:00:00.000Z,0
401438653,2022,2022-10-08T16:00:00.000Z,0
401438654,2022,2022-10-15T16:00:00.000Z,0
401438655,2022,2022-11-05T16:00:00.000Z,0
401438656,2022,2022-11-12T17:00:00.000Z,0
401438657,2022,2022-09-24T21:00:00.000Z,0
401438658,2022,2022-10-29T18:00:00.000Z,0
401438660,2022,2022-09-01T23:00:00.000Z,0
401438661,2022,2022-09-17T18:00:00.000Z,0
401438662,2022,2022-10-29T00:00:00.000Z,0
401438663,2022,2022-09-17T17:00:00.000Z,0
401438664,2022,2022-10-01T17:00:00.000Z,0
401438665,2022,2022-10-15T17:00:00.000Z,0
401438666,2022,2022-09-10T16:00:00.000Z,0
401438667,2022,2022-09-17T18:00:00.000Z,0
401438668,2022,2022-09-24T16:00:00.000Z,0
401438669,2022,2022-10-15T16:00:00.000Z,0
401438670,2022,2022-10-22T16:00:00.000Z,0
401438671,2022,2022-10-29T16:00:00.000Z,0
401438672,2022,2022-09-03T17:00:00.000Z,0
401438673,2022,2022-09-10T18:00:00.000Z,0
401438674,2022,2022-11-12T18:00:00.000Z,0
401438675,2022,2022-10-01T17:30:00.000Z,0
401438676,2022,2022-10-29T17:30:00.000Z,0
401438677,2022,2022-11-05T17:30:00.000Z,0
401438680,2022,2022-09-03T19:00:00.000Z,0
401438681,2022,2022-09-10T19:00:00.000Z,0
401438682,2022,2022-09-17T16:00:00.000Z,0
401438683,2022,2022-10-15T21:30:00.000Z,0
401438684,2022,2022-11-12T21:00:00.000Z,0
401438685,2022,2022-09-03T17:00:00.000Z,0
401438686,2022,2022-09-10T16:00:00.000Z,0
401438687,2022,2022-10-08T17:00:00.000Z,0
401438688,2022,2022-10-15T17:00:00.000Z,0
401438689,2022,2022-10-22T18:00:00.000Z,0
401438690,2022,2022-10-29T17:00:00.000Z,0
401438691,2022,2022-11-05T17:00:00.000Z,0
401439511,2022,2022-10-01T18:00:00.000Z,0
401439512,2022,2022-08-27T19:00:00.000Z,0
401439513,2022,2022-09-03T20:00:00.000Z,0
401439514,2022,2022-09-10T22:00:00.000Z,0
401439515,2022,2022-09-24T19:00:00.000Z,0
401439516,2022,2022-11-05T18:00:00.000Z,0
401439517,2022,2022-11-12T19:00:00.000Z,0
401439518,2022,2022-09-03T17:00:00.000Z,0
401439519,2022,2022-09-10T16:00:00.000Z,0
401439520,2022,2022-10-01T22:00:00.000Z,0
401439521,2022,2022-10-08T17:00:00.000Z,0
401439522,2022,2022-10-29T18:00:00.000Z,0
401439523,2022,2022-11-05T17:00:00.000Z,0
401439524,2022,2022-09-17T18:00:00.000Z,0
401439525,2022,2022-11-05T17:30:00.000Z,0
401439526,2022,2022-11-12T18:30:00.000Z,0
401439527,2022,2022-09-10T17:00:00.000Z,0
401439528,2022,2022-09-17T16:00:00.000Z,0
401439529,2022,2022-10-01T17:00:00.000Z,0
401439530,2022,2022-10-08T17:00:00.000Z,0
401439531,2022,2022-09-03T17:00:00.000Z,0
401439532,2022,2022-09-10T17:00:00.000Z,0
401439533,2022,2022-09-17T17:00:00.000Z,0
401439534,2022,2022-09-24T17:00:00.000Z,0
401439535,2022,2022-10-01T16:00:00.000Z,0
401439536,2022,2022-10-08T16:00:00.000Z,0
401439537,2022,2022-10-29T16:00:00.000Z,0
401439538,2022,2022-11-05T17:00:00.000Z,0
401439539,2022,2022-09-02T23:00:00.000Z,0
401439540,2022,2022-11-05T16:00:00.000Z,0
401439541,2022,2022-10-22T19:30:00.000Z,0
401439542,2022,2022-09-02T23:00:00.000Z,0
401439543,2022,2022-09-09T23:00:00.000Z,0
401439544,2022,2022-09-24T17:00:00.000Z,0
401439545,2022,2022-11-12T17:00:00.000Z,0
401439546,2022,2022-09-03T16:00:00.000Z,0
401439547,2022,2022-09-10T23:00:00.000Z,0
401439548,2022,2022-09-11T02:00:00.000Z,0
401439549,2022,2022-09-17T18:00:00.000Z,0
401439550,2022,2022-10-02T02:00:00.000Z,0
401439551,2022,2022-10-23T02:00:00.000Z,0
401439552,2022,2022-10-30T02:00:00.000Z,0
401439553,2022,2022-11-06T02:00:00.000Z,0
401439554,2022,2022-09-17T18:00:00.000Z,0
401439555,2022,2022-09-25T02:00:00.000Z,0
401439556,2022,2022-10-16T00:00:00.000Z,0
401439557,2022,2022-10-22T20:00:00.000Z,0
401439558,2022,2022-11-06T02:00:00.000Z,0
401439559,2022,2022-10-08T16:00:00.000Z,0
401439560,2022,2022-11-05T22:00:00.000Z,0
401439561,2022,2022-10-29T17:00:00.000Z,0
401439762,2022,2022-09-04T00:00:00.000Z,0
401441254,2022,2022-09-17T17:00:00.000Z,0
401441255,2022,2022-09-24T17:00:00.000Z,0
401441256,2022,2022-10-01T17:00:00.000Z,0
401441257,2022,2022-10-08T17:00:00.000Z,0
401441258,2022,2022-10-15T22:00:00.000Z,0
401441259,2022,2022-10-22T17:00:00.000Z,0
401441260,2022,2022-10-29T17:00:00.000Z,0
401441262,2022,2022-09-03T17:00:00.000Z,0
401441263,2022,2022-09-10T16:00:00.000Z,0
401441264,2022,2022-10-01T17:00:00.000Z,0
401441265,2022,2022-10-08T22:00:00.000Z,0
401441266,2022,2022-10-15T16:00:00.000Z,0
401441267,2022,2022-11-12T18:00:00.000Z,0
401441290,2022,2022-11-19T18:00:00.000Z,0
401441291,2022,2022-10-22T17:00:00.000Z,0
401441333,2022,2022-10-02T19:00:00.000Z,0
401441334,2022,2022-10-08T19:00:00.000Z,0
401441335,2022,2022-10-15T18:00:00.000Z,0
401441336,2022,2022-10-29T22:00:00.000Z,0
401441337,2022,2022-11-05T21:00:00.000Z,0
401441340,2022,2022-09-03T23:00:00.000Z,0
401441636,2022,2022-10-29T18:00:00.000Z,0
401441885,2022,2022-11-05T16:00:00.000Z,0
401441886,2022,2022-11-12T18:00:00.000Z,0
401441930,2022,2022-09-24T17:00:00.000Z,0
401441931,2022,2022-10-01T17:30:00.000Z,0
401441932,2022,2022-10-15T16:00:00.000Z,0
401441933,2022,2022-10-22T17:00:00.000Z,0
401441934,2022,2022-11-05T17:00:00.000Z,0
401441935,2022,2022-11-12T18:00:00.000Z,0
401441936,2022,2022-09-03T16:00:00.000Z,0
401441937,2022,2022-10-08T17:00:00.000Z,0
401441938,2022,2022-10-22T17:30:00.000Z,0
401441939,2022,2022-10-29T16:00:00.000Z,0
401441940,2022,2022-11-05T18:00:00.000Z,0
401441941,2022,2022-09-10T16:00:00.000Z,0
401441942,2022,2022-09-17T16:00:00.000Z,0
401441943,2022,2022-10-01T17:00:00.000Z,0
401441944,2022,2022-10-15T17:00:00.000Z,0
401441945,2022,2022-09-03T17:00:00.000Z,0
401441946,2022,2022-09-10T17:00:00.000Z,0
401441947,2022,2022-09-17T17:00:00.000Z,0
401441948,2022,2022-10-22T16:00:00.000Z,0
401441949,2022,2022-11-05T17:00:00.000Z,0
401441950,2022,2022-11-12T17:00:00.000Z,0
401441952,2022,2022-09-10T17:00:00.000Z,0
401441953,2022,2022-09-16T23:00:00.000Z,0
401441954,2022,2022-09-24T18:00:00.000Z,0
401441955,2022,2022-10-22T18:00:00.000Z,0
401441956,2022,2022-10-29T16:00:00.000Z,0
401441957,2022,2022-11-05T16:00:00.000Z,0
401441990,2022,2022-09-01T23:00:00.000Z,0
401441991,2022,2022-09-24T17:00:00.000Z,0
401441992,2022,2022-11-12T18:00:00.000Z,0
401441993,2022,2022-12-16T16:30:00.000Z,0
401441994,2022,2022-12-16T20:00:00.000Z,0
401441995,2022,2022-12-17T16:00:00.000Z,0
401441996,2022,2022-12-17T17:00:00.000Z,0
401441997,2022,2022-12-18T00:30:00.000Z,0
401441998,2022,2022-12-27T17:00:00.000Z,0
401441999,2022,2022-12-17T19:30:00.000Z,0
401442000,2022,2022-12-27T20:15:00.000Z,0
401442001,2022,2022-12-18T02:15:00.000Z,0
401442002,2022,2022-12-27T23:45:00.000Z,0
401442003,2022,2022-12-19T19:30:00.000Z,0
401442004,2022,2022-12-20T20:30:00.000Z,0
401442005,2022,2022-12-28T03:15:00.000Z,0
401442006,2022,2022-12-21T00:30:00.000Z,0
401442007,2022,2022-12-23T23:30:00.000Z,0
401442008,2022,2022-12-28T19:00:00.000Z,0
401442009,2022,2022-12-25T01:00:00.000Z,0
401442010,2022,2023-01-10T00:30:00.000Z,0
401442011,2022,2023-01-02T17:00:00.000Z,0
401442012,2022,2023-01-02T18:00:00.000Z,0
401442013,2022,2023-01-02T18:00:00.000Z,0
401442014,2022,2023-01-02T22:00:00.000Z,0
401442015,2022,2023-01-01T01:00:00.000Z,0
401442016,2022,2022-12-31T21:00:00.000Z,0
401442017,2022,2022-12-31T17:00:00.000Z,0
401442018,2022,2022-12-31T17:00:00.000Z,0
401442019,2022,2022-12-31T01:00:00.000Z,0
401442030,2022,2022-12-28T22:30:00.000Z,0
401442031,2022,2022-12-29T02:00:00.000Z,0
401442032,2022,2022-12-29T19:00:00.000Z,0
401442033,2022,2022-12-29T22:30:00.000Z,0
401442034,2022,2022-12-30T02:00:00.000Z,0
401442035,2022,2022-12-30T17:00:00.000Z,0
401442036,2022,2022-12-30T20:30:00.000Z,0
401442037,2022,2022-12-26T19:30:00.000Z,0
401442038,2022,2022-12-17T20:30:00.000Z,0
401442039,2022,2022-12-22T02:00:00.000Z,0
401442040,2022,2022-12-23T00:30:00.000Z,0
401442041,2022,2022-12-17T22:45:00.000Z,0
401442042,2022,2022-12-23T20:00:00.000Z,0
401442043,2022,2022-09-10T17:00:00.000Z,0
401442044,2022,2022-10-01T16:00:00.000Z,0
401442045,2022,2022-10-15T17:00:00.000Z,0
401442046,2022,2022-11-05T17:00:00.000Z,0
401443110,2022,2022-09-10T17:00:00.000Z,0
401443111,2022,2022-09-17T16:00:00.000Z,0
401443112,2022,2022-09-24T17:00:00.000Z,0
401443113,2022,2022-10-01T17:00:00.000Z,0
401443114,2022,2022-10-22T16:00:00.000Z,0
401443117,2022,2022-09-17T16:00:00.000Z,0
401443118,2022,2022-09-24T17:00:00.000Z,0
401443119,2022,2022-10-15T16:00:00.000Z,0
401443120,2022,2022-11-05T16:00:00.000Z,0
401443124,2022,2022-09-17T17:00:00.000Z,0
401443323,2022,2022-11-12T17:00:00.000Z,0
401443324,2022,2022-09-03T17:00:00.000Z,0
401443325,2022,2022-10-01T20:30:00.000Z,0
401443542,2022,2022-12-30T19:00:00.000Z,0
401443543,2022,2022-12-30T21:30:00.000Z,0
401444110,2022,2022-09-24T23:00:00.000Z,0
401444111,2022,2022-10-01T19:00:00.000Z,0
401444112,2022,2022-10-27T23:00:00.000Z,0
401444113,2022,2022-09-16T23:00:00.000Z,0
401444114,2022,2022-10-01T16:00:00.000Z,0
401444115,2022,2022-10-08T17:00:00.000Z,0
401444116,2022,2022-10-22T18:00:00.000Z,0
401444117,2022,2022-10-29T16:00:00.000Z,0
401444118,2022,2022-11-05T17:00:00.000Z,0
401444119,2022,2022-10-22T16:00:00.000Z,0
401444120,2022,2022-09-17T16:00:00.000Z,0
401444121,2022,2022-10-01T16:00:00.000Z,0
401444122,2022,2022-10-08T16:00:00.000Z,0
401444123,2022,2022-10-22T17:00:00.000Z,0
401444124,2022,2022-11-12T17:00:00.000Z,0
401444125,2022,2022-10-08T18:00:00.000Z,0
401444450,2022,2022-09-17T17:00:00.000Z,0
401444470,2022,2022-09-03T22:00:00.000Z,0
401444590,2022,2022-10-22T17:30:00.000Z,0
401444591,2022,2022-09-17T16:00:00.000Z,0
401444592,2022,2022-09-24T21:00:00.000Z,0
401444593,2022,2022-10-08T16:00:00.000Z,0
401444594,2022,2022-11-05T16:00:00.000Z,0
401444596,2022,2022-09-17T18:00:00.000Z,0
401444597,2022,2022-09-24T17:00:00.000Z,0
401444598,2022,2022-10-08T17:00:00.000Z,0
401444599,2022,2022-10-15T17:00:00.000Z,0
401444601,2022,2022-10-22T17:00:00.000Z,0
401444602,2022,2022-11-05T17:00:00.000Z,0
401444603,2022,2022-11-12T17:00:00.000Z,0
401444874,2022,2022-09-10T23:00:00.000Z,0
401445123,2022,2022-09-10T17:00:00.000Z,0
401445124,2022,2022-10-01T17:00:00.000Z,0
401445126,2022,2022-11-05T17:00:00.000Z,0
401445128,2022,2022-09-03T17:00:00.000Z,0
401445129,2022,2022-09-16T23:00:00.000Z,0
401445170,2022,2022-09-24T16:00:00.000Z,0
401445171,2022,2022-11-12T18:00:00.000Z,0
401445173,2022,2022-09-17T17:00:00.000Z,0
401445174,2022,2022-11-12T18:00:00.000Z,0
401445213,2022,2022-09-17T16:00:00.000Z,0
401445214,2022,2022-09-24T17:00:00.000Z,0
401445215,2022,2022-10-01T17:00:00.000Z,0
401445216,2022,2022-10-08T22:30:00.000Z,0
401445217,2022,2022-10-15T21:30:00.000Z,0
401445218,2022,2022-11-12T22:30:00.000Z,0
401445220,2022,2022-09-17T17:00:00.000Z,0
401445231,2022,2022-11-05T17:00:00.000Z,0
401445232,2022,2022-11-05T16:00:00.000Z,0
401445766,2022,2022-09-03T16:00:00.000Z,0
401445767,2022,2022-09-24T16:00:00.000Z,0
401445768,2022,2022-11-12T18:00:00.000Z,0
401445793,2022,2022-09-03T17:00:00.000Z,0
401445794,2022,2022-09-10T19:00:00.000Z,0
401445795,2022,2022-10-08T17:00:00.000Z,0
401445796,2022,2022-10-15T19:00:00.000Z,0
401445797,2022,2022-10-29T18:00:00.000Z,0
401445799,2022,2022-10-01T17:00:00.000Z,0
401445800,2022,2022-10-08T16:00:00.000Z,0
401445801,2022,2022-09-10T16:00:00.000Z,0
401445802,2022,2022-09-24T17:00:00.000Z,0
401445803,2022,2022-10-01T23:00:00.000Z,0
401445804,2022,2022-10-22T17:00:00.000Z,0
401445805,2022,2022-10-29T17:00:00.000Z,0
401445806,2022,2022-11-12T17:00:00.000Z,0
401445807,2022,2022-09-17T17:00:00.000Z,0
401445808,2022,2022-10-22T16:00:00.000Z,0
401445809,2022,2022-10-29T17:00:00.000Z,0
401445810,2022,2022-11-05T17:00:00.000Z,0
401445811,2022,2022-09-03T20:00:00.000Z,0
401445812,2022,2022-10-22T20:00:00.000Z,0
401445816,2022,2022-09-10T16:00:00.000Z,0
401445817,2022,2023-01-08T19:00:00.000Z,0
401445818,2022,2022-09-03T18:00:00.000Z,0
401445923,2022,2022-09-24T16:00:00.000Z,0
401445924,2022,2022-11-12T18:00:00.000Z,0
401446230,2022,2022-10-15T16:00:00.000Z,0
401446231,2022,2022-09-08T23:00:00.000Z,0
401446232,2022,2022-10-20T23:00:00.000Z,0
401446233,2022,2022-09-17T17:00:00.000Z,0
401446234,2022,2022-10-14T22:00:00.000Z,0
401446235,2022,2022-10-29T17:00:00.000Z,0
401446236,2022,2022-11-12T18:00:00.000Z,0
401450137,2022,2022-09-17T19:00:00.000Z,0
401450138,2022,2022-10-08T19:00:00.000Z,0
401450139,2022,2022-09-02T23:00:00.000Z,0
401450142,2022,2022-10-14T23:00:00.000Z,0
401450143,2022,2022-10-29T17:00:00.000Z,0
401450144,2022,2022-11-05T16:00:00.000Z,0
401450146,2022,2022-09-03T16:00:00.000Z,0
401450147,2022,2022-10-01T16:00:00.000Z,0
401450148,2022,2022-10-22T16:00:00.000Z,0
401450149,2022,2022-10-08T18:00:00.000Z,0
401450190,2022,2022-11-05T16:30:00.000Z,0
401450191,2022,2022-11-12T17:30:00.000Z,0
401450192,2022,2022-09-02T22:00:00.000Z,0
401450193,2022,2022-09-17T16:00:00.000Z,0
401450194,2022,2022-10-08T17:00:00.000Z,0
401450195,2022,2022-10-22T17:00:00.000Z,0
401450196,2022,2022-11-05T17:00:00.000Z,0
401450198,2022,2022-09-17T16:00:00.000Z,0
401450199,2022,2022-10-29T17:00:00.000Z,0
401450200,2022,2022-11-12T00:00:00.000Z,0
401455574,2022,2022-10-22T16:00:00.000Z,0
401455575,2022,2022-09-10T20:00:00.000Z,0
401455576,2022,2022-09-16T22:00:00.000Z,0
401455577,2022,2022-09-23T22:00:00.000Z,0
401455578,2022,2022-10-15T17:00:00.000Z,0
401455579,2022,2022-11-05T16:00:00.000Z,0
401455580,2022,2022-11-12T17:00:00.000Z,0
401455581,2022,2022-09-01T23:00:00.000Z,0
401455582,2022,2022-09-24T17:00:00.000Z,0
401455583,2022,2022-09-03T22:00:00.000Z,0
401455584,2022,2022-09-17T17:00:00.000Z,0
401455585,2022,2022-10-01T17:30:00.000Z,0
401455586,2022,2022-10-15T17:30:00.000Z,0
401455587,2022,2022-10-01T17:00:00.000Z,0
401455633,2022,2022-10-14T23:00:00.000Z,0
401455634,2022,2022-09-24T16:00:00.000Z,0
401455635,2022,2022-10-01T16:00:00.000Z,0
401455636,2022,2022-10-15T17:00:00.000Z,0
401455637,2022,2022-10-15T17:00:00.000Z,0
401455638,2022,2022-10-22T17:00:00.000Z,0
401456157,2022,2022-10-29T16:00:00.000Z,0
401456158,2022,2022-11-05T16:00:00.000Z,0
401456159,2022,2022-11-12T17:00:00.000Z,0
401456160,2022,2022-10-29T17:00:00.000Z,0
401456234,2022,2022-09-10T17:00:00.000Z,0
401456475,2022,2022-09-10T16:00:00.000Z,0
401456806,2022,2022-10-14T23:00:00.000Z,0
401456809,2022,2022-10-22T16:00:00.000Z,0
401459907,2022,2022-09-03T17:00:00.000Z,0
401459908,2022,2022-09-24T17:00:00.000Z,0
401459909,2022,2022-10-15T16:00:00.000Z,0
401460110,2022,2022-10-29T18:00:00.000Z,0
401460111,2022,2022-09-10T17:00:00.000Z,0
401460112,2022,2022-10-15T16:00:00.000Z,0
401460113,2022,2022-09-10T17:00:00.000Z,0
401460114,2022,2022-09-24T16:00:00.000Z,0
401460498,2022,2022-10-01T21:00:00.000Z,0
401460706,2022,2022-10-15T18:00:00.000Z,0
401461021,2022,2022-11-12T18:00:00.000Z,0
401461253,2022,2022-11-05T16:00:00.000Z,0
401461254,2022,2022-09-25T02:00:00.000Z,0
401461255,2022,2022-10-09T02:00:00.000Z,0
401461256,2022,2022-11-12T21:00:00.000Z,0
401461978,2022,2022-10-02T02:00:00.000Z,0
401461979,2022,2022-09-17T18:00:00.000Z,0
401462216,2022,2022-10-01T20:00:00.000Z,0
401462217,2022,2022-10-01T23:00:00.000Z,0
401462218,2022,2022-10-01T20:30:00.000Z,0
401462219,2022,2022-10-08T23:00:00.000Z,0
401462220,2022,2022-10-08T21:00:00.000Z,0
401462221,2022,2022-10-15T23:00:00.000Z,0
401462222,2022,2022-10-16T00:00:00.000Z,0
401462223,2022,2022-10-22T19:00:00.000Z,0
401462224,2022,2022-10-22T20:00:00.000Z,0
401462225,2022,2022-10-30T00:00:00.000Z,0
401462226,2022,2022-11-05T19:00:00.000Z,0
401462227,2022,2022-11-05T19:00:00.000Z,0
401462228,2022,2022-11-05T20:00:00.000Z,0
401462229,2022,2022-11-12T20:00:00.000Z,0
401462513,2022,2022-09-24T20:30:00.000Z,0
401462517,2022,2022-10-08T23:00:00.000Z,0
401462518,2022,2022-10-30T00:00:00.000Z,0
401462519,2022,2022-11-06T00:00:00.000Z,0
401462520,2022,2022-11-12T20:00:00.000Z,0
401462530,2022,2022-11-12T21:00:00.000Z,0
401462531,2022,2022-11-12T22:00:00.000Z,0
401462532,2022,2022-11-18T00:00:00.000Z,0
401466246,2022,2022-09-03T23:00:00.000Z,0
401467155,2022,2022-10-22T19:00:00.000Z,0
401470891,2022,2022-12-29T01:00:00.000Z,0
401473448,2022,2022-11-06T00:00:00.000Z,0
401473449,2022,2022-11-12T20:00:00.000Z,0
401473814,2022,2022-10-23T00:00:00.000Z,0
401479976,2022,2022-09-03T17:00:00.000Z,0
401491900,2022,2022-11-12T19:00:00.000Z,0
401503090,2022,2022-11-12T17:30:00.000Z,0
401503091,2022,2022-11-12T20:00:00.000Z,0
401503092,2022,2022-11-12T20:00:00.000Z,0
401503093,2022,2022-11-12T20:00:00.000Z,0
401504173,2022,2022-11-19T18:00:00.000Z,0
401504174,2022,2022-11-19T17:00:00.000Z,0
401504175,2022,2022-11-19T17:00:00.000Z,0
401504176,2022,2022-11-19T19:00:00.000Z,0
401504177,2022,2022-11-19T18:00:00.000Z,0
401504178,2022,2022-11-19T19:00:00.000Z,0
401504179,2022,2022-11-19T18:00:00.000Z,0
401504180,2022,2022-11-19T19:00:00.000Z,0
401504181,2022,2022-11-19T18:00:00.000Z,0
401504182,2022,2022-11-19T19:00:00.000Z,0
401504183,2022,2022-11-19T19:00:00.000Z,0
401504184,2022,2022-11-19T18:00:00.000Z,0
401504185,2022,2022-11-19T18:00:00.000Z,0
401504186,2022,2022-11-19T18:00:00.000Z,0
401504187,2022,2022-11-19T17:00:00.000Z,0
401504188,2022,2022-11-19T18:00:00.000Z,0
401504189,2022,2022-11-19T18:00:00.000Z,0
401504190,2022,2022-11-19T17:00:00.000Z,0
401504191,2022,2022-11-19T17:00:00.000Z,0
401504192,2022,2022-11-19T17:00:00.000Z,0
401504193,2022,2022-11-19T17:00:00.000Z,0
401504194,2022,2022-11-19T17:00:00.000Z,0
401504195,2022,2022-11-19T17:00:00.000Z,0
401504196,2022,2022-11-19T17:00:00.000Z,0
401504197,2022,2022-11-19T18:00:00.000Z,0
401504198,2022,2022-11-19T18:00:00.000Z,0
401504199,2022,2022-11-19T18:00:00.000Z,0
401504200,2022,2022-11-19T20:00:00.000Z,0
401505350,2022,2022-11-26T17:00:00.000Z,0
401505351,2022,2022-11-26T18:00:00.000Z,0
401505352,2022,2022-11-26T17:00:00.000Z,0
401505353,2022,2022-11-26T18:00:00.000Z,0
401505354,2022,2022-11-26T18:00:00.000Z,0
401505355,2022,2022-11-26T17:00:00.000Z,0
401505356,2022,2022-11-26T17:00:00.000Z,0
401505357,2022,2022-11-26T17:00:00.000Z,0
401505358,2022,2022-11-26T17:00:00.000Z,0
401505359,2022,2022-11-26T18:00:00.000Z,0
401505360,2022,2022-11-26T18:00:00.000Z,0
401505361,2022,2022-11-26T18:00:00.000Z,0
401505362,2022,2022-11-26T19:00:00.000Z,0
401505363,2022,2022-11-26T19:30:00.000Z,0
401505364,2022,2022-11-26T19:00:00.000Z,0
401505390,2022,2022-11-26T20:00:00.000Z,0
401505430,2022,2022-11-26T19:00:00.000Z,0
401505431,2022,2022-11-26T19:00:00.000Z,0
401505432,2022,2022-11-26T22:00:00.000Z,0
401505433,2022,2022-11-26T21:00:00.000Z,0
401505434,2022,2022-11-27T03:00:00.000Z,0
401505435,2022,2022-11-27T00:00:00.000Z,0
401505436,2022,2022-11-26T17:00:00.000Z,0
401505437,2022,2022-11-26T19:00:00.000Z,0
401506450,2022,2022-12-02T18:00:00.000Z,0
401506571,2022,2022-12-03T19:00:00.000Z,0
401506572,2022,2022-12-03T18:00:00.000Z,0
401506573,2022,2022-12-03T18:00:00.000Z,0
401506574,2022,2022-12-03T18:00:00.000Z,0
401506575,2022,2022-12-03T18:00:00.000Z,0
401506576,2022,2022-12-03T17:00:00.000Z,0
401506577,2022,2022-12-03T22:00:00.000Z,0
401506578,2022,2022-12-03T20:00:00.000Z,0
401506579,2022,2022-12-03T19:00:00.000Z,0
401506610,2022,2022-12-03T17:00:00.000Z,0
401506611,2022,2022-12-03T20:00:00.000Z,0
401506612,2022,2022-12-03T18:00:00.000Z,0
401506613,2022,2022-12-03T18:00:00.000Z,0
401506630,2022,2022-12-03T19:00:00.000Z,0
401506655,2022,2022-12-03T20:00:00.000Z,0
401506690,2022,2022-12-03T20:30:00.000Z,0
401507088,2022,2022-12-03T20:00:00.000Z,0
401507552,2022,2022-12-10T17:00:00.000Z,0
401507553,2022,2022-12-10T20:30:00.000Z,0
401507610,2022,2022-12-10T17:00:00.000Z,0
401507611,2022,2022-12-10T20:30:00.000Z,0
401507650,2022,2022-12-10T00:00:00.000Z,0
401507651,2022,2022-12-10T17:00:00.000Z,0
401507652,2022,2022-12-10T03:30:00.000Z,0
401507670,2022,2022-12-10T03:15:00.000Z,0
401508850,2022,2022-12-17T00:00:00.000Z,0
401508851,2022,2022-12-17T21:00:00.000Z,0
401508870,2022,2022-12-17T18:00:00.000Z,0
401508871,2022,2022-12-17T00:00:00.000Z,0
